pid,fatigue,mood,readiness,sleep_duration_h,sleep_quality,soreness,stress,ts_local,date_cal,hour,night_report,date,readiness_zero,n_reports_day,rank_in_day,weekday,n_surveys_total,wear_min_dm1,wear_day_dm1,sedentary_raw_dm1,has_sleep,sleep_after_survey,sleep_h_lag1,sleep_h_avg3,sleep_eff_lag1,sleep_eff_avg3,bedtime_h_lag1,bedtime_h_avg3,wake_h_lag1,wake_h_avg3,time_in_bed_h_lag1,time_in_bed_h_avg3,rhr_night_lag1,rhr_night_avg3,steps_lag1,steps_avg3,distance_km_lag1,distance_km_avg3,calories_lag1,calories_avg3,lightly_lag1,lightly_avg3,moderately_lag1,moderately_avg3,very_lag1,very_avg3,mvpa_lag1,mvpa_avg3,active_total_lag1,active_total_avg3,sedentary_lag1,sedentary_avg3,rhr_day_lag1,rhr_day_avg3,srpe_load_lag1,srpe_load_avg3,ex_min_lag1,ex_min_avg3,ex_min_nonwalk_lag1,ex_min_nonwalk_avg3,nonwear_dm1,comp,label,steps_dev28_lag1,mvpa_dev28_lag1,sleep_h_dev28_lag1,weekend_dm1,weekday_clean,post,t
p01,2.0,3.0,5,6.0,3.0,2.0,3.0,2019-11-01 09:31:40.751,2019-11-01,9.516666666666667,False,2019-11-01,False,1,0,4,138,,0.0,,False,False,,,,,,,,,,,,,,,,,,,,,,,,,,,,,,,,,,,,,,,True,-0.8834363493392416,bad,,,,False,True,False,0
p01,2.0,3.0,6,6.0,3.0,2.0,3.0,2019-11-02 11:00:01.229,2019-11-02,11.0,False,2019-11-02,False,1,0,5,138,1421.0,1068.0,636.0,True,False,6.3,,97.0,,6.158333333333333,,7.325,,7.166666666666667,,53.0,,17873.0,,14.424,,4009.1,,245.0,,58.0,,72.0,,130.0,,375.0,,636.0,,53.74107360839844,,,,58.88333333333334,,,,False,-0.8834363493392416,bad,,,,False,False,False,1
p01,3.0,3.0,8,6.0,3.0,3.0,3.0,2019-11-03 15:28:03.263,2019-11-03,15.466666666666669,False,2019-11-03,False,1,0,6,138,1393.0,1035.0,709.0,True,False,6.3,6.3,96.0,96.5,6.533333333333333,6.345833333333333,7.575,7.45,7.033333333333333,7.1,52.0,52.5,13118.0,15495.5,10.5848,12.5044,3533.56,3771.33,202.0,223.5,43.0,50.5,56.0,64.0,99.0,114.5,301.0,338.0,709.0,672.5,52.88149738311768,53.31128549575806,,,40.96666666666667,49.925,,,False,0.0,neutral,,,,True,False,False,2
p01,3.0,3.0,8,6.0,3.0,3.0,3.0,2019-11-04 08:05:28.429,2019-11-04,8.083333333333334,False,2019-11-04,False,1,0,0,138,1368.0,1009.0,648.0,True,False,6.016666666666667,6.205555555555556,96.0,96.33333333333331,5.925,6.205555555555556,6.583333333333333,7.161111111111111,6.65,6.95,53.0,52.66666666666666,14312.0,15101.0,11.46085,12.15655,3748.73,3763.7966666666666,262.0,236.33333333333331,63.0,54.66666666666666,45.0,57.66666666666666,108.0,112.33333333333331,370.0,348.6666666666667,648.0,664.3333333333334,53.22202396392822,53.28153165181478,,,0.0,33.28333333333334,,,False,0.0,neutral,,,,True,False,False,3
p01,3.0,3.0,8,5.0,3.0,3.0,3.0,2019-11-05 07:13:35.998,2019-11-05,7.216666666666667,False,2019-11-05,False,1,0,1,138,1414.0,1057.0,760.0,True,False,5.433333333333334,5.916666666666667,99.0,97.0,6.375,6.277777777777779,6.416666666666667,6.858333333333333,6.033333333333333,6.572222222222223,54.0,53.0,10970.0,12800.0,8.8597,10.301783333333336,3353.38,3545.2233333333334,230.0,231.33333333333331,23.0,43.0,28.0,43.0,51.0,86.0,281.0,317.3333333333333,760.0,705.6666666666666,54.31114101409912,53.47155412038168,,,17.066666666666666,19.344444444444445,,,False,0.0,neutral,,,,False,True,False,4
p01,3.0,3.0,5,5.0,3.0,2.0,3.0,2019-11-06 08:13:02.320,2019-11-06,8.216666666666667,False,2019-11-06,False,1,0,2,138,1412.0,1059.0,737.0,True,False,5.683333333333334,5.711111111111111,99.0,98.0,6.425,6.241666666666667,6.491666666666666,6.497222222222223,6.066666666666666,6.25,52.0,53.0,16186.0,13822.666666666666,13.7147,11.345083333333337,3794.63,3632.2466666666655,263.0,251.66666666666663,22.0,36.0,56.0,43.0,78.0,79.0,341.0,330.6666666666667,737.0,715.0,52.25911045074463,53.26409180959066,210.0,,40.55,19.205555555555552,24.33333333333333,,False,0.0,neutral,,,,False,True,False,5
p01,3.0,3.0,7,5.0,3.0,3.0,3.0,2019-11-07 07:39:25.426,2019-11-07,7.65,False,2019-11-07,False,1,0,3,138,1423.0,1070.0,849.0,True,False,5.2,5.438888888888889,97.0,98.33333333333331,5.758333333333334,6.186111111111111,5.866666666666666,6.258333333333333,6.1,6.066666666666666,54.0,53.333333333333336,8189.0,11781.666666666666,6.5216,9.698666666666666,3192.41,3446.806666666667,206.0,233.0,10.0,18.33333333333333,11.0,31.666666666666668,21.0,50.0,227.0,283.0,849.0,782.0,54.2031888961792,53.59114678700765,0.0,105.0,0.0,19.205555555555552,0.0,12.166666666666666,False,0.0,neutral,,,,False,True,False,6
p01,3.0,3.0,7,6.0,3.0,3.0,3.0,2019-11-08 10:05:09.558,2019-11-08,10.083333333333334,False,2019-11-08,False,1,0,4,138,1426.0,1070.0,866.0,True,False,6.0,5.627777777777777,100.0,98.66666666666669,5.808333333333334,5.997222222222223,6.35,6.236111111111111,6.533333333333333,6.233333333333333,53.0,53.0,8710.0,11028.333333333334,7.0482000000000005,9.094833333333334,3143.87,3376.97,182.0,217.0,11.0,14.333333333333334,15.0,27.33333333333333,26.0,41.66666666666666,208.0,258.6666666666667,866.0,817.3333333333334,53.09000301361084,53.18410078684489,0.0,70.0,0.0,13.516666666666666,0.0,8.11111111111111,False,0.0,neutral,,,,False,True,False,7
p01,3.0,3.0,8,6.0,3.0,3.0,3.0,2019-11-09 09:00:27.364,2019-11-09,9.0,False,2019-11-09,False,1,0,5,138,1344.0,997.0,744.0,True,False,5.733333333333333,5.644444444444445,99.0,98.66666666666669,6.525,6.030555555555556,7.041666666666667,6.419444444444444,6.516666666666667,6.383333333333333,53.0,53.333333333333336,12888.0,9929.0,10.36901,7.979603333333333,3640.23,3325.5033333333336,212.0,200.0,38.0,19.666666666666668,54.0,26.666666666666668,92.0,46.333333333333336,304.0,246.33333333333331,744.0,819.6666666666666,53.342061042785645,53.54508431752523,0.0,0.0,30.73333333333333,10.244444444444444,0.0,0.0,False,0.0,neutral,,,,False,False,False,8
p01,3.0,3.0,7,6.0,3.0,3.0,3.0,2019-11-10 21:38:08.787,2019-11-10,21.633333333333333,False,2019-11-10,False,1,0,6,138,1419.0,1059.0,653.0,True,False,6.366666666666666,6.033333333333334,99.0,99.33333333333331,6.258333333333334,6.197222222222223,7.3,6.897222222222222,7.033333333333333,6.6944444444444455,53.0,53.0,16450.0,12682.666666666666,13.287110000000002,10.234773333333337,3912.61,3565.57,305.0,233.0,31.0,26.666666666666668,60.0,43.0,91.0,69.66666666666667,396.0,302.6666666666667,653.0,754.3333333333334,53.04067897796631,53.15758101145426,0.0,0.0,52.05,27.594444444444445,0.0,0.0,False,0.0,neutral,,,,True,False,False,9
p01,2.0,3.0,4,6.0,3.0,2.0,3.0,2019-11-12 08:33:27.703,2019-11-12,8.55,False,2019-11-12,False,1,0,1,138,1407.0,1054.0,811.0,True,False,6.3,5.988888888888888,98.0,98.0,5.316666666666666,5.908333333333334,6.366666666666666,6.583333333333333,7.05,6.672222222222222,52.0,52.333333333333336,12519.0,15604.0,10.82464,12.82611666666667,3614.06,3846.933333333334,220.0,262.6666666666667,13.0,26.0,40.0,64.0,53.0,90.0,273.0,352.6666666666667,811.0,697.6666666666666,52.51010799407959,52.65713628133138,180.0,60.0,21.0,40.27777777777778,21.0,7.0,False,-0.8834363493392416,bad,,,,False,True,False,11
p01,3.0,3.0,7,5.0,3.0,3.0,2.0,2019-11-13 10:46:33.438,2019-11-13,10.766666666666667,False,2019-11-13,False,1,0,2,138,1365.0,1016.0,744.0,True,False,5.333333333333333,5.644444444444445,97.0,97.33333333333331,6.466666666666667,5.977777777777778,6.483333333333333,6.311111111111111,6.016666666666667,6.333333333333333,52.0,52.0,10392.0,13584.666666666666,8.391760000000001,11.194333333333333,3386.19,3671.460000000001,221.0,234.66666666666663,16.0,21.0,36.0,56.0,52.0,77.0,273.0,311.6666666666667,744.0,728.0,52.115116119384766,52.34861532847086,0.0,60.0,15.366666666666667,28.05,0.0,7.0,False,-1.445623117100577,bad,,,,False,True,False,12
p01,3.0,2.0,7,5.0,3.0,3.0,2.0,2019-11-14 07:14:23.179,2019-11-14,7.233333333333333,False,2019-11-14,False,1,0,3,138,1320.0,970.0,825.0,True,False,5.416666666666667,5.683333333333334,99.0,98.0,6.366666666666666,6.05,6.491666666666666,6.447222222222222,6.116666666666666,6.394444444444445,51.0,51.66666666666666,11185.0,11365.333333333334,9.02057,9.412323333333337,3312.92,3437.7233333333334,197.0,212.66666666666663,24.0,17.666666666666668,33.0,36.333333333333336,57.0,54.0,254.0,266.6666666666667,825.0,793.3333333333334,51.88932704925537,52.17151705423991,0.0,60.0,0.0,12.122222222222222,0.0,7.0,False,-3.1424687163457508,bad,,,,False,True,False,13
p01,2.0,3.0,5,6.0,3.0,2.0,3.0,2019-11-15 06:38:25.987,2019-11-15,6.633333333333333,False,2019-11-15,False,1,0,4,138,1394.0,1046.0,691.0,True,False,5.7,5.483333333333333,95.0,97.0,6.233333333333333,6.355555555555555,6.65,6.541666666666667,6.416666666666667,6.183333333333334,51.0,51.333333333333336,19220.0,13599.0,15.47223,10.961520000000002,4556.27,3751.793333333333,208.0,208.66666666666663,53.0,31.0,121.0,63.333333333333336,174.0,94.33333333333331,382.0,303.0,691.0,753.3333333333334,51.93328094482422,51.97924137115479,420.0,140.0,110.95,42.105555555555554,52.91666666666666,17.63888888888889,False,-0.8834363493392416,bad,,,,False,True,False,14
p01,2.0,3.0,6,5.0,2.0,2.0,3.0,2019-11-16 07:36:43.630,2019-11-16,7.6,False,2019-11-16,False,1,0,5,138,1381.0,1035.0,660.0,True,False,5.283333333333333,5.466666666666668,93.0,95.66666666666669,6.791666666666667,6.463888888888889,6.783333333333333,6.641666666666667,5.983333333333333,6.172222222222222,51.0,51.0,18259.0,16221.333333333334,15.022100000000002,13.171633333333334,4156.06,4008.416666666666,265.0,223.33333333333331,45.0,40.66666666666666,85.0,79.66666666666667,130.0,120.33333333333331,395.0,343.6666666666667,660.0,725.3333333333334,51.8710298538208,51.89787928263346,0.0,140.0,81.91666666666666,64.28888888888888,0.0,17.63888888888889,False,-0.8834363493392416,bad,5256.0,45.5,-0.43333333333333357,False,False,False,15
p01,3.0,4.0,6,5.0,4.0,2.0,3.0,2019-11-17 06:54:30.271,2019-11-17,6.9,False,2019-11-17,False,1,0,6,138,1279.0,922.0,668.0,True,False,5.616666666666666,5.533333333333332,96.0,94.66666666666669,6.5,6.508333333333334,6.791666666666667,6.741666666666667,6.283333333333333,6.227777777777778,51.0,51.0,15305.0,17594.666666666668,12.36028,14.284870000000003,4010.37,4240.9,302.0,258.3333333333333,47.0,48.333333333333336,64.0,90.0,111.0,138.33333333333334,413.0,396.6666666666667,668.0,673.0,51.38984966278076,51.73138682047526,0.0,140.0,50.33333333333333,81.06666666666666,18.766666666666666,23.89444444444445,False,1.6968455992451739,good,2187.0,20.0,-0.08333333333333393,True,False,False,16
p01,2.0,3.0,8,5.0,2.0,2.0,2.0,2019-11-18 09:29:37.604,2019-11-18,9.483333333333333,False,2019-11-18,False,1,0,0,138,1388.0,1032.0,752.0,True,False,5.5,5.466666666666666,98.0,95.66666666666669,6.391666666666667,6.561111111111111,6.6,6.724999999999999,6.2,6.155555555555556,51.0,51.0,11916.0,15160.0,9.6024,12.32826,3479.9,3882.11,248.0,271.6666666666667,28.0,40.0,35.0,61.333333333333336,63.0,101.33333333333331,311.0,373.0,752.0,693.3333333333334,51.4826250076294,51.58116817474365,0.0,0.0,36.7,56.31666666666666,0.0,6.255555555555556,False,-2.3290594664398183,bad,-1799.0,-28.5,-0.19166666666666643,True,False,False,17
p01,2.0,3.0,5,5.0,2.0,2.0,3.0,2019-11-19 07:31:46.844,2019-11-19,7.516666666666667,False,2019-11-19,False,1,0,1,138,1412.0,1066.0,878.0,True,False,5.3,5.472222222222222,96.0,96.66666666666669,6.283333333333333,6.391666666666667,6.308333333333334,6.566666666666666,6.016666666666667,6.166666666666667,50.0,50.66666666666666,8241.0,11820.666666666666,7.0681400000000005,9.676940000000002,3394.79,3628.353333333334,131.0,227.0,4.0,26.33333333333333,55.0,51.333333333333336,59.0,77.66666666666667,190.0,304.6666666666667,878.0,766.0,50.782002449035645,51.21815903981527,300.0,100.0,52.5,46.51111111111111,52.5,23.75555555555556,False,-0.8834363493392416,bad,-4877.0,-32.0,-0.38333333333333375,False,True,False,18
p01,2.0,3.0,7,6.0,3.0,3.0,2.0,2019-11-20 19:49:30.613,2019-11-20,19.816666666666663,False,2019-11-20,False,1,0,2,138,1346.0,1024.0,903.0,True,False,6.383333333333334,5.727777777777778,97.0,97.0,5.466666666666667,6.047222222222222,6.508333333333334,6.472222222222221,7.033333333333333,6.416666666666667,53.0,51.333333333333336,7134.0,9097.0,5.71773,7.462756666666667,3002.13,3292.273333333333,145.0,174.66666666666666,6.0,12.666666666666666,25.0,38.333333333333336,31.0,51.0,176.0,225.66666666666663,903.0,844.3333333333334,53.02547550201416,51.763367652893066,0.0,100.0,16.216666666666665,35.13888888888889,0.0,17.5,False,-2.3290594664398183,bad,-5869.0,-53.5,0.7333333333333334,False,True,False,19
p01,3.0,3.0,7,5.0,3.0,3.0,3.0,2019-11-21 08:22:22.967,2019-11-21,8.366666666666667,False,2019-11-21,False,1,0,3,138,1405.0,1056.0,743.0,True,False,5.45,5.711111111111111,98.0,97.0,6.066666666666666,5.938888888888889,6.258333333333334,6.358333333333334,6.183333333333334,6.411111111111111,52.0,51.66666666666666,10116.0,8497.0,8.112,6.965956666666667,3380.94,3259.286666666667,200.0,158.66666666666666,37.0,15.666666666666666,38.0,39.333333333333336,75.0,55.0,275.0,213.66666666666663,743.0,841.3333333333334,52.97533321380615,52.26093705495199,0.0,100.0,0.0,22.905555555555555,0.0,17.5,False,0.0,neutral,-2772.0,-3.0,-0.2333333333333334,False,True,False,20
p01,2.0,3.0,4,5.0,3.0,2.0,3.0,2019-11-22 07:00:11.205,2019-11-22,7.0,False,2019-11-22,False,1,0,4,138,1406.0,1059.0,680.0,True,False,5.55,5.794444444444444,97.0,97.33333333333331,6.308333333333334,5.947222222222223,6.508333333333334,6.425000000000001,6.2,6.472222222222221,52.0,52.333333333333336,19747.0,12332.333333333334,15.8618,9.897176666666669,4533.03,3638.7,197.0,180.66666666666663,55.0,32.666666666666664,137.0,66.66666666666667,192.0,99.33333333333331,389.0,280.0,680.0,775.3333333333334,52.90737247467041,52.96939373016357,420.0,140.0,116.06666666666666,44.09444444444444,96.43333333333334,32.144444444444446,False,-0.8834363493392416,bad,7043.5,115.5,-0.10000000000000053,False,True,False,21
p01,3.0,3.0,8,5.0,3.0,2.0,3.0,2019-11-23 08:02:46.080,2019-11-23,8.033333333333333,False,2019-11-23,False,1,0,5,138,1371.0,1027.0,797.0,True,False,5.933333333333334,5.644444444444445,98.0,97.66666666666669,5.966666666666667,6.11388888888889,6.8,6.522222222222222,6.833333333333333,6.405555555555556,53.0,52.333333333333336,10938.0,13600.333333333334,8.78151,10.918436666666668,3372.09,3762.02,187.0,194.66666666666663,43.0,45.0,41.0,72.0,84.0,117.0,271.0,311.6666666666667,797.0,740.0,53.683420181274414,53.18870862325033,0.0,140.0,48.65,54.90555555555556,0.0,32.144444444444446,False,0.0,neutral,-1950.0,6.0,0.3166666666666673,False,False,False,22
p01,3.0,3.0,6,6.0,2.0,2.0,3.0,2019-11-24 14:53:28.722,2019-11-24,14.883333333333333,False,2019-11-24,False,1,0,6,138,1417.0,1058.0,639.0,True,False,7.016666666666667,6.166666666666667,95.0,96.66666666666669,6.758333333333334,6.344444444444445,8.891666666666667,7.399999999999999,8.133333333333333,7.0555555555555545,53.0,52.66666666666666,20704.0,17129.666666666668,17.492800000000003,14.04537,4451.29,4118.803333333333,226.0,203.33333333333331,44.0,47.333333333333336,121.0,99.66666666666669,165.0,147.0,391.0,350.3333333333333,639.0,705.3333333333334,53.23723602294922,53.27600955963135,240.0,220.0,120.58333333333334,95.1,30.116666666666667,42.18333333333334,False,0.0,neutral,8000.5,84.0,1.3666666666666663,True,False,False,23
p01,2.0,3.0,7,5.0,3.0,2.0,3.0,2019-11-25 08:04:27.705,2019-11-25,8.066666666666666,False,2019-11-25,False,1,0,0,138,1401.0,1045.0,565.0,True,False,5.533333333333333,6.161111111111111,98.0,97.0,6.525,6.416666666666667,6.65,7.447222222222223,6.116666666666666,7.027777777777778,53.0,53.0,16517.0,16053.0,13.39287,13.222393333333336,3930.07,3917.816666666667,263.0,225.33333333333331,27.0,38.0,97.0,86.33333333333333,124.0,124.33333333333331,387.0,349.6666666666667,565.0,667.0,52.98031997680664,53.30032539367676,0.0,80.0,82.78333333333333,84.00555555555556,0.0,10.03888888888889,False,-0.8834363493392416,bad,3629.0,40.0,-0.15000000000000036,True,False,False,24
p01,3.0,3.0,7,5.0,3.0,3.0,3.0,2019-11-26 09:05:18.429,2019-11-26,9.083333333333334,False,2019-11-26,False,1,0,1,138,1416.0,1068.0,767.0,True,False,5.3,5.949999999999999,98.0,97.0,5.816666666666666,6.366666666666667,6.008333333333334,7.183333333333335,6.183333333333334,6.811111111111111,52.0,52.66666666666666,12481.0,16567.333333333332,9.9278,13.60449,3488.55,3956.6366666666663,251.0,246.66666666666663,19.0,30.0,36.0,84.66666666666667,55.0,114.66666666666669,306.0,361.3333333333333,767.0,657.0,51.9393482208252,52.718968073527016,0.0,80.0,22.2,75.18888888888888,0.0,10.03888888888889,False,0.0,neutral,-522.0,-32.5,-0.35000000000000053,False,True,False,25
p01,2.0,3.0,5,5.0,3.0,2.0,3.0,2019-11-27 08:50:27.161,2019-11-27,8.833333333333334,False,2019-11-27,False,1,0,2,138,1254.0,895.0,750.0,True,False,6.083333333333333,5.638888888888888,97.0,97.66666666666669,5.575,5.972222222222221,6.416666666666667,6.358333333333334,6.833333333333333,6.377777777777777,51.0,52.0,16428.0,15142.0,14.23068,12.517116666666668,4021.36,3813.3266666666655,202.0,238.66666666666663,44.0,30.0,73.0,68.66666666666667,117.0,98.66666666666669,319.0,337.3333333333333,750.0,694.0,51.33994960784912,52.08653926849365,280.0,93.33333333333331,61.98333333333333,55.65555555555556,36.38333333333333,12.127777777777778,False,-0.8834363493392416,bad,3540.0,33.0,0.4666666666666668,False,True,False,26
p01,3.0,3.0,7,5.0,2.0,3.0,3.0,2019-11-28 07:45:55.836,2019-11-28,7.75,False,2019-11-28,False,1,0,3,138,1406.0,1059.0,769.0,True,False,5.683333333333334,5.688888888888889,94.0,96.33333333333331,5.958333333333333,5.783333333333334,6.475,6.3,6.516666666666667,6.51111111111111,51.0,51.333333333333336,10556.0,13155.0,8.52725,10.895243333333337,3238.26,3582.7233333333334,218.0,223.66666666666663,18.0,27.0,25.0,44.66666666666666,43.0,71.66666666666667,261.0,295.3333333333333,769.0,762.0,51.493072509765625,51.59079011281332,0.0,93.33333333333331,34.166666666666664,39.45,0.0,12.127777777777778,False,0.0,neutral,-2447.0,-44.5,0.033333333333333215,False,True,False,27
p01,2.0,3.0,4,5.0,2.0,2.0,3.0,2019-11-29 10:16:47.947,2019-11-29,10.266666666666667,False,2019-11-29,False,1,0,4,138,1407.0,1057.0,670.0,True,False,5.15,5.638888888888889,93.0,94.66666666666669,6.2,5.911111111111111,6.216666666666667,6.3694444444444445,6.016666666666667,6.455555555555556,49.0,50.333333333333336,17535.0,14839.666666666666,14.166,12.307976666666669,4367.32,3875.646666666667,239.0,219.66666666666663,36.0,32.666666666666664,104.0,67.33333333333333,140.0,100.0,379.0,319.6666666666667,670.0,729.6666666666666,49.97160625457764,50.934876124064125,360.0,213.33333333333331,73.38333333333334,56.51111111111112,73.38333333333334,36.588888888888896,False,-0.8834363493392416,bad,4647.0,56.0,-0.5333333333333332,False,True,False,28
p01,2.0,3.0,6,5.0,3.0,3.0,3.0,2019-11-30 18:34:00.841,2019-11-30,18.566666666666663,False,2019-11-30,False,1,0,5,138,1425.0,1075.0,709.0,True,False,6.7,5.844444444444445,97.0,94.66666666666669,6.516666666666667,6.2250000000000005,7.766666666666667,6.8194444444444455,7.25,6.594444444444444,50.0,50.0,16209.0,14766.666666666666,12.9343,11.87585,3913.69,3839.756666666666,255.0,237.33333333333331,55.0,36.333333333333336,60.0,63.0,115.0,99.33333333333331,370.0,336.6666666666667,709.0,716.0,51.81002712249756,51.09156862894694,0.0,120.0,38.41666666666667,48.65555555555556,0.0,24.461111111111112,False,-0.8834363493392416,bad,3206.0,27.5,1.0499999999999998,False,False,False,29
p01,3.0,3.0,7,6.0,3.0,3.0,3.0,2019-12-01 09:04:09.372,2019-12-01,9.066666666666666,False,2019-12-01,False,1,0,6,138,1415.0,1056.0,671.0,True,False,6.45,6.1000000000000005,96.0,95.33333333333331,6.058333333333334,6.258333333333333,7.191666666666666,7.058333333333333,7.133333333333334,6.8,51.0,50.0,10782.0,14842.0,8.70345,11.934583333333334,3410.56,3897.19,266.0,253.33333333333331,31.0,40.66666666666666,37.0,67.0,68.0,107.66666666666669,334.0,361.0,671.0,683.3333333333334,51.69850158691406,51.16004498799642,0.0,120.0,52.91666666666667,54.905555555555566,0.0,24.461111111111112,False,0.0,neutral,-2221.0,-19.5,0.7999999999999998,True,False,False,30
p01,3.0,3.0,8,5.0,2.0,3.0,3.0,2019-12-02 09:00:43.259,2019-12-02,9.0,False,2019-12-02,False,1,0,0,138,1419.0,1064.0,630.0,True,False,3.1666666666666665,5.438888888888889,95.0,96.0,6.433333333333334,6.336111111111111,3.9916666666666663,6.316666666666666,3.55,5.977777777777778,50.0,50.333333333333336,13736.0,13575.666666666666,11.0375,10.891750000000002,3664.05,3662.7666666666655,295.0,272.0,33.0,39.66666666666666,54.0,50.333333333333336,87.0,90.0,382.0,362.0,630.0,670.0,50.71304893493652,51.40719254811605,0.0,0.0,19.633333333333333,36.988888888888894,0.0,0.0,False,0.0,neutral,1032.5,6.0,-2.483333333333334,True,False,False,31
p01,3.0,3.0,7,5.0,3.0,3.0,3.0,2019-12-03 08:23:04.819,2019-12-03,8.383333333333333,False,2019-12-03,False,1,0,1,138,1105.0,930.0,947.0,True,False,5.75,5.122222222222223,98.0,96.33333333333331,6.016666666666667,6.169444444444444,6.358333333333333,5.847222222222221,6.333333333333333,5.672222222222222,50.0,50.333333333333336,12224.0,12247.333333333334,9.87732,9.872756666666668,3356.78,3477.13,224.0,261.6666666666667,19.0,27.666666666666668,37.0,42.66666666666666,56.0,70.33333333333333,280.0,332.0,,650.5,50.64576148986816,51.01910400390625,0.0,0.0,45.23333333333333,39.26111111111111,0.0,0.0,False,0.0,neutral,-479.5,-25.0,0.16666666666666696,False,True,False,32
p01,2.0,3.0,5,5.0,2.0,2.0,3.0,2019-12-04 09:31:12.920,2019-12-04,9.516666666666667,False,2019-12-04,False,1,0,2,138,1419.0,1061.0,725.0,True,False,5.583333333333333,4.833333333333333,94.0,95.66666666666669,6.141666666666667,6.197222222222223,6.433333333333334,5.594444444444445,6.283333333333333,5.388888888888889,50.0,50.0,18142.0,14700.666666666666,15.6225,12.179106666666668,4261.8,3760.8766666666666,221.0,246.66666666666663,23.0,25.0,91.0,60.66666666666666,114.0,85.66666666666667,335.0,332.3333333333333,725.0,677.5,50.809428215026855,50.72274621327718,240.0,80.0,59.03333333333333,41.3,40.25,13.416666666666666,False,-0.8834363493392416,bad,5438.5,33.0,-0.06666666666666732,False,True,False,33
p01,2.0,3.0,6,5.0,2.0,3.0,3.0,2019-12-05 08:24:30.844,2019-12-05,8.4,False,2019-12-05,False,1,0,3,138,1392.0,1045.0,782.0,True,False,5.233333333333333,5.522222222222222,95.0,95.66666666666669,6.666666666666667,6.275,6.558333333333334,6.45,5.883333333333334,6.166666666666667,51.0,50.333333333333336,11745.0,14037.0,9.487,11.662273333333331,3473.92,3697.5,218.0,221.0,30.0,24.0,33.0,53.66666666666666,63.0,77.66666666666667,281.0,298.6666666666667,782.0,753.5,51.79905128479004,51.08474699656168,0.0,80.0,0.0,34.75555555555555,0.0,13.416666666666666,False,-0.8834363493392416,bad,-958.5,-22.5,-0.36666666666666625,False,True,False,34
p01,2.0,3.0,3,4.0,2.0,2.0,3.0,2019-12-06 08:02:10.649,2019-12-06,8.033333333333333,False,2019-12-06,False,1,0,4,138,1404.0,1058.0,682.0,True,False,4.833333333333333,5.216666666666666,89.0,92.66666666666669,6.45,6.419444444444444,6.441666666666666,6.477777777777778,5.983333333333333,6.05,51.0,50.66666666666666,18234.0,16040.333333333334,14.6893,13.266266666666668,4357.09,4030.936666666667,262.0,233.66666666666663,44.0,32.333333333333336,99.0,74.33333333333333,143.0,106.66666666666669,405.0,340.3333333333333,682.0,729.6666666666666,51.21220111846924,51.273560206095375,360.0,200.0,88.75,49.26111111111111,71.68333333333334,37.31111111111111,False,-0.8834363493392416,bad,5530.5,57.5,-0.7666666666666666,False,True,False,35
p01,2.0,3.0,6,7.0,3.0,2.0,3.0,2019-12-07 09:00:35.229,2019-12-07,9.0,False,2019-12-07,False,1,0,5,138,1357.0,1009.0,823.0,True,False,7.066666666666666,5.711111111111111,94.0,92.66666666666669,5.483333333333333,6.2,7.35,6.783333333333334,7.866666666666666,6.577777777777778,53.0,51.66666666666666,10401.0,13460.0,8.398750000000001,10.858350000000002,3254.47,3695.16,198.0,226.0,25.0,33.0,35.0,55.66666666666666,60.0,88.66666666666667,258.0,314.6666666666667,823.0,762.3333333333334,53.66781139373779,52.22635459899902,0.0,120.0,18.78333333333333,35.84444444444444,0.0,23.89444444444445,False,-0.8834363493392416,bad,-2911.0,-29.0,1.5,False,False,False,36
p01,3.0,3.0,6,6.0,3.0,2.0,3.0,2019-12-08 09:50:37.699,2019-12-08,9.833333333333334,False,2019-12-08,False,1,0,6,138,1414.0,1059.0,533.0,True,False,6.7,6.199999999999999,97.0,93.33333333333331,6.033333333333333,5.988888888888888,7.375,7.0555555555555545,7.333333333333333,7.061111111111111,52.0,52.0,14898.0,14511.0,12.0463,11.71145,3862.79,3824.783333333333,363.0,274.3333333333333,24.0,31.0,48.0,60.66666666666666,72.0,91.66666666666669,435.0,366.0,533.0,679.3333333333334,52.773488998413086,52.5511671702067,0.0,120.0,40.11666666666667,49.21666666666667,20.48333333333333,30.722222222222225,False,0.0,neutral,1770.5,-13.5,1.1333333333333337,True,False,False,37
p01,2.0,3.0,4,5.0,2.0,3.0,3.0,2019-12-09 09:17:24.878,2019-12-09,9.283333333333331,False,2019-12-09,False,1,0,0,138,1427.0,1068.0,598.0,True,False,5.533333333333333,6.433333333333334,94.0,95.0,5.825,5.780555555555556,6.191666666666666,6.972222222222221,6.366666666666666,7.188888888888889,51.0,52.0,15805.0,13701.333333333334,12.74988,11.064976666666666,3977.52,3698.26,298.0,286.3333333333333,33.0,27.33333333333333,71.0,51.333333333333336,104.0,78.66666666666667,402.0,365.0,598.0,651.3333333333334,51.81732082366944,52.75287373860677,0.0,0.0,57.16666666666666,38.68888888888889,0.0,6.827777777777778,False,-0.8834363493392416,bad,2677.5,24.5,-0.033333333333333215,True,False,False,38
p01,2.0,3.0,4,5.0,3.0,3.0,3.0,2019-12-10 09:36:39.339,2019-12-10,9.6,False,2019-12-10,False,1,0,1,138,1424.0,1077.0,725.0,True,False,5.6,5.944444444444444,99.0,96.66666666666669,6.375,6.077777777777778,6.375,6.647222222222222,6.0,6.566666666666666,53.0,52.0,11223.0,13975.333333333334,9.00886,11.268346666666668,3429.66,3756.656666666667,290.0,317.0,27.0,28.0,16.0,45.0,43.0,73.0,333.0,390.0,725.0,618.6666666666666,53.05702304840088,52.54927762349447,0.0,0.0,0.0,32.42777777777778,0.0,6.827777777777778,False,-0.8834363493392416,bad,-1904.5,-36.5,0.033333333333333215,False,True,False,39
p01,2.0,3.0,6,5.0,2.0,3.0,3.0,2019-12-13 10:02:18.615,2019-12-13,10.033333333333331,False,2019-12-13,False,1,0,4,138,1319.0,1077.0,885.0,True,False,5.616666666666666,5.405555555555556,96.0,95.33333333333331,6.283333333333333,5.788888888888889,6.433333333333334,5.852777777777778,6.15,6.061111111111111,53.0,51.66666666666666,10728.0,9430.333333333334,8.55875,7.524483333333333,3415.07,3267.463333333333,274.0,201.33333333333331,15.0,19.666666666666668,17.0,26.33333333333333,32.0,46.0,306.0,247.33333333333331,885.0,832.0,53.64946746826172,52.012200673421226,0.0,0.0,0.0,0.0,0.0,0.0,False,-0.8834363493392416,bad,-2380.5,-47.5,0.024999999999999467,False,True,False,42
p01,3.0,3.0,6,6.0,3.0,3.0,3.0,2019-12-14 16:08:29.136,2019-12-14,16.133333333333333,False,2019-12-14,False,1,0,5,138,1432.0,1077.0,691.0,True,False,6.433333333333334,5.238888888888889,97.0,96.33333333333331,6.233333333333333,6.3055555555555545,7.35,6.111111111111111,7.116666666666666,5.8055555555555545,54.0,52.66666666666666,15910.0,12164.333333333334,12.7639,9.71181666666667,3858.76,3545.6966666666667,301.0,250.0,23.0,23.33333333333333,56.0,37.66666666666666,79.0,61.0,380.0,311.0,691.0,765.3333333333334,54.55725383758545,53.16801452636719,0.0,0.0,63.150000000000006,21.05,0.0,0.0,False,0.0,neutral,3557.5,5.5,0.8416666666666668,False,False,False,43
p01,2.0,3.0,7,6.0,3.0,3.0,3.0,2019-12-15 21:35:51.943,2019-12-15,21.58333333333333,False,2019-12-15,False,1,0,6,138,1434.0,1074.0,622.0,True,False,6.15,6.066666666666666,97.0,96.66666666666669,6.675,6.397222222222222,7.358333333333333,7.047222222222222,6.683333333333334,6.650000000000001,54.0,53.66666666666666,15348.0,13995.333333333334,12.3363,11.21965,3775.07,3682.9666666666662,303.0,292.6666666666667,36.0,24.666666666666668,52.0,41.66666666666666,88.0,66.33333333333333,391.0,359.0,622.0,732.6666666666666,54.63343334197998,54.28005154927572,0.0,0.0,27.316666666666663,30.155555555555555,0.0,0.0,False,-0.8834363493392416,bad,2995.5,14.5,0.5416666666666679,True,False,False,44
p01,3.0,3.0,7,6.0,3.0,3.0,3.0,2019-12-16 09:17:05.284,2019-12-16,9.283333333333331,False,2019-12-16,False,1,0,0,138,1425.0,1065.0,513.0,True,False,6.116666666666666,6.233333333333333,99.0,97.66666666666669,5.691666666666666,6.2,6.308333333333334,7.005555555555556,6.616666666666666,6.805555555555556,54.0,54.0,21362.0,17540.0,17.2541,14.1181,4430.25,4021.36,357.0,320.3333333333333,61.0,40.0,108.0,72.0,169.0,112.0,526.0,432.3333333333333,513.0,608.6666666666666,54.23077869415283,54.47382195790609,0.0,0.0,125.45,71.97222222222221,0.0,0.0,False,0.0,neutral,9009.5,95.5,0.5083333333333337,True,False,False,45
p01,4.0,3.0,7,5.0,3.0,3.0,3.0,2019-12-17 21:19:19.604,2019-12-17,21.316666666666663,False,2019-12-17,False,1,0,1,138,1424.0,1079.0,755.0,True,False,5.15,5.8055555555555545,97.0,97.66666666666669,6.491666666666666,6.286111111111111,6.316666666666666,6.661111111111111,5.816666666666666,6.372222222222223,53.0,53.66666666666666,10489.0,15733.0,8.37147,12.653956666666668,3357.84,3854.3866666666663,222.0,294.0,36.0,44.333333333333336,30.0,63.333333333333336,66.0,107.66666666666669,288.0,401.6666666666667,755.0,630.0,53.99892807006836,54.287713368733726,0.0,0.0,17.933333333333334,56.9,0.0,0.0,False,0.8834363493392416,good,-2619.5,-11.0,-0.5,False,True,False,46
p01,3.0,3.0,7,6.0,3.0,3.0,2.0,2019-12-21 12:52:58.365,2019-12-21,12.866666666666667,False,2019-12-21,False,1,0,5,138,1433.0,1080.0,805.0,True,False,6.416666666666667,5.344444444444445,99.0,96.66666666666669,7.008333333333334,7.23888888888889,7.925,7.094444444444444,6.916666666666667,5.8500000000000005,54.0,52.66666666666666,13110.0,15593.0,10.5463,12.526513333333334,3661.09,3826.2333333333336,268.0,278.0,19.0,26.0,54.0,58.333333333333336,73.0,84.33333333333333,341.0,362.3333333333333,805.0,739.3333333333334,54.16770935058594,53.1965586344401,0.0,0.0,56.333333333333336,65.12222222222222,0.0,0.0,False,-1.445623117100577,bad,-1145.5,-2.5,0.8083333333333345,False,False,False,50
p01,3.0,3.0,7,6.0,3.0,3.0,3.0,2019-12-22 08:00:15.485,2019-12-22,8.0,False,2019-12-22,False,1,0,6,138,1418.0,1058.0,656.0,True,False,6.716666666666667,5.861111111111111,97.0,97.0,6.441666666666666,7.086111111111111,7.841666666666667,7.4944444444444445,7.4,6.405555555555556,53.0,53.0,17760.0,16588.0,14.3493,13.3768,3938.75,3893.806666666667,227.0,264.3333333333333,36.0,31.666666666666668,106.0,78.0,142.0,109.66666666666669,369.0,374.0,656.0,715.0,53.94008731842041,53.693587938944496,0.0,0.0,133.13333333333333,92.7388888888889,0.0,0.0,False,0.0,neutral,3504.5,69.5,1.1083333333333343,True,False,False,51
p01,3.0,3.0,7,5.0,3.0,3.0,3.0,2019-12-23 09:25:34.443,2019-12-23,9.416666666666666,False,2019-12-23,False,1,0,0,138,1413.0,1053.0,521.0,True,False,7.166666666666667,6.766666666666667,95.0,97.0,6.841666666666667,6.763888888888889,8.816666666666666,8.194444444444445,7.966666666666667,7.427777777777778,52.0,53.0,18170.0,16346.666666666666,14.6461,13.18056666666667,4316.38,3972.0733333333337,331.0,275.3333333333333,74.0,43.0,70.0,76.66666666666667,144.0,119.66666666666669,475.0,395.0,521.0,660.6666666666666,52.24936294555664,53.45238653818766,0.0,0.0,51.2,80.22222222222221,0.0,0.0,False,0.0,neutral,3914.5,71.5,1.5583333333333345,True,False,False,52
p01,3.0,3.0,8,7.0,3.0,3.0,3.0,2019-12-25 12:04:46.100,2019-12-25,12.066666666666666,False,2019-12-25,False,1,0,2,138,1433.0,1075.0,536.0,True,False,7.05,6.788888888888889,97.0,96.66666666666669,7.433333333333334,6.941666666666667,9.433333333333334,8.544444444444444,8.0,7.599999999999999,52.0,51.66666666666666,13316.0,16237.666666666666,10.74645,13.014283333333331,3962.07,4091.8233333333337,435.0,364.0,28.0,40.333333333333336,31.0,60.66666666666666,59.0,101.0,494.0,465.0,536.0,531.0,52.04936504364014,52.08284282684326,0.0,0.0,0.0,50.63333333333333,0.0,0.0,False,0.0,neutral,-1520.5,-17.0,1.333333333333333,False,True,False,54
p01,3.0,3.0,7,7.0,3.0,3.0,3.0,2019-12-26 15:06:50.153,2019-12-26,15.1,False,2019-12-26,False,1,0,3,138,1252.0,894.0,625.0,True,False,6.766666666666667,6.655555555555556,96.0,97.0,6.325,6.769444444444445,7.833333333333333,8.216666666666667,7.5,7.444444444444444,51.0,51.333333333333336,11804.0,14115.666666666666,9.50857,11.301773333333337,3455.43,3804.84,256.0,339.0,53.0,33.333333333333336,26.0,46.0,79.0,79.33333333333333,335.0,418.3333333333333,625.0,565.6666666666666,51.2878999710083,51.76235516866048,0.0,0.0,19.633333333333333,40.11111111111112,0.0,0.0,False,0.0,neutral,-2451.5,6.5,1.0499999999999998,False,True,False,55
p01,2.0,3.0,4,7.0,2.0,2.0,3.0,2019-12-27 09:50:24.996,2019-12-27,9.833333333333334,False,2019-12-27,False,1,0,4,138,1418.0,1058.0,557.0,True,False,6.95,6.922222222222222,94.0,95.66666666666669,6.741666666666666,6.833333333333333,8.416666666666666,8.561111111111112,7.666666666666667,7.722222222222222,50.0,51.0,16891.0,14003.666666666666,14.3745,11.543173333333336,4476.22,3964.573333333333,287.0,326.0,59.0,46.66666666666666,87.0,48.0,146.0,94.66666666666669,433.0,420.6666666666667,557.0,572.6666666666666,50.94650840759277,51.427924474080406,180.0,60.0,53.31666666666666,24.316666666666663,24.3,8.1,False,-0.8834363493392416,bad,2635.5,70.0,1.0166666666666666,False,True,False,56
p01,2.0,3.0,5,6.0,2.0,2.0,3.0,2019-12-28 20:34:52.387,2019-12-28,20.566666666666663,False,2019-12-28,False,1,0,5,138,1431.0,1071.0,630.0,True,False,7.316666666666666,7.01111111111111,94.0,94.66666666666669,6.008333333333334,6.358333333333333,8.108333333333333,8.119444444444444,8.1,7.7555555555555555,50.0,50.333333333333336,10161.0,12952.0,8.2028,10.69529,3357.61,3763.0866666666666,301.0,281.3333333333333,25.0,45.66666666666666,24.0,45.66666666666666,49.0,91.33333333333331,350.0,372.6666666666667,630.0,604.0,50.31015300750733,50.8481871287028,0.0,60.0,30.716666666666665,34.55555555555555,0.0,8.1,False,-0.8834363493392416,bad,-4094.5,-27.0,1.1833333333333336,False,False,False,57
p01,2.0,3.0,6,6.0,3.0,2.0,3.0,2019-12-29 09:41:48.839,2019-12-29,9.683333333333334,False,2019-12-29,False,1,0,6,138,1421.0,1061.0,542.0,True,False,6.966666666666667,7.077777777777778,96.0,94.66666666666669,6.1,6.283333333333334,7.975,8.166666666666666,7.866666666666666,7.877777777777777,50.0,50.0,12445.0,13165.666666666666,10.02147,10.866256666666668,3820.16,3884.663333333334,379.0,322.3333333333333,6.0,30.0,27.0,46.0,33.0,76.0,412.0,398.3333333333333,542.0,576.3333333333334,50.891639709472656,50.71610037485758,0.0,60.0,20.48333333333333,34.83888888888889,0.0,8.1,False,-0.8834363493392416,bad,-1081.0,-39.5,0.8333333333333339,True,False,False,58
p01,2.0,3.0,6,5.0,3.0,2.0,3.0,2019-12-30 09:17:11.894,2019-12-30,9.283333333333331,False,2019-12-30,False,1,0,0,138,1429.0,1073.0,582.0,True,False,5.633333333333334,6.638888888888889,98.0,96.0,8.058333333333334,6.722222222222222,8.358333333333333,8.14722222222222,6.3,7.422222222222222,51.0,50.333333333333336,13699.0,12101.666666666666,10.9747,9.73299,3896.28,3691.35,277.0,319.0,42.0,24.33333333333333,67.0,39.333333333333336,109.0,63.66666666666666,386.0,382.6666666666667,582.0,584.6666666666666,51.764832496643066,50.98887507120768,0.0,0.0,17.066666666666666,22.75555555555556,0.0,0.0,False,-0.8834363493392416,bad,173.0,36.5,-0.4999999999999991,True,False,False,59
p01,3.0,3.0,7,5.0,3.0,3.0,3.0,2020-01-01 11:56:15.294,2020-01-01,11.933333333333334,False,2020-01-01,False,1,0,2,138,1410.0,1052.0,659.0,True,False,6.0,5.9,98.0,97.66666666666669,7.95,7.722222222222222,8.566666666666666,8.283333333333333,6.616666666666666,6.561111111111111,52.0,52.0,11490.0,11792.0,9.265160000000002,9.48966,3477.06,3507.6399999999994,343.0,304.0,13.0,20.0,19.0,33.0,32.0,53.0,375.0,357.0,659.0,620.5,52.669493675231934,52.63584327697754,0.0,0.0,23.883333333333333,13.65,0.0,0.0,False,0.0,neutral,-2017.5,-40.5,-0.13333333333333286,False,True,False,61
p01,3.0,3.0,7,8.0,3.0,2.0,3.0,2020-01-02 09:12:01.859,2020-01-02,9.2,False,2020-01-02,False,1,0,3,138,1436.0,1076.0,687.0,True,False,8.5,6.855555555555555,96.0,97.0,2.375,5.827777777777778,5.708333333333333,7.399999999999999,9.333333333333334,7.572222222222222,53.0,52.66666666666666,11847.0,11174.666666666666,9.533,9.009093333333334,3563.43,3396.69,309.0,314.6666666666667,27.0,15.0,20.0,17.333333333333332,47.0,32.333333333333336,356.0,347.0,687.0,673.0,53.09996032714844,53.080885887146,0.0,0.0,0.0,7.961111111111111,0.0,0.0,False,0.0,neutral,-1366.0,-25.0,2.366666666666667,False,True,False,62
p01,3.0,3.0,7,5.0,3.0,3.0,3.0,2020-01-03 08:17:54.940,2020-01-03,8.283333333333333,False,2020-01-03,False,1,0,4,138,1416.0,1059.0,636.0,True,False,6.133333333333334,6.877777777777777,96.0,96.66666666666669,5.325,5.216666666666667,6.358333333333333,6.877777777777777,7.033333333333333,7.661111111111111,52.0,52.333333333333336,10346.0,11227.666666666666,8.2704,9.022853333333336,3169.72,3403.403333333333,196.0,282.6666666666667,11.0,17.0,37.0,25.33333333333333,48.0,42.333333333333336,244.0,325.0,636.0,660.6666666666666,52.00821113586426,52.59255504608154,0.0,0.0,23.9,15.927777777777775,0.0,0.0,False,0.0,neutral,-2867.0,-24.0,-0.016666666666666607,False,True,False,63
p01,2.0,2.0,5,7.0,3.0,2.0,3.0,2020-01-04 10:17:04.540,2020-01-04,10.283333333333331,False,2020-01-04,False,1,0,5,138,1429.0,1069.0,713.0,True,False,7.65,7.427777777777778,99.0,97.0,5.733333333333333,4.477777777777778,8.4,6.822222222222222,8.666666666666666,8.344444444444443,51.0,52.0,17431.0,13208.0,14.622370000000002,10.80859,3954.62,3562.59,170.0,225.0,33.0,23.666666666666668,102.0,53.0,135.0,76.66666666666667,305.0,301.6666666666667,713.0,678.6666666666666,51.82297134399414,52.31038093566895,210.0,70.0,94.25,39.38333333333333,26.85,8.950000000000001,False,-2.5802819485844157,bad,4653.5,64.0,1.5,False,False,False,64
p01,2.0,3.0,5,5.0,2.0,2.0,2.0,2020-01-06 06:25:40.497,2020-01-06,6.416666666666667,False,2020-01-06,False,1,0,0,138,1415.0,1056.0,631.0,True,False,5.3,6.705555555555556,99.0,98.0,6.591666666666667,6.127777777777777,6.416666666666667,7.6305555555555555,5.816666666666666,7.5,52.0,51.333333333333336,11425.0,15008.666666666666,9.22494,12.670770000000005,3377.68,3808.163333333333,257.0,212.33333333333331,27.0,26.33333333333333,44.0,79.66666666666667,71.0,106.0,328.0,318.3333333333333,631.0,647.3333333333334,52.82413291931152,51.97540442148844,0.0,170.0,31.6,63.25555555555555,0.0333333333333333,25.14444444444445,False,-2.3290594664398183,bad,-1788.0,-1.5,-0.8500000000000005,True,False,False,66
p01,2.0,3.0,6,5.0,2.0,2.0,3.0,2020-01-07 11:35:32.120,2020-01-07,11.583333333333334,False,2020-01-07,False,1,0,1,138,1276.0,926.0,827.0,True,False,5.25,5.905555555555556,98.0,97.66666666666669,6.083333333333333,6.2444444444444445,5.958333333333333,6.816666666666666,5.866666666666666,6.566666666666667,51.0,51.333333333333336,11322.0,12972.333333333334,9.12752,10.839153333333334,3283.51,3584.46,196.0,221.0,25.0,23.666666666666668,43.0,60.0,68.0,83.66666666666667,264.0,304.6666666666667,827.0,685.3333333333334,51.86006546020508,51.98776912689209,0.0,100.0,27.316666666666663,40.94444444444445,0.0,16.194444444444443,False,-0.8834363493392416,bad,-1455.5,-3.5,-0.9000000000000004,False,True,False,67
p01,2.0,2.0,6,5.0,2.0,2.0,2.0,2020-01-08 12:23:48.712,2020-01-08,12.383333333333333,False,2020-01-08,False,1,0,2,138,1417.0,1059.0,741.0,True,False,5.45,5.333333333333333,90.0,95.66666666666669,5.85,6.175,6.341666666666667,6.23888888888889,6.483333333333333,6.0555555555555545,53.0,52.0,17638.0,13461.666666666666,14.85087,11.067776666666669,4237.59,3632.9266666666663,215.0,222.66666666666663,29.0,27.0,103.0,63.333333333333336,132.0,90.33333333333331,347.0,313.0,741.0,733.0,53.08741092681885,52.59053643544515,180.0,60.0,83.9,47.605555555555554,30.133333333333333,10.055555555555555,False,-4.025905065684993,bad,4860.5,60.5,-0.7000000000000002,False,True,False,68
p01,2.0,1.0,7,4.0,1.0,2.0,2.0,2020-01-09 08:04:16.765,2020-01-09,8.066666666666666,False,2020-01-09,False,1,0,3,138,1415.0,1071.0,853.0,True,False,5.8,5.5,93.0,93.66666666666669,5.975,5.969444444444444,6.675,6.324999999999999,6.7,6.3500000000000005,52.0,52.0,8149.0,12369.666666666666,6.58255,10.18698,3045.59,3522.23,146.0,185.66666666666663,14.0,22.666666666666668,38.0,61.333333333333336,52.0,84.0,198.0,269.6666666666667,853.0,807.0,52.446309089660645,52.46459515889486,0.0,60.0,26.45,45.88888888888889,0.0,10.044444444444444,False,-5.7227506649301665,bad,-5064.0,-20.5,-0.3416666666666677,False,True,False,69
p01,2.0,3.0,5,5.0,2.0,3.0,3.0,2020-01-10 08:42:05.267,2020-01-10,8.7,False,2020-01-10,False,1,0,4,138,1419.0,1069.0,748.0,True,False,5.733333333333333,5.661111111111111,93.0,92.0,6.433333333333334,6.086111111111111,6.841666666666667,6.6194444444444445,6.4,6.527777777777779,53.0,52.66666666666666,13189.0,12992.0,10.6559,10.69644,3794.84,3692.6733333333336,165.0,175.33333333333334,33.0,25.33333333333333,92.0,77.66666666666667,125.0,103.0,290.0,278.3333333333333,748.0,780.6666666666666,53.41855144500733,52.98409048716227,360.0,180.0,81.91666666666667,64.08888888888889,56.31666666666667,28.816666666666663,False,-0.8834363493392416,bad,-24.0,53.0,-0.4083333333333341,False,True,False,70
p01,3.0,3.0,5,7.0,3.0,3.0,3.0,2020-01-11 10:56:17.547,2020-01-11,10.933333333333334,False,2020-01-11,False,1,0,5,138,1419.0,1068.0,782.0,True,False,7.916666666666667,6.483333333333333,96.0,94.0,5.733333333333333,6.047222222222222,8.666666666666666,7.394444444444445,8.933333333333334,7.344444444444445,52.0,52.333333333333336,13733.0,11690.333333333334,11.131100000000002,9.456516666666667,3556.25,3465.56,171.0,160.66666666666666,33.0,26.666666666666668,70.0,66.66666666666667,103.0,93.33333333333331,274.0,254.0,782.0,794.3333333333334,52.68260002136231,52.84915351867676,0.0,120.0,75.96666666666667,61.44444444444444,0.0,18.772222222222226,False,0.0,neutral,480.5,27.0,1.7749999999999995,False,False,False,71
p01,3.0,3.0,6,6.0,3.0,3.0,3.0,2020-01-12 09:56:59.915,2020-01-12,9.933333333333334,False,2020-01-12,False,1,0,6,138,1410.0,1053.0,586.0,True,False,6.9,6.8500000000000005,98.0,95.66666666666669,6.2,6.122222222222223,7.925,7.81111111111111,7.716666666666667,7.683333333333333,52.0,52.333333333333336,13736.0,13552.666666666666,11.0434,10.943466666666668,3463.39,3604.8266666666655,231.0,189.0,37.0,34.333333333333336,50.0,70.66666666666667,87.0,105.0,318.0,294.0,586.0,705.3333333333334,52.313536643981934,52.80489603678385,0.0,120.0,50.35,69.41111111111111,0.0,18.772222222222226,False,0.0,neutral,483.5,11.0,0.7583333333333329,True,False,False,72
p01,2.0,3.0,5,5.0,2.0,3.0,3.0,2020-01-13 19:00:00.953,2020-01-13,19.0,False,2020-01-13,False,1,0,0,138,1414.0,1054.0,742.0,True,False,5.033333333333333,6.616666666666667,99.0,97.66666666666669,6.108333333333333,6.013888888888889,5.583333333333333,7.391666666666666,5.466666666666667,7.372222222222223,52.0,52.0,8820.0,12096.333333333334,7.12356,9.76602,2981.41,3333.683333333333,181.0,194.33333333333331,20.0,30.0,34.0,51.333333333333336,54.0,81.33333333333333,235.0,275.6666666666667,742.0,703.3333333333334,52.44845104217529,52.48152923583984,0.0,0.0,29.866666666666667,52.06111111111111,0.0,0.0,False,-0.8834363493392416,bad,-4432.5,-22.0,-1.1083333333333343,True,False,False,73
p01,3.0,3.0,7,6.0,3.0,3.0,3.0,2020-01-14 08:06:07.074,2020-01-14,8.1,False,2020-01-14,False,1,0,1,138,1226.0,883.0,835.0,True,False,6.066666666666666,6.0,97.0,98.0,5.491666666666666,5.933333333333334,6.1,6.536111111111111,6.6,6.594444444444444,52.0,52.0,8564.0,10373.333333333334,6.9149400000000005,8.360633333333334,3354.78,3266.526666666666,209.0,207.0,53.0,36.66666666666666,15.0,33.0,68.0,69.66666666666667,277.0,276.6666666666667,835.0,721.0,52.52613258361816,52.42937342325846,0.0,0.0,28.166666666666668,36.12777777777777,0.0,0.0,False,0.0,neutral,-4585.5,-4.0,-0.07500000000000107,False,True,False,74
p01,3.0,3.0,4,6.0,3.0,2.0,3.0,2020-01-15 06:39:20.077,2020-01-15,6.65,False,2020-01-15,False,1,0,2,138,1338.0,978.0,713.0,True,False,6.366666666666666,5.822222222222223,93.0,96.33333333333331,5.183333333333334,5.594444444444445,6.383333333333334,6.022222222222222,7.2,6.422222222222222,51.0,51.66666666666666,17723.0,11702.333333333334,15.30351,9.78067,4091.36,3475.85,208.0,199.33333333333331,38.0,37.0,85.0,44.66666666666666,123.0,81.66666666666667,331.0,281.0,713.0,763.3333333333334,51.67782211303711,52.21746857961019,210.0,70.0,58.3,38.77777777777778,33.55,11.183333333333332,False,0.0,neutral,4573.5,51.0,0.22499999999999876,False,True,False,75
p01,3.0,3.0,7,6.0,3.0,3.0,3.0,2020-01-16 10:50:15.157,2020-01-16,10.833333333333334,False,2020-01-16,False,1,0,3,138,1431.0,1079.0,717.0,True,False,5.85,6.094444444444444,99.0,96.33333333333331,5.275,5.316666666666666,5.825,6.102777777777778,6.55,6.783333333333334,51.0,51.333333333333336,14145.0,13477.333333333334,11.4227,11.213716666666668,3597.65,3681.263333333334,204.0,207.0,26.0,39.0,61.0,53.66666666666666,87.0,92.66666666666669,291.0,299.6666666666667,717.0,755.0,51.18936061859131,51.79777177174886,0.0,70.0,81.05,55.83888888888888,0.0,11.183333333333332,False,0.0,neutral,892.5,11.0,-0.4083333333333332,False,True,False,76
p01,3.0,3.0,6,6.0,3.0,2.0,3.0,2020-01-17 07:58:30.205,2020-01-17,7.966666666666667,False,2020-01-17,False,1,0,4,138,1406.0,1059.0,750.0,True,False,5.833333333333333,6.016666666666667,96.0,96.0,5.55,5.336111111111111,6.183333333333334,6.130555555555556,6.633333333333334,6.794444444444444,51.0,51.0,13888.0,15252.0,11.2194,12.648536666666669,4078.73,3922.58,162.0,191.33333333333331,23.0,29.0,112.0,86.0,135.0,115.0,297.0,306.3333333333333,750.0,726.6666666666666,51.059011459350586,51.30873139699301,400.0,203.33333333333331,35.833333333333336,58.394444444444446,20.48333333333333,18.01111111111111,False,0.0,neutral,635.5,52.0,-0.4249999999999998,False,True,False,77
p01,3.0,3.0,7,5.0,3.0,2.0,3.0,2020-01-18 09:04:31.262,2020-01-18,9.066666666666666,False,2020-01-18,False,1,0,5,138,1413.0,1068.0,739.0,True,False,5.183333333333334,5.622222222222223,99.0,98.0,6.808333333333334,5.877777777777777,6.841666666666667,6.283333333333334,6.033333333333333,6.405555555555556,52.0,51.333333333333336,12501.0,13511.333333333334,10.04747,10.896523333333334,3499.56,3725.3133333333335,237.0,201.0,27.0,25.33333333333333,39.0,70.66666666666667,66.0,96.0,303.0,297.0,739.0,735.3333333333334,52.1726016998291,51.47365792592367,0.0,133.33333333333334,41.81666666666666,52.9,0.0,6.827777777777778,False,0.0,neutral,-751.5,-17.0,-1.0749999999999993,False,False,False,78
p01,2.0,3.0,4,6.0,3.0,2.0,3.0,2020-01-19 09:38:03.384,2020-01-19,9.633333333333333,False,2020-01-19,False,1,0,6,138,1405.0,1045.0,783.0,True,False,5.616666666666666,5.544444444444444,97.0,97.33333333333331,8.741666666666667,7.033333333333334,9.016666666666667,7.347222222222222,6.266666666666667,6.311111111111111,51.0,51.333333333333336,13480.0,13289.666666666666,12.2946,11.187156666666668,3862.69,3813.66,195.0,198.0,34.0,28.0,66.0,72.33333333333333,100.0,100.33333333333331,295.0,298.3333333333333,783.0,757.3333333333334,51.55383586883545,51.59514967600504,300.0,233.33333333333331,48.016666666666666,41.888888888888886,48.016666666666666,22.83333333333333,False,-0.8834363493392416,bad,227.5,17.0,-0.5250000000000012,True,False,False,79
p01,3.0,3.0,5,6.0,3.0,2.0,2.0,2020-01-20 09:33:26.650,2020-01-20,9.55,False,2020-01-20,False,1,0,0,138,1411.0,1053.0,767.0,True,False,5.983333333333333,5.594444444444444,99.0,98.33333333333331,5.566666666666666,7.038888888888889,6.433333333333334,7.430555555555556,6.866666666666666,6.388888888888888,52.0,51.66666666666666,13255.0,13078.666666666666,10.6467,10.996256666666667,3408.84,3590.363333333333,203.0,211.66666666666663,31.0,30.666666666666668,63.0,56.0,94.0,86.66666666666667,297.0,298.3333333333333,767.0,763.0,52.90525531768799,52.21056429545085,0.0,100.0,76.8,55.54444444444445,0.0,16.005555555555556,False,-1.445623117100577,bad,2.5,11.0,-0.11666666666666625,True,False,False,80
p01,3.0,3.0,7,6.0,3.0,3.0,3.0,2020-01-21 09:00:23.367,2020-01-21,9.0,False,2020-01-21,False,1,0,1,138,1324.0,977.0,795.0,True,False,6.083333333333333,5.894444444444445,97.0,97.66666666666669,5.616666666666666,6.641666666666667,6.366666666666666,7.272222222222223,6.75,6.627777777777777,51.0,51.333333333333336,7492.0,11409.0,6.048540000000001,9.66328,3110.58,3460.7033333333334,206.0,201.33333333333331,9.0,24.666666666666668,18.0,49.0,27.0,73.66666666666667,233.0,275.0,795.0,781.6666666666666,51.91705894470215,52.1253833770752,0.0,100.0,15.366666666666667,46.72777777777778,0.0,16.005555555555556,False,0.0,neutral,-5730.0,-56.0,0.016666666666666607,False,True,False,81
p01,2.0,3.0,6,5.0,3.0,3.0,3.0,2020-01-22 09:08:47.681,2020-01-22,9.133333333333333,False,2020-01-22,False,1,0,2,138,1419.0,1069.0,757.0,True,False,5.033333333333333,5.7,99.0,98.33333333333331,6.516666666666667,5.9,6.033333333333333,6.277777777777778,5.516666666666667,6.377777777777777,50.0,51.0,11684.0,10810.333333333334,9.39146,8.695566666666666,3381.51,3300.31,227.0,212.0,10.0,16.666666666666668,41.0,40.66666666666666,51.0,57.333333333333336,278.0,269.3333333333333,757.0,773.0,50.55670738220215,51.7930072148641,0.0,0.0,28.15,40.105555555555554,0.0,0.0,False,-0.8834363493392416,bad,-1161.0,-24.0,-1.0333333333333332,False,True,False,82
p01,3.0,3.0,6,5.0,3.0,3.0,3.0,2020-01-23 21:53:11.224,2020-01-23,21.883333333333333,False,2020-01-23,False,1,0,3,138,1425.0,1073.0,819.0,True,False,5.816666666666666,5.644444444444445,98.0,98.0,6.091666666666667,6.075,6.65,6.3500000000000005,6.55,6.272222222222222,50.0,50.333333333333336,10162.0,9779.333333333334,8.161900000000001,7.8673,3375.48,3289.19,247.0,226.66666666666663,20.0,13.0,23.0,27.33333333333333,43.0,40.333333333333336,290.0,267.0,819.0,790.3333333333334,50.63613224029541,51.03663285573324,0.0,0.0,17.066666666666666,20.194444444444446,0.0,0.0,False,0.0,neutral,-2311.0,-32.0,-0.21666666666666679,False,True,False,83
p01,3.0,3.0,4,6.0,3.0,2.0,3.0,2020-01-24 13:21:58.499,2020-01-24,13.35,False,2020-01-24,False,1,0,4,138,1414.0,1063.0,699.0,True,False,6.533333333333333,5.794444444444444,94.0,97.0,5.15,5.919444444444444,6.616666666666666,6.433333333333333,7.466666666666667,6.51111111111111,51.0,50.333333333333336,15169.0,12338.333333333334,12.2418,9.93172,4139.55,3632.18,212.0,228.66666666666663,41.0,23.666666666666668,95.0,53.0,136.0,76.66666666666667,348.0,305.3333333333333,699.0,758.3333333333334,51.25885772705078,50.81723244984945,420.0,140.0,71.68333333333334,38.96666666666667,71.68333333333334,23.89444444444445,False,0.0,neutral,2696.0,66.5,0.5416666666666661,False,True,False,84
p01,2.0,3.0,4,6.0,2.0,2.0,3.0,2020-01-26 09:11:52.253,2020-01-26,9.183333333333334,False,2020-01-26,False,1,0,6,138,1415.0,1055.0,632.0,True,False,6.35,6.4444444444444455,95.0,95.33333333333331,5.958333333333333,5.577777777777778,7.3,6.944444444444444,7.333333333333333,7.361111111111112,52.0,51.333333333333336,18231.0,14707.0,16.1032,12.322583333333334,4189.59,3919.5500000000006,248.0,237.66666666666663,52.0,38.66666666666666,71.0,62.0,123.0,100.66666666666669,371.0,338.3333333333333,632.0,675.6666666666666,52.70834922790527,51.775672594706215,240.0,220.0,86.35,52.67777777777778,41.11666666666667,37.6,False,-0.8834363493392416,bad,5758.0,53.5,0.3583333333333325,True,False,False,86
p01,2.0,3.0,6,5.0,3.0,2.0,3.0,2020-01-27 09:00:14.059,2020-01-27,9.0,False,2020-01-27,False,1,0,0,138,1388.0,1030.0,610.0,True,False,5.116666666666666,5.972222222222221,99.0,97.0,6.466666666666667,6.016666666666667,6.308333333333334,6.841666666666668,5.833333333333333,6.816666666666666,52.0,51.66666666666666,18422.0,15791.333333333334,14.85508,13.193676666666668,3863.71,3827.603333333333,284.0,261.6666666666667,27.0,34.0,79.0,56.66666666666666,106.0,90.66666666666669,390.0,352.3333333333333,610.0,646.0,52.47140407562256,52.17985471089681,0.0,80.0,77.65,54.66666666666666,0.0,13.705555555555556,False,-0.8834363493392416,bad,5577.0,27.0,-0.8750000000000009,True,False,False,87
p01,3.0,3.0,7,5.0,3.0,3.0,3.0,2020-01-28 09:48:51.760,2020-01-28,9.8,False,2020-01-28,False,1,0,1,138,1418.0,1071.0,805.0,True,False,5.433333333333334,5.633333333333333,97.0,97.0,6.05,6.158333333333332,6.116666666666666,6.575,6.066666666666666,6.411111111111111,51.0,51.66666666666666,9026.0,15226.333333333334,7.288,12.74876,3329.8,3794.366666666667,247.0,259.6666666666667,11.0,30.0,27.0,59.0,38.0,89.0,285.0,348.6666666666667,805.0,682.3333333333334,51.8798770904541,52.35321013132731,0.0,80.0,0.0,54.66666666666666,0.0,13.705555555555556,False,0.0,neutral,-3819.0,-41.0,-0.5583333333333336,False,True,False,88
p01,2.0,3.0,7,5.0,3.0,3.0,3.0,2020-01-29 09:27:21.439,2020-01-29,9.45,False,2020-01-29,False,1,0,2,138,1408.0,1065.0,742.0,True,False,5.416666666666667,5.322222222222223,99.0,98.33333333333331,6.441666666666666,6.3194444444444455,6.458333333333333,6.294444444444444,6.016666666666667,5.972222222222221,52.0,51.66666666666666,14473.0,13973.666666666666,11.691400000000002,11.27816,3720.96,3638.156666666667,210.0,247.0,52.0,30.0,72.0,59.333333333333336,124.0,89.33333333333333,334.0,336.3333333333333,742.0,719.0,52.38985633850098,52.247045834859215,0.0,0.0,93.86666666666667,57.172222222222224,0.0,0.0,False,-0.8834363493392416,bad,1628.0,45.0,-0.4999999999999991,False,True,False,89
p01,3.0,3.0,8,5.0,3.0,3.0,3.0,2020-01-30 10:05:00.590,2020-01-30,10.083333333333334,False,2020-01-30,False,1,0,3,138,1416.0,1068.0,916.0,True,False,5.716666666666667,5.522222222222222,98.0,98.0,6.15,6.213888888888889,6.575,6.383333333333333,6.416666666666667,6.166666666666667,51.0,51.333333333333336,4749.0,9416.0,3.83321,7.604203333333334,2726.22,3258.9933333333333,132.0,196.33333333333331,20.0,27.666666666666668,11.0,36.66666666666666,31.0,64.33333333333333,163.0,260.6666666666667,916.0,821.0,51.78456878662109,52.01810073852539,0.0,0.0,0.0,31.28888888888889,0.0,0.0,False,0.0,neutral,-8473.0,-56.0,-0.125,False,True,False,90
p01,1.0,3.0,3,5.0,3.0,2.0,3.0,2020-01-31 06:36:15.867,2020-01-31,6.6,False,2020-01-31,False,1,0,4,138,1324.0,965.0,552.0,True,False,5.816666666666666,5.65,97.0,98.0,5.916666666666667,6.169444444444444,6.383333333333334,6.472222222222222,6.466666666666667,6.3,50.0,51.0,14398.0,11206.666666666666,11.61005,9.044886666666669,4399.31,3615.496666666666,389.0,243.66666666666663,29.0,33.666666666666664,85.0,56.0,114.0,89.66666666666667,503.0,333.3333333333333,552.0,736.6666666666666,50.769968032836914,51.64813105265299,540.0,180.0,106.66666666666669,66.84444444444445,90.45,30.15,False,-1.7668726986784833,bad,1176.0,27.0,-0.00833333333333286,False,True,False,91
p01,2.0,3.0,5,5.0,2.0,2.0,3.0,2020-02-01 08:30:39.980,2020-02-01,8.5,False,2020-02-01,False,1,0,5,138,1427.0,1077.0,647.0,True,False,5.433333333333334,5.655555555555556,97.0,97.33333333333331,6.041666666666667,6.036111111111111,6.316666666666666,6.425,6.266666666666667,6.383333333333334,53.0,51.333333333333336,12231.0,10459.333333333334,9.86094,8.434733333333334,3785.57,3637.033333333333,333.0,284.6666666666667,30.0,26.33333333333333,42.0,46.0,72.0,72.33333333333333,405.0,357.0,647.0,705.0,53.197364807128906,51.91730054219564,0.0,180.0,35.85,47.50555555555556,0.0,30.15,False,-0.8834363493392416,bad,-1136.5,-18.5,-0.38333333333333286,False,False,False,92
p01,3.0,4.0,7,6.0,3.0,3.0,3.0,2020-02-02 09:01:23.085,2020-02-02,9.016666666666667,False,2020-02-02,False,1,0,6,138,1167.0,807.0,598.0,True,False,6.2,5.816666666666666,99.0,97.66666666666669,6.3,6.086111111111111,7.091666666666667,6.597222222222222,6.783333333333333,6.505555555555556,53.0,52.0,14409.0,13679.333333333334,11.63652,11.035836666666668,3889.78,4024.8866666666663,402.0,374.6666666666667,36.0,31.666666666666668,28.0,51.66666666666666,64.0,83.33333333333333,466.0,458.0,,599.5,53.65375518798828,52.5403626759847,0.0,180.0,25.6,56.03888888888889,25.6,38.68333333333334,False,1.6968455992451739,good,1187.0,-23.0,0.3916666666666666,True,False,False,93
p01,2.0,3.0,6,5.0,2.0,2.0,3.0,2020-02-03 09:00:28.994,2020-02-03,9.0,False,2020-02-03,False,1,0,0,138,1368.0,1011.0,501.0,True,False,6.15,5.927777777777778,95.0,97.0,5.258333333333334,5.866666666666667,6.25,6.552777777777777,6.983333333333333,6.677777777777777,54.0,53.333333333333336,11652.0,12764.0,9.40873,10.302063333333336,3784.27,3819.873333333333,505.0,413.3333333333333,11.0,25.666666666666668,16.0,28.666666666666668,27.0,54.333333333333336,532.0,467.6666666666667,501.0,574.0,54.55971145629883,53.803610483805336,0.0,0.0,32.43333333333334,31.294444444444448,17.066666666666666,14.222222222222223,False,-0.8834363493392416,bad,-1570.0,-52.5,0.3416666666666668,True,False,False,94
p01,3.0,3.0,7,5.0,3.0,3.0,3.0,2020-02-04 11:24:06.532,2020-02-04,11.4,False,2020-02-04,False,1,0,1,138,1413.0,1065.0,534.0,True,False,5.516666666666667,5.955555555555556,98.0,97.33333333333331,6.15,5.902777777777779,6.308333333333334,6.55,6.15,6.638888888888888,53.0,53.333333333333336,10754.0,12271.666666666666,8.658930000000002,9.901393333333337,3719.74,3797.93,432.0,446.3333333333333,29.0,25.33333333333333,26.0,23.33333333333333,55.0,48.66666666666666,487.0,495.0,534.0,517.5,53.74181079864502,53.98509248097738,0.0,0.0,21.33333333333333,26.45555555555556,0.0,14.222222222222223,False,0.0,neutral,-2468.0,-24.5,-0.2999999999999998,False,True,False,95
p01,3.0,3.0,8,5.0,3.0,3.0,3.0,2020-02-05 07:59:27.721,2020-02-05,7.983333333333333,False,2020-02-05,False,1,0,2,138,1414.0,1069.0,830.0,True,False,5.0,5.5555555555555545,99.0,97.33333333333331,6.275,5.894444444444445,5.908333333333333,6.155555555555556,5.633333333333334,6.255555555555556,52.0,53.0,8898.0,10434.666666666666,7.18034,8.416000000000002,3043.42,3515.81,222.0,386.3333333333333,5.0,15.0,14.0,18.666666666666668,19.0,33.666666666666664,241.0,420.0,830.0,621.6666666666666,52.82433891296387,53.708620389302574,0.0,0.0,0.0,17.92222222222222,0.0,5.688888888888889,False,0.0,neutral,-4324.0,-60.5,-0.8166666666666664,False,True,False,96
p01,3.0,3.0,6,5.0,3.0,2.0,3.0,2020-02-06 08:31:26.341,2020-02-06,8.516666666666667,False,2020-02-06,False,1,0,3,138,1396.0,1061.0,729.0,True,False,5.283333333333333,5.266666666666667,96.0,97.66666666666669,6.35,6.258333333333333,6.316666666666666,6.177777777777777,5.966666666666667,5.916666666666667,53.0,52.66666666666666,18685.0,12779.0,15.82858,10.55595,4362.76,3708.64,237.0,297.0,35.0,23.0,101.0,47.0,136.0,70.0,373.0,367.0,729.0,697.6666666666666,53.6356086730957,53.40058612823486,280.0,93.33333333333331,80.13333333333334,33.82222222222222,29.8,9.933333333333334,False,0.0,neutral,5840.0,66.0,-0.5333333333333332,False,True,False,97
p01,2.0,3.0,3,5.0,2.0,1.0,3.0,2020-02-07 06:55:30.958,2020-02-07,6.916666666666667,False,2020-02-07,False,1,0,4,138,1420.0,1060.0,622.0,True,False,5.666666666666667,5.316666666666666,95.0,96.66666666666669,6.216666666666667,6.280555555555556,6.616666666666666,6.280555555555556,6.4,6.0,52.0,52.333333333333336,24846.0,17476.333333333332,20.5836,14.53084,5225.82,4210.666666666667,197.0,218.66666666666663,85.0,41.66666666666666,178.0,97.66666666666669,263.0,139.33333333333334,460.0,358.0,622.0,727.0,52.76318645477295,53.07437801361084,660.0,313.3333333333333,153.1,77.74444444444445,118.11666666666667,49.30555555555557,False,-0.8834363493392416,bad,11624.0,183.5,-0.14999999999999947,False,True,False,98
p01,2.0,3.0,5,7.0,3.0,2.0,3.0,2020-02-08 10:08:21.547,2020-02-08,10.133333333333333,False,2020-02-08,False,1,0,5,138,1272.0,921.0,833.0,True,False,7.083333333333333,6.01111111111111,99.0,96.66666666666669,6.058333333333334,6.208333333333333,7.933333333333334,6.955555555555556,7.866666666666666,6.7444444444444445,54.0,53.0,8131.0,17220.666666666668,6.56749,14.326556666666669,3006.66,4198.413333333333,198.0,210.66666666666663,14.0,44.66666666666666,11.0,96.66666666666669,25.0,141.33333333333334,223.0,352.0,833.0,728.0,54.046916007995605,53.48190371195475,0.0,313.3333333333333,0.0,77.74444444444445,0.0,49.30555555555557,False,-0.8834363493392416,bad,-5236.5,-54.5,1.2666666666666666,False,False,False,99
p01,3.0,3.0,7,6.0,3.0,3.0,3.0,2020-02-09 09:42:48.436,2020-02-09,9.7,False,2020-02-09,False,1,0,6,138,1412.0,1052.0,636.0,True,False,6.316666666666666,6.355555555555555,94.0,96.0,6.616666666666666,6.297222222222222,7.741666666666666,7.430555555555556,7.116666666666666,7.127777777777777,53.0,53.0,14197.0,15724.666666666666,11.3685,12.839863333333334,3578.37,3936.95,279.0,224.66666666666663,22.0,40.333333333333336,31.0,73.33333333333333,53.0,113.66666666666669,332.0,338.3333333333333,636.0,697.0,53.446539878845215,53.418880780537926,0.0,220.0,15.366666666666667,56.15555555555556,0.0,39.37222222222223,False,0.0,neutral,1319.0,-17.0,0.5,True,False,False,100
p01,3.0,3.0,8,5.0,3.0,3.0,3.0,2020-02-10 07:48:59.633,2020-02-10,7.8,False,2020-02-10,False,1,0,0,138,1412.0,1058.0,751.0,True,False,5.45,6.283333333333332,99.0,97.33333333333331,6.466666666666667,6.380555555555556,6.508333333333334,7.394444444444445,6.033333333333333,7.005555555555556,51.0,52.66666666666666,8963.0,10430.333333333334,7.2384,8.391463333333334,3140.46,3241.83,229.0,235.33333333333331,18.0,18.0,15.0,19.0,33.0,37.0,262.0,272.3333333333333,751.0,740.0,51.761281967163086,53.0849126180013,0.0,0.0,24.73333333333333,13.366666666666667,0.0,0.0,False,0.0,neutral,-3915.0,-34.0,-0.36666666666666625,True,False,False,101
p01,2.0,3.0,6,6.0,3.0,2.0,3.0,2020-02-11 21:36:45.914,2020-02-11,21.6,False,2020-02-11,False,1,0,1,138,1401.0,1056.0,723.0,True,False,5.983333333333333,5.916666666666667,97.0,96.66666666666669,6.066666666666666,6.383333333333333,6.591666666666667,6.947222222222223,6.516666666666667,6.555555555555556,51.0,51.66666666666666,15052.0,12737.333333333334,13.436510000000002,10.681136666666667,4160.98,3626.603333333333,257.0,255.0,28.0,22.666666666666668,70.0,38.66666666666666,98.0,61.333333333333336,355.0,316.3333333333333,723.0,703.3333333333334,51.68393611907959,52.2972526550293,210.0,70.0,33.55,24.55,33.55,11.183333333333332,False,-0.8834363493392416,bad,2174.0,31.0,0.16666666666666696,False,True,False,102
p01,2.0,3.0,7,5.0,2.0,2.0,3.0,2020-02-12 10:38:23.865,2020-02-12,10.633333333333333,False,2020-02-12,False,1,0,2,138,1423.0,1070.0,630.0,True,False,5.633333333333334,5.688888888888889,98.0,98.0,5.833333333333333,6.122222222222223,5.958333333333333,6.352777777777778,6.116666666666666,6.222222222222221,52.0,51.333333333333336,10533.0,11516.0,8.48808,9.720996666666666,3559.41,3620.283333333333,361.0,282.3333333333333,28.0,24.666666666666668,30.0,38.333333333333336,58.0,63.0,419.0,345.3333333333333,630.0,701.3333333333334,52.53243827819824,51.99255212148031,0.0,70.0,0.0,19.427777777777777,0.0,11.183333333333332,False,-0.8834363493392416,bad,-2834.5,-11.0,-0.18333333333333268,False,True,False,103
p01,3.0,3.0,7,5.0,2.0,3.0,3.0,2020-02-13 13:55:06.978,2020-02-13,13.916666666666666,False,2020-02-13,False,1,0,3,138,1412.0,1065.0,668.0,True,False,5.5,5.705555555555556,98.0,97.66666666666669,6.216666666666667,6.038888888888889,6.316666666666666,6.288888888888889,6.1,6.244444444444444,53.0,52.0,10839.0,12141.333333333334,8.751420000000001,10.225336666666667,3473.77,3731.3866666666663,350.0,322.6666666666667,9.0,21.666666666666668,46.0,48.66666666666666,55.0,70.33333333333333,405.0,393.0,668.0,673.6666666666666,53.02101135253906,52.41246191660563,0.0,70.0,41.81666666666666,25.12222222222222,0.0,11.183333333333332,False,0.0,neutral,-2039.0,-10.0,-0.2666666666666666,False,True,False,104
p01,1.0,3.0,3,4.0,2.0,2.0,3.0,2020-02-14 09:02:26.929,2020-02-14,9.033333333333331,False,2020-02-14,False,1,0,4,138,1384.0,1058.0,670.0,True,False,4.116666666666666,5.083333333333333,100.0,98.66666666666669,7.625,6.558333333333334,6.4,6.2250000000000005,4.766666666666667,5.661111111111111,51.0,52.0,13617.0,11663.0,11.75407,9.664523333333332,3875.5,3636.226666666667,359.0,356.6666666666667,6.0,14.333333333333334,39.0,38.333333333333336,45.0,52.66666666666666,404.0,409.3333333333333,670.0,656.0,51.06974029541016,52.207729975382485,150.0,50.0,35.083333333333336,25.633333333333336,35.083333333333336,11.694444444444445,False,-1.7668726986784833,bad,1251.0,-16.0,-1.5750000000000002,False,True,False,105
p01,2.0,3.0,4,7.0,3.0,3.0,3.0,2020-02-15 10:00:23.377,2020-02-15,10.0,False,2020-02-15,False,1,0,5,138,1414.0,1070.0,928.0,True,False,7.05,5.5555555555555545,94.0,97.33333333333331,6.283333333333333,6.708333333333333,8.275,6.997222222222223,7.983333333333333,6.283333333333334,53.0,52.333333333333336,7819.0,10758.333333333334,6.275480000000001,8.926990000000002,3216.34,3521.8700000000003,194.0,301.0,11.0,8.666666666666666,21.0,35.333333333333336,32.0,44.0,226.0,345.0,928.0,755.3333333333334,53.24045372009277,52.44373512268066,0.0,50.0,16.216666666666665,31.038888888888888,0.0,11.694444444444445,False,-0.8834363493392416,bad,-4547.0,-24.5,1.3999999999999995,False,False,False,106
p01,3.0,3.0,5,5.0,3.0,3.0,3.0,2020-02-17 23:18:38.519,2020-02-17,23.3,False,2020-02-17,False,1,0,0,138,1288.0,928.0,692.0,True,False,4.816666666666666,6.272222222222222,95.0,95.0,6.366666666666666,6.016666666666666,6.108333333333333,7.26111111111111,5.733333333333333,7.23888888888889,55.0,54.0,8837.0,8328.0,7.10498,6.690230000000001,3000.25,3108.295,244.0,219.0,9.0,10.0,15.0,18.0,24.0,28.0,268.0,247.0,692.0,810.0,55.23484134674072,54.23764753341675,0.0,0.0,16.216666666666665,10.81111111111111,0.0,0.0,False,0.0,neutral,-2847.0,-31.0,-0.9500000000000002,True,False,False,108
p01,3.0,3.0,6,6.0,3.0,3.0,3.0,2020-02-18 09:10:14.902,2020-02-18,9.166666666666666,False,2020-02-18,False,1,0,1,138,1415.0,1066.0,729.0,True,False,6.483333333333333,6.083333333333333,97.0,96.0,6.358333333333333,6.041666666666667,7.5,7.002777777777777,7.133333333333334,6.955555555555556,53.0,54.0,10674.0,9755.5,8.5485,7.826740000000001,3526.27,3263.26,345.0,294.5,10.0,9.5,12.0,13.5,22.0,23.0,367.0,317.5,729.0,710.5,53.84959506988525,54.54221820831299,0.0,0.0,0.0,5.405555555555555,0.0,0.0,False,0.0,neutral,-978.0,-31.0,0.791666666666667,False,True,False,109
p01,3.0,3.0,7,6.0,3.0,3.0,3.0,2020-02-19 11:04:33.865,2020-02-19,11.066666666666666,False,2020-02-19,False,1,0,2,138,1020.0,660.0,749.0,True,False,5.866666666666666,5.722222222222221,99.0,97.0,6.9,6.541666666666667,7.316666666666666,6.9750000000000005,6.416666666666667,6.427777777777778,54.0,54.0,,9755.5,,7.826740000000001,,3263.26,,294.5,,9.5,,13.5,,23.0,,317.5,,710.5,,54.54221820831299,0.0,0.0,46.56666666666666,20.927777777777777,0.0,0.0,True,0.0,neutral,,,0.17499999999999982,False,True,False,110
p01,3.0,3.0,8,5.0,3.0,3.0,3.0,2020-02-20 09:00:31.498,2020-02-20,9.0,False,2020-02-20,False,1,0,3,138,1415.0,1057.0,575.0,True,False,5.3,5.883333333333333,99.0,98.33333333333331,7.366666666666666,6.875,7.091666666666667,7.302777777777777,5.716666666666667,6.422222222222222,52.0,53.0,18691.0,14682.5,15.040030000000002,11.794265,4069.82,3798.045,415.0,380.0,14.0,12.0,51.0,31.5,65.0,43.5,480.0,423.5,575.0,652.0,52.256792068481445,53.05319356918335,0.0,0.0,60.583333333333336,35.71666666666667,0.0,0.0,False,0.0,neutral,7445.5,11.0,-0.4666666666666668,False,True,False,111
p01,3.0,3.0,8,4.0,3.0,3.0,3.0,2020-02-21 08:28:18.063,2020-02-21,8.466666666666667,False,2020-02-21,False,1,0,4,138,1397.0,1042.0,846.0,True,False,4.383333333333334,5.183333333333334,98.0,98.66666666666669,7.483333333333333,7.25,6.591666666666667,7.0,5.1,5.7444444444444445,51.0,52.333333333333336,7720.0,13205.5,6.232,10.636015,2981.19,3525.505,217.0,316.0,11.0,12.5,23.0,37.0,34.0,49.5,251.0,365.5,846.0,710.5,51.522735595703125,51.889763832092285,0.0,0.0,0.0,35.71666666666667,0.0,0.0,False,0.0,neutral,-4221.5,-21.0,-1.3083333333333327,False,True,False,112
p01,2.0,3.0,5,6.0,3.0,2.0,3.0,2020-02-22 09:00:35.086,2020-02-22,9.0,False,2020-02-22,False,1,0,5,138,1411.0,1053.0,678.0,True,False,6.3,5.327777777777778,97.0,98.0,6.95,7.266666666666667,7.916666666666667,7.2,6.966666666666667,5.927777777777777,51.0,51.333333333333336,17992.0,14801.0,15.13468,12.13557,4415.45,3822.153333333333,358.0,330.0,34.0,19.666666666666668,64.0,46.0,98.0,65.66666666666667,456.0,395.6666666666667,678.0,699.6666666666666,51.10006046295166,51.62652937571208,200.0,66.66666666666667,38.05,32.87777777777777,38.05,12.683333333333332,False,-0.8834363493392416,bad,6746.5,44.0,0.6499999999999995,False,False,False,113
p01,2.0,3.0,6,6.0,3.0,3.0,3.0,2020-02-23 10:00:23.827,2020-02-23,10.0,False,2020-02-23,False,1,0,6,138,1421.0,1066.0,539.0,True,False,6.833333333333333,5.838888888888889,95.0,96.66666666666669,6.591666666666667,7.008333333333334,8.191666666666666,7.566666666666667,7.6,6.5555555555555545,52.0,51.333333333333336,15947.0,13886.333333333334,12.8762,11.414293333333331,4015.1,3803.913333333333,459.0,344.6666666666667,8.0,17.666666666666668,16.0,34.333333333333336,24.0,52.0,483.0,396.6666666666667,539.0,687.6666666666666,52.19623851776123,51.606344858805336,0.0,66.66666666666667,25.58333333333333,21.21111111111111,0.0,12.683333333333332,False,-0.8834363493392416,bad,4005.5,-31.0,1.1833333333333327,True,False,False,114
p01,3.0,3.0,6,5.0,3.0,2.0,3.0,2020-02-24 22:51:11.871,2020-02-24,22.85,False,2020-02-24,False,1,0,0,138,1412.0,1056.0,576.0,True,False,5.25,6.127777777777777,95.0,95.66666666666669,6.233333333333333,6.591666666666666,6.3,7.469444444444445,6.066666666666666,6.877777777777777,51.0,51.333333333333336,12227.0,15388.666666666666,9.87023,12.627036666666667,3582.77,4004.44,378.0,398.3333333333333,27.0,23.0,3.0,27.666666666666668,30.0,50.66666666666666,408.0,449.0,576.0,597.6666666666666,51.04134941101074,51.44588279724121,0.0,66.66666666666667,0.0,21.21111111111111,0.0,12.683333333333332,False,0.0,neutral,285.5,-24.0,-0.40000000000000036,True,False,False,115
p01,3.0,3.0,7,4.0,3.0,3.0,3.0,2020-02-25 09:00:26.970,2020-02-25,9.0,False,2020-02-25,False,1,0,1,138,974.0,626.0,884.0,True,False,4.4,5.4944444444444445,97.0,95.66666666666669,7.7,6.841666666666666,6.775,7.088888888888889,5.066666666666666,6.2444444444444445,50.0,51.0,,14087.0,,11.373215000000002,,3798.935,,418.5,,17.5,,9.5,,27.0,,445.5,,557.5,,51.61879396438599,0.0,0.0,0.0,8.527777777777777,0.0,0.0,True,0.0,neutral,,,-1.25,False,True,False,116
p01,3.0,3.0,8,4.0,3.0,3.0,3.0,2020-02-26 08:43:51.288,2020-02-26,8.716666666666667,False,2020-02-26,False,1,0,2,138,1415.0,1056.0,831.0,True,False,4.933333333333334,4.861111111111112,97.0,96.33333333333331,7.875,7.269444444444445,7.25,6.775,5.366666666666666,5.5,51.0,50.66666666666666,7365.0,9796.0,5.940620000000001,7.905425000000001,3385.63,3484.2,267.0,322.5,30.0,28.5,8.0,5.5,38.0,34.0,305.0,356.5,831.0,703.5,51.16394710540772,51.10264825820923,0.0,0.0,0.0,0.0,0.0,0.0,False,0.0,neutral,-4862.0,-15.0,-0.7166666666666668,False,True,False,117
p01,2.0,3.0,6,5.0,3.0,2.0,3.0,2020-02-27 10:00:16.666,2020-02-27,10.0,False,2020-02-27,False,1,0,3,138,1414.0,1055.0,801.0,True,False,5.316666666666666,4.883333333333334,96.0,96.66666666666669,6.216666666666667,7.263888888888889,6.241666666666666,6.755555555555556,6.016666666666667,5.483333333333333,53.0,51.333333333333336,12554.0,9959.5,10.56531,8.252965,3747.61,3566.62,264.0,265.5,16.0,23.0,37.0,22.5,53.0,45.5,317.0,311.0,801.0,816.0,53.30293560028076,52.23344135284424,150.0,50.0,26.55,8.85,26.55,8.85,False,-0.8834363493392416,bad,902.0,8.0,-0.3333333333333339,False,True,False,118
p01,2.0,3.0,3,5.0,2.0,2.0,3.0,2020-02-28 09:02:27.747,2020-02-28,9.033333333333331,False,2020-02-28,False,1,0,4,138,1400.0,1052.0,685.0,True,False,5.3,5.183333333333334,94.0,95.66666666666669,6.625,6.905555555555556,6.6,6.697222222222222,5.966666666666667,5.783333333333334,54.0,52.66666666666666,19534.0,13151.0,15.686660000000002,10.730863333333334,4697.96,3943.7333333333336,209.0,246.66666666666663,70.0,38.66666666666666,115.0,53.333333333333336,185.0,92.0,394.0,338.6666666666667,685.0,772.3333333333334,54.84496307373047,53.10394859313965,560.0,236.66666666666663,108.36666666666667,44.97222222222223,86.18333333333334,37.577777777777776,False,-0.8834363493392416,bad,7307.0,132.0,-0.27500000000000036,False,True,False,119
p01,3.0,3.0,5,6.0,3.0,2.0,3.0,2020-02-29 09:02:32.978,2020-02-29,9.033333333333331,False,2020-02-29,False,1,0,5,138,1418.0,1060.0,710.0,True,False,6.033333333333333,5.55,94.0,94.66666666666669,6.733333333333333,6.525000000000001,7.633333333333334,6.825,6.9,6.294444444444444,55.0,54.0,12513.0,14867.0,10.1031,12.118356666666664,3630.11,4025.226666666667,347.0,273.3333333333333,9.0,31.666666666666668,16.0,56.0,25.0,87.66666666666667,372.0,361.0,710.0,732.0,55.253294944763184,54.46706453959147,0.0,236.66666666666663,0.0,44.97222222222223,0.0,37.577777777777776,False,0.0,neutral,286.0,-28.0,0.5250000000000004,False,False,False,120
p01,3.0,3.0,6,5.0,3.0,2.0,3.0,2020-03-01 12:19:20.552,2020-03-01,12.316666666666666,False,2020-03-01,False,1,0,6,138,1392.0,1032.0,420.0,True,False,5.766666666666667,5.7,96.0,94.66666666666669,7.508333333333334,6.955555555555556,7.808333333333334,7.347222222222221,6.3,6.388888888888888,55.0,54.66666666666666,21999.0,18015.33333333333,17.758270000000003,14.51601,4958.07,4428.713333333333,418.0,324.6666666666667,125.0,68.0,63.0,64.66666666666667,188.0,132.66666666666666,606.0,457.3333333333333,420.0,605.0,55.9315185546875,55.34325885772705,0.0,186.66666666666663,22.183333333333334,43.51666666666667,0.0,28.727777777777774,False,0.0,neutral,9772.0,143.0,0.19166666666666643,True,False,False,121
p01,2.0,3.0,3,6.0,3.0,2.0,3.0,2020-03-02 06:44:55.857,2020-03-02,6.733333333333333,False,2020-03-02,False,1,0,0,138,1372.0,1012.0,506.0,True,False,6.1,5.966666666666666,94.0,94.66666666666669,5.733333333333333,6.658333333333334,6.533333333333333,7.325,6.8,6.666666666666667,54.0,54.66666666666666,21553.0,18688.33333333333,17.40474,15.088703333333331,4790.81,4459.663333333334,340.0,368.3333333333333,146.0,93.33333333333331,70.0,49.66666666666666,216.0,143.0,556.0,511.3333333333333,506.0,545.3333333333334,54.52877616882324,55.23786322275797,0.0,0.0,24.75,15.644444444444446,0.0,0.0,False,-0.8834363493392416,bad,9326.0,171.0,0.5249999999999995,True,False,False,122
p01,3.0,3.0,6,6.0,3.0,2.0,3.0,2020-03-03 07:53:52.028,2020-03-03,7.883333333333333,False,2020-03-03,False,1,0,1,138,1413.0,1062.0,748.0,True,False,6.233333333333333,6.033333333333332,99.0,96.33333333333331,5.583333333333333,6.275,6.316666666666666,6.88611111111111,6.733333333333333,6.611111111111111,54.0,54.333333333333336,11335.0,18295.666666666668,9.13105,14.764686666666668,3266.51,4338.463333333333,252.0,336.6666666666667,13.0,94.66666666666669,19.0,50.66666666666666,32.0,145.33333333333334,284.0,482.0,748.0,558.0,54.61709690093994,55.02579720815023,0.0,0.0,22.183333333333334,23.03888888888889,0.0,0.0,False,0.0,neutral,-1178.0,-21.0,0.6583333333333332,False,True,False,123
p01,3.0,3.0,7,5.0,2.0,2.0,3.0,2020-03-04 09:00:48.150,2020-03-04,9.0,False,2020-03-04,False,1,0,2,138,1417.0,1069.0,781.0,True,False,5.0,5.777777777777779,96.0,96.33333333333331,6.608333333333333,5.9750000000000005,6.308333333333334,6.38611111111111,5.7,6.411111111111111,53.0,53.66666666666666,10117.0,14335.0,8.149610000000001,11.5618,3221.1,3759.473333333333,194.0,262.0,22.0,60.333333333333336,39.0,42.66666666666666,61.0,103.0,255.0,365.0,781.0,678.3333333333334,53.060065269470215,54.0686461130778,0.0,0.0,16.216666666666665,21.05,0.0,0.0,False,0.0,neutral,-2396.0,16.0,-0.6500000000000004,False,True,False,124
p01,3.0,3.0,8,6.0,3.0,3.0,2.0,2020-03-05 11:40:49.764,2020-03-05,11.666666666666666,False,2020-03-05,False,1,0,3,138,1408.0,1057.0,453.0,True,False,5.966666666666667,5.733333333333333,97.0,97.33333333333331,5.758333333333334,5.983333333333333,6.516666666666667,6.380555555555556,6.75,6.394444444444445,52.0,53.0,13093.0,11515.0,10.54147,9.274043333333331,4093.69,3527.1,605.0,350.3333333333333,24.0,19.666666666666668,16.0,24.666666666666668,40.0,44.333333333333336,645.0,394.6666666666667,453.0,660.6666666666666,52.8782901763916,53.518484115600586,0.0,0.0,0.0,12.8,0.0,0.0,False,-1.445623117100577,bad,580.0,-13.0,0.31666666666666643,False,True,False,125
p01,2.0,3.0,2,6.0,2.0,1.0,3.0,2020-03-06 10:15:18.645,2020-03-06,10.25,False,2020-03-06,False,1,0,4,138,1331.0,982.0,451.0,True,False,6.15,5.705555555555556,94.0,95.66666666666669,5.75,6.038888888888889,6.733333333333333,6.519444444444445,6.983333333333333,6.477777777777778,52.0,52.333333333333336,20119.0,14443.0,16.710150000000002,11.80041,5053.12,4122.636666666666,416.0,405.0,41.0,29.0,127.0,60.66666666666666,168.0,89.66666666666667,584.0,494.6666666666667,451.0,561.6666666666666,52.32710361480713,52.75515302022298,570.0,190.0,100.78333333333332,39.0,100.78333333333332,33.59444444444444,False,-0.8834363493392416,bad,7606.0,123.0,0.43333333333333357,False,True,False,126
p01,3.0,3.0,6,6.0,3.0,2.0,3.0,2020-03-07 09:01:48.211,2020-03-07,9.016666666666667,False,2020-03-07,False,1,0,5,138,1392.0,1042.0,691.0,True,False,6.533333333333333,6.216666666666666,97.0,96.0,6.291666666666667,5.933333333333334,7.808333333333334,7.019444444444445,7.516666666666667,7.083333333333333,52.0,52.0,10480.0,14564.0,8.46649,11.906036666666669,3368.04,4171.616666666667,290.0,437.0,15.0,26.666666666666668,25.0,56.0,40.0,82.66666666666667,330.0,519.6666666666666,691.0,531.6666666666666,52.00973796844482,52.40504391988119,0.0,190.0,30.716666666666665,43.833333333333336,0.0,33.59444444444444,False,0.0,neutral,-2033.0,-5.0,0.7166666666666668,False,False,False,127
p01,3.0,3.0,7,6.0,2.0,3.0,3.0,2020-03-08 09:06:45.340,2020-03-08,9.1,False,2020-03-08,False,1,0,6,138,1422.0,1062.0,722.0,True,False,6.183333333333334,6.288888888888889,96.0,95.66666666666669,6.2,6.080555555555556,7.091666666666667,7.211111111111111,6.883333333333334,7.127777777777777,52.0,52.0,12847.0,14482.0,10.35583,11.844156666666668,3443.7,3954.953333333333,157.0,287.6666666666667,40.0,32.0,70.0,74.0,110.0,106.0,267.0,393.6666666666667,722.0,621.3333333333334,52.72003936767578,52.35229365030924,0.0,190.0,54.61666666666666,62.03888888888889,0.0,33.59444444444444,False,0.0,neutral,334.0,65.0,0.36666666666666714,True,False,False,128
p01,3.0,3.0,7,5.0,3.0,3.0,3.0,2020-03-09 11:28:36.473,2020-03-09,11.466666666666669,False,2020-03-09,False,1,0,0,138,1408.0,1050.0,647.0,True,False,5.566666666666666,6.094444444444444,98.0,97.0,6.25,6.247222222222223,6.491666666666666,7.130555555555556,6.233333333333333,6.877777777777777,52.0,52.0,13115.0,12147.333333333334,10.59088,9.8044,3568.32,3460.02,312.0,253.0,27.0,27.33333333333333,41.0,45.333333333333336,68.0,72.66666666666667,380.0,325.6666666666667,647.0,686.6666666666666,52.68251419067383,52.47076384226481,0.0,0.0,25.6,36.97777777777778,0.0,0.0,False,0.0,neutral,602.0,23.0,-0.25,True,False,False,129
p01,3.0,3.0,8,5.0,3.0,3.0,3.0,2020-03-10 10:02:23.461,2020-03-10,10.033333333333331,False,2020-03-10,False,1,0,1,138,1402.0,1058.0,816.0,True,False,5.433333333333334,5.727777777777778,97.0,97.0,5.883333333333334,6.111111111111111,6.05,6.544444444444444,6.166666666666667,6.427777777777778,51.0,51.66666666666666,7240.0,11067.333333333334,5.84459,8.930433333333335,2952.43,3321.4833333333336,250.0,239.66666666666663,0.0,22.33333333333333,0.0,37.0,0.0,59.333333333333336,250.0,299.0,816.0,728.3333333333334,51.32135009765625,52.24130121866862,0.0,0.0,15.366666666666667,31.86111111111111,0.0,0.0,False,0.0,neutral,-5314.0,-53.0,-0.38333333333333286,False,True,False,130
p01,3.0,3.0,7,5.0,3.0,2.0,3.0,2020-03-12 09:05:31.611,2020-03-12,9.083333333333334,False,2020-03-12,False,1,0,3,138,633.0,629.0,1225.0,True,False,5.516666666666667,5.475,97.0,97.0,6.733333333333333,6.308333333333334,6.983333333333333,6.516666666666667,6.25,6.208333333333334,51.0,51.0,,10260.0,,8.560925000000001,,3352.94,,219.5,,12.0,,30.0,,42.0,,261.5,,,,51.37598514556885,0.0,66.66666666666667,0.0,23.566666666666663,0.0,12.47222222222222,True,0.0,neutral,,,-0.25,False,True,True,132
p01,3.0,3.0,8,6.0,3.0,3.0,3.0,2020-03-13 11:02:31.429,2020-03-13,11.033333333333331,False,2020-03-13,False,1,0,4,138,1414.0,1066.0,823.0,True,False,6.483333333333333,6.0,94.0,95.5,6.15,6.441666666666666,7.375,7.179166666666667,7.216666666666667,6.733333333333333,52.0,51.5,9835.0,11557.5,7.91548,9.59637,3187.45,3470.45,200.0,194.5,18.0,21.0,24.0,42.0,42.0,63.0,242.0,257.5,823.0,,52.08916664123535,51.7598934173584,0.0,66.66666666666667,23.883333333333333,26.405555555555555,0.0,12.47222222222222,False,0.0,neutral,-2865.5,-0.5,0.7166666666666668,False,True,True,133
p01,3.0,3.0,8,7.0,3.0,3.0,3.0,2020-03-14 09:59:49.345,2020-03-14,9.983333333333333,False,2020-03-14,False,1,0,5,138,1417.0,1057.0,768.0,True,False,7.433333333333334,6.477777777777778,98.0,96.33333333333331,6.475,6.452777777777778,8.616666666666667,7.658333333333334,8.133333333333333,7.2,50.0,51.0,8744.0,9289.5,7.019380000000001,7.46743,3051.75,3119.6,205.0,202.5,19.0,18.5,15.0,19.5,34.0,38.0,239.0,240.5,768.0,795.5,50.45013904571533,51.26965284347534,0.0,0.0,0.0,7.961111111111111,0.0,0.0,False,0.0,neutral,-3789.5,-7.0,1.5666666666666673,False,False,True,134
p01,2.0,3.0,4,5.0,2.0,2.0,3.0,2020-03-15 23:48:57.301,2020-03-15,23.8,False,2020-03-15,False,1,0,6,138,1337.0,977.0,736.0,True,False,5.016666666666667,6.311111111111111,95.0,95.66666666666669,6.766666666666667,6.463888888888889,6.641666666666667,7.544444444444444,5.866666666666666,7.072222222222223,50.0,50.66666666666666,9026.0,9201.666666666666,8.17885,7.704570000000001,3207.16,3148.786666666667,168.0,191.0,10.0,15.666666666666666,38.0,25.666666666666668,48.0,41.333333333333336,216.0,232.33333333333331,736.0,775.6666666666666,50.21042537689209,50.91657702128092,180.0,60.0,44.21666666666667,22.7,24.716666666666665,8.238888888888889,False,-0.8834363493392416,bad,-3507.5,7.0,-0.8499999999999996,True,False,True,135
p01,2.0,3.0,6,5.0,2.0,2.0,3.0,2020-03-16 07:52:28.674,2020-03-16,7.866666666666667,False,2020-03-16,False,1,0,0,138,1406.0,1046.0,826.0,True,False,5.75,6.066666666666666,98.0,97.0,5.916666666666667,6.38611111111111,6.616666666666666,7.291666666666667,6.7,6.9,51.0,50.333333333333336,9937.0,9235.666666666666,7.914010000000001,7.704080000000001,3233.19,3164.0333333333333,200.0,191.0,14.0,14.333333333333334,48.0,33.666666666666664,62.0,48.0,262.0,239.0,826.0,776.6666666666666,51.24338340759277,50.6346492767334,,90.0,62.3,35.50555555555555,,12.358333333333333,False,-0.8834363493392416,bad,-2576.0,20.0,-0.016666666666666607,True,False,True,136
p01,2.0,3.0,7,7.0,3.0,3.0,2.0,2020-03-17 08:13:38.245,2020-03-17,8.216666666666667,False,2020-03-17,False,1,0,1,138,1407.0,1051.0,845.0,True,False,7.883333333333334,6.216666666666666,100.0,97.66666666666669,3.7666666666666666,5.483333333333333,6.691666666666666,6.65,8.916666666666666,7.161111111111111,50.0,50.333333333333336,6939.0,8634.0,5.603350000000001,7.23207,2878.29,3106.213333333333,137.0,168.33333333333334,31.0,18.33333333333333,25.0,37.0,56.0,55.333333333333336,193.0,223.66666666666663,845.0,802.3333333333334,50.49125576019287,50.64835484822592,,,16.216666666666665,40.91111111111111,,,False,-2.3290594664398183,bad,-5574.0,8.0,2.116666666666667,False,True,True,137
p01,3.0,3.0,7,5.0,2.0,3.0,2.0,2020-03-18 23:13:50.889,2020-03-18,23.216666666666665,False,2020-03-18,False,1,0,2,138,1024.0,682.0,711.0,True,False,7.116666666666666,6.916666666666667,99.0,99.0,6.166666666666667,5.283333333333334,7.975,7.094444444444444,7.8,7.805555555555554,50.0,50.333333333333336,,8438.0,,6.758680000000001,,3055.74,,168.5,,22.5,,36.5,,59.0,,227.5,,835.5,,50.86731958389282,,,41.81666666666666,40.11111111111111,,,True,-1.445623117100577,bad,,,1.3499999999999996,False,True,True,138
p01,2.0,3.0,7,5.0,2.0,3.0,2.0,2020-03-19 17:19:53.035,2020-03-19,17.316666666666666,False,2020-03-19,False,1,0,3,138,1408.0,1048.0,811.0,True,False,5.533333333333333,6.844444444444444,97.0,98.66666666666669,7.033333333333333,5.655555555555555,7.333333333333333,7.333333333333333,6.3,7.672222222222222,50.0,50.0,6403.0,6671.0,5.1703,5.386825,2838.67,2858.48,112.0,124.5,16.0,23.5,33.0,29.0,49.0,52.5,161.0,177.0,811.0,828.0,50.257466316223145,50.37436103820801,,,0.0,19.344444444444445,,,False,-2.3290594664398183,bad,-6110.0,-4.0,-0.2333333333333334,False,True,True,139
p01,2.0,2.0,7,5.0,2.0,3.0,2.0,2020-03-20 12:08:03.454,2020-03-20,12.133333333333333,False,2020-03-20,False,1,0,4,138,1377.0,1030.0,807.0,True,False,5.683333333333334,6.111111111111111,99.0,98.33333333333331,6.383333333333334,6.527777777777779,6.725,7.344444444444444,6.333333333333333,6.811111111111111,49.0,49.66666666666666,8331.0,7367.0,6.66736,5.91883,3178.23,3008.45,204.0,158.0,29.0,22.5,22.0,27.5,51.0,50.0,255.0,208.0,807.0,809.0,49.03186798095703,49.64466714859009,,,38.71666666666667,26.844444444444445,,,False,-4.025905065684993,bad,-3896.0,2.0,-0.08333333333333304,False,True,True,140
p01,2.0,3.0,7,6.0,3.0,2.0,2.0,2020-03-21 12:00:39.448,2020-03-21,12.0,False,2020-03-21,False,1,0,5,138,1387.0,1035.0,859.0,True,False,6.35,5.855555555555555,98.0,98.0,6.416666666666667,6.611111111111112,7.641666666666667,7.233333333333333,7.216666666666667,6.616666666666667,49.0,49.333333333333336,7189.0,7307.666666666667,5.80436,5.880673333333334,2901.77,2972.89,156.0,157.33333333333334,15.0,20.0,30.0,28.33333333333333,45.0,48.333333333333336,201.0,205.66666666666663,859.0,825.6666666666666,49.66581630706787,49.65171686808268,,,0.0,12.905555555555557,,,False,-2.3290594664398183,bad,-5038.0,-6.0,0.583333333333333,False,False,True,141
p01,3.0,3.0,8,6.0,3.0,3.0,3.0,2020-03-22 09:01:05.025,2020-03-22,9.016666666666667,False,2020-03-22,False,1,0,6,138,1398.0,1041.0,657.0,True,False,6.8,6.277777777777778,98.0,98.33333333333331,6.466666666666667,6.422222222222222,8.033333333333333,7.466666666666666,7.566666666666666,7.038888888888889,50.0,49.333333333333336,14653.0,10057.666666666666,11.83707,8.10293,3748.94,3276.313333333333,249.0,203.0,31.0,25.0,70.0,40.66666666666666,101.0,65.66666666666667,350.0,268.6666666666667,657.0,774.3333333333334,50.4773588180542,49.72501436869303,,,109.61666666666666,49.44444444444444,,,False,0.0,neutral,3318.0,52.0,1.0333333333333332,True,False,True,142
p01,3.0,3.0,8,6.0,3.0,3.0,3.0,2020-03-23 10:39:13.863,2020-03-23,10.65,False,2020-03-23,False,1,0,0,138,1257.0,899.0,793.0,True,False,6.25,6.466666666666666,99.0,98.33333333333331,6.466666666666667,6.45,7.525,7.733333333333333,7.05,7.277777777777779,50.0,49.66666666666666,4773.0,8871.666666666666,3.82426,7.15523,2785.38,3145.363333333333,168.0,191.0,14.0,20.0,11.0,37.0,25.0,57.0,193.0,248.0,793.0,769.6666666666666,50.55702304840088,50.23339939117432,,,0.0,36.53888888888888,,,False,0.0,neutral,-6562.0,-26.0,0.4833333333333334,True,False,True,143
p01,3.0,3.0,8,7.0,3.0,3.0,2.0,2020-03-24 18:03:13.372,2020-03-24,18.05,False,2020-03-24,False,1,0,1,138,1425.0,1065.0,824.0,True,False,7.3,6.783333333333334,98.0,98.33333333333331,5.758333333333334,6.230555555555557,7.958333333333333,7.838888888888889,8.2,7.605555555555555,50.0,50.0,5897.0,8441.0,4.76147,6.807600000000001,2854.75,3129.69,149.0,188.66666666666663,13.0,19.33333333333333,31.0,37.333333333333336,44.0,56.66666666666666,193.0,245.33333333333331,824.0,758.0,50.543996810913086,50.52612622578939,,,0.0,36.53888888888888,,,False,-1.445623117100577,bad,-4583.0,-7.0,1.333333333333333,False,True,True,144
p01,3.0,3.0,8,5.0,2.0,3.0,3.0,2020-03-25 12:25:45.031,2020-03-25,12.416666666666666,False,2020-03-25,False,1,0,2,138,1416.0,1058.0,781.0,True,False,5.783333333333333,6.444444444444444,99.0,98.66666666666669,6.833333333333333,6.352777777777778,7.558333333333334,7.680555555555554,6.716666666666667,7.322222222222222,50.0,50.0,5439.0,5369.666666666667,4.391,4.325576666666668,2798.69,2812.94,151.0,156.0,3.0,10.0,13.0,18.33333333333333,16.0,28.33333333333333,167.0,184.33333333333331,781.0,799.3333333333334,50.58268165588379,50.56123383839925,,,0.0,0.0,,,False,0.0,neutral,-4859.5,-34.0,-0.25,False,True,True,145
p01,2.0,2.0,6,5.0,2.0,3.0,2.0,2020-03-27 22:44:34.942,2020-03-27,22.73333333333333,False,2020-03-27,False,1,0,4,138,1423.0,1063.0,771.0,True,False,5.116666666666666,5.938888888888889,97.0,98.0,8.45,7.166666666666667,8.208333333333334,7.877777777777777,5.75,6.705555555555556,50.0,50.0,7357.0,7305.666666666667,5.9466,5.901500000000001,3104.16,3021.083333333333,142.0,159.66666666666666,26.0,13.333333333333334,42.0,32.666666666666664,68.0,46.0,210.0,205.66666666666663,771.0,783.0,50.62141036987305,50.49938360850016,,,43.516666666666666,33.56666666666666,,,False,-4.025905065684993,bad,-2670.0,18.0,-0.9833333333333334,False,True,True,147
p01,3.0,3.0,8,6.0,3.0,3.0,3.0,2020-03-28 13:07:09.493,2020-03-28,13.116666666666667,False,2020-03-28,False,1,0,5,138,1433.0,1075.0,821.0,True,False,5.9,5.977777777777778,96.0,97.0,7.058333333333334,7.241666666666667,7.766666666666667,7.947222222222223,6.7,6.7,50.0,50.0,11532.0,9336.666666666666,9.2212,7.511566666666667,3383.74,3216.1,181.0,169.66666666666666,28.0,21.666666666666668,65.0,50.0,93.0,71.66666666666667,274.0,241.33333333333331,821.0,796.3333333333334,50.23250770568848,50.38265895843506,,,83.63333333333333,61.44444444444444,,,False,0.0,neutral,1646.0,43.0,-0.1999999999999993,False,False,True,148
p01,3.0,3.0,8,5.0,3.0,3.0,3.0,2020-03-29 10:02:16.282,2020-03-29,10.033333333333331,False,2020-03-29,False,1,0,6,138,1411.0,1051.0,679.0,True,False,5.816666666666666,5.611111111111111,99.0,97.33333333333331,6.775,7.427777777777777,8.675,8.216666666666667,7.9,6.783333333333334,51.0,50.333333333333336,16448.0,11779.0,13.264600000000002,9.477466666666668,3967.8,3485.233333333333,207.0,176.66666666666666,69.0,41.0,83.0,63.333333333333336,152.0,104.33333333333331,359.0,281.0,679.0,757.0,51.12517356872559,50.65969721476237,,,93.01666666666668,73.38888888888887,,,False,0.0,neutral,6562.0,99.5,-0.2833333333333332,True,False,True,149
p01,3.0,3.0,8,6.0,3.0,3.0,3.0,2020-03-30 09:24:02.816,2020-03-30,9.4,False,2020-03-30,False,1,0,0,138,1429.0,1069.0,840.0,True,False,6.433333333333334,6.05,98.0,97.66666666666669,6.283333333333333,6.705555555555556,7.333333333333333,7.925,7.05,7.216666666666666,53.0,51.333333333333336,6698.0,11559.333333333334,5.410760000000001,9.298853333333334,2832.94,3394.8266666666664,145.0,177.66666666666666,19.0,38.66666666666666,22.0,56.66666666666666,41.0,95.33333333333331,186.0,273.0,840.0,780.0,53.07050037384033,51.47606054941813,,,17.933333333333334,64.8611111111111,,,False,0.0,neutral,-3188.0,-11.5,0.3333333333333339,True,False,True,150
p02,3.0,4.0,8,9.0,4.0,3.0,4.0,2019-11-03 21:02:05.599,2019-11-03,21.03333333333333,False,2019-11-03,False,1,0,6,99,0.0,0.0,1440.0,False,False,,,,,,,,,,,,,,,,,,,,,,,,,,,,,,,,,,,,,,,True,4.826381531380579,good,,,,True,False,False,2
p02,4.0,3.0,7,7.0,2.0,3.0,3.0,2019-11-06 21:00:40.153,2019-11-06,21.0,False,2019-11-06,False,1,0,2,99,138.0,138.0,1424.0,True,False,6.45,,93.0,,5.35,,6.9,,7.55,,,,,,,,,,,,,,,,,,,,,,,,0.0,413.3333333333333,,,,,True,2.6899720031450283,good,,,,False,True,False,5
p02,3.0,3.0,7,7.0,3.0,2.0,3.0,2019-11-07 20:54:19.353,2019-11-07,20.9,False,2019-11-07,False,1,0,3,99,1388.0,1054.0,707.0,True,False,6.383333333333334,6.416666666666667,90.0,91.5,5.2,5.275,6.158333333333333,6.529166666666667,6.95,7.25,45.0,,17228.0,,14.4386,,3134.3,,183.0,,20.0,,77.0,,97.0,,280.0,,707.0,,,,490.0,163.33333333333334,83.93333333333334,,68.56666666666666,,False,0.0,neutral,,,,False,True,False,6
p02,3.0,3.0,7,7.0,3.0,3.0,3.0,2019-11-08 09:49:32.440,2019-11-08,9.816666666666666,False,2019-11-08,False,1,0,4,99,1400.0,1045.0,689.0,True,False,6.483333333333333,6.438888888888889,98.0,93.66666666666669,5.516666666666667,5.355555555555555,7.483333333333333,6.847222222222221,7.966666666666667,7.48888888888889,46.0,45.5,16074.0,16651.0,12.146,13.2923,3404.18,3269.24,222.0,202.5,14.0,17.0,98.0,87.5,112.0,104.5,334.0,307.0,689.0,698.0,,,0.0,163.33333333333334,75.08333333333333,79.50833333333333,29.866666666666667,49.21666666666667,False,0.0,neutral,,,,False,True,False,7
p02,3.0,3.0,5,7.0,3.0,3.0,3.0,2019-11-09 12:37:24.702,2019-11-09,12.616666666666667,False,2019-11-09,False,1,0,5,99,1406.0,1051.0,638.0,True,False,4.5,5.788888888888889,94.0,94.0,6.683333333333334,5.8,5.816666666666666,6.486111111111112,5.133333333333334,6.683333333333334,46.0,45.66666666666666,17375.0,16892.333333333332,14.1108,13.565133333333335,3557.44,3365.306666666667,227.0,210.66666666666663,17.0,17.0,80.0,85.0,97.0,102.0,324.0,312.6666666666667,638.0,678.0,,,660.0,383.3333333333333,78.5,79.17222222222222,63.15,53.86111111111111,False,0.0,neutral,,,,False,False,False,8
p02,3.0,3.0,6,6.0,3.0,3.0,3.0,2019-11-10 11:17:14.743,2019-11-10,11.283333333333331,False,2019-11-10,False,1,0,6,99,1385.0,1031.0,799.0,True,False,6.95,5.977777777777778,99.0,97.0,7.066666666666666,6.422222222222222,8.883333333333333,7.394444444444445,7.816666666666666,6.972222222222221,48.0,46.66666666666666,18903.0,17450.666666666668,14.0204,13.425733333333334,3598.74,3520.1200000000003,177.0,208.66666666666663,28.0,19.666666666666668,128.0,102.0,156.0,121.66666666666669,333.0,330.3333333333333,799.0,708.6666666666666,,,0.0,220.0,124.58333333333334,92.72222222222224,0.0,31.00555555555556,False,0.0,neutral,,,,True,False,False,9
p02,3.0,3.0,8,6.0,3.0,3.0,3.0,2019-11-11 21:07:25.796,2019-11-11,21.116666666666667,False,2019-11-11,False,1,0,0,99,1415.0,1062.0,599.0,True,False,6.383333333333334,5.9444444444444455,91.0,94.66666666666669,5.3,6.3500000000000005,6.541666666666667,7.080555555555556,7.233333333333333,6.727777777777778,47.0,47.0,15647.0,17308.333333333332,11.3929,13.1747,3633.83,3596.67,227.0,210.33333333333331,36.0,27.0,109.0,105.66666666666669,145.0,132.66666666666666,372.0,343.0,599.0,678.6666666666666,,,0.0,220.0,115.3,106.12777777777778,38.48333333333333,33.87777777777777,False,0.0,neutral,,,,True,False,False,10
p02,3.0,2.0,6,7.0,3.0,3.0,3.0,2019-11-13 14:50:54.685,2019-11-13,14.833333333333334,False,2019-11-13,False,1,0,2,99,1356.0,1005.0,741.0,True,False,5.983333333333333,5.344444444444445,98.0,95.66666666666669,5.308333333333334,5.319444444444444,6.65,5.638888888888889,7.333333333333333,6.311111111111111,46.0,46.333333333333336,15502.0,17713.333333333332,11.3262,13.551333333333334,3754.74,3785.73,153.0,164.33333333333334,19.0,31.33333333333333,150.0,134.0,169.0,165.33333333333334,322.0,329.6666666666667,741.0,683.6666666666666,,,200.0,226.66666666666663,196.8,144.65555555555557,84.16666666666667,67.56666666666666,False,-2.0993047133336082,bad,,,,False,True,False,12
p02,3.0,3.0,5,6.0,3.0,3.0,3.0,2019-11-15 09:00:31.756,2019-11-15,9.0,False,2019-11-15,False,1,0,4,99,1360.0,1004.0,813.0,True,False,5.7,5.977777777777778,93.0,96.66666666666669,5.491666666666666,5.383333333333333,6.158333333333333,6.43888888888889,6.666666666666667,7.05,47.0,46.333333333333336,9948.0,15606.333333333334,7.345400000000001,11.812766666666668,2906.18,3670.18,98.0,170.33333333333334,12.0,26.666666666666668,88.0,122.0,100.0,148.66666666666666,198.0,319.0,813.0,705.6666666666666,,,0.0,173.33333333333334,57.18333333333334,114.91666666666669,0.0,52.05555555555557,False,0.0,neutral,,,,False,True,False,14
p02,3.0,3.0,4,7.0,3.0,3.0,3.0,2019-11-17 11:07:32.818,2019-11-17,11.116666666666667,False,2019-11-17,False,1,0,6,99,1371.0,1035.0,612.0,True,False,5.333333333333333,5.861111111111111,96.0,93.66666666666669,8.641666666666667,7.275000000000001,8.691666666666666,8.225,6.05,6.95,50.0,48.0,16322.0,13496.333333333334,13.3172,10.316300000000002,3835.32,3514.7966666666666,209.0,185.66666666666663,46.0,30.0,85.0,93.66666666666669,131.0,123.66666666666669,340.0,309.3333333333333,612.0,691.6666666666666,,,420.0,193.33333333333331,68.8,77.85555555555555,68.8,39.73333333333333,False,0.0,neutral,,,,True,False,False,16
p02,3.0,3.0,5,7.0,3.0,3.0,3.0,2019-11-18 09:24:38.763,2019-11-18,9.4,False,2019-11-18,False,1,0,0,99,1392.0,1040.0,875.0,True,False,5.633333333333334,5.838888888888889,96.0,94.66666666666669,5.616666666666666,7.316666666666666,6.108333333333333,8.208333333333334,6.483333333333333,6.888888888888888,49.0,48.66666666666666,4918.0,11819.666666666666,3.6625,9.088666666666668,2392.35,3343.52,191.0,216.66666666666663,7.0,28.33333333333333,4.0,65.66666666666667,11.0,94.0,202.0,310.6666666666667,875.0,712.3333333333334,,,0.0,193.33333333333331,0.0,58.79444444444445,0.0,39.73333333333333,False,0.0,neutral,,,,True,False,False,17
p02,2.0,3.0,4,7.0,3.0,2.0,3.0,2019-11-19 09:00:26.133,2019-11-19,9.0,False,2019-11-19,False,1,0,1,99,1364.0,1010.0,676.0,True,False,6.55,5.838888888888889,96.0,96.0,5.275,6.51111111111111,6.45,7.083333333333333,7.166666666666667,6.566666666666666,48.0,49.0,24041.0,15093.666666666666,19.4565,12.145400000000002,4714.26,3647.31,126.0,175.33333333333334,34.0,29.0,215.0,101.33333333333331,249.0,130.33333333333334,375.0,305.6666666666667,676.0,721.0,,,810.0,410.0,204.51666666666665,91.10555555555555,122.58333333333331,63.79444444444445,False,-2.6899720031450283,bad,,,,False,True,False,18
p02,3.0,3.0,6,7.0,3.0,3.0,3.0,2019-11-20 09:29:43.261,2019-11-20,9.483333333333333,False,2019-11-20,False,1,0,2,99,663.0,306.0,960.0,True,False,5.366666666666666,5.8500000000000005,91.0,94.33333333333331,5.45,5.447222222222223,5.708333333333333,6.088888888888889,6.25,6.633333333333334,47.0,48.0,,14479.5,,11.559500000000002,,3553.3050000000003,,158.5,,20.5,,109.5,,130.0,,288.5,,775.5,,,210.0,340.0,0.0,68.17222222222222,0.0,40.86111111111111,True,0.0,neutral,,,-0.9500000000000002,False,True,False,19
p02,3.0,3.0,4,6.0,3.0,3.0,3.0,2019-11-22 09:38:43.971,2019-11-22,9.633333333333333,False,2019-11-22,False,1,0,4,99,1404.0,1046.0,775.0,True,False,6.3,5.75,99.0,93.33333333333331,5.616666666666666,5.586111111111111,6.875,6.444444444444444,7.25,6.8500000000000005,47.0,47.0,12469.0,16052.0,9.2425,11.94725,3053.89,3271.44,147.0,139.5,11.0,18.5,84.0,114.0,95.0,132.5,242.0,272.0,775.0,769.0,,,140.0,116.66666666666669,91.31666666666666,88.47222222222221,0.0,0.0,False,0.0,neutral,-4306.0,-47.5,0.18333333333333268,False,True,False,21
p02,3.0,3.0,5,6.0,3.0,3.0,3.0,2019-11-23 15:35:23.949,2019-11-23,15.583333333333334,False,2019-11-23,False,1,0,5,99,1411.0,1052.0,725.0,True,False,7.533333333333333,6.472222222222221,91.0,93.33333333333331,6.425,5.911111111111111,8.908333333333333,7.51111111111111,8.483333333333333,7.594444444444444,48.0,47.333333333333336,11579.0,14561.0,8.1414,10.678633333333336,3863.55,3468.81,118.0,132.33333333333334,10.0,15.666666666666666,152.0,126.66666666666669,162.0,142.33333333333334,280.0,274.6666666666667,725.0,754.3333333333334,,,250.0,130.0,171.53333333333333,145.65,154.46666666666667,51.48888888888889,False,0.0,neutral,-4743.0,22.0,1.2833333333333332,False,False,False,22
p02,3.0,3.0,2,6.0,3.0,3.0,3.0,2019-11-24 16:19:07.633,2019-11-24,16.316666666666666,False,2019-11-24,False,1,0,6,99,1395.0,1044.0,475.0,True,False,4.083333333333333,5.972222222222222,94.0,94.66666666666669,10.925,7.655555555555556,9.65,8.477777777777778,4.716666666666667,6.816666666666666,48.0,47.66666666666666,17081.0,13709.666666666666,12.7361,10.04,3595.99,3504.476666666667,331.0,198.66666666666663,35.0,18.666666666666668,90.0,108.66666666666669,125.0,127.33333333333331,456.0,326.0,475.0,658.3333333333334,,,0.0,130.0,56.31666666666667,106.38888888888889,0.0,51.48888888888889,False,0.0,neutral,883.0,-17.5,-2.1916666666666673,True,False,False,23
p02,3.0,3.0,6,6.0,3.0,3.0,3.0,2019-11-25 07:39:55.539,2019-11-25,7.65,False,2019-11-25,False,1,0,0,99,1427.0,1068.0,895.0,True,False,6.966666666666667,6.1944444444444455,96.0,93.66666666666669,5.191666666666666,7.513888888888889,6.658333333333333,8.405555555555557,7.466666666666667,6.888888888888888,47.0,47.66666666666666,3132.0,10597.333333333334,2.3321,7.736533333333334,2304.31,3254.6166666666663,167.0,205.33333333333331,0.0,15.0,0.0,80.66666666666667,0.0,95.66666666666669,167.0,301.0,895.0,698.3333333333334,,,0.0,83.33333333333333,0.0,75.95,0.0,51.48888888888889,False,0.0,neutral,-13190.0,-140.0,0.7166666666666668,True,False,False,24
p02,3.0,3.0,6,6.0,3.0,3.0,3.0,2019-11-26 11:23:43.693,2019-11-26,11.383333333333333,False,2019-11-26,False,1,0,1,99,1402.0,1060.0,679.0,True,False,5.9,5.65,97.0,95.66666666666669,5.341666666666667,7.152777777777779,6.55,7.6194444444444445,7.2,6.461111111111111,45.0,46.66666666666666,22800.0,14337.666666666666,18.3048,11.124333333333334,4074.19,3324.83,97.0,198.33333333333331,38.0,24.33333333333333,178.0,89.33333333333333,216.0,113.66666666666669,313.0,312.0,679.0,683.0,,,0.0,0.0,190.45,82.25555555555556,121.31666666666666,40.43888888888889,False,0.0,neutral,6602.0,80.5,-0.375,False,True,False,25
p02,3.0,3.0,6,6.0,3.0,3.0,3.0,2019-11-28 09:16:17.633,2019-11-28,9.266666666666667,False,2019-11-28,False,1,0,3,99,1408.0,1052.0,717.0,True,False,6.316666666666666,6.133333333333333,90.0,93.0,5.25,5.311111111111111,6.533333333333333,6.508333333333333,7.283333333333333,7.194444444444444,45.0,45.0,21967.0,22418.0,17.776300000000003,17.617633333333334,4078.41,3930.846666666667,104.0,116.0,27.0,36.66666666666666,166.0,167.33333333333334,193.0,204.0,297.0,320.0,717.0,684.6666666666666,,,160.0,166.66666666666666,75.96666666666667,144.2722222222222,75.96666666666667,65.7611111111111,False,0.0,neutral,5265.5,50.5,0.09999999999999964,False,True,False,27
p02,3.0,3.0,5,5.0,3.0,3.0,3.0,2019-11-29 09:50:54.628,2019-11-29,9.833333333333334,False,2019-11-29,False,1,0,4,99,1414.0,1059.0,818.0,True,False,6.733333333333333,6.411111111111111,94.0,92.0,5.358333333333333,5.316666666666667,6.8,6.591666666666666,7.433333333333334,7.272222222222222,45.0,45.0,9594.0,18016.0,7.168,13.905366666666668,2721.52,3479.956666666667,110.0,120.33333333333331,12.0,28.0,63.0,129.0,75.0,157.0,185.0,277.3333333333333,818.0,731.0,,,0.0,166.66666666666666,0.0,80.78888888888888,0.0,25.322222222222223,False,0.0,neutral,-7487.0,-70.0,0.4833333333333334,False,True,False,28
p02,3.0,3.0,2,8.0,3.0,3.0,3.0,2019-12-01 14:43:15.936,2019-12-01,14.716666666666669,False,2019-12-01,False,1,0,6,99,914.0,876.0,1115.0,True,False,6.65,6.691666666666666,96.0,95.0,7.558333333333334,6.458333333333334,10.041666666666666,8.420833333333333,8.483333333333333,7.958333333333333,45.0,45.0,15134.0,13754.0,11.288,10.251433333333331,3370.94,3120.6733333333336,208.0,174.0,32.0,26.666666666666668,85.0,80.66666666666667,117.0,107.33333333333331,325.0,281.3333333333333,,,,,0.0,83.33333333333333,17.066666666666666,41.53333333333333,0.0,0.0,False,0.0,neutral,-1400.0,-23.0,0.375,True,False,False,30
p02,3.0,3.0,2,6.0,3.0,3.0,3.0,2019-12-02 18:25:32.997,2019-12-02,18.416666666666668,False,2019-12-02,False,1,0,0,99,1411.0,1065.0,588.0,True,False,6.266666666666667,6.458333333333334,93.0,94.5,5.575,6.566666666666666,6.658333333333333,8.35,7.083333333333333,7.783333333333333,47.0,46.0,20025.0,17231.0,14.9423,12.842866666666666,3629.05,3423.183333333333,161.0,191.0,17.0,28.33333333333333,165.0,114.66666666666669,182.0,143.0,343.0,334.0,588.0,,,,360.0,203.33333333333331,180.9333333333333,101.84444444444443,90.48333333333332,30.16111111111111,False,0.0,neutral,3597.0,46.5,-0.033333333333333215,True,False,False,31
p02,3.0,3.0,2,6.0,3.0,3.0,3.0,2019-12-03 09:00:20.981,2019-12-03,9.0,False,2019-12-03,False,1,0,1,99,1434.0,1077.0,639.0,True,False,6.366666666666666,6.427777777777777,99.0,96.0,5.341666666666667,6.158333333333334,6.683333333333334,7.794444444444444,7.333333333333333,7.633333333333333,46.0,46.0,26116.0,20425.0,19.4899,15.240066666666667,4072.93,3690.973333333333,128.0,165.66666666666666,34.0,27.666666666666668,214.0,154.66666666666666,248.0,182.33333333333331,376.0,348.0,639.0,613.5,,,160.0,173.33333333333334,184.33333333333331,127.44444444444444,19.616666666666667,36.7,False,0.0,neutral,9582.0,108.0,0.08333333333333304,False,True,False,32
p02,3.0,3.0,2,6.0,3.0,3.0,3.0,2019-12-04 22:05:35.914,2019-12-04,22.08333333333333,False,2019-12-04,False,1,0,2,99,1411.0,1066.0,661.0,True,False,6.533333333333333,6.388888888888888,92.0,94.66666666666669,5.341666666666667,5.419444444444444,6.733333333333333,6.691666666666667,7.383333333333334,7.266666666666667,45.0,46.0,14643.0,20261.33333333333,10.6812,15.037800000000002,3530.66,3744.213333333333,196.0,161.66666666666666,26.0,25.666666666666668,117.0,165.33333333333334,143.0,191.0,339.0,352.6666666666667,661.0,629.3333333333334,,,300.0,273.3333333333333,95.2,153.4888888888889,48.28333333333333,52.79444444444445,False,0.0,neutral,-2164.5,0.5,0.2333333333333334,False,True,False,33
p02,3.0,3.0,3,6.0,3.0,3.0,3.0,2019-12-05 09:45:13.872,2019-12-05,9.75,False,2019-12-05,False,1,0,3,99,1402.0,1058.0,676.0,True,False,6.383333333333334,6.427777777777778,99.0,96.66666666666669,5.333333333333333,5.338888888888889,6.708333333333333,6.708333333333333,7.366666666666666,7.361111111111111,44.0,45.0,10886.0,17215.0,8.102,12.7577,2927.13,3510.24,269.0,197.66666666666663,12.0,24.0,40.0,123.66666666666669,52.0,147.66666666666666,321.0,345.3333333333333,676.0,658.6666666666666,,,0.0,153.33333333333334,52.05,110.5277777777778,0.0,22.633333333333336,False,0.0,neutral,-5648.0,-91.0,0.08333333333333393,False,True,False,34
p02,3.0,3.0,4,6.0,3.0,3.0,3.0,2019-12-07 14:54:19.186,2019-12-07,14.9,False,2019-12-07,False,1,0,5,99,1410.0,1057.0,825.0,True,False,6.2,5.322222222222223,92.0,94.0,5.991666666666666,5.497222222222223,7.091666666666667,5.616666666666666,7.1,6.116666666666666,45.0,44.333333333333336,16187.0,15431.0,11.8853,11.825433333333336,3502.59,3464.5533333333333,159.0,207.33333333333331,27.0,20.0,108.0,92.66666666666669,135.0,112.66666666666669,294.0,320.0,825.0,718.0,,,50.0,176.66666666666666,93.88333333333333,90.38333333333333,0.0,36.05,False,0.0,neutral,-347.0,-10.0,-0.06666666666666643,False,False,False,36
p02,3.0,3.0,4,6.0,3.0,3.0,3.0,2019-12-08 18:07:41.397,2019-12-08,18.116666666666667,False,2019-12-08,False,1,0,6,99,1162.0,809.0,592.0,True,False,5.85,5.144444444444445,94.0,92.33333333333331,8.316666666666666,6.491666666666667,9.225,6.455555555555556,6.9,5.961111111111111,46.0,45.0,21078.0,18828.33333333333,15.7244,14.366233333333335,4000.56,3822.363333333333,250.0,201.0,28.0,25.33333333333333,144.0,127.33333333333331,172.0,152.66666666666666,422.0,353.6666666666667,,739.0,,,600.0,376.6666666666667,157.03333333333333,125.37777777777778,112.65,73.60000000000001,False,0.0,neutral,4756.0,27.0,-0.41666666666666696,True,False,False,37
p02,3.0,3.0,5,6.0,3.0,3.0,3.0,2019-12-10 07:45:26.915,2019-12-10,7.75,False,2019-12-10,False,1,0,1,99,1414.0,1059.0,696.0,True,False,5.283333333333333,5.083333333333333,94.0,93.33333333333331,7.291666666666667,6.86388888888889,7.525,6.811111111111111,6.233333333333333,5.9444444444444455,47.0,46.66666666666666,17015.0,19905.33333333333,13.4098,14.944400000000002,3769.34,3962.163333333333,250.0,229.66666666666663,33.0,30.0,83.0,130.66666666666666,116.0,160.66666666666666,366.0,390.3333333333333,696.0,669.5,,,240.0,500.0,52.900000000000006,121.82222222222224,52.900000000000006,85.40555555555555,False,0.0,neutral,481.0,-35.0,-0.916666666666667,False,True,False,39
p02,3.0,3.0,5,6.0,3.0,3.0,3.0,2019-12-12 21:04:56.746,2019-12-12,21.066666666666663,False,2019-12-12,False,1,0,3,99,1423.0,1067.0,739.0,True,False,5.916666666666667,5.727777777777778,91.0,93.66666666666669,5.45,6.086111111111111,6.666666666666667,6.866666666666667,7.216666666666667,6.777777777777779,45.0,46.0,14888.0,13760.666666666666,11.071700000000002,10.475233333333334,3084.03,3234.33,188.0,229.66666666666663,17.0,20.33333333333333,83.0,67.66666666666667,100.0,88.0,288.0,317.6666666666667,739.0,734.0,,,0.0,80.0,87.05,46.65,0.0,17.633333333333336,False,0.0,neutral,-1646.0,-40.0,-0.2833333333333332,False,True,False,41
p02,3.0,3.0,4,7.0,3.0,3.0,3.0,2019-12-14 18:10:19.267,2019-12-14,18.166666666666668,False,2019-12-14,False,1,0,5,99,1413.0,1057.0,695.0,True,False,6.133333333333334,6.066666666666667,93.0,94.33333333333331,8.916666666666666,6.572222222222222,10.366666666666667,7.936111111111111,7.45,7.361111111111112,44.0,44.66666666666666,18049.0,17621.666666666668,14.572300000000002,13.224200000000002,3642.22,3566.3266666666664,187.0,182.0,15.0,24.666666666666668,98.0,113.66666666666669,113.0,138.33333333333334,300.0,320.3333333333333,695.0,689.3333333333334,,,350.0,183.33333333333331,94.05,123.85555555555555,75.28333333333333,50.17777777777778,False,0.0,neutral,1515.0,-27.0,-0.04999999999999982,False,False,False,43
p02,3.0,3.0,4,7.0,3.0,3.0,3.0,2019-12-15 10:52:06.319,2019-12-15,10.866666666666667,False,2019-12-15,False,1,0,6,99,1420.0,1065.0,723.0,True,False,7.983333333333333,6.755555555555556,98.0,96.66666666666669,5.533333333333333,6.599999999999999,8.308333333333334,8.483333333333334,8.766666666666667,7.877777777777779,46.0,45.0,11890.0,16622.333333333332,8.868400000000001,12.489766666666668,3047.8,3554.25,189.0,182.33333333333331,11.0,22.666666666666668,70.0,109.33333333333331,81.0,132.0,270.0,314.3333333333333,723.0,684.0,,,0.0,183.33333333333331,75.95,120.15555555555557,0.0,50.17777777777778,False,0.0,neutral,-5125.0,-54.0,1.833333333333333,True,False,False,44
p02,3.0,3.0,5,6.0,3.0,3.0,3.0,2019-12-19 08:11:43.166,2019-12-19,8.183333333333334,False,2019-12-19,False,1,0,3,99,1410.0,1056.0,644.0,True,False,5.816666666666666,6.183333333333334,83.0,90.66666666666669,6.258333333333334,5.783333333333334,6.95,6.911111111111111,6.683333333333334,7.122222222222223,45.0,46.0,23793.0,18485.0,17.3706,13.5802,4368.49,3630.493333333333,135.0,128.0,32.0,28.666666666666668,183.0,137.66666666666666,215.0,166.33333333333334,350.0,294.3333333333333,644.0,707.6666666666666,,,640.0,296.6666666666667,164.11666666666667,143.4611111111111,83.03333333333333,36.48888888888889,False,0.0,neutral,6745.0,76.0,-0.40000000000000036,False,True,False,48
p02,3.0,3.0,4,7.0,3.0,3.0,3.0,2019-12-20 10:22:43.204,2019-12-20,10.366666666666667,False,2019-12-20,False,1,0,4,99,1412.0,1054.0,745.0,True,False,6.2,6.077777777777778,97.0,90.0,6.158333333333333,5.958333333333333,6.95,6.930555555555556,6.783333333333333,6.966666666666666,46.0,45.66666666666666,13145.0,17020.666666666668,9.8039,12.558033333333334,3128.73,3513.793333333333,208.0,145.66666666666666,18.0,24.666666666666668,68.0,119.33333333333331,86.0,144.0,294.0,289.6666666666667,745.0,723.0,,,0.0,213.33333333333331,74.23333333333333,115.29444444444444,0.0,27.677777777777777,False,0.0,neutral,-3903.0,-53.0,-0.016666666666666607,False,True,False,49
p02,3.0,3.0,5,7.0,3.0,3.0,3.0,2019-12-21 19:12:15.675,2019-12-21,19.2,False,2019-12-21,False,1,0,5,99,1411.0,1054.0,666.0,True,False,6.616666666666666,6.211111111111111,93.0,91.0,6.683333333333334,6.366666666666667,8.125,7.341666666666666,7.433333333333334,6.966666666666666,46.0,45.66666666666666,22707.0,19881.666666666668,19.83539,15.669963333333332,4168.25,3888.49,209.0,184.0,25.0,25.0,133.0,128.0,158.0,153.0,367.0,337.0,666.0,685.0,,,400.0,346.6666666666667,208.35045,148.90015000000002,155.43378333333334,79.48903888888889,False,0.0,neutral,5659.0,19.0,0.4166666666666661,False,False,False,50
p02,3.0,3.0,3,7.0,3.0,3.0,3.0,2019-12-23 09:07:30.505,2019-12-23,9.116666666666667,False,2019-12-23,False,1,0,0,99,1213.0,862.0,639.0,True,False,3.6166666666666663,5.827777777777778,95.0,95.33333333333331,6.5,6.55,4.4,7.075,3.9,6.522222222222222,47.0,46.66666666666666,9569.0,14110.333333333334,6.891800000000001,11.40743,3263.05,3467.31,186.0,227.33333333333331,43.0,27.33333333333333,78.0,81.66666666666667,121.0,109.0,307.0,336.3333333333333,639.0,654.6666666666666,,,250.0,216.66666666666663,50.083333333333336,91.55015000000002,50.083333333333336,68.50570555555556,False,0.0,neutral,-7707.5,-18.0,-2.6000000000000005,True,False,False,52
p02,3.0,3.0,3,7.0,3.0,3.0,3.0,2019-12-24 09:30:49.786,2019-12-24,9.5,False,2019-12-24,False,1,0,1,99,1414.0,1060.0,722.0,True,False,6.95,5.938888888888889,98.0,97.0,6.183333333333334,6.383333333333333,8.575,7.224999999999999,8.383333333333333,6.838888888888889,46.0,46.66666666666666,9261.0,9628.333333333334,6.789200000000001,7.058700000000001,2845.46,3026.38,263.0,245.33333333333331,20.0,25.666666666666668,25.0,45.66666666666666,45.0,71.33333333333333,308.0,316.6666666666667,722.0,673.3333333333334,,,0.0,83.33333333333333,0.0,22.1,0.0,16.694444444444446,False,0.0,neutral,-8015.5,-94.0,0.75,False,True,False,53
p02,3.0,3.0,3,7.0,3.0,3.0,3.0,2019-12-26 10:21:21.289,2019-12-26,10.35,False,2019-12-26,False,1,0,3,99,1419.0,1065.0,689.0,True,False,8.3,6.9,85.0,91.33333333333331,5.733333333333333,7.313888888888889,8.6,9.05,8.866666666666667,7.733333333333333,45.0,45.0,14476.0,13121.0,10.7985,10.100733333333334,3359.22,3322.57,202.0,246.0,20.0,29.33333333333333,101.0,66.66666666666667,121.0,96.0,323.0,342.0,689.0,651.0,,,0.0,116.66666666666669,116.06666666666666,53.2,0.0,14.511111111111113,False,0.0,neutral,-1884.5,-9.5,2.083333333333334,False,True,False,55
p02,3.0,3.0,4,7.0,3.0,3.0,3.0,2019-12-27 14:09:43.881,2019-12-27,14.15,False,2019-12-27,False,1,0,4,99,1410.0,1054.0,503.0,True,False,7.1,6.95,85.0,87.0,8.566666666666666,8.108333333333334,10.583333333333334,9.719444444444443,8.016666666666667,7.611111111111111,45.0,44.66666666666666,18867.0,16323.0,13.8441,12.452366666666668,3878.01,3666.7533333333336,237.0,237.33333333333331,33.0,33.666666666666664,135.0,103.33333333333331,168.0,137.0,405.0,374.3333333333333,503.0,578.0,,,160.0,170.0,133.21666666666667,97.60555555555555,20.566666666666663,21.366666666666664,False,0.0,neutral,2960.5,42.0,0.8833333333333329,False,True,False,56
p02,3.0,3.0,4,7.0,3.0,3.0,3.0,2019-12-28 09:22:29.688,2019-12-28,9.366666666666667,False,2019-12-28,False,1,0,5,99,1417.0,1066.0,743.0,True,False,6.9,7.433333333333334,91.0,87.0,7.266666666666667,7.188888888888889,9.108333333333333,9.430555555555555,7.833333333333333,8.238888888888889,47.0,45.66666666666666,9417.0,14253.333333333334,7.0238000000000005,10.555466666666668,2789.79,3342.34,145.0,194.66666666666663,7.0,20.0,64.0,100.0,71.0,120.0,216.0,314.6666666666667,743.0,645.0,,,0.0,53.333333333333336,69.98333333333333,106.42222222222222,0.0,6.855555555555555,False,0.0,neutral,-6943.5,-59.5,0.6833333333333336,False,False,False,57
p02,3.0,3.0,3,7.0,3.0,3.0,3.0,2019-12-29 12:57:02.796,2019-12-29,12.95,False,2019-12-29,False,1,0,6,99,1409.0,1059.0,661.0,True,False,6.783333333333333,6.927777777777777,98.0,91.33333333333331,7.358333333333333,7.730555555555555,8.825,9.505555555555556,7.466666666666667,7.772222222222223,44.0,45.333333333333336,16565.0,14949.666666666666,12.0813,10.983066666666668,3682.73,3450.1766666666667,181.0,187.66666666666663,17.0,19.0,111.0,103.33333333333331,128.0,122.33333333333331,309.0,310.0,661.0,635.6666666666666,,,420.0,193.33333333333331,88.31666666666666,97.17222222222222,43.083333333333336,21.21666666666667,False,0.0,neutral,658.5,1.5,0.5416666666666661,True,False,False,58
p02,3.0,3.0,5,7.0,3.0,3.0,3.0,2019-12-31 09:00:15.168,2019-12-31,9.0,False,2019-12-31,False,1,0,1,99,1411.0,1052.0,612.0,True,False,6.45,6.705555555555556,98.0,95.33333333333331,6.941666666666666,6.916666666666667,8.55,8.616666666666665,7.6,7.694444444444445,45.0,44.66666666666666,15828.0,13486.0,11.3778,9.8244,3670.78,3368.69,199.0,171.66666666666666,17.0,12.333333333333334,131.0,99.0,148.0,111.33333333333331,347.0,283.0,612.0,690.6666666666666,,,240.0,220.0,135.45,93.08333333333331,50.95,31.344444444444445,False,0.0,neutral,-78.5,23.0,0.1583333333333341,False,True,False,60
p02,3.0,3.0,2,7.0,3.0,3.0,3.0,2020-01-01 13:24:25.508,2020-01-01,13.4,False,2020-01-01,False,1,0,2,99,522.0,168.0,950.0,False,False,,6.666666666666667,,94.0,,6.695833333333333,,8.5125,,7.808333333333334,,45.0,,11946.5,,8.69595,,3211.67,,167.0,,10.0,,93.0,,103.0,,270.0,,705.5,,,560.0,266.6666666666667,0.0,63.644444444444446,0.0,16.983333333333334,True,0.0,neutral,,,,False,True,False,61
p02,3.0,3.0,6,7.0,3.0,4.0,3.0,2020-01-02 15:51:58.099,2020-01-02,15.85,False,2020-01-02,False,1,0,3,99,157.0,157.0,1434.0,True,False,7.083333333333333,6.766666666666667,95.0,96.5,5.741666666666666,6.341666666666667,8.216666666666667,8.383333333333333,8.466666666666667,8.033333333333333,45.0,45.0,,,,,,,,,,,,,,,,,,,,,0.0,266.6666666666667,0.0,45.15,0.0,16.983333333333334,True,0.0,neutral,,,0.8666666666666663,False,True,False,62
p02,3.0,3.0,5,7.0,3.0,3.0,3.0,2020-01-05 15:25:35.196,2020-01-05,15.416666666666666,False,2020-01-05,False,1,0,6,99,1367.0,1015.0,728.0,True,False,7.733333333333333,5.966666666666666,99.0,99.0,7.041666666666667,7.7555555555555555,10.108333333333333,8.66388888888889,9.066666666666666,6.905555555555556,46.0,46.0,16953.0,13636.0,12.5371,10.042166666666668,3419.4,3222.9933333333333,150.0,223.66666666666663,21.0,16.333333333333332,134.0,81.66666666666667,155.0,98.0,305.0,321.6666666666667,728.0,694.0,46.33946228027344,46.62700049082438,0.0,100.0,150.2,86.83888888888889,43.516666666666666,28.516666666666666,False,0.0,neutral,1369.5,34.0,1.5166666666666666,True,False,False,65
p02,3.0,3.0,5,6.0,2.0,3.0,3.0,2020-01-07 12:00:06.188,2020-01-07,12.0,False,2020-01-07,False,1,0,1,99,1355.0,1014.0,553.0,True,False,6.35,6.527777777777778,93.0,97.0,5.65,6.050000000000001,6.775,7.705555555555556,7.116666666666666,7.649999999999999,45.0,45.333333333333336,21047.0,17228.0,15.340800000000002,12.695666666666668,5204.58,3980.3133333333335,182.0,158.33333333333334,46.0,33.0,253.0,164.33333333333334,299.0,197.33333333333331,481.0,355.6666666666667,553.0,632.0,45.8979377746582,45.96173922220866,240.0,200.0,296.95,165.2611111111111,171.5,87.88333333333333,False,0.0,neutral,5832.5,178.0,-0.10000000000000053,False,True,False,67
p02,3.0,3.0,4,6.0,3.0,3.0,3.0,2020-01-09 18:39:42.890,2020-01-09,18.65,False,2020-01-09,False,1,0,3,99,1374.0,1014.0,643.0,True,False,6.283333333333333,6.538888888888889,95.0,96.0,5.45,5.48888888888889,6.891666666666667,6.972222222222221,7.433333333333334,7.477777777777778,46.0,45.333333333333336,22660.0,21640.33333333333,16.6335,15.767866666666668,3950.96,4428.42,138.0,176.0,11.0,21.666666666666668,175.0,189.66666666666663,186.0,211.33333333333331,324.0,387.3333333333333,643.0,617.3333333333334,46.3510971069336,46.03940995534261,180.0,340.0,190.3,194.66666666666663,0.0,81.16666666666667,False,0.0,neutral,7076.5,61.0,-0.18333333333333357,False,True,False,69
p02,3.0,3.0,5,7.0,2.0,3.0,3.0,2020-01-10 09:00:26.267,2020-01-10,9.0,False,2020-01-10,False,1,0,4,99,1432.0,1073.0,751.0,True,False,6.25,6.505555555555556,91.0,95.33333333333331,5.6,5.472222222222222,6.891666666666667,7.01111111111111,7.283333333333333,7.533333333333334,46.0,45.66666666666666,12857.0,18910.33333333333,9.7373,13.900033333333337,2962.92,3681.2,136.0,160.66666666666666,22.0,13.666666666666666,85.0,133.66666666666666,107.0,147.33333333333334,243.0,308.0,751.0,683.3333333333334,46.29760837554932,46.17263348897298,0.0,260.0,69.11666666666666,118.72222222222224,0.0,24.0,False,0.0,neutral,-2870.0,-22.5,-0.21666666666666679,False,True,False,70
p02,3.0,3.0,4,6.0,3.0,2.0,3.0,2020-01-11 10:42:49.960,2020-01-11,10.7,False,2020-01-11,False,1,0,5,99,1430.0,1070.0,657.0,True,False,4.933333333333334,5.822222222222223,99.0,95.0,7.875,6.308333333333334,7.841666666666667,7.208333333333333,5.966666666666667,6.894444444444445,46.0,46.0,20111.0,18542.666666666668,16.1933,14.188033333333337,4373.83,3762.57,160.0,144.66666666666666,14.0,15.666666666666666,172.0,144.0,186.0,159.66666666666666,346.0,304.3333333333333,657.0,683.6666666666666,46.51742649078369,46.38871065775553,590.0,256.6666666666667,139.3,132.90555555555557,123.95,41.31666666666666,False,0.0,neutral,4527.5,61.0,-1.5333333333333332,False,False,False,71
p02,3.0,3.0,5,6.0,3.0,3.0,3.0,2020-01-13 07:37:47.867,2020-01-13,7.616666666666667,False,2020-01-13,False,1,0,0,99,1433.0,1073.0,624.0,True,False,6.166666666666667,5.922222222222222,90.0,96.0,5.466666666666667,7.272222222222222,6.466666666666667,8.302777777777777,7.0,7.027777777777779,48.0,46.66666666666666,13801.0,13245.333333333334,9.766,10.089433333333334,4056.79,3672.7966666666666,147.0,176.33333333333334,26.0,14.333333333333334,156.0,113.0,182.0,127.33333333333331,329.0,303.6666666666667,624.0,709.0,48.16712665557861,47.22002124786377,390.0,326.6666666666667,164.06666666666666,101.12222222222222,164.06666666666666,96.00555555555556,False,0.0,neutral,-1782.5,52.5,-0.2999999999999998,True,False,False,73
p02,3.0,3.0,6,7.0,3.0,3.0,3.0,2020-01-14 20:40:36.182,2020-01-14,20.666666666666668,False,2020-01-14,False,1,0,1,99,1428.0,1069.0,772.0,True,False,5.583333333333333,6.138888888888889,99.0,96.0,5.416666666666667,6.452777777777778,6.35,7.805555555555554,6.933333333333334,7.35,46.0,46.66666666666666,15668.0,11764.333333333334,11.653,8.576,3112.14,3252.2333333333336,120.0,163.0,29.0,19.33333333333333,99.0,88.66666666666667,128.0,108.0,248.0,271.0,772.0,747.3333333333334,46.11589336395264,47.08617687225342,0.0,130.0,129.1,97.7222222222222,0.0,54.68888888888889,False,0.0,neutral,659.5,-1.5,-0.8666666666666671,False,True,False,74
p02,3.0,3.0,7,6.0,3.0,3.0,3.0,2020-01-17 18:20:38.562,2020-01-17,18.33333333333333,False,2020-01-17,False,1,0,4,99,1431.0,1075.0,749.0,True,False,3.883333333333333,5.416666666666667,97.0,95.33333333333331,5.45,5.605555555555555,3.825,5.891666666666667,4.366666666666666,6.277777777777779,45.0,44.333333333333336,15446.0,20191.666666666668,11.4668,14.761866666666668,3260.48,3894.26,131.0,134.33333333333334,31.0,26.33333333333333,109.0,161.0,140.0,187.33333333333331,271.0,321.6666666666667,749.0,690.3333333333334,45.03902053833008,44.84392515818278,0.0,290.0,116.9,166.15555555555557,0.0,43.83888888888888,False,0.0,neutral,-137.5,12.0,-2.5666666666666673,False,True,False,77
p02,3.0,3.0,4,6.0,3.0,3.0,3.0,2020-01-18 09:01:39.610,2020-01-18,9.016666666666667,False,2020-01-18,False,1,0,5,99,1420.0,1064.0,734.0,True,False,7.733333333333333,5.7444444444444445,91.0,96.0,6.116666666666666,5.858333333333333,8.925,6.588888888888889,8.8,6.722222222222222,45.0,44.66666666666666,23550.0,21012.0,18.6995,15.8572,4296.73,3938.96,169.0,142.33333333333334,27.0,26.666666666666668,154.0,159.33333333333334,181.0,186.0,350.0,328.3333333333333,734.0,703.6666666666666,45.61652088165283,45.110175132751465,400.0,213.33333333333331,131.63333333333333,160.60555555555555,75.3,43.40555555555556,False,0.0,neutral,7966.5,48.0,1.2833333333333332,False,False,False,78
p02,2.0,3.0,3,6.0,3.0,3.0,3.0,2020-01-20 18:07:27.450,2020-01-20,18.116666666666667,False,2020-01-20,False,1,0,0,99,1430.0,1075.0,766.0,True,False,6.766666666666667,7.066666666666666,98.0,95.0,5.383333333333334,6.372222222222223,7.025,8.500000000000002,7.633333333333334,8.122222222222222,48.0,46.66666666666666,10183.0,16489.333333333332,7.5597,12.535166666666669,2683.19,3571.263333333333,119.0,170.33333333333334,15.0,18.33333333333333,64.0,117.66666666666669,79.0,136.0,198.0,306.3333333333333,766.0,680.3333333333334,48.6668586730957,47.41754722595215,0.0,133.33333333333334,67.4,99.94444444444446,0.0,44.76111111111111,False,-2.6899720031450283,bad,-5464.0,-60.0,0.31666666666666643,True,False,False,80
p02,3.0,3.0,5,5.0,3.0,3.0,3.0,2020-01-23 09:00:34.882,2020-01-23,9.0,False,2020-01-23,False,1,0,3,99,1426.0,1071.0,633.0,True,False,4.633333333333334,5.522222222222223,93.0,94.33333333333331,5.25,5.366666666666667,4.633333333333334,6.025000000000001,5.383333333333334,6.655555555555556,46.0,46.333333333333336,20276.0,20058.0,14.894700000000002,14.158700000000003,3923.93,3803.933333333333,166.0,145.0,50.0,29.0,154.0,152.33333333333334,204.0,181.33333333333331,370.0,326.3333333333333,633.0,669.3333333333334,46.4294900894165,46.592845598856606,150.0,240.0,154.98333333333335,149.48333333333335,71.36666666666667,61.31111111111111,False,0.0,neutral,4574.5,60.0,-1.8166666666666664,False,True,False,83
p02,3.0,3.0,4,6.0,3.0,3.0,3.0,2020-01-24 09:19:03.744,2020-01-24,9.316666666666666,False,2020-01-24,False,1,0,4,99,1434.0,1074.0,821.0,True,False,6.133333333333334,5.577777777777778,95.0,92.66666666666669,6.025,5.5694444444444455,7.075,6.141666666666667,7.05,6.572222222222223,46.0,46.0,16213.0,20328.0,12.6513,14.694333333333336,3583.98,3946.9833333333336,191.0,159.66666666666666,15.0,30.0,90.0,152.33333333333334,105.0,182.33333333333331,296.0,342.0,821.0,698.6666666666666,46.25107192993164,46.280161221822105,420.0,320.0,66.43333333333334,140.04999999999998,66.43333333333334,83.45555555555556,False,0.0,neutral,431.5,-43.0,-0.2166666666666659,False,True,False,84
p02,3.0,3.0,3,6.0,3.0,3.0,3.0,2020-01-25 08:36:56.776,2020-01-25,8.6,False,2020-01-25,False,1,0,5,99,1437.0,1077.0,652.0,True,False,7.083333333333333,5.95,95.0,94.33333333333331,5.283333333333333,5.519444444444445,7.383333333333334,6.36388888888889,8.1,6.844444444444444,48.0,46.66666666666666,21309.0,19266.0,9.9892,12.511733333333334,3936.33,3814.7466666666655,197.0,184.66666666666663,30.0,31.666666666666668,138.0,127.33333333333331,168.0,159.0,365.0,343.6666666666667,652.0,702.0,48.663825035095215,47.11479568481445,420.0,330.0,153.68333333333334,125.03333333333336,67.5,68.43333333333334,False,0.0,neutral,5527.5,24.0,0.7999999999999998,False,False,False,85
p02,3.0,3.0,3,5.0,3.0,3.0,3.0,2020-01-26 10:04:34.742,2020-01-26,10.066666666666666,False,2020-01-26,False,1,0,6,99,1430.0,1070.0,669.0,True,False,4.85,6.022222222222222,89.0,93.0,8.241666666666667,6.516666666666667,7.691666666666666,7.383333333333333,5.45,6.866666666666667,49.0,47.66666666666666,7550.0,15024.0,5.6248000000000005,9.421766666666668,2657.36,3392.556666666667,269.0,219.0,1.0,15.333333333333334,15.0,81.0,16.0,96.33333333333331,285.0,315.3333333333333,669.0,714.0,49.62358951568604,48.17949549357096,0.0,280.0,19.633333333333333,79.91666666666667,0.0,44.644444444444446,False,0.0,neutral,-8470.5,-132.0,-1.4333333333333336,True,False,False,86
p02,3.0,3.0,5,7.0,3.0,3.0,3.0,2020-01-29 10:46:54.279,2020-01-29,10.766666666666667,False,2020-01-29,False,1,0,2,99,1415.0,1058.0,800.0,True,False,6.166666666666667,6.116666666666667,95.0,96.5,5.316666666666666,5.324999999999999,6.725,6.429166666666667,7.4,7.1,48.0,48.5,14874.0,21015.0,11.0929,16.530250000000002,3059.13,3915.075,103.0,109.5,23.0,20.5,106.0,165.0,129.0,185.5,232.0,295.0,800.0,,48.35283184051514,,0.0,266.6666666666667,122.86666666666667,120.25555555555556,0.0,53.13333333333333,False,0.0,neutral,-1339.0,-20.0,0.016666666666666607,False,True,False,89
p02,3.0,3.0,5,7.0,3.0,3.0,3.0,2020-01-31 13:45:38.735,2020-01-31,13.75,False,2020-01-31,False,1,0,4,99,1422.0,1062.0,674.0,True,False,6.416666666666667,6.388888888888889,98.0,96.66666666666669,5.366666666666666,5.349999999999999,7.033333333333333,6.95,7.666666666666667,7.594444444444444,45.0,46.333333333333336,12191.0,15910.666666666666,8.7604,11.715166666666669,3588.11,3480.3000000000006,162.0,186.0,19.0,22.33333333333333,122.0,114.66666666666669,141.0,137.0,303.0,323.0,674.0,678.6666666666666,45.93468761444092,46.9190034866333,0.0,60.0,163.46666666666667,139.82222222222222,91.78333333333332,30.594444444444445,False,0.0,neutral,-4022.0,-7.0,0.25,False,True,False,91
p02,3.0,3.0,6,6.0,3.0,3.0,3.0,2020-02-02 10:38:32.462,2020-02-02,10.633333333333333,False,2020-02-02,False,1,0,6,99,1417.0,1060.0,621.0,True,False,7.916666666666667,7.0888888888888895,90.0,95.66666666666669,6.183333333333334,5.972222222222222,9.475,8.325000000000001,9.283333333333331,8.35,48.0,46.66666666666666,11957.0,13032.666666666666,8.916,9.582833333333337,3115.63,3386.3700000000003,237.0,204.0,23.0,19.33333333333333,73.0,97.0,96.0,116.33333333333331,333.0,320.3333333333333,621.0,650.0,48.776373863220215,47.30553690592448,0.0,50.0,42.68333333333334,97.45,42.68333333333334,44.82222222222222,False,0.0,neutral,-4256.0,-52.0,1.666666666666667,True,False,False,93
p02,3.0,3.0,5,6.0,3.0,3.0,3.0,2020-02-05 15:02:40.078,2020-02-05,15.033333333333331,False,2020-02-05,False,1,0,2,99,1405.0,1053.0,548.0,True,False,4.95,5.833333333333333,93.0,94.0,7.233333333333333,6.008333333333333,7.025,6.786111111111111,5.783333333333333,6.772222222222222,45.0,46.333333333333336,15195.0,16373.0,11.3273,12.211233333333334,3647.29,3475.5866666666666,354.0,270.0,46.0,44.333333333333336,73.0,82.66666666666667,119.0,127.0,473.0,397.0,548.0,566.6666666666666,45.54874134063721,46.918922424316406,0.0,0.0,63.13333333333333,58.01666666666666,63.13333333333333,37.25555555555555,False,0.0,neutral,-971.0,-22.0,-1.2999999999999998,False,True,False,96
p02,3.0,3.0,5,7.0,3.0,3.0,3.0,2020-02-07 21:26:26.950,2020-02-07,21.433333333333334,False,2020-02-07,False,1,0,4,99,1418.0,1059.0,671.0,True,False,6.066666666666666,5.788888888888889,92.0,92.66666666666669,5.383333333333334,5.961111111111111,6.866666666666666,6.908333333333334,7.483333333333333,6.9444444444444455,45.0,45.66666666666666,14191.0,15568.333333333334,10.584700000000002,11.551700000000002,3140.96,3519.023333333333,217.0,302.6666666666667,11.0,26.666666666666668,87.0,86.0,98.0,112.66666666666669,315.0,415.3333333333333,671.0,618.0,45.82108783721924,46.38269964853922,0.0,53.333333333333336,93.01666666666668,80.63333333333333,93.01666666666668,61.00555555555555,False,0.0,neutral,-1544.0,-42.0,-0.10000000000000053,False,True,False,98
p02,3.0,3.0,5,6.0,2.0,3.0,3.0,2020-02-08 17:27:40.270,2020-02-08,17.45,False,2020-02-08,False,1,0,5,99,1409.0,1052.0,670.0,True,False,6.716666666666667,6.377777777777777,94.0,93.0,6.341666666666667,5.663888888888889,8.258333333333333,7.319444444444444,7.916666666666667,7.655555555555556,45.0,45.66666666666666,16075.0,15861.666666666666,11.961100000000002,11.762966666666667,3562.67,3490.816666666667,219.0,257.6666666666667,3.0,12.333333333333334,99.0,94.66666666666669,102.0,107.0,321.0,364.6666666666667,670.0,658.6666666666666,45.44695472717285,46.34877077738444,300.0,153.33333333333334,94.71666666666668,91.16111111111113,94.71666666666668,71.53333333333335,False,0.0,neutral,340.0,-38.0,0.5499999999999998,False,False,False,99
p02,3.0,3.0,5,7.0,3.0,3.0,3.0,2020-02-09 11:09:04.257,2020-02-09,11.15,False,2020-02-09,False,1,0,6,99,1416.0,1061.0,602.0,True,False,7.35,6.711111111111111,91.0,92.33333333333331,6.408333333333333,6.044444444444444,8.733333333333333,7.952777777777778,8.316666666666666,7.905555555555556,46.0,45.333333333333336,19941.0,16735.666666666668,15.6137,12.719833333333336,3828.52,3510.716666666667,251.0,229.0,16.0,10.0,96.0,94.0,112.0,104.0,363.0,333.0,602.0,647.6666666666666,46.84421825408936,46.03742027282715,280.0,193.33333333333331,64.85,84.19444444444444,64.85,84.19444444444444,False,0.0,neutral,4206.0,-17.0,1.1833333333333327,True,False,False,100
p02,3.0,3.0,5,7.0,3.0,3.0,3.0,2020-02-10 07:34:37.306,2020-02-10,7.566666666666666,False,2020-02-10,False,1,0,0,99,1419.0,1062.0,648.0,True,False,6.533333333333333,6.866666666666667,90.0,91.66666666666669,5.308333333333334,6.019444444444445,6.925,7.972222222222221,7.616666666666666,7.95,48.0,46.333333333333336,10319.0,15445.0,7.693600000000001,11.756133333333333,2818.79,3403.3266666666664,234.0,234.66666666666663,19.0,12.666666666666666,40.0,78.33333333333333,59.0,91.0,293.0,325.6666666666667,648.0,640.0,48.77305030822754,47.021407763163246,210.0,263.3333333333333,16.216666666666665,58.59444444444444,16.216666666666665,58.59444444444444,False,0.0,neutral,-5756.0,-70.0,0.36666666666666625,True,False,False,101
p02,3.0,3.0,5,6.0,3.0,3.0,3.0,2020-02-11 07:21:01.848,2020-02-11,7.35,False,2020-02-11,False,1,0,1,99,1105.0,746.0,806.0,True,False,6.466666666666667,6.783333333333334,97.0,92.66666666666669,5.35,5.688888888888889,6.658333333333333,7.438888888888887,7.3,7.7444444444444445,47.0,47.0,9845.0,13368.333333333334,7.2521,10.186466666666668,2692.77,3113.36,109.0,198.0,11.0,15.333333333333334,57.0,64.33333333333333,68.0,79.66666666666667,177.0,277.6666666666667,,625.0,47.9880485534668,47.868439038594566,600.0,363.3333333333333,59.71666666666667,46.92777777777778,0.0,27.022222222222226,False,0.0,neutral,-6230.0,-60.0,0.11666666666666714,False,True,False,102
p02,3.0,3.0,5,6.0,3.0,3.0,3.0,2020-02-12 10:16:38.196,2020-02-12,10.266666666666667,False,2020-02-12,False,1,0,2,99,1426.0,1066.0,662.0,True,False,5.766666666666667,6.255555555555556,99.0,95.33333333333331,5.466666666666667,5.375,6.041666666666667,6.541666666666667,6.566666666666666,7.161111111111111,47.0,47.333333333333336,19587.0,13250.333333333334,14.6145,9.8534,3656.34,3055.966666666667,150.0,164.33333333333334,41.0,23.666666666666668,149.0,82.0,190.0,105.66666666666669,340.0,270.0,662.0,655.0,47.226518630981445,47.995872497558594,0.0,270.0,174.06666666666666,83.33333333333333,0.0,5.405555555555555,False,0.0,neutral,3512.0,69.0,-0.6500000000000004,False,True,False,103
p02,3.0,3.0,4,5.0,3.0,3.0,3.0,2020-02-14 17:08:25.099,2020-02-14,17.133333333333333,False,2020-02-14,False,1,0,4,99,1435.0,1075.0,608.0,True,False,5.816666666666666,6.0,96.0,96.0,5.758333333333334,5.536111111111111,6.966666666666667,6.658333333333334,7.2,7.116666666666667,46.0,46.333333333333336,19540.0,21959.0,14.3207,16.2391,3873.12,3886.7333333333336,172.0,161.0,50.0,42.333333333333336,155.0,163.0,205.0,205.33333333333331,377.0,366.3333333333333,608.0,644.6666666666666,46.49460315704346,46.73230171203613,200.0,156.66666666666666,161.25,171.7888888888889,60.56666666666666,41.23888888888889,False,0.0,neutral,3465.0,84.0,-0.6000000000000005,False,True,False,105
p02,3.0,3.0,6,6.0,3.0,3.0,3.0,2020-02-16 21:15:45.238,2020-02-16,21.25,False,2020-02-16,False,1,0,6,99,1435.0,1077.0,686.0,True,False,5.1,5.566666666666666,93.0,93.33333333333331,9.85,7.638888888888888,9.841666666666669,8.21111111111111,5.983333333333333,6.566666666666666,47.0,46.333333333333336,17449.0,16961.333333333332,12.6092,12.4146,3732.67,3628.873333333333,185.0,215.33333333333331,31.0,27.33333333333333,147.0,119.66666666666669,178.0,147.0,363.0,362.3333333333333,686.0,651.6666666666666,47.39398193359375,46.63757292429606,120.0,156.66666666666666,61.81666666666666,80.04444444444444,13.183333333333334,30.272222222222226,False,0.0,neutral,1374.0,59.0,-1.25,True,False,False,107
p02,3.0,3.0,5,7.0,3.0,3.0,3.0,2020-02-17 11:23:15.700,2020-02-17,11.383333333333333,False,2020-02-17,False,1,0,0,99,1433.0,1073.0,661.0,True,False,6.733333333333333,5.872222222222223,99.0,94.33333333333331,5.266666666666667,7.475,6.775,8.147222222222222,7.5,6.666666666666667,50.0,47.66666666666666,23982.0,18442.0,17.337500000000002,13.4202,4386.26,3799.92,204.0,226.0,19.0,17.0,197.0,133.66666666666666,216.0,150.66666666666666,420.0,376.6666666666667,661.0,669.3333333333334,50.02049160003662,47.81286907196045,480.0,250.0,210.36666666666667,96.41666666666669,81.51666666666667,37.25555555555555,False,0.0,neutral,7816.0,97.0,0.5666666666666664,True,False,False,108
p02,3.0,3.0,5,6.0,3.0,2.0,3.0,2020-02-18 11:14:45.736,2020-02-18,11.233333333333333,False,2020-02-18,False,1,0,1,99,1247.0,887.0,730.0,True,False,6.183333333333334,6.005555555555556,89.0,93.66666666666669,5.35,6.822222222222223,6.791666666666667,7.802777777777777,7.433333333333334,6.972222222222222,48.0,48.333333333333336,12872.0,18101.0,9.3279,13.091533333333336,3273.34,3797.4233333333336,121.0,170.0,23.0,24.33333333333333,116.0,153.33333333333334,139.0,177.66666666666666,260.0,347.6666666666667,730.0,692.3333333333334,48.11166572570801,48.50871308644613,0.0,200.0,154.18333333333334,142.12222222222223,68.0,54.23333333333333,False,0.0,neutral,-3341.0,18.0,0.016666666666666607,False,True,False,109
p02,3.0,3.0,7,7.0,3.0,3.0,3.0,2020-02-19 11:57:42.117,2020-02-19,11.95,False,2020-02-19,False,1,0,2,99,1430.0,1070.0,760.0,True,False,6.066666666666666,6.327777777777778,98.0,95.33333333333331,5.358333333333333,5.324999999999999,6.725,6.763888888888888,7.366666666666666,7.433333333333334,47.0,48.333333333333336,14934.0,17262.666666666668,11.0909,12.585433333333336,3066.23,3575.276666666666,95.0,140.0,25.0,22.33333333333333,114.0,142.33333333333334,139.0,164.66666666666666,234.0,304.6666666666667,760.0,717.0,47.61575126647949,48.58263619740804,0.0,160.0,123.73333333333332,162.7611111111111,0.0,49.83888888888888,False,0.0,neutral,-1279.0,10.0,-0.11666666666666714,False,True,False,110
p02,3.0,3.0,6,6.0,3.0,4.0,3.0,2020-02-21 20:43:03.292,2020-02-21,20.716666666666665,False,2020-02-21,False,1,0,4,99,1426.0,1069.0,546.0,True,False,6.216666666666667,6.172222222222222,98.0,98.0,5.858333333333333,5.466666666666668,6.725,6.81111111111111,6.866666666666666,7.344444444444444,48.0,47.0,28029.0,22799.666666666668,20.8726,16.9126,4382.55,4039.4566666666665,175.0,152.0,48.0,42.66666666666666,203.0,170.33333333333334,251.0,213.0,426.0,365.0,546.0,623.0,48.14466667175293,47.422096252441406,0.0,220.0,226.9833333333333,180.9055555555556,0.0,34.98888888888889,False,0.0,neutral,11863.0,122.0,-0.016666666666666607,False,True,False,112
p02,3.0,4.0,5,6.0,3.0,3.0,4.0,2020-02-22 09:44:10.548,2020-02-22,9.733333333333333,False,2020-02-22,False,1,0,5,99,1419.0,1062.0,620.0,True,False,6.583333333333333,6.344444444444445,94.0,96.66666666666669,5.908333333333333,5.65,7.816666666666666,7.175,7.9,7.522222222222222,48.0,47.333333333333336,17634.0,23699.666666666668,12.8463,17.497733333333333,4098.26,4383.466666666667,221.0,194.0,43.0,48.66666666666666,144.0,180.33333333333331,187.0,229.0,408.0,423.0,620.0,576.3333333333334,48.56175518035889,47.73743089040121,200.0,286.6666666666667,139.41666666666666,186.13333333333333,139.41666666666666,81.46111111111111,False,4.826381531380579,good,1468.0,48.0,0.34999999999999964,False,False,False,113
p02,3.0,3.0,6,7.0,3.0,3.0,3.0,2020-02-23 16:47:42.439,2020-02-23,16.783333333333335,False,2020-02-23,False,1,0,6,99,1382.0,1025.0,625.0,True,False,5.983333333333333,6.26111111111111,90.0,94.0,7.033333333333333,6.266666666666667,7.891666666666667,7.477777777777777,6.85,7.205555555555556,51.0,49.0,13643.0,19768.666666666668,10.085,14.6013,2965.65,3815.486666666666,280.0,225.33333333333331,39.0,43.333333333333336,22.0,123.0,61.0,166.33333333333334,341.0,391.6666666666667,625.0,597.0,51.05933380126953,49.25525188446045,0.0,66.66666666666667,21.33333333333333,129.24444444444444,0.0,46.47222222222222,False,0.0,neutral,-2523.0,-78.0,-0.25,True,False,False,114
p02,3.0,3.0,5,7.0,3.0,3.0,3.0,2020-02-24 21:57:33.205,2020-02-24,21.95,False,2020-02-24,False,1,0,0,99,1425.0,1065.0,756.0,True,False,6.95,6.505555555555556,95.0,93.0,4.958333333333333,5.966666666666666,6.833333333333333,7.513888888888888,7.866666666666666,7.538888888888889,52.0,50.333333333333336,17558.0,16278.333333333334,12.8054,11.912233333333331,3425.82,3496.5766666666664,140.0,213.66666666666663,8.0,30.0,125.0,97.0,133.0,127.0,273.0,340.6666666666667,756.0,667.0,52.17962646484375,50.60023848215739,300.0,166.66666666666666,106.65,89.13333333333333,52.05,63.822222222222216,False,0.0,neutral,1392.0,-6.0,0.7166666666666668,True,False,False,115
p02,3.0,3.0,5,6.0,3.0,3.0,3.0,2020-02-25 10:50:41.550,2020-02-25,10.833333333333334,False,2020-02-25,False,1,0,1,99,1284.0,927.0,634.0,True,False,2.5,5.144444444444445,94.0,93.0,9.566666666666666,7.18611111111111,6.216666666666667,6.980555555555555,2.65,5.788888888888889,,51.5,14370.0,15190.333333333334,10.7125,11.200966666666668,3062.84,3151.4366666666665,253.0,224.33333333333331,15.0,20.666666666666668,66.0,71.0,81.0,91.66666666666669,334.0,316.0,634.0,671.6666666666666,50.31559658050537,51.184852282206215,0.0,100.0,75.08333333333334,67.6888888888889,49.48333333333333,33.84444444444444,False,0.0,neutral,-2372.5,-55.0,-3.791666666666666,False,True,False,116
p02,3.0,4.0,6,5.0,3.0,3.0,3.0,2020-02-26 16:24:23.772,2020-02-26,16.4,False,2020-02-26,False,1,0,2,99,1263.0,1061.0,1041.0,True,False,6.666666666666667,5.372222222222223,90.0,93.0,5.041666666666667,6.522222222222222,7.058333333333334,6.702777777777778,8.016666666666667,6.177777777777778,52.0,52.0,6731.0,12886.333333333334,5.0059000000000005,9.507933333333334,2729.76,3072.806666666667,185.0,192.66666666666663,38.0,20.33333333333333,17.0,69.33333333333333,55.0,89.66666666666667,240.0,282.3333333333333,1041.0,810.3333333333334,47.915748596191406,50.136990547180176,0.0,100.0,0.0,60.57777777777778,0.0,33.84444444444444,False,2.0993047133336082,good,-9389.5,-76.0,0.3750000000000009,False,True,False,117
p02,3.0,4.0,7,6.0,3.0,3.0,4.0,2020-02-27 17:25:59.471,2020-02-27,17.416666666666668,False,2020-02-27,False,1,0,3,99,1414.0,1059.0,448.0,True,False,6.133333333333334,5.1000000000000005,91.0,91.66666666666669,6.075,6.894444444444445,7.308333333333334,6.861111111111112,7.233333333333333,5.966666666666666,46.0,49.0,21897.0,14332.666666666666,16.5642,10.760866666666669,4902.46,3565.02,281.0,239.66666666666663,78.0,43.66666666666666,152.0,78.33333333333333,230.0,122.0,511.0,361.6666666666667,448.0,707.6666666666666,46.962928771972656,48.398091316223145,650.0,216.66666666666663,132.53333333333333,69.20555555555556,102.66666666666666,50.71666666666666,False,4.826381531380579,good,5776.5,103.0,-0.2499999999999991,False,True,False,118
p02,3.0,3.0,5,5.0,3.0,3.0,3.0,2020-02-28 22:31:30.563,2020-02-28,22.516666666666666,False,2020-02-28,False,1,0,4,99,1434.0,1074.0,532.0,True,False,3.933333333333333,5.577777777777778,94.0,91.66666666666669,8.416666666666666,6.511111111111112,7.133333333333334,7.166666666666667,4.716666666666667,6.655555555555556,49.0,49.0,31147.0,19925.0,24.366300000000003,15.312133333333335,4830.25,4154.156666666667,165.0,210.33333333333331,26.0,47.333333333333336,215.0,128.0,241.0,175.33333333333334,406.0,385.6666666666667,532.0,673.6666666666666,49.073957443237305,47.98421160380045,480.0,376.6666666666667,227.7333333333333,120.08888888888887,77.56666666666666,60.077777777777776,False,0.0,neutral,15026.5,114.0,-2.358333333333333,False,True,False,119
p02,3.0,3.0,6,7.0,3.0,3.0,3.0,2020-02-29 16:46:50.277,2020-02-29,16.766666666666666,False,2020-02-29,False,1,0,5,99,1425.0,1067.0,853.0,True,False,7.333333333333333,5.8,98.0,94.33333333333331,5.8,6.763888888888888,8.041666666666666,7.4944444444444445,8.233333333333333,6.727777777777778,47.0,47.333333333333336,6665.0,19903.0,4.966900000000001,15.299133333333335,2535.91,4089.54,224.0,223.33333333333331,0.0,34.666666666666664,0.0,122.33333333333331,0.0,157.0,224.0,380.3333333333333,853.0,611.0,47.86138916015625,47.966091791788735,0.0,376.6666666666667,0.0,120.08888888888887,0.0,60.077777777777776,False,0.0,neutral,-10077.5,-127.0,1.1083333333333334,False,False,False,120
p02,3.0,3.0,6,7.0,3.0,3.0,3.0,2020-03-01 09:04:17.128,2020-03-01,9.066666666666666,False,2020-03-01,False,1,0,6,99,1428.0,1074.0,527.0,True,False,3.15,4.805555555555555,89.0,93.66666666666669,5.8,6.672222222222222,3.466666666666667,6.213888888888889,3.6666666666666665,5.538888888888889,46.0,47.333333333333336,27295.0,21702.33333333333,20.3137,16.54896666666667,4246.72,3870.960000000001,164.0,184.33333333333331,32.0,19.33333333333333,223.0,146.0,255.0,165.33333333333334,419.0,349.6666666666667,527.0,637.3333333333334,46.98758506774902,47.97431055704752,210.0,230.0,216.73333333333332,148.15555555555557,84.46666666666667,54.01111111111111,False,0.0,neutral,10552.5,128.0,-3.0749999999999997,True,False,False,121
p02,3.0,3.0,6,7.0,3.0,3.0,3.0,2020-03-02 11:13:32.902,2020-03-02,11.216666666666669,False,2020-03-02,False,1,0,0,99,1422.0,1066.0,864.0,True,False,6.933333333333334,5.805555555555556,96.0,94.33333333333331,5.175,5.591666666666666,7.225,6.2444444444444445,8.05,6.65,46.0,46.333333333333336,12031.0,15330.333333333334,8.9726,11.417733333333333,2924.06,3235.563333333333,215.0,201.0,13.0,15.0,63.0,95.33333333333331,76.0,110.33333333333331,291.0,311.3333333333333,864.0,748.0,46.49225902557373,47.11374441782633,0.0,70.0,65.7,94.14444444444445,0.0,28.155555555555555,False,0.0,neutral,-5353.0,-60.0,0.7333333333333334,True,False,False,122
p02,3.0,3.0,6,7.0,3.0,2.0,3.0,2020-03-03 09:38:27.257,2020-03-03,9.633333333333333,False,2020-03-03,False,1,0,1,99,1424.0,1068.0,622.0,True,False,6.2,5.427777777777777,98.0,94.33333333333331,6.216666666666667,5.730555555555555,7.433333333333334,6.041666666666667,7.216666666666667,6.311111111111111,45.0,45.66666666666666,23021.0,20782.33333333333,9.7807,13.022333333333336,4132.79,3767.8566666666666,139.0,172.66666666666666,28.0,24.33333333333333,168.0,151.33333333333334,196.0,175.66666666666666,335.0,348.3333333333333,622.0,671.0,45.15010833740234,46.20998414357504,560.0,256.6666666666667,135.06666666666666,139.16666666666666,75.33333333333333,53.26666666666667,False,0.0,neutral,6278.5,69.0,0.0,False,True,False,123
p02,3.0,3.0,5,6.0,3.0,2.0,3.0,2020-03-04 08:32:54.857,2020-03-04,8.533333333333333,False,2020-03-04,False,1,0,2,99,1290.0,933.0,640.0,True,False,7.45,6.861111111111112,97.0,97.0,5.383333333333334,5.591666666666668,8.025,7.561111111111111,8.633333333333333,7.966666666666666,46.0,45.66666666666666,23647.0,19566.33333333333,17.626900000000003,12.126733333333334,4297.37,3784.74,152.0,168.66666666666666,19.0,20.0,196.0,142.33333333333334,215.0,162.33333333333334,367.0,331.0,640.0,708.6666666666666,46.510443687438965,46.050937016805015,660.0,406.6666666666667,189.4333333333333,130.06666666666666,111.78333333333332,62.37222222222223,False,0.0,neutral,6263.0,79.0,1.2416666666666663,False,True,False,124
p02,3.0,3.0,5,7.0,3.0,3.0,3.0,2020-03-06 13:23:19.730,2020-03-06,13.383333333333333,False,2020-03-06,False,1,0,4,99,1436.0,1076.0,584.0,True,False,6.65,6.972222222222222,92.0,96.0,5.275,5.522222222222222,7.15,7.802777777777777,7.866666666666666,8.272222222222222,46.0,46.0,15797.0,18846.666666666668,11.782800000000002,14.0274,3490.24,3705.376666666667,217.0,180.0,27.0,25.666666666666668,113.0,139.0,140.0,164.66666666666666,357.0,344.6666666666667,584.0,612.0,46.835208892822266,46.77780564626058,0.0,286.6666666666667,108.36666666666667,136.8166666666667,82.76666666666667,64.85000000000001,False,0.0,neutral,-1706.5,1.0,0.4250000000000007,False,True,False,126
p02,3.0,3.0,5,6.0,3.0,3.0,3.0,2020-03-07 09:28:06.906,2020-03-07,9.466666666666669,False,2020-03-07,False,1,0,5,99,1428.0,1072.0,565.0,True,False,6.8,6.755555555555556,92.0,94.33333333333331,5.35,5.51111111111111,6.691666666666666,7.358333333333333,7.333333333333333,7.838888888888889,47.0,46.333333333333336,19857.0,17583.333333333332,14.7955,13.083600000000002,3773.57,3530.776666666666,213.0,200.33333333333331,29.0,29.0,161.0,127.33333333333331,190.0,156.33333333333334,403.0,356.6666666666667,565.0,587.0,47.06277275085449,46.96191533406576,0.0,66.66666666666667,95.56666666666666,105.5277777777778,68.25,50.33888888888888,False,0.0,neutral,2353.5,50.5,0.47499999999999964,False,False,False,127
p02,3.0,3.0,4,7.0,3.0,3.0,3.0,2020-03-08 09:00:14.465,2020-03-08,9.0,False,2020-03-08,False,1,0,6,99,1434.0,1075.0,645.0,True,False,6.05,6.5,96.0,93.33333333333331,6.825,5.816666666666667,8.225,7.355555555555555,7.4,7.533333333333334,47.0,46.66666666666666,16197.0,17283.666666666668,12.080100000000002,12.886133333333332,3494.88,3586.23,205.0,211.66666666666663,30.0,28.666666666666668,120.0,131.33333333333334,150.0,160.0,355.0,371.6666666666667,645.0,598.0,47.41244983673096,47.1034771601359,0.0,0.0,70.81666666666666,91.58333333333331,70.81666666666666,73.94444444444444,False,0.0,neutral,-1399.0,-9.0,-0.27500000000000036,True,False,False,128
p02,3.0,3.0,5,7.0,3.0,3.0,3.0,2020-03-11 09:00:48.100,2020-03-11,9.0,False,2020-03-11,False,1,0,2,99,1166.0,1055.0,1130.0,True,False,7.95,6.583333333333334,93.0,95.0,4.833333333333333,5.541666666666666,7.708333333333333,7.2375,8.866666666666667,7.691666666666666,44.0,45.0,12198.0,15987.333333333334,9.0952,12.27006666666667,3030.38,3302.063333333333,246.0,222.33333333333331,17.0,17.333333333333332,47.0,88.66666666666667,64.0,106.0,310.0,328.3333333333333,,685.0,44.6740837097168,45.40835316975912,0.0,116.66666666666669,44.36666666666667,83.33888888888889,0.0,38.11111111111111,False,0.0,neutral,-5398.0,-115.0,1.75,False,True,False,131
p02,3.0,3.0,4,7.0,3.0,3.0,3.0,2020-03-13 21:15:20.382,2020-03-13,21.25,False,2020-03-13,False,1,0,4,99,1425.0,1070.0,741.0,True,False,5.95,6.755555555555556,98.0,94.66666666666669,5.708333333333333,5.186111111111111,6.75,6.941666666666666,7.033333333333333,7.75,45.0,45.0,10341.0,13676.666666666666,7.616600000000001,10.114466666666669,2998.98,3216.056666666667,166.0,199.66666666666663,25.0,22.0,67.0,78.66666666666667,92.0,100.66666666666669,258.0,300.3333333333333,741.0,658.0,45.39389991760254,45.45984331766764,0.0,23.33333333333333,58.016666666666666,74.23333333333333,0.0,0.0,False,0.0,neutral,-7162.5,-56.0,-0.2666666666666666,False,True,True,133
p02,3.0,3.0,5,6.0,3.0,3.0,3.0,2020-03-17 09:13:23.686,2020-03-17,9.216666666666669,False,2020-03-17,False,1,0,1,99,1234.0,878.0,784.0,False,False,,5.958333333333334,,89.5,,5.870833333333334,,7.1125,,7.241666666666667,,47.5,10922.0,16411.0,8.1478,12.3172,2823.14,3552.2666666666664,106.0,179.66666666666666,34.0,25.666666666666668,73.0,120.66666666666669,107.0,146.33333333333334,213.0,326.0,784.0,636.6666666666666,46.55438423156738,47.43032932281494,0.0,273.3333333333333,105.81666666666666,108.62222222222222,33.28333333333333,43.76666666666667,False,0.0,neutral,-6351.0,-36.0,,False,True,True,137
p02,3.0,3.0,6,7.0,3.0,3.0,3.0,2020-03-19 21:56:31.830,2020-03-19,21.933333333333334,False,2020-03-19,False,1,0,3,99,1428.0,1071.0,760.0,True,False,6.9,6.550000000000001,98.0,98.5,6.033333333333333,5.708333333333334,8.15,7.683333333333334,8.116666666666667,7.975,45.0,45.5,12603.0,13127.666666666666,9.4022,9.725733333333334,3023.34,3202.74,89.0,115.33333333333331,14.0,22.0,107.0,105.33333333333331,121.0,127.33333333333331,210.0,242.66666666666663,760.0,772.0,45.810988426208496,46.35105069478353,0.0,80.0,120.31666666666666,124.58333333333331,0.0,30.149999999999995,False,0.0,neutral,-4670.0,-27.0,0.6750000000000007,False,True,True,139
p02,3.0,3.0,4,6.0,2.0,3.0,3.0,2020-03-20 09:18:19.045,2020-03-20,9.3,False,2020-03-20,False,1,0,4,99,1419.0,1071.0,537.0,True,False,3.0,5.366666666666667,80.0,92.33333333333331,9.1,6.838888888888889,6.883333333333334,7.416666666666667,3.783333333333333,6.577777777777778,,45.5,19589.0,16016.666666666666,17.0047,12.678033333333332,4882.39,3889.156666666667,166.0,135.33333333333334,52.0,28.0,191.0,144.66666666666666,243.0,172.66666666666666,409.0,308.0,537.0,648.5,44.45865154266357,45.65247313181559,700.0,313.3333333333333,249.4333333333333,172.45555555555555,249.4333333333333,102.2,False,0.0,neutral,2758.0,100.0,-3.291666666666666,False,True,True,140
p02,3.0,3.0,4,6.0,3.0,3.0,3.0,2020-03-21 21:21:34.918,2020-03-21,21.35,False,2020-03-21,False,1,0,5,99,1422.0,1066.0,755.0,True,False,5.466666666666667,5.122222222222223,86.0,88.0,8.883333333333333,8.005555555555555,9.133333333333333,8.055555555555555,6.25,6.05,47.0,46.0,16234.0,16142.0,12.0621,12.823,3825.84,3910.523333333333,199.0,151.33333333333334,22.0,29.33333333333333,127.0,141.66666666666666,149.0,171.0,348.0,322.3333333333333,755.0,684.0,47.1948356628418,45.82149187723795,0.0,233.33333333333331,98.98333333333332,156.24444444444444,0.0,83.14444444444445,False,0.0,neutral,-597.0,6.0,-0.8166666666666664,False,False,True,141
p02,3.0,3.0,6,7.0,3.0,3.0,3.0,2020-03-23 18:33:20.601,2020-03-23,18.55,False,2020-03-23,False,1,0,0,99,1211.0,851.0,669.0,True,False,7.133333333333334,6.577777777777778,99.0,92.33333333333331,5.533333333333333,6.875,8.075,8.763888888888888,8.533333333333333,7.883333333333333,48.0,48.0,12485.0,13925.0,9.1356,10.276333333333334,3167.21,3391.6366666666668,111.0,167.66666666666666,9.0,12.333333333333334,119.0,106.33333333333331,128.0,118.66666666666669,239.0,286.3333333333333,669.0,739.0,48.6261510848999,48.46419175465902,360.0,180.0,124.38333333333333,88.96666666666665,39.05,20.416666666666668,False,0.0,neutral,-3915.0,-15.0,0.8500000000000005,True,False,True,143
p02,3.0,3.0,5,7.0,3.0,3.0,3.0,2020-03-25 11:43:39.449,2020-03-25,11.716666666666669,False,2020-03-25,False,1,0,2,99,1399.0,1044.0,686.0,True,False,6.816666666666666,7.005555555555556,99.0,98.66666666666669,5.683333333333334,5.572222222222223,7.925,8.072222222222221,8.233333333333333,8.494444444444445,48.0,48.0,10874.0,13532.333333333334,8.1104,9.989633333333334,2812.53,3283.526666666667,152.0,119.33333333333331,12.0,13.0,67.0,111.66666666666669,79.0,124.66666666666669,231.0,244.0,686.0,673.6666666666666,48.73249244689941,48.61718813578288,0.0,360.0,64.28333333333333,105.6111111111111,0.0,55.73888888888888,False,0.0,neutral,-5526.0,-68.5,0.30833333333333357,False,True,True,145
p02,3.0,3.0,5,7.0,3.0,3.0,3.0,2020-03-26 22:17:42.170,2020-03-26,22.28333333333333,False,2020-03-26,False,1,0,3,99,1427.0,1069.0,775.0,True,False,5.516666666666667,6.466666666666666,94.0,97.0,4.125,5.102777777777778,4.308333333333334,6.816666666666667,6.183333333333334,7.711111111111111,47.0,47.66666666666666,9817.0,12643.0,8.4699,9.767733333333334,2811.39,3164.92,106.0,117.66666666666669,11.0,13.666666666666666,54.0,90.0,65.0,103.66666666666669,171.0,221.33333333333331,775.0,709.0,47.44811820983887,48.224510510762535,0.0,240.0,48.63333333333333,80.3611111111111,48.63333333333333,58.93333333333333,False,0.0,neutral,-6583.0,-82.5,-0.9916666666666663,False,True,True,146
p02,3.0,3.0,3,7.0,3.0,1.0,3.0,2020-03-29 21:26:13.692,2020-03-29,21.433333333333334,False,2020-03-29,False,1,0,6,99,1428.0,1070.0,609.0,True,False,3.716666666666667,5.405555555555556,92.0,93.0,9.0,6.955555555555556,7.241666666666666,7.536111111111111,4.233333333333333,6.572222222222223,49.0,47.66666666666666,17133.0,12437.666666666666,12.7791,9.1338,3533.11,3242.94,237.0,178.66666666666666,42.0,22.666666666666668,109.0,90.66666666666669,151.0,113.33333333333331,388.0,292.0,609.0,644.5,49.40721416473389,48.14760653177897,240.0,213.33333333333331,48.63333333333333,72.67777777777778,0.0,45.37222222222223,False,0.0,neutral,1105.5,11.5,-2.666666666666666,True,False,True,149
p02,3.0,3.0,3,7.0,3.0,2.0,3.0,2020-03-30 09:06:14.491,2020-03-30,9.1,False,2020-03-30,False,1,0,0,99,1002.0,687.0,983.0,True,False,5.766666666666667,5.194444444444445,93.0,91.33333333333331,5.875,7.075,6.35,7.111111111111111,6.466666666666667,6.027777777777778,51.0,49.0,,16105.5,,11.99275,,3411.67,,204.0,,27.0,,100.0,,127.0,,331.0,,644.5,,48.38755178451538,,240.0,116.06666666666666,81.35555555555555,0.0,15.361111111111107,True,0.0,neutral,,,-0.6166666666666663,True,False,True,150
p03,2.0,3.0,5,2.0,2.0,3.0,3.0,2019-11-01 09:03:15.527,2019-11-01,9.05,False,2019-11-01,False,1,0,4,82,,0.0,,True,False,2.1,,93.0,,7.8,,4.05,,2.25,,,,,,,,,,,,,,,,,,,,,,,,,,,,,,True,-1.8680343198945644,bad,,,,False,True,False,0
p03,3.0,3.0,5,7.0,3.0,3.0,3.0,2019-11-03 08:07:35.504,2019-11-03,8.116666666666667,False,2019-11-03,False,1,0,6,82,669.0,316.0,888.0,False,False,,4.116666666666667,,91.0,,7.199999999999999,,5.858333333333333,,4.658333333333333,,,,,,,,,,,,,,,,,,,,,,,,,0.0,19.625,,,True,0.0,neutral,,,,True,False,False,2
p03,3.0,3.0,5,7.0,3.0,3.0,3.0,2019-11-04 09:40:15.071,2019-11-04,9.666666666666666,False,2019-11-04,False,1,0,0,82,0.0,0.0,1440.0,False,False,,,,,,,,,,,,,,,,,,,,,,,,,,,,,,,,,,,0.0,13.083333333333334,,,True,0.0,neutral,,,,True,False,False,3
p03,2.0,3.0,5,8.0,3.0,3.0,3.0,2019-11-05 14:45:33.361,2019-11-05,14.75,False,2019-11-05,False,1,0,1,82,0.0,0.0,1440.0,False,False,,,,,,,,,,,,,,,,,,,,,,,,,,,,,,,,,,,0.0,0.0,,,True,-1.8680343198945644,bad,,,,False,True,False,4
p03,3.0,3.0,5,8.0,3.0,3.0,3.0,2019-11-06 08:19:57.485,2019-11-06,8.316666666666666,False,2019-11-06,False,1,0,2,82,663.0,663.0,1276.0,True,False,7.383333333333334,,96.0,,5.3,,7.491666666666666,,8.183333333333334,,61.0,,,,,,,,,,,,,,,,,,,,,,,,32.43333333333333,10.81111111111111,,,True,0.0,neutral,,,,False,True,False,5
p03,3.0,3.0,5,7.0,4.0,3.0,3.0,2019-11-07 13:47:52.280,2019-11-07,13.783333333333331,False,2019-11-07,False,1,0,3,82,1105.0,747.0,739.0,True,False,6.916666666666667,7.15,95.0,95.5,5.541666666666667,5.420833333333333,7.433333333333334,7.4625,7.883333333333334,8.033333333333333,59.0,60.0,9079.0,,7.2235,,3016.4,,175.0,,13.0,,22.0,,35.0,,210.0,,,,59.04029846191406,,,,15.366666666666667,15.933333333333332,,,False,0.0,neutral,,,,False,True,False,6
p03,4.0,3.0,5,8.0,4.0,3.0,3.0,2019-11-08 07:56:32.889,2019-11-08,7.933333333333334,False,2019-11-08,False,1,0,4,82,916.0,557.0,836.0,True,False,6.583333333333333,6.961111111111111,95.0,95.33333333333331,6.108333333333333,5.65,7.416666666666667,7.447222222222223,7.3,7.788888888888889,58.0,59.333333333333336,,,,,,,,,,,,,,,,,,,,,,,0.0,15.933333333333332,,,True,1.8680343198945644,good,,,,False,True,False,7
p03,3.0,3.0,5,8.0,3.0,3.0,3.0,2019-11-11 14:45:59.130,2019-11-11,14.75,False,2019-11-11,False,1,0,0,82,0.0,0.0,1440.0,False,False,,,,,,,,,,,,,,,,,,,,,,,,,,,,,,,,,,,0.0,0.0,,,True,0.0,neutral,,,,True,False,False,10
p03,2.0,3.0,5,3.0,2.0,3.0,3.0,2019-11-12 08:49:16.433,2019-11-12,8.816666666666666,False,2019-11-12,False,1,0,1,82,547.0,547.0,1277.0,True,False,3.2333333333333334,,92.0,,6.266666666666667,,4.008333333333334,,3.733333333333333,,57.0,,,,,,,,,,,,,,,,,,,,,,,,36.7,12.233333333333334,,,True,-1.8680343198945644,bad,,,,False,True,False,11
p03,3.0,3.0,5,7.0,3.0,3.0,3.0,2019-11-13 08:49:08.706,2019-11-13,8.816666666666666,False,2019-11-13,False,1,0,2,82,918.0,571.0,1034.0,True,False,6.183333333333334,4.708333333333334,97.0,94.5,7.4,6.833333333333334,8.191666666666666,6.1,6.783333333333333,5.258333333333333,56.0,56.5,,,,,,,,,,,,,,,,,,,,,,,0.0,12.233333333333334,,,True,0.0,neutral,,,,False,True,False,12
p03,3.0,3.0,5,7.0,3.0,3.0,3.0,2019-11-14 08:56:00.559,2019-11-14,8.933333333333334,False,2019-11-14,False,1,0,3,82,486.0,157.0,1030.0,True,False,7.2,5.538888888888889,96.0,95.0,6.158333333333333,6.608333333333333,8.175,6.791666666666667,8.016666666666667,6.177777777777778,55.0,56.0,,,,,,,,,,,,,,,,,,,,,,,0.0,12.233333333333334,,,True,0.0,neutral,,,,False,True,False,13
p03,3.0,3.0,5,7.0,3.0,3.0,3.0,2019-11-17 00:50:57.679,2019-11-17,0.8333333333333334,True,2019-11-16,False,1,0,5,82,595.0,489.0,1329.0,True,False,7.233333333333333,7.216666666666667,93.0,94.5,6.433333333333334,6.295833333333333,8.825,8.5,8.383333333333333,8.2,56.0,55.5,,,,,,,,,,,,,,,,,,,,,,,0.0,11.094444444444443,,,True,0.0,neutral,,,,False,False,False,15
p03,3.0,3.0,5,7.0,3.0,3.0,3.0,2019-11-17 12:19:21.342,2019-11-17,12.316666666666666,False,2019-11-17,False,1,0,6,82,494.0,137.0,911.0,False,False,,,,,,,,,,,,,,,,,,,,,,,,,,,,,,,,,,,0.0,11.094444444444443,,,True,0.0,neutral,,,,True,False,False,16
p03,3.0,3.0,5,7.0,3.0,3.0,3.0,2019-11-19 09:04:52.926,2019-11-19,9.066666666666666,False,2019-11-19,False,1,0,1,82,0.0,0.0,1440.0,False,False,,,,,,,,,,,,,,,,,,,,,,,,,,,,,,,,,,,0.0,0.0,,,True,0.0,neutral,,,,False,True,False,18
p03,3.0,3.0,5,7.0,3.0,3.0,3.0,2019-11-20 11:02:09.070,2019-11-20,11.033333333333331,False,2019-11-20,False,1,0,2,82,0.0,0.0,1440.0,False,False,,,,,,,,,,,,,,,,,,,,,,,,,,,,,,,,,,,0.0,0.0,,,True,0.0,neutral,,,,False,True,False,19
p03,3.0,3.0,5,7.0,3.0,3.0,3.0,2019-11-22 07:58:33.442,2019-11-22,7.966666666666667,False,2019-11-22,False,1,0,4,82,0.0,0.0,1440.0,False,False,,,,,,,,,,,,,,,,,,,,,,,,,,,,,,,,,,,0.0,0.0,,,True,0.0,neutral,,,,False,True,False,21
p03,3.0,3.0,5,7.0,3.0,3.0,3.0,2019-11-23 08:56:41.544,2019-11-23,8.933333333333334,False,2019-11-23,False,1,0,5,82,0.0,0.0,1440.0,False,False,,,,,,,,,,,,,,,,,,,,,,,,,,,,,,,,,,,0.0,0.0,,,True,0.0,neutral,,,,False,False,False,22
p03,3.0,3.0,5,6.0,3.0,3.0,4.0,2019-11-25 08:42:16.247,2019-11-25,8.7,False,2019-11-25,False,1,0,0,82,0.0,0.0,1440.0,False,False,,,,,,,,,,,,,,,,,,,,,,,,,,,,,,,,,,,0.0,0.0,,,True,2.0058698548769076,good,,,,True,False,False,24
p03,2.0,3.0,3,3.0,2.0,3.0,3.0,2019-11-26 09:45:23.337,2019-11-26,9.75,False,2019-11-26,False,1,0,1,82,0.0,0.0,1440.0,False,False,,,,,,,,,,,,,,,,,,,,,,,,,,,,,,,,,,,0.0,0.0,,,True,-1.8680343198945644,bad,,,,False,True,False,25
p03,3.0,3.0,4,4.0,3.0,3.0,3.0,2019-11-27 21:34:30.422,2019-11-27,21.566666666666663,False,2019-11-27,False,1,0,2,82,0.0,0.0,1440.0,False,False,,,,,,,,,,,,,,,,,,,,,,,,,,,,,,,,,,,0.0,0.0,,,True,0.0,neutral,,,,False,True,False,26
p03,3.0,3.0,5,6.0,3.0,3.0,3.0,2019-12-01 08:38:02.291,2019-12-01,8.633333333333333,False,2019-12-01,False,2,0,6,82,0.0,0.0,1440.0,False,False,,,,,,,,,,,,,,,,,,,,,,,,,,,,,,,,,,,0.0,0.0,,,True,0.0,neutral,,,,True,False,False,30
p03,3.0,3.0,5,6.0,3.0,3.0,3.0,2019-12-04 06:57:26.913,2019-12-04,6.95,False,2019-12-04,False,1,0,2,82,0.0,0.0,1440.0,False,False,,,,,,,,,,,,,,,,,,,,,,,,,,,,,,,,,,,0.0,0.0,,,True,0.0,neutral,,,,False,True,False,33
p03,3.0,3.0,5,5.0,3.0,3.0,3.0,2019-12-09 14:04:06.226,2019-12-09,14.066666666666666,False,2019-12-09,False,1,0,0,82,0.0,0.0,1440.0,False,False,,,,,,,,,,,,,,,,,,,,,,,,,,,,,,,,,,,0.0,0.0,,,True,0.0,neutral,,,,True,False,False,38
p03,3.0,3.0,5,7.0,3.0,3.0,3.0,2019-12-11 07:41:11.728,2019-12-11,7.683333333333334,False,2019-12-11,False,2,0,2,82,593.0,593.0,1440.0,False,False,,,,,,,,,,,,,,,,,,,,,,,,,,,,,,,,,,,0.0,0.0,,,True,0.0,neutral,,,,False,True,False,40
p03,3.0,3.0,5,7.0,3.0,3.0,3.0,2019-12-13 01:55:07.239,2019-12-13,1.9166666666666663,True,2019-12-12,False,1,0,3,82,1323.0,1038.0,1229.0,False,False,,,,,,,,,,,,,9113.0,,7.249300000000001,,3121.31,,168.0,,12.0,,31.0,,43.0,,211.0,,1229.0,,55.55140209197998,,,,0.0,0.0,,,False,0.0,neutral,,,,False,True,False,41
p03,3.0,3.0,5,6.0,3.0,3.0,3.0,2019-12-14 13:11:48.123,2019-12-14,13.183333333333334,False,2019-12-14,False,1,0,5,82,1358.0,1003.0,1167.0,False,False,,,,,,,,,,,,,6389.0,8789.333333333334,4.9881,6.811333333333334,3270.4500000000003,3279.3233333333333,263.0,199.66666666666663,5.0,15.666666666666666,5.0,32.0,10.0,47.66666666666666,273.0,247.33333333333331,1167.0,1192.6666666666667,57.794047355651855,56.6065289179484,,,0.0,0.0,,,False,0.0,neutral,,,,False,False,False,43
p03,3.0,3.0,5,6.0,3.0,3.0,3.0,2019-12-20 10:03:48.077,2019-12-20,10.05,False,2019-12-20,False,1,0,4,82,81.0,81.0,1439.0,True,False,5.233333333333333,,92.0,,5.641666666666667,,5.533333333333333,,5.883333333333334,,60.0,,,,,,,,,,,,,,,,,,,,,,,,0.0,0.0,,,True,0.0,neutral,,,,False,True,False,49
p03,3.0,3.0,5,6.0,3.0,3.0,3.0,2019-12-21 12:21:00.849,2019-12-21,12.35,False,2019-12-21,False,1,0,5,82,1226.0,874.0,919.0,True,False,4.383333333333334,4.808333333333334,96.0,94.0,6.75,6.195833333333333,5.858333333333333,5.695833333333333,5.1,5.491666666666667,59.0,59.5,4872.0,,3.872700000000001,,2692.32,,157.0,,4.0,,7.0,,11.0,,168.0,,919.0,,64.30941677093506,,,,0.0,0.0,,,False,0.0,neutral,,,,False,False,False,50
p03,3.0,3.0,5,6.0,3.0,3.0,3.0,2019-12-22 11:57:38.910,2019-12-22,11.95,False,2019-12-22,False,1,0,6,82,1207.0,849.0,660.0,True,False,3.2333333333333334,4.283333333333334,90.0,92.66666666666669,8.741666666666667,7.044444444444444,6.758333333333334,6.05,4.016666666666667,5.0,59.0,59.333333333333336,8113.0,6492.5,6.4514000000000005,5.162050000000001,2939.32,2815.82,263.0,210.0,0.0,2.0,0.0,3.5,0.0,5.5,263.0,215.5,660.0,789.5,61.39557552337647,62.85249614715576,,,17.916666666666668,5.972222222222222,,,False,0.0,neutral,,,,True,False,False,51
p03,3.0,3.0,6,6.0,3.0,3.0,3.0,2019-12-25 00:02:22.601,2019-12-25,0.0333333333333333,True,2019-12-24,False,1,0,1,82,1405.0,1045.0,707.0,True,False,5.883333333333334,5.15,92.0,92.0,6.108333333333333,6.777777777777779,6.791666666666667,6.7250000000000005,6.683333333333334,5.944444444444444,58.0,58.333333333333336,9649.0,8346.666666666666,7.288100000000001,6.508633333333333,3305.65,3103.3233333333333,286.0,269.0,5.0,7.0,14.0,5.333333333333333,19.0,12.333333333333334,305.0,281.3333333333333,707.0,763.3333333333334,59.48393249511719,60.12989870707194,,,30.716666666666665,16.211111111111112,,,False,0.0,neutral,,,,False,True,False,53
p03,3.0,4.0,4,7.0,3.0,2.0,3.0,2019-12-26 12:34:20.141,2019-12-26,12.566666666666666,False,2019-12-26,False,1,0,3,82,1253.0,895.0,818.0,False,False,,5.9,,92.0,,6.579166666666667,,7.320833333333333,,6.741666666666667,,58.0,4936.0,8330.333333333334,3.9229,6.623066666666667,2754.16,3203.393333333333,201.0,269.3333333333333,12.0,14.0,1.0,10.333333333333334,13.0,24.33333333333333,214.0,293.6666666666667,818.0,734.0,57.50079250335693,58.25029055277506,0.0,75.0,0.0,15.27222222222222,0.0,7.55,False,1.8407124192216915,good,,,,False,True,False,55
p03,3.0,3.0,5,5.0,3.0,3.0,3.0,2019-12-28 07:31:33.891,2019-12-28,7.516666666666667,False,2019-12-28,False,1,0,5,82,50.0,0.0,1427.0,True,False,4.433333333333334,,92.0,,8.008333333333333,,7.208333333333333,,5.2,,57.0,,,4401.5,,3.49745,,2664.55,,183.5,,6.0,,0.5,,6.5,,190.0,,,,57.495848178863525,0.0,0.0,0.0,0.0,0.0,0.0,True,0.0,neutral,,,,False,False,False,57
p03,3.0,3.0,5,6.0,3.0,3.0,3.0,2019-12-30 00:37:48.798,2019-12-30,0.6166666666666667,True,2019-12-29,False,1,0,6,82,1288.0,991.0,931.0,True,False,8.233333333333333,6.333333333333333,96.0,94.0,5.866666666666666,6.9375,9.016666666666667,8.1125,9.15,7.175000000000001,57.0,57.0,5785.0,4826.0,4.5989,3.83545,2748.29,2661.615,197.0,181.5,0.0,0.0,0.0,0.0,0.0,0.0,197.0,181.5,931.0,,57.3847246170044,57.437814235687256,0.0,0.0,0.0,0.0,0.0,0.0,False,0.0,neutral,,,,True,False,False,58
p03,3.0,3.0,5,7.0,3.0,3.0,3.0,2019-12-30 14:17:14.494,2019-12-30,14.283333333333331,False,2019-12-30,False,1,0,0,82,1179.0,826.0,800.0,True,False,5.45,6.038888888888889,89.0,92.33333333333331,7.1,6.991666666666666,7.475,7.899999999999999,6.366666666666666,6.905555555555555,58.0,57.333333333333336,2207.0,3996.0,1.7528,3.1758500000000005,2253.76,2501.025,91.0,144.0,0.0,0.0,0.0,0.0,0.0,0.0,91.0,144.0,,,58.66996669769287,58.02734565734863,0.0,0.0,0.0,0.0,0.0,0.0,False,0.0,neutral,,,,True,False,False,59
p03,3.0,3.0,5,8.0,3.0,2.0,3.0,2020-01-02 00:58:40.521,2020-01-02,0.9666666666666668,True,2020-01-01,False,1,0,2,82,1312.0,956.0,868.0,True,False,7.1,6.233333333333333,91.0,89.33333333333333,7.925,7.316666666666666,9.891666666666667,8.422222222222222,7.966666666666667,7.1000000000000005,57.0,57.333333333333336,3946.0,5265.333333333333,3.0421000000000005,4.4088,2511.75,2704.806666666667,154.0,144.66666666666666,0.0,3.0,0.0,12.666666666666666,0.0,15.666666666666666,154.0,160.33333333333334,868.0,845.0,57.221442222595215,57.68837451934815,,105.0,0.0,10.81111111111111,0.0,10.81111111111111,False,0.0,neutral,-3332.0,-18.0,,False,True,False,61
p03,3.0,3.0,5,6.0,3.0,3.0,3.0,2020-01-05 22:48:08.753,2020-01-05,22.8,False,2020-01-05,False,1,0,6,82,1334.0,978.0,651.0,False,False,,,,,,,,,,,,,11212.0,7044.5,8.918000000000001,5.6023000000000005,3529.89,2969.5,224.0,167.5,62.0,31.0,33.0,16.5,95.0,47.5,319.0,215.0,651.0,,55.573195457458496,55.38965177536011,,,46.08333333333333,15.361111111111107,0.0,0.0,False,0.0,neutral,4823.0,82.0,,True,False,False,65
p03,3.0,3.0,5,7.0,3.0,3.0,2.0,2020-01-06 07:48:58.859,2020-01-06,7.8,False,2020-01-06,False,1,0,0,82,1119.0,884.0,1210.0,True,False,7.133333333333334,7.116666666666667,95.0,95.5,4.775,6.433333333333334,7.008333333333334,8.470833333333333,8.233333333333333,8.033333333333333,55.0,55.0,2918.0,5669.0,2.3197,4.5081,2400.04,2779.6800000000003,105.0,146.66666666666666,6.0,22.666666666666668,0.0,11.0,6.0,33.666666666666664,111.0,180.33333333333331,,,55.31521892547608,55.364840825398765,,,0.0,15.361111111111107,0.0,0.0,False,-2.0058698548769076,bad,-3915.5,-9.5,,True,False,False,66
p03,3.0,3.0,5,8.0,3.0,3.0,2.0,2020-01-07 09:06:50.129,2020-01-07,9.1,False,2020-01-07,False,1,0,1,82,1227.0,872.0,751.0,True,False,6.916666666666667,7.025,100.0,97.5,5.766666666666667,5.270833333333334,7.533333333333333,7.270833333333334,7.766666666666667,8.0,56.0,55.5,9233.0,7787.666666666667,7.347300000000001,6.195,3028.03,2985.986666666666,150.0,159.66666666666666,13.0,27.0,32.0,21.666666666666668,45.0,48.66666666666666,195.0,208.33333333333331,751.0,701.0,56.56694793701172,55.818454106648765,,,35.0,27.02777777777777,0.0,0.0,False,-2.0058698548769076,bad,2844.0,32.0,0.8833333333333337,False,True,False,67
p03,3.0,3.0,5,7.0,3.0,3.0,2.0,2020-01-08 09:21:03.808,2020-01-08,9.35,False,2020-01-08,False,1,0,2,82,1202.0,845.0,764.0,True,False,5.866666666666666,6.638888888888889,95.0,96.66666666666669,6.466666666666667,5.669444444444444,7.2,7.247222222222223,6.733333333333333,7.577777777777778,58.0,56.333333333333336,8382.0,6844.333333333333,6.647200000000001,5.438066666666668,2945.29,2791.1200000000003,188.0,147.66666666666666,4.0,7.666666666666667,18.0,16.666666666666668,22.0,24.33333333333333,210.0,172.0,764.0,757.5,58.64262390136719,56.841596921285,,,21.33333333333333,18.77777777777777,0.0,0.0,False,-2.0058698548769076,bad,1548.5,6.5,-0.2833333333333341,False,True,False,68
p03,3.0,3.0,5,7.0,3.0,3.0,3.0,2020-01-12 01:32:08.115,2020-01-12,1.5333333333333332,True,2020-01-11,False,1,0,5,82,1005.0,646.0,686.0,True,False,8.933333333333334,8.25,96.0,95.0,6.6,5.755555555555556,10.65,9.152777777777777,10.05,9.394444444444446,58.0,57.0,,9495.0,,7.52195,,3412.6850000000004,,185.5,,44.0,,40.5,,84.5,,270.0,,,,56.89763164520264,,,40.96666666666667,23.32777777777778,0.0,0.0,True,0.0,neutral,,,2.6916666666666664,False,False,False,71
p03,3.0,3.0,5,7.0,3.0,3.0,3.0,2020-01-12 16:28:39.900,2020-01-12,16.466666666666665,False,2020-01-12,False,1,0,6,82,571.0,214.0,834.0,False,False,,8.766666666666666,,95.5,,5.854166666666666,,9.8125,,9.958333333333334,,57.5,,,,,,,,,,,,,,,,,,,,,,,0.0,13.655555555555557,0.0,0.0,True,0.0,neutral,,,,True,False,False,72
p03,3.0,3.0,5,7.0,3.0,3.0,3.0,2020-01-13 09:57:12.961,2020-01-13,9.95,False,2020-01-13,False,1,0,0,82,538.0,538.0,1323.0,True,False,6.466666666666667,7.7,97.0,96.5,5.325,5.9625,6.616666666666666,8.633333333333333,7.283333333333333,8.666666666666668,58.0,58.0,,,,,,,,,,,,,,,,,,,,,,,32.416666666666664,24.46111111111111,0.0,0.0,True,0.0,neutral,,,0.13333333333333375,True,False,False,73
p03,3.0,3.0,5,7.0,3.0,3.0,3.0,2020-01-14 08:38:30.119,2020-01-14,8.633333333333333,False,2020-01-14,False,1,0,1,82,1159.0,806.0,808.0,True,False,6.683333333333334,6.575,96.0,96.5,6.858333333333333,6.091666666666667,8.208333333333334,7.4125,7.35,7.316666666666666,57.0,57.5,9216.0,,7.317800000000001,,2987.51,,144.0,,5.0,,46.0,,51.0,,195.0,,,,57.497925758361816,,,,48.63333333333333,27.016666666666666,0.0,0.0,False,0.0,neutral,1612.0,33.0,0.2833333333333332,False,True,False,74
p03,3.0,3.0,5,7.0,3.0,3.0,3.0,2020-01-15 10:45:32.063,2020-01-15,10.75,False,2020-01-15,False,1,0,2,82,1121.0,761.0,848.0,True,False,6.383333333333334,6.51111111111111,96.0,96.33333333333331,6.991666666666666,6.391666666666667,8.033333333333333,7.6194444444444445,7.033333333333333,7.222222222222221,56.0,57.0,6320.0,7768.0,5.040500000000001,6.179150000000001,2665.0,2826.255,125.0,134.5,3.0,4.0,23.0,34.5,26.0,38.5,151.0,173.0,,,56.866994857788086,57.18246030807495,,,29.016666666666666,36.68888888888889,0.0,0.0,False,0.0,neutral,-1701.5,7.5,-0.08333333333333304,False,True,False,75
p03,3.0,3.0,5,7.0,3.0,3.0,3.0,2020-01-16 10:34:27.645,2020-01-16,10.566666666666666,False,2020-01-16,False,1,0,3,82,991.0,631.0,821.0,True,False,6.466666666666667,6.511111111111112,95.0,95.66666666666669,6.475,6.775,7.816666666666666,8.019444444444444,7.333333333333333,7.23888888888889,57.0,56.66666666666666,,7768.0,,6.179150000000001,,2826.255,,134.5,,4.0,,34.5,,38.5,,173.0,,,,57.18246030807495,,,24.73333333333333,34.12777777777777,0.0,0.0,True,0.0,neutral,,,0.041666666666666075,False,True,False,76
p03,3.0,3.0,5,7.0,3.0,3.0,3.0,2020-01-17 12:36:20.762,2020-01-17,12.6,False,2020-01-17,False,1,0,4,82,1147.0,790.0,670.0,True,False,7.183333333333334,6.677777777777778,95.0,95.33333333333331,5.016666666666667,6.161111111111111,7.316666666666666,7.722222222222221,8.3,7.555555555555554,58.0,57.0,10940.0,8630.0,8.702,6.87125,3604.77,3134.885,251.0,188.0,39.0,21.0,40.0,31.5,79.0,52.5,330.0,240.5,,,58.373215675354,57.620105266571045,,,24.75,26.166666666666668,0.0,0.0,False,0.0,neutral,3336.0,60.5,0.7166666666666668,False,True,False,77
p03,3.0,3.0,5,7.0,3.0,3.0,3.0,2020-01-18 15:06:52.549,2020-01-18,15.1,False,2020-01-18,False,1,0,5,82,810.0,452.0,798.0,True,False,6.866666666666666,6.838888888888889,98.0,96.0,7.091666666666667,6.1944444444444455,8.575,7.902777777777778,7.483333333333333,7.705555555555556,57.0,57.333333333333336,,,,,,,,,,,,,,,,,,,,,,,28.15,25.877777777777776,0.0,0.0,True,0.0,neutral,,,0.39999999999999947,False,False,False,78
p03,3.0,3.0,5,7.0,3.0,3.0,3.0,2020-01-20 00:00:18.201,2020-01-20,0.0,True,2020-01-19,False,1,0,6,82,736.0,384.0,953.0,True,False,7.816666666666666,7.288888888888889,95.0,96.0,6.708333333333333,6.272222222222222,9.466666666666669,8.452777777777778,8.75,8.177777777777779,56.0,57.0,,,,,,,,,,,,,,,,,,,,,,,0.0,17.633333333333333,0.0,0.0,True,0.0,neutral,,,1.1333333333333329,True,False,False,79
p03,3.0,3.0,5,6.0,3.0,3.0,3.0,2020-01-20 07:04:22.396,2020-01-20,7.066666666666666,False,2020-01-20,False,1,0,0,82,660.0,301.0,906.0,True,False,5.416666666666667,6.7,97.0,96.66666666666669,5.95,6.583333333333333,6.4,8.147222222222222,6.45,7.561111111111111,56.0,56.333333333333336,,,,,,,,,,,,,,,,,,,,,,,0.0,9.383333333333333,0.0,0.0,True,0.0,neutral,,,-1.4499999999999993,True,False,False,80
p03,3.0,3.0,5,7.0,3.0,3.0,3.0,2020-01-22 20:51:49.522,2020-01-22,20.85,False,2020-01-22,False,1,0,2,82,141.0,0.0,1227.0,True,False,5.716666666666667,4.761111111111112,97.0,96.66666666666669,7.275,6.327777777777778,7.75,5.8194444444444455,6.466666666666667,5.488888888888888,53.0,54.0,,,,,,,,,,,,,,,,,,,,,,,0.0,21.044444444444448,0.0,0.0,True,0.0,neutral,,,-1.1499999999999995,False,True,False,82
p03,3.0,3.0,5,7.0,3.0,3.0,3.0,2020-01-23 08:36:51.029,2020-01-23,8.6,False,2020-01-23,False,1,0,3,82,1058.0,719.0,891.0,True,False,6.066666666666666,4.977777777777778,93.0,95.33333333333331,6.5,6.511111111111112,7.591666666666667,6.216666666666666,7.083333333333333,5.7,53.0,53.0,,,,,,,,,,,,,,,,,,,,,,,46.083333333333336,36.40555555555556,0.0,0.0,True,0.0,neutral,,,-0.7999999999999998,False,True,False,83
p03,3.0,3.0,5,7.0,3.0,3.0,3.0,2020-01-24 15:50:11.327,2020-01-24,15.833333333333334,False,2020-01-24,False,1,0,4,82,897.0,539.0,897.0,False,False,,5.891666666666667,,95.0,,6.8875,,7.670833333333333,,6.775,,53.0,,,,,,,,,,,,,,,,,,,,,,,23.9,23.32777777777778,0.0,0.0,True,0.0,neutral,,,,False,True,False,84
p03,3.0,3.0,5,7.0,3.0,3.0,3.0,2020-01-26 23:27:22.695,2020-01-26,23.45,False,2020-01-26,False,1,0,6,82,575.0,218.0,1172.0,True,False,6.983333333333333,5.158333333333333,95.0,93.5,7.491666666666666,9.670833333333333,9.408333333333331,9.558333333333334,7.916666666666667,5.883333333333334,53.0,53.0,,,,,,,,,,,,,,,,,,,,,,,17.933333333333334,23.616666666666664,0.0,0.0,True,0.0,neutral,,,0.20833333333333304,True,False,False,86
p03,3.0,3.0,5,6.0,3.0,3.0,3.0,2020-01-27 21:35:36.959,2020-01-27,21.58333333333333,False,2020-01-27,False,1,0,0,82,758.0,427.0,924.0,False,False,,5.158333333333333,,93.5,,9.670833333333333,,9.558333333333334,,5.883333333333334,,53.0,,,,,,,,,,,,,,,,,,,,,,,0.0,15.65,0.0,0.0,True,0.0,neutral,,,,True,False,False,87
p03,3.0,3.0,5,6.0,3.0,3.0,3.0,2020-01-28 08:34:46.896,2020-01-28,8.566666666666666,False,2020-01-28,False,1,0,1,82,1055.0,1055.0,1184.0,True,False,5.383333333333334,6.183333333333334,89.0,92.0,4.675,6.083333333333333,4.808333333333334,7.108333333333333,6.133333333333334,7.025,54.0,53.5,9785.0,,7.766900000000001,,3271.7200000000003,,228.0,,4.0,,24.0,,28.0,,256.0,,,,54.71232509613037,,,,16.216666666666665,11.383333333333333,0.0,0.0,False,0.0,neutral,,,-1.4833333333333325,False,True,False,88
p03,3.0,3.0,5,7.0,3.0,3.0,3.0,2020-01-29 07:07:53.927,2020-01-29,7.116666666666666,False,2020-01-29,False,1,0,2,82,1078.0,734.0,904.0,True,False,6.65,6.016666666666668,98.0,93.5,5.258333333333334,4.966666666666667,6.8,5.804166666666667,7.533333333333333,6.833333333333334,54.0,54.0,6588.0,8186.5,5.177300000000001,6.472100000000001,2801.4700000000003,3036.5950000000003,144.0,186.0,9.0,6.5,15.0,19.5,24.0,26.0,168.0,212.0,,,54.91011714935303,54.8112211227417,,,0.0,5.405555555555555,0.0,0.0,False,0.0,neutral,,,-0.2166666666666659,False,True,False,89
p03,2.0,3.0,5,6.0,3.0,3.0,3.0,2020-01-30 07:46:06.144,2020-01-30,7.766666666666667,False,2020-01-30,False,1,0,3,82,1104.0,750.0,787.0,True,False,5.15,5.727777777777778,95.0,94.0,6.541666666666667,5.491666666666667,6.65,6.086111111111111,6.1,6.588888888888889,55.0,54.333333333333336,9445.0,8606.0,7.4354,6.7932,3133.38,3068.8566666666666,165.0,179.0,7.0,6.666666666666667,29.0,22.666666666666668,36.0,29.33333333333333,201.0,208.33333333333331,,,55.74676132202149,55.12306785583496,,,37.55,17.92222222222222,0.0,0.0,False,-1.8680343198945644,bad,,,-1.5333333333333332,False,True,False,90
p03,2.0,2.0,5,8.0,3.0,3.0,3.0,2020-01-31 15:52:18.350,2020-01-31,15.866666666666667,False,2020-01-31,False,1,0,4,82,1412.0,1072.0,647.0,True,False,5.616666666666666,5.8055555555555545,97.0,96.66666666666669,5.983333333333333,5.927777777777778,6.291666666666667,6.580555555555556,6.3,6.644444444444443,56.0,55.0,13800.0,9944.333333333334,10.977200000000002,7.8633,4229.95,3388.2666666666664,309.0,206.0,55.0,23.666666666666668,63.0,35.666666666666664,118.0,59.333333333333336,427.0,265.3333333333333,647.0,,56.082380294799805,55.579752922058105,,,43.516666666666666,27.022222222222226,0.0,0.0,False,-3.708746739116256,bad,4575.5,77.5,-1.033333333333334,False,True,False,91
p03,3.0,3.0,5,8.0,3.0,3.0,3.0,2020-02-02 02:00:28.003,2020-02-02,2.0,True,2020-02-01,False,1,0,5,82,1058.0,700.0,856.0,True,False,8.633333333333333,6.466666666666666,95.0,95.66666666666669,5.366666666666666,5.963888888888889,9.375,7.43888888888889,10.0,7.466666666666666,58.0,56.333333333333336,,11622.5,,9.2063,,3681.665,,237.0,,31.0,,46.0,,77.0,,314.0,,,,55.914570808410645,,,79.36666666666667,53.47777777777778,0.0,0.0,True,0.0,neutral,,,2.0749999999999993,False,False,False,92
p03,3.0,3.0,5,8.0,3.0,3.0,3.0,2020-02-02 19:15:39.697,2020-02-02,19.25,False,2020-02-02,False,1,0,6,82,709.0,354.0,802.0,True,False,5.9,6.716666666666666,92.0,94.66666666666669,8.033333333333333,6.461111111111111,8.958333333333334,8.208333333333334,6.916666666666667,7.73888888888889,58.0,57.333333333333336,,,,,,,,,,,,,,,,,,,,,,,0.0,40.96111111111112,0.0,0.0,True,0.0,neutral,,,-0.6583333333333332,True,False,False,93
p03,3.0,1.0,5,7.0,3.0,3.0,3.0,2020-02-03 16:38:13.314,2020-02-03,16.633333333333333,False,2020-02-03,False,1,0,0,82,1122.0,779.0,948.0,True,False,6.75,7.094444444444444,95.0,94.0,3.675,5.691666666666666,6.291666666666667,8.208333333333334,8.616666666666667,8.511111111111111,57.0,57.66666666666666,1365.0,,1.0831000000000002,,2179.4100000000003,,77.0,,0.0,,0.0,,0.0,,77.0,,,,57.09102439880371,,,,0.0,26.45555555555556,0.0,0.0,False,-3.681424838443383,bad,,,0.2833333333333332,True,False,False,94
p03,3.0,3.0,5,7.0,3.0,3.0,3.0,2020-02-05 21:59:36.769,2020-02-05,21.98333333333333,False,2020-02-05,False,1,0,2,82,1366.0,1025.0,781.0,True,False,7.116666666666666,6.766666666666667,96.0,95.0,4.166666666666667,4.061111111111111,6.341666666666667,6.202777777777778,8.166666666666666,8.13888888888889,56.0,56.333333333333336,8628.0,6478.0,6.793000000000001,5.1226666666666665,2873.14,2672.26,175.0,146.0,0.0,3.333333333333333,26.0,18.33333333333333,26.0,21.666666666666668,201.0,167.66666666666666,781.0,739.5,55.52600383758545,56.161863009134926,,,25.616666666666667,21.055555555555557,0.0,0.0,False,0.0,neutral,,,0.6499999999999995,False,True,False,96
p03,3.0,3.0,5,7.0,3.0,2.0,3.0,2020-02-07 22:44:13.818,2020-02-07,22.73333333333333,False,2020-02-07,False,1,0,4,82,1225.0,873.0,473.0,True,False,6.116666666666666,7.055555555555556,96.0,96.0,3.775,3.911111111111112,5.066666666666666,6.052777777777777,7.283333333333333,8.133333333333333,55.0,55.66666666666666,16964.0,12456.0,14.7771,10.3137,4793.3,3609.27,182.0,174.33333333333334,112.0,45.66666666666666,136.0,70.66666666666667,248.0,116.33333333333331,430.0,290.6666666666667,473.0,654.3333333333334,55.904523849487305,55.62651189168295,,,57.68333333333334,48.53888888888889,35.5,11.833333333333334,False,0.0,neutral,,,-0.35000000000000053,False,True,False,98
p03,3.0,3.0,5,7.0,3.0,3.0,3.0,2020-02-10 22:04:42.321,2020-02-10,22.066666666666663,False,2020-02-10,False,1,0,0,82,714.0,355.0,930.0,True,False,6.433333333333334,6.683333333333334,96.0,96.0,4.733333333333333,5.416666666666666,6.183333333333334,7.191666666666666,7.45,7.775,58.0,58.0,,,,,,,,,,,,,,,,,,,,,,,0.0,21.62222222222222,,,True,0.0,neutral,,,-0.033333333333333215,True,False,False,101
p03,3.0,3.0,5,4.0,3.0,3.0,3.0,2020-02-14 04:49:03.857,2020-02-14,4.816666666666666,True,2020-02-13,False,1,0,3,82,1383.0,1026.0,784.0,True,False,6.6,6.277777777777779,94.0,95.0,6.266666666666667,5.4750000000000005,7.841666666666667,6.836111111111111,7.566666666666666,7.355555555555555,56.0,56.333333333333336,10918.0,9567.0,8.6849,7.599200000000001,3101.28,2952.925,226.0,205.5,9.0,5.0,31.0,28.0,40.0,33.0,266.0,238.5,784.0,783.0,50.99049377441406,52.64431619644165,,,40.96666666666667,30.722222222222214,,,False,0.0,neutral,,,0.16666666666666607,False,True,False,104
p03,3.0,3.0,5,6.0,3.0,3.0,3.0,2020-02-15 23:27:42.200,2020-02-15,23.45,False,2020-02-15,False,1,0,5,82,652.0,532.0,1338.0,True,False,6.45,6.525,89.0,91.5,6.058333333333334,6.1625,7.3,7.570833333333333,7.233333333333333,7.4,54.0,55.0,,,,,,,,,,,,,,,,,,,,,,,0.0,24.46666666666667,,,True,0.0,neutral,,,0.016666666666666607,False,False,False,106
p03,3.0,3.0,5,8.0,3.0,3.0,3.0,2020-02-18 12:21:01.454,2020-02-18,12.35,False,2020-02-18,False,1,0,1,82,1114.0,759.0,1164.0,True,False,6.366666666666666,6.791666666666666,96.0,94.5,5.466666666666667,6.383333333333333,6.475,7.833333333333333,7.0,7.441666666666666,54.0,54.0,7286.0,6076.0,5.790900000000001,4.82235,2874.18,2776.195,208.0,193.5,7.0,3.5,0.0,0.0,7.0,3.5,215.0,197.0,,,56.77625846862793,56.043724060058594,,,0.0,0.0,,,False,0.0,neutral,,,-0.06666666666666732,False,True,False,109
p03,3.0,3.0,5,7.0,3.0,3.0,3.0,2020-02-20 19:40:09.292,2020-02-20,19.666666666666668,False,2020-02-20,False,1,0,3,82,907.0,547.0,825.0,False,False,,6.525,,97.0,,6.129166666666666,,7.3875,,7.25,,54.5,,,,,,,,,,,,,,,,,,,,,,,22.183333333333334,14.78888888888889,,,True,0.0,neutral,,,,False,True,False,111
p03,3.0,3.0,5,7.0,3.0,3.0,2.0,2020-02-21 08:37:54.774,2020-02-21,8.616666666666667,False,2020-02-21,False,1,0,4,82,746.0,746.0,1255.0,True,False,5.733333333333333,6.208333333333334,94.0,96.0,7.5,7.145833333333334,8.208333333333334,8.254166666666666,6.7,7.1,55.0,55.0,6825.0,,5.429600000000001,,2865.51,,148.0,,14.0,,23.0,,37.0,,185.0,,,,55.44754219055176,,,,29.866666666666667,24.744444444444444,,,False,-2.0058698548769076,bad,,,-0.791666666666667,False,True,False,112
p03,3.0,3.0,5,7.0,3.0,3.0,3.0,2020-02-23 15:47:19.144,2020-02-23,15.783333333333331,False,2020-02-23,False,1,0,6,82,1102.0,742.0,1309.0,False,False,,,,,,,,,,,,,5051.0,5938.0,3.999600000000001,4.714600000000001,2620.31,2742.91,94.0,121.0,19.0,16.5,18.0,20.5,37.0,37.0,131.0,158.0,,,54.83811569213867,55.142828941345215,,,0.0,19.627777777777776,,,False,0.0,neutral,-3983.5,5.0,,True,False,False,114
p03,3.0,3.0,5,6.0,3.0,3.0,3.0,2020-02-24 23:37:19.827,2020-02-24,23.616666666666667,False,2020-02-24,False,1,0,0,82,659.0,363.0,1412.0,False,False,,,,,,,,,,,,,,,,,,,,,,,,,,,,,,,,,,,0.0,9.672222222222222,,,True,0.0,neutral,,,,True,False,False,115
p03,3.0,3.0,5,7.0,3.0,3.0,3.0,2020-02-26 23:34:18.140,2020-02-26,23.566666666666663,False,2020-02-26,False,1,0,2,82,1097.0,738.0,1216.0,False,False,,,,,,,,,,,,,7822.0,,6.2213,,2956.74,,202.0,,7.0,,15.0,,22.0,,224.0,,,,55.263325691223145,,,,0.0,0.0,,,False,0.0,neutral,-600.0,-14.5,,False,True,False,117
p03,3.0,3.0,5,7.0,3.0,3.0,3.0,2020-03-04 08:41:29.268,2020-03-04,8.683333333333334,False,2020-03-04,False,1,0,2,82,0.0,0.0,1440.0,False,False,,,,,,,,,,,,,,,,,,,,,,,,,,,,,,,,,,,0.0,0.0,,,True,0.0,neutral,,,,False,True,False,124
p03,3.0,3.0,5,8.0,3.0,3.0,3.0,2020-03-06 09:22:39.857,2020-03-06,9.366666666666667,False,2020-03-06,False,1,0,4,82,779.0,430.0,860.0,True,False,7.466666666666667,6.158333333333333,96.0,95.5,5.841666666666667,6.4,8.325,7.441666666666666,8.483333333333333,7.041666666666666,56.0,56.0,,,,,,,,,,,,,,,,,,,,,,,0.0,7.961111111111111,,,True,0.0,neutral,,,,False,True,False,126
p03,3.0,3.0,5,7.0,3.0,3.0,3.0,2020-03-09 00:19:05.800,2020-03-09,0.3166666666666666,True,2020-03-08,False,1,0,6,82,750.0,405.0,888.0,True,False,7.816666666666666,7.55,94.0,95.33333333333331,6.783333333333333,6.627777777777777,9.683333333333334,9.127777777777778,8.9,8.5,55.0,55.66666666666666,,,,,,,,,,,,,,,,,,,,,,,0.0,9.955555555555556,,,True,0.0,neutral,,,1.291666666666666,True,False,False,128
p03,3.0,3.0,5,7.0,3.0,3.0,3.0,2020-03-10 12:54:25.751,2020-03-10,12.9,False,2020-03-10,False,1,0,1,82,955.0,595.0,866.0,False,False,,6.966666666666667,,94.5,,6.875,,8.845833333333333,,7.966666666666667,,55.0,,,,,,,,,,,,,,,,,,,,,,,22.2,7.399999999999999,,,True,0.0,neutral,,,,False,True,False,130
p03,3.0,3.0,5,7.0,3.0,3.0,3.0,2020-03-17 09:50:49.484,2020-03-17,9.833333333333334,False,2020-03-17,False,1,0,1,82,0.0,0.0,1436.0,False,False,,,,,,,,,,,,,,,,,,,,,,,,,,,,,,,,,,,,,,,True,0.0,neutral,,,,False,True,True,137
p03,3.0,3.0,5,7.0,3.0,3.0,3.0,2020-03-19 13:44:24.738,2020-03-19,13.733333333333333,False,2020-03-19,False,1,0,3,82,483.0,123.0,1434.0,False,False,,,,,,,,,,,,,,,,,,,,,,,,,,,,,,,,,,,,,,,True,0.0,neutral,,,,False,True,True,139
p03,3.0,2.0,5,7.0,3.0,3.0,2.0,2020-03-24 19:49:50.139,2020-03-24,19.816666666666663,False,2020-03-24,False,1,0,1,82,1208.0,853.0,971.0,True,False,6.533333333333333,5.583333333333333,93.0,91.0,6.333333333333333,6.686111111111111,7.525,6.991666666666667,7.183333333333334,6.3,54.0,53.333333333333336,2861.0,2812.0,2.2731000000000003,2.2343,2485.2200000000003,2441.26,124.0,121.0,0.0,0.0,0.0,0.0,0.0,0.0,124.0,121.0,971.0,967.5,55.12944793701172,53.714168071746826,,,,,,,False,-3.8465822740985987,bad,,,,False,True,True,144
p03,3.0,3.0,5,7.0,3.0,3.0,3.0,2020-03-31 01:06:29.537,2020-03-31,1.1,True,2020-03-30,False,1,0,0,82,1052.0,699.0,1017.0,True,False,5.416666666666667,5.575,91.0,94.0,7.8,7.449999999999999,7.875,8.15,6.066666666666666,6.691666666666666,59.0,59.0,,,,,,,,,,,,,,,,,,,,,,,,,,,True,0.0,neutral,,,,True,False,True,150
p04,2.0,3.0,5,7.0,2.0,2.0,3.0,2019-11-01 07:47:40.835,2019-11-01,7.783333333333333,False,2019-11-01,False,1,0,4,145,,0.0,,False,False,,,,,,,,,,,,,,,,,,,,,,,,,,,,,,,,,,,,,,,True,-0.6922051015794768,bad,,,,False,True,False,0
p04,2.0,3.0,5,7.0,2.0,3.0,4.0,2019-11-02 09:00:12.877,2019-11-02,9.0,False,2019-11-02,False,1,0,5,145,0.0,0.0,1440.0,False,False,,,,,,,,,,,,,,,,,,,,,,,,,,,,,,,,,240.0,,,,,,True,-0.14675669083235887,neutral,,,,False,False,False,1
p04,3.0,4.0,5,6.0,2.0,3.0,3.0,2019-11-03 09:55:36.690,2019-11-03,9.916666666666666,False,2019-11-03,False,1,0,6,145,0.0,0.0,1440.0,False,False,,,,,,,,,,,,,,,,,,,,,,,,,,,,,,,,,0.0,120.0,,,,,True,0.600687369140579,good,,,,True,False,False,2
p04,3.0,4.0,5,6.0,4.0,2.0,2.0,2019-11-04 09:10:23.811,2019-11-04,9.166666666666666,False,2019-11-04,False,1,0,0,145,0.0,0.0,1440.0,False,False,,,,,,,,,,,,,,,,,,,,,,,,,,,,,,,,,0.0,80.0,,,,,True,0.05523895839346104,neutral,,,,True,False,False,3
p04,3.0,3.0,6,6.0,2.0,4.0,2.0,2019-11-05 11:02:07.116,2019-11-05,11.033333333333331,False,2019-11-05,False,1,0,1,145,0.0,0.0,1440.0,False,False,,,,,,,,,,,,,,,,,,,,,,,,,,,,,,,,,0.0,0.0,,,,,True,-0.5454484107471179,bad,,,,False,True,False,4
p04,4.0,4.0,7,7.0,3.0,2.0,4.0,2019-11-06 10:10:40.420,2019-11-06,10.166666666666666,False,2019-11-06,False,1,0,2,145,0.0,0.0,1390.0,False,False,,,,,,,,,,,,,,,,,,,,,,,,,,,,,,,,,540.0,180.0,50.0,,50.0,,True,1.8383408814671736,good,,,,False,True,False,5
p04,3.0,4.0,5,7.0,2.0,3.0,4.0,2019-11-07 07:16:46.824,2019-11-07,7.266666666666667,False,2019-11-07,False,1,0,3,145,950.0,950.0,1180.0,True,False,6.933333333333334,,94.0,,4.591666666666667,,6.741666666666666,,8.15,,67.0,,9243.0,,6.1363,,2000.16,,219.0,,7.0,,34.0,,41.0,,260.0,,,,,,280.0,273.3333333333333,39.65,44.825,39.65,44.825,False,1.1461357798876968,good,,,,False,True,False,6
p04,3.0,5.0,6,6.0,3.0,2.0,4.0,2019-11-08 07:12:55.446,2019-11-08,7.2,False,2019-11-08,False,1,0,4,145,1412.0,1058.0,618.0,True,False,6.683333333333334,6.808333333333334,95.0,94.5,5.191666666666666,4.891666666666667,6.85,6.7958333333333325,7.65,7.9,66.0,66.5,10246.0,9744.5,7.109000000000001,6.62265,2096.66,2048.41,305.0,262.0,14.0,10.5,14.0,24.0,28.0,34.5,333.0,296.5,618.0,,,,300.0,373.3333333333333,46.3,45.31666666666666,46.3,45.31666666666666,False,1.7468231490282757,good,,,,False,True,False,7
p04,3.0,3.0,5,8.0,4.0,2.0,3.0,2019-11-09 09:00:35.960,2019-11-09,9.0,False,2019-11-09,False,1,0,5,145,1261.0,902.0,655.0,True,False,7.866666666666666,7.161111111111111,94.0,94.33333333333331,5.833333333333333,5.205555555555555,9.008333333333333,7.533333333333332,9.166666666666666,8.322222222222223,65.0,66.0,11489.0,10326.0,7.631600000000001,6.958966666666666,2224.06,2106.96,281.0,268.3333333333333,5.0,8.666666666666666,40.0,29.33333333333333,45.0,38.0,326.0,306.3333333333333,655.0,636.5,,,240.0,273.3333333333333,48.75,44.9,48.75,44.9,False,0.0,neutral,,,,False,False,False,8
p04,4.0,5.0,7,8.0,4.0,3.0,5.0,2019-11-10 10:38:48.870,2019-11-10,10.633333333333333,False,2019-11-10,False,1,0,6,145,1391.0,1036.0,618.0,True,False,8.683333333333334,7.7444444444444445,93.0,94.0,5.958333333333333,5.661111111111111,10.033333333333331,8.630555555555555,10.066666666666666,8.96111111111111,66.0,65.66666666666667,7587.0,9774.0,5.0761,6.605566666666667,1988.75,2103.1566666666663,233.0,273.0,16.0,11.666666666666666,23.0,25.666666666666668,39.0,37.333333333333336,272.0,310.3333333333333,618.0,630.3333333333334,,,0.0,180.0,0.0,31.683333333333334,0.0,31.683333333333334,False,2.9844766613548703,good,,,,True,False,False,9
p04,3.0,3.0,6,7.0,3.0,4.0,2.0,2019-11-11 07:24:01.502,2019-11-11,7.4,False,2019-11-11,False,1,0,0,145,1366.0,1012.0,657.0,True,False,7.166666666666667,7.905555555555556,94.0,93.66666666666669,4.358333333333333,5.383333333333333,6.816666666666666,8.619444444444445,8.45,9.227777777777776,66.0,65.66666666666667,4954.0,8010.0,3.3255000000000003,5.3444,1737.62,1983.4766666666667,164.0,226.0,6.0,9.0,9.0,24.0,15.0,33.0,179.0,259.0,657.0,643.3333333333334,,,0.0,80.0,0.0,16.25,0.0,16.25,False,-0.5454484107471179,bad,,,,True,False,False,10
p04,4.0,5.0,6,7.0,4.0,4.0,4.0,2019-11-12 09:59:23.206,2019-11-12,9.983333333333333,False,2019-11-12,False,1,0,1,145,1401.0,1044.0,556.0,True,False,7.366666666666666,7.73888888888889,95.0,94.0,3.5166666666666666,4.611111111111111,6.766666666666667,7.872222222222223,9.25,9.255555555555556,64.0,65.33333333333333,11076.0,7872.333333333333,7.3524,5.251333333333334,2108.49,1944.9533333333336,209.0,202.0,22.0,14.666666666666666,49.0,27.0,71.0,41.66666666666666,280.0,243.66666666666663,556.0,610.3333333333334,,,300.0,100.0,53.63333333333333,17.877777777777776,53.63333333333333,17.877777777777776,False,2.4390282506077523,good,,,,False,True,False,11
p04,2.0,5.0,6,7.0,3.0,2.0,4.0,2019-11-13 10:10:22.251,2019-11-13,10.166666666666666,False,2019-11-13,False,1,0,2,145,1429.0,1072.0,486.0,True,False,6.833333333333333,7.122222222222223,95.0,94.66666666666669,4.733333333333333,4.202777777777778,6.841666666666667,6.808333333333334,8.1,8.6,64.0,64.66666666666667,18749.0,11593.0,14.283,8.320300000000001,2509.51,2118.54,320.0,231.0,11.0,13.0,68.0,42.0,79.0,55.0,399.0,286.0,486.0,566.3333333333334,,,320.0,206.66666666666663,56.93333333333333,36.855555555555554,56.93333333333333,36.855555555555554,False,1.054618047448799,good,,,,False,True,False,12
p04,4.0,4.0,6,7.0,2.0,3.0,4.0,2019-11-14 07:11:42.304,2019-11-14,7.183333333333334,False,2019-11-14,False,1,0,3,145,1420.0,1063.0,597.0,True,False,7.05,7.083333333333333,92.0,94.0,4.191666666666666,4.147222222222222,6.708333333333333,6.772222222222222,8.516666666666667,8.622222222222222,65.0,64.33333333333333,12890.0,14238.333333333334,10.1753,10.603566666666667,2176.35,2264.7833333333333,198.0,242.33333333333331,5.0,12.666666666666666,62.0,59.66666666666666,67.0,72.33333333333333,265.0,314.6666666666667,597.0,546.3333333333334,,,280.0,300.0,40.45,50.33888888888888,40.45,50.33888888888888,False,1.8383408814671736,good,,,,False,True,False,13
p04,4.0,4.0,3,8.0,4.0,2.0,5.0,2019-11-15 07:05:46.547,2019-11-15,7.083333333333333,False,2019-11-15,False,1,0,4,145,1411.0,1053.0,606.0,True,False,7.833333333333333,7.238888888888888,91.0,92.66666666666669,3.691666666666667,4.205555555555556,6.825,6.791666666666667,9.133333333333333,8.583333333333334,65.0,64.66666666666667,11806.0,14481.666666666666,7.889,10.782433333333335,2115.09,2266.9833333333336,290.0,269.3333333333333,10.0,8.666666666666666,23.0,51.0,33.0,59.66666666666666,323.0,329.0,606.0,563.0,,,200.0,266.6666666666667,33.9,43.76111111111111,33.9,43.76111111111111,False,2.3837892922142916,good,,,,False,True,False,14
p04,3.0,4.0,6,5.0,3.0,2.0,5.0,2019-11-16 09:00:21.226,2019-11-16,9.0,False,2019-11-16,False,1,0,5,145,1410.0,1056.0,557.0,False,False,,7.441666666666666,,91.5,,3.9416666666666655,,6.766666666666667,,8.825,,65.0,13614.0,12770.0,9.121,9.061766666666667,2161.21,2150.883333333333,273.0,253.66666666666663,32.0,15.666666666666666,30.0,38.333333333333336,62.0,54.0,335.0,307.6666666666667,557.0,586.6666666666666,,,0.0,160.0,52.900000000000006,42.41666666666667,0.0,24.78333333333333,False,1.6915841906348148,good,,,,False,False,False,15
p04,3.0,2.0,4,6.0,2.0,2.0,2.0,2019-11-17 10:35:21.340,2019-11-17,10.583333333333334,False,2019-11-17,False,1,0,6,145,1003.0,995.0,972.0,True,False,5.883333333333334,6.858333333333333,94.0,92.5,9.491666666666667,6.591666666666667,10.008333333333333,8.416666666666666,6.516666666666667,7.824999999999999,64.0,64.5,10062.0,11827.333333333334,6.625500000000001,7.8785,2088.37,2121.556666666667,295.0,286.0,9.0,17.0,11.0,21.33333333333333,20.0,38.333333333333336,315.0,324.3333333333333,,581.5,,,0.0,66.66666666666667,0.0,28.933333333333337,0.0,11.3,False,-1.1461357798876968,bad,,,,True,False,False,16
p04,3.0,3.0,6,7.0,4.0,4.0,4.0,2019-11-18 08:49:15.114,2019-11-18,8.816666666666666,False,2019-11-18,False,1,0,0,145,1409.0,1059.0,821.0,True,False,7.35,6.616666666666667,94.0,94.0,4.4,6.945833333333334,6.75,8.379166666666666,8.35,7.433333333333334,67.0,65.5,10886.0,11520.666666666666,8.808200000000001,8.1849,2119.31,2122.9633333333336,163.0,243.66666666666663,7.0,16.0,58.0,33.0,65.0,49.0,228.0,292.6666666666667,821.0,689.0,,,250.0,83.33333333333333,77.63333333333333,43.51111111111111,77.63333333333333,25.877777777777776,False,0.5454484107471179,good,,,,True,False,False,17
p04,4.0,4.0,6,7.0,2.0,4.0,4.0,2019-11-19 10:00:43.590,2019-11-19,10.0,False,2019-11-19,False,1,0,1,145,1406.0,1047.0,653.0,True,False,6.916666666666667,6.716666666666666,91.0,93.0,4.5,6.130555555555556,6.725,7.827777777777778,8.216666666666667,7.694444444444444,65.0,65.33333333333333,13480.0,11476.0,10.4615,8.631733333333335,2162.67,2123.45,229.0,229.0,11.0,9.0,46.0,38.333333333333336,57.0,47.333333333333336,286.0,276.3333333333333,653.0,737.0,,,150.0,133.33333333333334,34.15,37.26111111111111,34.15,37.26111111111111,False,1.8383408814671736,good,,,,False,True,False,18
p04,3.0,2.0,6,6.0,3.0,3.0,3.0,2019-11-20 10:23:38.984,2019-11-20,10.383333333333333,False,2019-11-20,False,1,0,2,145,1407.0,1054.0,609.0,True,False,6.816666666666666,7.027777777777779,93.0,92.66666666666669,4.841666666666667,4.580555555555556,6.741666666666666,6.738888888888888,7.9,8.155555555555557,63.0,65.0,16346.0,13570.666666666666,12.3205,10.530066666666668,2404.23,2228.736666666666,260.0,217.33333333333331,19.0,12.333333333333334,59.0,54.333333333333336,78.0,66.66666666666667,338.0,284.0,609.0,694.3333333333334,,,180.0,193.33333333333331,22.466666666666665,44.75,22.466666666666665,44.75,False,-0.600687369140579,bad,,,,False,True,False,19
p04,3.0,5.0,7,7.0,4.0,4.0,4.0,2019-11-21 08:35:10.254,2019-11-21,8.583333333333334,False,2019-11-21,False,1,0,3,145,1414.0,1059.0,677.0,True,False,7.3,7.011111111111112,94.0,92.66666666666669,4.491666666666666,4.611111111111111,6.775,6.747222222222223,8.283333333333333,8.133333333333333,63.0,63.66666666666666,9916.0,13247.333333333334,6.981000000000001,9.921,2070.81,2212.57,238.0,242.33333333333331,19.0,16.333333333333332,32.0,45.66666666666666,51.0,62.0,289.0,304.3333333333333,677.0,646.3333333333334,,,150.0,160.0,39.21666666666667,31.944444444444446,39.21666666666667,31.944444444444446,False,1.7468231490282757,good,-1366.5,0.0,,False,True,False,20
p04,3.0,3.0,5,6.0,2.0,1.0,2.0,2019-11-22 08:04:28.860,2019-11-22,8.066666666666666,False,2019-11-22,False,1,0,4,145,1418.0,1060.0,597.0,True,False,6.7,6.938888888888889,91.0,92.66666666666669,5.025,4.786111111111111,6.816666666666666,6.777777777777778,7.783333333333333,7.98888888888889,64.0,63.333333333333336,9199.0,11820.333333333334,6.1767,8.492733333333334,2012.89,2162.643333333333,267.0,255.0,4.0,14.0,15.0,35.333333333333336,19.0,49.333333333333336,286.0,304.3333333333333,597.0,627.6666666666666,,,0.0,110.0,17.066666666666666,26.25,0.0,20.561111111111117,False,-0.5454484107471179,bad,-1877.0,-32.0,-0.4083333333333332,False,True,False,21
p04,3.0,4.0,6,7.0,2.0,3.0,4.0,2019-11-23 09:27:23.719,2019-11-23,9.45,False,2019-11-23,False,1,0,5,145,1318.0,963.0,670.0,True,False,8.05,7.35,88.0,91.0,5.975,5.163888888888889,9.425,7.672222222222222,9.45,8.505555555555555,66.0,64.33333333333333,10338.0,9817.666666666666,7.562,6.906566666666667,2081.36,2055.02,281.0,262.0,4.0,9.0,18.0,21.666666666666668,22.0,30.666666666666668,303.0,292.6666666666667,670.0,648.0,,,80.0,76.66666666666667,15.516666666666667,23.933333333333337,15.516666666666667,18.244444444444444,False,1.1461357798876968,good,-643.0,-26.0,1.0000000000000009,False,False,False,22
p04,2.0,4.0,4,6.0,2.0,4.0,4.0,2019-11-24 10:10:09.224,2019-11-24,10.166666666666666,False,2019-11-24,False,1,0,6,145,1413.0,1055.0,533.0,True,True,,7.375,,89.5,,5.5,,8.120833333333334,,8.616666666666667,,65.0,8119.0,9218.666666666666,5.542000000000001,6.426900000000001,2029.17,2041.1400000000003,247.0,265.0,6.0,4.666666666666667,10.0,14.333333333333334,16.0,19.0,263.0,284.0,533.0,600.0,,,300.0,126.66666666666669,43.73333333333333,25.438888888888886,43.73333333333333,19.75,False,0.45393067830822004,neutral,-2767.0,-29.0,,True,False,False,23
p04,2.0,3.0,6,7.0,4.0,2.0,3.0,2019-11-25 06:58:26.108,2019-11-25,6.966666666666667,False,2019-11-25,False,1,0,0,145,1412.0,1055.0,708.0,True,False,7.616666666666666,7.405555555555556,92.0,89.33333333333333,3.883333333333333,6.672222222222222,6.491666666666666,9.247222222222222,8.6,8.572222222222221,69.0,67.33333333333333,12824.0,10427.0,8.6737,7.259233333333334,2203.62,2104.7166666666667,177.0,235.0,53.0,21.0,42.0,23.33333333333333,95.0,44.333333333333336,272.0,279.3333333333333,708.0,637.0,,,0.0,126.66666666666669,117.76666666666668,59.00555555555556,29.866666666666667,29.705555555555552,False,-0.6922051015794768,bad,2212.0,52.0,0.5666666666666664,True,False,False,24
p04,3.0,3.0,4,7.0,4.0,3.0,3.0,2019-11-26 07:29:43.516,2019-11-26,7.483333333333333,False,2019-11-26,False,1,0,1,145,1415.0,1055.0,611.0,True,False,7.166666666666667,7.111111111111111,94.0,91.33333333333331,4.233333333333333,6.091666666666666,6.775,8.363888888888889,8.533333333333333,8.266666666666667,67.0,67.66666666666667,16500.0,12481.0,12.5721,8.929266666666669,2263.0,2165.2633333333333,239.0,221.0,13.0,24.0,61.0,37.66666666666666,74.0,61.66666666666666,313.0,282.6666666666667,611.0,617.3333333333334,,,300.0,200.0,49.583333333333336,70.36111111111113,49.583333333333336,41.06111111111111,False,0.0,neutral,5614.0,29.0,0.05833333333333357,False,True,False,25
p04,3.0,3.0,7,7.0,5.0,3.0,4.0,2019-11-27 07:07:13.661,2019-11-27,7.116666666666666,False,2019-11-27,False,1,0,2,145,1424.0,1065.0,546.0,True,False,7.15,7.311111111111111,94.0,93.33333333333331,4.983333333333333,4.366666666666666,7.158333333333333,6.808333333333334,8.166666666666666,8.433333333333332,65.0,67.0,15853.0,15059.0,10.2802,10.508666666666668,2359.4,2275.34,304.0,240.0,30.0,32.0,48.0,50.333333333333336,78.0,82.33333333333333,382.0,322.3333333333333,546.0,621.6666666666666,,,300.0,200.0,79.98333333333332,82.44444444444444,64.61666666666666,48.02222222222222,False,0.5454484107471179,good,4872.0,30.0,-0.016666666666666607,False,True,False,26
p04,2.0,2.0,4,6.0,2.0,1.0,2.0,2019-11-28 07:12:38.385,2019-11-28,7.2,False,2019-11-28,False,1,0,3,145,1420.0,1063.0,609.0,True,False,6.8,7.038888888888889,94.0,94.0,4.641666666666667,4.6194444444444445,6.841666666666667,6.925,8.2,8.299999999999999,65.0,65.66666666666667,7519.0,13290.666666666666,4.991300000000001,9.2812,1910.37,2177.59,281.0,274.6666666666667,0.0,14.333333333333334,0.0,36.333333333333336,0.0,50.66666666666666,281.0,325.3333333333333,609.0,588.6666666666666,,,0.0,200.0,0.0,43.18888888888889,0.0,38.06666666666666,False,-1.8383408814671736,bad,-3557.0,-51.0,-0.3583333333333334,False,True,False,27
p04,4.0,4.0,7,6.0,3.0,4.0,2.0,2019-11-29 08:08:38.440,2019-11-29,8.133333333333333,False,2019-11-29,False,1,0,4,145,1418.0,1059.0,568.0,True,False,6.533333333333333,6.827777777777778,94.0,94.0,5.091666666666667,4.905555555555556,6.725,6.908333333333334,7.633333333333334,8.0,65.0,65.0,13977.0,12449.666666666666,10.7963,8.689266666666667,2247.99,2172.5866666666666,257.0,280.6666666666667,10.0,13.333333333333334,43.0,30.33333333333333,53.0,43.66666666666666,310.0,324.3333333333333,568.0,574.3333333333334,,,210.0,170.0,35.583333333333336,38.52222222222222,35.583333333333336,33.4,False,0.7474440599729378,good,2996.0,5.0,-0.6166666666666671,False,True,False,28
p04,2.0,4.0,5,8.0,4.0,3.0,4.0,2019-11-30 08:44:52.514,2019-11-30,8.733333333333333,False,2019-11-30,False,1,0,5,145,1160.0,805.0,724.0,True,True,,6.666666666666666,,94.0,,4.866666666666667,,6.783333333333333,,7.916666666666666,,65.0,8448.0,9981.333333333334,5.6436,7.143733333333334,1945.88,2034.746666666667,248.0,262.0,8.0,6.0,2.0,15.0,10.0,21.0,258.0,283.0,,588.5,,,0.0,70.0,17.083333333333332,17.555555555555557,0.0,11.861111111111112,False,0.45393067830822004,neutral,-2628.0,-41.0,,False,False,False,29
p04,3.0,4.0,3,6.0,2.0,2.0,4.0,2019-12-01 09:57:33.817,2019-12-01,9.95,False,2019-12-01,False,1,0,6,145,1405.0,1049.0,536.0,True,False,6.716666666666667,7.472222222222221,96.0,94.66666666666669,8.575,6.338888888888889,9.958333333333334,8.838888888888889,7.383333333333334,8.5,67.0,66.0,9049.0,10491.333333333334,5.8405000000000005,7.4268,2079.89,2091.2533333333336,231.0,245.33333333333331,28.0,15.333333333333334,16.0,20.33333333333333,44.0,35.666666666666664,275.0,281.0,536.0,552.0,,,180.0,130.0,48.53333333333333,33.73333333333333,31.466666666666665,22.35,False,1.1461357798876968,good,-1932.0,-4.0,-0.43333333333333357,True,False,False,30
p04,3.0,4.0,6,6.0,4.0,2.0,3.0,2019-12-02 09:01:03.120,2019-12-02,9.016666666666667,False,2019-12-02,False,1,0,0,145,1413.0,1057.0,664.0,True,False,6.333333333333333,7.405555555555556,89.0,93.0,5.066666666666666,6.330555555555556,6.65,8.81388888888889,7.583333333333333,8.483333333333333,69.0,67.33333333333333,6495.0,7997.333333333333,4.3612,5.281766666666667,2007.28,2011.0166666666669,192.0,223.66666666666663,17.0,17.666666666666668,28.0,15.333333333333334,45.0,33.0,237.0,256.6666666666667,664.0,600.0,,,0.0,60.0,17.066666666666666,27.561111111111103,0.0,10.488888888888887,False,0.600687369140579,good,-4391.0,0.0,-0.7666666666666666,True,False,False,31
p04,3.0,3.0,6,6.0,2.0,4.0,3.0,2019-12-03 07:16:44.121,2019-12-03,7.266666666666667,False,2019-12-03,False,1,0,1,145,1427.0,1069.0,641.0,True,False,6.6,6.55,92.0,92.33333333333331,5.075,6.238888888888888,6.825,7.811111111111113,7.75,7.572222222222222,67.0,67.66666666666667,16498.0,10680.666666666666,12.2132,7.471633333333334,2343.37,2143.513333333333,268.0,230.33333333333331,24.0,23.0,52.0,32.0,76.0,55.0,344.0,285.3333333333333,641.0,613.6666666666666,,,280.0,153.33333333333334,42.11666666666667,35.90555555555556,42.11666666666667,24.52777777777777,False,0.0,neutral,5886.0,31.0,-0.4500000000000002,False,True,False,32
p04,2.0,4.0,6,6.0,3.0,2.0,3.0,2019-12-04 08:17:02.229,2019-12-04,8.283333333333333,False,2019-12-04,False,1,0,2,145,1416.0,1058.0,520.0,True,False,6.616666666666666,6.516666666666666,95.0,92.0,5.008333333333334,5.05,6.725,6.733333333333334,7.716666666666667,7.683333333333334,66.0,67.33333333333333,20814.0,14602.333333333334,13.739400000000002,10.1046,2626.77,2325.8066666666664,353.0,271.0,42.0,27.666666666666668,60.0,46.66666666666666,102.0,74.33333333333333,455.0,345.3333333333333,520.0,608.3333333333334,,,300.0,193.33333333333331,94.76666666666668,51.31666666666666,52.96666666666667,31.694444444444446,False,-0.09151773243889784,neutral,9928.0,57.0,-0.3750000000000009,False,True,False,33
p04,3.0,3.0,6,7.0,4.0,3.0,2.0,2019-12-05 07:40:23.030,2019-12-05,7.666666666666667,False,2019-12-05,False,1,0,3,145,1414.0,1055.0,689.0,True,False,6.883333333333334,6.7,92.0,93.0,4.791666666666667,4.958333333333333,6.741666666666666,6.763888888888888,7.95,7.805555555555556,67.0,66.66666666666667,6919.0,14743.666666666666,4.6029,10.185166666666667,1899.13,2289.7566666666667,288.0,303.0,0.0,22.0,0.0,37.333333333333336,0.0,59.333333333333336,288.0,362.3333333333333,689.0,616.6666666666666,,,0.0,193.33333333333331,0.0,45.62777777777777,0.0,31.694444444444446,False,-0.5454484107471179,bad,-4062.0,-48.0,-0.04999999999999982,False,True,False,34
p04,3.0,3.0,5,6.0,3.0,2.0,3.0,2019-12-06 10:33:43.740,2019-12-06,10.55,False,2019-12-06,False,1,0,4,145,1409.0,1053.0,613.0,True,False,6.516666666666667,6.672222222222222,94.0,93.66666666666669,5.1,4.966666666666666,6.65,6.705555555555556,7.55,7.73888888888889,68.0,67.0,10548.0,12760.333333333334,7.1763,8.5062,2152.8,2226.2333333333336,318.0,319.6666666666667,10.0,17.333333333333332,22.0,27.33333333333333,32.0,44.66666666666666,350.0,364.3333333333333,613.0,607.3333333333334,,,100.0,133.33333333333334,41.48333333333333,45.41666666666666,41.48333333333333,31.48333333333333,False,0.0,neutral,-433.0,-16.0,-0.40000000000000036,False,True,False,35
p04,3.0,4.0,6,7.0,2.0,2.0,2.0,2019-12-07 09:02:53.611,2019-12-07,9.033333333333331,False,2019-12-07,False,1,0,5,145,1414.0,1055.0,607.0,True,False,7.8,7.066666666666666,93.0,93.0,4.216666666666667,4.702777777777778,7.383333333333334,6.925000000000001,9.166666666666666,8.222222222222221,68.0,67.66666666666667,10875.0,9447.333333333334,7.229800000000001,6.336333333333333,2095.63,2049.186666666667,278.0,294.6666666666667,12.0,7.333333333333333,9.0,10.333333333333334,21.0,17.666666666666668,299.0,312.3333333333333,607.0,636.3333333333334,,,0.0,33.333333333333336,0.0,13.827777777777778,0.0,13.827777777777778,False,0.05523895839346104,neutral,-106.0,-27.0,0.8833333333333329,False,False,False,36
p04,3.0,5.0,5,7.0,2.0,4.0,5.0,2019-12-08 12:47:19.285,2019-12-08,12.783333333333331,False,2019-12-08,False,1,0,6,145,1355.0,998.0,582.0,True,False,6.783333333333333,7.033333333333332,89.0,92.0,9.541666666666666,6.286111111111111,11.225,8.419444444444444,7.683333333333334,8.133333333333335,69.0,68.33333333333333,9356.0,10259.666666666666,6.2766,6.894233333333333,2092.84,2113.7566666666667,286.0,294.0,12.0,11.333333333333334,10.0,13.666666666666666,22.0,25.0,308.0,319.0,582.0,600.6666666666666,,,0.0,33.333333333333336,0.0,13.827777777777778,0.0,13.827777777777778,False,2.2922715597753935,good,-1524.5,-26.0,-0.13333333333333375,True,False,False,37
p04,4.0,3.0,7,8.0,3.0,4.0,2.0,2019-12-09 08:58:47.648,2019-12-09,8.966666666666667,False,2019-12-09,False,1,0,0,145,1415.0,1065.0,805.0,True,False,8.45,7.677777777777777,92.0,91.33333333333331,4.5,6.086111111111111,8.408333333333333,9.005555555555555,9.9,8.916666666666666,71.0,69.33333333333333,4214.0,8148.333333333333,2.8279,5.444766666666666,1803.11,1997.1933333333332,150.0,238.0,14.0,12.666666666666666,10.0,9.666666666666666,24.0,22.33333333333333,174.0,260.3333333333333,805.0,664.6666666666666,,,0.0,0.0,0.0,0.0,0.0,0.0,False,0.14675669083235887,neutral,-6666.5,-24.0,1.5666666666666655,True,False,False,38
p04,2.0,3.0,5,8.0,1.0,2.0,3.0,2019-12-10 10:37:44.107,2019-12-10,10.616666666666667,False,2019-12-10,False,1,0,1,145,1415.0,1062.0,633.0,True,False,8.066666666666666,7.766666666666666,91.0,90.66666666666669,6.966666666666667,7.002777777777777,10.591666666666669,10.075,9.616666666666667,9.066666666666666,69.0,69.66666666666667,9211.0,7593.666666666667,6.138000000000001,5.0808333333333335,2047.98,1981.31,148.0,194.66666666666663,12.0,12.666666666666666,53.0,24.33333333333333,65.0,37.0,213.0,231.66666666666663,633.0,673.3333333333334,,,400.0,133.33333333333334,50.85,16.95,50.85,16.95,False,-0.6922051015794768,bad,-1669.5,17.0,1.1833333333333327,False,True,False,39
p04,2.0,3.0,6,7.0,3.0,4.0,2.0,2019-12-11 07:16:11.271,2019-12-11,7.266666666666667,False,2019-12-11,False,1,0,2,145,1436.0,1079.0,642.0,True,False,7.183333333333334,7.899999999999999,92.0,91.66666666666669,4.308333333333334,5.258333333333334,6.775,8.591666666666667,8.466666666666667,9.327777777777778,67.0,69.0,12137.0,8520.666666666666,5.5193,4.8284,2156.21,2002.4333333333336,151.0,149.66666666666666,14.0,13.333333333333334,56.0,39.66666666666666,70.0,53.0,221.0,202.66666666666663,642.0,693.3333333333334,,,400.0,266.6666666666667,37.98333333333333,29.611111111111114,37.98333333333333,29.611111111111114,False,-1.2376535123265946,bad,1425.5,22.0,0.2999999999999998,False,True,False,40
p04,3.0,5.0,5,6.0,4.0,2.0,4.0,2019-12-13 07:04:57.565,2019-12-13,7.066666666666666,False,2019-12-13,False,1,0,4,145,1071.0,1061.0,1119.0,True,False,6.4,6.791666666666667,91.0,91.5,4.283333333333333,4.295833333333333,6.308333333333334,6.541666666666667,8.016666666666667,8.241666666666667,66.0,66.5,14554.0,12042.333333333334,10.573,7.461600000000001,2184.93,2127.8866666666668,258.0,204.0,10.0,19.0,53.0,48.0,63.0,67.0,321.0,271.0,,651.5,,,200.0,283.3333333333333,39.083333333333336,41.62222222222222,39.083333333333336,41.62222222222222,False,1.7468231490282757,good,4111.0,15.0,-0.5,False,True,False,42
p04,3.0,3.0,6,7.0,4.0,4.0,2.0,2019-12-14 07:32:54.912,2019-12-14,7.533333333333333,False,2019-12-14,False,1,0,5,145,1433.0,1073.0,629.0,True,True,,,,,,,,,,,,,8490.0,10826.666666666666,5.6981,7.5212,1991.03,2072.8266666666664,330.0,263.6666666666667,0.0,14.333333333333334,0.0,29.33333333333333,0.0,43.66666666666666,330.0,307.3333333333333,629.0,645.0,,,0.0,150.0,0.0,28.96111111111111,0.0,28.96111111111111,False,-0.5454484107471179,bad,-1953.0,-52.0,,False,False,False,43
p04,2.0,4.0,5,8.0,3.0,2.0,3.0,2019-12-15 11:58:38.270,2019-12-15,11.966666666666669,False,2019-12-15,False,1,0,6,145,1430.0,1070.0,453.0,True,False,8.1,7.8166666666666655,88.0,90.0,7.933333333333334,5.827777777777778,11.575,9.080555555555554,9.633333333333333,9.244444444444444,67.0,66.33333333333333,15680.0,12908.0,11.046600000000002,9.1059,2493.47,2223.143333333333,275.0,287.6666666666667,34.0,14.666666666666666,73.0,42.0,107.0,56.66666666666666,382.0,344.3333333333333,453.0,541.0,,,540.0,246.66666666666663,120.66666666666669,53.25,120.66666666666669,53.25,False,-0.09151773243889784,neutral,5480.0,59.0,1.216666666666666,True,False,False,44
p04,2.0,3.0,5,8.0,3.0,2.0,3.0,2019-12-16 08:31:08.976,2019-12-16,8.516666666666667,False,2019-12-16,False,1,0,0,145,1419.0,1065.0,666.0,True,False,7.883333333333334,8.311111111111112,90.0,89.66666666666667,3.4,5.533333333333334,6.725,9.219444444444443,9.316666666666666,9.677777777777775,69.0,67.33333333333333,5326.0,9832.0,3.5553000000000003,6.766666666666668,1803.9,2096.133333333333,172.0,259.0,13.0,15.666666666666666,11.0,28.0,24.0,43.66666666666666,196.0,302.6666666666667,666.0,582.6666666666666,,,0.0,180.0,16.216666666666665,45.62777777777777,16.216666666666665,45.62777777777777,False,-0.6922051015794768,bad,-5117.0,-28.0,0.9666666666666668,True,False,False,45
p04,3.0,4.0,6,8.0,2.0,2.0,4.0,2019-12-17 07:14:46.321,2019-12-17,7.233333333333333,False,2019-12-17,False,1,0,1,145,1427.0,1067.0,548.0,True,False,7.883333333333334,7.955555555555556,91.0,89.66666666666667,3.441666666666667,4.925,6.775,8.358333333333333,9.333333333333334,9.427777777777775,68.0,68.0,13718.0,11574.666666666666,11.10822,8.57004,2126.1,2141.1566666666663,222.0,223.0,3.0,16.666666666666668,44.0,42.66666666666666,47.0,59.333333333333336,269.0,282.3333333333333,548.0,555.6666666666666,,,240.0,260.0,74.78333333333333,70.55555555555556,74.78333333333333,70.55555555555556,False,1.1461357798876968,good,3591.0,-1.0,0.9666666666666668,False,True,False,46
p04,3.0,4.0,6,7.0,2.0,2.0,2.0,2019-12-18 08:04:16.623,2019-12-18,8.066666666666666,False,2019-12-18,False,1,0,2,145,1433.0,1079.0,525.0,True,False,7.216666666666667,7.661111111111111,89.0,90.0,4.316666666666666,3.719444444444445,6.791666666666667,6.763888888888888,8.466666666666667,9.03888888888889,67.0,68.0,16487.0,11843.666666666666,11.4021,8.68854,2347.9500000000003,2092.65,275.0,223.0,23.0,13.0,57.0,37.333333333333336,80.0,50.333333333333336,355.0,273.3333333333333,525.0,579.6666666666666,,,400.0,213.33333333333331,46.28333333333333,45.76111111111111,46.28333333333333,45.76111111111111,False,0.05523895839346104,neutral,6360.0,34.0,0.06666666666666643,False,True,False,47
p04,2.0,4.0,6,5.0,2.0,2.0,3.0,2019-12-19 07:18:29.589,2019-12-19,7.3,False,2019-12-19,False,1,0,3,145,1427.0,1067.0,679.0,True,False,5.316666666666666,6.805555555555556,93.0,91.0,6.308333333333334,4.688888888888889,6.525,6.697222222222223,6.216666666666667,8.005555555555555,67.0,67.33333333333333,8299.0,12834.666666666666,5.5281,9.34614,1900.98,2125.01,253.0,250.0,0.0,8.666666666666666,0.0,33.666666666666664,0.0,42.333333333333336,253.0,292.3333333333333,679.0,584.0,,,0.0,213.33333333333331,0.0,40.355555555555554,0.0,40.355555555555554,False,-0.09151773243889784,neutral,-1828.0,-46.0,-1.8500000000000005,False,True,False,48
p04,3.0,4.0,6,7.0,4.0,3.0,3.0,2019-12-20 09:02:23.277,2019-12-20,9.033333333333331,False,2019-12-20,False,1,0,4,145,1373.0,1013.0,703.0,True,False,6.866666666666666,6.466666666666666,92.0,91.33333333333331,4.466666666666667,5.030555555555556,6.475,6.597222222222222,8.0,7.561111111111111,68.0,67.33333333333333,12453.0,12413.0,8.2725,8.4009,2081.51,2110.146666666667,218.0,248.66666666666663,29.0,17.333333333333332,36.0,31.0,65.0,48.333333333333336,283.0,297.0,703.0,635.6666666666666,,,0.0,133.33333333333334,51.2,32.49444444444445,0.0,15.427777777777775,False,0.600687369140579,good,2566.0,20.5,-0.2833333333333341,False,True,False,49
p04,3.0,2.0,4,6.0,2.0,4.0,3.0,2019-12-21 11:14:00.903,2019-12-21,11.233333333333333,False,2019-12-21,False,1,0,5,145,1432.0,1072.0,585.0,True,False,6.666666666666667,6.283333333333334,92.0,92.33333333333331,8.933333333333334,6.5694444444444455,10.658333333333331,7.88611111111111,7.716666666666667,7.311111111111111,65.0,66.66666666666667,10979.0,10577.0,7.4644,7.088333333333334,2063.8,2015.4300000000003,268.0,246.33333333333331,5.0,11.333333333333334,30.0,22.0,35.0,33.333333333333336,303.0,279.6666666666667,585.0,655.6666666666666,,,0.0,0.0,8.133333333333333,19.77777777777778,8.133333333333333,2.711111111111111,False,-0.600687369140579,bad,536.0,-11.0,-0.4833333333333334,False,False,False,50
p04,3.0,2.0,5,6.0,2.0,3.0,2.0,2019-12-22 08:50:16.223,2019-12-22,8.833333333333334,False,2019-12-22,False,1,0,6,145,1435.0,1075.0,707.0,True,True,,6.766666666666667,,92.0,,6.7,,8.566666666666666,,7.858333333333333,,66.5,6260.0,9897.333333333334,4.1676,6.634833333333334,1918.22,2021.176666666667,262.0,249.33333333333331,0.0,11.333333333333334,8.0,24.666666666666668,8.0,36.0,270.0,285.3333333333333,707.0,665.0,,,0.0,0.0,16.216666666666665,25.183333333333334,0.0,2.711111111111111,False,-1.1461357798876968,bad,-4451.5,-38.0,,True,False,False,51
p04,3.0,3.0,6,9.0,2.0,3.0,3.0,2019-12-23 08:45:57.091,2019-12-23,8.75,False,2019-12-23,False,1,0,0,145,1434.0,1074.0,709.0,True,False,8.15,7.411111111111111,89.0,92.33333333333331,5.25,7.297222222222222,8.758333333333333,10.072222222222225,9.5,8.766666666666667,68.0,66.33333333333333,7063.0,8100.666666666667,4.7461,5.459366666666667,1859.45,1947.1566666666668,130.0,220.0,21.0,8.666666666666666,35.0,24.33333333333333,56.0,33.0,186.0,253.0,709.0,667.0,,,0.0,0.0,29.866666666666667,18.07222222222222,0.0,2.711111111111111,False,0.0,neutral,-3648.5,10.0,1.0,True,False,False,52
p04,2.0,3.0,5,7.0,2.0,3.0,4.0,2019-12-25 09:04:43.542,2019-12-25,9.066666666666666,False,2019-12-25,False,1,0,2,145,1434.0,1077.0,670.0,True,True,,7.575,,93.0,,5.904166666666667,,8.608333333333334,,8.7,,67.0,9567.0,9636.0,6.4548000000000005,7.182966666666668,2020.16,1994.86,263.0,187.33333333333331,16.0,12.666666666666666,17.0,37.0,33.0,49.66666666666666,296.0,237.0,670.0,673.3333333333334,,,0.0,140.0,19.633333333333333,35.294444444444444,0.0,18.794444444444444,False,-0.14675669083235887,neutral,-425.0,-13.0,,False,True,False,54
p04,2.0,4.0,5,8.0,3.0,2.0,4.0,2019-12-26 10:23:09.273,2019-12-26,10.383333333333333,False,2019-12-26,False,1,0,3,145,1433.0,1074.0,643.0,True,False,7.8,7.672222222222222,92.0,92.0,6.65,6.6000000000000005,9.583333333333334,9.447222222222225,8.933333333333334,8.844444444444443,66.0,66.0,7881.0,9908.666666666666,5.6839,7.495566666666666,1908.14,2011.09,155.0,195.66666666666663,36.0,17.666666666666668,24.0,33.333333333333336,60.0,51.0,215.0,246.66666666666663,643.0,651.3333333333334,,,360.0,260.0,85.91666666666666,53.97777777777777,70.56666666666666,42.31666666666666,False,0.45393067830822004,neutral,-1620.5,15.5,0.7999999999999998,False,True,False,55
p04,1.0,3.0,5,7.0,3.0,3.0,3.0,2019-12-28 09:05:49.801,2019-12-28,9.083333333333334,False,2019-12-28,False,1,0,5,145,1437.0,1077.0,783.0,True,False,7.0,7.077777777777778,93.0,91.0,6.816666666666666,7.766666666666666,9.125,10.03888888888889,8.3,8.266666666666667,68.0,66.33333333333333,5958.0,10198.0,3.8829,7.430866666666668,1761.98,2034.51,203.0,199.33333333333331,0.0,23.0,0.0,38.333333333333336,0.0,61.333333333333336,203.0,260.6666666666667,783.0,655.3333333333334,,,0.0,240.0,0.0,66.83888888888889,0.0,61.72222222222222,False,-1.3844102031589536,bad,-3543.5,-46.0,-0.18333333333333357,False,False,False,57
p04,2.0,3.0,5,6.0,2.0,2.0,2.0,2019-12-29 07:50:42.396,2019-12-29,7.833333333333333,False,2019-12-29,False,1,0,6,145,986.0,628.0,752.0,True,True,,6.716666666666667,,90.5,,8.325,,10.266666666666666,,7.933333333333334,,66.5,,11356.5,,8.304350000000001,,2097.695,,221.5,,16.5,,45.5,,62.0,,283.5,,661.5,,,300.0,220.0,52.2,55.6,52.2,55.6,True,-1.2376535123265946,bad,,,,True,False,False,58
p04,2.0,3.0,5,7.0,1.0,3.0,3.0,2019-12-30 09:01:08.121,2019-12-30,9.016666666666667,False,2019-12-30,False,1,0,0,145,1423.0,1070.0,631.0,True,False,7.283333333333333,7.661111111111111,89.0,91.66666666666669,6.341666666666667,6.355555555555555,9.008333333333333,9.433333333333332,8.666666666666666,9.07222222222222,64.0,66.33333333333333,8812.0,7385.0,5.897,4.889950000000001,1914.17,1838.075,141.0,172.0,20.0,10.0,33.0,16.5,53.0,26.5,194.0,198.5,631.0,707.0,,,0.0,100.0,54.61666666666667,35.605555555555554,0.0,17.400000000000002,False,-0.6922051015794768,bad,-755.0,6.0,0.09999999999999964,True,False,False,59
p04,3.0,2.0,5,7.0,4.0,2.0,3.0,2019-12-31 09:06:03.445,2019-12-31,9.1,False,2019-12-31,False,1,0,1,145,1433.0,1073.0,685.0,True,True,,7.991666666666666,,91.0,,6.125,,9.5875,,9.458333333333332,,65.5,8399.0,8605.5,6.1047,6.00085,1986.66,1950.415,197.0,169.0,12.0,16.0,26.0,29.5,38.0,45.5,235.0,214.5,685.0,658.0,,,360.0,220.0,59.18333333333333,55.333333333333336,59.18333333333333,37.12777777777777,False,-0.600687369140579,bad,-1168.0,-15.0,,False,True,False,60
p04,2.0,3.0,4,6.0,2.0,3.0,3.0,2020-01-01 11:45:36.472,2020-01-01,11.75,False,2020-01-01,False,1,0,2,145,1426.0,1066.0,558.0,True,False,6.466666666666667,7.649999999999999,91.0,90.0,10.333333333333334,7.402777777777779,11.775,10.444444444444445,7.433333333333334,9.03888888888889,65.0,64.66666666666667,7255.0,8155.333333333333,4.8711,5.624266666666666,1897.18,1932.67,189.0,175.66666666666666,12.0,14.666666666666666,20.0,26.33333333333333,32.0,41.0,221.0,216.66666666666663,558.0,624.6666666666666,,,0.0,120.0,17.916666666666668,43.90555555555556,0.0,19.727777777777774,False,-0.6922051015794768,bad,-2181.0,-15.0,-0.8166666666666664,False,True,False,61
p04,3.0,3.0,6,8.0,2.0,4.0,3.0,2020-01-02 11:23:17.985,2020-01-02,11.383333333333333,False,2020-01-02,False,1,0,3,145,1437.0,1077.0,647.0,True,False,8.116666666666667,7.927777777777777,94.0,91.66666666666669,6.4,7.422222222222222,10.425,10.916666666666666,10.016666666666667,9.488888888888887,67.0,65.66666666666667,1997.0,5883.666666666667,1.3386,4.1048,1628.73,1837.5233333333333,145.0,177.0,0.0,8.0,0.0,15.333333333333334,0.0,23.33333333333333,145.0,200.33333333333331,647.0,630.0,,,0.0,120.0,0.0,25.7,0.0,19.727777777777774,False,0.0,neutral,-7359.0,-38.0,0.8333333333333339,False,True,False,62
p04,1.0,2.0,3,8.0,1.0,3.0,3.0,2020-01-03 09:17:03.142,2020-01-03,9.283333333333331,False,2020-01-03,False,1,0,4,145,1427.0,1069.0,607.0,True,False,8.083333333333334,7.555555555555557,93.0,92.66666666666669,5.95,7.561111111111113,9.258333333333333,10.486111111111112,9.3,8.916666666666668,65.0,65.66666666666667,11220.0,6824.0,8.5768,4.928833333333333,2009.62,1845.176666666667,182.0,172.0,12.0,8.0,38.0,19.33333333333333,50.0,27.33333333333333,232.0,199.33333333333331,607.0,604.0,,,200.0,66.66666666666667,45.2,21.03888888888889,45.2,15.066666666666668,False,-1.9850975722995325,bad,1864.0,12.0,0.666666666666667,False,True,False,63
p04,2.0,2.0,4,7.0,2.0,3.0,2.0,2020-01-04 09:50:37.456,2020-01-04,9.833333333333334,False,2020-01-04,False,1,0,5,145,975.0,617.0,715.0,True,False,7.716666666666667,7.972222222222222,91.0,92.66666666666669,6.933333333333334,6.427777777777777,9.841666666666669,9.841666666666669,8.9,9.405555555555557,65.0,65.66666666666667,,6608.5,,4.9577,,1819.175,,163.5,,6.0,,19.0,,25.0,,188.5,,627.0,,,240.0,146.66666666666666,44.16666666666666,29.78888888888889,44.16666666666666,29.78888888888889,True,-1.8383408814671736,bad,,,-0.08333333333333304,False,False,False,64
p04,2.0,3.0,5,7.0,2.0,3.0,3.0,2020-01-05 09:35:25.562,2020-01-05,9.583333333333334,False,2020-01-05,False,1,0,6,145,1431.0,1071.0,646.0,True,False,7.083333333333333,7.627777777777777,96.0,93.33333333333331,6.3,6.394444444444445,9.191666666666666,9.430555555555555,8.883333333333333,9.027777777777777,66.0,65.33333333333333,5617.0,8418.5,3.8289,6.202850000000001,1809.14,1909.38,162.0,172.0,15.0,13.5,13.0,25.5,28.0,39.0,190.0,211.0,646.0,626.5,,,200.0,213.33333333333331,37.083333333333336,42.15,37.083333333333336,42.15,False,-0.6922051015794768,bad,-3666.5,-20.5,-0.6333333333333337,True,False,False,65
p04,2.0,2.0,3,3.0,3.0,2.0,2.0,2020-01-06 10:10:03.497,2020-01-06,10.166666666666666,False,2020-01-06,False,1,0,0,145,1430.0,1070.0,641.0,True,False,2.65,5.816666666666666,92.0,93.0,7.633333333333334,6.955555555555556,4.683333333333334,7.905555555555556,3.05,6.9444444444444455,66.0,65.66666666666667,4805.0,5211.0,3.2956000000000003,3.5622500000000006,1704.18,1756.66,180.0,171.0,0.0,7.5,0.0,6.5,0.0,14.0,180.0,185.0,641.0,643.5,,,0.0,146.66666666666666,0.0,27.08333333333333,0.0,27.08333333333333,False,-1.8383408814671736,bad,-4206.5,-48.5,-5.066666666666666,True,False,False,66
p04,3.0,4.0,6,8.0,3.0,2.0,4.0,2020-01-07 21:15:17.941,2020-01-07,21.25,False,2020-01-07,False,1,0,1,145,1428.0,1071.0,1053.0,False,False,,4.866666666666666,,94.0,,6.966666666666667,,6.9375,,5.966666666666667,,66.0,9532.0,6651.333333333333,6.362800000000001,4.495766666666667,1894.39,1802.57,188.0,176.66666666666666,14.0,9.666666666666666,2.0,5.0,16.0,14.666666666666666,204.0,191.33333333333331,1053.0,780.0,,,0.0,66.66666666666667,36.7,24.594444444444445,0.0,12.361111111111112,False,1.1461357798876968,good,520.5,-32.5,,False,True,False,67
p04,3.0,4.0,6,5.0,2.0,2.0,3.0,2020-01-08 21:44:49.503,2020-01-08,21.73333333333333,False,2020-01-08,False,1,0,2,145,1425.0,1071.0,1301.0,False,False,,,,,,,,,,,,,3502.0,5946.333333333333,2.3507,4.003033333333334,1646.32,1748.2966666666669,128.0,165.33333333333334,11.0,8.333333333333334,0.0,0.6666666666666666,11.0,9.0,139.0,174.33333333333334,1301.0,998.3333333333334,,,0.0,0.0,0.0,12.233333333333334,0.0,0.0,False,0.600687369140579,good,-5622.0,-31.5,,False,True,False,68
p04,2.0,4.0,6,6.0,4.0,3.0,2.0,2020-01-09 20:41:17.906,2020-01-09,20.683333333333334,False,2020-01-09,False,1,0,3,145,1439.0,1079.0,1133.0,True,False,4.933333333333334,,91.0,,4.95,,4.716666666666667,,5.766666666666667,,65.0,,16382.0,9805.333333333334,12.9111,7.208200000000001,1854.39,1798.3666666666668,176.0,164.0,31.0,18.666666666666668,5.0,2.333333333333333,36.0,21.0,212.0,185.0,1133.0,1162.3333333333333,,,240.0,80.0,70.73333333333333,35.81111111111111,34.03333333333333,11.344444444444443,False,-0.6369661431860157,bad,7731.0,-0.5,-2.4833333333333334,False,True,False,69
p04,3.0,3.0,5,4.0,3.0,3.0,4.0,2020-01-10 21:24:32.551,2020-01-10,21.4,False,2020-01-10,False,1,0,4,145,1433.0,1074.0,690.0,True,False,6.616666666666666,5.775,93.0,92.0,4.041666666666667,4.495833333333334,5.691666666666666,5.204166666666667,7.65,6.708333333333334,64.0,64.5,17713.0,12532.333333333334,14.2771,9.8463,2381.65,1960.7866666666664,240.0,181.33333333333331,31.0,24.33333333333333,50.0,18.33333333333333,81.0,42.66666666666666,321.0,224.0,690.0,1041.3333333333333,,,400.0,213.33333333333331,47.31666666666667,39.35,47.31666666666667,27.116666666666664,False,0.5454484107471179,good,9062.0,45.5,-0.7333333333333334,False,True,False,70
p04,3.0,4.0,6,6.0,4.0,3.0,5.0,2020-01-11 22:46:09.929,2020-01-11,22.766666666666666,False,2020-01-11,False,1,0,5,145,1398.0,1040.0,581.0,True,False,3.75,5.1000000000000005,94.0,92.66666666666669,7.866666666666666,5.6194444444444445,6.141666666666667,5.516666666666666,4.266666666666667,5.894444444444445,64.0,64.33333333333333,12279.0,15458.0,8.131200000000002,11.773133333333334,2618.23,2284.7566666666667,306.0,240.66666666666663,34.0,32.0,60.0,38.333333333333336,94.0,70.33333333333333,400.0,311.0,581.0,801.3333333333334,,,0.0,213.33333333333331,0.0,39.35,0.0,27.116666666666664,False,1.6915841906348148,good,3628.0,58.5,-3.5999999999999996,False,False,False,71
p04,4.0,4.0,6,6.0,4.0,2.0,2.0,2020-01-12 23:27:27.722,2020-01-12,23.45,False,2020-01-12,False,1,0,6,145,1420.0,1062.0,820.0,True,False,7.833333333333333,6.066666666666666,94.0,93.66666666666669,4.466666666666667,5.458333333333333,7.575,6.469444444444444,9.1,7.005555555555556,64.0,64.0,6161.0,12051.0,4.125100000000001,8.844466666666667,1798.79,2266.2233333333334,201.0,249.0,2.0,22.33333333333333,0.0,36.66666666666666,2.0,59.0,203.0,308.0,820.0,697.0,,,0.0,133.33333333333334,0.0,15.772222222222224,0.0,15.772222222222224,False,0.7474440599729378,good,-3011.0,-35.0,0.583333333333333,True,False,False,72
p04,2.0,3.0,5,6.0,2.0,2.0,2.0,2020-01-13 22:17:56.213,2020-01-13,22.28333333333333,False,2020-01-13,False,1,0,0,145,1437.0,1079.0,671.0,True,False,6.416666666666667,6.0,93.0,93.66666666666669,3.75,5.361111111111111,5.3,6.338888888888889,7.55,6.972222222222221,63.0,63.66666666666666,12412.0,10284.0,10.191,7.482433333333335,1881.93,2099.65,205.0,237.33333333333331,15.0,17.0,3.0,21.0,18.0,38.0,223.0,275.3333333333333,671.0,690.6666666666666,,,480.0,160.0,65.98333333333332,21.99444444444444,65.98333333333332,21.99444444444444,False,-1.2376535123265946,bad,3806.5,-17.5,-0.833333333333333,True,False,False,73
p04,2.0,5.0,5,6.0,5.0,3.0,5.0,2020-01-14 21:16:04.440,2020-01-14,21.266666666666666,False,2020-01-14,False,1,0,1,145,1288.0,929.0,613.0,True,False,6.733333333333333,6.9944444444444445,90.0,92.33333333333331,3.983333333333333,4.066666666666666,5.75,6.208333333333333,7.766666666666667,8.138888888888888,61.0,62.66666666666666,14609.0,11060.666666666666,10.2829,8.199666666666667,2248.32,1976.3466666666664,227.0,211.0,30.0,15.666666666666666,45.0,16.0,75.0,31.666666666666668,302.0,242.66666666666663,613.0,701.3333333333334,,,0.0,160.0,33.2,33.06111111111111,15.266666666666667,27.08333333333333,False,1.600066458195917,good,5437.0,39.5,-0.41666666666666696,False,True,False,74
p04,2.0,3.0,4,7.0,2.0,4.0,2.0,2020-01-15 21:35:04.414,2020-01-15,21.58333333333333,False,2020-01-15,False,1,0,2,145,1418.0,1075.0,738.0,True,False,5.866666666666666,6.338888888888889,93.0,92.0,4.416666666666667,4.05,5.391666666666667,5.480555555555555,6.966666666666667,7.427777777777778,61.0,61.66666666666666,14373.0,13798.0,12.7274,11.067100000000002,2009.78,2046.676666666667,191.0,207.66666666666663,16.0,20.33333333333333,29.0,25.666666666666668,45.0,46.0,236.0,253.66666666666663,738.0,674.0,,,400.0,293.3333333333333,46.266666666666666,48.48333333333333,46.266666666666666,42.50555555555555,False,-1.2376535123265946,bad,5201.0,9.5,-1.1749999999999998,False,True,False,75
p04,2.0,3.0,5,5.0,2.0,3.0,2.0,2020-01-16 20:45:42.235,2020-01-16,20.75,False,2020-01-16,False,1,0,3,145,1435.0,1077.0,642.0,True,False,6.95,6.516666666666667,94.0,92.33333333333331,4.708333333333333,4.3694444444444445,6.575,5.905555555555556,7.866666666666666,7.533333333333332,61.0,61.0,13663.0,14215.0,10.6958,11.23536666666667,2342.87,2200.3233333333333,164.0,194.0,23.0,23.0,68.0,47.333333333333336,91.0,70.33333333333333,255.0,264.3333333333333,642.0,664.3333333333334,,,0.0,133.33333333333334,71.3,50.25555555555555,71.3,44.27777777777778,False,-1.2376535123265946,bad,4491.0,55.5,-0.04999999999999982,False,True,False,76
p04,3.0,5.0,6,7.0,4.0,3.0,4.0,2020-01-17 21:58:17.540,2020-01-17,21.966666666666665,False,2020-01-17,False,1,0,4,145,1427.0,1069.0,645.0,True,False,8.383333333333333,7.066666666666666,91.0,92.66666666666669,2.9916666666666667,4.038888888888889,6.883333333333334,6.283333333333334,9.883333333333333,8.238888888888889,62.0,61.333333333333336,8257.0,12097.666666666666,5.5484,9.6572,2132.81,2161.82,136.0,163.66666666666666,25.0,21.33333333333333,56.0,51.0,81.0,72.33333333333333,217.0,236.0,645.0,675.0,,,350.0,250.0,49.48333333333333,55.68333333333334,0.0,39.18888888888889,False,1.7468231490282757,good,-1292.5,44.0,1.3833333333333329,False,True,False,77
p04,2.0,4.0,5,6.0,5.0,2.0,4.0,2020-01-18 21:47:42.797,2020-01-18,21.78333333333333,False,2020-01-18,False,1,0,5,145,1434.0,1077.0,569.0,True,False,7.516666666666667,7.616666666666666,93.0,92.66666666666669,3.85,3.85,6.333333333333333,6.597222222222222,8.483333333333333,8.744444444444445,62.0,61.66666666666666,9938.0,10619.333333333334,6.7586,7.6676,2155.44,2210.373333333333,185.0,161.66666666666666,62.0,36.66666666666666,31.0,51.66666666666666,93.0,88.33333333333333,278.0,250.0,569.0,618.6666666666666,,,0.0,116.66666666666669,71.81666666666666,64.2,33.4,34.9,False,0.45393067830822004,neutral,766.0,56.0,0.47500000000000053,False,False,False,78
p04,3.0,4.0,7,8.0,5.0,3.0,4.0,2020-01-19 21:46:41.362,2020-01-19,21.766666666666666,False,2020-01-19,False,1,0,6,145,1423.0,1065.0,588.0,True,False,7.7,7.866666666666667,92.0,92.0,5.675,4.172222222222223,8.575,7.263888888888888,8.9,9.088888888888889,62.0,62.0,11842.0,10012.333333333334,10.2023,7.503100000000001,2194.83,2161.026666666666,225.0,182.0,5.0,30.666666666666668,38.0,41.66666666666666,43.0,72.33333333333333,268.0,254.33333333333331,588.0,600.6666666666666,,,420.0,256.6666666666667,0.0,40.43333333333333,0.0,11.133333333333333,False,1.1461357798876968,good,2670.0,1.5,0.5166666666666666,True,False,False,79
p04,3.0,4.0,6,9.0,5.0,4.0,3.0,2020-01-20 20:51:26.279,2020-01-20,20.85,False,2020-01-20,False,1,0,0,145,1417.0,1066.0,706.0,True,False,7.883333333333334,7.7,96.0,93.66666666666669,3.716666666666667,4.413888888888889,6.408333333333333,7.105555555555555,8.683333333333334,8.68888888888889,63.0,62.333333333333336,10161.0,10647.0,6.803100000000001,7.921333333333334,1899.5,2083.2566666666667,140.0,183.33333333333331,49.0,38.66666666666666,11.0,26.666666666666668,60.0,65.33333333333333,200.0,248.66666666666663,706.0,621.0,,,0.0,140.0,87.03333333333333,52.95,0.0,11.133333333333333,False,0.600687369140579,good,611.5,16.0,0.7000000000000002,True,False,False,80
p04,2.0,4.0,4,7.0,5.0,2.0,3.0,2020-01-21 21:19:15.846,2020-01-21,21.316666666666663,False,2020-01-21,False,1,0,1,145,1325.0,965.0,780.0,True,False,8.8,8.127777777777778,96.0,94.66666666666669,1.5,3.630555555555555,5.541666666666667,6.841666666666666,10.033333333333331,9.205555555555556,63.0,62.66666666666666,13756.0,11919.666666666666,12.378800000000002,9.794733333333337,1679.76,1924.6966666666667,131.0,165.33333333333334,5.0,19.666666666666668,3.0,17.333333333333332,8.0,37.0,139.0,202.33333333333331,780.0,691.3333333333334,,,350.0,256.6666666666667,48.333333333333336,45.12222222222223,48.333333333333336,16.11111111111111,False,-0.09151773243889784,neutral,4003.5,-36.0,1.6166666666666671,False,True,False,81
p04,2.0,3.0,4,6.0,3.0,3.0,3.0,2020-01-22 21:38:46.905,2020-01-22,21.633333333333333,False,2020-01-22,False,1,0,2,145,1432.0,1075.0,521.0,True,False,7.283333333333333,7.98888888888889,97.0,96.33333333333331,3.7416666666666663,2.986111111111111,5.475,5.808333333333333,7.733333333333333,8.816666666666666,62.0,62.66666666666666,17981.0,13966.0,14.256800000000002,11.146233333333337,2529.71,2036.3233333333333,183.0,151.33333333333334,54.0,36.0,80.0,31.33333333333333,134.0,67.33333333333333,317.0,218.66666666666663,521.0,669.0,,,160.0,170.0,97.48333333333332,77.61666666666666,37.75,28.694444444444446,False,-0.6922051015794768,bad,8228.5,93.5,-0.11666666666666714,False,True,False,82
p04,2.0,4.0,4,7.0,2.0,2.0,4.0,2020-01-25 00:57:29.110,2020-01-25,0.95,True,2020-01-24,False,1,0,4,145,1433.0,1074.0,629.0,True,False,6.833333333333333,6.911111111111111,98.0,96.0,5.9,4.86388888888889,7.35,6.483333333333333,7.45,7.616666666666667,64.0,63.333333333333336,18826.0,14854.0,13.8847,11.117233333333337,2514.08,2383.576666666667,217.0,186.66666666666663,77.0,46.66666666666666,57.0,62.0,134.0,108.66666666666669,351.0,295.3333333333333,629.0,587.3333333333334,,,240.0,133.33333333333334,96.71666666666668,70.71111111111111,44.66666666666666,27.472222222222214,False,0.45393067830822004,neutral,8776.5,90.0,-0.35000000000000053,False,True,False,84
p04,2.0,4.0,3,6.0,2.0,1.0,3.0,2020-01-26 00:33:24.368,2020-01-26,0.55,True,2020-01-25,False,1,0,5,145,1435.0,1076.0,758.0,True,False,7.516666666666667,6.988888888888888,95.0,95.33333333333331,4.883333333333334,5.2444444444444445,7.375,7.116666666666667,8.483333333333333,7.866666666666667,66.0,64.66666666666667,15565.0,14048.666666666666,13.9067,11.000533333333337,2236.59,2285.8700000000003,156.0,177.66666666666666,18.0,34.666666666666664,61.0,55.66666666666666,79.0,90.33333333333331,235.0,268.0,758.0,666.3333333333334,,,300.0,180.0,68.48333333333333,61.04444444444445,44.583333333333336,29.75,False,-0.09151773243889784,neutral,5515.5,35.0,0.33333333333333304,False,False,False,85
p04,2.0,3.0,5,8.0,4.0,2.0,2.0,2020-01-26 22:34:51.308,2020-01-26,22.566666666666663,False,2020-01-26,False,1,0,6,145,1437.0,1078.0,628.0,True,False,6.516666666666667,6.955555555555556,94.0,95.66666666666669,7.891666666666667,6.2250000000000005,9.225,7.983333333333334,7.333333333333333,7.7555555555555555,66.0,65.33333333333333,11832.0,15407.666666666666,7.9321,11.907833333333334,2087.48,2279.383333333333,269.0,214.0,30.0,41.66666666666666,4.0,40.66666666666666,34.0,82.33333333333333,303.0,296.3333333333333,628.0,671.6666666666666,,,0.0,180.0,0.0,55.06666666666666,0.0,29.75,False,-1.2376535123265946,bad,1141.5,-13.5,-0.7666666666666666,True,False,False,86
p04,3.0,4.0,6,7.0,5.0,2.0,4.0,2020-01-27 21:26:29.586,2020-01-27,21.433333333333334,False,2020-01-27,False,1,0,0,145,1425.0,1069.0,729.0,True,False,7.983333333333333,7.338888888888889,97.0,95.33333333333331,4.316666666666666,5.697222222222222,7.575,8.058333333333334,9.25,8.355555555555554,68.0,66.66666666666667,8620.0,12005.666666666666,5.7757000000000005,9.204833333333331,1925.56,2083.21,177.0,200.66666666666663,21.0,23.0,12.0,25.666666666666668,33.0,48.66666666666666,210.0,249.33333333333331,729.0,705.0,,,0.0,100.0,31.566666666666663,33.35,0.0,14.861111111111112,False,1.1461357798876968,good,-2600.0,-12.0,0.7999999999999998,True,False,False,87
p04,3.0,4.0,5,6.0,2.0,4.0,4.0,2020-01-28 19:58:19.902,2020-01-28,19.966666666666665,False,2020-01-28,False,1,0,1,145,1141.0,851.0,730.0,True,False,6.933333333333334,7.144444444444445,96.0,95.66666666666669,4.658333333333333,5.622222222222223,6.441666666666666,7.747222222222223,7.783333333333333,8.122222222222222,66.0,66.66666666666667,7617.0,9356.333333333334,7.184200000000001,6.964000000000001,1883.65,1965.5633333333333,114.0,186.66666666666663,1.0,17.333333333333332,40.0,18.666666666666668,41.0,36.0,155.0,222.66666666666663,,678.5,,,210.0,70.0,27.716666666666665,19.76111111111111,27.716666666666665,9.238888888888887,False,1.1461357798876968,good,-3603.0,-2.0,-0.25,False,True,False,88
p04,2.0,4.0,4,7.0,4.0,2.0,4.0,2020-01-29 21:43:20.481,2020-01-29,21.716666666666665,False,2020-01-29,False,1,0,2,145,1431.0,1074.0,717.0,True,False,6.433333333333334,7.116666666666667,89.0,94.0,2.958333333333333,3.977777777777778,4.225,6.080555555555556,7.266666666666667,8.1,66.0,66.66666666666667,14516.0,10251.0,9.3203,7.426733333333334,1776.25,1861.82,194.0,161.66666666666666,0.0,7.333333333333333,0.0,17.333333333333332,0.0,24.666666666666668,194.0,186.33333333333331,717.0,723.0,,,0.0,70.0,266.9833333333333,108.75555555555556,220.2333333333333,82.64999999999999,False,0.45393067830822004,neutral,3296.0,-43.0,-0.583333333333333,False,True,False,89
p04,2.0,4.0,5,4.0,3.0,2.0,3.0,2020-01-31 02:25:56.181,2020-01-31,2.4166666666666665,True,2020-01-30,False,1,0,3,145,1431.0,1071.0,579.0,True,False,7.25,6.872222222222223,97.0,94.0,4.5,4.038888888888889,6.366666666666666,5.677777777777777,7.866666666666666,7.638888888888888,65.0,65.66666666666667,12458.0,11530.333333333334,8.283100000000001,8.262533333333334,2591.65,2083.85,276.0,194.66666666666663,92.0,31.0,57.0,32.333333333333336,149.0,63.333333333333336,425.0,258.0,579.0,648.0,,,720.0,310.0,0.0,98.23333333333332,0.0,82.64999999999999,False,-0.09151773243889784,neutral,626.0,106.0,0.2333333333333334,False,True,False,90
p04,2.0,4.0,5,8.0,5.0,3.0,4.0,2020-02-01 03:32:32.390,2020-02-01,3.533333333333333,True,2020-01-31,False,1,0,4,145,1432.0,1074.0,815.0,True,False,3.2333333333333334,5.638888888888889,93.0,93.0,9.083333333333334,5.513888888888889,6.708333333333333,5.766666666666666,3.6166666666666663,6.25,65.0,65.33333333333333,5280.0,10751.333333333334,3.4331,7.012166666666668,1717.78,2028.56,153.0,207.66666666666663,0.0,30.666666666666668,0.0,19.0,0.0,49.66666666666666,153.0,257.3333333333333,815.0,703.6666666666666,,,0.0,240.0,16.216666666666665,94.4,0.0,73.41111111111111,False,0.45393067830822004,neutral,-6562.0,-45.0,-3.783333333333333,False,True,False,91
p04,2.0,3.0,3,5.0,3.0,2.0,4.0,2020-02-02 05:30:02.969,2020-02-02,5.5,False,2020-02-02,False,2,0,6,145,1436.0,1076.0,460.0,True,True,,5.675000000000001,,95.5,,6.470833333333333,,6.658333333333333,,6.183333333333334,,66.0,18282.0,11018.333333333334,13.9023,7.885733333333333,2488.41,2146.053333333333,222.0,219.66666666666663,32.0,21.33333333333333,82.0,32.333333333333336,114.0,53.66666666666666,336.0,273.3333333333333,460.0,722.3333333333334,,,180.0,60.0,119.21666666666668,62.78333333333333,103.0,51.97222222222222,False,-0.14675669083235887,neutral,6445.0,70.0,,True,False,False,93
p04,3.0,3.0,4,1.0,3.0,2.0,2.0,2020-02-04 02:24:14.399,2020-02-04,2.4,True,2020-02-03,False,1,0,0,145,1362.0,1075.0,809.0,True,False,6.516666666666667,6.505555555555556,95.0,95.66666666666669,4.516666666666667,5.927777777777778,5.75,7.063888888888889,7.233333333333333,7.133333333333333,71.0,69.0,7367.0,11714.0,4.9488,8.390966666666667,2107.02,2275.8,248.0,251.33333333333331,43.0,35.666666666666664,15.0,37.333333333333336,58.0,73.0,306.0,324.3333333333333,809.0,720.3333333333334,,,0.0,60.0,32.43333333333333,68.18888888888888,0.0,51.97222222222222,False,-0.5454484107471179,bad,-4693.5,12.0,-0.36666666666666625,True,False,False,94
p04,3.0,4.0,5,8.0,3.0,2.0,5.0,2020-02-05 01:57:05.428,2020-02-05,1.95,True,2020-02-04,False,1,0,1,145,1431.0,1075.0,617.0,True,False,3.7666666666666666,5.055555555555556,97.0,95.33333333333331,8.225,7.383333333333333,6.466666666666667,7.016666666666667,4.233333333333333,5.627777777777777,71.0,70.33333333333333,21213.0,15620.666666666666,16.1991,11.6834,2663.33,2419.5866666666666,245.0,238.33333333333331,68.0,47.66666666666666,76.0,57.66666666666666,144.0,105.33333333333331,389.0,343.6666666666667,617.0,628.6666666666666,,,210.0,130.0,139.76666666666665,97.13888888888889,100.51666666666668,67.83888888888889,False,1.6915841906348148,good,9152.5,91.5,-3.1166666666666663,False,True,False,95
p04,2.0,3.0,5,6.0,2.0,2.0,3.0,2020-02-06 01:20:09.075,2020-02-06,1.3333333333333333,True,2020-02-05,False,1,0,2,145,1429.0,1072.0,787.0,True,False,9.833333333333334,6.705555555555556,89.0,93.66666666666669,2.825,5.188888888888889,8.458333333333334,6.891666666666667,11.633333333333333,7.7,73.0,71.66666666666667,12657.0,13745.666666666666,8.207500000000001,9.785133333333334,2437.51,2402.6200000000003,332.0,275.0,49.0,53.333333333333336,18.0,36.333333333333336,67.0,89.66666666666667,399.0,364.6666666666667,787.0,737.6666666666666,,,240.0,150.0,105.18333333333332,92.46111111111112,83.85,61.45555555555556,False,-0.6922051015794768,bad,311.5,9.0,3.000000000000001,False,True,False,96
p04,2.0,3.0,4,8.0,2.0,3.0,4.0,2020-02-07 04:00:26.661,2020-02-07,4.0,True,2020-02-06,False,1,0,3,145,1432.0,1073.0,486.0,True,False,6.7,6.766666666666667,92.0,92.66666666666669,2.6083333333333334,4.552777777777778,4.558333333333334,6.4944444444444445,7.95,7.938888888888889,71.0,71.66666666666667,12630.0,15500.0,8.4253,10.943966666666668,2042.81,2381.2166666666667,210.0,262.3333333333333,28.0,48.333333333333336,18.0,37.333333333333336,46.0,85.66666666666667,256.0,348.0,486.0,630.0,,,0.0,150.0,99.83333333333331,114.92777777777776,0.0,61.45555555555556,False,-0.14675669083235887,neutral,195.0,-13.0,-0.18333333333333268,False,True,False,97
p04,3.0,3.0,6,7.0,4.0,1.0,2.0,2020-02-09 03:18:33.645,2020-02-09,3.3,True,2020-02-08,False,1,0,5,145,1424.0,1066.0,541.0,True,False,8.45,8.166666666666666,91.0,92.66666666666669,4.525,3.4888888888888894,7.891666666666667,7.002777777777777,9.366666666666667,9.511111111111113,68.0,69.0,7382.0,10783.333333333334,5.489800000000001,7.087366666666667,1986.53,2092.313333333333,195.0,238.0,4.0,14.0,27.0,19.0,31.0,33.0,226.0,271.0,541.0,553.0,,,180.0,60.0,28.98333333333333,42.93888888888889,28.98333333333333,9.661111111111111,False,-0.5454484107471179,bad,-4993.0,-27.0,1.5083333333333329,False,False,False,99
p04,4.0,3.0,4,6.0,2.0,3.0,2.0,2020-02-10 02:55:00.719,2020-02-10,2.9166666666666665,True,2020-02-09,False,1,0,6,145,1377.0,1022.0,620.0,True,False,3.883333333333333,7.227777777777777,92.0,92.66666666666669,6.258333333333334,4.705555555555557,4.575,7.008333333333333,4.316666666666666,8.299999999999999,68.0,68.0,7683.0,9134.333333333334,5.129300000000001,5.988700000000001,1940.63,2058.2533333333336,235.0,246.33333333333331,20.0,11.333333333333334,3.0,14.0,23.0,25.33333333333333,258.0,271.6666666666667,620.0,597.6666666666666,,,0.0,60.0,0.0,9.661111111111111,0.0,9.661111111111111,False,0.14675669083235887,neutral,-4692.0,-29.5,-3.216666666666667,True,False,False,100
p04,3.0,4.0,6,6.0,2.0,3.0,3.0,2020-02-11 01:37:14.730,2020-02-11,1.6166666666666667,True,2020-02-10,False,1,0,0,145,1229.0,1076.0,924.0,True,False,4.016666666666667,5.45,93.0,92.0,8.575,6.452777777777778,6.875,6.447222222222222,4.3,5.9944444444444445,68.0,68.0,5208.0,6757.666666666667,3.4410000000000003,4.686700000000001,1895.75,1940.97,204.0,211.33333333333331,11.0,11.666666666666666,15.0,15.0,26.0,26.666666666666668,230.0,238.0,924.0,695.0,,,210.0,130.0,30.016666666666666,19.666666666666668,30.016666666666666,19.666666666666668,False,0.600687369140579,good,-7167.0,-26.5,-2.925,True,False,False,101
p04,2.0,3.0,5,7.0,2.0,4.0,2.0,2020-02-12 01:18:53.349,2020-02-12,1.3,True,2020-02-11,False,1,0,1,145,1435.0,1075.0,790.0,True,False,5.966666666666667,4.622222222222223,92.0,92.33333333333331,4.191666666666666,6.341666666666666,4.933333333333334,5.461111111111111,6.733333333333333,5.116666666666666,68.0,68.0,7409.0,6766.666666666667,4.6523,4.407533333333334,1834.12,1890.1666666666667,231.0,223.33333333333331,0.0,10.333333333333334,0.0,6.0,0.0,16.333333333333332,231.0,239.66666666666663,790.0,778.0,,,0.0,70.0,25.6,18.538888888888888,0.0,10.005555555555556,False,-1.2376535123265946,bad,-4681.0,-52.5,-0.9749999999999996,False,True,False,102
p04,4.0,5.0,6,7.0,4.0,2.0,3.0,2020-02-13 03:51:09.616,2020-02-13,3.85,True,2020-02-12,False,1,0,2,145,1419.0,1064.0,645.0,True,False,7.166666666666667,5.716666666666666,87.0,90.66666666666669,3.5083333333333333,5.425,5.808333333333334,5.872222222222223,8.3,6.4444444444444455,67.0,67.66666666666667,14886.0,9167.666666666666,9.9828,6.025366666666667,2219.77,1983.2133333333331,205.0,213.33333333333331,44.0,18.33333333333333,49.0,21.33333333333333,93.0,39.66666666666666,298.0,253.0,645.0,786.3333333333334,,,0.0,70.0,104.1,53.23888888888888,0.0,10.005555555555556,False,1.8935798398606345,good,3049.0,46.5,0.22500000000000053,False,True,False,103
p04,2.0,4.0,6,5.0,4.0,3.0,3.0,2020-02-15 14:35:57.469,2020-02-15,14.583333333333334,False,2020-02-15,False,1,0,5,145,1266.0,910.0,1027.0,True,False,6.033333333333333,6.758333333333333,90.0,91.5,10.591666666666669,7.708333333333334,11.375,9.3375,6.783333333333333,7.625,69.0,68.0,4638.0,10409.333333333334,3.1136000000000004,6.968666666666668,1900.74,2129.276666666666,203.0,270.0,0.0,5.333333333333333,0.0,14.333333333333334,0.0,19.666666666666668,203.0,289.6666666666667,1027.0,687.6666666666666,,,0.0,93.33333333333331,0.0,19.00555555555556,0.0,19.00555555555556,False,-0.09151773243889784,neutral,-7259.5,-46.5,-1.1333333333333337,False,False,False,106
p04,3.0,3.0,6,6.0,3.0,3.0,3.0,2020-02-16 07:30:45.618,2020-02-16,7.5,False,2020-02-16,False,1,0,6,145,783.0,426.0,783.0,True,True,,,,,,,,,,,,,,8295.5,,5.4941,,1981.07,,246.5,,0.0,,0.0,,0.0,,246.5,,801.0,,,0.0,0.0,44.36666666666667,14.78888888888889,44.36666666666667,14.78888888888889,True,0.0,neutral,,,,True,False,False,107
p04,3.0,3.0,7,8.0,4.0,4.0,4.0,2020-02-17 08:38:05.966,2020-02-17,8.633333333333333,False,2020-02-17,False,1,0,0,145,1078.0,1076.0,1156.0,True,False,6.1,4.961111111111111,93.0,92.0,7.7,11.963888888888889,8.591666666666667,11.505555555555556,6.883333333333334,5.538888888888889,70.0,69.5,6002.0,5320.0,4.0323,3.5729500000000005,1652.68,1776.71,77.0,140.0,16.0,8.0,14.0,7.0,30.0,15.0,107.0,155.0,,,,,0.0,0.0,31.58333333333333,25.316666666666663,0.0,14.78888888888889,False,0.5454484107471179,good,-5951.0,-16.0,-0.7333333333333334,True,False,False,108
p04,3.0,3.0,6,6.0,2.0,3.0,3.0,2020-02-18 06:49:52.154,2020-02-18,6.816666666666666,False,2020-02-18,False,1,0,1,145,1423.0,1068.0,761.0,True,False,6.533333333333333,5.127777777777777,91.0,92.33333333333331,4.058333333333334,9.786111111111111,5.591666666666667,9.577777777777778,7.533333333333333,5.788888888888889,70.0,70.0,9639.0,7820.5,8.1987,6.115500000000001,2046.73,1849.705,235.0,156.0,0.0,8.0,31.0,22.5,31.0,30.5,266.0,186.5,761.0,,,,180.0,60.0,31.866666666666667,35.93888888888889,31.866666666666667,25.41111111111111,False,0.0,neutral,-2314.0,-10.0,-0.16666666666666696,False,True,False,109
p04,3.0,3.0,5,7.0,2.0,2.0,2.0,2020-02-19 06:21:59.410,2020-02-19,6.35,False,2020-02-19,False,1,0,2,145,1434.0,1079.0,614.0,True,False,6.866666666666666,6.5,92.0,92.0,4.308333333333334,5.355555555555555,6.375,6.852777777777778,8.066666666666666,7.4944444444444445,70.0,70.0,12997.0,9546.0,8.707600000000001,6.979533333333333,2235.93,1978.4466666666667,349.0,220.33333333333331,10.0,8.666666666666666,15.0,20.0,25.0,28.666666666666668,374.0,249.0,614.0,687.5,,,150.0,110.0,27.98333333333333,30.477777777777774,27.98333333333333,19.95,False,-0.5454484107471179,bad,1165.0,-16.0,0.25,False,True,False,110
p04,3.0,3.0,5,10.0,4.0,2.0,3.0,2020-02-20 11:26:22.954,2020-02-20,11.433333333333334,False,2020-02-20,False,1,0,3,145,1428.0,1071.0,691.0,True,False,9.65,7.683333333333333,92.0,91.66666666666669,2.8833333333333333,3.75,7.808333333333334,6.591666666666666,10.916666666666666,8.838888888888889,69.0,69.66666666666667,8727.0,10454.333333333334,5.8222000000000005,7.576166666666668,1927.71,2070.123333333333,244.0,276.0,10.0,6.666666666666667,11.0,19.0,21.0,25.666666666666668,265.0,301.6666666666667,691.0,688.6666666666666,,,0.0,110.0,0.0,19.95,0.0,19.95,False,0.0,neutral,-3105.0,-13.0,3.033333333333334,False,True,False,111
p04,3.0,3.0,5,9.0,4.0,2.0,3.0,2020-02-21 06:51:29.709,2020-02-21,6.85,False,2020-02-21,False,1,0,4,145,1425.0,1066.0,481.0,True,False,9.2,8.572222222222223,92.0,92.0,2.458333333333333,3.216666666666667,6.841666666666667,7.008333333333333,10.383333333333333,9.788888888888888,69.0,69.33333333333333,11174.0,10966.0,7.317800000000001,7.282533333333333,2146.49,2103.3766666666666,253.0,282.0,14.0,11.333333333333334,37.0,21.0,51.0,32.333333333333336,304.0,314.3333333333333,481.0,595.3333333333334,,,240.0,130.0,38.16666666666666,22.05,38.16666666666666,22.05,False,0.0,neutral,-658.0,18.0,2.499999999999999,False,True,False,112
p04,3.0,3.0,5,8.0,5.0,2.0,3.0,2020-02-22 08:50:37.107,2020-02-22,8.833333333333334,False,2020-02-22,False,1,0,5,145,1433.0,1078.0,420.0,True,False,8.066666666666666,8.972222222222221,93.0,92.33333333333331,4.666666666666667,3.336111111111111,7.866666666666666,7.5055555555555555,9.2,10.166666666666666,70.0,69.33333333333333,12973.0,10958.0,8.669500000000001,7.269833333333334,2326.65,2133.616666666667,345.0,280.6666666666667,21.0,15.0,31.0,26.33333333333333,52.0,41.333333333333336,397.0,322.0,420.0,530.6666666666666,,,150.0,130.0,27.3,21.822222222222223,27.3,21.822222222222223,False,0.0,neutral,1799.0,19.0,1.3666666666666663,False,False,False,113
p04,2.0,3.0,4,6.0,3.0,3.0,3.0,2020-02-23 08:27:57.252,2020-02-23,8.45,False,2020-02-23,False,1,0,6,145,1439.0,1079.0,636.0,True,False,5.666666666666667,7.644444444444445,93.0,92.66666666666669,7.391666666666667,4.8388888888888895,7.958333333333333,7.555555555555554,6.566666666666666,8.716666666666667,73.0,70.66666666666667,8584.0,10910.333333333334,5.7282,7.238500000000001,1931.3,2134.813333333333,252.0,283.3333333333333,0.0,11.666666666666666,0.0,22.666666666666668,0.0,34.333333333333336,252.0,317.6666666666667,636.0,512.3333333333334,,,0.0,130.0,16.216666666666665,27.227777777777774,0.0,21.822222222222223,False,-0.6922051015794768,bad,-2590.0,-33.0,-1.0333333333333332,True,False,False,114
p04,3.0,4.0,6,8.0,4.0,3.0,3.0,2020-02-24 07:29:29.489,2020-02-24,7.483333333333333,False,2020-02-24,False,1,0,0,145,687.0,331.0,1002.0,True,False,8.35,7.361111111111111,96.0,94.0,3.7083333333333335,5.255555555555556,6.925,7.583333333333333,9.216666666666669,8.327777777777778,73.0,72.0,,10778.5,,7.19885,,2128.975,,298.5,,10.5,,15.5,,26.0,,324.5,,528.0,,,0.0,50.0,0.0,14.505555555555556,0.0,9.1,True,0.600687369140579,good,,,1.6499999999999995,True,False,False,115
p04,3.0,5.0,6,7.0,4.0,3.0,4.0,2020-02-25 14:50:42.749,2020-02-25,14.833333333333334,False,2020-02-25,False,1,0,1,145,1440.0,1080.0,503.0,True,False,7.366666666666666,7.127777777777777,97.0,95.33333333333331,4.166666666666667,5.088888888888889,6.7,7.194444444444444,8.533333333333333,8.105555555555556,73.0,73.0,15304.0,11944.0,11.6515,8.68985,2355.57,2143.435,336.0,294.0,6.0,3.0,42.0,21.0,48.0,24.0,384.0,318.0,503.0,569.5,,,320.0,106.66666666666669,42.88333333333333,19.7,42.88333333333333,14.294444444444444,False,1.7468231490282757,good,4897.5,17.0,0.6666666666666661,False,True,False,116
p04,3.0,3.0,6,7.0,4.0,3.0,3.0,2020-02-26 07:45:58.814,2020-02-26,7.75,False,2020-02-26,False,1,0,2,145,1430.0,1070.0,597.0,True,False,7.4,7.705555555555556,93.0,95.33333333333331,4.208333333333333,4.027777777777778,6.7,6.775,8.483333333333333,8.744444444444445,72.0,72.66666666666667,13344.0,14324.0,9.1277,10.389600000000002,2157.17,2256.37,314.0,325.0,13.0,9.5,4.0,23.0,17.0,32.5,331.0,357.5,597.0,550.0,,,0.0,106.66666666666669,0.0,14.294444444444444,0.0,14.294444444444444,False,0.0,neutral,1780.5,-14.0,0.7000000000000002,False,True,False,117
p04,4.0,5.0,7,7.0,4.0,3.0,4.0,2020-02-27 07:13:43.084,2020-02-27,7.216666666666667,False,2020-02-27,False,1,0,3,145,1431.0,1072.0,613.0,True,False,7.35,7.372222222222223,91.0,93.66666666666669,4.308333333333334,4.227777777777778,6.783333333333333,6.727777777777778,8.466666666666667,8.494444444444445,71.0,72.0,13680.0,14109.333333333334,9.6749,10.151366666666668,2234.0,2248.9133333333334,267.0,305.6666666666667,23.0,14.0,28.0,24.666666666666668,51.0,38.66666666666666,318.0,344.3333333333333,613.0,571.0,71.92074203491211,,300.0,206.66666666666663,91.76666666666668,44.88333333333333,73.0,38.62777777777777,False,2.4390282506077523,good,2116.5,20.0,0.4833333333333334,False,True,False,118
p04,2.0,3.0,4,7.0,3.0,2.0,3.0,2020-02-28 07:16:18.582,2020-02-28,7.266666666666667,False,2020-02-28,False,1,0,4,145,1435.0,1075.0,580.0,True,False,7.066666666666666,7.272222222222222,89.0,91.0,5.208333333333333,4.574999999999999,7.241666666666666,6.908333333333332,8.033333333333333,8.327777777777778,70.0,71.0,15236.0,14086.666666666666,11.956600000000002,10.253066666666667,2413.45,2268.2066666666665,284.0,288.3333333333333,10.0,15.333333333333334,58.0,30.0,68.0,45.333333333333336,352.0,333.6666666666667,580.0,596.6666666666666,70.44240856170654,71.18157529830933,280.0,193.33333333333331,43.81666666666667,45.19444444444445,43.81666666666667,38.93888888888889,False,-0.6922051015794768,bad,3672.5,37.0,0.20000000000000018,False,True,False,119
p04,2.0,3.0,3,8.0,4.0,2.0,3.0,2020-02-29 09:00:10.397,2020-02-29,9.0,False,2020-02-29,False,1,0,5,145,1434.0,1074.0,667.0,True,False,7.966666666666667,7.461111111111111,95.0,91.66666666666669,5.041666666666667,4.852777777777778,8.016666666666667,7.347222222222221,8.966666666666667,8.488888888888889,72.0,71.0,9925.0,12947.0,6.705400000000001,9.445633333333337,2023.16,2223.5366666666664,266.0,272.3333333333333,11.0,14.666666666666666,14.0,33.333333333333336,25.0,48.0,291.0,320.3333333333333,667.0,620.0,72.05490779876709,71.47268613179524,0.0,193.33333333333331,0.0,45.19444444444445,0.0,38.93888888888889,False,-0.6922051015794768,bad,-2220.5,-13.5,0.9000000000000004,False,False,False,120
p04,2.0,3.0,4,5.0,3.0,3.0,3.0,2020-03-01 08:24:53.434,2020-03-01,8.4,False,2020-03-01,False,1,0,6,145,1432.0,1076.0,570.0,True,False,5.0,6.677777777777777,91.0,91.66666666666669,8.5,6.25,8.375,7.877777777777777,5.866666666666666,7.622222222222223,73.0,71.66666666666667,13963.0,13041.333333333334,9.2044,9.288800000000002,2144.01,2193.54,319.0,289.6666666666667,13.0,11.333333333333334,0.0,24.0,13.0,35.333333333333336,332.0,325.0,570.0,605.6666666666666,73.1511754989624,71.88283061981201,0.0,93.33333333333331,89.61666666666666,44.47777777777778,89.61666666666666,44.47777777777778,False,-0.6922051015794768,bad,1817.5,-18.0,-2.0666666666666664,True,False,False,121
p04,1.0,2.0,2,8.0,2.0,3.0,2.0,2020-03-02 08:08:51.703,2020-03-02,8.133333333333333,False,2020-03-02,False,1,0,0,145,1112.0,752.0,788.0,True,True,,6.483333333333333,,93.0,,6.770833333333334,,8.195833333333333,,7.416666666666666,,72.5,10447.0,11445.0,7.0232,7.644333333333335,2134.27,2100.48,86.0,223.66666666666663,44.0,22.666666666666668,85.0,33.0,129.0,55.66666666666666,215.0,279.3333333333333,,618.5,74.97735595703125,73.39447975158691,350.0,116.66666666666669,68.26666666666667,52.62777777777777,68.26666666666667,52.62777777777777,False,-2.5305459830466503,bad,-1698.5,98.5,,True,False,False,122
p04,3.0,3.0,4,8.0,4.0,3.0,3.0,2020-03-03 07:33:11.616,2020-03-03,7.55,False,2020-03-03,False,1,0,1,145,1431.0,1071.0,478.0,True,False,8.866666666666667,8.111111111111112,92.0,92.0,3.316666666666667,5.097222222222222,7.525,8.677777777777777,10.2,9.572222222222225,76.0,74.33333333333333,273.0,8227.666666666666,0.1822,5.4699333333333335,1374.49,1884.256666666667,26.0,143.66666666666666,0.0,19.0,0.0,28.33333333333333,0.0,47.333333333333336,26.0,191.0,478.0,524.0,76.76333141326904,74.96395428975423,0.0,116.66666666666669,0.0,52.62777777777777,0.0,52.62777777777777,False,0.0,neutral,-11872.5,-30.5,1.7000000000000002,False,True,False,123
p04,3.0,3.0,5,9.0,4.0,3.0,3.0,2020-03-04 08:27:40.960,2020-03-04,8.45,False,2020-03-04,False,1,0,2,145,1431.0,1071.0,679.0,True,False,9.083333333333334,9.472222222222223,96.0,93.66666666666669,3.85,3.5472222222222225,8.475,8.71111111111111,10.616666666666667,11.155555555555557,74.0,74.66666666666667,6684.0,5801.333333333333,4.4915,3.8989666666666665,1713.55,1740.7699999999998,102.0,71.33333333333333,29.0,24.33333333333333,18.0,34.333333333333336,47.0,58.66666666666666,149.0,130.0,679.0,578.5,74.51207637786865,75.41758791605632,0.0,116.66666666666669,44.36666666666667,37.54444444444445,0.0,22.75555555555556,False,0.0,neutral,-4879.5,19.0,1.7333333333333343,False,True,False,124
p04,3.0,4.0,5,8.0,4.0,2.0,3.0,2020-03-05 09:00:27.441,2020-03-05,9.0,False,2020-03-05,False,1,0,3,145,1424.0,1066.0,560.0,True,False,7.85,8.6,95.0,94.33333333333331,5.2,4.122222222222223,8.225,8.075000000000001,9.016666666666667,9.944444444444445,71.0,73.66666666666667,7560.0,4839.0,5.1866,3.286766666666667,1944.32,1677.4533333333331,216.0,114.66666666666669,10.0,13.0,17.0,11.666666666666666,27.0,24.666666666666668,243.0,139.33333333333334,560.0,572.3333333333334,71.80511474609375,74.36017417907715,300.0,100.0,62.28333333333333,35.550000000000004,62.28333333333333,20.76111111111111,False,0.600687369140579,good,-3250.5,-1.0,0.5,False,True,False,125
p04,3.0,3.0,5,8.0,4.0,3.0,3.0,2020-03-07 09:17:42.897,2020-03-07,9.283333333333331,False,2020-03-07,False,2,0,5,145,1428.0,1073.0,576.0,True,False,8.5,8.65,89.0,93.33333333333331,5.008333333333334,4.852777777777778,8.775,8.736111111111112,9.766666666666667,9.877777777777778,72.0,71.66666666666667,7294.0,6888.0,4.898300000000001,4.662000000000001,1877.26,1864.6566666666668,156.0,173.33333333333334,43.0,21.666666666666668,14.0,18.0,57.0,39.66666666666666,213.0,213.0,576.0,617.3333333333334,72.26127243041992,72.11569372812907,250.0,183.33333333333331,17.916666666666668,37.25555555555555,17.916666666666668,37.25555555555555,False,0.0,neutral,-2488.0,28.5,1.1333333333333337,False,False,False,127
p04,3.0,4.0,6,6.0,4.0,3.0,3.0,2020-03-08 09:01:10.416,2020-03-08,9.016666666666667,False,2020-03-08,False,1,0,6,145,1438.0,1078.0,659.0,True,False,6.15,8.083333333333334,96.0,93.66666666666669,6.316666666666666,5.225,7.425,8.469444444444443,7.1,9.238888888888887,72.0,72.0,7034.0,6712.666666666667,4.723800000000001,4.507733333333334,1806.6,1818.75,166.0,156.66666666666666,17.0,24.0,12.0,16.333333333333332,29.0,40.333333333333336,195.0,197.0,659.0,650.3333333333334,72.29076290130615,72.2775764465332,0.0,83.33333333333333,15.35,21.61111111111111,15.35,21.61111111111111,False,0.600687369140579,good,-2748.0,0.5,-1.216666666666666,True,False,False,128
p04,3.0,3.0,6,7.0,3.0,2.0,2.0,2020-03-09 07:15:09.166,2020-03-09,7.25,False,2020-03-09,False,1,0,0,145,1259.0,902.0,802.0,True,False,7.283333333333333,7.311111111111111,93.0,92.66666666666669,4.516666666666667,5.280555555555555,6.733333333333333,7.644444444444445,8.216666666666667,8.361111111111112,71.0,71.66666666666667,7091.0,7139.666666666667,4.7877,4.803266666666668,1973.79,1885.8833333333332,153.0,158.33333333333334,18.0,26.0,41.0,22.33333333333333,59.0,48.333333333333336,212.0,206.66666666666663,802.0,679.0,71.6257438659668,72.05925973256429,560.0,270.0,31.08333333333333,21.45,31.08333333333333,21.45,False,-0.5454484107471179,bad,-2691.0,29.5,-0.08333333333333304,True,False,False,129
p04,3.0,3.0,6,7.0,4.0,3.0,2.0,2020-03-10 07:32:07.401,2020-03-10,7.533333333333333,False,2020-03-10,False,1,0,1,145,1434.0,1074.0,589.0,True,False,7.316666666666666,6.916666666666667,94.0,94.33333333333331,4.408333333333333,5.080555555555556,6.825,6.9944444444444445,8.416666666666666,7.911111111111111,72.0,71.66666666666667,16648.0,10257.666666666666,12.7457,7.419066666666667,2348.86,2043.0833333333333,264.0,194.33333333333331,43.0,26.0,51.0,34.666666666666664,94.0,60.66666666666666,358.0,255.0,589.0,683.3333333333334,72.09306526184082,72.00319067637126,150.0,236.66666666666663,65.7,37.37777777777777,31.566666666666663,26.0,False,-0.5454484107471179,bad,6866.0,63.5,-0.04999999999999982,False,True,False,130
p04,3.0,4.0,7,7.0,3.0,3.0,3.0,2020-03-11 09:26:12.150,2020-03-11,9.433333333333334,False,2020-03-11,False,1,0,2,145,1434.0,1076.0,536.0,True,False,7.033333333333333,7.211111111111111,96.0,94.33333333333331,4.941666666666666,4.622222222222223,6.783333333333333,6.780555555555556,7.833333333333333,8.155555555555557,71.0,71.33333333333333,17067.0,13602.0,11.327100000000002,9.620166666666668,2406.41,2243.02,310.0,242.33333333333331,25.0,28.666666666666668,64.0,52.0,89.0,80.66666666666667,399.0,323.0,536.0,642.3333333333334,71.87230396270752,71.86370436350505,350.0,353.3333333333333,128.68333333333334,75.15555555555555,128.68333333333334,63.77777777777778,False,0.600687369140579,good,6881.0,56.0,-0.33333333333333304,False,True,False,131
p04,3.0,3.0,4,6.0,4.0,1.0,3.0,2020-03-12 09:00:25.346,2020-03-12,9.0,False,2020-03-12,False,1,0,3,145,1439.0,1080.0,698.0,True,False,6.233333333333333,6.861111111111111,97.0,95.66666666666669,5.883333333333334,5.0777777777777775,6.908333333333333,6.838888888888889,7.016666666666667,7.7555555555555555,72.0,71.66666666666667,9763.0,14492.666666666666,6.915100000000001,10.329300000000002,2035.35,2263.5400000000004,246.0,273.3333333333333,10.0,26.0,16.0,43.66666666666666,26.0,69.66666666666667,272.0,343.0,698.0,607.6666666666666,72.28806972503662,72.08447964986165,200.0,233.33333333333331,46.6,80.32777777777778,46.6,68.95,False,0.0,neutral,-423.0,-7.0,-1.1333333333333329,False,True,True,132
p04,3.0,4.0,6,7.0,4.0,2.0,3.0,2020-03-13 09:03:49.017,2020-03-13,9.05,False,2020-03-13,False,1,0,4,145,1438.0,1079.0,792.0,True,False,7.916666666666667,7.061111111111111,95.0,96.0,3.841666666666667,4.888888888888889,6.775,6.822222222222223,8.933333333333334,7.927777777777777,71.0,71.33333333333333,7080.0,11303.333333333334,4.7529,7.665033333333334,1834.64,2092.133333333333,203.0,253.0,12.0,15.666666666666666,12.0,30.666666666666668,24.0,46.333333333333336,227.0,299.3333333333333,792.0,675.3333333333334,72.5618953704834,72.24075635274251,0.0,183.33333333333331,0.0,58.42777777777778,0.0,58.42777777777778,False,0.600687369140579,good,-2764.0,-6.5,0.5666666666666673,False,True,True,133
p04,2.0,3.0,6,5.0,2.0,3.0,3.0,2020-03-14 08:15:09.785,2020-03-14,8.25,False,2020-03-14,False,1,0,5,145,1426.0,1071.0,656.0,True,False,5.6,6.583333333333333,90.0,94.0,6.983333333333333,5.569444444444444,7.533333333333333,7.072222222222223,6.55,7.5,71.0,71.33333333333333,14138.0,10327.0,12.0699,7.912633333333335,2155.41,2008.466666666667,176.0,208.33333333333331,16.0,12.666666666666666,56.0,28.0,72.0,40.66666666666666,248.0,249.0,656.0,715.3333333333334,70.52411556243896,71.79136021931966,240.0,146.66666666666666,45.7,30.76666666666667,45.7,30.76666666666667,False,-0.6922051015794768,bad,4437.0,41.5,-1.7583333333333329,False,False,True,134
p04,3.0,3.0,5,8.0,4.0,3.0,1.0,2020-03-15 08:11:45.124,2020-03-15,8.183333333333334,False,2020-03-15,False,1,0,6,145,930.0,573.0,897.0,True,False,7.2,6.905555555555556,97.0,94.0,4.666666666666667,5.163888888888889,6.925,7.077777777777778,8.25,7.911111111111111,71.0,71.0,,10609.0,,8.4114,,1995.025,,189.5,,14.0,,34.0,,48.0,,237.5,,724.0,,71.54300546646118,480.0,240.0,103.0,49.56666666666666,103.0,49.56666666666666,True,-1.0908968214942358,bad,,,-0.15833333333333233,True,False,True,135
p04,3.0,3.0,5,8.0,3.0,3.0,3.0,2020-03-16 09:03:40.510,2020-03-16,9.05,False,2020-03-16,False,1,0,0,145,1430.0,1070.0,646.0,True,False,7.566666666666666,6.788888888888889,92.0,93.0,6.016666666666667,5.888888888888889,8.708333333333334,7.722222222222221,8.683333333333334,7.827777777777778,71.0,71.0,5914.0,10026.0,3.9707,8.0203,1762.5,1958.955,200.0,188.0,0.0,8.0,0.0,28.0,0.0,36.0,200.0,224.0,646.0,651.0,69.51483917236328,70.01947736740112,0.0,240.0,0.0,49.56666666666666,0.0,49.56666666666666,False,0.0,neutral,-3930.0,-33.0,0.20833333333333393,True,False,True,136
p04,4.0,3.0,6,8.0,4.0,2.0,3.0,2020-03-17 09:00:12.144,2020-03-17,9.0,False,2020-03-17,False,1,0,1,145,1438.0,1078.0,729.0,True,False,8.233333333333333,7.666666666666667,92.0,93.66666666666669,4.083333333333333,4.922222222222222,7.966666666666667,7.866666666666667,9.883333333333333,8.938888888888888,68.0,70.0,5684.0,5799.0,3.8033,3.887000000000001,1801.31,1781.905,136.0,168.0,52.0,26.0,2.0,1.0,54.0,27.0,190.0,195.0,729.0,687.5,68.55654811859131,69.0356936454773,250.0,243.33333333333331,45.0,49.333333333333336,45.0,49.333333333333336,False,0.6922051015794768,good,-4160.0,21.0,0.8499999999999996,False,True,True,137
p04,3.0,3.0,5,8.0,4.0,2.0,3.0,2020-03-18 09:00:10.956,2020-03-18,9.0,False,2020-03-18,False,1,0,2,145,1434.0,1076.0,670.0,True,False,7.133333333333334,7.644444444444445,95.0,93.0,4.533333333333333,4.877777777777777,6.858333333333333,7.844444444444444,8.316666666666666,8.96111111111111,67.0,68.66666666666667,7855.0,6484.333333333333,5.2778,4.3506,1829.6,1797.8033333333333,131.0,155.66666666666666,18.0,23.33333333333333,28.0,10.0,46.0,33.333333333333336,177.0,189.0,670.0,681.6666666666666,67.53387260437012,68.5350866317749,0.0,83.33333333333333,46.083333333333336,30.361111111111114,0.0,15.0,False,0.0,neutral,-1989.0,5.0,-0.34999999999999964,False,True,True,138
p04,3.0,4.0,6,6.0,3.0,3.0,3.0,2020-03-19 13:09:44.329,2020-03-19,13.15,False,2020-03-19,False,1,0,3,145,1417.0,1057.0,724.0,True,False,6.583333333333333,7.316666666666666,97.0,94.66666666666669,7.558333333333334,5.391666666666667,9.016666666666667,7.947222222222223,7.45,8.549999999999999,68.0,67.66666666666667,9610.0,7716.333333333333,8.0288,5.7033,2094.8,1908.5700000000004,180.0,149.0,6.0,25.33333333333333,31.0,20.33333333333333,37.0,45.66666666666666,217.0,194.66666666666663,724.0,707.6666666666666,67.38030338287354,67.82357470194499,180.0,143.33333333333334,29.45,40.17777777777778,29.45,24.816666666666663,False,0.600687369140579,good,365.0,-9.5,-0.9000000000000004,False,True,True,139
p04,3.0,2.0,5,7.0,2.0,2.0,2.0,2020-03-20 09:27:06.605,2020-03-20,9.45,False,2020-03-20,False,1,0,4,145,1432.0,1074.0,785.0,True,False,8.466666666666667,7.394444444444445,91.0,94.33333333333331,4.575,5.5555555555555545,8.433333333333334,8.10277777777778,9.85,8.53888888888889,68.0,67.66666666666667,7195.0,8220.0,4.7742,6.026933333333333,2060.53,1994.9766666666667,133.0,148.0,33.0,19.0,42.0,33.666666666666664,75.0,52.66666666666666,208.0,200.66666666666663,785.0,726.3333333333334,68.98700141906738,67.96705913543701,640.0,273.3333333333333,28.28333333333333,34.605555555555554,28.28333333333333,19.244444444444444,False,-1.1461357798876968,bad,-2491.5,28.5,1.083333333333334,False,True,True,140
p04,3.0,3.0,5,7.0,3.0,2.0,3.0,2020-03-21 09:12:36.272,2020-03-21,9.2,False,2020-03-21,False,1,0,5,145,1434.0,1074.0,671.0,True,False,4.933333333333334,6.661111111111111,91.0,93.0,5.166666666666667,5.766666666666667,4.866666666666666,7.43888888888889,5.7,7.666666666666667,70.0,68.66666666666667,8379.0,8394.666666666666,5.577500000000001,6.126833333333334,1910.6,2021.9766666666667,108.0,140.33333333333334,30.0,23.0,40.0,37.66666666666666,70.0,60.66666666666666,178.0,201.0,671.0,726.6666666666666,70.22812271118164,68.86514250437419,350.0,390.0,54.48333333333333,37.40555555555556,54.48333333333333,37.40555555555556,False,0.0,neutral,-718.0,23.5,-2.4499999999999993,False,False,True,141
p04,2.0,3.0,4,6.0,3.0,3.0,3.0,2020-03-22 10:49:28.055,2020-03-22,10.816666666666666,False,2020-03-22,False,1,0,6,145,930.0,577.0,806.0,True,False,6.216666666666667,6.538888888888889,92.0,91.33333333333331,9.841666666666669,6.527777777777778,10.9,8.066666666666666,7.05,7.533333333333334,70.0,69.33333333333333,,7787.0,,5.1758500000000005,,1985.565,,120.5,,31.5,,41.0,,72.5,,193.0,,728.0,,69.60756206512451,0.0,330.0,0.0,27.58888888888889,0.0,27.58888888888889,True,-0.6922051015794768,bad,,,-1.1416666666666657,True,False,True,142
p04,3.0,3.0,5,8.0,4.0,3.0,3.0,2020-03-23 09:10:22.403,2020-03-23,9.166666666666666,False,2020-03-23,False,1,0,0,145,1433.0,1076.0,815.0,True,False,8.25,6.466666666666666,95.0,92.66666666666669,4.683333333333334,6.563888888888889,8.358333333333333,8.041666666666666,9.666666666666666,7.472222222222221,70.0,70.0,9010.0,8694.5,6.0533,5.8154,1870.35,1890.475,144.0,126.0,37.0,33.5,21.0,30.5,58.0,64.0,202.0,190.0,815.0,743.0,70.20859909057617,70.2183609008789,0.0,116.66666666666669,41.81666666666667,32.1,0.0,18.16111111111111,False,0.0,neutral,631.0,11.0,0.8916666666666675,True,False,True,143
p04,3.0,3.0,4,6.0,3.0,1.0,3.0,2020-03-24 09:00:09.798,2020-03-24,9.0,False,2020-03-24,False,1,0,1,145,1432.0,1073.0,638.0,True,False,6.416666666666667,6.961111111111111,95.0,94.0,5.483333333333333,6.669444444444444,6.658333333333333,8.638888888888888,7.166666666666667,7.961111111111111,68.0,69.33333333333333,12666.0,10838.0,11.2073,8.6303,2160.12,2015.235,143.0,143.5,7.0,22.0,72.0,46.5,79.0,68.5,222.0,212.0,638.0,726.5,68.4029016494751,69.30575037002563,360.0,120.0,66.81666666666666,36.21111111111111,66.81666666666666,22.272222222222226,False,0.0,neutral,3971.5,31.5,-0.9416666666666655,False,True,True,144
p04,3.0,3.0,5,7.0,4.0,2.0,3.0,2020-03-25 09:26:37.750,2020-03-25,9.433333333333334,False,2020-03-25,False,1,0,2,145,1438.0,1078.0,686.0,True,False,6.966666666666667,7.211111111111111,95.0,95.0,5.775,5.313888888888889,7.866666666666666,7.627777777777777,8.083333333333334,8.305555555555555,67.0,68.33333333333333,10418.0,10698.0,7.1299,8.130166666666666,2240.98,2090.4833333333336,267.0,184.66666666666663,24.0,22.666666666666668,33.0,42.0,57.0,64.66666666666667,324.0,249.33333333333331,686.0,713.0,67.7168779373169,68.77612622578938,250.0,203.33333333333331,57.45,55.36111111111112,57.45,41.422222222222224,False,0.0,neutral,1723.5,8.0,-0.36666666666666625,False,True,True,145
p04,3.0,3.0,5,7.0,3.0,2.0,3.0,2020-03-26 09:12:20.962,2020-03-26,9.2,False,2020-03-26,False,1,0,3,145,1415.0,1056.0,707.0,True,False,7.85,7.077777777777778,91.0,93.66666666666669,4.666666666666667,5.308333333333334,7.95,7.491666666666667,9.283333333333331,8.177777777777779,67.0,67.33333333333333,9107.0,10730.333333333334,8.067400000000001,8.801533333333333,1998.16,2133.0866666666666,119.0,176.33333333333334,16.0,15.666666666666666,44.0,49.66666666666666,60.0,65.33333333333333,179.0,241.66666666666663,707.0,677.0,67.22054958343506,67.78010972340901,300.0,303.3333333333333,45.45,56.57222222222222,45.45,56.57222222222222,False,0.0,neutral,412.5,7.5,0.5499999999999998,False,True,True,146
p04,3.0,3.0,6,8.0,3.0,3.0,3.0,2020-03-27 09:12:28.928,2020-03-27,9.2,False,2020-03-27,False,1,0,4,145,1433.0,1073.0,710.0,True,False,8.1,7.638888888888888,93.0,93.0,4.591666666666667,5.011111111111111,7.658333333333333,7.825,9.066666666666666,8.811111111111112,67.0,67.0,10188.0,9904.333333333334,9.2344,8.1439,2041.52,2093.5533333333333,109.0,165.0,9.0,16.333333333333332,55.0,44.0,64.0,60.333333333333336,173.0,225.33333333333331,710.0,701.0,67.89166355133057,67.60969702402751,350.0,300.0,50.78333333333333,51.22777777777778,50.78333333333333,51.22777777777778,False,0.0,neutral,1493.5,8.5,0.7999999999999998,False,True,True,147
p04,3.0,3.0,5,9.0,4.0,3.0,3.0,2020-03-28 09:00:10.792,2020-03-28,9.0,False,2020-03-28,False,1,0,5,145,1439.0,1079.0,679.0,True,False,9.033333333333331,8.327777777777778,93.0,92.33333333333331,4.758333333333334,4.672222222222223,8.991666666666667,8.2,10.233333333333333,9.527777777777777,67.0,67.0,7149.0,8814.666666666666,4.8006,7.367466666666668,1855.88,1965.1866666666667,185.0,137.66666666666666,14.0,13.0,18.0,39.0,32.0,52.0,217.0,189.66666666666663,679.0,698.6666666666666,67.08977794647217,67.40066369374593,0.0,216.66666666666663,35.85,44.02777777777777,0.0,32.077777777777776,False,0.0,neutral,-1545.5,-23.5,1.591666666666665,False,False,True,148
p04,2.0,3.0,4,8.0,2.0,2.0,2.0,2020-03-29 11:10:26.718,2020-03-29,11.166666666666666,False,2020-03-29,False,1,0,6,145,1226.0,871.0,572.0,True,False,7.366666666666666,8.166666666666666,95.0,93.66666666666669,6.166666666666667,5.172222222222223,9.3,8.65,9.133333333333333,9.477777777777778,66.0,66.66666666666667,13075.0,10137.333333333334,8.767900000000001,7.600966666666667,2172.8,2023.4000000000003,141.0,145.0,65.0,29.33333333333333,48.0,40.333333333333336,113.0,69.66666666666667,254.0,214.66666666666663,572.0,653.6666666666666,66.75240707397461,67.24461619059245,290.0,213.33333333333331,146.08333333333331,77.57222222222221,79.51666666666667,43.43333333333334,False,-1.2376535123265946,bad,4958.0,57.5,-0.07500000000000018,True,False,True,149
p04,3.0,3.0,6,10.0,3.0,2.0,3.0,2020-03-30 10:01:58.593,2020-03-30,10.016666666666667,False,2020-03-30,False,1,0,0,145,1435.0,1075.0,754.0,True,False,9.816666666666666,8.738888888888889,96.0,94.66666666666669,5.241666666666666,5.388888888888889,10.025,9.43888888888889,10.783333333333331,10.05,67.0,66.66666666666667,7970.0,9398.0,5.354100000000001,6.307533333333335,1891.53,1973.4033333333332,149.0,158.33333333333334,26.0,35.0,23.0,29.666666666666668,49.0,64.66666666666667,198.0,223.0,754.0,668.3333333333334,67.57121658325195,67.13780053456624,420.0,236.66666666666663,45.23333333333333,75.72222222222221,45.23333333333333,41.583333333333336,False,0.0,neutral,-147.0,-8.0,2.3499999999999996,True,False,True,150
p05,3.0,3.0,8,5.0,2.0,3.0,3.0,2019-11-01 07:30:18.128,2019-11-01,7.5,False,2019-11-01,False,1,0,4,137,,0.0,,False,False,,,,,,,,,,,,,,,,,,,,,,,,,,,,,,,,,,,,,,,True,0.0,neutral,,,,False,True,False,0
p05,2.0,2.0,0,4.0,2.0,2.0,2.0,2019-11-02 18:06:23.834,2019-11-02,18.1,False,2019-11-02,True,1,0,5,137,1332.0,989.0,556.0,True,False,5.05,,96.0,,6.391666666666667,,5.808333333333334,,5.416666666666667,,64.0,,14306.0,,10.343100000000002,,3704.51,,318.0,,40.0,,38.0,,78.0,,396.0,,556.0,,,,,,17.916666666666668,,,,False,-1.6683112407097822,bad,,,,False,False,False,1
p05,1.0,3.0,0,3.0,2.0,3.0,3.0,2019-11-03 06:37:34.529,2019-11-03,6.616666666666667,False,2019-11-03,True,1,0,6,137,1362.0,1013.0,775.0,True,False,3.733333333333333,4.391666666666667,89.0,92.5,7.816666666666666,7.104166666666666,6.125,5.966666666666667,4.3,4.858333333333333,66.0,65.0,13349.0,13827.5,9.73,10.036550000000002,3383.4100000000003,3543.96,298.0,308.0,17.0,28.5,25.0,31.5,42.0,60.0,340.0,368.0,775.0,665.5,,,,,25.6,21.758333333333333,,,False,-1.3368653186947173,bad,,,,True,False,False,2
p05,3.0,1.0,0,5.0,2.0,3.0,1.0,2019-11-04 08:30:18.082,2019-11-04,8.5,False,2019-11-04,True,1,0,0,137,1371.0,1013.0,767.0,False,False,,4.391666666666667,,92.5,,7.104166666666666,,5.966666666666667,,4.858333333333333,,65.0,9037.0,12230.666666666666,6.5463000000000005,8.873133333333334,3326.26,3471.393333333333,267.0,294.3333333333333,12.0,23.0,34.0,32.333333333333336,46.0,55.333333333333336,313.0,349.6666666666667,767.0,699.3333333333334,,,,,0.0,14.505555555555556,,,False,-1.9997571627248472,bad,,,,True,False,False,3
p05,3.0,1.0,0,5.0,3.0,3.0,1.0,2019-11-05 07:01:30.582,2019-11-05,7.016666666666667,False,2019-11-05,True,1,0,1,137,1367.0,1018.0,1103.0,False,False,,,,,,,,,,,,,13240.0,11875.333333333334,9.5859,8.620733333333334,3481.64,3397.103333333333,255.0,273.3333333333333,34.0,21.0,48.0,35.666666666666664,82.0,56.66666666666666,337.0,330.0,1103.0,881.6666666666666,,,,,0.0,8.533333333333333,,,False,-1.9997571627248472,bad,,,,False,True,False,4
p05,1.0,1.0,0,4.0,2.0,3.0,1.0,2019-11-07 08:28:41.725,2019-11-07,8.466666666666667,False,2019-11-07,True,1,0,3,137,1372.0,1018.0,787.0,True,False,5.383333333333334,5.458333333333334,91.0,92.0,5.608333333333333,5.758333333333333,5.55,5.820833333333333,5.933333333333334,6.058333333333334,66.0,66.0,11297.0,13145.0,8.1728,9.509933333333334,3228.05,3487.363333333333,251.0,269.0,15.0,34.0,16.0,36.0,31.0,70.0,282.0,339.0,787.0,977.3333333333334,,,,,0.0,6.827777777777778,0.0,10.241666666666667,False,-3.3366224814195644,bad,,,,False,True,False,6
p05,2.0,2.0,0,4.0,2.0,3.0,1.0,2019-11-09 07:00:12.301,2019-11-09,7.0,False,2019-11-09,True,1,0,5,137,1362.0,1013.0,713.0,True,False,5.95,5.805555555555556,94.0,92.66666666666669,5.275,5.586111111111111,5.875,6.105555555555555,6.6,6.516666666666667,66.0,65.66666666666667,12376.0,14306.666666666666,9.0212,10.594733333333336,3393.36,3553.2066666666665,257.0,267.0,21.0,30.666666666666668,28.0,36.333333333333336,49.0,67.0,306.0,334.0,713.0,723.3333333333334,,,0.0,45.0,0.0,30.01111111111111,0.0,15.78888888888889,False,-2.1545651130455936,bad,,,,False,False,False,8
p05,1.0,1.0,0,4.0,1.0,3.0,1.0,2019-11-10 07:45:26.209,2019-11-10,7.75,False,2019-11-10,True,1,0,6,137,1401.0,1042.0,614.0,True,False,6.033333333333333,6.022222222222222,99.0,95.33333333333331,5.383333333333334,5.511111111111112,6.066666666666666,6.277777777777778,6.683333333333334,6.766666666666667,65.0,65.33333333333333,11928.0,14517.0,8.683000000000002,10.7648,3455.78,3629.116666666667,231.0,260.3333333333333,76.0,51.0,37.0,43.333333333333336,113.0,94.33333333333331,344.0,354.6666666666667,614.0,665.6666666666666,,,0.0,30.0,15.366666666666667,35.13333333333333,0.0,15.78888888888889,False,-3.3366224814195644,bad,,,,True,False,False,9
p05,2.0,2.0,0,4.0,2.0,3.0,2.0,2019-11-11 07:43:20.157,2019-11-11,7.716666666666667,False,2019-11-11,True,1,0,0,137,525.0,169.0,997.0,False,False,,5.991666666666667,,96.5,,5.329166666666668,,5.970833333333333,,6.641666666666667,,65.5,,12152.0,,8.8521,,3424.57,,244.0,,48.5,,32.5,,81.0,,325.0,,663.5,,,0.0,0.0,0.0,5.122222222222223,0.0,0.0,True,-1.6683112407097822,bad,,,,True,False,False,10
p05,3.0,2.0,0,5.0,2.0,3.0,2.0,2019-11-12 08:37:15.331,2019-11-12,8.616666666666667,False,2019-11-12,True,1,0,1,137,0.0,0.0,1440.0,False,False,,,,,,,,,,,,,,,,,,,,,,,,,,,,,,,,,0.0,0.0,0.0,5.122222222222223,0.0,0.0,True,-0.9998785813624236,bad,,,,False,True,False,11
p05,3.0,2.0,0,5.0,3.0,3.0,2.0,2019-11-13 06:53:56.554,2019-11-13,6.883333333333333,False,2019-11-13,True,1,0,2,137,499.0,499.0,1327.0,True,False,4.683333333333334,,96.0,,6.366666666666666,,5.608333333333333,,5.233333333333333,,64.0,,,,,,,,,,,,,,,,,,,,,,0.0,0.0,0.0,0.0,0.0,0.0,True,-0.9998785813624236,bad,,,,False,True,False,12
p05,2.0,1.0,0,4.0,2.0,3.0,1.0,2019-11-14 07:44:59.975,2019-11-14,7.733333333333333,False,2019-11-14,True,1,0,3,137,1370.0,1021.0,776.0,True,False,5.65,5.166666666666667,92.0,94.0,5.783333333333333,6.074999999999999,6.325,5.966666666666667,6.533333333333333,5.883333333333333,61.0,62.5,13899.0,,10.06,,3727.94,,259.0,,37.0,,54.0,,91.0,,350.0,,776.0,,,,0.0,0.0,36.68333333333333,12.227777777777776,36.68333333333333,12.227777777777776,False,-2.668189822072206,bad,,,,False,True,False,13
p05,2.0,2.0,0,4.0,2.0,3.0,2.0,2019-11-15 09:02:18.424,2019-11-15,9.033333333333331,False,2019-11-15,True,1,0,4,137,1374.0,1025.0,752.0,True,False,7.25,5.861111111111112,93.0,93.66666666666669,4.158333333333333,5.436111111111111,6.616666666666666,6.183333333333334,8.45,6.738888888888888,61.0,62.0,12427.0,13163.0,9.0487,9.55435,3390.83,3559.385,218.0,238.5,21.0,29.0,57.0,55.5,78.0,84.5,296.0,323.0,752.0,764.0,,,0.0,0.0,65.73333333333333,34.138888888888886,65.73333333333333,34.138888888888886,False,-1.6683112407097822,bad,,,,False,True,False,14
p05,3.0,3.0,0,5.0,2.0,3.0,3.0,2019-11-16 08:04:30.201,2019-11-16,8.066666666666666,False,2019-11-16,True,1,0,5,137,1375.0,1020.0,506.0,True,False,5.7,6.2,96.0,93.66666666666669,6.016666666666667,5.319444444444445,6.575,6.505555555555556,6.55,7.177777777777777,61.0,61.0,16259.0,14195.0,11.8494,10.319366666666667,3945.6,3688.123333333333,285.0,254.0,82.0,46.66666666666666,60.0,57.0,142.0,103.66666666666669,427.0,357.6666666666667,506.0,678.0,,,0.0,0.0,54.61666666666667,52.34444444444444,0.0,34.138888888888886,False,0.0,neutral,,,,False,False,False,15
p05,3.0,3.0,0,4.0,3.0,3.0,3.0,2019-11-17 07:48:32.977,2019-11-17,7.8,False,2019-11-17,True,1,0,6,137,1372.0,1015.0,760.0,True,False,6.266666666666667,6.405555555555556,91.0,93.33333333333331,5.55,5.241666666666666,7.0,6.730555555555555,7.45,7.483333333333333,61.0,61.0,7808.0,12164.666666666666,5.687200000000001,8.861766666666666,2956.84,3431.09,279.0,260.6666666666667,7.0,36.66666666666666,1.0,39.333333333333336,8.0,76.0,287.0,336.6666666666667,760.0,672.6666666666666,,,0.0,0.0,0.0,40.11666666666667,0.0,21.91111111111111,False,0.0,neutral,,,,True,False,False,16
p05,2.0,2.0,0,4.0,2.0,3.0,2.0,2019-11-18 06:57:34.891,2019-11-18,6.95,False,2019-11-18,True,1,0,0,137,1376.0,1016.0,630.0,True,False,5.316666666666666,5.76111111111111,100.0,95.66666666666669,5.9,5.822222222222222,5.808333333333334,6.461111111111111,5.9,6.633333333333334,61.0,61.0,13590.0,12552.333333333334,9.9052,9.147266666666669,3548.48,3483.64,287.0,283.6666666666667,38.0,42.333333333333336,38.0,33.0,76.0,75.33333333333333,363.0,359.0,630.0,632.0,,,0.0,0.0,40.1,31.572222222222223,0.0,0.0,False,-1.6683112407097822,bad,,,,True,False,False,17
p05,3.0,1.0,0,4.0,3.0,3.0,2.0,2019-11-19 09:04:53.359,2019-11-19,9.066666666666666,False,2019-11-19,True,1,0,1,137,1266.0,912.0,835.0,False,False,,5.791666666666666,,95.5,,5.725,,6.404166666666667,,6.675000000000001,,61.0,9090.0,10162.666666666666,6.6248000000000005,7.405733333333334,3093.4,3199.5733333333337,212.0,259.3333333333333,16.0,20.33333333333333,23.0,20.666666666666668,39.0,41.0,251.0,300.3333333333333,835.0,741.6666666666666,,,0.0,0.0,0.0,13.366666666666667,0.0,0.0,False,-1.5135032903890357,bad,-4204.5,-39.0,,False,True,False,18
p05,1.0,2.0,0,4.0,2.0,3.0,1.0,2019-11-20 07:38:27.497,2019-11-20,7.633333333333333,False,2019-11-20,True,1,0,2,137,1395.0,1042.0,1056.0,True,False,7.0,6.158333333333333,93.0,96.5,4.416666666666667,5.158333333333333,6.458333333333333,6.133333333333333,8.033333333333333,6.966666666666667,60.0,60.5,13253.0,11977.666666666666,9.5215,8.683833333333334,3844.47,3495.4500000000003,335.0,278.0,23.0,25.666666666666668,26.0,29.0,49.0,54.66666666666666,384.0,332.6666666666667,1056.0,840.3333333333334,,,0.0,0.0,0.0,13.366666666666667,0.0,0.0,False,-2.822997772392952,bad,13.0,-29.0,,False,True,False,19
p05,2.0,2.0,0,4.0,3.0,3.0,2.0,2019-11-21 07:24:40.198,2019-11-21,7.4,False,2019-11-21,True,1,0,3,137,1375.0,1020.0,652.0,True,False,7.0,7.0,93.0,93.0,4.816666666666666,4.616666666666667,6.691666666666666,6.574999999999999,7.866666666666666,7.949999999999999,60.0,60.0,14021.0,12121.333333333334,10.230300000000002,8.792200000000001,3737.54,3558.47,206.0,251.0,36.0,25.0,64.0,37.66666666666666,100.0,62.66666666666666,306.0,313.6666666666667,652.0,847.6666666666666,,,0.0,0.0,56.31666666666666,18.772222222222226,35.85,11.95,False,-1.6683112407097822,bad,774.5,23.0,1.3249999999999993,False,True,False,20
p05,2.0,3.0,0,4.0,2.0,3.0,2.0,2019-11-23 07:08:59.464,2019-11-23,7.133333333333334,False,2019-11-23,True,1,0,5,137,1401.0,1044.0,630.0,True,False,7.416666666666667,6.905555555555556,94.0,94.0,3.925,4.983333333333333,6.233333333333333,6.7250000000000005,8.3,7.733333333333333,61.0,60.66666666666666,13553.0,13430.666666666666,9.7662,9.747566666666666,3762.71,3673.9833333333336,264.0,252.33333333333331,77.0,41.333333333333336,47.0,43.0,124.0,84.33333333333333,388.0,336.6666666666667,630.0,644.6666666666666,,,0.0,0.0,22.183333333333334,26.166666666666668,0.0,11.95,False,-1.1546865316831698,bad,306.5,47.0,1.5916666666666668,False,False,False,22
p05,3.0,2.0,0,4.0,2.0,2.0,2.0,2019-11-24 08:46:54.488,2019-11-24,8.766666666666667,False,2019-11-24,True,1,0,6,137,1376.0,1026.0,638.0,True,False,6.45,6.722222222222222,92.0,93.66666666666669,5.658333333333333,5.263888888888888,6.941666666666666,6.808333333333334,7.283333333333333,7.538888888888889,61.0,61.0,9188.0,11819.666666666666,6.6943,8.568900000000001,3292.71,3525.706666666667,287.0,279.3333333333333,17.0,35.0,0.0,21.666666666666668,17.0,56.66666666666666,304.0,336.0,638.0,640.0,,,0.0,0.0,0.0,7.394444444444445,0.0,0.0,False,-0.9998785813624236,bad,-4065.0,-61.0,0.5,True,False,False,23
p05,1.0,3.0,0,3.0,2.0,3.0,1.0,2019-11-25 09:00:11.500,2019-11-25,9.0,False,2019-11-25,True,1,0,0,137,1411.0,1055.0,656.0,True,False,6.35,6.73888888888889,93.0,93.0,6.65,5.411111111111111,7.8,6.991666666666667,7.15,7.577777777777778,60.0,60.66666666666666,10260.0,11000.333333333334,7.6027,8.021066666666668,3148.36,3401.26,218.0,256.3333333333333,20.0,38.0,35.0,27.33333333333333,55.0,65.33333333333333,273.0,321.6666666666667,656.0,641.3333333333334,,,0.0,0.0,16.216666666666665,12.8,0.0,0.0,False,-2.3093730633663396,bad,-2986.5,-22.0,0.3583333333333325,True,False,False,24
p05,1.0,1.0,0,3.0,2.0,3.0,1.0,2019-11-26 08:03:38.248,2019-11-26,8.05,False,2019-11-26,True,1,0,1,137,1343.0,989.0,738.0,True,False,5.85,6.216666666666666,99.0,94.66666666666669,5.091666666666667,5.8,5.508333333333334,6.75,6.416666666666667,6.95,61.0,60.66666666666666,8388.0,9278.666666666666,6.1107000000000005,6.802566666666666,3234.24,3225.103333333334,234.0,246.33333333333331,9.0,15.333333333333334,30.0,21.666666666666668,39.0,37.0,273.0,283.3333333333333,738.0,677.3333333333334,,,0.0,0.0,0.0,5.405555555555555,0.0,0.0,False,-3.3366224814195644,bad,-4852.0,-37.0,-0.18333333333333357,False,True,False,25
p05,3.0,2.0,0,4.0,2.0,3.0,2.0,2019-11-27 09:54:19.183,2019-11-27,9.9,False,2019-11-27,True,1,0,2,137,1203.0,861.0,817.0,True,False,6.466666666666667,6.222222222222221,94.0,95.33333333333331,5.808333333333334,5.8500000000000005,7.266666666666667,6.858333333333333,7.45,7.005555555555556,61.0,60.66666666666666,9234.0,9294.0,6.7311000000000005,6.8148333333333335,3111.24,3164.613333333333,190.0,214.0,18.0,15.666666666666666,30.0,31.666666666666668,48.0,47.333333333333336,238.0,261.3333333333333,817.0,737.0,,,0.0,0.0,0.0,5.405555555555555,0.0,0.0,False,-0.9998785813624236,bad,-3745.0,-17.5,0.47499999999999964,False,True,False,26
p05,1.0,2.0,0,4.0,2.0,3.0,2.0,2019-11-28 09:38:22.073,2019-11-28,9.633333333333333,False,2019-11-28,True,1,0,3,137,1413.0,1059.0,622.0,True,False,7.416666666666667,6.577777777777778,96.0,96.33333333333331,4.725,5.208333333333333,6.9,6.558333333333334,8.166666666666666,7.344444444444445,62.0,61.333333333333336,13224.0,10282.0,9.6216,7.487800000000001,3886.54,3410.6733333333336,258.0,227.33333333333331,63.0,30.0,50.0,36.66666666666666,113.0,66.66666666666667,371.0,294.0,622.0,725.6666666666666,,,0.0,0.0,58.88333333333333,19.627777777777776,58.88333333333333,19.627777777777776,False,-2.336743900057141,bad,506.0,58.0,1.3833333333333337,False,True,False,27
p05,2.0,3.0,0,5.0,2.0,3.0,2.0,2019-11-30 08:51:58.691,2019-11-30,8.85,False,2019-11-30,True,1,0,5,137,1404.0,1047.0,666.0,True,False,6.75,7.088888888888889,94.0,94.33333333333331,6.85,5.463888888888889,8.466666666666667,7.347222222222221,7.616666666666666,7.877777777777777,63.0,62.333333333333336,11829.0,11892.0,8.6218,8.661466666666668,3566.58,3664.906666666667,222.0,244.0,39.0,43.0,42.0,45.333333333333336,81.0,88.33333333333333,303.0,332.3333333333333,666.0,638.3333333333334,,,0.0,0.0,21.33333333333333,26.73888888888889,0.0,19.627777777777776,False,-1.1546865316831698,bad,-889.0,10.0,0.666666666666667,False,False,False,29
p05,2.0,3.0,0,4.0,3.0,3.0,2.0,2019-12-01 07:27:08.042,2019-12-01,7.45,False,2019-12-01,True,1,0,6,137,1377.0,1019.0,576.0,True,False,5.316666666666666,6.388888888888888,99.0,95.33333333333331,6.275,5.980555555555555,5.983333333333333,7.041666666666667,5.7,7.0555555555555545,63.0,62.66666666666666,16879.0,13110.333333333334,12.2189,9.527233333333331,4122.86,3743.68,255.0,243.0,70.0,45.333333333333336,82.0,56.0,152.0,101.33333333333331,407.0,344.3333333333333,576.0,623.0,,,0.0,0.0,39.25,20.194444444444443,0.0,0.0,False,-1.1546865316831698,bad,4452.0,81.0,-0.9500000000000002,True,False,False,30
p05,2.0,3.0,0,5.0,2.0,3.0,1.0,2019-12-02 21:41:22.503,2019-12-02,21.683333333333334,False,2019-12-02,True,1,0,0,137,1364.0,1005.0,751.0,True,False,6.016666666666667,6.027777777777778,96.0,96.33333333333331,5.15,6.091666666666666,5.725,6.724999999999999,6.566666666666666,6.627777777777777,64.0,63.333333333333336,14397.0,14368.333333333334,10.4937,10.4448,3592.11,3760.5166666666655,236.0,237.66666666666663,70.0,59.66666666666666,41.0,55.0,111.0,114.66666666666669,347.0,352.3333333333333,751.0,664.3333333333334,,,0.0,0.0,98.13333333333334,52.90555555555556,0.0,0.0,False,-1.6409404040189812,bad,1970.0,35.0,-0.25,True,False,False,31
p05,1.0,3.0,0,3.0,2.0,3.0,1.0,2019-12-03 17:33:29.829,2019-12-03,17.55,False,2019-12-03,True,1,0,1,137,1355.0,1003.0,796.0,True,False,4.316666666666666,5.216666666666666,97.0,97.33333333333331,6.108333333333333,5.844444444444444,4.875,5.527777777777778,4.766666666666667,5.677777777777777,64.0,63.66666666666666,8942.0,13406.0,6.501200000000001,9.737933333333334,3293.43,3669.4666666666662,181.0,224.0,29.0,56.333333333333336,40.0,54.333333333333336,69.0,110.66666666666669,250.0,334.6666666666667,796.0,707.6666666666666,,,0.0,0.0,0.0,45.79444444444445,0.0,0.0,False,-2.3093730633663396,bad,-3776.0,-9.0,-1.8583333333333334,False,True,False,32
p05,2.0,2.0,0,4.0,2.0,3.0,1.0,2019-12-04 07:25:40.200,2019-12-04,7.416666666666667,False,2019-12-04,True,1,0,2,137,1364.0,1015.0,870.0,True,False,5.033333333333333,5.122222222222223,96.0,96.33333333333331,6.433333333333334,5.897222222222223,6.041666666666667,5.547222222222222,5.6,5.644444444444445,65.0,64.33333333333333,9870.0,11069.666666666666,7.191700000000001,8.0622,3365.34,3416.9600000000005,228.0,215.0,29.0,42.66666666666666,27.0,36.0,56.0,78.66666666666667,284.0,293.6666666666667,870.0,805.6666666666666,,,0.0,0.0,0.0,32.71111111111112,0.0,0.0,False,-2.1545651130455936,bad,-2557.0,-20.0,-1.0499999999999998,False,True,False,33
p05,1.0,1.0,0,4.0,2.0,3.0,1.0,2019-12-05 09:49:06.951,2019-12-05,9.816666666666666,False,2019-12-05,True,1,0,3,137,1410.0,1052.0,768.0,True,False,6.05,5.133333333333333,95.0,96.0,5.908333333333333,6.15,6.658333333333333,5.858333333333333,6.75,5.705555555555556,66.0,65.0,13212.0,10674.666666666666,9.6422,7.778366666666667,3888.98,3515.9166666666665,225.0,211.33333333333331,52.0,36.66666666666666,59.0,42.0,111.0,78.66666666666667,336.0,290.0,768.0,811.3333333333334,,,0.0,0.0,58.86666666666667,19.622222222222224,58.86666666666667,19.622222222222224,False,-3.3366224814195644,bad,836.0,40.0,-0.033333333333333215,False,True,False,34
p05,2.0,4.0,0,5.0,3.0,3.0,3.0,2019-12-06 06:58:54.816,2019-12-06,6.966666666666667,False,2019-12-06,True,1,0,4,137,905.0,559.0,829.0,True,False,6.683333333333334,5.922222222222222,97.0,96.0,4.9,5.747222222222223,6.3,6.333333333333333,7.4,6.583333333333333,66.0,65.66666666666667,,11541.0,,8.41695,,3627.16,,226.5,,40.5,,43.0,,83.5,,310.0,,819.0,,,0.0,0.0,58.88333333333333,39.25,0.0,19.622222222222224,True,-0.15480795032074643,neutral,,,0.6000000000000005,False,True,False,35
p05,3.0,2.0,0,5.0,2.0,3.0,3.0,2019-12-07 10:33:34.012,2019-12-07,10.55,False,2019-12-07,True,1,0,5,137,1351.0,998.0,595.0,True,False,4.65,5.794444444444444,94.0,95.33333333333331,6.05,5.6194444444444445,5.25,6.0694444444444455,5.2,6.45,67.0,66.33333333333333,17324.0,15268.0,12.593800000000002,11.118000000000002,4003.8,3946.39,255.0,240.0,81.0,66.5,65.0,62.0,146.0,128.5,401.0,368.5,595.0,681.5,,,0.0,0.0,51.2,56.31666666666667,0.0,19.622222222222224,False,-0.5136247090266123,bad,4922.5,72.5,-1.6166666666666663,False,False,False,36
p05,2.0,3.0,0,5.0,3.0,3.0,3.0,2019-12-08 09:03:17.977,2019-12-08,9.05,False,2019-12-08,True,1,0,6,137,1318.0,967.0,742.0,True,False,5.183333333333334,5.505555555555556,100.0,97.0,6.625,5.858333333333334,5.991666666666666,5.847222222222222,5.366666666666666,5.98888888888889,67.0,66.66666666666667,12651.0,14987.5,9.2176,10.9057,3456.61,3730.205,366.0,310.5,11.0,46.0,9.0,37.0,20.0,83.0,386.0,393.5,742.0,668.5,,,0.0,0.0,0.0,36.69444444444445,0.0,0.0,False,-0.6684326593473586,bad,78.5,-57.0,-1.083333333333333,True,False,False,37
p05,3.0,3.0,0,8.0,3.0,3.0,3.0,2019-12-09 07:02:16.622,2019-12-09,7.033333333333333,False,2019-12-09,True,1,0,0,137,1319.0,967.0,875.0,True,False,10.283333333333331,6.705555555555556,94.0,96.0,1.15,4.608333333333333,6.741666666666666,5.9944444444444445,11.583333333333334,7.383333333333333,66.0,66.66666666666667,8625.0,12866.666666666666,6.285900000000001,9.365766666666667,2970.29,3476.9,193.0,271.3333333333333,28.0,40.0,22.0,32.0,50.0,72.0,243.0,343.3333333333333,875.0,737.3333333333334,,,0.0,0.0,33.3,28.166666666666668,0.0,0.0,False,0.0,neutral,-4059.5,-23.5,4.016666666666665,True,False,False,38
p05,3.0,3.0,0,6.0,2.0,3.0,3.0,2019-12-10 06:55:34.665,2019-12-10,6.916666666666667,False,2019-12-10,True,1,0,1,137,1393.0,1052.0,367.0,False,False,,7.733333333333333,,97.0,,3.8875,,6.366666666666666,,8.475,,66.5,15261.0,12179.0,11.101,8.868166666666667,3956.78,3461.226666666667,283.0,280.6666666666667,48.0,29.0,47.0,26.0,95.0,55.0,378.0,335.6666666666667,367.0,661.3333333333334,,,0.0,0.0,17.083333333333332,16.79444444444444,17.083333333333332,5.694444444444444,False,0.0,neutral,2610.0,24.0,,False,True,False,39
p05,3.0,3.0,0,7.0,3.0,3.0,3.0,2019-12-11 07:07:11.936,2019-12-11,7.116666666666666,False,2019-12-11,True,1,0,2,137,1366.0,1014.0,1155.0,True,False,4.983333333333333,7.633333333333333,98.0,96.0,6.583333333333333,3.866666666666666,5.875,6.308333333333334,5.283333333333333,8.433333333333334,64.0,65.0,9313.0,11066.333333333334,6.785800000000001,8.057566666666668,3324.9500000000003,3417.34,266.0,247.33333333333331,13.0,29.666666666666668,6.0,25.0,19.0,54.66666666666666,285.0,302.0,1155.0,799.0,,,0.0,0.0,0.0,16.79444444444444,0.0,5.694444444444444,False,0.0,neutral,-3371.5,-54.5,-1.2999999999999998,False,True,False,40
p05,3.0,1.0,0,7.0,2.0,3.0,1.0,2019-12-12 07:25:44.612,2019-12-12,7.416666666666667,False,2019-12-12,True,2,0,3,137,1349.0,995.0,708.0,True,False,5.883333333333334,5.433333333333334,94.0,96.0,6.391666666666667,6.4875,6.816666666666666,6.345833333333333,6.416666666666667,5.85,64.0,64.0,15552.0,13375.333333333334,11.338,9.7416,3733.48,3671.736666666667,213.0,254.0,66.0,42.333333333333336,57.0,36.66666666666666,123.0,79.0,336.0,333.0,708.0,743.3333333333334,,,0.0,0.0,99.0,38.69444444444444,41.81666666666666,19.63333333333333,False,-1.9997571627248472,bad,2901.0,52.0,-0.39999999999999947,False,True,False,41
p05,3.0,1.0,0,7.0,2.0,3.0,2.0,2019-12-13 07:32:59.012,2019-12-13,7.533333333333333,False,2019-12-13,True,1,0,4,137,1259.0,899.0,785.0,True,False,7.55,6.138888888888889,97.0,96.33333333333331,4.525,5.833333333333333,6.808333333333334,6.5,8.283333333333333,6.661111111111111,64.0,64.0,13895.0,12920.0,10.151000000000002,9.424933333333335,3509.19,3522.5400000000004,166.0,215.0,38.0,39.0,66.0,43.0,104.0,82.0,270.0,297.0,785.0,882.6666666666666,,,250.0,83.33333333333333,65.01666666666667,54.67222222222222,45.38333333333333,29.066666666666663,False,-1.5135032903890357,bad,1244.0,33.0,1.2666666666666666,False,True,False,42
p05,2.0,1.0,0,5.0,2.0,3.0,3.0,2019-12-14 07:40:59.207,2019-12-14,7.666666666666667,False,2019-12-14,True,1,0,5,137,1366.0,1015.0,659.0,True,False,6.5,6.644444444444445,85.0,92.0,5.716666666666667,5.544444444444444,7.358333333333333,6.9944444444444445,7.633333333333334,7.444444444444445,65.0,64.33333333333333,11194.0,13547.0,8.156600000000001,9.881866666666667,3279.15,3507.273333333333,226.0,201.66666666666663,29.0,44.333333333333336,29.0,50.66666666666666,58.0,95.0,284.0,296.6666666666667,659.0,717.3333333333334,,,0.0,83.33333333333333,40.1,68.03888888888889,40.1,42.43333333333333,False,-1.695682077400583,bad,-1524.0,-13.0,0.21666666666666679,False,False,False,43
p05,3.0,3.0,0,5.0,3.0,3.0,3.0,2019-12-16 07:40:35.588,2019-12-16,7.666666666666667,False,2019-12-16,True,1,0,0,137,1402.0,1053.0,658.0,True,False,6.95,6.255555555555556,95.0,91.0,5.608333333333333,7.319444444444445,7.383333333333334,8.397222222222222,7.766666666666667,7.072222222222222,65.0,64.66666666666667,7020.0,9785.0,5.114000000000001,7.124866666666667,3661.22,3495.233333333333,242.0,258.6666666666667,59.0,43.66666666666666,13.0,18.33333333333333,72.0,62.0,314.0,320.6666666666667,658.0,612.0,,,0.0,0.0,0.0,19.33888888888889,0.0,13.366666666666667,False,0.0,neutral,-5631.0,3.0,0.6250000000000009,True,False,False,45
p05,3.0,2.0,0,6.0,3.0,3.0,2.0,2019-12-17 07:15:11.271,2019-12-17,7.25,False,2019-12-17,True,1,0,1,137,1393.0,1035.0,641.0,True,False,6.366666666666666,6.211111111111111,94.0,94.0,5.941666666666666,7.394444444444445,7.158333333333333,8.330555555555556,7.216666666666667,6.933333333333334,66.0,65.0,13252.0,10471.0,9.660100000000002,7.626033333333335,3730.25,3645.6,223.0,257.6666666666667,49.0,50.333333333333336,61.0,29.0,110.0,79.33333333333333,333.0,337.0,641.0,606.0,,,0.0,0.0,40.1,19.33888888888889,40.1,13.366666666666664,False,-0.9998785813624236,bad,1423.0,41.0,-0.0333333333333341,False,True,False,46
p05,3.0,1.0,0,5.0,3.0,3.0,1.0,2019-12-18 09:00:44.196,2019-12-18,9.0,False,2019-12-18,True,1,0,2,137,1376.0,1019.0,672.0,True,False,4.666666666666667,5.9944444444444445,98.0,95.66666666666669,5.816666666666666,5.788888888888889,4.983333333333333,6.508333333333333,5.166666666666667,6.716666666666666,66.0,65.66666666666667,14061.0,11444.333333333334,9.9108,8.2283,3817.48,3736.316666666666,223.0,229.33333333333331,59.0,55.66666666666666,53.0,42.333333333333336,112.0,98.0,335.0,327.3333333333333,672.0,657.0,,,0.0,0.0,44.38333333333334,28.16111111111111,44.38333333333334,28.16111111111111,False,-1.9997571627248472,bad,1410.0,41.0,-1.6999999999999993,False,True,False,47
p05,3.0,3.0,0,6.0,3.0,3.0,2.0,2019-12-19 07:39:13.712,2019-12-19,7.65,False,2019-12-19,True,1,0,3,137,1380.0,1035.0,937.0,True,False,5.966666666666667,5.666666666666667,96.0,96.0,6.275,6.01111111111111,7.0,6.380555555555556,6.716666666666667,6.366666666666667,66.0,66.0,7878.0,11730.333333333334,5.7431,8.438,3061.81,3536.513333333334,183.0,209.66666666666663,5.0,37.66666666666666,5.0,39.66666666666666,10.0,77.33333333333333,193.0,287.0,937.0,750.0,,,0.0,0.0,0.0,28.16111111111111,0.0,28.16111111111111,False,-0.4862538723358113,neutral,-4773.0,-62.0,-0.38333333333333286,False,True,False,48
p05,3.0,2.0,0,5.0,3.0,3.0,1.0,2019-12-20 07:57:53.032,2019-12-20,7.95,False,2019-12-20,True,2,0,4,137,1235.0,886.0,736.0,True,False,6.133333333333334,5.5888888888888895,100.0,98.0,6.491666666666666,6.194444444444444,7.041666666666667,6.341666666666668,6.55,6.144444444444445,66.0,66.0,15900.0,12613.0,11.5861,9.08,3578.94,3486.0766666666664,178.0,194.66666666666663,50.0,38.0,73.0,43.66666666666666,123.0,81.66666666666667,301.0,276.3333333333333,736.0,781.6666666666666,,,0.0,0.0,69.13333333333333,37.83888888888889,0.0,14.794444444444446,False,-1.4861324536982348,bad,4071.0,52.0,-0.16666666666666607,False,True,False,49
p05,3.0,3.0,0,7.0,3.0,3.0,3.0,2019-12-21 07:29:27.160,2019-12-21,7.483333333333333,False,2019-12-21,True,1,0,5,137,1302.0,946.0,722.0,False,False,,6.050000000000001,,98.0,,6.383333333333333,,7.020833333333334,,6.633333333333333,,66.0,11961.0,11913.0,8.653400000000001,8.660866666666665,3570.28,3403.6766666666667,254.0,205.0,39.0,31.33333333333333,32.0,36.66666666666666,71.0,68.0,325.0,273.0,722.0,798.3333333333334,,,0.0,0.0,40.96666666666667,36.7,40.96666666666667,13.655555555555557,False,0.0,neutral,132.0,-1.0,,False,False,False,50
p05,3.0,3.0,0,6.0,3.0,3.0,3.0,2019-12-22 06:46:50.096,2019-12-22,6.766666666666667,False,2019-12-22,True,1,0,6,137,888.0,888.0,1027.0,True,False,4.733333333333333,5.433333333333334,95.0,97.5,6.8,6.645833333333333,6.35,6.695833333333333,5.55,6.05,66.0,66.0,18690.0,15517.0,13.564900000000002,11.268133333333331,4131.96,3760.393333333333,255.0,229.0,75.0,54.66666666666666,83.0,62.66666666666666,158.0,117.33333333333331,413.0,346.3333333333333,,729.0,,,0.0,0.0,46.93333333333333,52.34444444444444,0.0,13.655555555555557,False,0.0,neutral,6861.0,87.0,-1.3583333333333334,True,False,False,51
p05,3.0,3.0,5,5.0,3.0,3.0,3.0,2019-12-23 08:31:29.578,2019-12-23,8.516666666666667,False,2019-12-23,False,1,0,0,137,1190.0,840.0,780.0,True,False,6.0,5.366666666666667,99.0,97.0,6.1,6.449999999999999,6.55,6.449999999999999,6.45,6.0,66.0,66.0,9624.0,13425.0,6.9698,9.729366666666667,3225.25,3642.4966666666655,273.0,260.6666666666667,42.0,52.0,12.0,42.333333333333336,54.0,94.33333333333331,327.0,355.0,,,,,0.0,0.0,32.416666666666664,40.105555555555554,0.0,13.655555555555557,False,0.0,neutral,-2337.0,-18.0,-0.033333333333333215,True,False,False,52
p05,3.0,3.0,0,5.0,3.0,3.0,3.0,2019-12-24 06:55:31.831,2019-12-24,6.916666666666667,False,2019-12-24,True,1,0,1,137,1365.0,1011.0,702.0,True,False,5.466666666666667,5.4,97.0,97.0,6.633333333333334,6.511111111111112,6.608333333333333,6.502777777777777,5.966666666666667,5.98888888888889,64.0,65.33333333333333,12368.0,13560.666666666666,9.0124,9.849033333333336,3500.77,3619.3266666666655,247.0,258.3333333333333,81.0,66.0,23.0,39.333333333333336,104.0,105.33333333333331,351.0,363.6666666666667,702.0,,,,270.0,90.0,0.0,26.45,0.0,0.0,False,0.0,neutral,407.0,32.0,-0.5416666666666661,False,True,False,53
p05,3.0,3.0,0,8.0,3.0,3.0,3.0,2019-12-25 09:52:55.221,2019-12-25,9.866666666666667,False,2019-12-25,True,1,0,2,137,1386.0,1029.0,722.0,True,False,8.833333333333334,6.766666666666667,96.0,97.33333333333331,5.883333333333334,6.205555555555556,9.758333333333333,7.638888888888889,9.866666666666667,7.427777777777778,64.0,64.66666666666667,10200.0,10730.666666666666,7.4305,7.804233333333333,3427.29,3384.4366666666665,313.0,277.6666666666667,26.0,49.66666666666666,21.0,18.666666666666668,47.0,68.33333333333333,360.0,346.0,722.0,712.0,,,0.0,90.0,19.616666666666667,17.344444444444445,0.0,0.0,False,0.0,neutral,-2168.0,-34.0,2.825000000000001,False,True,False,54
p05,3.0,3.0,0,7.0,3.0,3.0,3.0,2019-12-26 11:05:15.790,2019-12-26,11.083333333333334,False,2019-12-26,True,1,0,3,137,1367.0,1012.0,670.0,True,False,6.466666666666667,6.922222222222222,97.0,96.66666666666669,8.066666666666666,6.861111111111111,9.275,8.547222222222222,7.2,7.677777777777777,64.0,64.0,5347.0,9305.0,3.8957,6.779533333333333,2708.77,3212.276666666666,163.0,241.0,6.0,37.66666666666666,9.0,17.666666666666668,15.0,55.333333333333336,178.0,296.3333333333333,670.0,698.0,,,0.0,90.0,0.0,6.538888888888889,0.0,0.0,False,0.0,neutral,-7021.0,-66.0,0.4583333333333339,False,True,False,55
p05,3.0,3.0,0,9.0,3.0,3.0,3.0,2019-12-27 07:34:41.876,2019-12-27,7.566666666666666,False,2019-12-27,True,1,0,4,137,1395.0,1041.0,875.0,True,True,,7.65,,96.5,,6.975,,9.516666666666666,,8.533333333333333,,64.0,3456.0,6334.333333333333,2.5171,4.614433333333333,2498.3,2878.1200000000003,133.0,203.0,0.0,10.666666666666666,0.0,10.0,0.0,20.666666666666668,133.0,223.66666666666663,875.0,755.6666666666666,,,0.0,0.0,0.0,6.538888888888889,0.0,0.0,False,0.0,neutral,-8505.0,-72.0,,False,True,False,56
p05,3.0,3.0,0,5.0,3.0,3.0,3.0,2019-12-28 07:18:39.019,2019-12-28,7.3,False,2019-12-28,True,1,0,5,137,1392.0,1040.0,476.0,True,True,,8.466666666666667,,93.0,,5.895833333333333,,9.65,,9.75,,64.0,8479.0,5760.666666666667,6.179900000000001,4.197566666666667,3064.87,2757.313333333333,185.0,160.33333333333334,19.0,8.333333333333334,22.0,10.333333333333334,41.0,18.666666666666668,226.0,179.0,476.0,673.6666666666666,,,0.0,0.0,0.0,0.0,0.0,0.0,False,0.0,neutral,-3482.0,-31.0,,False,False,False,57
p05,3.0,3.0,0,5.0,3.0,3.0,3.0,2019-12-29 06:26:49.970,2019-12-29,6.433333333333334,False,2019-12-29,True,1,0,6,137,1386.0,1034.0,627.0,True,False,4.216666666666667,7.26111111111111,93.0,90.66666666666669,7.383333333333334,6.061111111111111,6.033333333333333,8.511111111111111,4.65,8.450000000000001,66.0,65.0,9967.0,7300.666666666667,7.2415,5.312833333333334,3549.11,3037.4266666666663,208.0,175.33333333333334,57.0,25.33333333333333,44.0,22.0,101.0,47.333333333333336,309.0,222.66666666666663,627.0,659.3333333333334,66.51815223693848,,0.0,0.0,0.0,0.0,0.0,0.0,False,0.0,neutral,-1994.0,30.0,-1.791666666666666,True,False,False,58
p05,3.0,3.0,0,7.0,3.0,3.0,3.0,2019-12-30 07:56:17.445,2019-12-30,7.933333333333334,False,2019-12-30,True,1,0,0,137,1213.0,902.0,864.0,True,False,6.716666666666667,6.01111111111111,94.0,92.33333333333331,5.883333333333334,6.780555555555556,7.55,7.68611111111111,7.666666666666667,6.905555555555556,66.0,65.66666666666667,8598.0,9014.666666666666,6.2647,6.562033333333333,3147.43,3253.8033333333333,266.0,219.66666666666663,21.0,32.333333333333336,10.0,25.33333333333333,31.0,57.66666666666666,297.0,277.3333333333333,864.0,655.6666666666666,66.96451663970947,66.74133443832397,0.0,0.0,0.0,0.0,0.0,0.0,False,0.0,neutral,-2596.0,-40.0,0.7083333333333339,True,False,False,59
p05,3.0,2.0,0,6.0,3.0,3.0,3.0,2019-12-31 06:39:35.521,2019-12-31,6.65,False,2019-12-31,True,1,0,1,137,1405.0,1056.0,606.0,True,False,5.683333333333334,5.538888888888889,97.0,94.66666666666669,5.658333333333333,6.308333333333334,6.158333333333333,6.580555555555556,6.5,6.272222222222223,65.0,65.66666666666667,11069.0,9878.0,8.042,7.182733333333334,3519.17,3405.236666666667,352.0,275.3333333333333,13.0,30.33333333333333,9.0,21.0,22.0,51.333333333333336,374.0,326.6666666666667,606.0,699.0,65.55394840240479,66.34553909301758,0.0,0.0,23.883333333333333,7.961111111111111,0.0,0.0,False,-0.5136247090266123,bad,-72.0,-47.0,-0.3416666666666668,False,True,False,60
p05,1.0,3.0,0,5.0,3.0,3.0,3.0,2020-01-01 07:28:07.188,2020-01-01,7.466666666666667,False,2020-01-01,True,2,0,2,137,1362.0,1010.0,692.0,True,False,4.666666666666667,5.68888888888889,91.0,94.0,7.875,6.472222222222222,7.283333333333333,6.997222222222223,5.4,6.522222222222222,66.0,65.66666666666667,16043.0,11903.333333333334,11.667000000000002,8.657900000000001,3808.96,3491.853333333333,242.0,286.6666666666667,53.0,29.0,63.0,27.33333333333333,116.0,56.333333333333336,358.0,343.0,692.0,720.6666666666666,66.37579727172852,66.29808743794759,0.0,0.0,100.7,41.52777777777778,0.0,0.0,False,-1.3368653186947173,bad,4902.0,58.0,-1.3583333333333334,False,True,False,61
p05,3.0,3.0,5,6.0,3.0,3.0,3.0,2020-01-03 07:20:30.779,2020-01-03,7.333333333333333,False,2020-01-03,False,1,0,4,137,1408.0,1049.0,521.0,True,False,6.633333333333334,6.033333333333334,93.0,93.33333333333331,5.283333333333333,6.125,7.008333333333334,6.9750000000000005,7.716666666666667,6.844444444444444,68.0,67.0,19895.0,14814.0,14.446700000000002,10.762666666666668,4322.91,3816.236666666666,338.0,284.6666666666667,51.0,42.333333333333336,85.0,51.66666666666666,136.0,94.0,474.0,378.6666666666667,521.0,675.0,68.1771764755249,67.42936134338379,380.0,126.66666666666669,77.46666666666667,67.35555555555555,77.46666666666667,25.822222222222223,False,0.0,neutral,8754.0,78.0,0.5666666666666673,False,True,False,63
p05,2.0,3.0,0,4.0,3.0,3.0,3.0,2020-01-04 06:09:38.294,2020-01-04,6.15,False,2020-01-04,True,1,0,5,137,1427.0,1067.0,565.0,True,False,4.7,6.044444444444444,96.0,95.0,6.683333333333334,5.727777777777778,5.891666666666667,6.511111111111112,5.2,6.777777777777779,68.0,67.66666666666667,14771.0,14390.0,10.7552,10.458733333333337,3786.4,3808.7166666666662,316.0,309.3333333333333,58.0,44.0,38.0,43.333333333333336,96.0,87.33333333333333,412.0,396.6666666666667,565.0,632.6666666666666,68.3583459854126,68.09021091461182,0.0,126.66666666666669,91.31666666666666,64.22777777777777,0.0,25.822222222222223,False,-0.6684326593473586,bad,3603.5,31.5,-1.3666666666666663,False,False,False,64
p05,3.0,3.0,0,5.0,2.0,3.0,3.0,2020-01-05 06:06:49.348,2020-01-05,6.1,False,2020-01-05,True,1,0,6,137,1426.0,1066.0,745.0,True,False,5.433333333333334,5.588888888888889,90.0,93.0,5.558333333333334,5.841666666666666,6.041666666666667,6.313888888888889,6.483333333333333,6.466666666666666,66.0,67.33333333333333,12945.0,15870.333333333334,9.3785,11.5268,3523.56,3877.623333333333,326.0,326.6666666666667,31.0,46.66666666666666,26.0,49.66666666666666,57.0,96.33333333333331,383.0,423.0,745.0,610.3333333333334,66.66146087646484,67.73232777913411,0.0,126.66666666666669,31.58333333333333,66.78888888888889,0.0,25.822222222222223,False,0.0,neutral,1777.5,-7.5,-0.6333333333333329,True,False,False,65
p05,3.0,4.0,5,5.0,3.0,3.0,4.0,2020-01-06 07:19:20.229,2020-01-06,7.316666666666666,False,2020-01-06,False,1,0,0,137,1195.0,840.0,760.0,True,False,6.416666666666667,5.516666666666667,96.0,94.0,5.108333333333333,5.783333333333334,6.316666666666666,6.083333333333333,7.2,6.294444444444444,64.0,66.0,12778.0,13498.0,10.177,10.103566666666667,3467.01,3592.3233333333333,251.0,297.6666666666667,3.0,30.666666666666668,37.0,33.666666666666664,40.0,64.33333333333333,291.0,362.0,,655.0,64.36434078216553,66.46138254801433,120.0,40.0,30.366666666666667,51.08888888888888,30.366666666666667,10.122222222222222,False,0.9998785813624236,good,1610.5,-24.5,0.35000000000000053,True,False,False,66
p05,3.0,4.0,5,5.0,3.0,4.0,4.0,2020-01-07 07:23:01.837,2020-01-07,7.383333333333334,False,2020-01-07,False,1,0,1,137,1432.0,1072.0,516.0,True,False,5.95,5.933333333333334,92.0,92.66666666666669,6.041666666666667,5.5694444444444455,6.758333333333334,6.372222222222223,6.716666666666667,6.800000000000001,63.0,64.33333333333333,23971.0,16564.666666666668,17.437800000000003,12.3311,4528.58,3839.7166666666662,291.0,289.3333333333333,103.0,45.66666666666666,98.0,53.66666666666666,201.0,99.33333333333331,492.0,388.6666666666667,516.0,630.5,63.76220893859863,64.929336865743,0.0,40.0,178.38333333333333,80.11111111111111,0.0,10.122222222222222,False,0.9998785813624236,good,12393.5,136.5,-0.11666666666666625,False,True,False,67
p05,3.0,2.0,5,6.0,3.0,3.0,2.0,2020-01-08 06:39:37.016,2020-01-08,6.65,False,2020-01-08,False,1,0,2,137,1291.0,933.0,643.0,False,False,,6.183333333333334,,94.0,,5.575,,6.5375,,6.958333333333334,,63.5,20148.0,18965.666666666668,15.6107,14.408500000000002,4353.21,4116.266666666667,240.0,260.6666666666667,53.0,53.0,101.0,78.66666666666667,154.0,131.66666666666666,394.0,392.3333333333333,643.0,579.5,64.06209659576416,64.06288210550944,0.0,40.0,123.31666666666666,110.68888888888888,44.78333333333333,25.05,False,-0.9998785813624236,bad,8570.5,89.5,,False,True,False,68
p05,3.0,3.0,5,7.0,3.0,3.0,3.0,2020-01-09 06:27:35.814,2020-01-09,6.45,False,2020-01-09,False,1,0,3,137,1114.0,1063.0,1088.0,True,False,6.133333333333334,6.041666666666667,99.0,95.5,5.491666666666666,5.766666666666667,6.266666666666667,6.5125,6.766666666666667,6.741666666666667,64.0,63.5,14449.0,19522.666666666668,10.5325,14.527,3855.11,4245.633333333333,221.0,250.66666666666663,79.0,78.33333333333333,52.0,83.66666666666667,131.0,162.0,352.0,412.6666666666667,,579.5,64.33499050140381,64.05309867858887,0.0,0.0,59.73333333333333,120.47777777777776,59.73333333333333,34.83888888888889,False,0.0,neutral,2284.5,59.5,0.06666666666666732,False,True,False,69
p05,3.0,3.0,5,5.0,3.0,3.0,3.0,2020-01-10 06:33:24.968,2020-01-10,6.55,False,2020-01-10,False,1,0,4,137,1403.0,1044.0,584.0,True,False,6.05,6.091666666666667,95.0,97.0,4.425,4.958333333333333,5.166666666666667,5.716666666666667,6.733333333333333,6.75,63.0,63.5,18777.0,17791.333333333332,13.584,13.242400000000002,4393.83,4200.716666666667,262.0,241.0,87.0,73.0,101.0,84.66666666666667,188.0,157.66666666666666,450.0,398.6666666666667,584.0,613.5,63.49876022338867,63.96528244018555,0.0,0.0,86.2,89.75,29.866666666666667,44.79444444444445,False,0.0,neutral,6612.5,116.5,-0.08333333333333393,False,True,False,70
p05,3.0,3.0,5,5.0,3.0,3.0,3.0,2020-01-11 06:53:57.708,2020-01-11,6.883333333333333,False,2020-01-11,False,1,0,5,137,1432.0,1072.0,603.0,True,False,5.433333333333334,5.872222222222223,94.0,96.0,6.408333333333333,5.441666666666666,6.7,6.044444444444444,6.283333333333333,6.594444444444444,65.0,64.0,17022.0,16749.333333333332,12.4058,12.1741,3934.27,4061.07,315.0,266.0,48.0,71.33333333333333,70.0,74.33333333333333,118.0,145.66666666666666,433.0,411.6666666666667,603.0,593.5,65.38578701019287,64.40651257832845,0.0,0.0,74.23333333333333,73.3888888888889,52.9,47.5,False,0.0,neutral,4857.5,46.5,-0.6583333333333332,False,False,False,71
p05,3.0,3.0,5,5.0,3.0,3.0,3.0,2020-01-12 07:16:52.051,2020-01-12,7.266666666666667,False,2020-01-12,False,1,0,6,137,1422.0,1062.0,663.0,True,False,6.45,5.977777777777778,87.0,92.0,5.816666666666666,5.55,7.216666666666667,6.361111111111112,7.4,6.805555555555556,63.0,63.66666666666666,14881.0,16893.333333333332,10.7945,12.261433333333336,3599.03,3975.710000000001,358.0,311.6666666666667,24.0,53.0,18.0,63.0,42.0,116.0,400.0,427.6666666666667,663.0,616.6666666666666,63.7485580444336,64.21103509267171,0.0,0.0,0.0,53.47777777777778,0.0,27.58888888888889,False,0.0,neutral,2308.0,-42.0,0.4249999999999998,True,False,False,72
p05,2.0,3.0,5,4.0,2.0,3.0,2.0,2020-01-13 12:18:39.989,2020-01-13,12.3,False,2020-01-13,False,1,0,0,137,1132.0,772.0,715.0,True,False,5.483333333333333,5.788888888888889,94.0,91.66666666666669,5.891666666666667,6.038888888888889,6.216666666666667,6.711111111111111,6.316666666666666,6.666666666666667,61.0,63.0,7931.0,13278.0,5.7774,9.659233333333331,3019.91,3517.736666666667,256.0,309.6666666666667,14.0,28.666666666666668,11.0,33.0,25.0,61.66666666666666,281.0,371.3333333333333,,633.0,61.8627815246582,63.66570885976156,0.0,0.0,34.96666666666667,36.4,0.0,17.633333333333333,False,-1.1546865316831698,bad,-4930.5,-59.0,-0.6083333333333334,True,False,False,73
p05,3.0,2.0,5,7.0,3.0,3.0,2.0,2020-01-14 06:35:15.795,2020-01-14,6.583333333333333,False,2020-01-14,False,1,0,1,137,1403.0,1046.0,623.0,True,False,6.633333333333334,6.188888888888889,97.0,92.66666666666669,5.241666666666666,5.65,6.4,6.611111111111112,7.15,6.955555555555556,61.0,61.66666666666666,15027.0,12613.0,10.9136,9.161833333333334,3935.71,3518.2166666666667,347.0,320.3333333333333,53.0,30.33333333333333,38.0,22.33333333333333,91.0,52.66666666666666,438.0,373.0,623.0,643.0,61.03990840911865,62.21708265940348,0.0,0.0,50.33333333333333,28.433333333333334,0.0,0.0,False,-0.9998785813624236,bad,2165.5,7.5,0.6083333333333334,False,True,False,74
p05,3.0,2.0,5,6.0,3.0,3.0,1.0,2020-01-15 07:03:56.533,2020-01-15,7.05,False,2020-01-15,False,1,0,2,137,1413.0,1057.0,660.0,True,False,6.033333333333333,6.050000000000001,96.0,95.66666666666669,6.35,5.827777777777777,6.958333333333333,6.525000000000001,6.6,6.688888888888889,61.0,61.0,13772.0,12243.333333333334,10.000100000000002,8.897033333333335,3587.46,3514.36,293.0,298.6666666666667,24.0,30.33333333333333,34.0,27.666666666666668,58.0,58.0,351.0,356.6666666666667,660.0,641.5,61.76554584503174,61.5560785929362,0.0,0.0,50.35,45.21666666666666,0.0,0.0,False,-1.4861324536982348,bad,910.5,-23.0,0.00833333333333286,False,True,False,75
p05,2.0,3.0,5,5.0,2.0,3.0,2.0,2020-01-17 07:23:26.156,2020-01-17,7.383333333333334,False,2020-01-17,False,1,0,4,137,1398.0,1038.0,590.0,True,False,5.366666666666666,6.211111111111111,97.0,96.66666666666669,6.833333333333333,5.777777777777779,6.791666666666667,6.65,5.95,6.866666666666667,62.0,61.66666666666666,14739.0,13696.333333333334,10.693600000000002,9.920733333333336,3887.51,3674.366666666667,226.0,268.0,86.0,43.333333333333336,55.0,42.66666666666666,141.0,86.0,367.0,354.0,590.0,650.0,61.54970455169678,61.64746856689453,0.0,50.0,36.68333333333334,40.96111111111111,36.68333333333334,24.177777777777777,False,-1.1546865316831698,bad,1877.5,76.0,-0.7250000000000005,False,True,False,77
p05,3.0,3.0,5,7.0,3.0,3.0,3.0,2020-01-18 09:36:48.164,2020-01-18,9.6,False,2020-01-18,False,1,0,5,137,1426.0,1069.0,691.0,True,False,6.233333333333333,6.277777777777778,98.0,97.33333333333331,6.083333333333333,5.688888888888889,6.933333333333334,6.641666666666667,6.85,6.95,62.0,62.0,12373.0,13230.0,9.016,9.5927,3903.98,3779.873333333333,306.0,272.3333333333333,52.0,52.66666666666666,34.0,42.66666666666666,86.0,95.33333333333331,392.0,367.6666666666667,691.0,660.3333333333334,62.52993774414063,61.902265866597496,0.0,50.0,0.0,24.177777777777777,0.0,24.177777777777777,False,0.0,neutral,-488.5,21.0,0.19166666666666732,False,False,False,78
p05,3.0,3.0,5,7.0,3.0,4.0,3.0,2020-01-19 09:03:55.271,2020-01-19,9.05,False,2020-01-19,False,1,0,6,137,1382.0,1022.0,704.0,True,False,6.2,5.933333333333334,93.0,96.0,5.65,6.188888888888889,6.641666666666667,6.788888888888889,6.983333333333333,6.594444444444444,62.0,62.0,10486.0,12532.666666666666,7.6412,9.116933333333334,3303.04,3698.1766666666663,296.0,276.0,12.0,50.0,17.0,35.333333333333336,29.0,85.33333333333333,325.0,361.3333333333333,704.0,661.6666666666666,63.092610359191895,62.390750885009766,0.0,0.0,0.0,12.22777777777778,0.0,12.22777777777778,False,0.0,neutral,-2375.5,-43.5,0.15000000000000036,True,False,False,79
p05,3.0,3.0,5,5.0,3.0,3.0,3.0,2020-01-20 06:42:50.436,2020-01-20,6.7,False,2020-01-20,False,1,0,0,137,1408.0,1048.0,621.0,True,False,5.5,5.977777777777778,96.0,95.66666666666669,5.441666666666666,5.7250000000000005,5.458333333333333,6.344444444444444,6.016666666666667,6.616666666666667,62.0,62.0,14659.0,12506.0,10.6674,9.108200000000002,3788.56,3665.193333333333,291.0,297.6666666666667,57.0,40.333333333333336,52.0,34.333333333333336,109.0,74.66666666666667,400.0,372.3333333333333,621.0,672.0,62.905067443847656,62.84253851572672,0.0,0.0,58.016666666666666,19.33888888888889,0.0,0.0,False,0.0,neutral,1981.0,50.5,-0.6333333333333337,True,False,False,80
p05,3.0,3.0,5,5.0,3.0,3.0,3.0,2020-01-21 12:17:01.389,2020-01-21,12.283333333333331,False,2020-01-21,False,1,0,1,137,1368.0,1067.0,673.0,False,False,,5.85,,94.5,,5.545833333333333,,6.05,,6.5,,62.0,13595.0,12913.333333333334,9.9066,9.405066666666668,4037.08,3709.56,284.0,290.3333333333333,70.0,46.333333333333336,52.0,40.333333333333336,122.0,86.66666666666667,406.0,377.0,673.0,666.0,62.79711627960205,62.9315980275472,0.0,0.0,79.35,45.78888888888889,50.33333333333333,16.777777777777775,False,0.0,neutral,733.5,49.5,,False,True,False,81
p05,3.0,3.0,5,5.0,3.0,3.0,3.0,2020-01-22 06:09:28.066,2020-01-22,6.15,False,2020-01-22,False,1,0,2,137,1289.0,929.0,1099.0,False,False,,,,,,,,,,,,,12411.0,13555.0,9.0457,9.873233333333332,3608.22,3811.286666666667,258.0,277.6666666666667,34.0,53.66666666666666,49.0,51.0,83.0,104.66666666666669,341.0,382.3333333333333,1099.0,797.6666666666666,63.09256267547608,62.93158213297526,0.0,0.0,0.0,45.78888888888889,0.0,16.777777777777775,False,0.0,neutral,-859.0,10.5,,False,True,False,82
p05,3.0,3.0,5,5.0,3.0,3.0,3.0,2020-01-23 06:42:15.641,2020-01-23,6.7,False,2020-01-23,False,1,0,3,137,1130.0,1077.0,1048.0,True,False,6.166666666666667,,98.0,,5.25,,5.808333333333334,,6.55,,63.0,,14971.0,13659.0,10.8488,9.9337,3889.41,3844.903333333333,288.0,276.6666666666667,44.0,49.333333333333336,60.0,53.66666666666666,104.0,103.0,392.0,379.6666666666667,,886.0,63.08152770996094,62.99040222167969,0.0,0.0,54.6,44.65,54.6,34.97777777777778,False,0.0,neutral,1701.0,19.5,0.033333333333333215,False,True,False,83
p05,3.0,3.0,5,5.0,3.0,3.0,3.0,2020-01-24 07:26:48.825,2020-01-24,7.433333333333334,False,2020-01-24,False,1,0,4,137,1421.0,1070.0,670.0,True,False,6.633333333333334,6.4,94.0,96.0,5.25,5.25,6.775,6.291666666666667,7.516666666666667,7.033333333333333,62.0,62.5,10476.0,12619.333333333334,7.609500000000001,9.168,3266.36,3587.996666666668,270.0,272.0,27.0,35.0,11.0,40.0,38.0,75.0,308.0,347.0,670.0,884.5,62.79084587097168,62.988312085469566,0.0,0.0,22.183333333333334,25.594444444444445,0.0,18.2,False,0.0,neutral,-3207.5,-50.5,0.5,False,True,False,84
p05,3.0,4.0,5,7.0,3.0,3.0,4.0,2020-01-25 06:40:22.230,2020-01-25,6.666666666666667,False,2020-01-25,False,1,0,5,137,1303.0,947.0,586.0,True,False,5.433333333333334,6.077777777777778,96.0,96.0,5.916666666666667,5.472222222222222,5.883333333333334,6.155555555555556,5.966666666666667,6.677777777777778,62.0,62.333333333333336,17760.0,14402.333333333334,12.9466,10.4683,4014.59,3723.453333333333,253.0,270.3333333333333,61.0,44.0,89.0,53.333333333333336,150.0,97.33333333333331,403.0,367.6666666666667,586.0,628.0,62.6686487197876,62.8470074335734,0.0,0.0,77.65,51.47777777777778,0.0,18.2,False,0.9998785813624236,good,4076.5,61.5,-0.7000000000000002,False,False,False,85
p05,3.0,3.0,5,7.0,4.0,3.0,4.0,2020-01-26 06:44:23.417,2020-01-26,6.733333333333333,False,2020-01-26,False,1,0,6,137,1420.0,1060.0,686.0,True,False,6.266666666666667,6.111111111111111,97.0,95.66666666666669,5.341666666666667,5.502777777777777,6.125,6.26111111111111,6.783333333333333,6.755555555555556,62.0,62.0,16373.0,14869.666666666666,11.7776,10.777900000000002,3817.22,3699.39,276.0,266.3333333333333,36.0,41.333333333333336,84.0,61.333333333333336,120.0,102.66666666666669,396.0,369.0,686.0,647.3333333333334,62.06328868865967,62.50759442647298,0.0,0.0,62.31666666666666,54.05,40.13333333333333,13.377777777777778,False,0.4862538723358113,neutral,2262.5,26.5,0.21666666666666679,True,False,False,86
p05,3.0,3.0,5,7.0,3.0,3.0,3.0,2020-01-27 06:25:54.309,2020-01-27,6.416666666666667,False,2020-01-27,False,1,0,0,137,1264.0,904.0,754.0,True,False,6.033333333333333,5.911111111111111,96.0,96.33333333333331,5.691666666666666,5.65,6.366666666666666,6.125,6.666666666666667,6.472222222222221,60.0,61.333333333333336,11198.0,15110.333333333334,8.161900000000001,10.962033333333332,3243.77,3691.86,201.0,243.33333333333331,39.0,45.333333333333336,39.0,70.66666666666667,78.0,116.0,279.0,359.3333333333333,754.0,675.3333333333334,60.88875389099121,61.87356376647949,250.0,83.33333333333333,75.95,71.97222222222221,0.0,13.377777777777778,False,0.0,neutral,-3356.0,-15.5,-0.10000000000000053,True,False,False,87
p05,3.0,3.0,5,6.0,2.0,3.0,2.0,2020-01-28 07:04:08.330,2020-01-28,7.066666666666666,False,2020-01-28,False,1,0,1,137,1410.0,1051.0,587.0,True,False,6.333333333333333,6.211111111111111,96.0,96.33333333333331,5.541666666666667,5.525000000000001,6.55,6.347222222222221,7.0,6.816666666666667,62.0,61.333333333333336,10941.0,12837.333333333334,7.915400000000001,9.284966666666667,4339.04,3800.01,297.0,258.0,107.0,60.66666666666666,49.0,57.333333333333336,156.0,118.0,453.0,376.0,587.0,675.6666666666666,62.72559928894043,61.892547289530434,0.0,83.33333333333333,20.48333333333333,52.91666666666666,20.48333333333333,20.20555555555556,False,-0.4862538723358113,neutral,-3613.0,62.5,0.2833333333333332,False,True,False,88
p05,3.0,3.0,5,6.0,3.0,3.0,3.0,2020-01-29 07:27:30.977,2020-01-29,7.45,False,2020-01-29,False,1,0,2,137,1407.0,1050.0,689.0,True,False,5.85,6.072222222222223,96.0,96.0,5.75,5.661111111111111,6.166666666666667,6.361111111111111,6.416666666666667,6.6944444444444455,63.0,61.66666666666666,12031.0,11390.0,8.767900000000001,8.281733333333335,3548.4,3710.4033333333336,249.0,249.0,35.0,60.333333333333336,47.0,45.0,82.0,105.33333333333331,331.0,354.3333333333333,689.0,676.6666666666666,63.85162162780762,62.48865826924642,0.0,83.33333333333333,19.633333333333333,38.68888888888889,19.633333333333333,13.372222222222222,False,0.0,neutral,-2523.0,-18.0,-0.2833333333333341,False,True,False,89
p05,3.0,3.0,5,6.0,3.0,3.0,3.0,2020-01-30 07:36:59.681,2020-01-30,7.6,False,2020-01-30,False,1,0,3,137,1421.0,1061.0,690.0,False,False,,6.091666666666667,,96.0,,5.645833333333334,,6.358333333333333,,6.708333333333334,,62.5,11400.0,11457.333333333334,8.3068,8.330033333333335,3696.45,3861.2966666666666,296.0,280.6666666666667,44.0,62.0,25.0,40.333333333333336,69.0,102.33333333333331,365.0,383.0,690.0,655.3333333333334,62.78622341156006,63.12114810943604,0.0,0.0,17.916666666666668,19.344444444444445,17.916666666666668,19.344444444444445,False,0.0,neutral,-2710.5,-24.5,,False,True,False,90
p05,3.0,3.0,5,7.0,3.0,3.0,3.0,2020-01-31 06:40:34.004,2020-01-31,6.666666666666667,False,2020-01-31,False,1,0,4,137,1178.0,819.0,1013.0,False,False,,,,,,,,,,,,,19763.0,14398.0,14.4082,10.4943,4144.36,3796.403333333333,278.0,274.3333333333333,58.0,45.66666666666666,91.0,54.333333333333336,149.0,100.0,427.0,374.3333333333333,,689.5,,63.31892251968384,0.0,0.0,0.0,12.516666666666666,0.0,12.516666666666666,False,0.0,neutral,5652.5,55.5,,False,True,False,91
p05,3.0,3.0,5,6.0,3.0,3.0,3.0,2020-02-01 06:38:56.379,2020-02-01,6.633333333333333,False,2020-02-01,False,1,0,5,137,1089.0,1060.0,1054.0,False,False,,,,,,,,,,,,,14158.0,15107.0,10.3185,11.011166666666668,3689.9,3843.57,300.0,291.3333333333333,47.0,49.66666666666666,39.0,51.66666666666666,86.0,101.33333333333331,386.0,392.6666666666667,,,63.40362739562988,63.09492540359497,0.0,0.0,26.466666666666665,14.794444444444444,26.466666666666665,14.794444444444444,False,0.0,neutral,47.5,-7.5,,False,False,False,92
p05,3.0,4.0,5,7.0,3.0,3.0,3.0,2020-02-02 06:54:48.307,2020-02-02,6.9,False,2020-02-02,False,1,0,6,137,1376.0,1016.0,1158.0,True,False,7.366666666666666,,100.0,,4.758333333333334,,6.608333333333333,,7.85,,63.0,,9115.0,14345.333333333334,6.6412,10.455966666666669,3077.12,3637.126666666667,247.0,275.0,23.0,42.66666666666666,12.0,47.333333333333336,35.0,90.0,282.0,365.0,1158.0,,63.47901439666748,63.44132089614868,0.0,0.0,35.833333333333336,20.766666666666666,0.0,8.822222222222221,False,0.5136247090266123,good,-4850.0,-53.5,1.2749999999999995,True,False,False,93
p05,3.0,3.0,5,5.0,2.0,3.0,3.0,2020-02-03 06:49:58.277,2020-02-03,6.816666666666666,False,2020-02-03,False,1,0,0,137,1410.0,1050.0,612.0,True,False,4.516666666666667,5.941666666666666,99.0,99.5,6.85,5.804166666666667,5.7,6.154166666666667,4.85,6.35,62.0,62.5,12442.0,11905.0,8.951,8.6369,3410.48,3392.5,314.0,287.0,8.0,26.0,35.0,28.666666666666668,43.0,54.66666666666666,357.0,341.6666666666667,612.0,885.0,63.68655014038086,63.52306397755941,0.0,0.0,0.0,20.766666666666666,0.0,8.822222222222221,False,0.0,neutral,-1523.0,-45.5,-1.6333333333333337,True,False,False,94
p05,3.0,3.0,5,7.0,3.0,3.0,3.0,2020-02-04 07:07:59.814,2020-02-04,7.116666666666666,False,2020-02-04,False,1,0,1,137,1430.0,1070.0,785.0,True,False,7.733333333333333,6.538888888888889,99.0,99.33333333333331,4.2,5.269444444444445,6.858333333333333,6.388888888888889,8.65,7.116666666666667,62.0,62.333333333333336,12086.0,11214.333333333334,8.7849,8.1257,3808.15,3431.9166666666665,273.0,278.0,51.0,27.33333333333333,40.0,29.0,91.0,56.333333333333336,364.0,334.3333333333333,785.0,851.6666666666666,61.53118324279785,62.8989159266154,0.0,0.0,43.516666666666666,26.45,43.516666666666666,14.505555555555556,False,0.0,neutral,-1879.0,2.5,1.6416666666666666,False,True,False,95
p05,3.0,3.0,5,7.0,3.0,3.0,3.0,2020-02-05 11:24:19.433,2020-02-05,11.4,False,2020-02-05,False,1,0,2,137,1391.0,1033.0,594.0,True,False,6.55,6.266666666666667,99.0,99.0,5.9,5.650000000000001,7.208333333333333,6.588888888888889,7.3,6.933333333333333,62.0,62.0,11657.0,12061.666666666666,8.3758,8.703899999999999,3542.6800000000003,3587.103333333333,231.0,272.6666666666667,44.0,34.333333333333336,52.0,42.333333333333336,96.0,76.66666666666667,327.0,349.3333333333333,594.0,663.6666666666666,62.020291328430176,62.41267490386963,0.0,0.0,72.55,38.68888888888889,51.21666666666667,31.57777777777778,False,0.0,neutral,-2026.5,7.5,0.39999999999999947,False,True,False,96
p05,3.0,4.0,4,6.0,3.0,3.0,3.0,2020-02-06 06:11:38.547,2020-02-06,6.183333333333334,False,2020-02-06,False,1,0,3,137,1430.0,1071.0,633.0,True,False,4.483333333333333,6.255555555555556,98.0,98.66666666666669,6.758333333333334,5.6194444444444445,5.691666666666666,6.586111111111111,4.933333333333334,6.961111111111111,62.0,62.0,13709.0,12484.0,9.924600000000002,9.028433333333334,3592.87,3647.9,297.0,267.0,40.0,45.0,32.0,41.333333333333336,72.0,86.33333333333333,369.0,353.3333333333333,633.0,670.6666666666666,62.29030704498291,61.94726053873698,0.0,0.0,39.25,51.77222222222222,39.25,44.66111111111112,False,0.5136247090266123,good,622.5,-16.5,-1.6833333333333336,False,True,False,97
p05,3.0,4.0,5,6.0,3.0,3.0,4.0,2020-02-08 05:58:59.581,2020-02-08,5.966666666666667,False,2020-02-08,False,1,0,5,137,1420.0,1062.0,612.0,False,False,,5.741666666666667,,97.5,,6.054166666666667,,6.35,,6.291666666666667,,62.0,13738.0,12572.333333333334,10.0125,9.1382,3781.85,3537.713333333333,262.0,276.3333333333333,57.0,37.66666666666666,50.0,34.333333333333336,107.0,72.0,369.0,348.3333333333333,612.0,694.0,60.74377155303955,61.99682203928629,0.0,0.0,57.16666666666666,37.25555555555555,38.4,31.0,False,0.9998785813624236,good,1228.0,22.5,,False,False,False,99
p05,2.0,4.0,3,6.0,3.0,3.0,4.0,2020-02-09 06:49:02.824,2020-02-09,6.816666666666666,False,2020-02-09,False,1,0,6,137,1309.0,951.0,1440.0,False,False,,,,,,,,,,,,,,12004.0,,8.745000000000001,1944.0,2988.09,0.0,177.33333333333334,0.0,24.33333333333333,0.0,23.666666666666668,0.0,48.0,0.0,225.33333333333331,1440.0,963.0,,61.85007953643799,0.0,0.0,0.0,24.17222222222222,0.0,17.916666666666668,False,0.33144592201506484,neutral,,-84.5,,True,False,False,100
p05,3.0,4.0,5,7.0,3.0,3.0,3.0,2020-02-11 07:40:27.680,2020-02-11,7.666666666666667,False,2020-02-11,False,1,0,1,137,1417.0,1075.0,1059.0,False,False,,,,,,,,,,,,,10720.0,5720.0,7.8101,4.16725,3829.25,2606.6633333333334,252.0,88.66666666666667,113.0,40.66666666666666,16.0,5.666666666666667,129.0,46.333333333333336,381.0,135.0,1059.0,1305.0,59.53758907318115,59.87720727920532,0.0,0.0,0.0,0.0,0.0,0.0,False,0.5136247090266123,good,-1722.0,44.5,,False,True,False,102
p05,3.0,4.0,5,6.0,3.0,3.0,4.0,2020-02-12 06:36:00.584,2020-02-12,6.6,False,2020-02-12,False,1,0,2,137,1416.0,1059.0,1092.0,False,False,,,,,,,,,,,,,12291.0,7910.333333333333,8.7871,5.7072,3779.1,3218.363333333333,255.0,173.66666666666666,50.0,57.333333333333336,43.0,20.0,93.0,77.33333333333333,348.0,251.0,1092.0,1189.0,58.86735725402832,59.54059060414632,0.0,0.0,0.0,0.0,0.0,0.0,False,0.9998785813624236,good,-120.0,8.5,,False,True,False,103
p05,3.0,3.0,5,5.0,2.0,3.0,3.0,2020-02-14 06:31:12.953,2020-02-14,6.516666666666667,False,2020-02-14,False,1,0,4,137,1420.0,1063.0,1137.0,False,False,,,,,,,,,,,,,9674.0,11516.333333333334,6.687500000000001,8.215966666666667,3625.79,3652.913333333333,249.0,250.0,20.0,26.666666666666668,34.0,41.66666666666666,54.0,68.33333333333333,303.0,318.3333333333333,1137.0,1121.6666666666667,57.529903411865234,58.214976946512856,150.0,50.0,25.48333333333333,8.494444444444445,25.48333333333333,8.494444444444445,False,0.0,neutral,-2699.0,-32.0,,False,True,False,105
p05,3.0,3.0,5,5.0,2.0,3.0,3.0,2020-02-15 07:15:09.358,2020-02-15,7.25,False,2020-02-15,False,1,0,5,137,1405.0,1045.0,1080.0,True,False,5.216666666666667,,94.0,,6.966666666666667,,6.725,,5.75,,59.0,,10930.0,11062.666666666666,7.963500000000001,7.941433333333333,3533.57,3571.07,331.0,275.3333333333333,20.0,16.666666666666668,9.0,30.33333333333333,29.0,47.0,360.0,322.3333333333333,1080.0,1117.6666666666667,58.788841247558594,58.188804944356285,,75.0,0.0,8.494444444444445,0.0,8.494444444444445,False,0.0,neutral,-1361.0,-55.5,-1.0,False,False,False,106
p05,3.0,3.0,5,5.0,3.0,3.0,3.0,2020-02-16 06:34:14.703,2020-02-16,6.566666666666666,False,2020-02-16,False,1,0,6,137,1318.0,960.0,756.0,True,False,5.0,5.108333333333333,100.0,97.0,6.775,6.870833333333334,6.075,6.4,5.3,5.525,59.0,59.0,15625.0,12076.333333333334,11.3643,8.671766666666667,3604.55,3587.97,239.0,273.0,48.0,29.33333333333333,52.0,31.666666666666668,100.0,61.0,339.0,334.0,756.0,991.0,59.977166175842285,58.76530361175537,,,80.21666666666667,35.233333333333334,0.0,8.494444444444445,False,0.0,neutral,3539.0,17.5,-1.1833333333333336,True,False,False,107
p05,3.0,4.0,5,7.0,3.0,3.0,4.0,2020-02-17 07:41:03.947,2020-02-17,7.683333333333334,False,2020-02-17,False,1,0,0,137,1432.0,1072.0,753.0,True,False,6.633333333333334,5.616666666666667,97.0,97.0,5.175,6.3055555555555545,6.308333333333334,6.3694444444444445,7.133333333333334,6.061111111111111,60.0,59.333333333333336,11345.0,12633.333333333334,8.265400000000001,9.197733333333334,3640.51,3592.876666666667,308.0,292.6666666666667,43.0,37.0,18.0,26.33333333333333,61.0,63.333333333333336,369.0,356.0,753.0,863.0,60.60155963897705,59.78918902079264,,,0.0,26.73888888888889,0.0,0.0,False,0.9998785813624236,good,-946.0,-23.5,0.5333333333333341,True,False,False,108
p05,3.0,4.0,5,7.0,3.0,3.0,4.0,2020-02-19 09:00:21.608,2020-02-19,9.0,False,2020-02-19,False,1,0,2,137,1393.0,1034.0,651.0,True,False,6.483333333333333,6.511111111111112,97.0,97.0,5.416666666666667,5.194444444444444,6.708333333333333,6.380555555555556,7.283333333333333,7.183333333333334,62.0,61.0,12881.0,12402.333333333334,9.387,9.037533333333334,3693.18,3662.8566666666666,260.0,273.0,66.0,55.66666666666666,35.0,32.0,101.0,87.66666666666667,361.0,360.6666666666667,651.0,688.0,61.55220413208008,61.0731315612793,,,35.83333333333333,24.455555555555552,35.83333333333333,24.455555555555552,False,0.9998785813624236,good,795.0,18.5,0.21666666666666679,False,True,False,110
p05,2.0,4.0,5,5.0,2.0,3.0,4.0,2020-02-21 06:19:06.202,2020-02-21,6.316666666666666,False,2020-02-21,False,1,0,4,137,913.0,554.0,811.0,False,False,,6.233333333333333,,97.0,,4.983333333333333,,5.920833333333333,,6.933333333333334,,62.5,,12911.0,,9.409300000000002,,3800.17,,272.0,,54.0,,44.5,,98.5,,370.5,,637.0,,62.19096755981445,,,16.216666666666665,36.4,16.216666666666665,30.14444444444444,True,0.33144592201506484,neutral,,,,False,True,False,112
p05,3.0,4.0,5,5.0,3.0,4.0,4.0,2020-02-22 10:29:08.231,2020-02-22,10.483333333333333,False,2020-02-22,False,1,0,5,137,25.0,25.0,1438.0,False,False,,,,,,,,,,,,,,,,,,,,,,,,,,,,,,,,,,,0.0,24.455555555555552,0.0,18.2,True,0.9998785813624236,good,,,,False,False,False,113
p05,4.0,4.0,5,8.0,4.0,4.0,4.0,2020-02-23 09:11:00.813,2020-02-23,9.183333333333334,False,2020-02-23,False,1,0,6,137,0.0,0.0,1440.0,False,False,,,,,,,,,,,,,,,,,,,,,,,,,,,,,,,,,,,0.0,5.405555555555555,0.0,5.405555555555555,True,1.6683112407097822,good,,,,True,False,False,114
p05,3.0,4.0,5,5.0,3.0,3.0,4.0,2020-02-25 23:28:13.721,2020-02-25,23.466666666666665,False,2020-02-25,False,1,0,1,137,0.0,0.0,1440.0,False,False,,,,,,,,,,,,,,,,,,,,,,,,,,,,,,,,,,,0.0,0.0,0.0,0.0,True,0.9998785813624236,good,,,,False,True,False,116
p05,2.0,3.0,5,6.0,3.0,3.0,2.0,2020-02-27 06:51:50.932,2020-02-27,6.85,False,2020-02-27,False,1,0,3,137,0.0,0.0,1440.0,False,False,,,,,,,,,,,,,,,,,,,,,,,,,,,,,,,,,,,0.0,0.0,0.0,0.0,True,-1.1546865316831698,bad,,,,False,True,False,118
p05,3.0,3.0,5,6.0,3.0,4.0,3.0,2020-02-28 07:10:52.122,2020-02-28,7.166666666666667,False,2020-02-28,False,1,0,4,137,0.0,0.0,1440.0,False,False,,,,,,,,,,,,,,,,,,,,,,,,,,,,,,,,,,,0.0,0.0,0.0,0.0,True,0.0,neutral,,,,False,True,False,119
p05,3.0,2.0,4,5.0,2.0,3.0,2.0,2020-02-29 07:26:17.317,2020-02-29,7.433333333333334,False,2020-02-29,False,1,0,5,137,194.0,194.0,1412.0,False,False,,,,,,,,,,,,,,,,,,,,,,,,,,,,,,,,,,,0.0,0.0,0.0,0.0,True,-0.9998785813624236,bad,,,,False,False,False,120
p05,3.0,2.0,5,6.0,3.0,3.0,3.0,2020-03-01 06:48:50.064,2020-03-01,6.8,False,2020-03-01,False,1,0,6,137,861.0,505.0,1280.0,False,False,,,,,,,,,,,,,,,,,,,,,,,,,,,,,,,,,,,0.0,0.0,0.0,0.0,True,-0.5136247090266123,bad,,,,True,False,False,121
p05,3.0,4.0,5,5.0,3.0,3.0,3.0,2020-03-03 20:13:47.327,2020-03-03,20.216666666666665,False,2020-03-03,False,1,0,1,137,1424.0,1064.0,1064.0,False,False,,,,,,,,,,,,,11468.0,12051.5,8.356100000000001,8.77795,3666.67,3698.65,308.0,293.5,39.0,50.0,29.0,32.0,68.0,82.0,376.0,375.5,1064.0,1064.5,59.80010414123535,60.40067911148071,,,0.0,0.0,0.0,0.0,False,0.5136247090266123,good,-823.0,-24.0,,False,True,False,123
p05,3.0,3.0,5,5.0,3.0,3.0,3.0,2020-03-04 21:43:27.270,2020-03-04,21.716666666666665,False,2020-03-04,False,1,0,2,137,1427.0,1071.0,1085.0,False,False,,,,,,,,,,,,,11973.0,12025.333333333334,8.674000000000001,8.743300000000003,3688.06,3695.12,283.0,290.0,23.0,41.0,49.0,37.66666666666666,72.0,78.66666666666667,355.0,368.6666666666667,1085.0,1071.3333333333333,58.52737236022949,59.77624352773031,,,0.0,0.0,0.0,0.0,False,0.0,neutral,-318.0,-10.5,,False,True,False,124
p05,3.0,3.0,5,5.0,3.0,3.0,3.0,2020-03-05 21:07:34.104,2020-03-05,21.116666666666667,False,2020-03-05,False,1,0,3,137,1437.0,1077.0,1007.0,False,False,,,,,,,,,,,,,12980.0,12140.333333333334,9.451300000000002,8.827133333333334,4393.64,3916.123333333333,261.0,284.0,93.0,51.66666666666666,79.0,52.333333333333336,172.0,104.0,433.0,388.0,1007.0,1052.0,57.45971870422363,58.59573173522949,,,0.0,0.0,0.0,0.0,False,0.0,neutral,689.0,100.0,,False,True,False,125
p05,3.0,3.0,5,6.0,3.0,3.0,3.0,2020-03-06 09:00:39.994,2020-03-06,9.0,False,2020-03-06,False,1,0,4,137,1430.0,1071.0,1002.0,True,False,5.566666666666666,,88.0,,5.583333333333333,,5.983333333333333,,6.4,,62.0,,2620.0,9191.0,1.8843,6.669866666666668,3977.3,4019.6666666666665,206.0,250.0,125.0,80.33333333333333,32.0,53.333333333333336,157.0,133.66666666666666,363.0,383.6666666666667,1002.0,1031.3333333333333,62.288082122802734,59.42505772908529,,,0.0,0.0,0.0,0.0,False,0.0,neutral,-9671.0,74.5,,False,True,False,126
p05,3.0,3.0,5,4.0,3.0,3.0,3.0,2020-03-07 09:01:00.769,2020-03-07,9.016666666666667,False,2020-03-07,False,1,0,5,137,1392.0,1035.0,749.0,True,False,5.683333333333334,5.625,93.0,90.5,6.833333333333333,6.208333333333333,7.291666666666667,6.6375,6.45,6.425000000000001,64.0,63.0,3420.0,6340.0,2.4893,4.608300000000001,2927.89,3766.276666666667,147.0,204.66666666666663,10.0,76.0,5.0,38.66666666666666,15.0,114.66666666666669,162.0,319.3333333333333,749.0,919.3333333333334,68.72824573516846,62.82534885406494,,,0.0,0.0,0.0,0.0,False,0.0,neutral,-8871.0,-79.5,,False,False,False,127
p05,3.0,3.0,5,5.0,3.0,3.0,3.0,2020-03-08 06:58:32.935,2020-03-08,6.966666666666667,False,2020-03-08,False,1,0,6,137,1242.0,889.0,787.0,True,False,5.583333333333333,5.611111111111111,96.0,92.33333333333331,6.466666666666667,6.294444444444444,6.591666666666667,6.622222222222223,6.116666666666666,6.322222222222223,66.0,64.0,9152.0,5064.0,6.6305000000000005,3.6680333333333337,3278.48,3394.556666666667,164.0,172.33333333333334,79.0,71.33333333333333,23.0,20.0,102.0,91.33333333333331,266.0,263.6666666666667,787.0,846.0,70.60227394104004,67.20620059967041,,,45.23333333333333,15.077777777777778,0.0,0.0,False,0.0,neutral,-2821.0,19.5,,True,False,False,128
p05,3.0,3.0,5,6.0,3.0,3.0,3.0,2020-03-09 19:52:03.937,2020-03-09,19.866666666666667,False,2020-03-09,False,1,0,0,137,1433.0,1073.0,753.0,True,False,7.666666666666667,6.311111111111111,98.0,95.66666666666669,4.508333333333334,5.936111111111111,6.916666666666667,6.933333333333334,8.4,6.988888888888888,67.0,65.66666666666667,8854.0,7142.0,6.449300000000001,5.189700000000001,3442.77,3216.38,282.0,197.66666666666663,21.0,36.66666666666666,17.0,15.0,38.0,51.66666666666666,320.0,249.33333333333331,753.0,763.0,69.26507663726807,69.53186543782552,,,16.216666666666665,20.48333333333333,0.0,0.0,False,0.0,neutral,-2866.5,-56.5,,True,False,False,129
p05,3.0,3.0,5,7.0,3.0,3.0,3.0,2020-03-10 10:46:14.099,2020-03-10,10.766666666666667,False,2020-03-10,False,1,0,1,137,1422.0,1062.0,533.0,True,False,7.016666666666667,6.755555555555556,96.0,96.66666666666669,5.883333333333334,5.6194444444444445,7.575,7.027777777777779,7.683333333333334,7.400000000000001,68.0,67.0,9613.0,9206.333333333334,6.647,6.5756000000000006,3359.19,3360.146666666667,248.0,231.33333333333331,39.0,46.333333333333336,19.0,19.666666666666668,58.0,66.0,306.0,297.3333333333333,533.0,691.0,67.00703525543213,68.95812861124675,,,0.0,20.48333333333333,0.0,0.0,False,0.0,neutral,-2107.5,-36.5,,False,True,False,130
p05,3.0,3.0,5,7.0,3.0,3.0,3.0,2020-03-11 17:35:08.525,2020-03-11,17.583333333333332,False,2020-03-11,False,1,0,2,137,1434.0,1076.0,674.0,True,False,5.633333333333334,6.772222222222222,93.0,95.66666666666669,5.591666666666667,5.327777777777778,6.125,6.872222222222223,6.533333333333333,7.538888888888889,70.0,68.33333333333333,6039.0,8168.666666666667,4.399100000000001,5.831800000000001,3149.88,3317.28,168.0,232.66666666666663,41.0,33.666666666666664,14.0,16.666666666666668,55.0,50.333333333333336,223.0,283.0,674.0,653.3333333333334,68.10938930511475,68.12716706593831,,,0.0,5.405555555555555,0.0,0.0,False,0.0,neutral,-5681.5,-27.5,,False,True,False,131
p05,3.0,3.0,5,7.0,3.0,3.0,3.0,2020-03-12 07:06:43.932,2020-03-12,7.1,False,2020-03-12,False,1,0,3,137,1404.0,1047.0,786.0,True,False,5.783333333333333,6.144444444444445,97.0,95.33333333333331,5.025,5.5,5.525,6.408333333333334,6.5,6.905555555555556,70.0,69.33333333333333,6436.0,7362.666666666667,4.6881,5.2447333333333335,3219.64,3242.9033333333336,228.0,214.66666666666663,16.0,32.0,18.0,17.0,34.0,49.0,262.0,263.6666666666667,786.0,664.3333333333334,67.82508182525635,67.64716879526775,,,0.0,0.0,0.0,0.0,False,0.0,neutral,-4970.5,-36.0,,False,True,True,132
p05,3.0,3.0,5,8.0,3.0,3.0,3.0,2020-03-13 07:27:25.458,2020-03-13,7.45,False,2020-03-13,False,1,0,4,137,1430.0,1075.0,728.0,True,False,6.35,5.922222222222222,97.0,95.66666666666669,4.766666666666667,5.127777777777778,5.808333333333334,5.8194444444444455,7.033333333333333,6.688888888888889,66.0,68.66666666666667,11886.0,8120.333333333333,8.5923,5.893166666666667,3406.64,3258.72,272.0,222.66666666666663,20.0,25.666666666666668,30.0,20.666666666666668,50.0,46.333333333333336,322.0,269.0,728.0,729.3333333333334,66.65039348602295,67.52828820546468,,,34.15,11.383333333333333,0.0,0.0,False,0.0,neutral,748.5,-20.0,,False,True,True,133
p05,3.0,2.0,5,7.0,3.0,3.0,3.0,2020-03-15 07:00:47.604,2020-03-15,7.0,False,2020-03-15,False,1,0,6,137,1276.0,925.0,802.0,True,False,5.883333333333334,5.877777777777777,98.0,96.66666666666669,5.858333333333333,5.51111111111111,6.35,5.9944444444444445,6.483333333333333,6.477777777777778,67.0,66.33333333333333,6954.0,10175.0,4.9535,7.350866666666666,3405.57,3390.7166666666667,199.0,221.33333333333331,65.0,49.0,19.0,27.0,84.0,76.0,283.0,297.3333333333333,802.0,753.6666666666666,68.1828384399414,67.55120340983073,,,0.0,24.46666666666667,0.0,0.0,False,-0.5136247090266123,bad,-4622.5,1.0,8.881784197001252e-16,True,False,True,135
p05,3.0,3.0,5,7.0,3.0,3.0,3.0,2020-03-16 06:52:48.212,2020-03-16,6.866666666666667,False,2020-03-16,False,1,0,0,137,1438.0,1078.0,786.0,True,False,6.233333333333333,5.838888888888889,99.0,97.33333333333331,5.033333333333333,5.599999999999999,5.925,6.033333333333332,6.883333333333334,6.427777777777778,68.0,67.0,8842.0,9160.333333333334,6.382700000000001,6.614333333333335,3317.2200000000003,3360.9100000000003,198.0,196.66666666666663,45.0,57.333333333333336,22.0,24.33333333333333,67.0,81.66666666666667,265.0,278.3333333333333,786.0,773.0,70.03718948364258,68.68013540903728,,,0.0,13.083333333333334,0.0,0.0,False,0.0,neutral,-2564.5,-11.0,0.2999999999999998,True,False,True,136
p05,3.0,3.0,5,7.0,3.0,3.0,3.0,2020-03-17 20:47:38.715,2020-03-17,20.78333333333333,False,2020-03-17,False,1,0,1,137,1428.0,1070.0,746.0,True,False,6.733333333333333,6.283333333333334,97.0,98.0,4.516666666666667,5.136111111111112,5.908333333333333,6.06111111111111,7.383333333333334,6.916666666666667,68.0,67.66666666666667,11481.0,9092.333333333334,8.3329,6.5563666666666665,3393.2200000000003,3372.0033333333336,214.0,203.66666666666663,39.0,49.66666666666666,28.0,23.0,67.0,72.66666666666667,281.0,276.3333333333333,746.0,778.0,68.72815799713135,68.98272864023845,,,67.41666666666667,22.472222222222225,0.0,0.0,False,0.0,neutral,940.5,-11.0,0.7999999999999998,False,True,True,137
p05,3.0,2.0,5,6.0,3.0,3.0,2.0,2020-03-18 18:02:15.465,2020-03-18,18.03333333333333,False,2020-03-18,False,1,0,2,137,1434.0,1076.0,699.0,True,False,6.0,6.322222222222223,99.0,98.33333333333331,4.841666666666667,4.797222222222223,5.433333333333334,5.755555555555556,6.583333333333333,6.95,69.0,68.33333333333333,14018.0,11447.0,10.219,8.311533333333335,3522.92,3411.1200000000003,191.0,201.0,44.0,42.66666666666666,63.0,37.66666666666666,107.0,80.33333333333333,298.0,281.3333333333333,699.0,743.6666666666666,69.10796165466309,69.29110304514568,,,85.33333333333333,50.91666666666666,0.0,0.0,False,-0.9998785813624236,bad,3477.5,37.0,0.06666666666666643,False,True,True,138
p05,3.0,2.0,5,6.0,3.0,3.0,2.0,2020-03-19 08:20:20.166,2020-03-19,8.333333333333334,False,2020-03-19,False,1,0,3,137,1423.0,1066.0,675.0,True,False,6.016666666666667,6.25,97.0,97.66666666666669,5.283333333333333,4.880555555555556,5.908333333333333,5.75,6.616666666666666,6.861111111111111,69.0,68.66666666666667,16775.0,14091.333333333334,12.230300000000002,10.260733333333334,3665.71,3527.2833333333333,240.0,215.0,67.0,50.0,63.0,51.333333333333336,130.0,101.33333333333331,370.0,316.3333333333333,675.0,706.6666666666666,69.1693000793457,69.00180657704671,,,117.76666666666668,90.17222222222222,0.0,0.0,False,-0.9998785813624236,bad,6234.5,60.0,0.08333333333333304,False,True,True,139
p05,3.0,3.0,5,7.0,3.0,3.0,3.0,2020-03-20 07:44:34.592,2020-03-20,7.733333333333333,False,2020-03-20,False,1,0,4,137,1430.0,1075.0,765.0,True,False,6.616666666666666,6.211111111111111,95.0,97.0,5.5,5.208333333333333,6.808333333333334,6.05,7.3,6.833333333333333,69.0,69.0,7887.0,12893.333333333334,5.731400000000001,9.393566666666668,3018.96,3402.53,266.0,232.33333333333331,6.0,39.0,6.0,44.0,12.0,83.0,278.0,315.3333333333333,765.0,713.0,69.06055068969727,69.11260414123535,,,0.0,67.7,0.0,0.0,False,0.0,neutral,-2653.5,-58.0,0.6749999999999998,False,True,True,140
p05,3.0,3.0,5,5.0,3.0,3.0,2.0,2020-03-21 07:08:42.048,2020-03-21,7.133333333333334,False,2020-03-21,False,1,0,5,137,1427.0,1073.0,714.0,True,False,5.916666666666667,6.183333333333334,97.0,96.33333333333331,5.425,5.402777777777779,5.933333333333334,6.216666666666666,6.5,6.805555555555556,68.0,68.66666666666667,8825.0,11162.333333333334,6.368200000000001,8.109966666666667,3134.23,3272.966666666667,267.0,257.6666666666667,14.0,29.0,7.0,25.33333333333333,21.0,54.333333333333336,288.0,312.0,714.0,718.0,68.82567310333252,69.0185079574585,,,0.0,39.25555555555555,0.0,0.0,False,-0.4862538723358113,neutral,-788.0,-47.0,-0.08333333333333304,False,False,True,141
p05,3.0,3.0,4,7.0,3.0,3.0,2.0,2020-03-22 06:41:34.221,2020-03-22,6.683333333333334,False,2020-03-22,False,1,0,6,137,1112.0,752.0,805.0,True,False,6.6,6.377777777777777,100.0,97.33333333333331,5.241666666666666,5.388888888888888,6.3,6.347222222222222,7.05,6.95,69.0,68.66666666666667,8003.0,8238.333333333334,5.7978000000000005,5.965800000000001,2942.29,3031.8266666666664,183.0,238.66666666666663,49.0,23.0,13.0,8.666666666666666,62.0,31.666666666666668,245.0,270.3333333333333,,739.5,69.48323631286621,69.123153368632,,,35.0,11.666666666666666,0.0,0.0,False,-0.4862538723358113,neutral,-1379.5,-5.5,0.6416666666666657,True,False,True,142
p05,3.0,2.0,5,7.0,3.0,3.0,2.0,2020-03-23 06:49:18.701,2020-03-23,6.816666666666666,False,2020-03-23,False,1,0,0,137,1439.0,1080.0,710.0,True,False,6.916666666666667,6.477777777777778,98.0,98.33333333333331,4.516666666666667,5.061111111111111,6.225,6.152777777777778,7.7,7.083333333333333,68.0,68.33333333333333,14280.0,10369.333333333334,10.4108,7.525600000000001,3430.16,3168.893333333333,221.0,223.66666666666663,36.0,33.0,50.0,23.33333333333333,86.0,56.333333333333336,307.0,280.0,710.0,712.0,68.78576374053955,69.03155771891277,,,82.76666666666667,39.25555555555555,0.0,0.0,False,-0.9998785813624236,bad,5128.0,19.0,0.916666666666667,True,False,True,143
p05,3.0,2.0,5,7.0,3.0,3.0,1.0,2020-03-24 08:05:21.712,2020-03-24,8.083333333333334,False,2020-03-24,False,1,0,1,137,1432.0,1075.0,712.0,True,False,5.883333333333334,6.466666666666666,96.0,98.0,5.491666666666666,5.083333333333333,6.275,6.266666666666667,6.783333333333333,7.177777777777778,68.0,68.33333333333333,8133.0,10138.666666666666,5.9252,7.377933333333334,3028.71,3133.72,241.0,215.0,11.0,32.0,14.0,25.666666666666668,25.0,57.66666666666666,266.0,272.6666666666667,712.0,711.0,68.55151653289795,68.94017219543457,,,23.883333333333333,47.21666666666667,0.0,0.0,False,-1.4861324536982348,bad,-1249.5,-42.5,-0.12499999999999911,False,True,True,144
p05,3.0,3.0,5,7.0,3.0,3.0,3.0,2020-03-25 07:44:26.646,2020-03-25,7.733333333333333,False,2020-03-25,False,1,0,2,137,1429.0,1070.0,797.0,True,False,7.216666666666667,6.672222222222223,96.0,96.66666666666669,5.433333333333334,5.147222222222222,7.275,6.591666666666666,7.833333333333333,7.438888888888889,67.0,67.66666666666667,6293.0,9568.666666666666,4.583200000000001,6.973066666666668,3001.23,3153.366666666667,206.0,222.66666666666663,22.0,23.0,8.0,24.0,30.0,47.0,236.0,269.6666666666667,797.0,739.6666666666666,67.5820369720459,68.3064390818278,,,20.48333333333333,42.37777777777777,0.0,0.0,False,0.0,neutral,-2859.0,-37.0,1.2166666666666668,False,True,True,145
p05,3.0,3.0,4,7.0,3.0,3.0,2.0,2020-03-27 12:29:25.622,2020-03-27,12.483333333333333,False,2020-03-27,False,1,0,4,137,1438.0,1078.0,806.0,True,False,7.066666666666666,6.683333333333333,99.0,97.66666666666669,4.516666666666667,5.144444444444445,6.375,6.530555555555556,7.85,7.377777777777777,68.0,67.66666666666667,8396.0,6545.666666666667,6.1084000000000005,4.765000000000001,3084.41,2999.7066666666665,188.0,191.33333333333331,38.0,22.33333333333333,21.0,11.0,59.0,33.333333333333336,247.0,224.66666666666663,806.0,794.0,68.34617805480957,68.00627454121907,,,19.633333333333333,13.372222222222222,19.633333333333333,6.544444444444444,False,-0.4862538723358113,neutral,-458.0,-8.0,1.0666666666666664,False,True,True,147
p05,3.0,2.0,5,5.0,3.0,3.0,2.0,2020-03-28 08:21:23.167,2020-03-28,8.35,False,2020-03-28,False,1,0,5,137,1337.0,979.0,702.0,True,False,6.366666666666666,6.4,98.0,98.33333333333331,5.45,5.15,6.258333333333334,6.191666666666666,6.8,7.033333333333332,68.0,68.0,7652.0,6998.666666666667,5.5742,5.0953333333333335,3121.12,3039.67,236.0,201.33333333333331,23.0,22.666666666666668,8.0,11.0,31.0,33.666666666666664,267.0,235.0,702.0,762.3333333333334,68.48697757720947,68.30792140960693,,,0.0,6.544444444444444,,9.816666666666666,False,-0.9998785813624236,bad,-1196.0,-33.5,0.3583333333333334,False,False,True,148
p05,3.0,2.0,5,7.0,3.0,3.0,2.0,2020-03-29 13:00:20.197,2020-03-29,13.0,False,2020-03-29,False,1,0,6,137,1434.0,1074.0,713.0,True,False,4.75,6.061111111111111,99.0,98.66666666666669,5.933333333333334,5.3,6.333333333333333,6.322222222222223,6.4,7.016666666666666,67.0,67.66666666666667,11424.0,9157.333333333334,8.3024,6.661666666666666,3493.4700000000003,3233.0,232.0,218.66666666666663,40.0,33.666666666666664,47.0,25.33333333333333,87.0,59.0,319.0,277.6666666666667,713.0,740.3333333333334,67.54122543334961,68.12479368845622,,,44.38333333333334,21.33888888888889,,,False,-0.9998785813624236,bad,2582.0,25.0,-1.2666666666666666,True,False,True,149
p05,3.0,2.0,4,7.0,2.0,3.0,2.0,2020-03-30 06:48:34.872,2020-03-30,6.8,False,2020-03-30,False,1,0,0,137,1432.0,1074.0,885.0,True,False,7.933333333333334,6.3500000000000005,96.0,97.66666666666669,3.725,5.036111111111111,6.483333333333333,6.358333333333333,8.75,7.316666666666666,66.0,67.0,9037.0,9371.0,6.586600000000001,6.821066666666667,3033.69,3216.093333333333,171.0,213.0,29.0,30.666666666666668,31.0,28.666666666666668,60.0,59.333333333333336,231.0,272.3333333333333,885.0,766.6666666666666,66.99927043914795,67.67582448323567,,,53.75,32.71111111111112,,,False,-0.9998785813624236,bad,189.0,-4.5,1.9250000000000007,True,False,True,150
p06,3.0,4.0,6,7.0,4.0,3.0,4.0,2019-11-02 08:06:10.016,2019-11-02,8.1,False,2019-11-02,False,1,0,5,147,258.0,258.0,1422.0,True,False,8.05,,98.0,,5.166666666666667,,8.008333333333333,,8.833333333333334,,,,,,,,,,,,,,,,,,,,,,,,,,,,,,True,0.7068721804388377,good,,,,False,False,False,1
p06,2.0,3.0,4,5.0,3.0,2.0,4.0,2019-11-03 08:51:12.635,2019-11-03,8.85,False,2019-11-03,False,1,0,6,147,1386.0,1045.0,544.0,True,False,5.416666666666667,6.733333333333334,95.0,96.5,7.7,6.433333333333334,7.758333333333334,7.883333333333333,6.05,7.441666666666666,47.0,,21036.0,,16.798000000000002,,3958.01,,245.0,,27.0,,94.0,,121.0,,366.0,,544.0,,47.23106288909912,,320.0,,78.4,,40.0,,False,-1.8605568279864784,bad,,,,True,False,False,2
p06,3.0,4.0,8,6.0,4.0,3.0,2.0,2019-11-04 09:35:36.629,2019-11-04,9.583333333333334,False,2019-11-04,False,1,0,0,147,1400.0,1053.0,820.0,True,False,6.516666666666667,6.661111111111111,97.0,96.66666666666669,5.166666666666667,6.011111111111112,6.325,7.36388888888889,7.15,7.344444444444444,49.0,48.0,5840.0,13438.0,4.3285,10.56325,2889.51,3423.76,204.0,224.5,24.0,25.5,29.0,61.5,53.0,87.0,257.0,311.5,820.0,682.0,49.92160034179688,48.576331615448,0.0,160.0,17.066666666666666,47.73333333333333,0.0,20.0,False,-0.7068721804388377,bad,,,,True,False,False,3
p06,3.0,4.0,8,6.0,4.0,2.0,4.0,2019-11-05 06:21:49.818,2019-11-05,6.35,False,2019-11-05,False,1,0,1,147,1342.0,985.0,605.0,True,False,6.566666666666666,6.166666666666667,98.0,96.66666666666669,4.95,5.938888888888889,6.0,6.694444444444444,7.05,6.75,50.0,48.66666666666666,16483.0,14453.0,14.2105,11.779000000000002,3953.53,3600.3500000000004,319.0,256.0,26.0,25.666666666666668,61.0,61.333333333333336,87.0,87.0,406.0,343.0,605.0,656.3333333333334,50.76784896850586,49.30683739980062,240.0,186.66666666666663,60.55,52.00555555555555,60.55,33.516666666666666,False,0.7068721804388377,good,,,,False,True,False,4
p06,3.0,4.0,5,7.0,4.0,3.0,3.0,2019-11-06 06:47:33.912,2019-11-06,6.783333333333333,False,2019-11-06,False,1,0,2,147,1392.0,1048.0,502.0,True,False,7.05,6.711111111111111,97.0,97.33333333333331,4.741666666666666,4.952777777777778,6.5,6.275,7.75,7.316666666666667,50.0,49.66666666666666,22329.0,14884.0,18.235200000000003,12.258066666666666,5016.25,3953.096666666667,280.0,267.6666666666667,89.0,46.333333333333336,146.0,78.66666666666667,235.0,125.0,515.0,392.6666666666667,502.0,642.3333333333334,50.70145034790039,50.46363321940104,240.0,160.0,62.45,46.68888888888889,62.45,41.0,False,0.0,neutral,,,,False,True,False,5
p06,4.0,4.0,7,7.0,4.0,3.0,4.0,2019-11-07 08:45:20.699,2019-11-07,8.75,False,2019-11-07,False,1,0,3,147,1409.0,1058.0,498.0,True,False,6.316666666666666,6.644444444444445,99.0,98.0,5.233333333333333,4.9750000000000005,6.183333333333334,6.227777777777778,6.95,7.25,49.0,49.66666666666666,13092.0,17301.333333333332,9.7054,14.050366666666667,3698.86,4222.88,381.0,326.6666666666667,59.0,58.0,37.0,81.33333333333333,96.0,139.33333333333334,477.0,466.0,498.0,535.0,49.689300537109375,50.38619995117188,0.0,160.0,44.38333333333334,55.79444444444445,44.38333333333334,55.79444444444445,False,1.6322827189897087,good,,,,False,True,False,6
p06,3.0,4.0,8,6.0,2.0,3.0,2.0,2019-11-08 07:48:15.242,2019-11-08,7.8,False,2019-11-08,False,1,0,4,147,1414.0,1060.0,468.0,True,False,6.2,6.522222222222222,98.0,98.0,5.45,5.141666666666667,6.25,6.311111111111111,6.8,7.166666666666667,48.0,49.0,17737.0,17719.333333333332,13.153,13.69786666666667,4159.57,4291.56,434.0,365.0,82.0,76.66666666666667,39.0,74.0,121.0,150.66666666666666,555.0,515.6666666666666,468.0,489.3333333333333,48.1356897354126,49.50881354014079,0.0,80.0,41.833333333333336,49.55555555555555,41.833333333333336,49.55555555555555,False,-0.7068721804388377,bad,,,,False,True,False,7
p06,2.0,3.0,4,5.0,2.0,3.0,2.0,2019-11-09 08:09:13.821,2019-11-09,8.15,False,2019-11-09,False,1,0,5,147,1400.0,1047.0,456.0,True,False,5.616666666666666,6.044444444444444,97.0,98.0,5.475,5.386111111111112,5.625,6.019444444444445,6.15,6.633333333333333,49.0,48.66666666666666,18728.0,16519.0,13.866,12.241466666666668,4382.46,4080.2966666666666,429.0,414.6666666666667,64.0,68.33333333333333,83.0,53.0,147.0,121.33333333333331,576.0,536.0,456.0,474.0,49.119004249572754,48.98133150736491,0.0,0.0,43.53333333333333,43.25,43.53333333333333,43.25,False,-3.2743011888641536,bad,,,,False,False,False,8
p06,2.0,4.0,8,5.0,2.0,3.0,4.0,2019-11-10 18:20:32.378,2019-11-10,18.33333333333333,False,2019-11-10,False,1,0,6,147,1399.0,1051.0,720.0,True,False,2.6166666666666667,4.811111111111111,95.0,96.66666666666669,4.3,5.074999999999999,1.225,4.366666666666666,2.9166666666666665,5.288888888888889,,48.5,6732.0,14399.0,4.8501,10.623033333333334,2745.14,3762.39,249.0,370.6666666666667,0.0,48.66666666666666,0.0,40.66666666666666,0.0,89.33333333333333,249.0,460.0,720.0,548.0,48.751461029052734,48.668718338012695,0.0,0.0,0.0,28.45555555555556,0.0,28.45555555555556,False,-0.21853835811203354,neutral,,,,True,False,False,9
p06,3.0,4.0,8,6.0,3.0,3.0,4.0,2019-11-11 11:14:16.863,2019-11-11,11.233333333333333,False,2019-11-11,False,1,0,0,147,1353.0,1000.0,943.0,True,False,8.116666666666667,5.45,90.0,94.0,1.3416666666666666,3.705555555555556,5.208333333333333,4.019444444444445,9.866666666666667,6.311111111111111,49.0,49.0,6761.0,10740.333333333334,4.950500000000001,7.888866666666668,2760.74,3296.113333333333,265.0,314.3333333333333,0.0,21.33333333333333,0.0,27.666666666666668,0.0,49.0,265.0,363.3333333333333,943.0,706.3333333333334,49.14060783386231,49.00369103749593,0.0,0.0,0.0,14.511111111111113,0.0,14.511111111111113,False,0.7068721804388377,good,,,,True,False,False,10
p06,3.0,4.0,7,7.0,4.0,2.0,4.0,2019-11-12 12:08:34.473,2019-11-12,12.133333333333333,False,2019-11-12,False,1,0,1,147,1395.0,1064.0,508.0,True,False,6.783333333333333,5.838888888888889,98.0,94.33333333333331,3.3833333333333333,3.008333333333333,4.925,3.786111111111111,7.533333333333333,6.772222222222222,48.0,48.5,13981.0,9158.0,11.7053,7.168633333333335,3510.76,3005.5466666666666,289.0,267.6666666666667,1.0,0.3333333333333333,50.0,16.666666666666668,51.0,17.0,340.0,284.6666666666667,508.0,723.6666666666666,48.44235897064209,48.77814261118571,180.0,60.0,29.98333333333333,9.994444444444444,29.98333333333333,9.994444444444444,False,0.7068721804388377,good,,,,False,True,False,11
p06,3.0,3.0,7,7.0,4.0,2.0,4.0,2019-11-13 11:31:13.424,2019-11-13,11.516666666666667,False,2019-11-13,False,1,0,2,147,1422.0,1063.0,603.0,True,False,7.633333333333334,7.511111111111112,100.0,96.0,2.9,2.5416666666666665,5.125,5.086111111111111,8.216666666666667,8.53888888888889,49.0,48.66666666666666,17504.0,12748.666666666666,14.249,10.301600000000002,3716.62,3329.373333333333,312.0,288.6666666666667,19.0,6.666666666666667,54.0,34.666666666666664,73.0,41.333333333333336,385.0,330.0,603.0,684.6666666666666,49.36676692962647,48.98324457804362,150.0,110.0,32.233333333333334,20.73888888888889,32.233333333333334,20.73888888888889,False,-0.9351462894356071,bad,,,,False,True,False,12
p06,2.0,3.0,5,5.0,3.0,2.0,3.0,2019-11-14 13:14:51.420,2019-11-14,13.233333333333333,False,2019-11-14,False,1,0,3,147,1408.0,1057.0,580.0,True,False,5.65,6.68888888888889,99.0,99.0,3.7666666666666666,3.35,3.8916666666666666,4.647222222222222,6.116666666666666,7.288888888888889,49.0,48.66666666666666,15675.0,15720.0,12.6203,12.858200000000002,3757.89,3661.756666666666,282.0,294.3333333333333,23.0,14.333333333333334,62.0,55.333333333333336,85.0,69.66666666666667,367.0,364.0,580.0,563.6666666666666,49.37032604217529,49.05981731414795,210.0,180.0,35.28333333333333,32.5,35.28333333333333,32.5,False,-2.5674290084253157,bad,,,,False,True,False,13
p06,2.0,3.0,7,6.0,4.0,3.0,3.0,2019-11-15 13:03:31.014,2019-11-15,13.05,False,2019-11-15,False,1,0,4,147,1403.0,1052.0,613.0,True,False,6.633333333333334,6.638888888888889,97.0,98.66666666666669,4.55,3.738888888888889,5.866666666666666,4.961111111111111,7.316666666666666,7.216666666666666,48.0,48.66666666666666,19704.0,17627.666666666668,16.358800000000002,14.409366666666669,3768.05,3747.52,292.0,295.3333333333333,25.0,22.33333333333333,71.0,62.333333333333336,96.0,84.66666666666667,388.0,380.0,613.0,598.6666666666666,48.758840560913086,49.16531117757162,200.0,186.66666666666663,50.36666666666667,39.29444444444445,50.36666666666667,39.29444444444445,False,-2.5674290084253157,bad,,,,False,True,False,14
p06,3.0,4.0,6,6.0,2.0,3.0,4.0,2019-11-16 13:15:17.641,2019-11-16,13.25,False,2019-11-16,False,1,0,5,147,1414.0,1059.0,656.0,True,False,6.183333333333334,6.155555555555556,94.0,96.66666666666669,5.841666666666667,4.719444444444444,7.033333333333333,5.597222222222221,7.183333333333334,6.872222222222223,48.0,48.333333333333336,10308.0,15229.0,7.6115,12.196866666666669,3179.77,3568.57,334.0,302.6666666666667,7.0,18.33333333333333,4.0,45.66666666666666,11.0,64.0,345.0,366.6666666666667,656.0,616.3333333333334,48.40552234649658,48.84489631652832,0.0,136.66666666666666,0.0,28.55,0.0,28.55,False,0.7068721804388377,good,,,-0.3583333333333325,False,False,False,15
p06,3.0,4.0,5,7.0,2.0,2.0,4.0,2019-11-17 15:41:18.738,2019-11-17,15.683333333333334,False,2019-11-17,False,1,0,6,147,1417.0,1068.0,669.0,True,False,8.516666666666667,7.111111111111112,92.0,94.33333333333331,3.9166666666666665,4.769444444444445,8.525,7.141666666666667,10.6,8.366666666666665,48.0,48.0,20966.0,16992.666666666668,17.1583,13.709533333333336,3824.98,3590.933333333333,230.0,285.3333333333333,32.0,21.33333333333333,78.0,51.0,110.0,72.33333333333333,340.0,357.6666666666667,669.0,646.0,48.43335723876953,48.53257338205973,250.0,150.0,46.03333333333333,32.13333333333333,46.03333333333333,32.13333333333333,False,0.7068721804388377,good,4887.0,24.0,2.000000000000001,True,False,False,16
p06,3.0,4.0,6,7.0,4.0,4.0,4.0,2019-11-18 13:20:08.415,2019-11-18,13.333333333333334,False,2019-11-18,False,1,0,0,147,1289.0,930.0,514.0,True,False,7.05,7.25,99.0,95.0,4.783333333333333,4.847222222222222,6.625,7.394444444444445,7.833333333333333,8.53888888888889,47.0,47.66666666666666,11738.0,14337.333333333334,9.6725,11.480766666666668,3337.01,3447.2533333333336,232.0,265.3333333333333,8.0,15.666666666666666,50.0,44.0,58.0,59.66666666666666,290.0,325.0,514.0,613.0,47.73354721069336,48.19080893198649,240.0,163.33333333333334,35.81666666666667,27.28333333333333,35.81666666666667,27.28333333333333,False,0.7068721804388377,good,-4745.0,-29.0,0.5083333333333337,True,False,False,17
p06,3.0,4.0,3,7.0,3.0,2.0,4.0,2019-11-19 14:19:23.188,2019-11-19,14.316666666666666,False,2019-11-19,False,1,0,1,147,1424.0,1069.0,567.0,True,False,7.216666666666667,7.594444444444444,94.0,95.0,4.841666666666667,4.513888888888888,7.341666666666667,7.497222222222223,8.5,8.977777777777776,47.0,47.333333333333336,17916.0,16873.333333333332,14.7483,13.859699999999998,3884.51,3682.1666666666665,316.0,259.3333333333333,15.0,18.33333333333333,72.0,66.66666666666667,87.0,85.0,403.0,344.3333333333333,567.0,583.3333333333334,47.80309867858887,47.99000104268392,120.0,203.33333333333331,60.85,47.56666666666666,45.48333333333333,42.44444444444445,False,0.7068721804388377,good,1837.0,1.0,0.6500000000000004,False,True,False,18
p06,3.0,4.0,6,6.0,4.0,3.0,4.0,2019-11-20 13:57:53.430,2019-11-20,13.95,False,2019-11-20,False,1,0,2,147,1404.0,1053.0,634.0,True,False,6.066666666666666,6.777777777777778,98.0,97.0,6.991666666666666,5.538888888888889,7.958333333333333,7.308333333333334,6.966666666666667,7.766666666666667,47.0,47.0,9460.0,13038.0,6.9659,10.462233333333335,2889.4,3370.306666666667,296.0,281.3333333333333,0.0,7.666666666666667,0.0,40.66666666666666,0.0,48.333333333333336,296.0,329.6666666666667,634.0,571.6666666666666,47.42105865478516,47.6525681813558,0.0,120.0,0.0,32.22222222222222,0.0,27.100000000000005,False,0.7068721804388377,good,-7023.0,-87.0,-0.5333333333333332,False,True,False,19
p06,3.0,4.0,4,7.0,4.0,2.0,4.0,2019-11-21 13:22:01.147,2019-11-21,13.366666666666667,False,2019-11-21,False,1,0,3,147,1409.0,1056.0,635.0,True,False,7.266666666666667,6.849999999999999,98.0,96.66666666666669,5.4,5.7444444444444445,7.341666666666667,7.547222222222222,7.933333333333334,7.8,49.0,47.66666666666666,16304.0,14560.0,13.746200000000002,11.820133333333336,3853.1,3542.3366666666666,287.0,299.6666666666667,49.0,21.33333333333333,51.0,41.0,100.0,62.333333333333336,387.0,362.0,635.0,612.0,49.95540523529053,48.39318752288818,240.0,120.0,40.05,33.63333333333333,40.05,28.51111111111111,False,0.7068721804388377,good,225.0,14.0,0.7000000000000002,False,True,False,20
p06,3.0,5.0,5,7.0,4.0,3.0,3.0,2019-11-22 13:17:24.647,2019-11-22,13.283333333333331,False,2019-11-22,False,1,0,4,147,1402.0,1060.0,706.0,True,False,7.116666666666666,6.816666666666666,98.0,98.0,5.275,5.888888888888889,7.275,7.524999999999999,8.0,7.633333333333333,49.0,48.333333333333336,8133.0,11299.0,5.94,8.884033333333335,2817.73,3186.7433333333333,231.0,271.3333333333333,24.0,24.33333333333333,3.0,18.0,27.0,42.333333333333336,258.0,313.6666666666667,706.0,658.3333333333334,49.05532264709473,48.81059551239014,0.0,80.0,0.0,13.35,0.0,13.35,False,1.6420184698744447,good,-8171.0,-60.0,0.5166666666666666,False,True,False,21
p06,1.0,3.0,3,3.0,2.0,3.0,2.0,2019-11-23 13:21:04.790,2019-11-23,13.35,False,2019-11-23,False,1,0,5,147,1409.0,1060.0,762.0,True,False,2.7666666666666666,5.716666666666666,94.0,96.66666666666669,15.733333333333333,8.802777777777777,12.933333333333334,9.183333333333335,3.2,6.377777777777777,49.0,49.0,7391.0,10609.333333333334,5.409800000000001,8.365333333333334,2586.83,3085.8866666666668,189.0,235.66666666666663,7.0,26.666666666666668,2.0,18.666666666666668,9.0,45.333333333333336,198.0,281.0,762.0,701.0,49.12011814117432,49.37694867451986,0.0,80.0,0.0,13.35,0.0,13.35,False,-4.199711727415025,bad,-8598.5,-77.0,-3.866666666666667,False,False,False,22
p06,2.0,3.0,7,8.0,2.0,3.0,2.0,2019-11-24 13:48:39.717,2019-11-24,13.8,False,2019-11-24,False,1,0,6,147,1385.0,1039.0,985.0,True,False,5.083333333333333,4.988888888888888,96.0,96.0,11.633333333333333,10.880555555555556,11.466666666666669,10.558333333333332,5.833333333333333,5.677777777777777,47.0,48.333333333333336,6690.0,7404.666666666667,4.7856000000000005,5.378466666666667,2831.28,2745.28,263.0,227.66666666666663,0.0,10.333333333333334,0.0,1.6666666666666667,0.0,12.0,263.0,239.66666666666663,985.0,817.6666666666666,47.8447847366333,48.67340850830078,0.0,0.0,0.0,0.0,0.0,0.0,False,-3.2743011888641536,bad,-8985.0,-85.0,-1.5166666666666666,True,False,False,23
p06,1.0,4.0,3,2.0,3.0,2.0,2.0,2019-11-25 09:03:33.905,2019-11-25,9.05,False,2019-11-25,False,1,0,0,147,1270.0,926.0,634.0,False,False,,3.925,,95.0,,13.683333333333334,,12.2,,4.516666666666667,,48.0,14428.0,9503.0,11.694400000000002,7.2966000000000015,3390.58,2936.23,138.0,196.66666666666663,18.0,8.333333333333334,83.0,28.33333333333333,101.0,36.66666666666666,239.0,233.33333333333331,634.0,793.6666666666666,48.90261650085449,48.62250645955404,150.0,50.0,80.58333333333334,26.861111111111114,30.23333333333333,10.077777777777778,False,-2.5576932575405804,bad,-400.0,22.0,,True,False,False,24
p06,1.0,4.0,4,3.0,3.0,3.0,2.0,2019-11-26 09:03:32.945,2019-11-26,9.05,False,2019-11-26,False,1,0,1,147,1371.0,1031.0,899.0,True,False,2.8,3.9416666666666655,95.0,95.5,3.066666666666667,7.35,0.35,5.908333333333333,3.283333333333333,4.558333333333334,50.0,48.5,9446.0,10188.0,6.9194,7.7998,3304.03,3175.296666666667,312.0,237.66666666666663,27.0,15.0,35.0,39.333333333333336,62.0,54.333333333333336,374.0,292.0,899.0,839.3333333333334,50.71913146972656,49.15551090240479,0.0,50.0,40.95,40.51111111111111,40.95,23.727777777777774,False,-2.5576932575405804,bad,-4982.0,-23.0,-3.7666666666666666,False,True,False,25
p06,2.0,4.0,4,4.0,2.0,3.0,2.0,2019-11-27 11:05:42.617,2019-11-27,11.083333333333334,False,2019-11-27,False,1,0,2,147,1377.0,1035.0,655.0,True,False,4.266666666666667,3.533333333333333,100.0,97.5,8.941666666666666,6.004166666666666,7.808333333333334,4.079166666666667,4.866666666666666,4.074999999999999,51.0,50.5,14819.0,12897.666666666666,10.9884,9.867400000000002,3531.48,3408.6966666666667,493.0,314.3333333333333,0.0,15.0,0.0,39.333333333333336,0.0,54.333333333333336,493.0,368.6666666666667,655.0,729.3333333333334,51.827260971069336,50.48300298055013,0.0,50.0,0.0,40.51111111111111,0.0,23.727777777777774,False,-1.6322827189897087,bad,614.5,-79.0,-2.2749999999999995,False,True,False,26
p06,3.0,4.0,6,7.0,4.0,2.0,2.0,2019-11-28 05:47:26.262,2019-11-28,5.783333333333333,False,2019-11-28,False,1,0,3,147,1397.0,1045.0,736.0,True,False,7.216666666666667,4.761111111111112,97.0,97.33333333333331,3.733333333333333,5.247222222222223,5.775,4.644444444444445,8.033333333333333,5.394444444444443,51.0,50.66666666666666,11558.0,11941.0,8.5606,8.822799999999999,3325.56,3387.023333333333,382.0,395.6666666666667,24.0,17.0,6.0,13.666666666666666,30.0,30.666666666666668,412.0,426.3333333333333,736.0,763.3333333333334,51.0802583694458,51.2088836034139,0.0,0.0,0.0,13.65,0.0,13.65,False,-0.7068721804388377,bad,-2870.0,-43.0,0.7000000000000002,False,True,False,27
p06,2.0,4.0,5,4.0,3.0,3.0,2.0,2019-11-29 06:48:59.670,2019-11-29,6.8,False,2019-11-29,False,1,0,4,147,1398.0,1056.0,483.0,True,False,3.783333333333333,5.088888888888889,96.0,97.66666666666669,7.725,6.8,6.4,6.661111111111111,4.666666666666667,5.855555555555555,49.0,50.333333333333336,14498.0,13625.0,10.7504,10.0998,3870.88,3575.9733333333334,383.0,419.3333333333333,52.0,25.33333333333333,40.0,15.333333333333334,92.0,40.66666666666666,475.0,460.0,483.0,624.6666666666666,49.935075759887695,50.94753170013428,0.0,0.0,44.38333333333333,14.794444444444444,44.38333333333333,14.794444444444444,False,-1.6322827189897087,bad,293.5,24.5,-2.758333333333333,False,True,False,28
p06,3.0,4.0,6,7.0,4.0,3.0,4.0,2019-11-30 08:40:25.543,2019-11-30,8.666666666666666,False,2019-11-30,False,1,0,5,147,1392.0,1043.0,653.0,True,False,7.366666666666666,6.122222222222223,100.0,97.66666666666669,6.416666666666667,5.958333333333333,8.458333333333334,6.877777777777777,8.033333333333333,6.911111111111111,49.0,49.66666666666666,18461.0,14839.0,13.7209,11.010633333333333,4222.12,3806.1866666666665,389.0,384.6666666666667,47.0,41.0,71.0,39.0,118.0,80.0,507.0,464.6666666666667,653.0,624.0,49.34235763549805,50.11923058827718,0.0,0.0,0.0,14.794444444444444,0.0,14.794444444444444,False,0.7068721804388377,good,4033.0,45.0,0.8499999999999996,False,False,False,29
p06,3.0,4.0,6,7.0,4.0,3.0,2.0,2019-12-01 08:59:12.124,2019-12-01,8.983333333333333,False,2019-12-01,False,1,0,6,147,1357.0,1005.0,644.0,True,False,7.316666666666666,6.155555555555556,98.0,98.0,6.925,7.022222222222222,8.958333333333334,7.93888888888889,8.033333333333333,6.911111111111111,49.0,49.0,12564.0,15174.333333333334,9.6955,11.388933333333334,3396.25,3829.75,286.0,352.6666666666667,0.0,33.0,28.0,46.333333333333336,28.0,79.33333333333333,314.0,432.0,644.0,593.3333333333334,49.17588520050049,49.48443953196208,180.0,60.0,15.016666666666667,19.8,15.016666666666667,19.8,False,-0.7068721804388377,bad,-1899.0,-51.0,0.7999999999999998,True,False,False,30
p06,2.0,4.0,4,5.0,3.0,2.0,3.0,2019-12-02 06:21:02.943,2019-12-02,6.35,False,2019-12-02,False,1,0,0,147,1397.0,1049.0,637.0,True,False,5.383333333333334,6.688888888888889,97.0,98.33333333333331,6.283333333333333,6.541666666666667,6.308333333333334,7.908333333333334,6.016666666666667,7.361111111111112,48.0,48.66666666666666,10273.0,13766.0,8.2637,10.560033333333337,3471.37,3696.58,256.0,310.3333333333333,15.0,20.666666666666668,50.0,49.66666666666666,65.0,70.33333333333333,321.0,380.6666666666667,637.0,644.6666666666666,48.77186584472656,49.09670289357504,270.0,150.0,23.316666666666663,12.77777777777778,23.316666666666663,12.77777777777778,False,-0.9254105385508712,bad,-3931.5,-2.5,-1.1833333333333327,True,False,False,31
p06,3.0,4.0,5,6.0,4.0,3.0,3.0,2019-12-03 07:13:14.463,2019-12-03,7.216666666666667,False,2019-12-03,False,1,0,1,147,1353.0,998.0,617.0,True,False,5.483333333333333,6.061111111111111,97.0,97.33333333333331,5.975,6.394444444444445,6.183333333333334,7.150000000000001,6.2,6.75,49.0,48.66666666666666,16083.0,12973.333333333334,12.069400000000002,10.009533333333335,3745.61,3537.7433333333333,418.0,320.0,16.0,10.333333333333334,28.0,35.333333333333336,44.0,45.66666666666666,462.0,365.6666666666667,617.0,632.6666666666666,49.75484848022461,49.23419984181722,0.0,150.0,0.0,12.77777777777778,0.0,12.77777777777778,False,0.0,neutral,1878.5,-25.0,-1.083333333333333,False,True,False,32
p06,2.0,3.0,7,5.0,2.0,4.0,3.0,2019-12-04 06:17:24.185,2019-12-04,6.283333333333333,False,2019-12-04,False,1,0,2,147,1283.0,942.0,619.0,True,False,5.216666666666667,5.361111111111111,97.0,97.0,6.2,6.152777777777779,6.275,6.255555555555556,6.066666666666666,6.094444444444444,49.0,48.66666666666666,17480.0,14612.0,12.8496,11.060900000000002,3834.29,3683.756666666666,324.0,332.6666666666667,53.0,28.0,72.0,50.0,125.0,78.0,449.0,410.6666666666667,619.0,624.3333333333334,49.296552658081055,49.27442232767741,0.0,90.0,0.0,7.772222222222222,0.0,7.772222222222222,False,-2.5674290084253157,bad,3275.5,61.5,-1.0999999999999996,False,True,False,33
p06,3.0,4.0,6,6.0,4.0,3.0,3.0,2019-12-05 09:00:44.527,2019-12-05,9.0,False,2019-12-05,False,1,0,3,147,1385.0,1028.0,702.0,True,False,6.266666666666667,5.655555555555556,96.0,96.66666666666669,5.466666666666667,5.880555555555556,6.458333333333333,6.305555555555556,6.983333333333333,6.416666666666667,47.0,48.333333333333336,15580.0,16381.0,12.2014,12.373466666666667,3571.48,3717.126666666667,303.0,348.3333333333333,12.0,27.0,59.0,53.0,71.0,80.0,374.0,428.3333333333333,702.0,646.0,47.86725616455078,48.97288576761881,150.0,50.0,30.03333333333333,10.011111111111113,30.03333333333333,10.011111111111113,False,0.0,neutral,1375.5,7.5,0.06666666666666643,False,True,False,34
p06,3.0,4.0,7,6.0,3.0,3.0,3.0,2019-12-06 07:40:30.643,2019-12-06,7.666666666666667,False,2019-12-06,False,1,0,4,147,1419.0,1060.0,565.0,True,False,6.533333333333333,6.005555555555556,99.0,97.33333333333331,5.075,5.580555555555556,6.066666666666666,6.266666666666666,6.983333333333333,6.677777777777777,49.0,48.333333333333336,16724.0,16594.666666666668,12.1722,12.407733333333336,3871.16,3758.976666666667,342.0,323.0,50.0,38.333333333333336,64.0,65.0,114.0,103.33333333333331,456.0,426.3333333333333,565.0,628.6666666666666,49.63007926940918,48.931296030680336,0.0,50.0,0.0,10.011111111111113,0.0,10.011111111111113,False,0.0,neutral,2261.0,50.5,0.33333333333333304,False,True,False,35
p06,3.0,4.0,7,7.0,4.0,3.0,2.0,2019-12-07 09:00:47.900,2019-12-07,9.0,False,2019-12-07,False,1,0,5,147,1383.0,1036.0,583.0,True,False,7.7,6.833333333333333,96.0,97.0,6.383333333333334,5.641666666666667,8.991666666666667,7.172222222222222,8.6,7.522222222222222,48.0,48.0,15567.0,15957.0,11.5894,11.987666666666668,3808.6,3750.413333333333,313.0,319.3333333333333,67.0,43.0,58.0,60.333333333333336,125.0,103.33333333333331,438.0,422.6666666666667,583.0,616.6666666666666,48.60337257385254,48.70023600260416,0.0,50.0,0.0,10.011111111111113,0.0,10.011111111111113,False,-0.7068721804388377,bad,1104.0,61.5,1.4333333333333336,False,False,False,36
p06,3.0,4.0,7,6.0,4.0,3.0,2.0,2019-12-08 07:23:36.090,2019-12-08,7.383333333333334,False,2019-12-08,False,1,0,6,147,1406.0,1053.0,678.0,True,False,6.15,6.794444444444444,99.0,98.0,6.483333333333333,5.980555555555555,7.375,7.477777777777778,6.883333333333334,7.48888888888889,48.0,48.333333333333336,5831.0,12707.333333333334,4.3216,9.361066666666668,2710.9,3463.5533333333333,233.0,296.0,7.0,41.333333333333336,6.0,42.66666666666666,13.0,84.0,246.0,380.0,678.0,608.6666666666666,48.88244342803955,49.038631757100426,0.0,0.0,0.0,0.0,0.0,0.0,False,-0.7068721804388377,bad,-8632.0,-50.5,-0.38333333333333286,True,False,False,37
p06,3.0,4.0,6,5.0,3.0,4.0,3.0,2019-12-09 09:00:20.825,2019-12-09,9.0,False,2019-12-09,False,1,0,0,147,1321.0,961.0,749.0,True,False,5.283333333333333,6.377777777777777,99.0,98.0,5.666666666666667,6.177777777777778,5.625,7.330555555555556,5.95,7.144444444444445,49.0,48.333333333333336,11579.0,10992.333333333334,10.1175,8.676166666666667,3328.77,3282.7566666666667,231.0,259.0,1.0,25.0,46.0,36.66666666666666,47.0,61.66666666666666,278.0,320.6666666666667,749.0,670.0,49.228132247924805,48.90464941660563,200.0,66.66666666666667,0.0,0.0,0.0,0.0,False,0.0,neutral,-2884.0,-16.5,-1.25,True,False,False,38
p06,3.0,4.0,4,6.0,4.0,2.0,2.0,2019-12-10 07:25:48.619,2019-12-10,7.416666666666667,False,2019-12-10,False,1,0,1,147,1440.0,1080.0,566.0,True,False,5.966666666666667,5.8,97.0,98.33333333333331,5.55,5.9,6.033333333333333,6.344444444444444,6.483333333333333,6.438888888888889,49.0,48.66666666666666,22656.0,13355.333333333334,18.5828,11.0073,4329.87,3456.513333333333,447.0,303.6666666666667,13.0,7.0,57.0,36.333333333333336,70.0,43.333333333333336,517.0,347.0,566.0,664.3333333333334,49.52094745635986,49.21050771077474,160.0,120.0,39.31666666666667,13.105555555555556,39.31666666666667,13.105555555555556,False,-0.7068721804388377,bad,8193.0,6.5,-0.2999999999999998,False,True,False,39
p06,2.0,4.0,6,5.0,2.0,3.0,2.0,2019-12-11 06:24:37.507,2019-12-11,6.4,False,2019-12-11,False,1,0,2,147,1422.0,1069.0,541.0,True,False,5.35,5.533333333333334,97.0,97.66666666666669,5.875,5.697222222222223,5.975,5.877777777777777,6.1,6.177777777777777,50.0,49.333333333333336,19470.0,17901.666666666668,14.5444,14.4149,4251.08,3969.906666666667,347.0,341.6666666666667,98.0,37.333333333333336,65.0,56.0,163.0,93.33333333333331,510.0,435.0,541.0,618.6666666666666,50.279911041259766,49.67633024851481,0.0,120.0,0.0,13.105555555555556,0.0,13.105555555555556,False,-1.6322827189897087,bad,4811.5,95.5,-0.8333333333333339,False,True,False,40
p06,2.0,4.0,6,6.0,3.0,3.0,2.0,2019-12-12 07:04:17.886,2019-12-12,7.066666666666666,False,2019-12-12,False,1,0,3,147,1430.0,1070.0,565.0,True,False,6.033333333333333,5.783333333333334,98.0,97.33333333333331,5.516666666666667,5.647222222222222,6.291666666666667,6.099999999999999,6.766666666666667,6.45,50.0,49.66666666666666,18762.0,20296.0,13.9979,15.708366666666668,3967.72,4182.889999999999,423.0,405.6666666666667,54.0,55.0,32.0,51.333333333333336,86.0,106.33333333333331,509.0,512.0,565.0,557.3333333333334,50.82588863372803,50.20891571044922,0.0,53.333333333333336,0.0,13.105555555555556,0.0,13.105555555555556,False,-1.6322827189897087,bad,4103.5,18.5,-0.11666666666666714,False,True,False,41
p06,3.0,4.0,7,6.0,3.0,3.0,2.0,2019-12-13 07:54:23.294,2019-12-13,7.9,False,2019-12-13,False,1,0,4,147,1422.0,1063.0,543.0,True,False,5.866666666666666,5.75,99.0,98.0,5.691666666666666,5.694444444444444,6.125,6.130555555555556,6.433333333333334,6.433333333333333,50.0,50.0,18545.0,18925.666666666668,13.855100000000002,14.132466666666668,4108.95,4109.25,325.0,365.0,99.0,83.66666666666667,67.0,54.66666666666666,166.0,138.33333333333334,491.0,503.3333333333333,543.0,549.6666666666666,50.99330234527588,50.699700673421226,0.0,0.0,0.0,0.0,0.0,0.0,False,-0.7068721804388377,bad,3886.5,98.5,-0.2833333333333341,False,True,False,42
p06,3.0,4.0,7,6.0,4.0,3.0,2.0,2019-12-14 08:36:16.738,2019-12-14,8.6,False,2019-12-14,False,1,0,5,147,1425.0,1070.0,535.0,True,False,6.083333333333333,5.9944444444444445,98.0,98.33333333333331,6.216666666666667,5.808333333333334,6.9,6.438888888888889,6.683333333333334,6.627777777777777,49.0,49.66666666666666,20325.0,19210.666666666668,15.0599,14.304300000000003,4225.77,4100.8133333333335,378.0,375.3333333333333,72.0,75.0,69.0,56.0,141.0,131.0,519.0,506.3333333333333,535.0,547.6666666666666,49.672696113586426,50.49729569753011,0.0,0.0,0.0,0.0,0.0,0.0,False,-0.7068721804388377,bad,5666.5,73.5,0.016666666666666607,False,False,False,43
p06,2.0,4.0,3,5.0,3.0,3.0,4.0,2019-12-15 10:36:01.130,2019-12-15,10.6,False,2019-12-15,False,1,0,6,147,1342.0,982.0,611.0,True,False,4.116666666666666,5.355555555555555,97.0,98.0,10.033333333333331,7.313888888888889,8.658333333333333,7.227777777777778,4.616666666666666,5.911111111111111,52.0,50.333333333333336,10382.0,16417.333333333332,7.693600000000001,12.202866666666669,3339.07,3891.263333333334,396.0,366.3333333333333,14.0,61.66666666666666,18.0,51.333333333333336,32.0,113.0,428.0,479.3333333333333,611.0,563.0,52.13210582733154,50.932701428731285,0.0,0.0,20.1,6.7,0.0,0.0,False,-0.21853835811203354,neutral,-4811.0,-38.5,-1.9500000000000002,True,False,False,44
p06,2.0,4.0,6,8.0,4.0,3.0,3.0,2019-12-16 06:12:07.018,2019-12-16,6.2,False,2019-12-16,False,1,0,0,147,1436.0,1076.0,796.0,True,False,8.016666666666667,6.072222222222222,96.0,97.0,3.275,6.508333333333333,6.016666666666667,7.191666666666667,8.733333333333333,6.677777777777777,54.0,51.66666666666666,4724.0,11810.333333333334,3.4789000000000003,8.744133333333334,2747.91,3437.583333333333,257.0,343.6666666666667,0.0,28.666666666666668,0.0,29.0,0.0,57.66666666666666,257.0,401.3333333333333,796.0,647.3333333333334,54.44973850250244,52.08484681447347,0.0,0.0,0.0,6.7,0.0,0.0,False,-0.9254105385508712,bad,-9934.5,-67.5,1.9833333333333343,True,False,False,45
p06,3.0,4.0,6,6.0,2.0,3.0,3.0,2019-12-17 06:02:02.310,2019-12-17,6.033333333333333,False,2019-12-17,False,1,0,1,147,1437.0,1077.0,419.0,True,False,5.683333333333334,5.938888888888889,97.0,96.66666666666669,5.4,6.236111111111112,6.008333333333334,6.894444444444445,6.6,6.65,53.0,53.0,19651.0,11585.666666666666,14.5459,8.5728,4161.68,3416.22,319.0,324.0,102.0,38.66666666666666,76.0,31.33333333333333,178.0,70.0,497.0,394.0,419.0,608.6666666666666,53.23853015899658,53.27345816294352,0.0,0.0,0.0,6.7,0.0,0.0,False,0.0,neutral,4992.5,110.5,-0.34999999999999964,False,True,False,46
p06,2.0,4.0,3,5.0,2.0,3.0,2.0,2019-12-18 09:00:17.907,2019-12-18,9.0,False,2019-12-18,False,1,0,2,147,1431.0,1073.0,564.0,True,False,5.683333333333334,6.461111111111111,99.0,97.33333333333331,5.7,4.791666666666667,6.325,6.116666666666667,6.616666666666666,7.3166666666666655,52.0,53.0,20030.0,14801.666666666666,14.7811,10.9353,4299.5,3736.363333333333,263.0,279.6666666666667,114.0,72.0,103.0,59.66666666666666,217.0,131.66666666666666,480.0,411.3333333333333,564.0,593.0,52.24363708496094,53.31063524881999,0.0,0.0,20.48333333333333,6.827777777777778,0.0,0.0,False,-1.6322827189897087,bad,5371.5,149.5,-0.2833333333333332,False,True,False,47
p06,3.0,4.0,2,5.0,2.0,3.0,2.0,2019-12-19 08:24:34.202,2019-12-19,8.4,False,2019-12-19,False,1,0,3,147,1432.0,1072.0,574.0,True,False,5.45,5.605555555555555,99.0,98.33333333333331,5.783333333333333,5.627777777777777,6.025,6.1194444444444445,6.233333333333333,6.483333333333333,50.0,51.66666666666666,17962.0,19214.33333333333,13.3006,14.2092,4101.69,4187.623333333333,292.0,291.3333333333333,101.0,105.66666666666669,76.0,85.0,177.0,190.66666666666663,469.0,482.0,574.0,519.0,50.94245624542236,52.14154116312663,0.0,0.0,0.0,6.827777777777778,0.0,0.0,False,-0.7068721804388377,bad,2769.0,106.5,-0.4166666666666661,False,True,False,48
p06,2.0,4.0,3,5.0,2.0,3.0,2.0,2019-12-20 08:24:08.269,2019-12-20,8.4,False,2019-12-20,False,1,0,4,147,1412.0,1054.0,535.0,True,False,5.6,5.577777777777778,96.0,98.0,5.825,5.769444444444445,6.216666666666667,6.188888888888889,6.383333333333334,6.411111111111111,50.0,50.66666666666666,19380.0,19124.0,14.498,14.193233333333334,3956.69,4119.293333333333,467.0,340.6666666666667,47.0,87.33333333333333,17.0,65.33333333333333,64.0,152.66666666666666,531.0,493.3333333333333,535.0,557.6666666666666,50.84127807617188,51.3424571355184,0.0,0.0,0.0,6.827777777777778,0.0,0.0,False,-1.6322827189897087,bad,4187.0,-6.5,-0.08333333333333393,False,True,False,49
p06,2.0,4.0,4,8.0,4.0,3.0,3.0,2019-12-21 07:58:30.306,2019-12-21,7.966666666666667,False,2019-12-21,False,1,0,5,147,1425.0,1067.0,488.0,True,False,7.933333333333334,6.327777777777778,99.0,98.0,5.325,5.644444444444445,7.941666666666666,6.727777777777778,8.616666666666667,7.077777777777778,51.0,50.333333333333336,23042.0,20128.0,17.0793,14.9593,4889.46,4315.946666666667,280.0,346.3333333333333,120.0,89.33333333333333,169.0,87.33333333333333,289.0,176.66666666666666,569.0,523.0,488.0,532.3333333333334,51.65349578857422,51.14574337005615,0.0,0.0,0.0,0.0,0.0,0.0,False,-0.9254105385508712,bad,7468.5,218.5,2.25,False,False,False,50
p06,3.0,4.0,8,7.0,4.0,3.0,4.0,2019-12-22 07:23:21.413,2019-12-22,7.383333333333334,False,2019-12-22,False,1,0,6,147,1378.0,1019.0,668.0,True,False,6.966666666666667,6.833333333333333,97.0,97.33333333333331,5.391666666666667,5.513888888888889,7.358333333333333,7.172222222222222,7.966666666666667,7.655555555555556,51.0,50.66666666666666,5683.0,16035.0,4.210800000000001,11.929366666666668,2696.49,3847.5466666666666,244.0,330.3333333333333,7.0,58.0,4.0,63.333333333333336,11.0,121.33333333333331,255.0,451.6666666666667,668.0,563.6666666666666,51.269646644592285,51.25480683644613,0.0,0.0,0.0,0.0,0.0,0.0,False,0.7068721804388377,good,-10148.5,-67.5,1.2833333333333332,True,False,False,51
p06,2.0,4.0,6,6.0,2.0,2.0,3.0,2019-12-23 07:51:48.691,2019-12-23,7.85,False,2019-12-23,False,1,0,0,147,1428.0,1068.0,636.0,True,False,6.633333333333334,7.177777777777778,90.0,95.33333333333331,5.958333333333333,5.558333333333334,7.841666666666667,7.713888888888889,7.883333333333334,8.155555555555557,50.0,50.66666666666666,13713.0,14146.0,10.6589,10.649666666666668,3357.83,3647.926666666666,265.0,263.0,12.0,46.333333333333336,49.0,74.0,61.0,120.33333333333331,326.0,383.3333333333333,636.0,597.3333333333334,50.92608547210693,51.28307596842448,90.0,30.0,46.23333333333333,15.411111111111111,30.016666666666666,10.005555555555556,False,-0.9254105385508712,bad,-2118.5,-17.5,0.7666666666666675,True,False,False,52
p06,3.0,4.0,6,6.0,4.0,3.0,4.0,2019-12-24 08:22:36.776,2019-12-24,8.366666666666667,False,2019-12-24,False,1,0,1,147,1425.0,1068.0,569.0,True,False,6.616666666666666,6.73888888888889,97.0,94.66666666666669,5.841666666666667,5.730555555555555,7.25,7.483333333333333,7.4,7.75,50.0,50.333333333333336,15738.0,11711.333333333334,11.691,8.853566666666667,3686.86,3247.06,273.0,260.6666666666667,62.0,27.0,63.0,38.66666666666666,125.0,65.66666666666667,398.0,326.3333333333333,569.0,624.3333333333334,50.63756561279297,50.9444325764974,0.0,30.0,15.35,20.52777777777778,0.0,10.005555555555556,False,0.7068721804388377,good,-93.5,54.5,0.7000000000000002,False,True,False,53
p06,3.0,4.0,6,8.0,4.0,3.0,4.0,2019-12-26 09:37:22.007,2019-12-26,9.616666666666667,False,2019-12-26,False,1,0,3,147,1431.0,1071.0,732.0,True,False,8.116666666666667,7.016666666666667,95.0,96.33333333333331,6.4,6.3694444444444445,9.608333333333333,8.233333333333333,9.2,7.855555555555554,51.0,50.66666666666666,4737.0,10415.333333333334,3.5057000000000005,7.833433333333335,2735.71,3183.67,290.0,272.0,0.0,23.33333333333333,0.0,35.666666666666664,0.0,59.0,290.0,331.0,732.0,664.0,51.39150047302246,51.16208426157633,0.0,66.66666666666667,0.0,18.272222222222226,0.0,13.155555555555557,False,0.7068721804388377,good,-11173.5,-78.5,2.0583333333333336,False,True,False,55
p06,2.0,4.0,3,5.0,3.0,3.0,2.0,2019-12-27 10:30:13.791,2019-12-27,10.5,False,2019-12-27,False,1,0,4,147,1283.0,928.0,741.0,True,False,5.6,6.677777777777777,96.0,96.0,6.516666666666667,6.594444444444445,6.666666666666667,8.03888888888889,6.15,7.438888888888889,51.0,51.0,2414.0,5974.0,1.7872,4.532166666666668,2309.5,2724.55,147.0,230.0,0.0,2.6666666666666665,0.0,14.666666666666666,0.0,17.333333333333332,147.0,247.33333333333331,741.0,721.3333333333334,51.85122680664063,51.56663799285889,0.0,66.66666666666667,0.0,13.155555555555557,0.0,13.155555555555557,False,-1.6322827189897087,bad,-13496.5,-78.5,-0.4583333333333339,False,True,False,56
p06,3.0,4.0,4,8.0,4.0,3.0,4.0,2019-12-28 09:01:43.734,2019-12-28,9.016666666666667,False,2019-12-28,False,1,0,5,147,1435.0,1076.0,659.0,True,False,8.15,7.288888888888889,99.0,96.66666666666669,5.683333333333334,6.2,8.741666666666667,8.338888888888889,9.05,8.133333333333333,52.0,51.333333333333336,13570.0,6907.0,10.0213,5.104733333333334,3459.42,2834.876666666667,332.0,256.3333333333333,63.0,21.0,17.0,5.666666666666667,80.0,26.666666666666668,412.0,283.0,659.0,710.6666666666666,52.095614433288574,51.77944723765055,0.0,0.0,0.0,0.0,0.0,0.0,False,0.7068721804388377,good,-2340.5,9.5,2.091666666666667,False,False,False,57
p06,3.0,3.0,3,7.0,4.0,3.0,3.0,2019-12-29 11:35:11.515,2019-12-29,11.583333333333334,False,2019-12-29,False,1,0,6,147,1437.0,1077.0,681.0,True,False,7.216666666666667,6.98888888888889,98.0,97.66666666666669,6.908333333333333,6.3694444444444445,8.933333333333334,8.113888888888889,8.016666666666667,7.73888888888889,51.0,51.333333333333336,3778.0,6587.333333333333,2.8004,4.869633333333334,2395.5,2721.4733333333334,137.0,205.33333333333331,5.0,22.666666666666668,5.0,7.333333333333333,10.0,30.0,147.0,235.33333333333331,681.0,693.6666666666666,51.33995819091797,51.76226647694906,0.0,0.0,0.0,0.0,0.0,0.0,False,-1.6420184698744447,bad,-11881.0,-60.5,1.1583333333333332,True,False,False,58
p06,2.0,4.0,5,5.0,2.0,3.0,3.0,2019-12-30 08:55:10.185,2019-12-30,8.916666666666666,False,2019-12-30,False,1,0,0,147,1436.0,1077.0,720.0,True,False,5.533333333333333,6.966666666666666,95.0,97.33333333333331,6.333333333333333,6.308333333333334,6.575,8.083333333333334,6.233333333333333,7.766666666666667,51.0,51.333333333333336,8291.0,8546.333333333334,6.440300000000001,6.4206666666666665,2868.8,2907.906666666667,195.0,221.33333333333331,7.0,25.0,37.0,19.666666666666668,44.0,44.66666666666666,239.0,266.0,720.0,686.6666666666666,51.402976989746094,51.61284987131754,90.0,30.0,30.016666666666666,10.005555555555556,30.016666666666666,10.005555555555556,False,-0.9254105385508712,bad,-7368.0,-26.5,-0.5250000000000004,True,False,False,59
p06,2.0,4.0,3,5.0,3.0,3.0,3.0,2019-12-31 07:34:03.946,2019-12-31,7.566666666666666,False,2019-12-31,False,1,0,1,147,1434.0,1074.0,664.0,True,False,5.033333333333333,5.927777777777777,99.0,97.33333333333331,6.891666666666667,6.711111111111111,6.441666666666666,7.316666666666666,5.55,6.6000000000000005,51.0,51.0,12068.0,8045.666666666667,8.947500000000002,6.062733333333334,3461.63,2908.643333333333,349.0,227.0,23.0,11.666666666666666,30.0,24.0,53.0,35.666666666666664,402.0,262.6666666666667,664.0,688.3333333333334,51.905221939086914,51.54938570658366,0.0,30.0,19.616666666666667,16.544444444444444,19.616666666666667,16.544444444444444,False,-0.9254105385508712,bad,-3591.0,-17.5,-1.0250000000000004,False,True,False,60
p06,2.0,3.0,5,6.0,2.0,3.0,2.0,2020-01-01 13:40:27.752,2020-01-01,13.666666666666666,False,2020-01-01,False,1,0,2,147,1434.0,1076.0,781.0,True,False,6.216666666666667,5.594444444444444,99.0,97.66666666666669,7.4,6.875,8.133333333333333,7.05,6.733333333333333,6.172222222222222,51.0,51.0,8574.0,9644.333333333334,6.3555,7.247766666666667,2986.92,3105.7833333333333,302.0,282.0,16.0,15.333333333333334,8.0,25.0,24.0,40.333333333333336,326.0,322.3333333333333,781.0,721.6666666666666,51.82264804840088,51.71028232574463,0.0,30.0,0.0,16.544444444444444,0.0,16.544444444444444,False,-3.2743011888641536,bad,-6999.5,-46.5,0.15833333333333321,False,True,False,61
p06,3.0,4.0,6,5.0,3.0,3.0,3.0,2020-01-02 08:41:29.772,2020-01-02,8.683333333333334,False,2020-01-02,False,1,0,3,147,1368.0,1008.0,811.0,True,False,5.633333333333334,5.627777777777777,98.0,98.66666666666669,6.116666666666666,6.802777777777777,6.225,6.933333333333333,6.1,6.127777777777777,52.0,51.333333333333336,3786.0,8142.666666666667,2.8032000000000004,6.0354,2529.19,2992.5800000000004,225.0,292.0,0.0,13.0,0.0,12.666666666666666,0.0,25.666666666666668,225.0,317.6666666666667,811.0,752.0,52.549004554748535,52.09229151407877,0.0,0.0,0.0,6.538888888888889,0.0,6.538888888888889,False,0.0,neutral,-10854.0,-67.0,-0.4833333333333334,False,True,False,62
p06,3.0,4.0,6,6.0,3.0,3.0,4.0,2020-01-03 09:47:53.943,2020-01-03,9.783333333333331,False,2020-01-03,False,1,0,4,147,1434.0,1074.0,628.0,True,False,6.066666666666666,5.972222222222221,98.0,98.33333333333331,5.2,6.23888888888889,6.041666666666667,6.8,6.833333333333333,6.555555555555556,52.0,51.66666666666666,16366.0,9575.333333333334,11.929900000000002,7.029533333333334,3837.64,3117.9166666666665,359.0,295.3333333333333,27.0,14.333333333333334,60.0,22.666666666666668,87.0,37.0,446.0,332.3333333333333,628.0,740.0,52.59895038604736,52.32353432973226,120.0,40.0,52.45,17.483333333333334,52.45,17.483333333333334,False,0.7068721804388377,good,2724.5,24.5,0.00833333333333286,False,True,False,63
p06,3.0,4.0,2,6.0,3.0,3.0,3.0,2020-01-04 15:36:29.560,2020-01-04,15.6,False,2020-01-04,False,1,0,5,147,1435.0,1075.0,500.0,True,False,5.65,5.783333333333334,98.0,98.0,8.033333333333333,6.45,8.225,6.830555555555556,6.183333333333334,6.372222222222223,54.0,52.66666666666666,21206.0,13786.0,17.1658,10.632966666666666,4198.01,3521.613333333333,337.0,307.0,40.0,22.33333333333333,89.0,49.66666666666666,129.0,72.0,466.0,379.0,500.0,646.3333333333334,54.564680099487305,53.23754501342773,280.0,133.33333333333334,60.18333333333334,37.54444444444445,60.18333333333334,37.54444444444445,False,0.0,neutral,7564.5,66.5,-0.39999999999999947,False,False,False,64
p06,3.0,4.0,6,6.0,4.0,3.0,3.0,2020-01-05 09:06:26.053,2020-01-05,9.1,False,2020-01-05,False,1,0,6,147,1367.0,1008.0,808.0,True,False,6.633333333333334,6.116666666666667,98.0,98.0,6.65,6.627777777777777,7.725,7.330555555555556,7.066666666666666,6.694444444444444,54.0,53.333333333333336,5505.0,14359.0,4.0774,11.057700000000002,2665.7,3567.116666666667,261.0,319.0,0.0,22.33333333333333,0.0,49.66666666666666,0.0,72.0,261.0,391.0,808.0,645.3333333333334,54.468058586120605,53.87722969055176,0.0,133.33333333333334,0.0,37.54444444444445,0.0,37.54444444444445,False,0.0,neutral,-8136.5,-62.5,0.6333333333333337,True,False,False,65
p06,3.0,4.0,8,6.0,3.0,3.0,4.0,2020-01-06 07:55:20.296,2020-01-06,7.916666666666667,False,2020-01-06,False,1,0,0,147,1433.0,1073.0,755.0,True,False,6.0,6.094444444444444,99.0,98.33333333333331,6.266666666666667,6.983333333333334,6.825,7.591666666666666,6.55,6.6000000000000005,54.0,54.0,9205.0,11972.0,7.924600000000001,9.7226,2978.67,3280.793333333333,218.0,272.0,12.0,17.333333333333332,31.0,40.0,43.0,57.333333333333336,261.0,329.3333333333333,755.0,687.6666666666666,54.164082527160645,54.39894040425619,90.0,123.33333333333331,30.066666666666663,30.08333333333333,30.066666666666663,30.08333333333333,False,0.7068721804388377,good,-4436.5,-19.5,0.0,True,False,False,66
p06,2.0,4.0,3,5.0,2.0,3.0,4.0,2020-01-07 08:19:16.115,2020-01-07,8.316666666666666,False,2020-01-07,False,1,0,1,147,1428.0,1068.0,608.0,True,False,5.016666666666667,5.883333333333333,98.0,98.33333333333331,6.866666666666666,6.594444444444444,6.408333333333333,6.986111111111112,5.533333333333333,6.383333333333333,53.0,53.66666666666666,16698.0,10469.333333333334,13.7634,8.588466666666667,3780.98,3141.783333333333,364.0,281.0,23.0,11.666666666666666,52.0,27.666666666666668,75.0,39.333333333333336,439.0,320.3333333333333,608.0,723.6666666666666,53.11808490753174,53.91674200693766,280.0,123.33333333333331,58.48333333333333,29.516666666666666,58.48333333333333,29.516666666666666,False,-0.21853835811203354,neutral,3056.5,12.5,-1.0,False,True,False,67
p06,2.0,4.0,2,5.0,2.0,3.0,3.0,2020-01-08 07:48:58.455,2020-01-08,7.8,False,2020-01-08,False,1,0,2,147,1432.0,1074.0,597.0,True,False,5.366666666666666,5.461111111111111,96.0,97.66666666666669,6.575,6.569444444444444,6.55,6.594444444444444,5.966666666666667,6.016666666666667,52.0,53.0,22046.0,15983.0,17.6138,13.1006,4421.56,3727.07,353.0,311.6666666666667,71.0,35.333333333333336,87.0,56.66666666666666,158.0,92.0,511.0,403.6666666666667,597.0,653.3333333333334,52.52852535247803,53.2702309290568,240.0,203.33333333333331,77.98333333333333,55.51111111111111,77.98333333333333,55.51111111111111,False,-0.9254105385508712,bad,8404.5,95.5,-0.6500000000000004,False,True,False,68
p06,2.0,4.0,2,6.0,3.0,3.0,3.0,2020-01-09 07:43:50.734,2020-01-09,7.716666666666667,False,2020-01-09,False,1,0,3,147,1429.0,1071.0,664.0,True,False,6.133333333333334,5.505555555555556,97.0,97.0,5.533333333333333,6.325,6.258333333333334,6.405555555555556,6.716666666666667,6.072222222222223,51.0,52.0,11875.0,16873.0,8.804300000000001,13.393833333333331,3487.43,3896.6566666666654,349.0,355.3333333333333,36.0,43.333333333333336,33.0,57.333333333333336,69.0,100.66666666666669,418.0,456.0,664.0,623.0,51.80301761627197,52.48320929209391,0.0,173.33333333333334,42.66666666666666,59.71111111111111,42.66666666666666,59.71111111111111,False,-0.9254105385508712,bad,-1766.5,6.5,0.11666666666666714,False,True,False,69
p06,2.0,4.0,4,5.0,3.0,3.0,3.0,2020-01-10 09:00:26.591,2020-01-10,9.0,False,2020-01-10,False,1,0,4,147,1375.0,1015.0,607.0,True,False,5.5,5.666666666666667,99.0,97.33333333333331,6.475,6.194444444444444,6.7,6.502777777777777,6.216666666666667,6.3,50.0,51.0,12677.0,15532.666666666666,9.3212,11.9131,3429.94,3779.643333333333,394.0,365.3333333333333,27.0,44.66666666666666,9.0,43.0,36.0,87.66666666666667,430.0,453.0,607.0,622.6666666666666,50.959733963012695,51.76375897725424,0.0,80.0,42.650000000000006,54.43333333333334,42.650000000000006,54.43333333333334,False,-0.9254105385508712,bad,-142.0,-26.5,-0.5333333333333332,False,True,False,70
p06,2.0,3.0,2,7.0,3.0,3.0,3.0,2020-01-11 08:48:37.521,2020-01-11,8.8,False,2020-01-11,False,1,0,5,147,1428.0,1071.0,596.0,True,False,7.866666666666666,6.5,99.0,98.33333333333331,5.491666666666666,5.833333333333333,8.108333333333333,7.022222222222222,8.616666666666667,7.183333333333334,51.0,50.66666666666666,14740.0,13097.333333333334,10.7679,9.631133333333334,3955.75,3624.373333333333,303.0,348.6666666666667,111.0,58.0,57.0,33.0,168.0,91.0,471.0,439.6666666666667,596.0,622.3333333333334,51.058281898498535,51.27367782592773,0.0,0.0,43.53333333333333,42.95,43.53333333333333,42.95,False,-2.5674290084253157,bad,2367.5,111.0,1.833333333333333,False,False,False,71
p06,3.0,4.0,7,7.0,3.0,3.0,4.0,2020-01-12 11:29:57.523,2020-01-12,11.483333333333333,False,2020-01-12,False,1,0,6,147,1434.0,1074.0,645.0,True,False,6.933333333333334,6.766666666666667,98.0,98.66666666666669,5.816666666666666,5.927777777777777,7.666666666666667,7.491666666666666,7.85,7.561111111111113,49.0,50.0,6356.0,11257.666666666666,4.690300000000001,8.2598,2701.88,3362.523333333333,269.0,322.0,4.0,47.333333333333336,5.0,23.666666666666668,9.0,71.0,278.0,393.0,645.0,616.0,49.84084606170654,50.61962064107259,0.0,0.0,0.0,28.727777777777774,0.0,28.727777777777774,False,0.7068721804388377,good,-6016.5,-48.0,0.9000000000000004,True,False,False,72
p06,3.0,4.0,4,6.0,3.0,3.0,3.0,2020-01-13 09:00:31.737,2020-01-13,9.0,False,2020-01-13,False,1,0,0,147,1433.0,1073.0,627.0,True,False,5.883333333333334,6.894444444444445,99.0,98.66666666666669,5.9,5.736111111111111,6.575,7.45,6.666666666666667,7.711111111111111,49.0,49.66666666666666,8220.0,9772.0,6.0985000000000005,7.185566666666667,3117.02,3258.2166666666667,293.0,288.3333333333333,32.0,49.0,17.0,26.33333333333333,49.0,75.33333333333333,342.0,363.6666666666667,627.0,622.6666666666666,49.71419620513916,50.20444138844808,0.0,0.0,0.0,14.511111111111113,0.0,14.511111111111113,False,0.0,neutral,-4152.5,-8.0,-0.2166666666666659,True,False,False,73
p06,3.0,4.0,4,6.0,3.0,3.0,2.0,2020-01-14 07:18:56.386,2020-01-14,7.3,False,2020-01-14,False,1,0,1,147,1431.0,1075.0,640.0,True,False,5.816666666666666,6.211111111111111,99.0,98.66666666666669,6.083333333333333,5.933333333333334,6.4,6.880555555555556,6.316666666666666,6.9444444444444455,50.0,49.333333333333336,11225.0,8600.333333333334,8.3223,6.3703666666666665,3449.89,3089.596666666667,350.0,304.0,29.0,21.666666666666668,21.0,14.333333333333334,50.0,36.0,400.0,340.0,640.0,637.3333333333334,50.2042350769043,49.919759114583336,0.0,0.0,49.48333333333333,16.494444444444444,49.48333333333333,16.494444444444444,False,-0.7068721804388377,bad,-1147.5,-7.0,-0.21666666666666679,False,True,False,74
p06,3.0,4.0,5,5.0,3.0,3.0,3.0,2020-01-15 09:34:46.778,2020-01-15,9.566666666666666,False,2020-01-15,False,1,0,2,147,1294.0,936.0,560.0,True,False,5.266666666666667,5.655555555555555,99.0,99.0,6.566666666666666,6.183333333333333,6.383333333333334,6.452777777777778,5.816666666666666,6.266666666666667,51.0,50.0,23909.0,14451.333333333334,18.3762,10.932333333333334,4371.08,3645.9966666666655,299.0,314.0,107.0,56.0,95.0,44.333333333333336,202.0,100.33333333333331,501.0,414.3333333333333,560.0,609.0,51.467082023620605,50.46183776855469,60.0,20.0,57.61666666666666,35.7,20.066666666666663,23.183333333333334,False,0.0,neutral,11937.5,149.5,-0.7666666666666666,False,True,False,75
p06,3.0,4.0,3,6.0,3.0,3.0,3.0,2020-01-16 09:00:27.013,2020-01-16,9.0,False,2020-01-16,False,1,0,3,147,1436.0,1078.0,589.0,True,False,5.833333333333333,5.638888888888888,97.0,98.33333333333331,6.025,6.2250000000000005,6.483333333333333,6.422222222222222,6.45,6.194444444444444,50.0,50.333333333333336,17218.0,17450.666666666668,12.954300000000002,13.2176,4134.11,3985.026666666666,378.0,342.3333333333333,63.0,66.33333333333333,61.0,59.0,124.0,125.33333333333331,502.0,467.6666666666667,589.0,596.3333333333334,50.3661584854126,50.67915852864584,120.0,60.0,75.28333333333333,60.79444444444445,75.28333333333333,48.27777777777777,False,0.0,neutral,5246.5,71.5,-0.20000000000000018,False,True,False,76
p06,3.0,4.0,4,6.0,3.0,3.0,3.0,2020-01-17 09:05:11.808,2020-01-17,9.083333333333334,False,2020-01-17,False,1,0,4,147,1440.0,1080.0,583.0,True,False,6.05,5.716666666666666,97.0,97.66666666666669,5.825,6.138888888888889,6.458333333333333,6.441666666666666,6.633333333333334,6.3,51.0,50.66666666666666,13471.0,18199.33333333333,9.8872,13.739233333333337,3625.11,4043.433333333333,410.0,362.3333333333333,38.0,69.33333333333333,22.0,59.333333333333336,60.0,128.66666666666666,470.0,491.0,583.0,577.3333333333334,51.05311393737793,50.96211814880371,0.0,60.0,46.93333333333334,59.94444444444444,46.93333333333334,47.42777777777778,False,0.0,neutral,1499.5,7.5,0.016666666666666607,False,True,False,77
p06,2.0,4.0,3,7.0,3.0,3.0,3.0,2020-01-18 10:22:36.832,2020-01-18,10.366666666666667,False,2020-01-18,False,1,0,5,147,1429.0,1071.0,548.0,True,False,7.416666666666667,6.433333333333334,99.0,97.66666666666669,6.0,5.95,8.175,7.038888888888889,8.166666666666666,7.083333333333333,51.0,50.66666666666666,15080.0,15256.333333333334,11.1828,11.341433333333336,3960.94,3906.72,362.0,383.3333333333333,90.0,63.66666666666666,42.0,41.66666666666666,132.0,105.33333333333331,494.0,488.6666666666667,548.0,573.3333333333334,51.06617546081543,50.82848262786865,0.0,40.0,43.53333333333333,55.25,43.53333333333333,55.25,False,-0.9254105385508712,bad,3108.5,79.5,1.3583333333333334,False,False,False,78
p06,3.0,4.0,5,6.0,4.0,3.0,3.0,2020-01-19 09:18:51.269,2020-01-19,9.3,False,2020-01-19,False,1,0,6,147,1437.0,1077.0,641.0,True,False,6.5,6.655555555555556,99.0,98.33333333333331,6.658333333333333,6.161111111111111,7.991666666666666,7.541666666666667,7.333333333333333,7.377777777777777,51.0,51.0,10668.0,13073.0,7.857200000000001,9.6424,3082.67,3556.24,271.0,347.6666666666667,17.0,48.333333333333336,21.0,28.33333333333333,38.0,76.66666666666667,309.0,424.3333333333333,641.0,590.6666666666666,51.40136623382568,51.17355187733968,0.0,0.0,17.933333333333334,36.13333333333333,0.0,30.155555555555555,False,0.0,neutral,-1303.5,-14.5,0.44166666666666643,True,False,False,79
p06,3.0,4.0,5,6.0,4.0,3.0,3.0,2020-01-20 09:00:18.707,2020-01-20,9.0,False,2020-01-20,False,1,0,0,147,1351.0,992.0,662.0,True,False,6.05,6.655555555555556,99.0,99.0,5.966666666666667,6.208333333333333,6.608333333333333,7.591666666666666,6.633333333333334,7.377777777777777,52.0,51.333333333333336,12767.0,12838.333333333334,10.3818,9.807266666666669,3326.26,3456.623333333333,254.0,295.6666666666667,26.0,44.333333333333336,58.0,40.333333333333336,84.0,84.66666666666667,338.0,380.3333333333333,662.0,617.0,52.90318012237549,51.7902406056722,120.0,40.0,52.21666666666667,37.894444444444446,30.03333333333333,24.522222222222226,False,0.0,neutral,795.5,31.5,-0.008333333333333748,True,False,False,80
p06,3.0,4.0,3,6.0,3.0,3.0,3.0,2020-01-21 09:11:30.790,2020-01-21,9.183333333333334,False,2020-01-21,False,1,0,1,147,1436.0,1076.0,586.0,True,False,6.4,6.316666666666666,100.0,99.33333333333331,5.358333333333333,5.9944444444444445,6.65,7.083333333333333,7.283333333333333,7.083333333333333,52.0,51.66666666666666,12969.0,12134.666666666666,9.6156,9.284866666666666,3563.48,3324.1366666666668,397.0,307.3333333333333,22.0,21.666666666666668,37.0,38.66666666666666,59.0,60.333333333333336,456.0,367.6666666666667,586.0,629.6666666666666,52.88785552978516,52.39746729532877,0.0,40.0,47.78333333333333,39.31111111111111,47.78333333333333,25.938888888888886,False,0.0,neutral,997.5,6.5,0.35000000000000053,False,True,False,81
p06,2.0,4.0,3,6.0,3.0,3.0,3.0,2020-01-22 08:26:55.798,2020-01-22,8.433333333333334,False,2020-01-22,False,1,0,2,147,1437.0,1078.0,492.0,True,False,5.9,6.116666666666667,99.0,99.33333333333331,6.325,5.883333333333333,6.7,6.652777777777779,6.366666666666666,6.76111111111111,52.0,52.0,19587.0,15107.666666666666,14.723200000000002,11.573533333333335,4179.63,3689.79,349.0,333.3333333333333,83.0,43.66666666666666,79.0,58.0,162.0,101.66666666666669,511.0,435.0,492.0,580.0,52.02400493621826,52.60501352945963,0.0,40.0,93.88333333333334,64.62777777777778,42.66666666666667,40.16111111111111,False,-0.9254105385508712,bad,7615.5,109.5,-0.14999999999999947,False,True,False,82
p06,3.0,4.0,7,6.0,4.0,3.0,3.0,2020-01-23 07:37:11.014,2020-01-23,7.616666666666667,False,2020-01-23,False,1,0,3,147,1431.0,1071.0,598.0,True,False,6.45,6.25,99.0,99.33333333333331,4.966666666666667,5.550000000000001,6.091666666666667,6.480555555555557,7.116666666666666,6.922222222222222,51.0,51.66666666666666,12449.0,15001.666666666666,9.2292,11.189333333333336,3524.51,3755.873333333333,430.0,392.0,20.0,41.66666666666666,10.0,42.0,30.0,83.66666666666667,460.0,475.6666666666667,598.0,558.6666666666666,51.81532573699951,52.24239540100098,0.0,0.0,40.1,60.588888888888896,40.1,43.51666666666667,False,0.0,neutral,76.5,-26.0,0.4249999999999998,False,True,False,83
p06,3.0,4.0,5,6.0,4.0,3.0,3.0,2020-01-24 10:36:14.583,2020-01-24,10.6,False,2020-01-24,False,1,0,4,147,1432.0,1072.0,474.0,True,False,6.983333333333333,6.4444444444444455,98.0,98.66666666666669,5.433333333333334,5.575,7.175,6.655555555555555,7.733333333333333,7.072222222222222,51.0,51.333333333333336,16912.0,16316.0,12.5401,12.164166666666668,3800.14,3834.76,481.0,420.0,34.0,45.66666666666666,24.0,37.66666666666666,58.0,83.33333333333333,539.0,503.3333333333333,474.0,521.3333333333334,51.334089279174805,51.7244733174642,0.0,0.0,42.65,58.87777777777777,42.65,41.80555555555556,False,0.0,neutral,4349.0,2.0,0.958333333333333,False,True,False,84
p06,3.0,4.0,4,7.0,4.0,3.0,4.0,2020-01-25 08:32:14.184,2020-01-25,8.533333333333333,False,2020-01-25,False,1,0,5,147,1435.0,1075.0,586.0,True,False,7.083333333333333,6.838888888888889,100.0,99.0,6.7,5.7,8.508333333333333,7.258333333333333,7.8,7.55,51.0,51.0,11778.0,13713.0,8.733400000000001,10.167566666666668,3464.52,3596.39,308.0,406.3333333333333,60.0,38.0,22.0,18.666666666666668,82.0,56.66666666666666,390.0,463.0,586.0,552.6666666666666,51.15147495269776,51.43362998962402,0.0,0.0,0.0,27.58333333333333,0.0,27.58333333333333,False,0.7068721804388377,good,-944.0,23.5,1.0333333333333332,False,False,False,85
p06,3.0,4.0,3,6.0,3.0,3.0,3.0,2020-01-26 09:00:43.922,2020-01-26,9.0,False,2020-01-26,False,1,0,6,147,1293.0,935.0,661.0,True,False,6.25,6.772222222222222,98.0,98.66666666666669,6.825,6.3194444444444455,7.733333333333333,7.805555555555556,6.9,7.477777777777778,51.0,51.0,12526.0,13738.666666666666,9.8162,10.363233333333334,3320.32,3528.3266666666664,242.0,343.6666666666667,15.0,36.333333333333336,54.0,33.333333333333336,69.0,69.66666666666667,311.0,413.3333333333333,661.0,573.6666666666666,51.55701637268066,51.34752686818441,80.0,26.666666666666668,44.9,29.183333333333334,20.15,20.933333333333334,False,0.0,neutral,-37.0,10.5,0.20000000000000018,True,False,False,86
p06,3.0,4.0,6,6.0,4.0,3.0,3.0,2020-01-27 09:00:19.107,2020-01-27,9.0,False,2020-01-27,False,1,0,0,147,1436.0,1076.0,744.0,True,False,5.966666666666667,6.433333333333334,95.0,97.66666666666669,5.7,6.408333333333334,6.491666666666666,7.577777777777778,6.783333333333333,7.161111111111111,52.0,51.333333333333336,7724.0,10676.0,5.6612,8.070266666666667,2819.75,3201.53,236.0,262.0,13.0,29.33333333333333,33.0,36.333333333333336,46.0,65.66666666666667,282.0,327.6666666666667,744.0,663.6666666666666,52.95370769500733,51.88739967346192,0.0,26.666666666666668,34.96666666666667,26.622222222222224,0.0,6.716666666666666,False,0.0,neutral,-4877.5,-13.5,-0.08333333333333304,True,False,False,87
p06,3.0,4.0,4,6.0,2.0,3.0,3.0,2020-01-28 09:09:40.991,2020-01-28,9.15,False,2020-01-28,False,1,0,1,147,1430.0,1072.0,520.0,True,False,5.8,6.005555555555556,100.0,97.66666666666669,6.3,6.275,6.65,6.958333333333333,6.35,6.677777777777777,52.0,51.66666666666666,18901.0,13050.333333333334,14.639500000000002,10.038966666666669,4116.05,3418.706666666667,434.0,304.0,35.0,21.0,44.0,43.66666666666666,79.0,64.66666666666667,513.0,368.6666666666667,520.0,641.6666666666666,52.11040019989014,52.20704142252604,120.0,66.66666666666667,60.083333333333336,46.650000000000006,60.083333333333336,26.744444444444444,False,0.0,neutral,6299.5,19.5,-0.25,False,True,False,88
p06,2.0,4.0,4,5.0,2.0,3.0,3.0,2020-01-29 09:15:27.195,2020-01-29,9.25,False,2020-01-29,False,1,0,2,147,1438.0,1080.0,721.0,True,False,5.516666666666667,5.76111111111111,99.0,98.0,6.45,6.15,6.641666666666667,6.594444444444445,6.183333333333334,6.438888888888889,52.0,52.0,13924.0,13516.333333333334,10.4394,10.246700000000002,3374.4,3436.7333333333336,267.0,312.3333333333333,51.0,33.0,20.0,32.333333333333336,71.0,65.33333333333333,338.0,377.6666666666667,721.0,661.6666666666666,52.468698501586914,52.51093546549479,0.0,40.0,2.4833333333333334,32.51111111111111,2.4833333333333334,20.85555555555556,False,-0.9254105385508712,bad,1202.0,6.5,-0.5333333333333332,False,True,False,89
p06,3.0,4.0,4,6.0,3.0,3.0,3.0,2020-01-30 09:48:25.031,2020-01-30,9.8,False,2020-01-30,False,1,0,3,147,1367.0,1007.0,570.0,True,False,6.7,6.005555555555556,100.0,99.66666666666669,5.358333333333333,6.036111111111111,6.641666666666667,6.644444444444445,7.283333333333333,6.605555555555555,52.0,52.0,15027.0,15950.666666666666,11.1099,12.062933333333334,3720.03,3736.8266666666655,442.0,381.0,41.0,42.333333333333336,16.0,26.666666666666668,57.0,69.0,499.0,450.0,570.0,603.6666666666666,52.393954277038574,52.32435099283854,0.0,40.0,40.95,34.50555555555556,40.95,34.50555555555556,False,0.0,neutral,2159.0,-12.0,0.6749999999999998,False,True,False,90
p06,2.0,4.0,4,6.0,2.0,3.0,3.0,2020-01-31 08:03:11.136,2020-01-31,8.05,False,2020-01-31,False,1,0,4,147,1433.0,1074.0,505.0,True,False,6.15,6.122222222222223,98.0,99.0,5.666666666666667,5.825,6.475,6.586111111111111,6.8,6.755555555555556,51.0,51.66666666666666,19324.0,16091.666666666666,14.5597,12.036333333333332,4403.4,3832.61,298.0,335.6666666666667,103.0,65.0,97.0,44.333333333333336,200.0,109.33333333333331,498.0,445.0,505.0,598.6666666666666,51.15793704986572,52.006863276163735,0.0,0.0,75.01666666666667,39.48333333333333,52.81666666666667,32.083333333333336,False,-0.9254105385508712,bad,6104.0,131.0,0.10000000000000053,False,True,False,91
p06,3.0,4.0,3,7.0,3.0,3.0,3.0,2020-02-01 09:02:16.734,2020-02-01,9.033333333333331,False,2020-02-01,False,1,0,5,147,1438.0,1080.0,520.0,True,False,6.866666666666666,6.572222222222222,100.0,99.33333333333331,6.2,5.741666666666667,7.783333333333333,6.966666666666666,7.583333333333333,7.222222222222221,50.0,51.0,20418.0,18256.33333333333,15.8457,13.838433333333334,4315.38,4146.27,411.0,383.6666666666667,37.0,60.333333333333336,64.0,59.0,101.0,119.33333333333331,512.0,503.0,520.0,531.6666666666666,50.623393058776855,51.39176146189372,240.0,80.0,69.85,61.93888888888889,69.85,54.53888888888889,False,0.0,neutral,7198.0,32.0,0.8166666666666664,False,False,False,92
p06,3.0,4.0,6,8.0,4.0,3.0,4.0,2020-02-02 09:17:53.205,2020-02-02,9.283333333333331,False,2020-02-02,False,1,0,6,147,1427.0,1067.0,738.0,True,False,8.133333333333333,7.05,97.0,98.33333333333331,5.866666666666666,5.911111111111111,8.691666666666666,7.650000000000001,8.816666666666666,7.733333333333333,51.0,50.66666666666666,6750.0,15497.333333333334,5.0034,11.802933333333334,2754.67,3824.4833333333336,220.0,309.6666666666667,12.0,50.66666666666666,15.0,58.66666666666666,27.0,109.33333333333331,247.0,419.0,738.0,587.6666666666666,51.89691352844238,51.226081212361656,0.0,80.0,0.0,48.28888888888889,0.0,40.888888888888886,False,0.7068721804388377,good,-6470.0,-42.0,2.041666666666666,True,False,False,93
p06,3.0,4.0,5,5.0,2.0,3.0,3.0,2020-02-03 09:59:24.399,2020-02-03,9.983333333333333,False,2020-02-03,False,1,0,0,147,1434.0,1074.0,562.0,True,False,5.233333333333333,6.7444444444444445,98.0,98.33333333333331,6.283333333333333,6.116666666666666,6.425,7.633333333333333,6.133333333333334,7.51111111111111,50.0,50.333333333333336,10674.0,12614.0,7.804900000000001,9.551333333333334,3245.26,3438.436666666667,279.0,303.3333333333333,18.0,22.33333333333333,52.0,43.66666666666666,70.0,66.0,349.0,369.3333333333333,562.0,606.6666666666666,50.25901794433594,50.9264415105184,0.0,80.0,56.333333333333336,42.06111111111111,0.0,23.28333333333333,False,0.0,neutral,-2546.0,1.0,-0.8583333333333334,True,False,False,94
p06,3.0,4.0,5,6.0,4.0,3.0,3.0,2020-02-04 09:16:20.682,2020-02-04,9.266666666666667,False,2020-02-04,False,1,0,1,147,1435.0,1075.0,612.0,True,False,6.0,6.455555555555556,99.0,98.0,6.016666666666667,6.055555555555556,6.558333333333334,7.225,6.533333333333333,7.161111111111111,50.0,50.333333333333336,14075.0,10499.666666666666,10.5102,7.772833333333334,3796.99,3265.64,389.0,296.0,21.0,17.0,50.0,39.0,71.0,56.0,460.0,352.0,612.0,637.3333333333334,50.18923568725586,50.78172238667806,0.0,0.0,49.16666666666666,35.166666666666664,49.16666666666666,16.38888888888889,False,0.0,neutral,855.0,1.5,-0.09166666666666679,False,True,False,95
p06,2.0,4.0,3,5.0,3.0,3.0,2.0,2020-02-05 07:10:45.120,2020-02-05,7.166666666666667,False,2020-02-05,False,1,0,2,147,1250.0,890.0,596.0,True,False,5.066666666666666,5.433333333333334,99.0,98.66666666666669,6.441666666666666,6.247222222222223,6.241666666666666,6.408333333333334,5.8,6.155555555555555,49.0,49.66666666666666,15168.0,13305.666666666666,11.2498,9.854966666666668,3927.71,3656.653333333333,304.0,324.0,86.0,41.66666666666666,62.0,54.66666666666666,148.0,96.33333333333331,452.0,420.3333333333333,596.0,590.0,49.58959865570069,50.012617429097496,0.0,0.0,46.083333333333336,50.52777777777778,46.083333333333336,31.75,False,-1.6322827189897087,bad,1948.0,78.5,-1.0250000000000004,False,True,False,96
p06,3.0,4.0,6,7.0,3.0,3.0,3.0,2020-02-06 09:45:57.220,2020-02-06,9.75,False,2020-02-06,False,1,0,3,147,1439.0,1079.0,623.0,True,False,6.733333333333333,5.933333333333334,98.0,98.66666666666669,4.516666666666667,5.658333333333332,6.158333333333333,6.319444444444444,7.633333333333334,6.655555555555556,48.0,49.0,17656.0,15633.0,13.2918,11.683933333333334,4048.6,3924.433333333333,331.0,341.3333333333333,72.0,59.66666666666666,66.0,59.333333333333336,138.0,119.0,469.0,460.3333333333333,623.0,610.3333333333334,48.51404571533203,49.43096001942953,0.0,0.0,9.15,34.800000000000004,9.15,34.800000000000004,False,0.0,neutral,4436.0,68.5,0.6416666666666666,False,True,False,97
p06,2.0,4.0,5,6.0,2.0,3.0,2.0,2020-02-07 09:03:07.771,2020-02-07,9.05,False,2020-02-07,False,1,0,4,147,1433.0,1073.0,380.0,True,False,5.8,5.866666666666667,100.0,99.0,6.05,5.669444444444444,6.616666666666666,6.338888888888889,6.566666666666666,6.666666666666667,48.0,48.333333333333336,23201.0,18675.0,17.2997,13.9471,4745.64,4240.650000000001,441.0,358.6666666666667,69.0,75.66666666666667,92.0,73.33333333333333,161.0,149.0,602.0,507.6666666666667,380.0,533.0,48.25457000732422,48.78607145945231,120.0,40.0,72.78333333333333,42.672222222222224,72.78333333333333,42.672222222222224,False,-1.6322827189897087,bad,9503.5,90.5,-0.2999999999999998,False,True,False,98
p06,3.0,3.0,5,7.0,3.0,3.0,3.0,2020-02-08 09:08:29.816,2020-02-08,9.133333333333333,False,2020-02-08,False,1,0,5,147,1434.0,1074.0,647.0,True,False,7.316666666666666,6.616666666666667,99.0,99.0,4.825,5.130555555555556,7.433333333333334,6.736111111111112,8.6,7.6,48.0,48.0,11461.0,17439.333333333332,8.496500000000001,13.029333333333334,3647.95,4147.3966666666665,284.0,352.0,58.0,66.33333333333333,57.0,71.66666666666667,115.0,138.0,399.0,490.0,647.0,550.0,48.71599006652832,48.49486859639486,0.0,40.0,45.23333333333333,42.38888888888889,45.23333333333333,42.38888888888889,False,-1.6420184698744447,bad,-2538.5,44.0,1.2166666666666668,False,False,False,99
p06,3.0,4.0,6,7.0,4.0,3.0,3.0,2020-02-09 09:00:38.121,2020-02-09,9.0,False,2020-02-09,False,1,0,6,147,1437.0,1078.0,609.0,True,False,7.1,6.738888888888888,97.0,98.66666666666669,5.591666666666667,5.48888888888889,7.633333333333334,7.227777777777778,8.033333333333333,7.733333333333333,48.0,48.0,6688.0,13783.333333333334,4.9112,10.2358,2835.48,3743.023333333333,315.0,346.6666666666667,0.0,42.333333333333336,0.0,49.66666666666666,0.0,92.0,315.0,438.6666666666667,609.0,545.3333333333334,48.557228088378906,48.50926272074381,0.0,40.0,0.0,39.33888888888889,0.0,39.33888888888889,False,0.0,neutral,-7009.5,-71.0,1.0,True,False,False,100
p06,3.0,4.0,5,6.0,4.0,3.0,3.0,2020-02-11 09:00:46.478,2020-02-11,9.0,False,2020-02-11,False,1,0,1,147,1431.0,1073.0,599.0,True,False,5.666666666666667,6.066666666666667,100.0,98.0,5.958333333333333,5.894444444444445,6.075,6.7,6.116666666666666,6.8,49.0,49.0,14296.0,10955.333333333334,10.601400000000002,8.184733333333334,3862.67,3367.6733333333336,379.0,335.6666666666667,37.0,14.666666666666666,50.0,30.0,87.0,44.66666666666666,466.0,380.3333333333333,599.0,602.0,49.9366569519043,49.61296717325846,0.0,30.0,41.81666666666666,23.88888888888889,41.81666666666666,23.88888888888889,False,0.0,neutral,598.5,16.0,-0.4333333333333327,False,True,False,102
p06,3.0,4.0,3,6.0,4.0,3.0,3.0,2020-02-12 08:48:55.315,2020-02-12,8.8,False,2020-02-12,False,1,0,2,147,1436.0,1077.0,529.0,True,False,6.133333333333334,5.7444444444444445,100.0,99.0,5.95,6.013888888888889,6.566666666666666,6.344444444444444,6.616666666666666,6.327777777777778,50.0,49.66666666666666,23778.0,16652.0,18.8185,12.8205,4742.99,4003.51,382.0,358.0,68.0,37.333333333333336,94.0,61.333333333333336,162.0,98.66666666666669,544.0,456.6666666666667,529.0,575.3333333333334,50.14171123504639,50.14112822214762,140.0,76.66666666666667,64.58333333333334,45.41666666666666,46.66666666666667,39.44444444444445,False,0.0,neutral,9778.5,87.0,0.0333333333333341,False,True,False,103
p06,3.0,4.0,5,6.0,3.0,3.0,3.0,2020-02-13 09:09:38.717,2020-02-13,9.15,False,2020-02-13,False,1,0,3,147,1432.0,1073.0,591.0,True,False,5.666666666666667,5.822222222222223,97.0,99.0,5.466666666666667,5.791666666666667,5.666666666666667,6.102777777777778,6.2,6.311111111111111,49.0,49.333333333333336,13367.0,17147.0,9.9118,13.110566666666664,3539.1,4048.2533333333336,421.0,394.0,21.0,42.0,10.0,51.333333333333336,31.0,93.33333333333331,452.0,487.3333333333333,591.0,573.0,49.82376956939697,49.96737925211588,0.0,46.66666666666666,0.0,35.46666666666667,0.0,29.494444444444444,False,0.0,neutral,-632.5,-44.0,-0.47500000000000053,False,True,False,104
p06,3.0,4.0,7,7.0,4.0,3.0,4.0,2020-02-14 09:55:12.780,2020-02-14,9.916666666666666,False,2020-02-14,False,1,0,4,147,1440.0,1080.0,558.0,True,False,6.983333333333333,6.261111111111112,99.0,98.66666666666669,4.591666666666667,5.336111111111111,6.216666666666667,6.15,7.616666666666666,6.811111111111111,49.0,49.333333333333336,16553.0,17899.333333333332,12.2014,13.643900000000002,3775.17,4019.0866666666666,458.0,420.3333333333333,28.0,39.0,24.0,42.66666666666666,52.0,81.66666666666667,510.0,502.0,558.0,559.3333333333334,49.08243656158447,49.68263912200928,0.0,46.66666666666666,30.716666666666665,31.76666666666667,0.0,15.555555555555555,False,0.7068721804388377,good,2855.5,-19.0,0.8416666666666659,False,True,False,105
p06,3.0,4.0,6,6.0,2.0,3.0,3.0,2020-02-15 09:58:28.985,2020-02-15,9.966666666666669,False,2020-02-15,False,1,0,5,147,1433.0,1077.0,502.0,True,False,6.533333333333333,6.394444444444445,100.0,98.66666666666669,7.075,5.711111111111111,8.191666666666666,6.691666666666666,7.116666666666666,6.977777777777778,49.0,49.0,15395.0,15105.0,11.4166,11.1766,3742.39,3685.553333333333,401.0,426.6666666666667,55.0,34.666666666666664,25.0,19.666666666666668,80.0,54.333333333333336,481.0,481.0,502.0,550.3333333333334,49.50936031341553,49.47185548146566,0.0,0.0,0.0,10.238888888888887,0.0,0.0,False,0.0,neutral,1395.5,9.0,0.33333333333333304,False,False,False,106
p06,3.0,4.0,6,8.0,4.0,3.0,3.0,2020-02-16 09:00:20.286,2020-02-16,9.0,False,2020-02-16,False,1,0,6,147,1434.0,1076.0,735.0,True,False,7.883333333333334,7.133333333333334,99.0,99.33333333333331,5.7,5.788888888888889,8.475,7.627777777777777,8.766666666666667,7.833333333333333,51.0,49.66666666666666,6220.0,12722.666666666666,4.6084000000000005,9.4088,2795.14,3437.566666666667,278.0,379.0,0.0,27.666666666666668,0.0,16.333333333333332,0.0,44.0,278.0,423.0,735.0,598.3333333333334,51.63751697540283,50.07643795013428,0.0,0.0,0.0,10.238888888888887,0.0,0.0,False,0.0,neutral,-7779.5,-71.0,1.6833333333333336,True,False,False,107
p06,3.0,4.0,6,5.0,2.0,3.0,3.0,2020-02-17 09:21:26.526,2020-02-17,9.35,False,2020-02-17,False,1,0,0,147,1385.0,1025.0,515.0,True,False,5.083333333333333,6.5,100.0,99.66666666666669,6.65,6.4750000000000005,6.308333333333334,7.658333333333334,5.65,7.177777777777778,50.0,50.0,9840.0,10485.0,7.292800000000001,7.772600000000001,3234.99,3257.506666666666,373.0,350.6666666666667,11.0,22.0,15.0,13.333333333333334,26.0,35.333333333333336,399.0,386.0,515.0,584.0,50.71963405609131,50.62217044830322,0.0,0.0,0.0,0.0,0.0,0.0,False,0.0,neutral,-4159.5,-45.0,-1.1166666666666671,True,False,False,108
p06,3.0,4.0,3,7.0,3.0,3.0,3.0,2020-02-18 06:35:12.518,2020-02-18,6.583333333333333,False,2020-02-18,False,1,0,1,147,1435.0,1075.0,693.0,True,False,6.716666666666667,6.561111111111111,99.0,99.33333333333331,5.191666666666666,5.847222222222222,6.558333333333334,7.11388888888889,7.366666666666666,7.26111111111111,49.0,50.0,16697.0,10919.0,13.502300000000002,8.467833333333333,3871.09,3300.4066666666663,327.0,326.0,19.0,10.0,62.0,25.666666666666668,81.0,35.666666666666664,408.0,361.6666666666667,693.0,647.6666666666666,49.91107749938965,50.75607617696127,280.0,93.33333333333331,61.516666666666666,20.50555555555556,61.516666666666666,20.50555555555556,False,0.0,neutral,2697.5,10.5,0.5166666666666666,False,True,False,109
p06,2.0,4.0,3,7.0,2.0,3.0,3.0,2020-02-19 07:44:36.464,2020-02-19,7.733333333333333,False,2020-02-19,False,1,0,2,147,1432.0,1074.0,473.0,True,False,6.733333333333333,6.177777777777777,97.0,98.66666666666669,5.183333333333334,5.675,6.466666666666667,6.4444444444444455,7.283333333333333,6.766666666666666,49.0,49.333333333333336,18417.0,14984.666666666666,13.659400000000002,11.484833333333334,4147.56,3751.213333333333,415.0,371.6666666666667,62.0,30.666666666666668,48.0,41.66666666666666,110.0,72.33333333333333,525.0,444.0,473.0,560.3333333333334,49.4947566986084,50.04182275136312,0.0,93.33333333333331,40.95,34.15555555555556,40.95,34.15555555555556,False,-0.9254105385508712,bad,4231.5,39.0,0.5333333333333332,False,True,False,110
p06,2.0,4.0,5,5.0,4.0,3.0,3.0,2020-02-20 09:00:35.182,2020-02-20,9.0,False,2020-02-20,False,1,0,3,147,1438.0,1078.0,644.0,True,False,5.666666666666667,6.372222222222223,100.0,98.66666666666669,6.266666666666667,5.547222222222222,6.525,6.516666666666667,6.25,6.966666666666666,48.0,48.66666666666666,11235.0,15449.666666666666,8.2979,11.81986666666667,3479.68,3832.776666666666,297.0,346.3333333333333,26.0,35.666666666666664,36.0,48.66666666666666,62.0,84.33333333333333,359.0,430.6666666666667,644.0,603.3333333333334,48.87107658386231,49.42563692728678,0.0,93.33333333333331,40.95,47.80555555555557,40.95,47.80555555555557,False,-0.9254105385508712,bad,-2950.5,-9.0,-0.6833333333333327,False,True,False,111
p06,3.0,4.0,6,5.0,4.0,3.0,3.0,2020-02-21 09:00:51.619,2020-02-21,9.0,False,2020-02-21,False,1,0,4,147,1372.0,1014.0,611.0,True,False,6.216666666666667,6.205555555555556,98.0,98.33333333333331,5.608333333333333,5.686111111111111,6.4,6.463888888888889,6.783333333333333,6.772222222222222,48.0,48.333333333333336,14733.0,14795.0,10.9264,10.961233333333334,3839.52,3822.2533333333336,369.0,360.3333333333333,33.0,40.333333333333336,52.0,45.333333333333336,85.0,85.66666666666667,454.0,446.0,611.0,576.0,48.66890335083008,49.01157887776693,0.0,0.0,63.150000000000006,48.35,43.53333333333333,41.81111111111111,False,0.0,neutral,547.5,14.0,0.016666666666666607,False,True,False,112
p06,3.0,4.0,3,7.0,4.0,3.0,3.0,2020-02-22 09:03:14.236,2020-02-22,9.05,False,2020-02-22,False,1,0,5,147,1429.0,1069.0,513.0,True,False,7.05,6.311111111111111,100.0,99.33333333333331,5.683333333333334,5.852777777777778,7.616666666666666,6.847222222222221,7.933333333333334,6.98888888888889,48.0,48.0,21907.0,15958.333333333334,17.1797,12.134666666666668,4652.37,3990.523333333333,324.0,330.0,101.0,53.333333333333336,95.0,61.0,196.0,114.33333333333331,520.0,444.3333333333333,513.0,589.3333333333334,48.73244094848633,48.75747362772624,150.0,50.0,47.73333333333333,50.61111111111112,47.73333333333333,44.07222222222222,False,0.0,neutral,7721.5,121.0,0.8666666666666663,False,False,False,113
p06,3.0,4.0,6,6.0,4.0,3.0,3.0,2020-02-23 09:00:24.078,2020-02-23,9.0,False,2020-02-23,False,1,0,6,147,1439.0,1079.0,585.0,True,False,6.066666666666666,6.4444444444444455,98.0,98.66666666666669,6.8,6.030555555555556,7.483333333333333,7.166666666666667,6.683333333333334,7.133333333333333,49.0,48.333333333333336,11523.0,16054.333333333334,8.5439,12.216666666666669,3252.81,3914.9,323.0,338.6666666666667,29.0,54.333333333333336,27.0,58.0,56.0,112.33333333333331,379.0,451.0,585.0,569.6666666666666,49.77181053161621,49.05771827697754,0.0,50.0,17.066666666666666,42.65,0.0,30.42222222222222,False,0.0,neutral,-2991.5,-19.0,-0.11666666666666714,True,False,False,114
p06,3.0,4.0,7,6.0,4.0,3.0,3.0,2020-02-24 06:59:30.598,2020-02-24,6.983333333333333,False,2020-02-24,False,1,0,0,147,1436.0,1077.0,654.0,True,False,6.416666666666667,6.511111111111112,98.0,98.66666666666669,5.416666666666667,5.966666666666666,6.341666666666667,7.147222222222222,6.916666666666667,7.177777777777778,50.0,49.0,10247.0,14559.0,7.600300000000001,11.107966666666668,3200.06,3701.7466666666655,353.0,333.3333333333333,11.0,47.0,21.0,47.66666666666666,32.0,94.66666666666669,385.0,428.0,654.0,584.0,50.31017303466797,49.60480817159017,0.0,50.0,22.183333333333334,28.994444444444444,0.0,15.911111111111111,False,0.0,neutral,-4267.5,-43.0,0.27499999999999947,True,False,False,115
p06,3.0,4.0,4,7.0,4.0,3.0,3.0,2020-02-25 10:47:56.599,2020-02-25,10.783333333333331,False,2020-02-25,False,1,0,1,147,1436.0,1076.0,566.0,True,False,7.183333333333334,6.555555555555556,99.0,98.33333333333331,4.35,5.522222222222222,6.391666666666667,6.73888888888889,8.033333333333333,7.211111111111111,49.0,49.333333333333336,18858.0,13542.666666666666,15.268300000000002,10.470833333333331,3972.25,3475.0399999999995,377.0,351.0,22.0,20.666666666666668,60.0,36.0,82.0,56.66666666666666,459.0,407.6666666666667,566.0,601.6666666666666,49.8616828918457,49.98122215270996,180.0,60.0,47.650000000000006,28.96666666666667,47.650000000000006,15.883333333333336,False,0.0,neutral,4343.5,7.0,1.0,False,True,False,116
p06,3.0,4.0,6,6.0,2.0,3.0,3.0,2020-02-26 07:49:35.768,2020-02-26,7.816666666666666,False,2020-02-26,False,1,0,2,147,1357.0,1000.0,555.0,True,False,6.633333333333334,6.7444444444444445,97.0,98.0,4.883333333333334,4.883333333333334,6.7,6.477777777777778,7.816666666666666,7.588888888888889,50.0,49.66666666666666,13538.0,14214.333333333334,9.974900000000002,10.947833333333335,3784.91,3652.4066666666654,268.0,332.6666666666667,72.0,35.0,63.0,48.0,135.0,83.0,403.0,415.6666666666667,555.0,591.6666666666666,50.24992752075195,50.14059448242188,0.0,60.0,39.266666666666666,36.36666666666667,39.266666666666666,28.972222222222225,False,0.0,neutral,-976.5,59.5,0.3166666666666673,False,True,False,117
p06,3.0,4.0,8,6.0,2.0,3.0,3.0,2020-02-27 07:24:55.748,2020-02-27,7.4,False,2020-02-27,False,1,0,3,147,1435.0,1075.0,524.0,True,False,5.966666666666667,6.594444444444445,96.0,97.33333333333331,5.583333333333333,4.938888888888889,6.241666666666666,6.444444444444444,6.65,7.5,50.0,49.66666666666666,17659.0,16685.0,14.547900000000002,13.263700000000002,4051.88,3936.346666666667,359.0,334.6666666666667,21.0,38.333333333333336,67.0,63.333333333333336,88.0,101.66666666666669,447.0,436.3333333333333,524.0,548.3333333333334,50.602813720703125,50.23814137776693,200.0,126.66666666666669,58.21666666666667,48.37777777777777,58.21666666666667,48.37777777777777,False,0.0,neutral,3144.5,7.5,-0.5083333333333329,False,True,False,118
p06,2.0,4.0,1,5.0,2.0,2.0,3.0,2020-02-28 08:05:18.102,2020-02-28,8.083333333333334,False,2020-02-28,False,1,0,4,147,1435.0,1077.0,521.0,True,False,5.4,6.0,97.0,96.66666666666669,5.883333333333334,5.45,5.891666666666667,6.277777777777778,6.0,6.822222222222223,50.0,50.0,20871.0,17356.0,16.966900000000003,13.829900000000002,4042.95,3959.913333333333,441.0,356.0,31.0,41.333333333333336,48.0,59.333333333333336,79.0,100.66666666666669,520.0,456.6666666666667,521.0,533.3333333333334,50.336167335510254,50.39630285898844,240.0,146.66666666666666,58.41666666666666,51.96666666666666,58.41666666666666,51.96666666666666,False,-0.9254105385508712,bad,6356.5,-2.5,-0.9166666666666661,False,True,False,119
p06,2.0,4.0,2,6.0,2.0,2.0,3.0,2020-02-29 09:00:19.421,2020-02-29,9.0,False,2020-02-29,False,1,0,5,147,1434.0,1075.0,543.0,True,False,6.066666666666666,5.811111111111111,97.0,96.66666666666669,6.941666666666666,6.13611111111111,7.841666666666667,6.658333333333334,6.9,6.516666666666667,48.0,49.333333333333336,14736.0,17755.333333333332,10.9237,14.146166666666668,3695.54,3930.123333333333,497.0,432.3333333333333,31.0,27.666666666666668,9.0,41.333333333333336,40.0,69.0,537.0,501.3333333333333,543.0,529.3333333333334,48.975348472595215,49.97144317626953,0.0,146.66666666666666,0.0,38.87777777777777,0.0,38.87777777777777,False,-0.9254105385508712,bad,221.5,-40.5,-0.25,False,False,False,120
p06,2.0,3.0,3,7.0,2.0,3.0,3.0,2020-03-01 10:43:51.345,2020-03-01,10.716666666666669,False,2020-03-01,False,1,0,6,147,1435.0,1076.0,675.0,True,False,7.583333333333333,6.349999999999999,96.0,96.66666666666669,4.958333333333333,5.927777777777777,7.908333333333333,7.213888888888889,8.95,7.283333333333334,49.0,49.0,8254.0,14620.333333333334,6.120500000000001,11.337033333333332,3000.67,3579.72,192.0,376.6666666666667,48.0,36.66666666666666,38.0,31.666666666666668,86.0,68.33333333333333,278.0,445.0,675.0,579.6666666666666,49.75969696044922,49.6904042561849,0.0,80.0,49.5,35.97222222222222,0.0,19.47222222222222,False,-2.5674290084253157,bad,-6260.5,6.5,1.4083333333333323,True,False,False,121
p06,2.0,4.0,3,7.0,2.0,3.0,3.0,2020-03-02 09:14:15.209,2020-03-02,9.233333333333333,False,2020-03-02,False,1,0,0,147,1423.0,1065.0,617.0,True,False,6.816666666666666,6.822222222222222,97.0,96.66666666666669,4.6,5.5,6.416666666666667,7.388888888888888,7.816666666666666,7.888888888888888,50.0,49.0,6465.0,9818.333333333334,4.7903,7.278166666666667,2773.29,3156.5,286.0,325.0,0.0,26.33333333333333,0.0,15.666666666666666,0.0,42.0,286.0,367.0,617.0,611.6666666666666,50.55837059020996,49.764472007751465,0.0,0.0,0.0,16.5,0.0,0.0,False,-0.9254105385508712,bad,-8049.5,-80.5,0.6416666666666657,True,False,False,122
p06,3.0,4.0,4,6.0,3.0,3.0,3.0,2020-03-03 09:00:44.475,2020-03-03,9.0,False,2020-03-03,False,1,0,1,147,1434.0,1076.0,529.0,True,False,6.266666666666667,6.888888888888888,98.0,97.0,5.325,4.961111111111111,6.25,6.858333333333334,6.916666666666667,7.894444444444445,51.0,50.0,13185.0,9301.333333333334,9.7758,6.895533333333334,3638.08,3137.346666666667,360.0,279.3333333333333,40.0,29.33333333333333,42.0,26.666666666666668,82.0,56.0,442.0,335.3333333333333,529.0,607.0,51.03332328796387,50.45046361287435,0.0,0.0,47.78333333333333,32.42777777777778,47.78333333333333,15.927777777777775,False,0.0,neutral,-1329.5,1.5,-0.04999999999999982,False,True,False,123
p06,3.0,4.0,6,6.0,3.0,3.0,3.0,2020-03-04 09:02:43.181,2020-03-04,9.033333333333331,False,2020-03-04,False,1,0,2,147,1165.0,805.0,563.0,False,False,,6.541666666666666,,97.5,,4.9625,,6.333333333333334,,7.366666666666667,,50.5,14399.0,11349.666666666666,10.6758,8.413966666666667,3624.75,3345.373333333333,403.0,349.6666666666667,31.0,23.666666666666668,28.0,23.33333333333333,59.0,47.0,462.0,396.6666666666667,,573.0,51.3616189956665,50.98443762461344,0.0,0.0,41.8,29.86111111111111,41.8,29.86111111111111,False,0.0,neutral,-115.5,-22.5,,False,True,False,124
p06,3.0,4.0,2,6.0,4.0,3.0,3.0,2020-03-05 06:25:36.784,2020-03-05,6.416666666666667,False,2020-03-05,False,1,0,3,147,1117.0,1073.0,881.0,True,False,5.766666666666667,6.016666666666667,99.0,98.5,6.175,5.75,6.408333333333333,6.329166666666667,6.233333333333333,6.575,51.0,51.0,26124.0,17902.666666666668,20.1448,13.532133333333334,4538.49,3933.773333333333,468.0,410.3333333333333,24.0,31.666666666666668,67.0,45.66666666666666,91.0,77.33333333333333,559.0,487.6666666666667,,,,51.19747114181519,210.0,70.0,31.78333333333333,40.45555555555556,31.78333333333333,40.45555555555556,False,0.0,neutral,11776.5,10.5,-0.6500000000000004,False,True,False,125
p06,3.0,4.0,6,7.0,4.0,3.0,3.0,2020-03-06 08:21:57.643,2020-03-06,8.35,False,2020-03-06,False,1,0,4,147,1433.0,1073.0,713.0,True,False,7.0,6.383333333333333,100.0,99.5,4.833333333333333,5.504166666666666,6.35,6.379166666666666,7.516666666666667,6.875,52.0,51.5,13892.0,18138.33333333333,10.3135,13.711366666666668,3415.89,3859.71,288.0,386.3333333333333,34.0,29.666666666666668,31.0,42.0,65.0,71.66666666666667,353.0,458.0,713.0,,52.31468772888184,51.83815336227417,0.0,70.0,0.0,24.52777777777777,0.0,24.52777777777777,False,0.0,neutral,-455.5,-15.5,0.7333333333333334,False,True,False,126
p06,3.0,4.0,5,6.0,4.0,3.0,3.0,2020-03-07 11:19:52.547,2020-03-07,11.316666666666666,False,2020-03-07,False,1,0,5,147,1436.0,1076.0,512.0,True,False,6.466666666666667,6.411111111111111,99.0,99.33333333333331,5.516666666666667,5.508333333333333,6.675,6.477777777777777,7.15,6.966666666666668,52.0,51.66666666666666,17486.0,19167.33333333333,13.145,14.534433333333334,3794.88,3916.42,386.0,380.6666666666667,49.0,35.666666666666664,42.0,46.66666666666666,91.0,82.33333333333333,477.0,463.0,512.0,612.5,52.80194664001465,52.55831718444824,0.0,70.0,0.0,10.594444444444443,0.0,10.594444444444443,False,0.0,neutral,3392.0,11.5,0.04999999999999982,False,False,False,127
p06,3.0,4.0,3,7.0,3.0,3.0,4.0,2020-03-08 14:09:11.478,2020-03-08,14.15,False,2020-03-08,False,1,0,6,147,1422.0,1064.0,626.0,True,False,7.383333333333334,6.95,98.0,99.0,5.858333333333333,5.402777777777778,8.4,7.141666666666666,8.533333333333333,7.733333333333333,53.0,52.333333333333336,9065.0,13481.0,6.716900000000001,10.058466666666668,3127.32,3446.03,385.0,353.0,0.0,27.666666666666668,0.0,24.33333333333333,0.0,52.0,385.0,405.0,626.0,617.0,53.85465049743652,52.99042828877767,0.0,0.0,0.0,0.0,0.0,0.0,False,0.7068721804388377,good,-5282.5,-79.5,0.9666666666666668,True,False,False,128
p06,2.0,4.0,7,6.0,2.0,3.0,3.0,2020-03-09 09:21:35.603,2020-03-09,9.35,False,2020-03-09,False,1,0,0,147,1436.0,1076.0,661.0,True,False,6.75,6.866666666666667,94.0,97.0,4.691666666666666,5.355555555555555,6.325,7.133333333333334,7.633333333333334,7.772222222222223,55.0,53.333333333333336,4867.0,10472.666666666666,3.6036,7.821833333333334,2667.36,3196.5200000000004,267.0,346.0,0.0,16.333333333333332,0.0,14.0,0.0,30.33333333333333,267.0,376.3333333333333,661.0,599.6666666666666,55.36659717559815,54.00773143768311,0.0,0.0,0.0,0.0,0.0,0.0,False,-0.9254105385508712,bad,-9480.5,-79.5,0.33333333333333304,True,False,False,129
p06,3.0,4.0,2,6.0,4.0,3.0,3.0,2020-03-10 09:46:39.584,2020-03-10,9.766666666666667,False,2020-03-10,False,1,0,1,147,1438.0,1080.0,451.0,True,False,6.383333333333334,6.838888888888889,100.0,97.33333333333331,5.508333333333334,5.352777777777778,6.35,7.025000000000001,6.833333333333333,7.666666666666667,56.0,54.66666666666666,24194.0,12708.666666666666,18.8897,9.736733333333332,4291.88,3362.1866666666665,431.0,361.0,14.0,4.666666666666667,86.0,28.666666666666668,100.0,33.333333333333336,531.0,394.3333333333333,451.0,579.3333333333334,56.08207893371582,55.10110886891683,80.0,26.666666666666668,56.516666666666666,18.83888888888889,27.5,9.166666666666666,False,0.0,neutral,9846.5,20.5,-0.08333333333333304,False,True,False,130
p06,3.0,4.0,6,6.0,3.0,3.0,3.0,2020-03-11 07:53:20.552,2020-03-11,7.883333333333333,False,2020-03-11,False,1,0,2,147,1409.0,1077.0,537.0,True,False,5.616666666666666,6.25,98.0,97.33333333333331,5.916666666666667,5.372222222222223,6.033333333333333,6.236111111111111,6.116666666666666,6.861111111111111,55.0,55.333333333333336,16479.0,15180.0,12.0873,11.526866666666669,3667.87,3542.3700000000003,459.0,385.6666666666667,18.0,10.666666666666666,16.0,34.0,34.0,44.66666666666666,493.0,430.3333333333333,537.0,549.6666666666666,55.00669002532959,55.48512204488119,0.0,26.666666666666668,0.0,18.83888888888889,0.0,9.166666666666666,False,0.0,neutral,1913.0,-45.5,-0.8500000000000005,False,True,False,131
p06,3.0,4.0,2,6.0,4.0,3.0,2.0,2020-03-12 11:49:00.468,2020-03-12,11.816666666666666,False,2020-03-12,False,1,0,3,147,1432.0,1072.0,602.0,True,False,5.8,5.933333333333334,99.0,99.0,5.85,5.758333333333333,6.4,6.26111111111111,6.55,6.5,54.0,55.0,18553.0,19742.0,15.1239,15.366966666666668,4112.02,4023.9233333333336,363.0,417.6666666666667,38.0,23.33333333333333,70.0,57.333333333333336,108.0,80.66666666666667,471.0,498.3333333333333,602.0,530.0,54.40668964385986,55.16515286763509,210.0,96.66666666666669,28.28333333333333,28.266666666666666,28.28333333333333,18.594444444444445,False,-0.7068721804388377,bad,3987.0,36.0,-0.666666666666667,False,True,True,132
p06,2.0,4.0,5,6.0,3.0,3.0,2.0,2020-03-13 06:54:47.039,2020-03-13,6.9,False,2020-03-13,False,1,0,4,147,1356.0,1001.0,599.0,True,False,6.1,5.838888888888889,99.0,98.66666666666669,5.433333333333334,5.733333333333333,6.141666666666667,6.191666666666667,6.7,6.455555555555556,53.0,54.0,15869.0,16967.0,11.894100000000002,13.0351,3650.61,3810.1666666666665,398.0,406.6666666666667,30.0,28.666666666666668,20.0,35.333333333333336,50.0,64.0,448.0,470.6666666666667,599.0,579.3333333333334,53.96468162536621,54.45935376485189,0.0,70.0,0.0,9.42777777777778,0.0,9.42777777777778,False,-1.6322827189897087,bad,1134.5,-29.5,-0.36666666666666714,False,True,True,133
p06,2.0,4.0,0,6.0,2.0,3.0,2.0,2020-03-14 13:24:30.627,2020-03-14,13.4,False,2020-03-14,True,1,0,5,147,1438.0,1078.0,478.0,True,False,4.45,5.45,99.0,99.0,8.425,6.5694444444444455,7.5,6.6805555555555545,5.066666666666666,6.105555555555555,53.0,53.333333333333336,19075.0,17832.333333333332,14.1887,13.735566666666667,4152.19,3971.6066666666666,458.0,406.3333333333333,61.0,43.0,41.0,43.66666666666666,102.0,86.66666666666667,560.0,493.0,478.0,559.6666666666666,53.72850799560547,54.03329308827718,0.0,70.0,16.2,14.827777777777778,0.0,9.42777777777778,False,-1.6322827189897087,bad,4340.5,22.5,-1.9666666666666668,False,False,True,134
p06,3.0,4.0,6,6.0,4.0,3.0,2.0,2020-03-16 09:50:46.562,2020-03-16,9.833333333333334,False,2020-03-16,False,1,0,0,147,1425.0,1066.0,662.0,True,False,6.3,6.433333333333334,100.0,97.33333333333331,5.258333333333334,5.630555555555556,6.033333333333333,6.891666666666667,6.766666666666667,7.2555555555555555,53.0,53.66666666666666,2782.0,9558.666666666666,2.0589000000000004,7.114733333333334,2386.18,3130.26,182.0,273.6666666666667,0.0,25.33333333333333,0.0,20.33333333333333,0.0,45.66666666666666,182.0,319.3333333333333,662.0,649.6666666666666,53.47207164764404,54.2909943262736,0.0,0.0,0.0,7.3,0.0,1.9,False,-0.7068721804388377,bad,-11952.5,-80.0,-0.08333333333333393,True,False,True,136
p06,3.0,4.0,2,6.0,4.0,3.0,2.0,2020-03-17 11:17:38.692,2020-03-17,11.283333333333331,False,2020-03-17,False,1,0,1,147,1428.0,1069.0,562.0,True,False,6.083333333333333,6.977777777777778,98.0,97.0,5.191666666666666,4.552777777777778,5.891666666666667,6.355555555555555,6.7,7.8,52.0,53.333333333333336,17433.0,9011.333333333334,12.8929,6.6828,3673.46,2970.683333333333,408.0,257.0,47.0,20.666666666666668,17.0,12.333333333333334,64.0,33.0,472.0,290.0,562.0,677.6666666666666,52.39241886138916,53.84563128153483,0.0,0.0,0.0,1.9,0.0,1.9,False,-0.7068721804388377,bad,2698.5,-16.0,-0.3000000000000007,False,True,True,137
p06,3.0,4.0,2,6.0,4.0,3.0,2.0,2020-03-18 09:06:25.828,2020-03-18,9.1,False,2020-03-18,False,1,0,2,147,1437.0,1077.0,595.0,True,False,6.666666666666667,6.3500000000000005,100.0,99.33333333333331,5.583333333333333,5.344444444444444,7.025,6.316666666666667,7.433333333333334,6.966666666666666,51.0,52.0,14218.0,11477.666666666666,10.5429,8.498233333333333,3555.63,3205.09,393.0,327.6666666666667,43.0,30.0,7.0,8.0,50.0,38.0,443.0,365.6666666666667,595.0,606.3333333333334,51.198198318481445,52.35422960917155,0.0,0.0,0.0,0.0,0.0,0.0,False,-0.7068721804388377,bad,-516.5,-22.0,0.36666666666666714,False,True,True,138
p06,3.0,4.0,6,4.0,3.0,3.0,2.0,2020-03-19 07:48:38.476,2020-03-19,7.8,False,2020-03-19,False,1,0,3,147,1288.0,928.0,562.0,True,False,4.433333333333334,5.727777777777778,97.0,98.33333333333331,5.725,5.5,4.566666666666666,5.827777777777778,4.833333333333333,6.322222222222222,50.0,51.0,15606.0,15752.333333333334,12.5803,12.005366666666667,3989.35,3739.48,313.0,371.3333333333333,70.0,53.333333333333336,49.0,24.33333333333333,119.0,77.66666666666667,432.0,449.0,562.0,573.0,50.977885246276855,51.52283414204916,180.0,60.0,27.05,9.016666666666667,27.05,9.016666666666667,False,-0.7068721804388377,bad,1040.0,54.5,-1.8666666666666663,False,True,True,139
p06,3.0,4.0,5,6.0,4.0,3.0,2.0,2020-03-20 11:17:40.230,2020-03-20,11.283333333333331,False,2020-03-20,False,1,0,4,147,1435.0,1078.0,668.0,True,False,6.183333333333334,5.761111111111112,98.0,98.33333333333331,4.683333333333334,5.330555555555556,5.308333333333334,5.633333333333333,6.616666666666666,6.294444444444444,52.0,51.0,15483.0,15102.333333333334,11.4512,11.5248,3662.73,3735.903333333333,456.0,387.3333333333333,22.0,45.0,4.0,20.0,26.0,65.0,482.0,452.3333333333333,668.0,608.3333333333334,52.40081214904785,51.52563190460205,0.0,60.0,0.0,9.016666666666667,0.0,9.016666666666667,False,-0.7068721804388377,bad,748.5,-46.0,-0.11666666666666625,False,True,True,140
p06,3.0,4.0,5,6.0,3.0,3.0,2.0,2020-03-21 09:00:47.823,2020-03-21,9.0,False,2020-03-21,False,1,0,5,147,1432.0,1074.0,590.0,True,False,5.483333333333333,5.366666666666667,100.0,98.33333333333331,6.358333333333333,5.588888888888889,6.383333333333334,5.419444444444444,6.016666666666667,5.822222222222222,51.0,51.0,13851.0,14980.0,10.2705,11.434,3545.5,3732.526666666666,416.0,395.0,26.0,39.333333333333336,11.0,21.33333333333333,37.0,60.66666666666666,453.0,455.6666666666667,590.0,606.6666666666666,51.8991584777832,51.75928529103597,0.0,60.0,0.0,9.016666666666667,0.0,9.016666666666667,False,-0.7068721804388377,bad,-1258.5,-27.5,-0.8166666666666664,False,False,True,141
p06,3.0,4.0,3,7.0,4.0,3.0,2.0,2020-03-22 09:03:22.682,2020-03-22,9.05,False,2020-03-22,False,1,0,6,147,1431.0,1073.0,623.0,True,False,7.333333333333333,6.333333333333333,96.0,98.0,5.25,5.430555555555556,7.591666666666667,6.427777777777778,8.333333333333334,6.98888888888889,51.0,51.333333333333336,16478.0,15270.666666666666,13.4217,11.714466666666668,4019.88,3742.703333333333,349.0,407.0,36.0,28.0,71.0,28.666666666666668,107.0,56.66666666666666,456.0,463.6666666666667,623.0,627.0,51.15130233764648,51.81709098815918,180.0,60.0,51.11666666666667,17.038888888888888,24.666666666666668,8.222222222222223,False,-0.7068721804388377,bad,1910.5,45.5,1.0666666666666664,True,False,True,142
p06,3.0,4.0,5,5.0,4.0,3.0,2.0,2020-03-23 09:03:30.346,2020-03-23,9.05,False,2020-03-23,False,1,0,0,147,1432.0,1078.0,515.0,True,False,5.45,6.088888888888889,96.0,97.33333333333331,5.9,5.836111111111111,5.791666666666667,6.588888888888889,5.883333333333334,6.7444444444444445,50.0,50.66666666666666,9512.0,13280.333333333334,7.022,10.238066666666668,3175.14,3580.1733333333336,425.0,396.6666666666667,0.0,20.666666666666668,0.0,27.33333333333333,0.0,48.0,425.0,444.6666666666667,515.0,576.0,50.13024711608887,51.06023597717285,0.0,60.0,0.0,17.038888888888888,0.0,8.222222222222223,False,-0.7068721804388377,bad,-5597.5,-64.5,-0.8499999999999996,True,False,True,143
p06,2.0,4.0,3,6.0,2.0,3.0,2.0,2020-03-24 08:51:12.452,2020-03-24,8.85,False,2020-03-24,False,1,0,1,147,1433.0,1079.0,470.0,True,False,5.933333333333334,6.238888888888888,99.0,97.0,5.058333333333334,5.402777777777779,5.8,6.394444444444445,6.733333333333333,6.983333333333334,48.0,49.66666666666666,19509.0,15166.333333333334,14.467,11.636900000000002,4383.8,3859.6066666666666,504.0,426.0,70.0,35.333333333333336,43.0,38.0,113.0,73.33333333333333,617.0,499.3333333333333,470.0,536.0,48.82879447937012,50.03678131103516,0.0,60.0,0.0,17.038888888888888,0.0,8.222222222222223,False,-1.6322827189897087,bad,4399.5,48.5,-0.33333333333333304,False,True,True,144
p06,2.0,4.0,4,5.0,2.0,3.0,2.0,2020-03-25 09:01:39.548,2020-03-25,9.016666666666667,False,2020-03-25,False,1,0,2,147,1358.0,998.0,670.0,True,False,5.616666666666666,5.666666666666667,96.0,97.0,5.091666666666667,5.3500000000000005,5.508333333333334,5.7,6.416666666666667,6.344444444444445,49.0,49.0,12330.0,13783.666666666666,9.1439,10.210966666666666,3284.74,3614.56,351.0,426.6666666666667,8.0,26.0,7.0,16.666666666666668,15.0,42.66666666666666,366.0,469.3333333333333,670.0,551.6666666666666,49.297964096069336,49.41900189717611,0.0,0.0,0.0,0.0,0.0,0.0,False,-1.6322827189897087,bad,-2779.5,-49.5,-0.5666666666666673,False,True,True,145
p06,2.0,4.0,3,6.0,2.0,3.0,2.0,2020-03-26 08:31:06.661,2020-03-26,8.516666666666667,False,2020-03-26,False,1,0,3,147,1435.0,1076.0,613.0,True,False,6.4,5.983333333333333,97.0,97.33333333333331,4.866666666666666,5.005555555555556,5.833333333333333,5.713888888888889,6.966666666666667,6.705555555555556,48.0,48.333333333333336,13209.0,15016.0,9.794300000000002,11.135066666666669,3579.08,3749.2066666666665,403.0,419.3333333333333,23.0,33.666666666666664,16.0,22.0,39.0,55.66666666666666,442.0,475.0,613.0,584.3333333333334,48.4007682800293,48.842508951822914,0.0,0.0,0.0,0.0,0.0,0.0,False,-1.6322827189897087,bad,-1900.5,-22.5,0.3000000000000007,False,True,True,146
p06,3.0,4.0,4,6.0,4.0,3.0,2.0,2020-03-27 09:00:24.884,2020-03-27,9.0,False,2020-03-27,False,1,0,4,147,1436.0,1076.0,467.0,True,False,5.833333333333333,5.95,97.0,96.66666666666669,5.458333333333333,5.138888888888888,5.991666666666666,5.777777777777778,6.533333333333333,6.638888888888889,48.0,48.333333333333336,21661.0,15733.333333333334,17.5626,12.166933333333334,4412.46,3758.76,436.0,396.6666666666667,63.0,31.33333333333333,56.0,26.33333333333333,119.0,57.66666666666666,555.0,454.3333333333333,467.0,583.3333333333334,48.93991374969482,48.87954870859782,240.0,80.0,27.716666666666665,9.238888888888887,27.716666666666665,9.238888888888887,False,-0.7068721804388377,bad,7093.5,64.5,-0.35000000000000053,False,True,True,147
p06,3.0,4.0,3,7.0,4.0,3.0,2.0,2020-03-28 09:08:06.385,2020-03-28,9.133333333333333,False,2020-03-28,False,1,0,5,147,1436.0,1076.0,701.0,True,False,7.0,6.411111111111111,96.0,96.66666666666669,4.916666666666667,5.080555555555556,7.0,6.275,8.083333333333334,7.1944444444444455,48.0,48.0,10031.0,14967.0,7.4374,11.5981,3079.61,3690.383333333333,315.0,384.6666666666667,16.0,34.0,16.0,29.33333333333333,32.0,63.333333333333336,347.0,448.0,701.0,593.6666666666666,48.35475826263428,48.56514676411947,0.0,80.0,0.0,9.238888888888887,0.0,9.238888888888887,False,-0.7068721804388377,bad,-4536.5,-22.5,0.8166666666666664,False,False,True,148
p06,3.0,4.0,4,6.0,4.0,3.0,2.0,2020-03-29 09:00:17.452,2020-03-29,9.0,False,2020-03-29,False,1,0,6,147,1435.0,1075.0,645.0,True,False,6.05,6.294444444444444,99.0,97.33333333333331,5.1,5.158333333333332,6.808333333333334,6.6000000000000005,7.7,7.43888888888889,47.0,47.66666666666666,8162.0,13284.666666666666,6.0506,10.3502,3001.54,3497.8700000000003,284.0,345.0,8.0,29.0,18.0,30.0,26.0,59.0,310.0,404.0,645.0,604.3333333333334,47.94961452484131,48.4147621790568,0.0,80.0,32.416666666666664,20.04444444444444,0.0,9.238888888888887,False,-0.7068721804388377,bad,-6146.5,-28.5,-0.21666666666666679,True,False,True,149
p06,3.0,4.0,5,6.0,4.0,3.0,2.0,2020-03-30 09:00:56.702,2020-03-30,9.0,False,2020-03-30,False,1,0,0,147,1434.0,1077.0,795.0,True,False,6.166666666666667,6.405555555555556,97.0,97.33333333333331,4.508333333333334,4.841666666666668,5.658333333333333,6.48888888888889,7.15,7.644444444444446,47.0,47.333333333333336,4358.0,7517.0,3.2267,5.571566666666667,2577.57,2886.24,243.0,280.6666666666667,0.0,8.0,0.0,11.333333333333334,0.0,19.33333333333333,243.0,300.0,795.0,713.6666666666666,47.71632957458496,48.00690078735352,0.0,0.0,0.0,10.805555555555555,0.0,0.0,False,-0.7068721804388377,bad,-9950.5,-50.0,-0.016666666666666607,True,False,True,150
p07,3.0,3.0,2,9.0,4.0,3.0,5.0,2019-11-06 16:29:27.844,2019-11-06,16.483333333333334,False,2019-11-06,False,1,0,2,133,0.0,0.0,1440.0,False,False,,,,,,,,,,,,,,,,,,,,,,,,,,,,,,,,,,,,,,,True,1.3493590624542693,good,,,,False,True,False,5
p07,4.0,3.0,6,9.0,4.0,3.0,4.0,2019-11-07 08:25:20.238,2019-11-07,8.416666666666666,False,2019-11-07,False,1,0,3,133,469.0,469.0,1270.0,True,False,7.383333333333334,,94.0,,4.541666666666667,,7.3,,8.75,,,,,,,,,,,,,,,,,,,,,,,,120.0,,81.71666666666667,,39.03333333333333,,True,1.71939862137304,good,,,,False,True,False,6
p07,3.0,3.0,4,8.0,4.0,3.0,3.0,2019-11-08 07:58:09.421,2019-11-08,7.966666666666667,False,2019-11-08,False,1,0,4,133,1316.0,962.0,563.0,True,False,7.566666666666666,7.475,98.0,96.0,4.408333333333333,4.475,7.041666666666667,7.170833333333333,8.633333333333333,8.691666666666666,55.0,,19979.0,,14.5545,,3420.22,,226.0,,21.0,,105.0,,126.0,,352.0,,563.0,,55.6679162979126,,350.0,235.0,105.7,93.70833333333334,76.68333333333334,57.85833333333333,False,0.0,neutral,,,,False,True,False,7
p07,4.0,4.0,8,6.0,4.0,3.0,4.0,2019-11-09 07:54:50.161,2019-11-09,7.9,False,2019-11-09,False,1,0,5,133,1230.0,876.0,660.0,True,False,6.116666666666666,7.022222222222222,97.0,96.33333333333331,6.125,5.025,6.966666666666667,7.102777777777778,6.833333333333333,8.072222222222221,53.0,54.0,9614.0,14796.5,7.054900000000001,10.8047,2638.93,3029.575,224.0,225.0,9.0,15.0,29.0,67.0,38.0,82.0,262.0,307.0,660.0,611.5,53.80065727233887,54.73428678512573,0.0,156.66666666666666,20.48333333333333,69.3,0.0,38.57222222222222,False,2.712297137917145,good,,,,False,False,False,8
p07,3.0,3.0,4,8.0,3.0,2.0,4.0,2019-11-10 09:23:08.031,2019-11-10,9.383333333333333,False,2019-11-10,False,1,0,6,133,1245.0,895.0,383.0,False,False,,6.841666666666667,,97.5,,5.266666666666667,,7.004166666666666,,7.733333333333332,,54.0,28445.0,19346.0,20.1098,13.9064,5465.84,3841.663333333333,243.0,231.0,16.0,15.333333333333334,324.0,152.66666666666666,340.0,168.0,583.0,399.0,383.0,535.3333333333334,53.646626472473145,54.37173334757487,1320.0,556.6666666666666,293.2333333333333,139.80555555555557,293.2333333333333,123.30555555555556,False,0.6746795312271346,good,,,,True,False,False,9
p07,2.0,3.0,2,8.0,3.0,3.0,5.0,2019-11-11 08:11:26.495,2019-11-11,8.183333333333334,False,2019-11-11,False,1,0,0,133,877.0,877.0,1240.0,True,False,7.6,6.8583333333333325,97.0,97.0,4.925,5.525,7.366666666666666,7.166666666666666,8.433333333333334,7.633333333333333,53.0,53.0,6203.0,14754.0,4.549600000000001,10.571433333333331,2304.2,3469.6566666666663,189.0,218.66666666666663,5.0,10.0,6.0,119.66666666666669,11.0,129.66666666666666,200.0,348.3333333333333,,521.5,53.78922080993652,53.74550151824951,0.0,440.0,0.0,104.57222222222224,0.0,97.74444444444444,False,0.304639972308364,neutral,,,,True,False,False,10
p07,3.0,3.0,6,8.0,3.0,3.0,4.0,2019-11-12 08:58:29.808,2019-11-12,8.966666666666667,False,2019-11-12,False,1,0,1,133,1355.0,996.0,637.0,True,False,7.533333333333333,7.566666666666666,97.0,97.0,4.466666666666667,4.695833333333333,7.033333333333333,7.199999999999999,8.566666666666666,8.5,52.0,52.5,17453.0,17367.0,15.905600000000002,13.521666666666668,3266.91,3678.9833333333336,154.0,195.33333333333331,45.0,22.0,98.0,142.66666666666666,143.0,164.66666666666666,297.0,360.0,637.0,510.0,52.61652183532715,53.35078970591227,480.0,600.0,77.51666666666667,123.58333333333331,57.9,117.04444444444444,False,0.6746795312271346,good,,,,False,True,False,11
p07,2.0,3.0,4,7.0,3.0,3.0,2.0,2019-11-13 08:05:06.000,2019-11-13,8.083333333333334,False,2019-11-13,False,1,0,2,133,1345.0,993.0,709.0,True,False,7.383333333333334,7.5055555555555555,96.0,96.66666666666669,4.658333333333333,4.683333333333334,7.291666666666667,7.230555555555555,8.633333333333333,8.544444444444444,52.0,52.333333333333336,7921.0,10525.666666666666,5.8116,8.755600000000001,2414.42,2661.843333333333,194.0,179.0,19.0,23.0,4.0,36.0,23.0,59.0,217.0,238.0,709.0,673.0,52.861595153808594,53.08911259969076,0.0,160.0,0.0,25.83888888888889,0.0,19.3,False,-1.71939862137304,bad,,,,False,True,False,12
p07,3.0,3.0,4,7.0,3.0,3.0,4.0,2019-11-14 08:21:23.691,2019-11-14,8.35,False,2019-11-14,False,1,0,3,133,1333.0,975.0,600.0,True,False,7.45,7.455555555555556,97.0,96.66666666666669,4.65,4.591666666666667,7.175,7.166666666666667,8.516666666666667,8.572222222222221,52.0,52.0,19280.0,14884.666666666666,18.1958,13.304333333333334,3288.83,2990.0533333333333,234.0,194.0,13.0,25.666666666666668,75.0,59.0,88.0,84.66666666666667,322.0,278.6666666666667,600.0,648.6666666666666,52.38880634307861,52.62230777740479,240.0,240.0,57.16666666666666,44.894444444444446,57.16666666666666,38.355555555555554,False,0.6746795312271346,good,,,,False,True,False,13
p07,3.0,3.0,6,7.0,3.0,3.0,2.0,2019-11-15 08:03:29.482,2019-11-15,8.05,False,2019-11-15,False,1,0,4,133,1270.0,910.0,661.0,True,False,8.133333333333333,7.655555555555555,97.0,96.66666666666669,3.325,4.211111111111111,6.7,7.055555555555556,9.366666666666667,8.838888888888889,53.0,52.333333333333336,15531.0,14244.0,13.775200000000002,12.5942,3133.85,2945.7000000000003,180.0,202.66666666666663,8.0,13.333333333333334,80.0,53.0,88.0,66.33333333333333,268.0,269.0,661.0,656.6666666666666,53.208542823791504,52.819648106892906,350.0,196.66666666666663,77.71666666666667,44.96111111111111,50.15,35.77222222222222,False,-0.6746795312271346,bad,,,,False,True,False,14
p07,3.0,3.0,6,8.0,3.0,3.0,4.0,2019-11-16 09:04:21.930,2019-11-16,9.066666666666666,False,2019-11-16,False,1,0,5,133,1180.0,825.0,508.0,True,False,7.1,7.561111111111111,95.0,96.33333333333331,5.608333333333333,4.527777777777778,7.741666666666666,7.205555555555556,8.133333333333333,8.672222222222222,54.0,53.0,19813.0,18208.0,16.1283,16.0331,3397.49,3273.39,287.0,233.66666666666663,29.0,16.666666666666668,54.0,69.66666666666667,83.0,86.33333333333333,370.0,320.0,,630.5,54.55295467376709,53.38343461354574,210.0,266.6666666666667,32.6,55.827777777777776,32.6,46.638888888888886,False,0.6746795312271346,good,,,,False,False,False,15
p07,3.0,3.0,2,4.0,3.0,3.0,4.0,2019-11-17 08:40:55.732,2019-11-17,8.666666666666666,False,2019-11-17,False,1,0,6,133,1340.0,984.0,513.0,True,True,,7.616666666666666,,96.0,,4.466666666666667,,7.220833333333333,,8.75,,53.5,14579.0,16641.0,9.9247,13.276066666666669,3731.37,3420.903333333333,259.0,242.0,41.0,26.0,139.0,91.0,180.0,117.0,439.0,359.0,513.0,587.0,55.30376148223877,54.35508632659912,480.0,346.6666666666667,135.25,81.85555555555555,135.25,72.66666666666667,False,0.6746795312271346,good,,,,True,False,False,16
p07,3.0,2.0,5,7.0,3.0,3.0,4.0,2019-11-18 09:00:14.328,2019-11-18,9.0,False,2019-11-18,False,1,0,0,133,1386.0,1034.0,744.0,True,False,6.933333333333334,6.0,96.0,93.66666666666669,5.941666666666666,7.605555555555557,8.2,8.827777777777778,8.25,7.216666666666666,57.0,55.333333333333336,21765.0,18719.0,22.340200000000003,16.13106666666667,3424.65,3517.8366666666666,171.0,239.0,9.0,26.33333333333333,112.0,101.66666666666669,121.0,128.0,292.0,367.0,744.0,628.5,57.48352718353272,55.78008111317953,400.0,363.3333333333333,102.05,89.96666666666668,102.05,89.96666666666668,False,-0.31821898531697074,neutral,,,,True,False,False,17
p07,3.0,3.0,4,9.0,4.0,3.0,5.0,2019-11-19 09:13:25.439,2019-11-19,9.216666666666669,False,2019-11-19,False,1,0,1,133,1391.0,1033.0,709.0,True,False,8.216666666666667,6.372222222222223,96.0,94.0,5.9,7.702777777777778,9.291666666666666,9.344444444444443,9.383333333333333,7.633333333333333,56.0,56.0,10932.0,15758.666666666666,7.854800000000001,13.373233333333337,2730.43,3295.4833333333336,140.0,190.0,27.0,25.666666666666668,69.0,106.66666666666669,96.0,132.33333333333334,236.0,322.3333333333333,709.0,655.3333333333334,56.89216041564941,56.55981636047363,200.0,360.0,50.11666666666667,95.80555555555554,50.11666666666667,95.80555555555554,False,1.3493590624542693,good,,,,False,True,False,18
p07,3.0,3.0,2,8.0,5.0,3.0,5.0,2019-11-20 09:17:17.597,2019-11-20,9.283333333333331,False,2019-11-20,False,1,0,2,133,1420.0,1061.0,596.0,True,False,7.4,7.516666666666667,97.0,96.33333333333331,6.841666666666667,6.227777777777778,9.366666666666667,8.952777777777778,8.516666666666667,8.716666666666667,55.0,56.0,14873.0,15856.666666666666,13.1567,14.450566666666669,3028.48,3061.1866666666665,210.0,173.66666666666666,12.0,16.0,59.0,80.0,71.0,96.0,281.0,269.6666666666667,596.0,683.0,55.85757827758789,56.74442195892334,160.0,253.33333333333331,19.73333333333333,57.29999999999999,19.73333333333333,57.29999999999999,False,1.3493590624542693,good,,,,False,True,False,19
p07,2.0,3.0,3,8.0,3.0,2.0,4.0,2019-11-21 08:50:18.701,2019-11-21,8.833333333333334,False,2019-11-21,False,1,0,3,133,1403.0,1045.0,644.0,True,False,8.216666666666667,7.944444444444445,94.0,95.66666666666669,4.933333333333334,5.891666666666667,8.775,9.144444444444444,9.833333333333334,9.244444444444444,55.0,55.333333333333336,19472.0,15092.333333333334,17.979300000000002,12.996933333333336,3257.85,3005.5866666666666,157.0,169.0,35.0,24.666666666666668,93.0,73.66666666666667,128.0,98.33333333333331,285.0,267.3333333333333,644.0,649.6666666666666,55.4412956237793,56.0636781056722,240.0,200.0,90.16666666666669,53.338888888888896,67.98333333333333,45.94444444444445,False,-0.3700395589187706,neutral,,,,False,True,False,20
p07,3.0,3.0,4,5.0,2.0,3.0,3.0,2019-11-22 07:05:15.024,2019-11-22,7.083333333333333,False,2019-11-22,False,1,0,4,133,1363.0,1008.0,517.0,True,False,5.1,6.905555555555556,97.0,96.0,5.5,5.758333333333333,5.35,7.830555555555556,5.85,8.066666666666668,55.0,55.0,18312.0,17552.333333333332,15.484100000000002,15.540033333333335,3305.27,3197.2000000000003,218.0,195.0,21.0,22.666666666666668,94.0,82.0,115.0,104.66666666666669,333.0,299.6666666666667,517.0,585.6666666666666,55.4818172454834,55.59356371561686,350.0,250.0,86.96666666666667,65.62222222222222,51.98333333333333,46.56666666666666,False,0.0,neutral,1820.0,23.0,-2.325000000000001,False,True,False,21
p07,3.0,3.0,5,8.0,4.0,3.0,4.0,2019-11-23 09:31:25.880,2019-11-23,9.516666666666667,False,2019-11-23,False,1,0,5,133,1331.0,1021.0,830.0,True,False,7.9,7.072222222222223,94.0,95.0,6.675,5.702777777777778,9.525,7.883333333333333,8.85,8.177777777777777,57.0,55.66666666666666,9074.0,15619.333333333334,6.656600000000001,13.373333333333337,2518.58,3027.2333333333336,237.0,204.0,13.0,23.0,9.0,65.33333333333333,22.0,88.33333333333333,259.0,292.3333333333333,830.0,663.6666666666666,57.73783493041992,56.22031593322754,0.0,196.66666666666663,0.0,59.04444444444445,0.0,39.98888888888889,False,0.6746795312271346,good,-8379.0,-74.0,0.5,False,False,False,22
p07,3.0,3.0,4,5.0,3.0,3.0,4.0,2019-11-24 09:31:49.800,2019-11-24,9.516666666666667,False,2019-11-24,False,1,0,6,133,1389.0,1037.0,623.0,True,False,3.9166666666666665,5.638888888888888,90.0,93.66666666666669,10.941666666666666,7.705555555555556,9.641666666666667,8.172222222222222,4.7,6.466666666666666,56.0,56.0,11397.0,12927.666666666666,9.284,10.4749,2872.94,2898.9300000000003,242.0,232.33333333333331,14.0,16.0,30.0,44.333333333333336,44.0,60.333333333333336,286.0,292.6666666666667,623.0,656.6666666666666,56.93072032928467,56.71679083506266,180.0,176.66666666666666,42.266666666666666,43.07777777777778,42.266666666666666,31.416666666666668,False,0.6746795312271346,good,-5095.0,-48.0,-3.508333333333334,True,False,False,23
p07,3.0,3.0,5,9.0,4.0,3.0,4.0,2019-11-25 09:07:12.866,2019-11-25,9.116666666666667,False,2019-11-25,False,1,0,0,133,1411.0,1052.0,855.0,True,False,9.816666666666666,7.211111111111111,97.0,93.66666666666669,4.1,7.238888888888888,8.875,9.34722222222222,10.766666666666667,8.105555555555556,59.0,57.333333333333336,19537.0,13336.0,19.7476,11.89606666666667,3272.55,2888.023333333333,216.0,231.66666666666663,1.0,9.333333333333334,86.0,41.66666666666666,87.0,51.0,303.0,282.6666666666667,855.0,769.3333333333334,59.16588020324707,57.94481182098389,270.0,150.0,85.08333333333333,42.45,85.08333333333333,42.45,False,0.6746795312271346,good,4006.0,-1.0,2.416666666666666,True,False,False,24
p07,3.0,3.0,4,8.0,3.0,3.0,4.0,2019-11-26 08:56:10.994,2019-11-26,8.933333333333334,False,2019-11-26,False,1,0,1,133,1309.0,951.0,537.0,True,False,8.5,7.411111111111111,96.0,94.33333333333331,5.316666666666666,6.786111111111111,8.708333333333334,9.075,9.383333333333333,8.283333333333333,56.0,57.0,13398.0,14777.333333333334,12.6126,13.8814,2863.3,3002.93,201.0,219.66666666666663,7.0,7.333333333333333,49.0,55.0,56.0,62.333333333333336,257.0,282.0,537.0,671.6666666666666,56.55120754241944,57.549269358317055,150.0,200.0,46.5,57.94999999999999,46.5,57.94999999999999,False,0.6746795312271346,good,-3094.0,-32.0,1.0749999999999993,False,True,False,25
p07,3.0,3.0,6,8.0,3.0,3.0,4.0,2019-11-27 09:00:11.324,2019-11-27,9.0,False,2019-11-27,False,1,0,2,133,1273.0,914.0,538.0,True,False,7.283333333333333,8.533333333333333,95.0,96.0,5.8,5.072222222222222,8.325,8.636111111111111,8.516666666666667,9.555555555555555,56.0,57.0,16422.0,16452.333333333332,13.9135,15.424566666666667,3227.27,3121.0399999999995,255.0,224.0,21.0,9.666666666666666,63.0,66.0,84.0,75.66666666666667,339.0,299.6666666666667,538.0,643.3333333333334,56.55622673034668,57.42443815867106,240.0,220.0,70.98333333333333,67.52222222222223,55.61666666666667,62.4,False,0.6746795312271346,good,891.0,-4.0,-0.16666666666666696,False,True,False,26
p07,3.0,3.0,4,7.0,3.0,3.0,3.0,2019-11-28 06:48:59.342,2019-11-28,6.8,False,2019-11-28,False,1,0,3,133,1376.0,1021.0,648.0,True,False,6.616666666666666,7.466666666666666,96.0,95.66666666666669,4.533333333333333,5.216666666666666,6.233333333333333,7.7555555555555555,7.7,8.533333333333333,56.0,56.0,15625.0,15148.333333333334,14.496,13.674033333333334,2959.75,3016.773333333333,221.0,225.66666666666663,4.0,10.666666666666666,56.0,56.0,60.0,66.66666666666667,281.0,292.3333333333333,648.0,574.3333333333334,56.20097827911377,56.4361375172933,240.0,210.0,60.55,59.34444444444444,60.55,54.22222222222222,False,0.0,neutral,-351.5,-27.5,-0.8083333333333345,False,True,False,27
p07,3.0,3.0,4,7.0,3.0,3.0,3.0,2019-11-29 06:54:45.116,2019-11-29,6.9,False,2019-11-29,False,1,0,4,133,1361.0,1006.0,685.0,True,False,6.95,6.95,96.0,95.66666666666669,4.333333333333333,4.888888888888889,6.108333333333333,6.888888888888888,7.766666666666667,7.9944444444444445,56.0,56.0,13232.0,15093.0,11.4045,13.271333333333333,3008.89,3065.3033333333333,211.0,229.0,16.0,13.666666666666666,66.0,61.66666666666666,82.0,75.33333333333333,293.0,304.3333333333333,685.0,623.6666666666666,56.591370582580566,56.44952519734701,350.0,276.6666666666667,50.2,60.57777777777778,50.2,55.45555555555556,False,0.0,neutral,-2393.0,-5.0,-0.4500000000000002,False,True,False,28
p07,2.0,2.0,1,5.0,3.0,3.0,3.0,2019-11-30 10:37:41.816,2019-11-30,10.616666666666667,False,2019-11-30,False,1,0,5,133,1292.0,956.0,665.0,True,False,5.95,6.505555555555556,97.0,96.33333333333331,9.641666666666667,6.169444444444444,10.125,7.48888888888889,6.483333333333333,7.316666666666666,57.0,56.333333333333336,9231.0,12696.0,6.770900000000001,10.890466666666669,2707.59,2892.0766666666664,298.0,243.33333333333331,5.0,8.333333333333334,6.0,42.66666666666666,11.0,51.0,309.0,294.3333333333333,665.0,666.0,57.38034152984619,56.72423013051351,0.0,196.66666666666663,0.0,36.91666666666666,0.0,36.91666666666666,False,-2.0376176066900107,bad,-6347.0,-74.5,-1.4416666666666673,False,False,False,29
p07,2.0,3.0,3,8.0,3.0,3.0,4.0,2019-12-01 08:56:41.707,2019-12-01,8.933333333333334,False,2019-12-01,False,1,0,6,133,1382.0,1036.0,694.0,True,False,7.6,6.833333333333333,96.0,96.33333333333331,5.983333333333333,6.652777777777778,8.525,8.252777777777778,8.533333333333333,7.594444444444444,58.0,57.0,15790.0,12751.0,11.3257,9.8337,3268.09,2994.8566666666666,239.0,249.33333333333331,28.0,16.333333333333332,90.0,54.0,118.0,70.33333333333333,357.0,319.6666666666667,694.0,681.3333333333334,58.72146987915039,57.56439399719238,300.0,216.66666666666663,76.05,42.083333333333336,60.68333333333333,36.96111111111111,False,-0.3700395589187706,neutral,259.0,34.0,0.2166666666666659,True,False,False,30
p07,3.0,3.0,5,7.0,3.0,3.0,4.0,2019-12-02 07:21:39.588,2019-12-02,7.35,False,2019-12-02,False,1,0,0,133,1391.0,1034.0,545.0,True,False,7.183333333333334,6.911111111111111,94.0,95.66666666666669,3.65,6.425,6.2,8.283333333333333,8.55,7.855555555555557,57.0,57.333333333333336,31707.0,18909.33333333333,29.850900000000003,15.982500000000002,3945.25,3306.976666666667,184.0,240.33333333333331,28.0,20.33333333333333,171.0,89.0,199.0,109.33333333333331,383.0,349.6666666666667,545.0,634.6666666666666,57.63409805297852,57.91196982065836,550.0,283.3333333333333,174.83333333333334,83.62777777777778,153.5,71.39444444444445,False,0.6746795312271346,good,16129.0,113.5,-0.20833333333333393,True,False,False,31
p07,2.0,3.0,3,7.0,4.0,3.0,4.0,2019-12-03 08:30:24.785,2019-12-03,8.5,False,2019-12-03,False,1,0,1,133,1380.0,1025.0,344.0,True,False,7.516666666666667,7.433333333333333,95.0,95.0,5.166666666666667,4.933333333333334,7.708333333333333,7.477777777777778,8.533333333333333,8.53888888888889,55.0,56.66666666666666,30035.0,25844.0,25.5083,22.2283,4045.23,3752.8566666666666,322.0,248.33333333333331,49.0,35.0,149.0,136.66666666666666,198.0,171.66666666666666,520.0,420.0,344.0,527.6666666666666,55.630921363830566,57.328829765319824,240.0,363.3333333333333,106.5,119.1277777777778,106.5,106.89444444444445,False,-0.3700395589187706,neutral,14410.0,111.0,0.13333333333333286,False,True,False,32
p07,2.0,3.0,3,9.0,3.0,3.0,4.0,2019-12-04 08:43:10.410,2019-12-04,8.716666666666667,False,2019-12-04,False,1,0,2,133,1305.0,945.0,582.0,True,False,8.033333333333333,7.577777777777778,96.0,95.0,4.55,4.455555555555556,7.908333333333333,7.272222222222222,9.35,8.811111111111112,55.0,55.66666666666666,16270.0,26004.0,14.062500000000002,23.140566666666672,3195.41,3728.63,264.0,256.6666666666667,24.0,33.666666666666664,58.0,126.0,82.0,159.66666666666666,346.0,416.3333333333333,582.0,490.3333333333333,55.07942008972168,56.11481316884359,400.0,396.6666666666667,37.5,106.2777777777778,37.5,99.16666666666669,False,-0.3700395589187706,neutral,562.5,-5.5,0.6416666666666657,False,True,False,33
p07,3.0,3.0,5,7.0,3.0,3.0,2.0,2019-12-05 07:44:28.258,2019-12-05,7.733333333333333,False,2019-12-05,False,1,0,3,133,1405.0,1048.0,591.0,True,False,6.733333333333333,7.427777777777777,96.0,95.66666666666669,5.166666666666667,4.961111111111111,7.141666666666667,7.586111111111111,7.966666666666667,8.616666666666667,55.0,55.0,17440.0,21248.33333333333,16.0444,18.5384,3113.74,3451.46,206.0,264.0,18.0,30.33333333333333,64.0,90.33333333333331,82.0,120.66666666666669,288.0,384.6666666666667,591.0,505.6666666666667,55.09125518798828,55.26719888051351,150.0,263.3333333333333,51.46666666666667,65.15555555555555,51.46666666666667,65.15555555555555,False,-0.6746795312271346,bad,1650.0,-5.0,-0.666666666666667,False,True,False,34
p07,2.0,3.0,3,5.0,2.0,3.0,3.0,2019-12-06 07:02:20.084,2019-12-06,7.033333333333333,False,2019-12-06,False,1,0,4,133,1417.0,1057.0,538.0,True,False,5.283333333333333,6.683333333333333,90.0,94.0,4.15,4.622222222222223,4.425,6.491666666666667,6.266666666666667,7.861111111111112,56.0,55.333333333333336,21781.0,18497.0,19.5432,16.550033333333335,3497.96,3269.036666666667,340.0,270.0,10.0,17.333333333333332,74.0,65.33333333333333,84.0,82.66666666666667,424.0,352.6666666666667,538.0,570.3333333333334,56.52183532714844,55.56417020161947,180.0,243.33333333333331,56.16666666666666,48.37777777777777,56.16666666666666,48.37777777777777,False,-1.0447190901459051,bad,5751.0,-1.5,-2.116666666666667,False,True,False,35
p07,3.0,2.0,2,6.0,3.0,3.0,3.0,2019-12-07 09:43:10.556,2019-12-07,9.716666666666669,False,2019-12-07,False,1,0,5,133,1354.0,1010.0,455.0,True,False,6.05,6.022222222222222,97.0,94.33333333333331,9.15,6.155555555555556,9.666666666666666,7.077777777777777,6.516666666666667,6.916666666666667,56.0,55.66666666666666,22630.0,20617.0,20.6199,18.73583333333333,3833.26,3481.653333333333,329.0,291.6666666666667,17.0,15.0,91.0,76.33333333333333,108.0,91.33333333333331,437.0,383.0,455.0,528.0,56.57923221588135,56.06410757700602,480.0,270.0,68.1,58.577777777777776,68.1,58.577777777777776,False,-0.9928985165441053,bad,6600.0,24.0,-1.333333333333334,False,False,False,36
p07,2.0,2.0,5,5.0,2.0,3.0,2.0,2019-12-08 09:18:13.376,2019-12-08,9.3,False,2019-12-08,False,1,0,6,133,1418.0,1064.0,622.0,True,False,4.1,5.144444444444444,94.0,93.66666666666669,10.508333333333333,7.93611111111111,9.425,7.8388888888888895,4.916666666666667,5.9,58.0,56.66666666666666,18632.0,21014.33333333333,17.764000000000003,19.309033333333332,3389.91,3573.7100000000005,367.0,345.3333333333333,3.0,10.0,57.0,74.0,60.0,84.0,427.0,429.3333333333333,622.0,538.3333333333334,58.38473415374756,57.16193389892578,180.0,280.0,88.55,70.93888888888888,88.55,70.93888888888888,False,-2.712297137917145,bad,2286.0,-25.5,-3.283333333333334,True,False,False,37
p07,3.0,3.0,3,8.0,4.0,2.0,4.0,2019-12-09 08:31:41.908,2019-12-09,8.516666666666667,False,2019-12-09,False,1,0,0,133,1426.0,1068.0,706.0,True,False,8.816666666666666,6.322222222222222,96.0,95.66666666666669,4.266666666666667,7.974999999999999,8.041666666666666,9.044444444444444,9.766666666666667,7.066666666666666,60.0,58.0,30416.0,23892.666666666668,30.194000000000003,22.8593,3989.74,3737.6366666666663,203.0,299.6666666666667,13.0,11.0,153.0,100.33333333333331,166.0,111.33333333333331,369.0,411.0,706.0,594.3333333333334,60.543731689453125,58.50256601969401,900.0,520.0,144.5,100.38333333333333,144.5,100.38333333333333,False,0.6746795312271346,good,14070.0,82.0,1.4833333333333325,True,False,False,38
p07,3.0,3.0,5,9.0,3.0,3.0,3.0,2019-12-10 09:22:06.309,2019-12-10,9.366666666666667,False,2019-12-10,False,1,0,1,133,1357.0,997.0,506.0,True,False,6.616666666666666,6.51111111111111,97.0,95.66666666666669,7.758333333333334,7.51111111111111,9.375,8.947222222222221,7.616666666666666,7.433333333333334,58.0,58.66666666666666,17470.0,22172.666666666668,12.602900000000002,20.18696666666667,3277.35,3552.333333333333,207.0,259.0,29.0,15.0,112.0,107.33333333333331,141.0,122.33333333333331,348.0,381.3333333333333,506.0,611.3333333333334,58.6755256652832,59.201330502827965,180.0,420.0,141.18333333333334,124.74444444444444,86.56666666666666,106.53888888888888,False,0.0,neutral,539.0,55.5,-0.7166666666666677,False,True,False,39
p07,1.0,3.0,2,8.0,4.0,3.0,4.0,2019-12-11 09:12:19.535,2019-12-11,9.2,False,2019-12-11,False,1,0,2,133,1430.0,1070.0,610.0,True,False,7.766666666666667,7.733333333333333,94.0,95.66666666666669,6.15,6.058333333333334,9.175,8.863888888888889,9.016666666666667,8.799999999999999,57.0,58.333333333333336,18436.0,22107.33333333333,16.653200000000002,19.8167,3378.28,3548.4566666666665,242.0,217.33333333333331,43.0,28.33333333333333,88.0,117.66666666666669,131.0,146.0,373.0,363.3333333333333,610.0,607.3333333333334,57.86398696899414,59.02774810791016,300.0,460.0,50.333333333333336,112.00555555555556,50.333333333333336,93.8,False,-1.4147586490646757,bad,1505.0,45.5,0.5333333333333332,False,True,False,40
p07,3.0,3.0,4,8.0,3.0,3.0,2.0,2019-12-12 07:52:30.624,2019-12-12,7.866666666666667,False,2019-12-12,False,1,0,3,133,1413.0,1053.0,635.0,True,False,7.116666666666666,7.166666666666667,97.0,96.0,4.891666666666667,6.266666666666667,7.016666666666667,8.522222222222222,8.116666666666667,8.25,57.0,57.333333333333336,15245.0,17050.333333333332,15.302500000000002,14.852866666666667,2854.05,3169.893333333333,206.0,218.33333333333331,2.0,24.666666666666668,56.0,85.33333333333333,58.0,110.0,264.0,328.3333333333333,635.0,583.6666666666666,57.11247253417969,57.88399505615234,180.0,220.0,57.583333333333336,83.03333333333335,57.583333333333336,64.82777777777778,False,-0.6746795312271346,bad,-2210.0,-29.5,-0.11666666666666714,False,True,False,41
p07,3.0,3.0,5,7.0,3.0,3.0,3.0,2019-12-13 07:30:19.966,2019-12-13,7.5,False,2019-12-13,False,1,0,4,133,1411.0,1054.0,356.0,True,False,7.133333333333334,7.338888888888889,97.0,96.0,4.45,5.163888888888889,6.858333333333333,7.683333333333334,8.4,8.511111111111111,55.0,56.333333333333336,29998.0,21226.33333333333,24.8396,18.931766666666665,4458.11,3563.48,407.0,285.0,52.0,32.333333333333336,138.0,94.0,190.0,126.33333333333331,597.0,411.3333333333333,356.0,533.6666666666666,55.69423675537109,56.89023208618164,630.0,370.0,118.2,75.37222222222222,118.2,75.37222222222222,False,0.0,neutral,13067.0,104.5,-0.016666666666666607,False,True,False,42
p07,3.0,3.0,4,8.0,4.0,3.0,3.0,2019-12-14 08:40:26.070,2019-12-14,8.666666666666666,False,2019-12-14,False,1,0,5,133,1430.0,1072.0,448.0,True,False,8.033333333333333,7.427777777777778,98.0,97.33333333333331,4.883333333333334,4.741666666666667,8.125,7.333333333333333,9.233333333333333,8.583333333333334,56.0,56.0,21029.0,22090.666666666668,14.2022,18.114766666666668,3817.9,3710.02,357.0,323.3333333333333,30.0,28.0,101.0,98.33333333333331,131.0,126.33333333333331,488.0,449.6666666666667,448.0,479.6666666666667,56.37915229797363,56.39528719584147,570.0,460.0,174.01666666666665,116.59999999999998,174.01666666666665,116.59999999999998,False,0.0,neutral,3574.0,45.5,0.9083333333333332,False,False,False,43
p07,3.0,3.0,6,7.0,3.0,3.0,2.0,2019-12-15 08:52:32.642,2019-12-15,8.866666666666667,False,2019-12-15,False,1,0,6,133,1386.0,1026.0,571.0,True,False,7.316666666666666,7.4944444444444445,97.0,97.33333333333331,5.666666666666667,5.0,8.258333333333333,7.747222222222223,8.583333333333334,8.738888888888889,55.0,55.333333333333336,18222.0,23083.0,17.1122,18.718,3140.6,3805.536666666667,224.0,329.3333333333333,14.0,32.0,77.0,105.33333333333331,91.0,137.33333333333334,315.0,466.6666666666667,571.0,458.3333333333333,55.82217311859131,55.96518739064535,240.0,480.0,61.3,117.83888888888887,61.3,117.83888888888887,False,-0.6746795312271346,bad,767.0,-0.5,0.15833333333333321,True,False,False,44
p07,2.0,3.0,3,7.0,3.0,3.0,3.0,2019-12-16 07:01:11.484,2019-12-16,7.016666666666667,False,2019-12-16,False,1,0,0,133,1377.0,1017.0,582.0,True,False,7.116666666666666,7.48888888888889,96.0,97.0,4.641666666666667,5.063888888888889,6.841666666666667,7.741666666666667,8.2,8.672222222222222,55.0,55.333333333333336,20183.0,19811.33333333333,17.904,16.406133333333333,3657.07,3538.523333333333,196.0,259.0,29.0,24.33333333333333,118.0,98.66666666666669,147.0,123.0,343.0,382.0,582.0,533.6666666666666,55.46092224121094,55.88741588592529,610.0,473.3333333333333,112.31666666666666,115.87777777777778,112.31666666666666,115.87777777777778,False,-1.0447190901459051,bad,2337.0,58.0,-0.11666666666666714,True,False,False,45
p07,1.0,2.0,2,7.0,2.0,3.0,2.0,2019-12-17 07:38:06.907,2019-12-17,7.633333333333333,False,2019-12-17,False,1,0,1,133,1429.0,1069.0,491.0,True,False,7.8,7.411111111111111,98.0,97.0,4.116666666666666,4.808333333333334,6.908333333333333,7.336111111111111,8.783333333333333,8.522222222222224,57.0,55.66666666666666,23522.0,20642.33333333333,21.6636,18.893266666666666,3648.57,3482.08,363.0,261.0,14.0,19.0,80.0,91.66666666666669,94.0,110.66666666666669,457.0,371.6666666666667,491.0,548.0,57.20009613037109,56.16106383005778,240.0,363.3333333333333,61.41666666666666,78.34444444444443,61.41666666666666,78.34444444444443,False,-3.7570162280630504,bad,5676.0,5.0,0.5666666666666664,False,True,False,46
p07,3.0,3.0,4,8.0,3.0,3.0,3.0,2019-12-18 08:17:58.244,2019-12-18,8.283333333333333,False,2019-12-18,False,1,0,2,133,1396.0,1037.0,326.0,True,False,7.416666666666667,7.444444444444444,92.0,95.33333333333331,5.433333333333334,4.730555555555555,7.758333333333334,7.169444444444444,8.316666666666666,8.433333333333334,57.0,56.333333333333336,28754.0,24153.0,23.1445,20.90403333333333,4240.14,3848.593333333333,480.0,346.3333333333333,21.0,21.33333333333333,86.0,94.66666666666669,107.0,116.0,587.0,462.3333333333333,326.0,466.3333333333333,57.19074821472168,56.61725552876791,280.0,376.6666666666667,90.28333333333332,88.00555555555555,33.96666666666667,69.23333333333333,False,0.0,neutral,10487.0,18.0,0.18333333333333357,False,True,False,47
p07,4.0,3.0,6,7.0,3.0,3.0,2.0,2019-12-19 07:32:29.458,2019-12-19,7.533333333333333,False,2019-12-19,False,1,0,3,133,1425.0,1069.0,584.0,True,False,6.966666666666667,7.394444444444445,95.0,95.0,5.058333333333334,4.8694444444444445,6.858333333333333,7.175,7.8,8.299999999999999,56.0,56.66666666666666,20818.0,24364.666666666668,19.136000000000003,21.3147,3290.86,3726.523333333333,267.0,370.0,15.0,16.666666666666668,75.0,80.33333333333333,90.0,97.0,357.0,467.0,584.0,467.0,56.76277828216553,57.05120754241944,180.0,233.33333333333331,86.23333333333333,79.3111111111111,57.21666666666667,50.86666666666667,False,0.3700395589187706,neutral,2444.0,-2.5,-0.2666666666666666,False,True,False,48
p07,3.0,3.0,1,5.0,2.0,3.0,2.0,2019-12-20 09:45:02.838,2019-12-20,9.75,False,2019-12-20,False,1,0,4,133,1409.0,1049.0,486.0,True,False,5.45,6.611111111111112,97.0,94.66666666666669,8.208333333333334,6.233333333333334,8.125,7.580555555555556,5.916666666666667,7.344444444444444,57.0,56.66666666666666,23077.0,24216.33333333333,20.6423,20.97426666666667,3831.58,3787.526666666667,358.0,368.3333333333333,30.0,22.0,98.0,86.33333333333333,128.0,108.33333333333331,486.0,476.6666666666667,486.0,465.3333333333333,57.21604919433594,57.05652523040772,400.0,286.6666666666667,56.78333333333333,77.76666666666667,56.78333333333333,49.32222222222222,False,-0.6746795312271346,bad,4703.0,37.5,-1.708333333333333,False,True,False,49
p07,2.0,3.0,2,8.0,4.0,3.0,3.0,2019-12-21 09:04:58.009,2019-12-21,9.066666666666666,False,2019-12-21,False,1,0,5,133,1261.0,901.0,729.0,True,False,7.433333333333334,6.616666666666667,97.0,96.33333333333331,6.833333333333333,6.7,9.008333333333333,7.997222222222223,8.166666666666666,7.294444444444444,58.0,57.0,19588.0,21161.0,17.567300000000003,19.115200000000005,3298.26,3473.566666666667,276.0,300.3333333333333,23.0,22.666666666666668,57.0,76.66666666666667,80.0,99.33333333333331,356.0,399.6666666666667,729.0,599.6666666666666,58.88996410369873,57.6229305267334,250.0,276.6666666666667,43.4,62.13888888888889,43.4,52.46666666666667,False,-1.0447190901459051,bad,1054.0,-10.5,0.27500000000000036,False,False,False,50
p07,3.0,3.0,5,7.0,4.0,3.0,3.0,2019-12-22 09:16:03.901,2019-12-22,9.266666666666667,False,2019-12-22,False,1,0,6,133,1419.0,1060.0,582.0,True,False,7.3,6.727777777777778,98.0,97.33333333333331,5.541666666666667,6.861111111111112,7.783333333333333,8.305555555555555,8.233333333333333,7.438888888888889,58.0,57.66666666666666,16151.0,19605.33333333333,14.349200000000002,17.5196,3177.67,3435.8366666666666,284.0,306.0,29.0,27.33333333333333,55.0,70.0,84.0,97.33333333333331,368.0,403.3333333333333,582.0,599.0,58.00957489013672,58.03852939605713,400.0,350.0,47.46666666666667,49.21666666666667,47.46666666666667,49.21666666666667,False,0.0,neutral,-2933.5,-6.5,0.1416666666666666,True,False,False,51
p07,3.0,3.0,6,8.0,4.0,3.0,3.0,2019-12-23 09:02:02.750,2019-12-23,9.033333333333331,False,2019-12-23,False,1,0,0,133,1420.0,1060.0,675.0,True,False,7.316666666666666,7.35,96.0,97.0,5.85,6.074999999999999,8.425,8.405555555555557,8.566666666666666,8.322222222222221,57.0,57.66666666666666,7406.0,14381.666666666666,5.4297,12.448733333333337,2419.7,2965.21,271.0,277.0,0.0,17.333333333333332,0.0,37.333333333333336,0.0,54.66666666666666,271.0,331.6666666666667,675.0,662.0,57.118669509887695,58.00606950124105,0.0,216.66666666666663,0.0,30.28888888888889,0.0,30.28888888888889,False,0.0,neutral,-11678.5,-90.5,0.08333333333333304,True,False,False,52
p07,2.0,3.0,2,7.0,3.0,3.0,3.0,2019-12-28 09:02:44.346,2019-12-28,9.033333333333331,False,2019-12-28,False,1,0,5,133,1416.0,1056.0,516.0,True,False,7.15,7.377777777777777,96.0,93.33333333333331,6.925,6.824999999999999,9.041666666666666,9.452777777777778,8.116666666666667,8.622222222222222,59.0,58.333333333333336,18456.0,14700.0,17.223200000000002,11.405633333333334,3272.88,3164.893333333333,275.0,260.0,14.0,33.0,73.0,61.333333333333336,87.0,94.33333333333331,362.0,354.3333333333333,516.0,593.6666666666666,59.66966915130615,58.65363438924154,180.0,60.0,87.66666666666667,150.20555555555555,51.833333333333336,89.43333333333334,False,-1.0447190901459051,bad,-78.0,-5.5,-0.07499999999999929,False,False,False,57
p07,3.0,3.0,4,8.0,3.0,3.0,4.0,2019-12-29 08:55:13.677,2019-12-29,8.916666666666666,False,2019-12-29,False,1,0,6,133,1422.0,1062.0,652.0,True,False,7.416666666666667,7.477777777777778,95.0,93.0,5.733333333333333,6.897222222222222,8.041666666666666,9.497222222222222,8.3,8.594444444444445,59.0,58.66666666666666,14550.0,16063.333333333334,14.0928,13.9212,3092.93,3242.1766666666663,226.0,252.66666666666663,11.0,24.666666666666668,64.0,73.0,75.0,97.66666666666669,301.0,350.3333333333333,652.0,572.3333333333334,59.65057849884033,59.12706597646078,420.0,200.0,47.0,117.04444444444444,47.0,105.1,False,0.6746795312271346,good,-3994.0,-17.5,0.19166666666666732,True,False,False,58
p07,3.0,3.0,3,9.0,3.0,3.0,4.0,2019-12-30 09:27:49.024,2019-12-30,9.45,False,2019-12-30,False,1,0,0,133,1422.0,1066.0,712.0,True,False,8.033333333333333,7.533333333333334,95.0,95.33333333333331,5.633333333333334,6.097222222222222,9.058333333333334,8.713888888888889,9.416666666666666,8.611111111111112,59.0,59.0,8846.0,13950.666666666666,7.519900000000001,12.9453,2420.03,2928.613333333333,214.0,238.33333333333331,2.0,9.0,14.0,50.333333333333336,16.0,59.333333333333336,230.0,297.6666666666667,712.0,626.6666666666666,59.47086238861084,59.59703667958578,0.0,200.0,22.2,52.28888888888889,22.2,40.34444444444444,False,0.6746795312271346,good,-9698.0,-74.5,0.8083333333333336,True,False,False,59
p07,2.0,2.0,4,7.0,2.0,3.0,3.0,2019-12-31 11:39:03.040,2019-12-31,11.65,False,2019-12-31,False,1,0,1,133,1423.0,1063.0,482.0,True,False,7.0,7.483333333333333,96.0,95.33333333333331,7.366666666666666,6.2444444444444445,9.175,8.758333333333333,7.8,8.505555555555555,56.0,58.0,20974.0,14790.0,18.985000000000003,13.532566666666668,3573.07,3028.6766666666663,287.0,242.33333333333331,27.0,13.333333333333334,79.0,52.333333333333336,106.0,65.66666666666667,393.0,308.0,482.0,615.3333333333334,56.98141670227051,58.70095252990723,180.0,200.0,67.9,45.70000000000001,67.9,45.70000000000001,False,-2.0376176066900107,bad,2528.0,17.5,-0.2833333333333332,False,True,False,60
p07,2.0,4.0,5,4.0,2.0,3.0,4.0,2020-01-01 12:56:58.583,2020-01-01,12.933333333333334,False,2020-01-01,False,1,0,2,133,1406.0,1048.0,548.0,True,False,4.066666666666666,6.366666666666667,93.0,94.66666666666669,12.333333333333334,8.444444444444445,10.941666666666666,9.725,4.6,7.272222222222221,58.0,57.66666666666666,15055.0,14958.333333333334,13.9575,13.487466666666668,3432.09,3141.73,348.0,283.0,15.0,14.666666666666666,61.0,51.333333333333336,76.0,66.0,424.0,349.0,548.0,580.6666666666666,58.35550498962402,58.26926136016846,480.0,220.0,48.31666666666667,46.138888888888886,48.31666666666667,46.138888888888886,False,0.6228589576253347,good,-3391.0,-12.5,-3.1416666666666675,False,True,False,61
p07,2.0,3.0,2,8.0,3.0,3.0,2.0,2020-01-02 09:32:11.868,2020-01-02,9.533333333333331,False,2020-01-02,False,1,0,3,133,1376.0,1016.0,717.0,True,False,8.1,6.388888888888888,94.0,94.33333333333331,5.508333333333334,8.402777777777779,8.875,9.66388888888889,9.366666666666667,7.2555555555555555,60.0,58.0,14003.0,16677.333333333332,13.307100000000002,15.416533333333334,3056.71,3353.9566666666665,276.0,303.6666666666667,9.0,17.0,47.0,62.333333333333336,56.0,79.33333333333333,332.0,383.0,717.0,582.3333333333334,60.780311584472656,58.70574442545573,160.0,273.3333333333333,41.766666666666666,52.66111111111112,41.766666666666666,52.66111111111112,False,-1.71939862137304,bad,-4443.0,-32.5,0.9583333333333321,False,True,False,62
p07,3.0,2.0,1,7.0,3.0,3.0,3.0,2020-01-05 07:16:20.557,2020-01-05,7.266666666666667,False,2020-01-05,False,1,0,6,133,1023.0,664.0,560.0,True,True,,7.891666666666666,,89.0,,5.983333333333333,,9.441666666666666,,9.45,,59.0,,10410.5,,9.16595,,2696.495,,245.0,,7.5,,29.5,,37.0,,282.0,,582.0,,59.85851430892944,0.0,50.0,566.7666666666667,203.11111111111111,546.2833333333333,196.28333333333333,True,-0.9928985165441053,bad,,,,True,False,False,65
p07,3.0,3.0,2,5.0,2.0,3.0,2.0,2020-01-06 10:10:29.787,2020-01-06,10.166666666666666,False,2020-01-06,False,1,0,0,133,1060.0,1060.0,1043.0,True,False,5.55,5.555555555555556,86.0,89.33333333333333,5.416666666666667,8.511111111111111,6.541666666666667,9.308333333333332,7.116666666666666,6.788888888888889,62.0,60.0,2658.0,3748.0,1.9459,2.7458,2036.84,2166.07,146.0,179.0,0.0,0.0,0.0,0.0,0.0,0.0,146.0,179.0,,,62.2788724899292,61.0828332901001,0.0,0.0,0.0,188.92222222222225,0.0,182.09444444444443,False,-0.6746795312271346,bad,-14906.0,-87.0,-1.7583333333333337,True,False,False,66
p07,2.0,3.0,2,9.0,3.0,3.0,2.0,2020-01-07 07:32:28.544,2020-01-07,7.533333333333333,False,2020-01-07,False,1,0,1,133,1408.0,1049.0,772.0,True,False,8.5,5.872222222222223,93.0,90.66666666666669,2.675,7.502777777777777,6.841666666666667,8.66388888888889,10.166666666666666,7.155555555555555,60.0,60.333333333333336,4380.0,3519.0,3.212,2.5789500000000003,2106.23,2071.535,151.0,148.5,0.0,0.0,0.0,0.0,0.0,0.0,151.0,148.5,772.0,,60.760918617248535,61.51989555358887,0.0,0.0,0.0,188.92222222222225,0.0,182.09444444444443,False,-1.71939862137304,bad,-13090.0,-84.0,1.2166666666666668,False,True,False,67
p07,3.0,3.0,3,8.0,4.0,3.0,4.0,2020-01-08 09:13:46.714,2020-01-08,9.216666666666669,False,2020-01-08,False,1,0,2,133,1414.0,1056.0,604.0,True,False,8.55,7.533333333333334,93.0,90.66666666666669,5.341666666666667,4.477777777777778,9.175,7.519444444444445,9.833333333333334,9.03888888888889,59.0,60.333333333333336,4684.0,3907.3333333333335,3.4179000000000004,2.8586000000000005,2222.56,2121.8766666666666,139.0,145.33333333333334,14.0,4.666666666666667,8.0,2.6666666666666665,22.0,7.333333333333333,161.0,152.66666666666666,604.0,688.0,59.84506607055664,60.96161905924479,0.0,0.0,0.0,0.0,0.0,0.0,False,0.6746795312271346,good,-11467.0,-58.0,1.2416666666666671,False,True,False,68
p07,3.0,3.0,3,7.0,2.0,3.0,3.0,2020-01-09 07:46:19.958,2020-01-09,7.766666666666667,False,2020-01-09,False,1,0,3,133,1289.0,930.0,574.0,True,False,7.4,8.15,92.0,92.66666666666669,4.316666666666666,4.111111111111111,7.258333333333334,7.758333333333333,8.933333333333334,9.644444444444444,59.0,59.333333333333336,12645.0,7236.333333333333,11.1077,5.912533333333333,2834.85,2387.88,223.0,171.0,17.0,10.333333333333334,36.0,14.666666666666666,53.0,25.0,276.0,196.0,574.0,650.0,59.65305042266846,60.08634503682455,150.0,50.0,22.35,7.45,22.35,7.45,False,0.0,neutral,-3338.0,-23.0,0.09166666666666679,False,True,False,69
p07,3.0,4.0,3,7.0,2.0,4.0,3.0,2020-01-10 07:26:34.818,2020-01-10,7.433333333333334,False,2020-01-10,False,1,0,4,133,1396.0,1040.0,545.0,True,False,7.166666666666667,7.705555555555556,92.0,92.33333333333331,4.566666666666666,4.741666666666666,7.075,7.836111111111111,8.5,9.088888888888889,59.0,59.0,12193.0,9840.666666666666,10.9994,8.508333333333335,2737.4,2598.27,220.0,194.0,17.0,16.0,36.0,26.666666666666668,53.0,42.66666666666666,273.0,236.66666666666663,545.0,574.3333333333334,59.03867149353027,59.51226266225179,120.0,90.0,26.98333333333333,16.444444444444446,26.98333333333333,16.444444444444446,False,0.9928985165441053,good,-3790.0,-23.0,-0.14999999999999947,False,True,False,70
p07,3.0,3.0,4,7.0,4.0,3.0,3.0,2020-01-11 09:00:16.304,2020-01-11,9.0,False,2020-01-11,False,1,0,5,133,1292.0,934.0,613.0,True,False,6.816666666666666,7.127777777777777,98.0,94.0,5.133333333333334,4.672222222222222,6.958333333333333,7.097222222222222,7.816666666666666,8.416666666666666,58.0,58.66666666666666,9793.0,11543.666666666666,7.165500000000001,9.757533333333337,2813.67,2795.306666666667,317.0,253.33333333333331,0.0,11.333333333333334,0.0,24.0,0.0,35.333333333333336,317.0,288.6666666666667,613.0,577.3333333333334,58.19147300720215,58.96106497446696,0.0,90.0,0.0,16.444444444444446,0.0,16.444444444444446,False,0.0,neutral,-5391.0,-76.0,-0.5,False,False,False,71
p07,3.0,3.0,3,7.0,3.0,3.0,3.0,2020-01-12 15:43:58.505,2020-01-12,15.716666666666669,False,2020-01-12,False,1,0,6,133,1395.0,1037.0,610.0,True,False,6.95,6.977777777777778,98.0,96.0,4.725,4.808333333333334,6.991666666666666,7.008333333333333,8.266666666666667,8.194444444444445,59.0,58.66666666666666,12598.0,11528.0,9.243,9.135966666666668,3139.67,2896.9133333333334,272.0,269.6666666666667,52.0,23.0,37.0,24.33333333333333,89.0,47.333333333333336,361.0,317.0,610.0,589.3333333333334,59.72539806365967,58.98518085479736,0.0,40.0,15.366666666666667,14.116666666666667,15.366666666666667,14.116666666666667,False,0.0,neutral,-2457.0,14.0,-0.3583333333333334,True,False,False,72
p07,3.0,4.0,3,10.0,4.0,3.0,4.0,2020-01-13 10:16:27.358,2020-01-13,10.266666666666667,False,2020-01-13,False,1,0,0,133,1399.0,1041.0,600.0,True,False,9.833333333333334,7.866666666666667,95.0,97.0,3.225,4.361111111111111,9.141666666666667,7.697222222222222,11.916666666666666,9.333333333333334,60.0,59.0,11096.0,11162.333333333334,8.139800000000001,8.182766666666668,2847.76,2933.7000000000003,330.0,306.3333333333333,3.0,18.33333333333333,11.0,16.0,14.0,34.333333333333336,344.0,340.6666666666667,600.0,607.6666666666666,60.04243564605713,59.31976890563965,0.0,0.0,0.0,5.122222222222223,0.0,5.122222222222223,False,1.6675780477712399,good,-3454.0,-61.0,2.5500000000000007,True,False,False,73
p07,3.0,3.0,5,8.0,4.0,3.0,4.0,2020-01-14 08:35:29.471,2020-01-14,8.583333333333334,False,2020-01-14,False,1,0,1,133,1412.0,1053.0,349.0,True,False,7.166666666666667,7.983333333333333,96.0,96.33333333333331,4.583333333333333,4.177777777777778,7.008333333333334,7.7138888888888895,8.416666666666666,9.533333333333331,60.0,59.66666666666666,14040.0,12578.0,10.303,9.2286,3334.41,3107.28,254.0,285.3333333333333,36.0,30.33333333333333,86.0,44.66666666666666,122.0,75.0,376.0,360.3333333333333,349.0,519.6666666666666,60.1619873046875,59.97660700480143,450.0,150.0,82.76666666666667,32.71111111111111,82.76666666666667,32.71111111111111,False,0.6746795312271346,good,37.0,48.0,-0.1416666666666666,False,True,False,74
p07,3.0,3.0,5,7.0,3.0,3.0,3.0,2020-01-15 08:46:26.185,2020-01-15,8.766666666666667,False,2020-01-15,False,1,0,2,133,1416.0,1056.0,597.0,True,False,6.633333333333334,7.877777777777777,95.0,95.33333333333331,6.1,4.636111111111111,7.508333333333334,7.886111111111112,7.4,9.244444444444444,61.0,60.333333333333336,16414.0,13850.0,15.028900000000002,11.157233333333336,3112.5,3098.2233333333334,270.0,284.6666666666667,18.0,19.0,50.0,49.0,68.0,68.0,338.0,352.6666666666667,597.0,515.3333333333334,61.36836624145508,60.52426306406657,150.0,200.0,40.31666666666667,41.02777777777778,40.31666666666667,41.02777777777778,False,0.0,neutral,2411.0,-6.0,-0.6499999999999995,False,True,False,75
p07,3.0,3.0,5,8.0,4.0,3.0,3.0,2020-01-16 07:56:44.466,2020-01-16,7.933333333333334,False,2020-01-16,False,1,0,3,133,1198.0,839.0,580.0,False,False,,6.9,,95.5,,5.341666666666667,,7.258333333333334,,7.908333333333333,,60.5,13188.0,14547.333333333334,9.6782,11.670033333333336,3166.32,3204.41,260.0,261.3333333333333,29.0,27.666666666666668,60.0,65.33333333333333,89.0,93.0,349.0,354.3333333333333,,473.0,61.558725357055664,61.02969296773275,360.0,320.0,116.05,79.71111111111111,116.05,79.71111111111111,False,0.0,neutral,-815.0,17.0,,False,True,False,76
p07,3.0,4.0,5,8.0,4.0,3.0,4.0,2020-01-17 09:00:17.101,2020-01-17,9.0,False,2020-01-17,False,1,0,4,133,1002.0,1002.0,1131.0,True,False,8.033333333333333,7.333333333333334,98.0,96.5,5.133333333333334,5.616666666666667,8.258333333333333,7.883333333333333,9.116666666666667,8.258333333333333,61.0,61.0,17111.0,15571.0,15.570200000000002,13.425766666666668,3266.26,3181.693333333333,207.0,245.66666666666663,18.0,21.666666666666668,84.0,64.66666666666667,102.0,86.33333333333333,309.0,332.0,,,61.507187843322754,61.47809314727783,480.0,330.0,72.11666666666666,76.16111111111111,51.65,69.33888888888889,False,1.6675780477712399,good,3923.0,30.0,0.7666666666666666,False,True,False,77
p07,2.0,3.0,2,7.0,2.0,3.0,3.0,2020-01-18 06:15:38.863,2020-01-18,6.25,False,2020-01-18,False,1,0,5,133,1431.0,1071.0,608.0,True,False,6.333333333333333,7.183333333333334,92.0,95.0,3.9,4.516666666666667,6.091666666666667,7.175,8.183333333333334,8.65,62.0,61.5,16374.0,15557.666666666666,15.914700000000002,13.721033333333333,2910.45,3114.343333333333,228.0,231.66666666666663,2.0,16.333333333333332,55.0,66.33333333333333,57.0,82.66666666666667,285.0,314.3333333333333,608.0,,62.934518814086914,62.00014400482178,180.0,340.0,59.583333333333336,82.58333333333333,59.583333333333336,75.7611111111111,False,-1.0447190901459051,bad,3186.0,-15.0,-0.9666666666666668,False,False,False,78
p07,3.0,3.0,3,5.0,3.0,3.0,3.0,2020-01-19 12:22:07.006,2020-01-19,12.366666666666667,False,2020-01-19,False,1,0,6,133,1418.0,1059.0,582.0,True,False,5.116666666666666,6.4944444444444445,91.0,93.66666666666669,8.666666666666666,5.9,8.45,7.599999999999999,5.783333333333333,7.694444444444445,61.0,61.333333333333336,19165.0,17550.0,17.810100000000002,16.43166666666667,3379.84,3185.5166666666664,260.0,231.66666666666663,25.0,15.0,82.0,73.66666666666667,107.0,88.66666666666667,367.0,320.3333333333333,582.0,595.0,61.63257694244385,62.02476119995117,400.0,353.3333333333333,60.36666666666667,64.02222222222223,45.0,52.07777777777778,False,0.0,neutral,5977.0,39.0,-2.1500000000000004,True,False,False,79
p07,3.0,3.0,5,8.0,4.0,3.0,3.0,2020-01-20 08:22:53.726,2020-01-20,8.366666666666667,False,2020-01-20,False,1,0,0,133,1420.0,1060.0,735.0,True,False,7.733333333333333,6.394444444444445,92.0,91.66666666666669,4.441666666666666,5.669444444444444,7.791666666666667,7.444444444444445,9.35,7.772222222222222,63.0,62.0,11050.0,15529.666666666666,8.092,13.938933333333337,2921.3,3070.53,348.0,278.6666666666667,2.0,9.666666666666666,8.0,48.333333333333336,10.0,58.0,358.0,336.6666666666667,735.0,641.6666666666666,63.22004508972168,62.59571361541748,0.0,193.33333333333331,0.0,39.98333333333333,0.0,34.861111111111114,False,0.0,neutral,-2138.0,-58.0,0.5666666666666664,True,False,False,80
p07,3.0,3.0,5,7.0,3.0,3.0,4.0,2020-01-21 09:02:24.303,2020-01-21,9.033333333333331,False,2020-01-21,False,1,0,1,133,1420.0,1060.0,396.0,True,False,7.2,6.683333333333334,97.0,93.33333333333331,5.3,6.13611111111111,7.458333333333333,7.899999999999999,8.15,7.76111111111111,61.0,61.66666666666666,18419.0,16211.333333333334,16.3779,14.093333333333334,3408.87,3236.67,268.0,292.0,39.0,22.0,71.0,53.66666666666666,110.0,75.66666666666667,378.0,367.6666666666667,396.0,571.0,61.03094482421875,61.96118895212809,540.0,313.3333333333333,36.53333333333333,32.300000000000004,36.53333333333333,27.177777777777777,False,0.6746795312271346,good,5231.0,42.0,0.033333333333333215,False,True,False,81
p07,3.0,4.0,4,7.0,4.0,3.0,4.0,2020-01-22 07:56:17.179,2020-01-22,7.933333333333334,False,2020-01-22,False,1,0,2,133,1357.0,997.0,599.0,True,False,7.333333333333333,7.422222222222222,97.0,95.33333333333331,4.908333333333333,4.883333333333333,7.141666666666667,7.463888888888889,8.233333333333333,8.577777777777778,58.0,60.66666666666666,20977.0,16815.333333333332,19.4235,14.631133333333333,3345.18,3225.1166666666663,251.0,289.0,21.0,20.666666666666668,80.0,53.0,101.0,73.66666666666667,352.0,362.6666666666667,599.0,576.6666666666666,58.8745756149292,61.04185517628988,180.0,240.0,62.13333333333333,32.888888888888886,62.13333333333333,32.888888888888886,False,1.6675780477712399,good,6974.0,33.0,0.16666666666666607,False,True,False,82
p07,3.0,4.0,4,7.0,4.0,3.0,3.0,2020-01-23 08:26:05.522,2020-01-23,8.433333333333334,False,2020-01-23,False,1,0,3,133,1420.0,1060.0,599.0,True,False,7.35,7.294444444444444,95.0,96.33333333333331,5.591666666666667,5.266666666666667,8.0,7.533333333333332,8.4,8.261111111111111,58.0,59.0,18415.0,19270.33333333333,16.2952,17.36553333333333,3334.44,3362.83,215.0,244.66666666666663,49.0,36.333333333333336,83.0,78.0,132.0,114.33333333333331,347.0,359.0,599.0,531.3333333333334,58.80087089538574,59.56879711151123,500.0,406.6666666666667,54.96666666666667,51.21111111111111,39.61666666666667,46.09444444444444,False,0.9928985165441053,good,4412.0,64.0,0.14999999999999947,False,True,False,83
p07,3.0,4.0,5,7.0,4.0,3.0,3.0,2020-01-24 08:07:17.588,2020-01-24,8.116666666666667,False,2020-01-24,False,1,0,4,133,1428.0,1070.0,458.0,True,False,6.75,7.144444444444445,98.0,96.66666666666669,5.441666666666666,5.313888888888889,6.908333333333333,7.35,7.466666666666667,8.033333333333333,58.0,58.0,23137.0,20843.0,19.0473,18.255333333333336,3884.18,3521.2666666666664,304.0,256.6666666666667,82.0,50.66666666666666,92.0,85.0,174.0,135.66666666666666,478.0,392.3333333333333,458.0,552.0,58.05955982208252,58.578335444132485,990.0,556.6666666666666,143.21666666666667,86.77222222222223,127.0,76.25,False,0.9928985165441053,good,9097.0,100.0,-0.583333333333333,False,True,False,84
p07,3.0,4.0,3,7.0,4.0,2.0,4.0,2020-01-25 09:02:52.885,2020-01-25,9.033333333333331,False,2020-01-25,False,1,0,5,133,1390.0,1031.0,545.0,True,False,6.533333333333333,6.877777777777777,96.0,96.33333333333331,6.45,5.827777777777778,8.325,7.7444444444444445,7.866666666666666,7.911111111111111,58.0,58.0,12725.0,18092.33333333333,9.499300000000002,14.94726666666667,3174.81,3464.476666666667,270.0,263.0,49.0,60.0,55.0,76.66666666666667,104.0,136.66666666666666,374.0,399.6666666666667,545.0,534.0,58.83643531799317,58.56562201182047,0.0,496.6666666666667,70.85,89.67777777777776,53.766666666666666,73.46111111111111,False,1.6675780477712399,good,-1315.0,30.0,-0.666666666666667,False,False,False,85
p07,2.0,4.0,3,9.0,5.0,2.0,4.0,2020-01-26 09:13:40.708,2020-01-26,9.216666666666669,False,2020-01-26,False,1,0,6,133,1406.0,1047.0,572.0,True,False,8.1,7.127777777777777,96.0,96.66666666666669,5.3,5.730555555555555,9.041666666666666,8.091666666666667,9.733333333333333,8.355555555555554,58.0,58.0,17460.0,17774.0,13.899500000000002,14.1487,3383.68,3480.89,279.0,284.3333333333333,37.0,56.0,80.0,75.66666666666667,117.0,131.66666666666666,396.0,416.0,572.0,525.0,58.88368701934815,58.59322738647461,450.0,480.0,148.85000000000002,120.97222222222224,148.85000000000002,109.87222222222222,False,0.6228589576253347,good,3457.0,43.0,0.8999999999999995,True,False,False,86
p07,3.0,4.0,3,7.0,4.0,2.0,3.0,2020-01-27 07:29:16.177,2020-01-27,7.483333333333333,False,2020-01-27,False,1,0,0,133,1390.0,1034.0,497.0,True,False,6.75,7.127777777777777,98.0,96.66666666666669,5.083333333333333,5.611111111111111,6.758333333333334,8.041666666666666,7.666666666666667,8.422222222222222,58.0,58.0,12824.0,14336.333333333334,9.4093,10.936033333333334,3044.69,3201.06,263.0,270.6666666666667,51.0,45.66666666666666,45.0,60.0,96.0,105.66666666666669,359.0,376.3333333333333,497.0,538.0,58.99528980255127,58.9051373799642,900.0,450.0,106.66666666666669,108.78888888888888,106.66666666666669,103.09444444444443,False,0.9928985165441053,good,-1179.0,22.0,-0.4500000000000002,True,False,False,87
p07,3.0,3.0,6,7.0,2.0,3.0,2.0,2020-01-28 07:09:26.595,2020-01-28,7.15,False,2020-01-28,False,1,0,1,133,1287.0,928.0,590.0,True,False,6.6,7.15,95.0,96.33333333333331,4.708333333333333,5.030555555555555,6.891666666666667,7.563888888888889,8.183333333333334,8.527777777777779,58.0,58.0,19564.0,16616.0,18.3924,13.900400000000005,3377.39,3268.5866666666666,297.0,279.6666666666667,16.0,34.666666666666664,77.0,67.33333333333333,93.0,102.0,390.0,381.6666666666667,590.0,553.0,58.07536029815674,58.65144570668539,300.0,550.0,55.833333333333336,103.78333333333336,55.833333333333336,103.78333333333336,False,-0.6746795312271346,bad,5561.0,17.0,-0.5666666666666673,False,True,False,88
p07,3.0,2.0,4,7.0,3.0,2.0,3.0,2020-01-29 08:34:03.890,2020-01-29,8.566666666666666,False,2020-01-29,False,1,0,2,133,1421.0,1065.0,559.0,True,False,6.816666666666666,6.722222222222221,96.0,96.33333333333331,4.9,4.897222222222222,7.308333333333334,6.986111111111111,8.4,8.083333333333334,57.0,57.66666666666666,20089.0,17492.333333333332,19.0547,15.618800000000002,3433.81,3285.2966666666666,290.0,283.3333333333333,27.0,31.33333333333333,73.0,65.0,100.0,96.33333333333331,390.0,379.6666666666667,559.0,548.6666666666666,57.59058094024658,58.22041034698486,180.0,460.0,64.03333333333333,75.51111111111112,64.03333333333333,75.51111111111112,False,-0.9928985165441053,bad,6086.0,24.0,-0.35000000000000053,False,True,False,89
p07,3.0,3.0,4,6.0,2.0,3.0,3.0,2020-01-30 08:56:55.155,2020-01-30,8.933333333333334,False,2020-01-30,False,1,0,3,133,1433.0,1075.0,596.0,True,False,6.033333333333333,6.483333333333333,95.0,95.33333333333331,6.858333333333333,5.488888888888888,7.675,7.291666666666667,6.816666666666666,7.8,57.0,57.333333333333336,20035.0,19896.0,18.197000000000003,18.548033333333333,3395.84,3402.3466666666664,217.0,268.0,38.0,27.0,85.0,78.33333333333333,123.0,105.33333333333331,340.0,373.3333333333333,596.0,581.6666666666666,57.80033493041992,57.822092056274414,540.0,340.0,45.35,55.07222222222222,45.35,55.07222222222222,False,0.0,neutral,6032.0,34.0,-1.1333333333333337,False,True,False,90
p07,3.0,4.0,4,8.0,4.0,3.0,3.0,2020-01-31 08:12:12.232,2020-01-31,8.2,False,2020-01-31,False,1,0,4,133,1407.0,1052.0,673.0,True,False,7.283333333333333,6.711111111111111,96.0,95.66666666666669,5.058333333333334,5.605555555555557,7.358333333333333,7.447222222222223,8.3,7.838888888888889,58.0,57.333333333333336,18376.0,19500.0,16.8886,18.046766666666667,3212.35,3347.333333333333,284.0,263.6666666666667,9.0,24.666666666666668,65.0,74.33333333333333,74.0,99.0,358.0,362.6666666666667,673.0,609.3333333333334,58.22132968902588,57.87074851989746,200.0,306.6666666666667,46.516666666666666,51.96666666666667,46.516666666666666,51.96666666666667,False,0.9928985165441053,good,4336.0,-15.0,0.11666666666666625,False,True,False,91
p07,3.0,4.0,4,9.0,5.0,3.0,4.0,2020-02-01 09:23:51.669,2020-02-01,9.383333333333333,False,2020-02-01,False,1,0,5,133,1422.0,1066.0,603.0,True,False,8.7,7.338888888888889,94.0,95.0,5.55,5.822222222222223,9.241666666666667,8.091666666666667,9.683333333333334,8.266666666666667,57.0,57.333333333333336,18378.0,18929.666666666668,17.604000000000003,17.563200000000002,3233.96,3280.7166666666667,243.0,248.0,23.0,23.33333333333333,73.0,74.33333333333333,96.0,97.66666666666669,339.0,345.6666666666667,603.0,624.0,57.62302017211914,57.88156159718832,0.0,246.66666666666663,109.8,67.22222222222221,109.8,67.22222222222221,False,1.6675780477712399,good,4338.0,7.0,1.5333333333333323,False,False,False,92
p07,3.0,4.0,3,5.0,4.0,3.0,4.0,2020-02-02 09:04:06.989,2020-02-02,9.066666666666666,False,2020-02-02,False,1,0,6,133,1422.0,1063.0,509.0,True,True,,7.991666666666666,,95.0,,5.304166666666667,,8.3,,8.991666666666667,,57.5,19582.0,18778.666666666668,19.311400000000003,17.93466666666667,3416.36,3287.556666666667,250.0,259.0,18.0,16.666666666666668,82.0,73.33333333333333,100.0,90.0,350.0,349.0,509.0,595.0,57.44515132904053,57.76316706339518,360.0,186.66666666666663,78.98333333333333,78.43333333333334,62.766666666666666,73.02777777777777,False,1.6675780477712399,good,3208.0,7.0,,True,False,False,93
p07,2.0,3.0,2,8.0,4.0,3.0,4.0,2020-02-03 07:24:56.033,2020-02-03,7.4,False,2020-02-03,False,1,0,0,133,1391.0,1031.0,645.0,True,False,7.45,7.4944444444444445,97.0,94.33333333333331,4.3,6.505555555555556,6.975,9.116666666666667,8.666666666666666,8.605555555555556,59.0,57.66666666666666,15201.0,17720.333333333332,14.1902,17.035200000000003,3040.96,3230.4266666666663,266.0,253.0,26.0,22.33333333333333,55.0,70.0,81.0,92.33333333333331,347.0,345.3333333333333,645.0,585.6666666666666,59.62560749053955,58.23125966389974,160.0,173.33333333333334,45.03333333333333,77.93888888888888,45.03333333333333,72.53333333333333,False,-0.3700395589187706,neutral,-1193.0,-13.5,0.2833333333333332,True,False,False,94
p07,3.0,3.0,3,8.0,3.0,3.0,4.0,2020-02-04 07:46:41.059,2020-02-04,7.766666666666667,False,2020-02-04,False,1,0,1,133,1235.0,876.0,611.0,True,False,7.566666666666666,7.116666666666666,94.0,94.33333333333331,3.7666666666666666,5.911111111111111,6.625,8.244444444444445,8.85,8.327777777777778,57.0,57.66666666666666,11216.0,15333.0,9.6221,14.374566666666666,2976.97,3144.763333333334,236.0,250.66666666666663,28.0,24.0,45.0,60.66666666666666,73.0,84.66666666666667,309.0,335.3333333333333,611.0,588.3333333333334,57.84424018859863,58.304999669392906,240.0,253.33333333333331,23.4,49.13888888888889,23.4,43.73333333333333,False,0.6746795312271346,good,-5178.0,-21.5,0.39999999999999947,False,True,False,95
p07,3.0,4.0,4,8.0,4.0,3.0,4.0,2020-02-05 09:03:37.307,2020-02-05,9.05,False,2020-02-05,False,1,0,2,133,1419.0,1061.0,556.0,True,False,7.566666666666666,7.527777777777778,94.0,95.0,6.058333333333334,4.708333333333333,8.541666666666666,7.3805555555555555,8.483333333333333,8.666666666666666,57.0,57.66666666666666,20606.0,15674.333333333334,19.6553,14.489200000000002,3508.37,3175.433333333333,257.0,253.0,21.0,25.0,75.0,58.333333333333336,96.0,83.33333333333333,353.0,336.3333333333333,556.0,604.0,57.87099838256836,58.44694868723551,420.0,273.3333333333333,59.833333333333336,42.75555555555555,59.833333333333336,42.75555555555555,False,1.6675780477712399,good,4212.0,1.5,0.39999999999999947,False,True,False,96
p07,2.0,3.0,2,7.0,3.0,3.0,4.0,2020-02-06 08:41:07.411,2020-02-06,8.683333333333334,False,2020-02-06,False,1,0,3,133,1438.0,1078.0,598.0,True,False,6.45,7.194444444444444,97.0,95.0,6.283333333333333,5.3694444444444445,7.641666666666667,7.602777777777778,7.35,8.227777777777776,58.0,57.333333333333336,14532.0,15451.333333333334,13.0966,14.124666666666668,3183.3,3222.88,269.0,254.0,13.0,20.666666666666668,51.0,57.0,64.0,77.66666666666667,333.0,331.6666666666667,598.0,588.3333333333334,58.66803169250488,58.12775675455729,400.0,353.3333333333333,24.25,35.82777777777778,24.25,35.82777777777778,False,-0.3700395589187706,neutral,-2230.5,-32.0,-0.7166666666666668,False,True,False,97
p07,3.0,4.0,4,8.0,4.0,3.0,4.0,2020-02-07 08:30:33.968,2020-02-07,8.5,False,2020-02-07,False,1,0,4,133,1434.0,1075.0,571.0,True,False,8.016666666666667,7.344444444444445,97.0,96.0,4.858333333333333,5.733333333333333,7.825,8.002777777777778,8.966666666666667,8.266666666666666,58.0,57.66666666666666,14395.0,16511.0,10.5607,14.437533333333334,3543.18,3411.6166666666663,297.0,274.3333333333333,65.0,33.0,66.0,64.0,131.0,97.0,428.0,371.3333333333333,571.0,575.0,58.6647367477417,58.40125560760498,1260.0,693.3333333333334,15.366666666666667,33.15,15.366666666666667,33.15,False,1.6675780477712399,good,-2367.5,35.0,0.8500000000000005,False,True,False,98
p07,3.0,4.0,4,7.0,3.0,3.0,4.0,2020-02-08 10:58:21.102,2020-02-08,10.966666666666669,False,2020-02-08,False,1,0,5,133,1435.0,1075.0,503.0,True,False,6.45,6.972222222222222,96.0,96.66666666666669,7.875,6.338888888888889,9.258333333333333,8.241666666666665,7.383333333333334,7.900000000000001,59.0,58.333333333333336,22472.0,17133.0,20.7445,14.8006,3614.47,3446.983333333333,277.0,281.0,36.0,38.0,86.0,67.66666666666667,122.0,105.66666666666669,399.0,386.6666666666667,503.0,557.3333333333334,59.2246675491333,58.85247866312663,180.0,613.3333333333334,83.85,41.15555555555556,83.85,41.15555555555556,False,1.6675780477712399,good,5709.5,26.0,-0.7166666666666668,False,False,False,99
p07,2.0,4.0,4,7.0,4.0,3.0,3.0,2020-02-09 09:14:02.631,2020-02-09,9.233333333333333,False,2020-02-09,False,1,0,6,133,1429.0,1070.0,617.0,True,False,7.566666666666666,7.344444444444444,97.0,96.66666666666669,6.425,6.386111111111112,8.791666666666666,8.624999999999998,8.366666666666667,8.238888888888889,59.0,58.66666666666666,21255.0,19374.0,19.9519,17.085700000000003,3626.13,3594.5933333333337,263.0,279.0,32.0,44.333333333333336,85.0,79.0,117.0,123.33333333333331,380.0,402.3333333333333,617.0,563.6666666666666,59.70772647857666,59.19904359181722,360.0,600.0,62.18333333333333,53.8,62.18333333333333,53.8,False,-0.05182057360179984,neutral,3969.5,19.0,0.39999999999999947,True,False,False,100
p07,3.0,3.0,3,8.0,4.0,3.0,3.0,2020-02-10 09:00:28.028,2020-02-10,9.0,False,2020-02-10,False,1,0,0,133,1435.0,1075.0,500.0,True,False,7.416666666666667,7.144444444444445,96.0,96.33333333333331,4.675,6.325,6.825,8.291666666666666,8.15,7.966666666666666,59.0,59.0,14359.0,19362.0,9.073,16.5898,3561.41,3600.67,278.0,272.6666666666667,73.0,47.0,87.0,86.0,160.0,133.0,438.0,405.6666666666667,500.0,540.0,59.49345684051514,59.4752836227417,720.0,420.0,354.6666666666667,166.9,354.6666666666667,166.9,False,0.0,neutral,-3559.0,60.0,0.21666666666666679,True,False,False,101
p07,3.0,4.0,3,8.0,4.0,3.0,4.0,2020-02-11 07:39:40.788,2020-02-11,7.65,False,2020-02-11,False,1,0,1,133,1363.0,1007.0,600.0,True,False,7.45,7.477777777777778,96.0,96.33333333333331,4.583333333333333,5.227777777777778,7.091666666666667,7.569444444444445,8.5,8.338888888888889,59.0,59.0,19868.0,18494.0,19.0392,16.02136666666667,3391.51,3526.35,273.0,271.3333333333333,9.0,38.0,69.0,80.33333333333333,78.0,118.33333333333331,351.0,389.6666666666667,600.0,572.3333333333334,59.07296943664551,59.424717585245766,180.0,420.0,62.41666666666666,159.75555555555556,62.41666666666666,159.75555555555556,False,1.6675780477712399,good,1950.0,-22.5,0.25,False,True,False,102
p07,3.0,3.0,4,8.0,3.0,2.0,3.0,2020-02-12 09:04:22.718,2020-02-12,9.066666666666666,False,2020-02-12,False,1,0,2,133,1434.0,1078.0,550.0,True,False,7.166666666666667,7.344444444444445,96.0,96.0,5.866666666666666,5.041666666666667,8.183333333333334,7.366666666666667,8.316666666666666,8.322222222222223,58.0,58.66666666666666,18162.0,17463.0,16.384400000000003,14.832200000000002,3541.87,3498.263333333333,287.0,279.3333333333333,14.0,32.0,79.0,78.33333333333333,93.0,110.33333333333331,380.0,389.6666666666667,550.0,550.0,58.23183822631836,58.93275483449301,360.0,420.0,43.98333333333333,153.6888888888889,43.98333333333333,153.6888888888889,False,0.0,neutral,-215.0,-7.0,-0.11666666666666625,False,True,False,103
p07,3.0,3.0,3,7.0,3.0,3.0,3.0,2020-02-13 08:37:27.765,2020-02-13,8.616666666666667,False,2020-02-13,False,1,0,3,133,1432.0,1073.0,615.0,True,False,7.35,7.322222222222222,93.0,95.0,5.4,5.283333333333332,7.941666666666666,7.73888888888889,8.533333333333333,8.450000000000001,58.0,58.333333333333336,20221.0,19417.0,19.0604,18.16133333333333,3263.37,3398.9166666666665,246.0,268.6666666666667,11.0,11.333333333333334,69.0,72.33333333333333,80.0,83.66666666666667,326.0,352.3333333333333,615.0,588.3333333333334,58.62939262390137,58.64473342895508,180.0,240.0,59.0,55.13333333333333,59.0,55.13333333333333,False,0.0,neutral,1844.0,-20.0,0.06666666666666643,False,True,False,104
p07,3.0,4.0,4,10.0,4.0,3.0,4.0,2020-02-14 09:00:21.234,2020-02-14,9.0,False,2020-02-14,False,1,0,4,133,1429.0,1074.0,547.0,True,False,8.833333333333334,7.783333333333334,96.0,95.0,4.091666666666667,5.1194444444444445,7.991666666666666,8.03888888888889,9.9,8.916666666666666,57.0,57.66666666666666,18706.0,19029.666666666668,16.448800000000002,17.297866666666668,3591.12,3465.4533333333334,248.0,260.3333333333333,27.0,17.333333333333332,106.0,84.66666666666667,133.0,102.0,381.0,362.3333333333333,547.0,570.6666666666666,57.51522541046143,58.12548542022705,330.0,290.0,120.4,74.46111111111111,120.4,74.46111111111111,False,1.6675780477712399,good,309.5,33.0,1.5250000000000004,False,True,False,105
p07,3.0,3.0,4,6.0,3.0,3.0,3.0,2020-02-15 09:42:34.913,2020-02-15,9.7,False,2020-02-15,False,1,0,5,133,1432.0,1072.0,529.0,True,False,6.15,7.444444444444445,97.0,95.33333333333331,7.225,5.572222222222223,8.425,8.119444444444445,7.2,8.544444444444444,57.0,57.333333333333336,15511.0,18146.0,13.6682,16.392466666666667,3225.23,3359.906666666667,236.0,243.33333333333331,28.0,22.0,53.0,76.0,81.0,98.0,317.0,341.3333333333333,529.0,563.6666666666666,57.46395397186279,57.8695240020752,0.0,170.0,34.5,71.3,34.5,71.3,False,0.0,neutral,-2906.0,-19.0,-1.1583333333333332,False,False,False,106
p07,3.0,3.0,3,3.0,3.0,3.0,3.0,2020-02-16 09:01:35.596,2020-02-16,9.016666666666667,False,2020-02-16,False,2,0,6,133,1435.0,1077.0,552.0,True,False,2.933333333333333,5.972222222222222,97.0,96.66666666666669,10.65,7.322222222222223,8.116666666666667,8.177777777777779,3.466666666666667,6.855555555555557,58.0,57.333333333333336,16321.0,16846.0,10.0206,13.379200000000004,3702.57,3506.306666666666,338.0,274.0,43.0,32.666666666666664,75.0,78.0,118.0,110.66666666666669,456.0,384.6666666666667,552.0,542.6666666666666,58.10739517211914,57.69552485148112,540.0,290.0,174.6,109.83333333333331,174.6,109.83333333333331,False,0.0,neutral,-2096.0,18.0,-4.375,True,False,False,107
p07,2.0,2.0,3,8.0,4.0,3.0,3.0,2020-02-18 09:17:03.052,2020-02-18,9.283333333333331,False,2020-02-18,False,1,0,1,133,1040.0,718.0,622.0,True,False,8.0,6.155555555555555,93.0,95.33333333333331,4.3,6.1000000000000005,7.508333333333334,7.316666666666667,9.2,7.211111111111111,57.0,58.333333333333336,,15156.0,,9.6088,,3539.22,,320.0,,33.5,,68.5,,102.0,,422.0,,698.0,,59.28016757965088,250.0,323.3333333333333,48.25,101.93888888888888,48.25,101.93888888888888,True,-2.0376176066900107,bad,,,0.6916666666666664,False,True,False,109
p07,3.0,3.0,3,8.0,3.0,3.0,3.0,2020-02-20 09:07:54.511,2020-02-20,9.116666666666667,False,2020-02-20,False,1,0,3,133,1437.0,1078.0,507.0,True,False,7.35,7.672222222222222,96.0,95.33333333333331,4.966666666666667,4.566666666666666,7.508333333333334,7.386111111111112,8.533333333333333,8.811111111111112,55.0,56.0,16755.0,17324.5,12.2963,14.7527,3461.25,3378.6800000000003,270.0,238.5,56.0,44.5,85.0,78.5,141.0,123.0,411.0,361.5,507.0,541.5,55.75871181488037,56.07635736465454,0.0,163.33333333333334,131.41666666666666,78.64444444444445,131.41666666666666,78.64444444444445,False,0.0,neutral,-1621.0,41.0,0.0,False,True,False,111
p07,3.0,3.0,4,7.0,2.0,3.0,3.0,2020-02-21 07:56:31.566,2020-02-21,7.933333333333334,False,2020-02-21,False,1,0,4,133,788.0,431.0,707.0,False,False,,7.508333333333333,,96.5,,4.7,,7.325,,8.616666666666667,,55.5,,17324.5,,14.7527,,3378.6800000000003,,238.5,,44.5,,78.5,,123.0,,361.5,,541.5,,56.07635736465454,420.0,220.0,73.14999999999999,86.94444444444444,56.93333333333333,81.53888888888889,True,0.0,neutral,,,,False,True,False,112
p07,3.0,3.0,4,7.0,3.0,3.0,3.0,2020-02-23 07:35:37.558,2020-02-23,7.583333333333333,False,2020-02-23,False,1,0,6,133,1431.0,1071.0,516.0,True,False,6.233333333333333,7.016666666666667,96.0,93.0,5.25,5.133333333333333,6.325,7.204166666666668,7.066666666666666,8.066666666666666,55.0,55.0,17658.0,15917.5,16.4162,13.5198,3457.82,3220.865,295.0,201.5,10.0,25.5,75.0,83.5,85.0,109.0,380.0,310.5,516.0,,55.87343978881836,,540.0,320.0,42.8,60.86111111111111,42.8,55.45555555555556,False,0.0,neutral,-370.0,-13.0,-1.1833333333333336,True,False,False,114
p07,3.0,3.0,4,8.0,4.0,3.0,3.0,2020-02-24 08:15:14.535,2020-02-24,8.25,False,2020-02-24,False,1,0,0,133,1439.0,1079.0,661.0,True,False,8.033333333333333,7.355555555555555,96.0,94.0,3.925,4.730555555555555,7.275,7.227777777777779,9.35,8.494444444444444,56.0,55.333333333333336,17626.0,16487.0,17.3042,14.781266666666667,3245.05,3228.9266666666663,255.0,219.33333333333331,22.0,24.33333333333333,78.0,81.66666666666667,100.0,106.0,355.0,325.3333333333333,661.0,588.5,56.27193546295166,56.07268762588501,180.0,240.0,76.28333333333333,61.90555555555556,60.06666666666667,56.5,False,0.0,neutral,-402.0,4.0,0.6833333333333336,True,False,False,115
p07,3.0,3.0,3,7.0,3.0,3.0,2.0,2020-02-25 09:00:36.095,2020-02-25,9.0,False,2020-02-25,False,1,0,1,133,1436.0,1078.0,518.0,True,False,7.466666666666667,7.2444444444444445,95.0,95.66666666666669,4.2,4.458333333333333,6.658333333333333,6.752777777777777,8.45,8.288888888888888,55.0,55.333333333333336,18708.0,17997.333333333332,17.4283,17.049566666666667,3394.32,3365.73,258.0,269.3333333333333,28.0,20.0,75.0,76.0,103.0,96.0,361.0,365.3333333333333,518.0,565.0,55.99148082733154,56.04561869303385,150.0,290.0,50.5,56.52777777777777,50.5,51.12222222222223,False,-0.6746795312271346,bad,680.0,5.0,0.04999999999999982,False,True,False,116
p07,3.0,3.0,2,6.0,3.0,3.0,3.0,2020-02-26 05:58:18.566,2020-02-26,5.966666666666667,False,2020-02-26,False,1,0,2,133,1436.0,1076.0,506.0,True,False,5.616666666666666,7.038888888888889,94.0,95.0,5.175,4.433333333333334,5.808333333333334,6.580555555555556,6.633333333333334,8.144444444444444,56.0,55.66666666666666,20387.0,18907.0,18.2465,17.65966666666667,3754.27,3464.5466666666666,281.0,264.6666666666667,48.0,32.666666666666664,98.0,83.66666666666667,146.0,116.33333333333331,427.0,381.0,506.0,561.6666666666666,56.501498222351074,56.25497150421143,480.0,270.0,44.6,57.12777777777777,44.6,51.72222222222222,False,0.0,neutral,2359.0,46.0,-1.833333333333334,False,True,False,117
p07,3.0,3.0,4,7.0,2.0,3.0,3.0,2020-02-27 09:50:46.406,2020-02-27,9.833333333333334,False,2020-02-27,False,1,0,3,133,1431.0,1071.0,623.0,True,False,8.466666666666667,7.183333333333333,87.0,92.0,4.375,4.583333333333333,9.291666666666666,7.252777777777777,10.916666666666666,8.666666666666666,57.0,56.0,18638.0,19244.33333333333,17.935100000000002,17.869966666666667,3170.11,3439.566666666667,226.0,255.0,16.0,30.666666666666668,72.0,81.66666666666667,88.0,112.33333333333331,314.0,367.3333333333333,623.0,549.0,57.20426368713379,56.5657475789388,300.0,310.0,67.23333333333333,54.11111111111112,67.23333333333333,54.11111111111112,False,0.0,neutral,610.0,-12.0,1.0166666666666666,False,True,False,118
p07,3.0,3.0,4,7.0,2.0,3.0,3.0,2020-02-28 11:52:12.734,2020-02-28,11.866666666666667,False,2020-02-28,False,1,0,4,133,1432.0,1073.0,413.0,True,False,7.566666666666666,7.216666666666666,94.0,91.66666666666669,4.891666666666667,4.813888888888889,7.658333333333333,7.586111111111111,8.766666666666667,8.772222222222222,57.0,56.66666666666666,18541.0,19188.666666666668,16.7939,17.6585,3571.13,3498.5033333333336,243.0,250.0,42.0,35.333333333333336,87.0,85.66666666666667,129.0,121.0,372.0,371.0,413.0,514.0,57.22768497467041,56.97781562805176,480.0,420.0,42.68333333333333,51.50555555555555,42.68333333333333,51.50555555555555,False,0.0,neutral,513.0,31.0,0.11666666666666625,False,True,False,119
p07,3.0,3.0,5,7.0,2.0,3.0,2.0,2020-02-29 09:00:19.771,2020-02-29,9.0,False,2020-02-29,False,1,0,5,133,1351.0,996.0,604.0,True,False,7.766666666666667,7.933333333333333,93.0,91.33333333333331,4.65,4.638888888888889,7.958333333333333,8.302777777777777,9.3,9.661111111111111,59.0,57.66666666666666,19354.0,18844.33333333333,18.4825,17.737166666666667,3179.08,3306.773333333333,198.0,222.33333333333331,21.0,26.33333333333333,91.0,83.33333333333333,112.0,109.66666666666669,310.0,332.0,604.0,546.6666666666666,59.13088893890381,57.854279200236,180.0,320.0,83.13333333333334,64.35000000000001,66.91666666666667,58.94444444444444,False,-0.6746795312271346,bad,1326.0,12.0,0.2999999999999998,False,False,False,120
p07,3.0,3.0,3,4.0,3.0,3.0,3.0,2020-03-01 10:03:42.567,2020-03-01,10.05,False,2020-03-01,False,1,0,6,133,1440.0,1080.0,366.0,True,False,2.7,6.01111111111111,91.0,92.66666666666669,10.575,6.705555555555556,7.758333333333334,7.791666666666667,3.183333333333333,7.083333333333333,58.0,58.0,18500.0,18798.33333333333,13.5667,16.281033333333333,3916.78,3555.6633333333334,360.0,267.0,52.0,38.333333333333336,104.0,94.0,156.0,132.33333333333334,516.0,399.3333333333333,366.0,461.0,58.06852340698242,58.14236577351888,450.0,370.0,72.65,66.15555555555557,72.65,60.75,False,0.0,neutral,472.0,54.5,-4.766666666666667,True,False,False,121
p07,3.0,3.0,2,11.0,4.0,3.0,4.0,2020-03-02 07:33:52.034,2020-03-02,7.55,False,2020-03-02,False,1,0,0,133,1433.0,1075.0,960.0,True,False,9.966666666666669,6.811111111111111,94.0,92.66666666666669,2.158333333333333,5.794444444444444,7.425,7.713888888888889,11.266666666666667,7.916666666666667,60.0,59.0,11447.0,16433.666666666668,8.4018,13.483666666666666,2886.38,3327.4133333333334,181.0,246.33333333333331,67.0,46.66666666666666,41.0,78.66666666666667,108.0,125.33333333333331,289.0,371.6666666666667,960.0,643.3333333333334,60.02617359161377,59.0751953125,0.0,210.0,73.38333333333334,76.3888888888889,0.0,46.52222222222222,False,0.6746795312271346,good,-6581.0,4.0,2.5000000000000018,True,False,False,122
p07,3.0,4.0,2,8.0,3.0,3.0,3.0,2020-03-03 08:38:59.657,2020-03-03,8.633333333333333,False,2020-03-03,False,1,0,1,133,1435.0,1075.0,465.0,True,False,7.7,6.788888888888889,96.0,93.66666666666669,4.966666666666667,5.9,7.591666666666667,7.591666666666666,8.616666666666667,7.688888888888889,57.0,58.333333333333336,7956.0,12634.333333333334,5.8341,9.267533333333336,2587.63,3130.263333333334,299.0,280.0,0.0,39.66666666666666,0.0,48.333333333333336,0.0,88.0,299.0,368.0,465.0,597.0,57.91425895690918,58.66965198516846,0.0,150.0,0.0,48.67777777777778,0.0,24.21666666666667,False,0.9928985165441053,good,-10072.0,-106.5,0.16666666666666696,False,True,False,123
p07,3.0,4.0,3,7.0,4.0,4.0,4.0,2020-03-04 09:03:32.895,2020-03-04,9.05,False,2020-03-04,False,1,0,2,133,1434.0,1077.0,561.0,True,False,7.4,8.355555555555556,97.0,95.66666666666669,5.15,4.091666666666667,7.525,7.513888888888889,8.366666666666667,9.416666666666666,56.0,57.66666666666666,11655.0,10352.666666666666,8.5264,7.587433333333334,3013.22,2829.0766666666664,294.0,258.0,28.0,31.666666666666668,40.0,27.0,68.0,58.66666666666666,362.0,316.6666666666667,561.0,662.0,56.34825611114502,58.096229553222656,0.0,0.0,17.066666666666666,30.15,0.0,0.0,False,1.6675780477712399,good,-6373.0,-38.5,-0.13333333333333286,False,True,False,124
p07,3.0,3.0,3,7.0,4.0,3.0,3.0,2020-03-05 09:00:43.511,2020-03-05,9.0,False,2020-03-05,False,1,0,3,133,1435.0,1075.0,586.0,True,False,7.266666666666667,7.455555555555556,97.0,96.66666666666669,4.4,4.8388888888888895,6.308333333333334,7.141666666666667,7.9,8.294444444444444,56.0,56.333333333333336,12329.0,10646.666666666666,8.3155,7.558666666666667,3300.66,2967.17,229.0,274.0,59.0,29.0,64.0,34.666666666666664,123.0,63.66666666666666,352.0,337.6666666666667,586.0,537.3333333333334,56.29103755950928,56.85118420918783,600.0,200.0,110.0,42.355555555555554,110.0,36.66666666666666,False,0.0,neutral,-5447.0,16.5,-0.20000000000000018,False,True,False,125
p07,3.0,4.0,3,7.0,4.0,3.0,4.0,2020-03-06 09:35:31.456,2020-03-06,9.583333333333334,False,2020-03-06,False,1,0,4,133,1437.0,1078.0,569.0,True,False,6.116666666666666,6.927777777777777,96.0,96.66666666666669,7.391666666666667,5.647222222222223,8.483333333333333,7.438888888888889,7.083333333333333,7.783333333333334,57.0,56.333333333333336,15459.0,13147.666666666666,11.9106,9.584166666666668,3248.46,3187.4466666666667,308.0,277.0,43.0,43.333333333333336,46.0,50.0,89.0,93.33333333333331,397.0,370.3333333333333,569.0,572.0,57.7854585647583,56.808250745137535,0.0,200.0,31.366666666666667,52.81111111111111,31.366666666666667,47.12222222222223,False,1.6675780477712399,good,-2317.0,-21.0,-1.3500000000000005,False,True,False,126
p07,3.0,3.0,3,6.0,3.0,3.0,4.0,2020-03-07 06:47:17.369,2020-03-07,6.783333333333333,False,2020-03-07,False,1,0,5,133,1433.0,1073.0,716.0,True,False,6.1,6.494444444444444,94.0,95.66666666666669,5.425,5.73888888888889,6.541666666666667,7.111111111111111,7.116666666666666,7.366666666666667,58.0,57.0,7428.0,11738.666666666666,5.4465,8.557533333333334,2565.59,3038.236666666666,287.0,274.6666666666667,7.0,36.333333333333336,5.0,38.333333333333336,12.0,74.66666666666667,299.0,349.3333333333333,716.0,623.6666666666666,58.546531677246094,57.541009267171226,0.0,200.0,0.0,47.12222222222223,0.0,47.12222222222223,False,0.6746795312271346,good,-10348.0,-94.5,-1.3500000000000005,False,False,False,127
p07,3.0,3.0,3,8.0,3.0,3.0,3.0,2020-03-09 09:06:28.706,2020-03-09,9.1,False,2020-03-09,False,1,0,0,133,1436.0,1077.0,743.0,True,False,9.116666666666667,6.322222222222223,96.0,95.0,3.341666666666667,6.655555555555555,7.558333333333334,7.858333333333333,10.216666666666669,7.2,59.0,58.0,14301.0,10474.333333333334,9.4756,7.343800000000001,3706.19,2982.8433333333337,290.0,284.0,71.0,29.666666666666668,80.0,34.666666666666664,151.0,64.33333333333333,441.0,348.3333333333333,743.0,722.3333333333334,59.97154521942139,58.81158765157064,0.0,0.0,274.95,100.18333333333334,274.95,91.65,False,0.0,neutral,-2889.5,49.5,1.7000000000000002,True,False,False,129
p07,3.0,3.0,3,8.0,4.0,3.0,3.0,2020-03-10 07:58:45.632,2020-03-10,7.966666666666667,False,2020-03-10,False,1,0,1,133,1435.0,1075.0,585.0,True,False,8.116666666666667,6.9944444444444445,94.0,95.0,3.9916666666666663,6.177777777777777,7.491666666666666,8.174999999999999,9.5,7.9944444444444445,60.0,58.66666666666666,9040.0,11011.666666666666,6.633500000000001,7.739466666666668,2595.53,2992.8233333333333,227.0,264.0,9.0,30.33333333333333,6.0,35.0,15.0,65.33333333333333,242.0,329.3333333333333,585.0,678.6666666666666,60.03900718688965,59.30907948811849,0.0,0.0,0.0,100.18333333333334,0.0,91.65,False,0.0,neutral,-8150.5,-86.5,0.666666666666667,False,True,False,130
p07,3.0,3.0,4,7.0,4.0,3.0,2.0,2020-03-11 08:07:02.184,2020-03-11,8.116666666666667,False,2020-03-11,False,1,0,2,133,1435.0,1075.0,622.0,True,False,7.533333333333333,8.255555555555555,96.0,95.33333333333331,4.1,3.8111111111111113,7.058333333333334,7.3694444444444445,8.95,9.555555555555555,59.0,59.333333333333336,8661.0,10667.333333333334,6.354400000000001,7.4878333333333345,2603.08,2968.2666666666664,218.0,245.0,17.0,32.333333333333336,13.0,33.0,30.0,65.33333333333333,248.0,310.3333333333333,622.0,650.0,59.19132900238037,59.733960469563804,0.0,0.0,0.0,91.65,0.0,91.65,False,-0.6746795312271346,bad,-7877.0,-71.5,0.06666666666666643,False,True,False,131
p07,3.0,3.0,3,8.0,5.0,3.0,3.0,2020-03-12 09:02:21.501,2020-03-12,9.033333333333331,False,2020-03-12,False,1,0,3,133,1438.0,1079.0,539.0,True,False,8.533333333333333,8.061111111111112,98.0,96.0,4.116666666666666,4.069444444444444,7.541666666666667,7.36388888888889,9.416666666666666,9.28888888888889,58.0,59.0,19547.0,12416.0,18.3024,10.4301,3392.12,2863.5766666666664,256.0,233.66666666666663,32.0,19.33333333333333,76.0,31.666666666666668,108.0,51.0,364.0,284.6666666666667,539.0,582.0,58.853607177734375,59.36131445566813,300.0,100.0,57.41666666666666,19.13888888888889,57.41666666666666,19.13888888888889,False,0.0,neutral,3631.0,6.5,1.0,False,True,True,132
p07,3.0,4.0,4,7.0,3.0,3.0,3.0,2020-03-13 08:53:00.763,2020-03-13,8.883333333333333,False,2020-03-13,False,1,0,4,133,1433.0,1073.0,556.0,True,False,5.15,7.072222222222223,95.0,96.33333333333331,7.716666666666667,5.311111111111111,7.875,7.491666666666667,6.15,8.172222222222222,58.0,58.333333333333336,17177.0,15128.333333333334,16.2346,13.630466666666669,3053.44,3016.213333333333,238.0,237.33333333333331,14.0,21.0,67.0,52.0,81.0,73.0,319.0,310.3333333333333,556.0,572.3333333333334,58.66343593597412,58.90279070536295,200.0,166.66666666666666,50.63333333333333,36.016666666666666,50.63333333333333,36.016666666666666,False,0.9928985165441053,good,1261.0,-23.0,-2.383333333333333,False,True,True,133
p07,3.0,4.0,3,8.0,4.0,3.0,3.0,2020-03-14 09:19:38.681,2020-03-14,9.316666666666666,False,2020-03-14,False,1,0,5,133,1436.0,1076.0,745.0,True,False,7.733333333333333,7.138888888888888,95.0,96.0,5.916666666666667,5.916666666666667,8.758333333333333,8.058333333333334,8.833333333333334,8.133333333333333,57.0,57.66666666666666,13408.0,16710.666666666668,9.8298,14.788933333333333,3058.43,3167.9966666666664,274.0,256.0,3.0,16.333333333333332,49.0,64.0,52.0,80.33333333333333,326.0,336.3333333333333,745.0,613.3333333333334,57.58255863189697,58.36653391520182,0.0,166.66666666666666,52.9,53.65,52.9,53.65,False,0.9928985165441053,good,-2508.0,-49.5,0.20000000000000018,False,False,True,134
p07,3.0,3.0,3,6.0,2.0,3.0,2.0,2020-03-15 06:34:17.130,2020-03-15,6.566666666666666,False,2020-03-15,False,1,0,6,133,1359.0,999.0,607.0,True,False,6.25,6.377777777777777,95.0,95.0,4.991666666666666,6.208333333333333,6.375,7.669444444444444,7.383333333333334,7.455555555555556,59.0,58.0,13755.0,14780.0,13.1286,13.064333333333332,3007.1,3039.6566666666663,242.0,251.33333333333331,12.0,9.666666666666666,49.0,55.0,61.0,64.66666666666667,303.0,316.0,607.0,636.0,59.69022464752197,58.64540640513102,350.0,183.33333333333331,52.31666666666667,51.95,52.31666666666667,51.95,False,-0.6746795312271346,bad,-2135.0,-40.5,-1.2833333333333332,True,False,True,135
p07,3.0,3.0,3,8.0,4.0,3.0,4.0,2020-03-17 10:31:47.514,2020-03-17,10.516666666666667,False,2020-03-17,False,1,0,1,133,1431.0,1074.0,641.0,True,False,7.783333333333333,7.366666666666667,95.0,96.0,5.191666666666666,4.972222222222222,7.758333333333334,7.352777777777778,8.566666666666666,8.377777777777778,58.0,58.66666666666666,12271.0,10459.666666666666,12.6667,9.906166666666666,2996.43,2835.24,183.0,229.0,5.0,5.666666666666667,60.0,36.333333333333336,65.0,42.0,248.0,271.0,641.0,661.0,58.86740684509277,59.4531364440918,300.0,216.66666666666663,61.3,37.87222222222223,61.3,37.87222222222223,False,0.6746795312271346,good,-2609.0,-29.5,0.21666666666666679,False,True,True,137
p07,3.0,3.0,4,7.0,4.0,3.0,3.0,2020-03-18 09:35:08.037,2020-03-18,9.583333333333334,False,2020-03-18,False,1,0,2,133,1434.0,1074.0,714.0,True,False,7.483333333333333,7.777777777777778,95.0,96.0,4.183333333333334,4.702777777777778,6.708333333333333,7.463888888888889,8.516666666666667,8.755555555555556,60.0,59.0,15290.0,10971.333333333334,16.334400000000002,10.974766666666667,3104.95,2867.8566666666666,126.0,190.33333333333331,7.0,4.0,79.0,46.333333333333336,86.0,50.333333333333336,212.0,240.66666666666663,714.0,696.6666666666666,60.33128356933594,59.66682275136312,300.0,200.0,76.11666666666666,45.80555555555555,76.11666666666666,45.80555555555555,False,0.0,neutral,989.0,-3.0,-0.08333333333333304,False,True,True,138
p07,2.0,3.0,3,7.0,4.0,3.0,3.0,2020-03-19 09:07:40.070,2020-03-19,9.116666666666667,False,2020-03-19,False,1,0,3,133,1428.0,1071.0,622.0,True,False,7.116666666666666,7.461111111111111,94.0,94.66666666666669,6.008333333333334,5.127777777777777,8.458333333333334,7.641666666666667,8.45,8.511111111111111,62.0,60.0,14934.0,14165.0,15.245500000000002,14.748866666666666,2999.38,3033.5866666666666,173.0,160.66666666666666,5.0,5.666666666666667,69.0,69.33333333333333,74.0,75.0,247.0,235.66666666666663,622.0,659.0,62.55669975280762,60.585130055745445,360.0,320.0,65.51666666666667,67.64444444444445,65.51666666666667,67.64444444444445,False,-1.0447190901459051,bad,633.0,-14.0,-0.41666666666666696,False,True,True,139
p07,3.0,4.0,5,8.0,4.0,3.0,4.0,2020-03-20 09:50:23.599,2020-03-20,9.833333333333334,False,2020-03-20,False,1,0,4,133,1432.0,1075.0,592.0,True,False,7.5,7.366666666666667,96.0,95.0,5.833333333333333,5.341666666666666,8.375,7.847222222222222,8.533333333333333,8.5,62.0,61.333333333333336,10190.0,13471.333333333334,7.4762,13.0187,3013.36,3039.23,257.0,185.33333333333331,31.0,14.333333333333334,53.0,67.0,84.0,81.33333333333333,341.0,266.6666666666667,592.0,642.6666666666666,62.81834697723389,61.90211009979248,0.0,220.0,64.0,68.54444444444444,64.0,68.54444444444444,False,1.6675780477712399,good,-4111.0,-2.0,-0.033333333333333215,False,True,True,140
p07,3.0,3.0,3,8.0,4.0,3.0,3.0,2020-03-21 08:34:26.640,2020-03-21,8.566666666666666,False,2020-03-21,False,1,0,5,133,1256.0,896.0,710.0,True,False,7.933333333333334,7.516666666666667,95.0,95.0,4.875,5.572222222222222,7.841666666666667,8.225000000000001,8.966666666666667,8.65,60.0,61.333333333333336,12551.0,12558.333333333334,12.4624,11.728033333333334,2917.11,2976.616666666667,152.0,194.0,3.0,13.0,63.0,61.66666666666666,66.0,74.66666666666667,218.0,268.6666666666667,710.0,641.3333333333334,60.94653034210205,62.10719235738119,0.0,120.0,41.31666666666667,56.94444444444444,41.31666666666667,56.94444444444444,False,0.0,neutral,-1688.0,-19.5,0.41666666666666696,False,False,True,141
p07,3.0,3.0,2,6.0,3.0,3.0,3.0,2020-03-22 06:49:33.872,2020-03-22,6.816666666666666,False,2020-03-22,False,1,0,6,133,1431.0,1073.0,442.0,True,False,6.466666666666667,7.3,93.0,94.66666666666669,5.558333333333334,5.422222222222222,6.808333333333334,7.675,7.25,8.25,58.0,60.0,21638.0,14793.0,20.6887,13.542433333333332,3758.04,3229.5033333333336,367.0,258.6666666666667,14.0,16.0,79.0,65.0,93.0,81.0,460.0,339.6666666666667,442.0,581.3333333333334,58.47750473022461,60.74746068318685,350.0,116.66666666666669,70.41666666666667,58.57777777777778,70.41666666666667,58.57777777777778,False,0.0,neutral,7610.0,8.5,-1.0499999999999998,True,False,True,142
p07,3.0,3.0,4,8.0,4.0,3.0,4.0,2020-03-24 09:00:13.421,2020-03-24,9.0,False,2020-03-24,False,1,0,1,133,1433.0,1073.0,611.0,True,False,8.083333333333334,7.644444444444446,97.0,95.33333333333331,5.475,5.544444444444444,8.658333333333333,8.158333333333333,9.183333333333334,8.611111111111112,56.0,56.66666666666666,12148.0,13899.333333333334,12.5156,13.001500000000002,3148.85,3185.6733333333336,190.0,295.3333333333333,3.0,5.666666666666667,72.0,50.333333333333336,75.0,56.0,265.0,351.3333333333333,611.0,576.3333333333334,56.433156967163086,57.25329049428304,630.0,326.6666666666667,70.43333333333334,46.95000000000001,70.43333333333334,46.95000000000001,False,0.6746795312271346,good,-1433.5,-7.5,0.5666666666666673,False,True,True,144
p07,3.0,3.0,3,8.0,4.0,3.0,2.0,2020-03-25 09:40:38.754,2020-03-25,9.666666666666666,False,2020-03-25,False,1,0,2,133,1437.0,1079.0,549.0,True,False,8.15,8.205555555555556,96.0,96.33333333333331,5.783333333333333,5.6194444444444445,8.841666666666667,8.83611111111111,9.05,9.21111111111111,58.0,56.66666666666666,18611.0,12890.333333333334,17.930400000000002,12.082066666666668,3507.1,3102.026666666666,225.0,248.0,21.0,8.0,94.0,55.333333333333336,115.0,63.333333333333336,340.0,311.3333333333333,549.0,612.0,58.59474754333496,57.29237143198649,0.0,210.0,234.96666666666667,101.8,234.96666666666667,101.8,False,-0.6746795312271346,bad,5631.5,37.0,0.6000000000000005,False,True,True,145
p07,3.0,3.0,3,7.0,2.0,3.0,3.0,2020-03-26 10:51:37.109,2020-03-26,10.85,False,2020-03-26,False,1,0,3,133,1433.0,1075.0,627.0,True,False,6.9,7.711111111111111,92.0,95.0,6.316666666666666,5.858333333333333,8.441666666666666,8.64722222222222,8.116666666666667,8.783333333333333,59.0,57.66666666666666,3931.0,11563.333333333334,2.8822,11.1094,2631.38,3095.776666666666,261.0,225.33333333333331,7.0,10.333333333333334,2.0,56.0,9.0,66.33333333333333,270.0,291.6666666666667,627.0,595.6666666666666,59.77108478546143,58.266329765319824,0.0,210.0,0.0,101.8,0.0,101.8,False,0.0,neutral,-9048.5,-69.0,-0.7333333333333325,False,True,True,146
p07,3.0,3.0,4,8.0,4.0,3.0,3.0,2020-03-28 09:24:30.278,2020-03-28,9.4,False,2020-03-28,False,1,0,5,133,1429.0,1071.0,350.0,True,False,7.283333333333333,6.772222222222223,97.0,95.33333333333331,5.758333333333334,5.955555555555556,8.016666666666667,7.791666666666667,8.25,7.827777777777778,58.0,58.333333333333336,20674.0,13968.333333333334,15.1648,11.412966666666668,3890.21,3310.3366666666666,575.0,369.6666666666667,73.0,41.0,15.0,30.33333333333333,88.0,71.33333333333333,663.0,441.0,350.0,513.3333333333334,58.13850975036621,58.775742530822754,0.0,60.0,0.0,18.716666666666665,,28.075,False,0.0,neutral,8234.0,13.5,-0.2333333333333334,False,False,True,148
p07,3.0,3.0,4,7.0,3.0,3.0,3.0,2020-03-29 10:10:40.173,2020-03-29,10.166666666666666,False,2020-03-29,False,1,0,6,133,1433.0,1078.0,467.0,False,False,,6.708333333333334,,97.0,,5.775,,7.466666666666667,,7.683333333333334,,58.0,11656.0,16543.333333333332,8.5112,13.289300000000004,3202.15,3500.5933333333337,465.0,437.6666666666667,4.0,40.0,9.0,32.666666666666664,13.0,72.66666666666667,478.0,510.3333333333333,467.0,460.0,57.808390617370605,58.121511141459145,0.0,60.0,0.0,18.716666666666665,,,False,0.0,neutral,-784.0,-61.5,,True,False,True,149
p08,2.0,4.0,4,8.0,4.0,1.0,4.0,2019-11-11 09:06:00.295,2019-11-11,9.1,False,2019-11-11,False,1,0,0,104,0.0,0.0,1440.0,False,False,,,,,,,,,,,,,,,,,,,,,,,,,,,,,,,,,,,,,,,True,0.5483845577271603,good,,,,True,False,False,10
p08,3.0,3.0,6,8.0,2.0,3.0,3.0,2019-11-12 07:20:38.938,2019-11-12,7.333333333333333,False,2019-11-12,False,1,0,1,104,834.0,834.0,1191.0,True,False,6.816666666666666,,91.0,,5.033333333333333,,7.125,,8.083333333333334,,52.0,,14174.0,,10.9023,,3401.21,,159.0,,9.0,,81.0,,90.0,,249.0,,,,52.19999980926514,,300.0,,85.3,,63.96666666666667,,False,-0.1916789348549327,neutral,,,,False,True,False,11
p08,2.0,3.0,3,8.0,2.0,2.0,3.0,2019-11-13 07:25:14.858,2019-11-13,7.416666666666667,False,2019-11-13,False,1,0,2,104,1383.0,1025.0,566.0,True,False,7.05,6.933333333333334,93.0,92.0,5.083333333333333,5.058333333333334,7.15,7.1375,8.066666666666666,8.075,51.0,51.5,24821.0,19497.5,18.7423,14.8223,4860.61,4130.91,209.0,184.0,21.0,15.0,159.0,120.0,180.0,135.0,389.0,319.0,566.0,,51.96185874938965,52.08092927932739,800.0,550.0,126.01666666666668,105.65833333333332,106.4,85.18333333333334,False,-0.7485725746151475,bad,,,,False,True,False,12
p08,2.0,3.0,3,8.0,2.0,2.0,2.0,2019-11-14 08:11:01.724,2019-11-14,8.183333333333334,False,2019-11-14,False,1,0,3,104,1391.0,1034.0,647.0,True,False,6.7,6.855555555555555,94.0,92.66666666666669,5.825,5.313888888888889,7.6,7.291666666666667,7.766666666666667,7.972222222222221,53.0,52.0,11012.0,16669.0,8.419400000000001,12.688000000000002,3259.49,3840.436666666667,269.0,212.33333333333331,10.0,13.333333333333334,30.0,90.0,40.0,103.33333333333331,309.0,315.6666666666667,647.0,606.5,53.035888671875,52.39924907684326,0.0,366.6666666666667,27.316666666666663,79.54444444444444,0.0,56.78888888888889,False,-1.296957132342308,bad,,,,False,True,False,13
p08,2.0,4.0,5,8.0,4.0,2.0,4.0,2019-11-15 08:12:39.933,2019-11-15,8.2,False,2019-11-15,False,1,0,4,104,1352.0,998.0,635.0,True,False,7.0,6.916666666666667,90.0,92.33333333333331,5.6,5.502777777777777,7.941666666666666,7.563888888888889,8.333333333333334,8.055555555555555,51.0,51.66666666666666,19199.0,18344.0,14.5972,13.919633333333335,4171.72,4097.2733333333335,199.0,225.66666666666663,44.0,25.0,96.0,95.0,140.0,120.0,339.0,345.6666666666667,635.0,616.0,51.67808818817139,52.22527853647868,360.0,386.6666666666667,83.76666666666667,79.03333333333333,63.3,56.56666666666666,False,0.5483845577271603,good,,,,False,True,False,14
p08,3.0,4.0,3,10.0,3.0,3.0,4.0,2019-11-16 11:59:09.869,2019-11-16,11.983333333333333,False,2019-11-16,False,1,0,5,104,1339.0,983.0,613.0,True,False,8.6,7.433333333333334,91.0,91.66666666666669,6.558333333333334,5.9944444444444445,10.891666666666667,8.811111111111112,10.333333333333334,8.811111111111112,53.0,52.333333333333336,13145.0,14452.0,9.8462,10.954266666666667,3766.49,3732.566666666667,184.0,217.33333333333331,44.0,32.666666666666664,99.0,75.0,143.0,107.66666666666669,327.0,325.0,613.0,631.6666666666666,53.46873664855957,52.72757116953532,360.0,240.0,139.73333333333332,83.60555555555555,95.35,52.883333333333326,False,1.1052781974873753,good,,,,False,False,False,15
p08,2.0,3.0,2,9.0,2.0,3.0,3.0,2019-11-17 11:04:06.934,2019-11-17,11.066666666666666,False,2019-11-17,False,1,0,6,104,1371.0,1011.0,546.0,True,False,8.183333333333334,7.927777777777777,90.0,90.33333333333331,6.391666666666667,6.183333333333333,9.608333333333333,9.480555555555556,9.216666666666669,9.294444444444444,54.0,52.66666666666666,15805.0,16049.666666666666,11.8534,12.098933333333337,3656.02,3864.743333333333,130.0,171.0,33.0,40.333333333333336,111.0,102.0,144.0,142.33333333333334,274.0,313.3333333333333,546.0,598.0,54.42625331878662,53.1910260518392,300.0,340.0,54.63333333333333,92.71111111111112,0.0166666666666666,52.888888888888886,False,-0.7485725746151475,bad,,,,True,False,False,16
p08,2.0,3.0,1,8.0,2.0,2.0,2.0,2019-11-18 09:00:27.777,2019-11-18,9.0,False,2019-11-18,False,1,0,0,104,1415.0,1056.0,573.0,True,False,7.183333333333334,7.98888888888889,92.0,91.0,5.733333333333333,6.227777777777778,8.125,9.541666666666666,8.383333333333333,9.311111111111112,53.0,53.333333333333336,20656.0,16535.333333333332,15.516000000000002,12.4052,3935.94,3786.15,201.0,171.66666666666666,7.0,28.0,106.0,105.33333333333331,113.0,133.33333333333334,314.0,305.0,573.0,577.3333333333334,53.57524871826172,53.82341289520264,200.0,286.6666666666667,104.15,99.50555555555556,104.15,66.50555555555555,False,-1.296957132342308,bad,,,,True,False,False,17
p08,2.0,4.0,2,7.0,4.0,2.0,4.0,2019-11-19 09:00:34.879,2019-11-19,9.0,False,2019-11-19,False,1,0,1,104,1408.0,1048.0,614.0,True,False,6.933333333333334,7.433333333333334,88.0,90.0,5.65,5.925,7.808333333333334,8.513888888888888,8.15,8.583333333333334,52.0,53.0,17151.0,17870.666666666668,13.066300000000002,13.478566666666667,3900.74,3830.9,213.0,181.33333333333331,32.0,24.0,78.0,98.33333333333331,110.0,122.33333333333331,323.0,303.6666666666667,614.0,577.6666666666666,52.600412368774414,53.53397146860758,200.0,233.33333333333331,50.5,69.7611111111111,50.5,51.55555555555557,False,0.5483845577271603,good,,,,False,True,False,18
p08,1.0,2.0,1,7.0,2.0,2.0,2.0,2019-11-20 07:49:43.145,2019-11-20,7.816666666666666,False,2019-11-20,False,1,0,2,104,1403.0,1045.0,601.0,True,False,7.05,7.055555555555556,90.0,90.0,5.35,5.577777777777778,7.5,7.811111111111111,8.15,8.227777777777778,53.0,52.66666666666666,17937.0,18581.33333333333,13.627300000000002,14.06986666666667,3836.96,3891.2133333333336,238.0,217.33333333333331,28.0,22.33333333333333,84.0,89.33333333333333,112.0,111.66666666666669,350.0,329.0,601.0,596.0,53.90031147003174,53.35865751902262,80.0,160.0,74.08333333333333,76.24444444444445,51.88333333333333,68.84444444444445,False,-2.6024233467176705,bad,,,,False,True,False,19
p08,3.0,4.0,3,8.0,4.0,3.0,4.0,2019-11-21 08:21:48.417,2019-11-21,8.35,False,2019-11-21,False,1,0,3,104,1399.0,1041.0,590.0,True,False,7.283333333333333,7.088888888888889,91.0,89.66666666666667,5.541666666666667,5.513888888888888,7.8,7.702777777777778,8.25,8.183333333333332,55.0,53.333333333333336,19813.0,18300.33333333333,15.7975,14.1637,4094.23,3943.976666666667,194.0,215.0,51.0,37.0,116.0,92.66666666666669,167.0,129.66666666666666,361.0,344.6666666666667,590.0,601.6666666666666,55.4173755645752,53.97269980112711,0.0,93.33333333333331,92.4,72.32777777777778,67.65,56.67777777777778,False,1.1052781974873753,good,,,,False,True,False,20
p08,2.0,3.0,3,8.0,2.0,2.0,2.0,2019-11-22 09:03:22.468,2019-11-22,9.05,False,2019-11-22,False,1,0,4,104,1296.0,938.0,599.0,True,False,6.95,7.094444444444445,95.0,92.0,5.925,5.605555555555555,8.125,7.808333333333334,8.2,8.200000000000001,56.0,54.66666666666666,16706.0,18152.0,13.5127,14.3125,3879.29,3936.8266666666655,281.0,237.66666666666663,6.0,28.33333333333333,59.0,86.33333333333333,65.0,114.66666666666669,346.0,352.3333333333333,599.0,596.6666666666666,56.59887886047363,55.305521965026855,350.0,143.33333333333334,57.516666666666666,74.66666666666667,57.516666666666666,59.01666666666667,False,-1.296957132342308,bad,,,,False,True,False,21
p08,3.0,4.0,4,9.0,4.0,2.0,4.0,2019-11-23 13:15:48.587,2019-11-23,13.25,False,2019-11-23,False,1,0,5,104,1403.0,1051.0,645.0,True,False,9.45,7.894444444444443,94.0,93.33333333333331,6.2,5.888888888888889,10.933333333333334,8.952777777777778,10.733333333333333,9.06111111111111,55.0,55.333333333333336,11921.0,16146.666666666666,8.7645,12.691566666666668,3503.12,3825.5466666666666,178.0,217.66666666666663,40.0,32.333333333333336,85.0,86.66666666666667,125.0,119.0,303.0,336.6666666666667,645.0,611.3333333333334,55.581910133361816,55.86605485280355,360.0,236.66666666666663,104.88333333333333,84.93333333333332,75.88333333333333,67.01666666666667,False,1.1052781974873753,good,,,,False,False,False,22
p08,3.0,4.0,6,7.0,4.0,2.0,4.0,2019-11-25 09:48:32.764,2019-11-25,9.8,False,2019-11-25,False,1,0,0,104,1353.0,1007.0,567.0,True,False,7.133333333333334,7.327777777777778,95.0,94.33333333333331,5.483333333333333,7.394444444444445,7.775,9.772222222222222,8.283333333333333,8.372222222222222,59.0,56.333333333333336,20468.0,18787.0,17.226000000000003,15.026033333333336,4983.7300000000005,4640.486666666667,268.0,213.0,108.0,99.66666666666669,131.0,147.33333333333334,239.0,247.0,507.0,460.0,567.0,479.3333333333333,59.49808692932129,56.884992917378746,480.0,396.6666666666667,79.36666666666666,97.25,79.36666666666666,78.47777777777777,False,1.1052781974873753,good,,,,True,False,False,24
p08,2.0,4.0,6,7.0,2.0,2.0,3.0,2019-11-26 13:26:41.223,2019-11-26,13.433333333333334,False,2019-11-26,False,1,0,1,104,1418.0,1060.0,578.0,True,False,7.216666666666667,6.583333333333333,94.0,94.33333333333331,5.516666666666667,7.166666666666667,7.616666666666666,8.666666666666666,8.1,7.4944444444444445,57.0,57.0,19289.0,21243.0,15.9324,17.415333333333333,3895.38,4771.240000000001,240.0,233.66666666666663,51.0,103.33333333333331,74.0,143.66666666666666,125.0,247.0,365.0,480.6666666666667,578.0,457.0,57.87420463562012,57.64909108479818,300.0,376.6666666666667,81.66666666666667,89.5111111111111,59.48333333333333,73.0111111111111,False,0.0,neutral,1745.0,-7.5,0.16666666666666696,False,True,False,25
p08,4.0,4.0,7,7.0,4.0,2.0,2.0,2019-11-27 08:36:33.539,2019-11-27,8.6,False,2019-11-27,False,1,0,2,104,1381.0,1021.0,618.0,True,False,7.483333333333333,7.277777777777778,93.0,94.0,5.416666666666667,5.472222222222222,7.958333333333333,7.783333333333334,8.533333333333333,8.305555555555555,55.0,57.0,17322.0,19026.33333333333,13.6528,15.603733333333333,3930.27,4269.793333333334,217.0,241.66666666666663,39.0,66.0,80.0,95.0,119.0,161.0,336.0,402.6666666666667,618.0,587.6666666666666,55.233521461486816,57.53527100880941,540.0,440.0,70.91666666666667,77.31666666666666,70.91666666666667,69.92222222222222,False,0.5654027217932694,good,-615.0,-6.0,0.43333333333333357,False,True,False,26
p08,2.0,5.0,7,7.0,3.0,4.0,4.0,2019-11-29 09:39:06.981,2019-11-29,9.65,False,2019-11-29,False,1,0,4,104,1239.0,894.0,516.0,True,False,6.383333333333334,7.077777777777778,96.0,93.0,6.025,5.505555555555556,7.525,7.625,7.5,8.116666666666667,54.0,54.66666666666666,22844.0,19998.0,17.718300000000003,15.656866666666668,4541.47,4154.183333333333,230.0,213.66666666666663,60.0,40.0,135.0,113.33333333333331,195.0,153.33333333333334,425.0,367.0,516.0,574.0,54.82094860076904,55.1211830774943,320.0,466.6666666666667,141.26666666666665,86.92222222222222,76.43333333333334,54.5,False,1.296957132342308,good,4907.0,70.0,-0.75,False,True,False,28
p08,1.0,2.0,3,8.0,2.0,4.0,4.0,2019-11-30 13:51:03.959,2019-11-30,13.85,False,2019-11-30,False,1,0,5,104,1422.0,1065.0,648.0,True,False,8.316666666666666,7.355555555555555,94.0,93.33333333333331,7.508333333333334,6.202777777777778,10.691666666666666,8.536111111111111,9.183333333333334,8.333333333333334,54.0,54.333333333333336,14600.0,19090.666666666668,10.9496,14.7558,3609.48,4047.2533333333336,258.0,227.33333333333331,27.0,36.0,57.0,105.66666666666669,84.0,141.66666666666666,342.0,369.0,648.0,584.0,54.27934741973877,54.803125063578285,250.0,370.0,93.3,94.38333333333333,43.81666666666667,45.46666666666667,False,-1.50565423126335,bad,-3968.0,-48.5,1.2249999999999996,False,False,False,29
p08,3.0,4.0,4,8.0,4.0,5.0,2.0,2019-12-01 09:30:22.458,2019-12-01,9.5,False,2019-12-01,False,1,0,6,104,1416.0,1074.0,471.0,True,False,7.483333333333333,7.394444444444445,93.0,94.33333333333331,6.316666666666666,6.616666666666667,8.8,9.005555555555555,8.483333333333333,8.388888888888888,56.0,54.66666666666666,20736.0,19393.33333333333,16.860100000000003,15.176000000000002,4462.96,4204.636666666666,240.0,242.66666666666663,49.0,45.333333333333336,129.0,107.0,178.0,152.33333333333334,418.0,395.0,471.0,545.0,56.54877758026123,55.21635786692301,420.0,330.0,135.66666666666666,123.41111111111113,83.60000000000001,67.95,False,0.008509082033054591,neutral,2799.0,53.0,0.34999999999999964,True,False,False,30
p08,3.0,4.0,7,7.0,4.0,2.0,2.0,2019-12-02 09:29:36.572,2019-12-02,9.483333333333333,False,2019-12-02,False,1,0,0,104,1423.0,1063.0,496.0,True,False,6.85,7.55,94.0,93.66666666666669,5.341666666666667,6.388888888888889,7.4,8.96388888888889,8.05,8.572222222222221,56.0,55.333333333333336,29456.0,21597.33333333333,26.980500000000003,18.263400000000004,4716.93,4263.123333333333,253.0,250.33333333333331,19.0,31.666666666666668,163.0,116.33333333333331,182.0,148.0,435.0,398.3333333333333,496.0,538.3333333333334,56.5160493850708,55.78139146169027,770.0,480.0,170.55,133.17222222222225,123.61666666666666,83.67777777777778,False,0.008509082033054591,neutral,10888.0,49.5,-0.30833333333333357,True,False,False,31
p08,4.0,4.0,5,7.0,4.0,2.0,4.0,2019-12-03 11:14:07.514,2019-12-03,11.233333333333333,False,2019-12-03,False,1,0,1,104,1362.0,1002.0,495.0,True,False,6.95,7.094444444444445,95.0,94.0,5.7,5.786111111111111,8.125,8.108333333333334,8.416666666666666,8.316666666666668,54.0,55.333333333333336,24322.0,24838.0,20.386100000000003,21.408900000000003,4513.33,4564.406666666667,325.0,272.6666666666667,24.0,30.666666666666668,113.0,135.0,137.0,165.66666666666666,462.0,438.3333333333333,495.0,487.3333333333333,54.32148456573486,55.7954371770223,300.0,496.6666666666667,122.23333333333332,142.8166666666667,68.48333333333333,91.9,False,1.66217183724759,good,5123.0,-3.0,-0.18333333333333357,False,True,False,32
p08,4.0,4.0,7,8.0,3.0,3.0,2.0,2019-12-04 07:28:49.725,2019-12-04,7.466666666666667,False,2019-12-04,False,1,0,2,104,1378.0,1018.0,581.0,True,False,6.666666666666667,6.822222222222223,95.0,94.66666666666669,5.191666666666666,5.411111111111111,7.125,7.55,7.933333333333334,8.133333333333335,54.0,54.66666666666666,18682.0,24153.33333333333,15.1842,20.85026666666667,4000.82,4410.36,223.0,267.0,26.0,23.0,105.0,127.0,131.0,150.0,354.0,417.0,581.0,524.0,54.956220626831055,55.26458485921224,400.0,490.0,99.98333333333332,130.92222222222222,52.18333333333333,81.42777777777776,False,0.5654027217932694,good,-562.0,-7.5,-0.4249999999999998,False,True,False,33
p08,3.0,4.0,6,8.0,4.0,2.0,5.0,2019-12-08 11:43:26.971,2019-12-08,11.716666666666669,False,2019-12-08,False,1,0,6,104,1401.0,1043.0,567.0,True,False,8.366666666666667,7.266666666666667,93.0,93.66666666666669,6.083333333333333,6.202777777777778,9.725,8.533333333333333,9.633333333333333,8.327777777777778,52.0,53.66666666666666,16678.0,13698.0,12.7689,10.568966666666666,4394.25,3812.406666666667,276.0,217.33333333333331,75.0,45.333333333333336,110.0,87.66666666666667,185.0,133.0,461.0,350.3333333333333,567.0,611.3333333333334,52.712158203125,54.0142027537028,0.0,133.33333333333334,70.83333333333334,74.86666666666667,70.83333333333334,52.11111111111112,False,1.6536627552145355,good,-2262.5,51.0,1.2750000000000004,True,False,False,37
p08,2.0,4.0,5,8.0,3.0,2.0,3.0,2019-12-09 08:29:30.221,2019-12-09,8.483333333333333,False,2019-12-09,False,1,0,0,104,1408.0,1049.0,486.0,True,False,7.066666666666666,7.177777777777777,91.0,93.0,5.9,6.286111111111111,8.216666666666667,8.561111111111112,8.316666666666666,8.272222222222222,53.0,53.0,28359.0,19160.666666666668,29.6956,17.247133333333334,4871.08,4269.45,185.0,219.33333333333331,22.0,44.333333333333336,169.0,121.0,191.0,165.33333333333334,376.0,384.6666666666667,486.0,555.6666666666666,53.03565311431885,53.27257029215495,840.0,360.0,140.93333333333334,106.3,140.93333333333334,92.07777777777778,False,0.0,neutral,9677.0,54.0,-0.06666666666666732,True,False,False,38
p08,2.0,4.0,6,7.0,2.0,2.0,3.0,2019-12-10 11:52:11.088,2019-12-10,11.866666666666667,False,2019-12-10,False,1,0,1,104,1428.0,1068.0,544.0,True,False,5.783333333333333,7.072222222222223,93.0,92.33333333333331,6.941666666666666,6.308333333333334,7.533333333333333,8.491666666666667,6.583333333333333,8.177777777777777,54.0,53.0,17406.0,20814.33333333333,13.959700000000002,18.80806666666667,4121.93,4462.42,240.0,233.66666666666663,62.0,53.0,95.0,124.66666666666669,157.0,177.66666666666666,397.0,411.3333333333333,544.0,532.3333333333334,54.17961883544922,53.30914338429769,0.0,280.0,25.6,79.12222222222222,25.6,79.12222222222222,False,0.0,neutral,-1534.5,18.5,-1.3166666666666664,False,True,False,39
p08,4.0,4.0,7,8.0,5.0,3.0,4.0,2019-12-11 08:20:17.758,2019-12-11,8.333333333333334,False,2019-12-11,False,1,0,2,104,1427.0,1067.0,704.0,True,False,8.6,7.15,92.0,92.0,4.383333333333334,5.741666666666667,8.325,8.025,9.933333333333334,8.277777777777777,56.0,54.333333333333336,17234.0,20999.666666666668,14.4105,19.35526666666667,4026.41,4339.806666666666,243.0,222.66666666666663,16.0,33.333333333333336,82.0,115.33333333333331,98.0,148.66666666666666,341.0,371.3333333333333,704.0,578.0,56.63353538513184,54.6162691116333,420.0,420.0,74.23333333333333,80.25555555555556,74.23333333333333,80.25555555555556,False,1.66217183724759,good,-1706.5,-43.5,1.5,False,True,False,40
p08,3.0,4.0,6,8.0,4.0,4.0,2.0,2019-12-12 11:51:47.342,2019-12-12,11.85,False,2019-12-12,False,1,0,3,104,1422.0,1065.0,508.0,True,False,7.116666666666666,7.166666666666667,94.0,93.0,5.375,5.566666666666666,7.483333333333333,7.780555555555556,8.1,8.205555555555554,56.0,55.333333333333336,18289.0,17643.0,14.0033,14.124500000000005,4066.12,4071.486666666666,201.0,228.0,27.0,35.0,108.0,95.0,135.0,130.0,336.0,358.0,508.0,585.3333333333334,56.22352600097656,55.67889340718588,240.0,220.0,125.4,75.07777777777777,125.4,75.07777777777777,False,0.008509082033054591,neutral,-20.5,-3.5,-0.04166666666666696,False,True,False,41
p08,4.0,5.0,7,7.0,4.0,3.0,4.0,2019-12-13 08:02:05.859,2019-12-13,8.033333333333333,False,2019-12-13,False,1,0,4,104,1423.0,1066.0,546.0,True,False,6.833333333333333,7.516666666666666,96.0,94.0,5.716666666666667,5.158333333333334,7.733333333333333,7.847222222222221,8.016666666666667,8.683333333333334,56.0,56.0,22473.0,19332.0,18.83,15.747933333333334,4460.67,4184.400000000001,282.0,242.0,20.0,21.0,106.0,98.66666666666669,126.0,119.66666666666669,408.0,361.6666666666667,546.0,586.0,56.42619609832764,56.42775249481201,560.0,406.6666666666667,39.55,79.72777777777777,39.55,79.72777777777777,False,2.4107444118627375,good,3987.5,-12.5,-0.3250000000000002,False,True,False,42
p08,2.0,4.0,2,7.0,2.0,3.0,4.0,2019-12-14 11:29:26.435,2019-12-14,11.483333333333333,False,2019-12-14,False,1,0,5,104,553.0,193.0,910.0,False,False,,6.975,,95.0,,5.545833333333333,,7.608333333333333,,8.058333333333334,,56.0,,20381.0,,16.41665,,4263.395,,241.5,,23.5,,107.0,,130.5,,372.0,,527.0,,56.3248610496521,350.0,383.3333333333333,0.0,54.98333333333333,0.0,54.98333333333333,True,0.5483845577271603,good,,,,False,False,False,43
p08,1.0,2.0,4,7.0,2.0,4.0,4.0,2019-12-15 18:52:28.302,2019-12-15,18.866666666666667,False,2019-12-15,False,1,0,6,104,0.0,0.0,1440.0,False,False,,,,,,,,,,,,,,,,,,,,,,,,,,,,,,,,,0.0,303.3333333333333,0.0,13.183333333333332,0.0,13.183333333333332,True,-1.50565423126335,bad,,,,True,False,False,44
p08,2.0,3.0,6,7.0,2.0,2.0,2.0,2019-12-16 09:00:15.889,2019-12-16,9.0,False,2019-12-16,False,1,0,0,104,0.0,0.0,1440.0,False,False,,,,,,,,,,,,,,,,,,,,,,,,,,,,,,,,,700.0,350.0,0.0,0.0,0.0,0.0,True,-1.296957132342308,bad,,,,True,False,False,45
p08,1.0,3.0,4,7.0,2.0,2.0,4.0,2019-12-17 08:00:57.973,2019-12-17,8.0,False,2019-12-17,False,1,0,1,104,0.0,0.0,1440.0,False,False,,,,,,,,,,,,,,,,,,,,,,,,,,,,,,,,,480.0,393.3333333333333,0.0,0.0,0.0,0.0,True,-0.7570816566482022,bad,,,,False,True,False,46
p08,2.0,4.0,5,8.0,4.0,2.0,4.0,2019-12-18 08:51:58.838,2019-12-18,8.85,False,2019-12-18,False,1,0,2,104,406.0,406.0,1231.0,True,False,6.833333333333333,,96.0,,6.85,,8.825,,7.966666666666667,,55.0,,,,,,,,,,,,,,,,,,,,,,360.0,513.3333333333334,66.03333333333333,22.01111111111111,66.03333333333333,22.01111111111111,True,0.5483845577271603,good,,,-0.29166666666666696,False,True,False,47
p08,2.0,5.0,5,8.0,3.0,2.0,2.0,2019-12-19 08:26:06.797,2019-12-19,8.433333333333334,False,2019-12-19,False,1,0,3,104,1374.0,1014.0,640.0,True,False,6.733333333333333,6.783333333333333,92.0,94.0,6.4,6.625,8.441666666666666,8.633333333333333,8.033333333333333,8.0,54.0,54.5,15660.0,,13.622000000000002,,3690.59,,256.0,,9.0,,57.0,,66.0,,322.0,,640.0,,54.96251010894776,,150.0,330.0,51.16666666666666,39.06666666666666,51.16666666666666,39.06666666666666,False,0.2001880168879873,neutral,-3629.0,-71.0,-0.3916666666666666,False,True,False,48
p08,2.0,4.0,3,7.0,4.0,4.0,4.0,2019-12-20 14:04:46.759,2019-12-20,14.066666666666666,False,2019-12-20,False,1,0,4,104,1426.0,1066.0,300.0,True,False,7.166666666666667,6.911111111111111,82.0,90.0,9.275,7.508333333333333,12.058333333333334,9.775,8.783333333333333,8.261111111111111,54.0,54.333333333333336,19479.0,17569.5,15.005,14.3135,5246.76,4468.675,376.0,316.0,165.0,87.0,117.0,87.0,282.0,174.0,658.0,490.0,300.0,470.0,54.42197036743164,54.6922402381897,0.0,170.0,139.1,85.43333333333332,123.75,80.31666666666666,False,0.5483845577271603,good,797.0,147.0,0.07500000000000018,False,True,False,49
p08,3.0,4.0,6,8.0,4.0,4.0,4.0,2019-12-21 09:58:39.222,2019-12-21,9.966666666666669,False,2019-12-21,False,1,0,5,104,1356.0,998.0,497.0,True,False,7.216666666666667,7.038888888888889,96.0,90.0,6.1,7.258333333333333,8.291666666666666,9.597222222222223,8.183333333333334,8.333333333333334,56.0,54.66666666666666,11564.0,15567.666666666666,8.8826,12.5032,3936.53,4291.293333333334,259.0,297.0,87.0,87.0,70.0,81.33333333333333,157.0,168.33333333333334,416.0,465.3333333333333,497.0,479.0,56.5414457321167,55.308642069498696,0.0,50.0,16.216666666666665,68.82777777777777,0.0,58.30555555555555,False,1.1052781974873753,good,-7725.0,20.0,0.09166666666666679,False,False,False,50
p08,2.0,4.0,5,7.0,3.0,2.0,3.0,2019-12-22 17:15:55.046,2019-12-22,17.25,False,2019-12-22,False,1,0,6,104,1360.0,1002.0,354.0,True,False,7.333333333333333,7.23888888888889,90.0,89.33333333333333,9.516666666666667,8.297222222222222,12.208333333333334,10.85277777777778,8.683333333333334,8.549999999999999,53.0,54.333333333333336,33649.0,21564.0,28.801700000000004,17.563100000000002,5601.83,4928.373333333334,276.0,303.6666666666667,85.0,112.33333333333331,234.0,140.33333333333334,319.0,252.66666666666663,595.0,556.3333333333334,354.0,383.6666666666667,53.67259120941162,54.878669102986656,420.0,140.0,177.01666666666665,110.77777777777776,153.96666666666667,92.57222222222224,False,0.0,neutral,14360.0,173.0,0.20833333333333304,True,False,False,51
p08,3.0,5.0,7,8.0,4.0,4.0,3.0,2019-12-23 10:30:13.288,2019-12-23,10.5,False,2019-12-23,False,1,0,0,104,1419.0,1059.0,443.0,True,False,8.633333333333333,7.727777777777777,94.0,93.33333333333331,6.408333333333333,7.341666666666666,10.15,10.216666666666669,9.733333333333333,8.866666666666665,55.0,54.66666666666666,16694.0,20635.666666666668,14.328600000000002,17.337633333333333,4090.13,4542.83,276.0,270.3333333333333,44.0,72.0,77.0,127.0,121.0,199.0,397.0,469.3333333333333,443.0,431.3333333333333,55.64833641052246,55.28745778401693,160.0,193.33333333333331,60.48333333333333,84.57222222222222,44.266666666666666,66.07777777777778,False,1.3054662143753626,good,-2595.0,-25.0,1.4833333333333325,True,False,False,52
p08,2.0,5.0,4,7.0,2.0,2.0,5.0,2019-12-24 07:01:33.277,2019-12-24,7.016666666666667,False,2019-12-24,False,1,0,1,104,1399.0,1040.0,427.0,True,False,5.983333333333333,7.316666666666666,91.0,91.66666666666669,5.941666666666666,7.288888888888889,7.091666666666667,9.816666666666668,7.15,8.522222222222222,52.0,53.333333333333336,22054.0,24132.33333333333,19.2498,20.793366666666667,4676.55,4789.503333333333,268.0,273.3333333333333,52.0,60.333333333333336,109.0,140.0,161.0,200.33333333333331,429.0,473.6666666666667,427.0,408.0,52.86355781555176,54.06149514516195,560.0,380.0,81.76666666666667,106.42222222222222,81.76666666666667,93.33333333333331,False,1.8453416900694681,good,3372.0,24.0,-1.208333333333333,False,True,False,53
p08,3.0,2.0,2,8.0,4.0,2.0,5.0,2019-12-25 14:12:10.770,2019-12-25,14.2,False,2019-12-25,False,1,0,2,104,1398.0,1038.0,579.0,True,False,8.683333333333334,7.766666666666667,94.0,93.0,8.025,6.791666666666667,12.058333333333334,9.766666666666666,10.033333333333331,8.972222222222221,54.0,53.66666666666666,12261.0,17003.0,9.4308,14.336400000000005,4157.29,4307.990000000001,299.0,281.0,35.0,43.66666666666666,98.0,94.66666666666669,133.0,138.33333333333334,432.0,419.3333333333333,579.0,483.0,54.15873527526856,54.22354316711426,600.0,440.0,15.366666666666667,52.53888888888889,15.366666666666667,47.133333333333326,False,0.1565176059842403,neutral,-6421.0,-13.0,1.541666666666667,False,True,False,54
p08,2.0,3.0,3,9.0,4.0,5.0,4.0,2019-12-26 10:54:20.565,2019-12-26,10.9,False,2019-12-26,False,1,0,3,104,1035.0,675.0,696.0,False,False,,7.333333333333334,,92.5,,6.983333333333333,,9.575,,8.591666666666667,,53.0,,17157.5,,14.3403,,4416.92,,283.5,,43.5,,103.5,,147.0,,430.5,,503.0,,53.51114654541016,0.0,386.6666666666667,0.0,32.37777777777777,0.0,32.37777777777777,True,-0.2001880168879873,neutral,,,,False,True,False,55
p08,4.0,4.0,6,9.0,4.0,5.0,3.0,2019-12-27 12:39:00.355,2019-12-27,12.65,False,2019-12-27,False,1,0,4,104,622.0,622.0,1222.0,True,False,8.716666666666667,8.7,95.0,94.5,7.625,7.825,12.066666666666666,12.0625,10.433333333333334,10.233333333333334,55.0,54.5,,,,,,,,,,,,,,,,,,,,,0.0,200.0,36.63333333333333,17.333333333333332,36.63333333333333,17.333333333333332,True,1.1137872795204298,good,,,1.6000000000000005,False,True,False,56
p08,2.0,4.0,2,6.0,2.0,5.0,2.0,2019-12-28 12:13:07.395,2019-12-28,12.216666666666669,False,2019-12-28,False,1,0,5,104,1377.0,1021.0,503.0,True,False,6.65,7.683333333333334,94.0,94.5,7.216666666666667,7.420833333333333,9.325,10.695833333333333,8.1,9.266666666666666,54.0,54.5,16800.0,,16.7119,,3672.22,,219.0,,16.0,,76.0,,92.0,,311.0,,503.0,,54.69072246551514,,250.0,83.33333333333333,68.43333333333334,35.02222222222222,51.36666666666667,29.33333333333333,False,-0.5483845577271603,bad,-1489.0,-45.0,-0.5166666666666666,False,False,False,57
p08,4.0,4.0,7,8.0,4.0,2.0,4.0,2019-12-30 11:48:11.720,2019-12-30,11.8,False,2019-12-30,False,1,0,0,104,1403.0,1049.0,474.0,True,False,8.733333333333333,7.983333333333332,96.0,94.0,7.525,8.030555555555557,11.591666666666669,11.37222222222222,10.066666666666666,9.338888888888889,56.0,54.66666666666666,14090.0,13848.333333333334,13.0187,12.635866666666669,4231.84,3816.9266666666663,227.0,262.3333333333333,52.0,33.666666666666664,96.0,62.66666666666666,148.0,96.33333333333331,375.0,358.6666666666667,474.0,513.6666666666666,56.7165470123291,55.32370853424072,490.0,246.66666666666663,65.13333333333334,44.52222222222222,65.13333333333334,38.833333333333336,False,1.66217183724759,good,-3316.0,13.0,1.6166666666666663,True,False,False,59
p08,2.0,4.0,7,8.0,4.0,4.0,5.0,2019-12-31 11:51:59.484,2019-12-31,11.85,False,2019-12-31,False,1,0,1,104,1352.0,993.0,626.0,True,False,8.25,8.516666666666667,96.0,94.66666666666669,8.083333333333334,8.319444444444445,11.466666666666669,12.08611111111111,9.383333333333333,9.766666666666666,54.0,54.66666666666666,13145.0,12630.0,14.2512,11.815633333333333,3212.6,3663.72,127.0,231.66666666666663,12.0,32.333333333333336,71.0,61.0,83.0,93.33333333333331,210.0,325.0,626.0,554.6666666666666,54.64861297607422,55.309672037760414,300.0,263.3333333333333,56.13333333333333,40.422222222222224,56.13333333333333,40.422222222222224,False,1.0967691154543207,good,-4089.0,-52.0,1.083333333333333,False,True,False,60
p08,1.0,4.0,2,6.0,2.0,4.0,3.0,2020-01-01 13:54:37.864,2020-01-01,13.9,False,2020-01-01,False,1,0,2,104,1380.0,1021.0,575.0,True,False,5.4,7.461111111111111,91.0,94.33333333333331,12.591666666666669,9.4,12.891666666666667,11.983333333333334,6.3,8.583333333333334,53.0,54.333333333333336,11431.0,12888.666666666666,9.7011,12.323666666666668,3453.04,3632.493333333333,232.0,195.33333333333331,21.0,28.33333333333333,49.0,72.0,70.0,100.33333333333331,302.0,295.6666666666667,575.0,558.3333333333334,53.25741100311279,54.87419033050537,270.0,353.3333333333333,53.91666666666667,58.394444444444446,31.73333333333333,51.0,False,-0.5568936397602149,bad,-5369.0,-63.0,-1.8166666666666664,False,True,False,61
p08,2.0,4.0,4,6.0,3.0,4.0,2.0,2020-01-02 19:41:49.522,2020-01-02,19.683333333333334,False,2020-01-02,False,1,0,3,104,1423.0,1065.0,600.0,True,False,6.45,6.7,98.0,95.0,7.925,9.533333333333331,9.15,11.169444444444444,7.216666666666667,7.633333333333333,55.0,54.0,21961.0,15512.333333333334,19.032200000000003,14.328166666666668,4481.94,3715.86,146.0,168.33333333333334,89.0,40.66666666666666,152.0,90.66666666666669,241.0,131.33333333333334,387.0,299.6666666666667,600.0,600.3333333333334,55.35700607299805,54.42101001739502,200.0,256.6666666666667,159.31666666666666,89.78888888888889,102.98333333333332,63.61666666666667,False,-0.5483845577271603,bad,5267.0,108.0,-0.7666666666666666,False,True,False,62
p08,2.0,4.0,4,6.0,2.0,2.0,3.0,2020-01-03 08:52:02.384,2020-01-03,8.866666666666667,False,2020-01-03,False,1,0,4,104,1207.0,850.0,706.0,False,False,,5.925000000000001,,94.5,,10.258333333333333,,11.020833333333334,,6.758333333333333,,54.0,13047.0,15479.666666666666,12.460400000000002,13.731233333333336,3312.13,3749.036666666667,166.0,181.33333333333331,7.0,39.0,62.0,87.66666666666667,69.0,126.66666666666669,235.0,308.0,706.0,627.0,53.38622856140137,54.00021521250407,200.0,223.33333333333331,67.56666666666666,93.6,46.23333333333333,60.31666666666666,False,0.0,neutral,-3647.0,-64.0,,False,True,False,63
p08,4.0,4.0,7,8.0,4.0,5.0,4.0,2020-01-04 09:40:18.016,2020-01-04,9.666666666666666,False,2020-01-04,False,1,0,5,104,930.0,930.0,1170.0,True,False,7.1,6.775,92.0,95.0,6.275,7.1,9.25,9.2,8.966666666666667,8.091666666666667,53.0,54.0,9298.0,14768.666666666666,7.165000000000001,12.885866666666669,3040.34,3611.47,241.0,184.33333333333331,18.0,38.0,11.0,75.0,29.0,113.0,270.0,297.3333333333333,,653.0,53.54710960388184,54.096781412760414,0.0,133.33333333333334,18.766666666666666,81.88333333333333,0.0,49.73888888888889,False,1.66217183724759,good,-7396.0,-104.0,-0.04166666666666696,False,False,False,64
p08,2.0,4.0,4,8.0,4.0,1.0,4.0,2020-01-05 18:32:45.688,2020-01-05,18.53333333333333,False,2020-01-05,False,1,0,6,104,1419.0,1059.0,497.0,True,False,7.166666666666667,7.133333333333333,96.0,94.0,6.6,6.4375,8.666666666666666,8.958333333333332,8.066666666666666,8.516666666666666,51.0,52.0,24885.0,15743.333333333334,24.0819,14.5691,5063.53,3805.3333333333335,227.0,211.33333333333331,42.0,22.33333333333333,136.0,69.66666666666667,178.0,92.0,405.0,303.3333333333333,497.0,601.5,51.232924461364746,52.72208754221598,810.0,336.6666666666667,90.1,58.81111111111111,90.1,45.44444444444444,False,0.5483845577271603,good,8191.0,45.0,0.025000000000000355,True,False,False,65
p08,2.0,4.0,5,7.0,2.0,2.0,2.0,2020-01-06 07:16:48.508,2020-01-06,7.266666666666667,False,2020-01-06,False,1,0,0,104,1366.0,1009.0,669.0,True,False,6.65,6.972222222222221,91.0,93.0,5.575,6.150000000000001,7.325,8.41388888888889,7.75,8.261111111111111,52.0,52.0,13328.0,15837.0,10.592200000000002,13.946366666666668,3362.58,3822.15,196.0,221.33333333333331,12.0,24.0,79.0,75.33333333333333,91.0,99.33333333333331,287.0,320.6666666666667,669.0,583.0,52.21769809722901,52.33257738749186,300.0,370.0,83.51666666666667,64.12777777777778,83.51666666666667,57.87222222222223,False,-0.5483845577271603,bad,-3472.0,-42.0,-0.49166666666666625,True,False,False,66
p08,3.0,4.0,5,7.0,4.0,2.0,3.0,2020-01-07 07:17:08.127,2020-01-07,7.283333333333333,False,2020-01-07,False,1,0,1,104,1410.0,1050.0,624.0,True,False,6.5,6.772222222222222,95.0,94.0,5.5,5.891666666666666,7.275,7.7555555555555555,7.766666666666667,7.861111111111111,52.0,51.66666666666666,13764.0,17325.666666666668,10.8618,15.178633333333332,3564.38,3996.83,265.0,229.33333333333331,24.0,26.0,62.0,92.33333333333331,86.0,118.33333333333331,351.0,347.6666666666667,624.0,596.6666666666666,52.12335681915283,51.85799312591553,350.0,486.6666666666667,62.93333333333334,78.85,62.93333333333334,78.85,False,0.5568936397602149,good,-2930.0,-40.0,-0.6416666666666666,False,True,False,67
p08,2.0,4.0,5,6.0,2.0,2.0,2.0,2020-01-08 09:00:13.063,2020-01-08,9.0,False,2020-01-08,False,1,0,2,104,1425.0,1065.0,660.0,True,False,6.883333333333334,6.677777777777777,93.0,93.0,5.75,5.608333333333333,7.925,7.508333333333333,8.166666666666666,7.894444444444445,53.0,52.333333333333336,17754.0,14948.666666666666,17.470100000000002,12.974700000000004,3800.88,3575.9466666666667,209.0,223.33333333333331,24.0,20.0,81.0,74.0,105.0,94.0,314.0,317.3333333333333,660.0,651.0,53.16226387023926,52.50110626220703,360.0,336.6666666666667,62.41666666666666,69.62222222222222,62.41666666666666,69.62222222222222,False,-0.5483845577271603,bad,2094.0,-16.0,-0.25833333333333286,False,True,False,68
p08,2.0,4.0,5,7.0,4.0,2.0,3.0,2020-01-09 09:16:40.268,2020-01-09,9.266666666666667,False,2020-01-09,False,1,0,3,104,1418.0,1061.0,651.0,True,False,7.4,6.927777777777778,96.0,94.66666666666669,5.433333333333334,5.561111111111111,7.791666666666667,7.663888888888889,8.35,8.094444444444443,53.0,52.66666666666666,7713.0,13077.0,5.5783000000000005,11.303400000000002,3427.67,3597.643333333333,202.0,225.33333333333331,23.0,23.666666666666668,74.0,72.33333333333333,97.0,96.0,299.0,321.3333333333333,651.0,645.0,53.27099800109863,52.85220623016357,540.0,416.6666666666667,88.8,71.38333333333334,88.8,71.38333333333334,False,0.0,neutral,-7947.0,-24.0,0.29166666666666785,False,True,False,69
p08,2.0,4.0,2,8.0,4.0,2.0,2.0,2020-01-11 12:09:59.552,2020-01-11,12.15,False,2020-01-11,False,1,0,5,104,1416.0,1056.0,511.0,True,False,8.0,7.722222222222221,97.0,95.66666666666669,6.233333333333333,5.477777777777778,10.016666666666667,8.483333333333334,9.783333333333331,9.0,53.0,52.66666666666666,24950.0,15427.666666666666,21.710500000000003,12.8203,4630.14,3851.93,225.0,209.33333333333331,25.0,19.33333333333333,147.0,95.66666666666669,172.0,115.0,397.0,324.3333333333333,511.0,608.0,53.73191928863525,53.314181327819824,240.0,376.6666666666667,126.45,92.24444444444444,126.45,92.24444444444444,False,-0.5483845577271603,bad,11186.0,75.0,0.833333333333333,False,False,False,71
p08,1.0,2.0,0,4.0,2.0,2.0,2.0,2020-01-12 09:09:50.300,2020-01-12,9.15,False,2020-01-12,True,1,0,6,104,1416.0,1059.0,587.0,True,False,3.733333333333333,6.5,85.0,92.0,6.333333333333333,5.777777777777778,4.666666666666667,7.441666666666666,4.333333333333333,7.661111111111111,55.0,53.333333333333336,5520.0,14696.666666666666,4.1080000000000005,12.3302,3057.55,3728.556666666667,225.0,217.0,20.0,18.33333333333333,21.0,78.0,41.0,96.33333333333331,266.0,313.3333333333333,587.0,586.6666666666666,55.20027256011963,53.95727284749349,350.0,313.3333333333333,55.88333333333333,81.27222222222223,55.88333333333333,81.27222222222223,False,-2.6024233467176705,bad,-8407.0,-60.0,-3.433333333333334,True,False,False,72
p08,1.0,3.0,0,7.0,2.0,4.0,2.0,2020-01-13 09:01:52.322,2020-01-13,9.016666666666667,False,2020-01-13,True,1,0,0,104,1401.0,1048.0,983.0,True,False,7.566666666666666,6.433333333333334,85.0,89.0,5.241666666666666,5.936111111111111,8.441666666666666,7.708333333333333,9.2,7.772222222222221,57.0,55.0,1561.0,10677.0,1.2000000000000002,9.006166666666667,2506.53,3398.0733333333337,112.0,187.33333333333331,0.0,15.0,0.0,56.0,0.0,71.0,112.0,258.3333333333333,983.0,693.6666666666666,57.09143257141113,55.341208140055336,0.0,196.66666666666663,0.0,60.77777777777777,0.0,60.77777777777777,False,-1.8538507721025228,bad,-12203.0,-97.0,0.39999999999999947,True,False,False,73
p08,1.0,3.0,0,8.0,3.0,3.0,2.0,2020-01-14 09:58:17.100,2020-01-14,9.966666666666669,False,2020-01-14,True,1,0,1,104,1327.0,970.0,673.0,True,False,7.283333333333333,6.194444444444444,90.0,86.66666666666667,5.475,5.683333333333333,8.091666666666667,7.066666666666666,8.616666666666667,7.383333333333333,59.0,57.0,999.0,2693.333333333333,0.7679,2.0253,2152.49,2572.19,67.0,134.66666666666666,0.0,6.666666666666667,0.0,7.0,0.0,13.666666666666666,67.0,148.33333333333334,673.0,747.6666666666666,59.63025569915772,57.30732027689616,0.0,116.66666666666669,0.0,18.627777777777776,0.0,18.627777777777776,False,-1.8538507721025228,bad,-12693.0,-94.5,0.11666666666666625,False,True,False,74
p08,2.0,4.0,2,10.0,4.0,5.0,2.0,2020-01-18 12:07:46.065,2020-01-18,12.116666666666667,False,2020-01-18,False,1,0,5,104,1392.0,1035.0,647.0,True,False,10.35,8.716666666666667,94.0,94.66666666666669,6.516666666666667,5.908333333333334,12.125,9.780555555555557,11.6,9.866666666666664,53.0,55.0,9761.0,7505.666666666667,7.513400000000001,5.780166666666667,3024.7,2799.286666666667,234.0,211.33333333333331,18.0,7.0,12.0,6.0,30.0,13.0,264.0,224.33333333333331,647.0,637.3333333333334,53.90245056152344,55.78121248881022,0.0,0.0,0.0,0.0,0.0,0.0,False,-0.5483845577271603,bad,-3335.0,-58.5,2.9833333333333325,False,False,False,78
p08,2.0,4.0,4,8.0,3.0,2.0,2.0,2020-01-19 08:43:32.611,2020-01-19,8.716666666666667,False,2020-01-19,False,1,0,6,104,1428.0,1070.0,532.0,True,False,7.833333333333333,8.727777777777778,94.0,94.33333333333331,4.891666666666667,5.661111111111111,7.925,9.480555555555556,9.033333333333331,9.816666666666666,51.0,53.0,9302.0,8243.666666666666,7.153600000000001,6.344233333333334,3056.68,2893.363333333333,148.0,192.0,1.0,6.333333333333333,63.0,25.0,64.0,31.33333333333333,212.0,223.33333333333331,532.0,624.6666666666666,51.02504348754883,53.55492750803629,420.0,140.0,63.15,21.05,63.15,21.05,False,-0.5483845577271603,bad,-3794.0,-20.5,0.34999999999999964,True,False,False,79
p08,2.0,4.0,3,8.0,4.0,3.0,3.0,2020-01-22 09:01:28.719,2020-01-22,9.016666666666667,False,2020-01-22,False,1,0,2,104,1405.0,1045.0,553.0,True,False,8.266666666666667,7.633333333333334,96.0,94.0,4.641666666666667,5.1000000000000005,8.041666666666666,7.736111111111112,9.4,8.633333333333333,48.0,48.0,17177.0,13885.0,13.192900000000002,10.68005,4216.77,3575.1500000000005,257.0,202.0,37.0,26.0,93.0,76.0,130.0,102.0,387.0,304.0,553.0,582.0,48.864845275878906,48.97194480895996,280.0,153.33333333333334,181.41666666666669,83.80000000000001,181.41666666666669,60.47222222222223,False,0.0,neutral,5746.0,56.0,0.7583333333333346,False,True,False,82
p08,2.0,4.0,4,7.0,4.0,3.0,3.0,2020-01-23 09:08:49.831,2020-01-23,9.133333333333333,False,2020-01-23,False,1,0,3,104,1409.0,1051.0,592.0,True,False,7.183333333333334,7.633333333333334,97.0,95.0,5.966666666666667,5.480555555555555,8.183333333333334,8.133333333333335,8.216666666666667,8.65,50.0,48.333333333333336,6205.0,11691.0,4.7776000000000005,8.98525,3088.7200000000003,3652.745,284.0,270.5,0.0,18.5,0.0,46.5,0.0,65.0,284.0,335.5,592.0,572.5,50.80616855621338,49.83550691604614,0.0,153.33333333333334,0.0,60.47222222222223,0.0,60.47222222222223,False,0.0,neutral,-5226.0,-74.0,-0.3249999999999993,False,True,False,83
p08,3.0,4.0,6,7.0,4.0,4.0,3.0,2020-01-31 12:17:46.075,2020-01-31,12.283333333333331,False,2020-01-31,False,1,0,4,104,1345.0,991.0,834.0,True,False,7.783333333333333,6.411111111111111,93.0,92.66666666666669,5.083333333333333,6.1194444444444445,8.025,7.538888888888889,8.933333333333334,7.411111111111111,58.0,57.333333333333336,8324.0,14507.666666666666,6.413900000000001,11.066466666666669,3087.1,4451.576666666667,248.0,281.6666666666667,17.0,95.0,11.0,93.66666666666669,28.0,188.66666666666663,276.0,470.3333333333333,834.0,567.3333333333334,58.93385601043701,57.90882237752279,0.0,0.0,0.0,30.727777777777774,0.0,30.727777777777774,False,0.5568936397602149,good,-2499.0,-46.0,0.5999999999999996,False,True,False,91
p08,2.0,4.0,5,8.0,4.0,2.0,4.0,2020-02-01 10:56:37.880,2020-02-01,10.933333333333334,False,2020-02-01,False,1,0,5,104,1377.0,1023.0,620.0,True,False,8.25,6.911111111111111,96.0,94.0,5.575,5.713888888888889,9.066666666666666,7.694444444444445,9.483333333333333,7.972222222222221,56.0,57.333333333333336,14983.0,12511.0,14.918,10.724533333333332,3462.9,3704.18,215.0,248.33333333333331,5.0,33.666666666666664,64.0,63.333333333333336,69.0,97.0,284.0,345.3333333333333,620.0,650.0,56.446027755737305,57.9486255645752,360.0,120.0,58.65,50.27777777777778,58.65,50.27777777777778,False,0.5483845577271603,good,4390.0,-5.0,1.0166666666666666,False,False,False,92
p08,3.0,4.0,5,9.0,4.0,4.0,3.0,2020-02-02 10:28:37.711,2020-02-02,10.466666666666669,False,2020-02-02,False,1,0,6,104,1412.0,1053.0,581.0,True,False,9.416666666666666,8.483333333333333,95.0,94.66666666666669,5.833333333333333,5.497222222222223,10.425,9.172222222222222,10.583333333333334,9.666666666666666,56.0,56.66666666666666,16555.0,13287.333333333334,13.362100000000002,11.564666666666668,3745.51,3431.8366666666666,157.0,206.66666666666663,20.0,14.0,113.0,62.66666666666666,133.0,76.66666666666667,290.0,283.3333333333333,581.0,678.3333333333334,56.546247482299805,57.30871041615804,540.0,300.0,86.1,48.25,86.1,48.25,False,0.5568936397602149,good,5732.0,59.0,2.0749999999999993,True,False,False,93
p08,3.0,4.0,7,8.0,4.0,2.0,4.0,2020-02-03 09:08:01.047,2020-02-03,9.133333333333333,False,2020-02-03,False,1,0,0,104,1320.0,961.0,500.0,True,False,7.016666666666667,8.227777777777778,98.0,96.33333333333331,5.166666666666667,5.525,7.241666666666666,8.911111111111111,8.066666666666666,9.377777777777778,57.0,56.333333333333336,16201.0,15913.0,15.0474,14.4425,3740.01,3649.473333333333,203.0,191.66666666666663,20.0,15.0,82.0,86.33333333333333,102.0,101.33333333333331,305.0,293.0,500.0,567.0,57.15576267242432,56.71601263682047,200.0,366.6666666666667,73.71666666666667,72.82222222222222,73.71666666666667,72.82222222222222,False,1.1052781974873753,good,5378.0,28.0,-0.4083333333333341,True,False,False,94
p08,3.0,4.0,4,7.0,4.0,2.0,4.0,2020-02-04 08:17:01.395,2020-02-04,8.283333333333333,False,2020-02-04,False,1,0,1,104,1408.0,1049.0,586.0,True,False,6.916666666666667,7.783333333333334,95.0,96.0,5.766666666666667,5.588888888888889,7.775,8.480555555555556,8.0,8.883333333333333,58.0,57.0,19830.0,17528.666666666668,17.262,15.223833333333337,4070.47,3851.9966666666655,246.0,202.0,26.0,22.0,98.0,97.66666666666669,124.0,119.66666666666669,370.0,321.6666666666667,586.0,555.6666666666666,58.31147480010986,57.33782831827799,480.0,406.6666666666667,118.31666666666666,92.71111111111112,89.3,83.03888888888888,False,1.1052781974873753,good,9007.0,50.0,-0.5083333333333337,False,True,False,95
p08,2.0,4.0,5,7.0,4.0,2.0,4.0,2020-02-05 07:34:01.136,2020-02-05,7.566666666666666,False,2020-02-05,False,1,0,2,104,1407.0,1048.0,627.0,True,False,7.233333333333333,7.055555555555556,97.0,96.66666666666669,4.983333333333333,5.305555555555556,7.525,7.513888888888889,8.533333333333333,8.2,57.0,57.333333333333336,18381.0,18137.33333333333,14.871200000000002,15.726866666666668,3873.32,3894.6,208.0,219.0,23.0,23.0,102.0,94.0,125.0,117.0,333.0,336.0,627.0,571.0,57.81823539733887,57.76182428995768,300.0,326.6666666666667,105.93333333333334,99.32222222222224,105.93333333333334,89.65000000000002,False,0.5483845577271603,good,7558.0,51.0,-0.19166666666666732,False,True,False,96
p08,2.0,4.0,4,7.0,4.0,2.0,3.0,2020-02-06 13:20:10.888,2020-02-06,13.333333333333334,False,2020-02-06,False,1,0,3,104,1376.0,1020.0,586.0,True,False,7.116666666666666,7.088888888888889,98.0,96.66666666666669,5.258333333333334,5.336111111111111,7.591666666666667,7.6305555555555555,8.333333333333334,8.28888888888889,58.0,57.66666666666666,12670.0,16960.333333333332,9.753,13.962066666666669,3536.25,3826.68,277.0,243.66666666666663,24.0,24.33333333333333,41.0,80.33333333333333,65.0,104.66666666666669,342.0,348.3333333333333,586.0,599.6666666666666,58.757845878601074,58.29585202534994,0.0,260.0,21.33333333333333,81.8611111111111,21.33333333333333,72.18888888888888,False,0.0,neutral,1847.0,-9.0,-0.30833333333333446,False,True,False,97
p08,4.0,4.0,8,8.0,4.0,2.0,4.0,2020-02-09 15:00:06.375,2020-02-09,15.0,False,2020-02-09,False,1,0,6,104,1312.0,952.0,440.0,True,False,7.8,8.138888888888888,96.0,94.0,5.416666666666667,5.436111111111111,8.225,8.666666666666666,8.8,9.227777777777776,59.0,58.66666666666666,21989.0,21192.666666666668,17.6322,17.489166666666666,4294.7300000000005,4158.96,199.0,219.66666666666663,55.0,31.0,140.0,132.66666666666666,195.0,163.66666666666666,394.0,383.3333333333333,440.0,512.3333333333334,59.24177646636963,58.980312983194985,0.0,186.66666666666663,128.46666666666667,136.60555555555555,128.46666666666667,97.91111111111113,False,1.66217183724759,good,11068.0,126.0,0.4333333333333327,True,False,False,100
p08,2.0,4.0,5,7.0,3.0,2.0,2.0,2020-02-10 12:57:04.415,2020-02-10,12.95,False,2020-02-10,False,1,0,0,104,1413.0,1054.0,446.0,True,False,6.966666666666667,7.894444444444443,93.0,94.33333333333331,5.358333333333333,5.61388888888889,7.375,8.588888888888889,8.016666666666667,8.972222222222223,59.0,59.0,33775.0,26435.33333333333,27.424200000000003,21.90983333333333,5253.37,4641.613333333334,181.0,215.33333333333331,45.0,38.66666666666666,240.0,174.0,285.0,212.66666666666663,466.0,428.0,446.0,458.3333333333333,59.005249977111816,59.10408973693848,1080.0,360.0,205.1833333333333,163.19444444444443,175.31666666666666,129.05555555555554,False,-0.5483845577271603,bad,21105.0,211.0,-0.5416666666666661,True,False,False,101
p08,3.0,4.0,7,8.0,4.0,3.0,4.0,2020-02-11 07:42:47.595,2020-02-11,7.7,False,2020-02-11,False,1,0,1,104,1390.0,1033.0,599.0,True,False,7.683333333333334,7.483333333333333,90.0,93.0,5.0,5.258333333333334,7.675,7.758333333333333,8.666666666666666,8.494444444444445,59.0,59.0,18113.0,24625.666666666668,15.298100000000002,20.118166666666667,3913.41,4487.169999999999,254.0,211.33333333333331,26.0,42.0,80.0,153.33333333333334,106.0,195.33333333333331,360.0,406.6666666666667,599.0,495.0,59.23155498504639,59.15952714284261,480.0,520.0,60.11666666666667,131.25555555555556,60.11666666666667,121.3,False,1.1052781974873753,good,3887.0,24.0,0.31666666666666643,False,True,False,102
p08,3.0,3.0,5,7.0,3.0,2.0,3.0,2020-02-12 07:55:50.700,2020-02-12,7.916666666666667,False,2020-02-12,False,1,0,2,104,1385.0,1026.0,511.0,True,False,7.183333333333334,7.277777777777779,93.0,92.0,5.475,5.277777777777778,7.908333333333333,7.652777777777778,8.433333333333334,8.372222222222222,58.0,58.66666666666666,20973.0,24287.0,17.044800000000002,19.922366666666665,4148.54,4438.44,263.0,232.66666666666663,37.0,36.0,109.0,143.0,146.0,179.0,409.0,411.6666666666667,511.0,518.6666666666666,58.824584007263184,59.02046298980713,300.0,620.0,77.83333333333333,114.37777777777778,58.2,97.87777777777778,False,-0.1916789348549327,neutral,5990.0,44.0,-0.3583333333333334,False,True,False,103
p08,2.0,4.0,5,7.0,3.0,2.0,2.0,2020-02-13 08:05:10.994,2020-02-13,8.083333333333334,False,2020-02-13,False,1,0,3,104,1406.0,1047.0,520.0,True,False,6.933333333333334,7.266666666666667,96.0,93.0,5.541666666666667,5.338888888888889,7.291666666666667,7.625,7.75,8.283333333333333,58.0,58.333333333333336,21001.0,20029.0,19.599300000000003,17.314066666666672,4389.79,4150.58,296.0,271.0,22.0,28.33333333333333,96.0,95.0,118.0,123.33333333333331,414.0,394.3333333333333,520.0,543.3333333333334,58.96860599517822,59.0082483291626,560.0,446.6666666666667,88.61666666666666,75.52222222222223,88.61666666666666,68.97777777777777,False,-0.5483845577271603,bad,4800.0,12.0,-0.4083333333333332,False,True,False,104
p08,2.0,4.0,4,6.0,2.0,3.0,2.0,2020-02-14 08:52:26.798,2020-02-14,8.866666666666667,False,2020-02-14,False,1,0,4,104,1124.0,764.0,653.0,True,False,6.583333333333333,6.9,92.0,93.66666666666669,5.866666666666666,5.627777777777777,7.408333333333333,7.536111111111111,7.533333333333333,7.905555555555556,59.0,58.333333333333336,15761.0,19245.0,15.1663,17.270133333333337,3700.14,4079.49,232.0,263.6666666666667,17.0,25.33333333333333,73.0,92.66666666666669,90.0,118.0,322.0,381.6666666666667,,515.5,59.945539474487305,59.24624315897624,0.0,286.6666666666667,42.15,69.53333333333332,42.15,62.98888888888888,False,-0.5483845577271603,bad,-794.0,-28.0,-0.6250000000000009,False,True,False,105
p08,3.0,4.0,6,8.0,4.0,3.0,3.0,2020-02-15 11:35:45.216,2020-02-15,11.583333333333334,False,2020-02-15,False,1,0,5,104,1425.0,1065.0,586.0,True,False,8.116666666666667,7.211111111111111,98.0,95.33333333333331,6.491666666666666,5.966666666666666,9.516666666666667,8.072222222222223,9.016666666666667,8.1,62.0,59.66666666666666,17383.0,18048.33333333333,13.3776,16.047733333333337,4042.47,4044.133333333333,287.0,271.6666666666667,20.0,19.666666666666668,95.0,88.0,115.0,107.66666666666669,402.0,379.3333333333333,586.0,553.0,62.31100749969482,60.40838432312012,480.0,346.6666666666667,99.18333333333332,76.64999999999999,56.516666666666666,62.42777777777777,False,0.5568936397602149,good,828.0,-3.0,0.9333333333333336,False,False,False,106
p08,2.0,4.0,5,7.0,3.0,4.0,2.0,2020-02-18 07:28:32.944,2020-02-18,7.466666666666667,False,2020-02-18,False,1,0,1,104,1415.0,1057.0,459.0,True,False,7.566666666666666,7.516666666666667,93.0,94.0,4.958333333333333,5.366666666666667,7.458333333333333,7.877777777777777,8.5,8.505555555555555,57.0,58.0,21566.0,18699.666666666668,18.2576,16.234666666666666,4423.38,4006.6066666666666,402.0,292.6666666666667,27.0,16.666666666666668,71.0,87.0,98.0,103.66666666666669,500.0,396.3333333333333,459.0,523.0,57.3669900894165,58.54566796620687,480.0,606.6666666666666,155.03333333333333,116.54444444444444,155.03333333333333,116.54444444444444,False,-0.5483845577271603,bad,4183.0,-26.0,0.38333333333333286,False,True,False,109
p08,2.0,4.0,6,7.0,4.0,3.0,3.0,2020-02-20 07:22:57.982,2020-02-20,7.366666666666666,False,2020-02-20,False,1,0,3,104,1397.0,1040.0,658.0,True,False,6.933333333333334,7.105555555555555,96.0,94.66666666666669,5.166666666666667,5.166666666666667,7.258333333333334,7.3805555555555555,8.083333333333334,8.21111111111111,59.0,58.333333333333336,10859.0,16823.333333333332,8.3362,14.318233333333334,3210.82,3787.973333333334,262.0,286.0,15.0,22.33333333333333,22.0,63.333333333333336,37.0,85.66666666666667,299.0,371.6666666666667,658.0,577.0,59.32621669769287,58.6617930730184,480.0,436.6666666666667,0.0,80.63333333333334,0.0,80.63333333333334,False,0.0,neutral,-7187.0,-83.0,-0.21666666666666679,False,True,False,111
p08,2.0,3.0,6,6.0,3.0,2.0,3.0,2020-02-21 08:28:46.807,2020-02-21,8.466666666666667,False,2020-02-21,False,1,0,4,104,1410.0,1050.0,491.0,True,False,5.966666666666667,6.572222222222223,96.0,95.66666666666669,7.1,5.880555555555556,7.658333333333333,7.447222222222223,6.55,7.561111111111111,58.0,58.66666666666666,20914.0,16606.0,17.893600000000003,14.1969,4378.4800000000005,3773.006666666666,368.0,274.6666666666667,24.0,21.33333333333333,72.0,63.66666666666666,96.0,85.0,464.0,359.6666666666667,491.0,587.6666666666666,58.06359577178955,58.89399496714274,360.0,396.6666666666667,63.68333333333333,50.18333333333334,63.68333333333333,50.18333333333334,False,-0.7485725746151475,bad,2868.0,-24.0,-1.0999999999999996,False,True,False,112
p08,2.0,3.0,4,7.0,2.0,2.0,3.0,2020-02-22 10:57:31.910,2020-02-22,10.95,False,2020-02-22,False,1,0,5,104,1395.0,1043.0,455.0,True,False,7.066666666666666,6.655555555555556,94.0,95.33333333333331,7.583333333333333,6.616666666666667,9.65,8.188888888888888,8.066666666666666,7.566666666666667,58.0,58.333333333333336,29910.0,20561.0,25.470900000000004,17.23356666666667,5418.63,4335.9766666666665,341.0,323.6666666666667,75.0,38.0,176.0,90.0,251.0,128.0,592.0,451.6666666666667,455.0,534.6666666666666,58.092905044555664,58.49423917134603,300.0,380.0,183.73333333333332,82.47222222222223,111.2,58.29444444444445,False,-0.7485725746151475,bad,11864.0,134.5,0.0,False,False,False,113
p08,3.0,3.0,5,9.0,4.0,3.0,3.0,2020-02-23 11:38:49.969,2020-02-23,11.633333333333333,False,2020-02-23,False,1,0,6,104,1126.0,771.0,769.0,True,False,8.7,7.2444444444444445,98.0,96.0,6.425,7.036111111111111,10.3,9.202777777777778,9.866666666666667,8.161111111111111,60.0,58.66666666666666,5226.0,18683.33333333333,3.9157,15.760066666666669,2677.79,4158.3,173.0,294.0,2.0,33.666666666666664,12.0,86.66666666666667,14.0,120.33333333333331,187.0,414.3333333333333,,473.0,60.16606998443604,58.774190266927086,540.0,400.0,0.0,82.47222222222223,0.0,58.29444444444445,False,-0.1916789348549327,neutral,-12854.0,-106.0,1.6583333333333332,True,False,False,114
p08,2.0,2.0,5,4.0,4.0,4.0,3.0,2020-02-26 05:19:03.961,2020-02-26,5.316666666666666,False,2020-02-26,False,1,0,2,104,1386.0,1028.0,547.0,True,False,4.95,6.572222222222222,97.0,94.33333333333331,5.3,5.541666666666667,4.733333333333333,6.963888888888889,5.433333333333334,7.422222222222222,56.0,57.0,25237.0,24161.0,23.404200000000003,21.05546666666667,4448.92,4482.240000000001,182.0,215.33333333333331,43.0,41.66666666666666,155.0,153.66666666666666,198.0,195.33333333333331,380.0,410.6666666666667,547.0,495.3333333333333,56.97306156158447,57.65142790476481,480.0,620.0,169.31666666666666,157.23333333333335,126.65,115.41666666666669,False,-1.497145149230295,bad,6990.0,75.0,-2.2583333333333337,False,True,False,117
p08,2.0,4.0,5,7.0,2.0,2.0,4.0,2020-02-27 06:36:50.644,2020-02-27,6.6,False,2020-02-27,False,1,0,3,104,1369.0,1013.0,794.0,True,False,7.05,6.477777777777778,92.0,94.66666666666669,4.416666666666667,5.191666666666666,6.591666666666667,6.577777777777778,8.166666666666666,7.383333333333333,56.0,56.333333333333336,18331.0,21218.666666666668,16.896800000000002,19.1229,3813.3,4204.4766666666665,216.0,242.0,17.0,35.666666666666664,87.0,109.33333333333331,104.0,145.0,320.0,387.0,794.0,607.6666666666666,56.306965827941895,56.86999924977621,0.0,340.0,81.83333333333333,102.6611111111111,59.65,81.04444444444445,False,0.5483845577271603,good,84.0,-19.0,-0.1583333333333341,False,True,False,118
p08,2.0,3.0,5,7.0,2.0,2.0,3.0,2020-02-28 08:36:48.406,2020-02-28,8.6,False,2020-02-28,False,1,0,4,104,1390.0,1032.0,566.0,True,False,7.483333333333333,6.4944444444444445,95.0,94.66666666666669,5.741666666666666,5.152777777777778,8.133333333333333,6.486111111111111,8.383333333333333,7.327777777777777,55.0,55.66666666666666,18461.0,20676.33333333333,15.341400000000002,18.54746666666667,4118.49,4126.903333333333,260.0,219.33333333333331,40.0,33.333333333333336,84.0,108.66666666666669,124.0,142.0,384.0,361.3333333333333,566.0,635.6666666666666,55.20082187652588,56.16028308868408,480.0,320.0,136.5,129.21666666666667,136.5,107.6,False,-0.7485725746151475,bad,105.0,4.0,0.27499999999999947,False,True,False,119
p08,4.0,4.0,6,9.0,4.0,2.0,3.0,2020-02-29 11:41:48.752,2020-02-29,11.683333333333334,False,2020-02-29,False,1,0,5,104,1396.0,1037.0,557.0,True,False,9.15,7.894444444444445,97.0,94.66666666666669,6.183333333333334,5.447222222222223,10.358333333333333,8.361111111111112,10.166666666666666,8.905555555555553,57.0,56.0,21571.0,19454.33333333333,19.605300000000003,17.281166666666667,4254.62,4062.1366666666663,198.0,224.66666666666663,38.0,31.666666666666668,144.0,105.0,182.0,136.66666666666666,380.0,361.3333333333333,557.0,639.0,57.54812431335449,56.35197067260742,550.0,343.3333333333333,158.75,125.69444444444444,123.75,106.63333333333333,False,1.1137872795204298,good,3150.0,59.0,1.9416666666666664,False,False,False,120
p08,2.0,3.0,6,7.0,2.0,3.0,3.0,2020-03-02 09:15:20.287,2020-03-02,9.25,False,2020-03-02,False,1,0,0,104,1414.0,1054.0,522.0,True,False,6.783333333333333,8.183333333333334,94.0,95.33333333333331,5.233333333333333,5.952777777777778,7.133333333333334,9.34722222222222,7.9,9.388888888888888,56.0,56.333333333333336,13732.0,16712.666666666668,10.5848,13.878500000000004,3669.77,3820.036666666667,168.0,176.0,48.0,32.0,96.0,112.33333333333331,144.0,144.33333333333334,312.0,320.3333333333333,522.0,546.6666666666666,56.166768074035645,56.781320889790855,0.0,383.3333333333333,151.51666666666665,127.88888888888889,151.51666666666665,116.2222222222222,False,-0.7485725746151475,bad,-4948.0,21.0,-0.4250000000000007,True,False,False,122
p08,4.0,4.0,6,7.0,3.0,4.0,2.0,2020-03-03 07:41:24.542,2020-03-03,7.683333333333334,False,2020-03-03,False,1,0,1,104,1411.0,1051.0,582.0,True,False,6.666666666666667,7.355555555555555,90.0,93.0,5.266666666666667,5.647222222222222,7.1,8.261111111111111,7.833333333333333,8.611111111111112,55.0,55.66666666666666,17074.0,15213.666666666666,13.7304,11.9202,3914.99,3706.8266666666655,295.0,208.33333333333331,19.0,25.666666666666668,70.0,87.66666666666667,89.0,113.33333333333331,384.0,321.6666666666667,582.0,555.0,55.87749576568604,56.2244447072347,400.0,333.3333333333333,47.25,90.7222222222222,47.25,90.7222222222222,False,0.5654027217932694,good,-1606.0,-35.0,-0.541666666666667,False,True,False,123
p08,3.0,4.0,6,7.0,4.0,4.0,3.0,2020-03-04 08:09:12.248,2020-03-04,8.15,False,2020-03-04,False,2,0,2,104,1366.0,1006.0,643.0,True,False,7.266666666666667,6.905555555555556,94.0,92.66666666666669,5.041666666666667,5.180555555555556,7.425,7.219444444444444,8.383333333333333,8.03888888888889,56.0,55.66666666666666,15442.0,15416.0,12.6976,12.337600000000002,3707.48,3764.08,223.0,228.66666666666663,24.0,30.33333333333333,80.0,82.0,104.0,112.33333333333331,327.0,341.0,643.0,582.3333333333334,56.156195640563965,56.06681982676188,200.0,200.0,53.38333333333333,84.05,53.38333333333333,84.05,False,0.5568936397602149,good,-2979.0,-19.0,0.05833333333333268,False,True,False,124
p08,2.0,4.0,6,7.0,3.0,3.0,3.0,2020-03-05 08:09:05.916,2020-03-05,8.15,False,2020-03-05,False,1,0,3,104,1408.0,1048.0,516.0,True,False,7.466666666666667,7.133333333333334,95.0,93.0,5.1,5.13611111111111,7.941666666666666,7.48888888888889,8.833333333333334,8.35,56.0,55.66666666666666,22005.0,18173.666666666668,19.4633,15.2971,4234.49,3952.32,309.0,275.6666666666667,17.0,20.0,95.0,81.66666666666667,112.0,101.66666666666669,421.0,377.3333333333333,516.0,580.3333333333334,56.24995040893555,56.09454727172852,250.0,283.3333333333333,69.58333333333333,56.73888888888889,69.58333333333333,56.73888888888889,False,0.0,neutral,3609.0,-8.0,0.24166666666666714,False,True,False,125
p08,2.0,3.0,5,7.0,3.0,3.0,2.0,2020-03-06 09:06:05.973,2020-03-06,9.1,False,2020-03-06,False,1,0,4,104,1405.0,1047.0,508.0,True,False,7.183333333333334,7.305555555555556,96.0,95.0,4.858333333333333,5.0,6.975,7.447222222222222,8.116666666666667,8.444444444444445,55.0,55.66666666666666,16927.0,18124.666666666668,13.069,15.076633333333334,3936.96,3959.643333333333,283.0,271.6666666666667,27.0,22.666666666666668,92.0,89.0,119.0,111.66666666666669,402.0,383.3333333333333,508.0,555.6666666666666,55.39269828796387,55.93294811248779,200.0,216.66666666666663,77.78333333333333,66.91666666666667,55.583333333333336,59.51666666666666,False,-1.296957132342308,bad,-1753.0,-1.0,-0.11666666666666625,False,True,False,126
p08,2.0,4.0,5,7.0,2.0,5.0,4.0,2020-03-07 09:15:09.856,2020-03-07,9.25,False,2020-03-07,False,1,0,5,104,1334.0,975.0,515.0,True,False,7.3,7.316666666666667,92.0,94.33333333333331,6.5,5.486111111111112,9.041666666666666,7.986111111111111,8.533333333333333,8.494444444444445,54.0,55.0,19224.0,19385.33333333333,14.5796,15.703966666666668,4018.69,4063.38,324.0,305.3333333333333,24.0,22.666666666666668,90.0,92.33333333333331,114.0,115.0,438.0,420.3333333333333,515.0,513.0,54.46630954742432,55.36965274810791,160.0,203.33333333333331,56.9,68.08888888888889,32.15,52.43888888888889,False,0.5483845577271603,good,544.0,-4.5,0.07500000000000018,False,False,False,127
p08,4.0,3.0,7,7.0,4.0,3.0,4.0,2020-03-09 09:00:12.777,2020-03-09,9.0,False,2020-03-09,False,1,0,0,104,1408.0,1051.0,519.0,True,False,6.8,7.122222222222223,94.0,94.0,5.166666666666667,5.947222222222223,7.575,8.291666666666666,8.4,8.338888888888889,54.0,54.0,16914.0,18109.0,14.5532,14.389566666666669,4818.0,4350.29,212.0,249.0,38.0,29.666666666666668,186.0,134.66666666666666,224.0,164.33333333333334,436.0,413.3333333333333,519.0,532.0,54.20204830169678,54.40998522440592,240.0,403.3333333333333,304.53333333333336,154.33333333333334,304.53333333333336,146.08333333333334,False,0.9135992626324425,good,-1482.0,107.5,-0.4249999999999998,True,False,False,129
p08,4.0,4.0,7,7.0,3.0,4.0,4.0,2020-03-12 08:37:24.433,2020-03-12,8.616666666666667,False,2020-03-12,False,1,0,3,104,1412.0,1054.0,569.0,True,False,7.55,7.961111111111111,93.0,94.0,5.475,5.194444444444444,8.2,8.447222222222221,8.716666666666667,9.244444444444444,54.0,53.66666666666666,12738.0,16464.666666666668,9.9002,12.662633333333334,3259.36,3788.053333333333,216.0,253.66666666666663,17.0,26.666666666666668,38.0,77.33333333333333,55.0,104.0,271.0,357.6666666666667,569.0,534.0,54.60307216644287,54.185747146606445,0.0,220.0,22.2,50.27777777777778,0.0,25.522222222222226,False,1.66217183724759,good,-5522.0,-63.5,0.2833333333333332,False,True,True,132
p08,4.0,3.0,7,8.0,4.0,4.0,3.0,2020-03-14 09:18:47.821,2020-03-14,9.3,False,2020-03-14,False,1,0,5,104,998.0,638.0,649.0,False,False,,7.916666666666666,,93.5,,5.8375,,8.954166666666666,,9.108333333333334,,54.0,,18455.0,,15.6161,,3962.215,,243.5,,33.0,,93.0,,126.0,,369.5,,509.0,,54.43924570083618,480.0,160.0,62.31666666666667,57.59444444444444,62.31666666666667,36.53888888888889,True,0.3652147049052822,neutral,,,,False,False,True,134
p08,4.0,4.0,6,8.0,4.0,4.0,4.0,2020-03-15 11:39:45.170,2020-03-15,11.65,False,2020-03-15,False,1,0,6,104,891.0,891.0,1090.0,True,False,8.7,8.491666666666667,97.0,95.5,5.066666666666666,5.633333333333333,9.45,9.579166666666666,10.383333333333333,9.941666666666666,56.0,55.0,10628.0,17400.0,8.1864,14.7592,3612.54,4138.805,255.0,263.0,35.0,42.0,60.0,104.0,95.0,146.0,350.0,409.0,,,56.25506401062012,55.265241622924805,0.0,160.0,120.31666666666666,90.3,120.31666666666666,76.64444444444445,False,1.66217183724759,good,-7703.0,-26.0,1.3999999999999995,True,False,True,135
p08,3.0,4.0,6,7.0,4.0,2.0,4.0,2020-03-17 08:42:43.138,2020-03-17,8.7,False,2020-03-17,False,1,0,1,104,1419.0,1063.0,672.0,True,False,7.083333333333333,7.616666666666666,96.0,96.33333333333331,6.1,5.683333333333334,8.175,8.569444444444445,8.066666666666666,8.883333333333333,54.0,55.0,10972.0,13830.0,9.9427,12.3242,3297.93,3575.603333333334,224.0,231.0,5.0,16.333333333333332,47.0,72.33333333333333,52.0,88.66666666666667,276.0,319.6666666666667,672.0,578.0,54.823768615722656,55.67157872517904,400.0,273.3333333333333,52.78333333333333,93.9722222222222,52.78333333333333,81.17222222222222,False,1.1052781974873753,good,-7359.0,-67.0,-0.21666666666666679,False,True,True,137
p08,2.0,4.0,6,7.0,4.0,3.0,3.0,2020-03-19 09:00:50.988,2020-03-19,9.0,False,2020-03-19,False,1,0,3,104,1373.0,1016.0,727.0,True,False,7.816666666666666,7.277777777777778,95.0,95.0,5.375,5.86388888888889,8.241666666666667,8.211111111111112,8.866666666666667,8.344444444444445,55.0,54.66666666666666,12308.0,14118.666666666666,13.4013,14.00056666666667,3174.92,3396.0333333333333,163.0,201.33333333333331,4.0,4.333333333333333,60.0,65.66666666666667,64.0,70.0,227.0,271.3333333333333,727.0,681.3333333333334,55.39051532745361,55.11024157206217,360.0,493.3333333333333,58.083333333333336,66.34444444444445,58.083333333333336,66.34444444444445,False,0.0,neutral,-6023.0,-55.0,0.5499999999999998,False,True,True,139
p08,4.0,4.0,8,8.0,4.0,4.0,4.0,2020-03-20 09:00:11.441,2020-03-20,9.0,False,2020-03-20,False,1,0,4,104,1424.0,1066.0,673.0,True,False,7.7,7.483333333333333,95.0,94.66666666666669,5.1,5.530555555555555,8.05,8.169444444444444,8.95,8.638888888888888,54.0,54.66666666666666,18096.0,16493.333333333332,18.9466,17.00186666666667,3493.74,3461.3033333333333,132.0,170.66666666666666,6.0,4.666666666666667,97.0,82.33333333333333,103.0,87.0,235.0,257.6666666666667,673.0,681.6666666666666,54.5264892578125,55.01114845275879,810.0,630.0,94.45,80.23333333333333,94.45,80.23333333333333,False,1.66217183724759,good,-235.0,-16.0,0.40000000000000036,False,True,True,140
p08,4.0,4.0,8,8.0,4.0,3.0,3.0,2020-03-21 09:00:10.133,2020-03-21,9.0,False,2020-03-21,False,1,0,5,104,1112.0,752.0,719.0,False,False,,7.758333333333333,,95.0,,5.2375,,8.145833333333334,,8.908333333333333,,54.5,12536.0,14313.333333333334,12.7441,15.030666666666669,3136.88,3268.513333333334,120.0,138.33333333333334,1.0,3.6666666666666665,63.0,73.33333333333333,64.0,77.0,184.0,215.33333333333331,,700.0,54.68633556365967,54.86778004964193,180.0,450.0,62.45,71.66111111111111,62.45,71.66111111111111,False,1.1137872795204298,good,-5653.0,-55.0,,False,False,True,141
p08,3.0,4.0,6,8.0,2.0,2.0,4.0,2020-03-22 12:13:34.983,2020-03-22,12.216666666666669,False,2020-03-22,False,1,0,6,104,971.0,971.0,1084.0,True,False,8.516666666666667,8.108333333333334,95.0,95.0,5.566666666666666,5.333333333333333,9.783333333333331,8.916666666666668,10.216666666666669,9.583333333333332,54.0,54.0,20021.0,16884.333333333332,19.0792,16.9233,4130.31,3586.976666666667,185.0,145.66666666666666,36.0,14.333333333333334,135.0,98.33333333333331,171.0,112.66666666666669,356.0,258.3333333333333,,,54.28160572052002,54.4981435139974,200.0,396.6666666666667,175.51666666666665,110.80555555555554,175.51666666666665,110.80555555555554,False,1.1052781974873753,good,1925.0,57.0,1.1333333333333346,True,False,True,142
p08,2.0,4.0,4,7.0,4.0,2.0,4.0,2020-03-24 09:01:09.441,2020-03-24,9.016666666666667,False,2020-03-24,False,1,0,1,104,1433.0,1073.0,618.0,True,False,6.516666666666667,7.472222222222222,96.0,95.33333333333331,6.4,5.816666666666666,8.141666666666667,8.627777777777778,7.733333333333333,8.805555555555555,51.0,52.66666666666666,10083.0,15271.0,6.8809000000000005,14.446266666666668,3675.09,3774.43,202.0,176.33333333333334,26.0,21.0,86.0,100.66666666666669,112.0,121.66666666666669,314.0,298.0,618.0,610.5,51.59536170959473,52.96093146006266,360.0,373.3333333333333,41.81666666666667,99.02222222222224,0.0,85.08333333333333,False,0.5483845577271603,good,-8013.0,-2.0,-0.8916666666666666,False,True,True,144
p08,3.0,4.0,4,7.0,4.0,3.0,4.0,2020-03-25 10:57:31.001,2020-03-25,10.95,False,2020-03-25,False,1,0,2,104,1425.0,1065.0,726.0,True,False,7.55,7.15,95.0,95.33333333333331,5.366666666666666,5.75,8.2,8.1,8.833333333333334,8.344444444444443,50.0,51.333333333333336,14324.0,13372.0,14.3619,12.873833333333335,3637.56,3610.18,167.0,170.33333333333334,2.0,9.666666666666666,81.0,82.66666666666667,83.0,92.33333333333331,250.0,262.6666666666667,726.0,649.0,50.97043514251709,51.85720793406168,560.0,493.3333333333333,98.98333333333332,73.51111111111112,98.98333333333332,59.57222222222222,False,1.1052781974873753,good,-3070.0,-29.0,0.20833333333333304,False,True,True,145
p08,2.0,4.0,5,7.0,2.0,2.0,4.0,2020-03-27 09:00:16.906,2020-03-27,9.0,False,2020-03-27,False,1,0,4,104,1437.0,1077.0,743.0,True,False,7.166666666666667,7.294444444444444,92.0,94.33333333333331,5.775,5.711111111111111,8.091666666666667,8.105555555555556,8.316666666666666,8.394444444444446,52.0,51.333333333333336,13005.0,13283.0,15.026700000000002,13.796433333333333,3287.93,3684.8366666666666,143.0,161.33333333333334,5.0,4.0,67.0,88.33333333333333,72.0,92.33333333333331,215.0,253.66666666666663,743.0,694.3333333333334,52.34293079376221,51.824045181274414,360.0,473.3333333333333,63.516666666666666,131.05555555555557,63.516666666666666,131.05555555555557,False,0.5483845577271603,good,-3922.0,-40.0,-0.25833333333333375,False,True,True,147
p09,2.0,3.0,5,8.0,4.0,5.0,1.0,2019-11-15 11:09:55.578,2019-11-15,11.15,False,2019-11-15,False,1,0,4,102,1366.0,1017.0,852.0,True,False,8.633333333333333,7.599999999999999,97.0,94.66666666666669,7.016666666666667,7.666666666666667,10.0,10.277777777777777,8.983333333333333,8.611111111111112,59.0,59.333333333333336,5347.0,4849.666666666667,3.9685,3.5868333333333333,2642.08,2640.8033333333333,163.0,135.33333333333334,0.0,3.6666666666666665,0.0,8.666666666666666,0.0,12.333333333333334,163.0,147.66666666666666,852.0,853.6666666666666,59.36635208129883,59.67592843373617,,,0.0,5.405555555555555,,,False,-1.4031499365432516,bad,,,,False,True,False,14
p09,5.0,4.0,7,9.0,5.0,3.0,2.0,2019-11-16 12:41:41.240,2019-11-16,12.683333333333334,False,2019-11-16,False,1,0,5,102,1374.0,1017.0,591.0,True,False,9.166666666666666,7.855555555555554,93.0,94.66666666666669,7.783333333333333,7.952777777777778,12.708333333333334,10.95,10.916666666666666,8.994444444444444,58.0,58.66666666666666,12562.0,7039.666666666667,9.367,5.224666666666667,3438.18,2801.1633333333334,261.0,155.0,9.0,5.0,40.0,20.666666666666668,49.0,25.666666666666668,310.0,180.66666666666663,591.0,742.6666666666666,58.71396064758301,59.23079109191895,,,32.43333333333334,16.21666666666667,,,False,1.0439686106174313,good,,,,False,False,False,15
p09,3.0,4.0,5,8.0,3.0,3.0,4.0,2019-11-17 14:18:31.838,2019-11-17,14.3,False,2019-11-17,False,1,0,6,102,1082.0,736.0,536.0,True,False,8.733333333333333,8.844444444444443,92.0,94.0,8.85,7.883333333333333,13.25,11.986111111111112,10.4,10.1,60.0,59.0,5634.0,7847.666666666667,4.1638,5.833100000000001,3242.93,3107.73,165.0,196.33333333333331,50.0,19.666666666666668,34.0,24.666666666666668,84.0,44.333333333333336,249.0,240.66666666666663,,721.5,60.38491249084473,59.48840840657552,,,0.0,10.811111111111112,,,False,1.0245435044808493,good,,,1.6833333333333318,True,False,False,16
p09,2.0,2.0,5,7.0,2.0,3.0,2.0,2019-11-18 11:01:10.144,2019-11-18,11.016666666666667,False,2019-11-18,False,1,0,0,102,1195.0,842.0,679.0,True,False,7.366666666666666,8.422222222222222,94.0,93.0,7.575,8.069444444444445,10.975,12.311111111111112,9.4,10.238888888888887,62.0,60.0,1725.0,6640.333333333333,1.2845000000000002,4.938433333333333,2607.94,3096.35,119.0,181.66666666666663,18.0,25.666666666666668,0.0,24.666666666666668,18.0,50.333333333333336,137.0,232.0,,,62.374558448791504,60.49114386240641,,,0.0,10.811111111111112,,,False,-1.498735185374127,bad,,,-0.35000000000000053,True,False,False,17
p09,2.0,2.0,4,8.0,2.0,3.0,1.0,2019-11-19 13:41:45.910,2019-11-19,13.683333333333334,False,2019-11-19,False,1,0,1,102,947.0,595.0,846.0,True,False,8.983333333333333,8.361111111111109,91.0,92.33333333333331,8.791666666666666,8.405555555555557,13.491666666666667,12.572222222222225,10.7,10.166666666666666,60.0,60.66666666666666,,3679.5,,2.7241500000000003,,2925.435,,142.0,,34.0,,17.0,,51.0,,193.0,,,,61.37973546981812,,,0.0,0.0,,,True,-1.9632143131991138,bad,,,1.4416666666666664,False,True,False,18
p09,2.0,2.0,5,5.0,2.0,3.0,1.0,2019-11-20 07:11:39.902,2019-11-20,7.183333333333334,False,2019-11-20,False,1,0,2,102,1143.0,792.0,759.0,True,False,5.016666666666667,7.122222222222223,92.0,92.33333333333331,6.983333333333333,7.783333333333332,7.066666666666666,10.511111111111113,6.083333333333333,8.727777777777776,59.0,60.333333333333336,459.0,1092.0,0.3407,0.8126000000000001,2068.85,2338.395,39.0,79.0,0.0,9.0,0.0,0.0,0.0,9.0,39.0,88.0,,,59.8024959564209,61.0885272026062,,,0.0,0.0,,,False,-1.9632143131991138,bad,,,-2.7,False,True,False,19
p09,3.0,2.0,6,7.0,3.0,3.0,1.0,2019-11-21 10:29:06.554,2019-11-21,10.483333333333333,False,2019-11-21,False,1,0,3,102,1387.0,1031.0,847.0,True,False,7.5,7.166666666666667,94.0,92.33333333333331,6.516666666666667,7.430555555555554,9.15,9.90277777777778,8.633333333333333,8.472222222222221,59.0,59.333333333333336,6596.0,3527.5,4.8931,2.6169,2858.12,2463.485,219.0,129.0,6.0,3.0,3.0,1.5,9.0,4.5,228.0,133.5,847.0,,59.460997581481934,59.631746768951416,,,0.0,0.0,,,False,-1.4890226323058364,bad,927.0,-5.0,-0.041666666666666075,False,True,False,20
p09,4.0,4.0,5,8.0,4.0,3.0,2.0,2019-11-22 09:19:22.862,2019-11-22,9.316666666666666,False,2019-11-22,False,1,0,4,102,1361.0,1009.0,779.0,True,False,7.833333333333333,6.783333333333332,90.0,92.0,6.108333333333333,6.536111111111111,9.291666666666666,8.502777777777778,9.183333333333334,7.966666666666666,58.0,58.66666666666666,4687.0,3914.0,3.5055000000000005,2.9131000000000005,2587.29,2504.7533333333336,133.0,130.33333333333334,5.0,3.6666666666666665,5.0,2.6666666666666665,10.0,6.333333333333333,143.0,136.66666666666666,779.0,813.0,58.23873805999756,59.16741053263346,,,0.0,0.0,,,False,0.5697769297241535,good,-1017.0,0.0,0.33333333333333304,False,True,False,21
p09,3.0,3.0,5,8.0,3.0,3.0,2.0,2019-11-23 21:15:40.846,2019-11-23,21.25,False,2019-11-23,False,1,0,5,102,1354.0,1000.0,596.0,True,False,8.216666666666667,7.85,93.0,92.33333333333331,7.983333333333333,6.8694444444444445,11.675,10.03888888888889,9.683333333333334,9.166666666666666,58.0,58.333333333333336,8587.0,6623.333333333333,6.355600000000001,4.918066666666667,3420.39,2955.2666666666664,245.0,199.0,33.0,14.666666666666666,15.0,7.666666666666667,48.0,22.33333333333333,293.0,221.33333333333331,596.0,740.6666666666666,58.064971923828125,58.58823585510254,,,0.0,0.0,,,False,-0.46447912782498685,neutral,2918.0,38.0,0.6083333333333334,False,False,False,22
p09,1.0,1.0,4,5.0,2.0,3.0,1.0,2019-11-25 09:43:23.517,2019-11-25,9.716666666666669,False,2019-11-25,False,1,0,0,102,1412.0,1054.0,879.0,True,False,5.25,7.044444444444444,97.0,94.33333333333331,8.941666666666666,8.972222222222223,8.991666666666667,11.208333333333334,6.05,8.233333333333333,59.0,58.66666666666666,354.0,4062.0,0.2632,3.0130000000000003,2084.1,2651.2066666666665,23.0,111.66666666666669,0.0,11.666666666666666,0.0,9.666666666666666,0.0,21.33333333333333,23.0,133.0,879.0,750.3333333333334,59.90634059906006,59.185879389444985,,,0.0,10.527777777777777,,,False,-2.997470370748254,bad,-5315.0,-13.0,-2.4416666666666664,True,False,False,24
p09,3.0,4.0,6,8.0,3.0,3.0,2.0,2019-11-27 09:02:06.866,2019-11-27,9.033333333333331,False,2019-11-27,False,1,0,2,102,1388.0,1032.0,816.0,True,False,8.45,6.866666666666667,96.0,94.33333333333331,5.216666666666667,7.444444444444445,9.041666666666666,9.452777777777778,9.816666666666666,8.005555555555556,61.0,59.66666666666666,4027.0,2748.6666666666665,3.0009,2.041066666666667,2554.7000000000003,2401.8,135.0,94.33333333333331,0.0,2.333333333333333,0.0,0.6666666666666666,0.0,3.0,135.0,97.33333333333331,816.0,879.3333333333334,61.38797092437744,60.27117919921875,,,0.0,0.0,,,False,0.09558524883087559,neutral,-1463.5,-10.0,0.8666666666666654,False,True,False,26
p09,4.0,5.0,6,6.0,3.0,3.0,4.0,2019-11-28 09:00:36.774,2019-11-28,9.0,False,2019-11-28,False,1,0,3,102,1392.0,1036.0,697.0,True,False,6.333333333333333,7.227777777777777,91.0,92.33333333333331,5.783333333333333,6.391666666666667,7.575,8.980555555555556,7.783333333333333,8.583333333333334,62.0,60.66666666666666,5725.0,4539.0,4.2103,3.3567666666666667,2728.34,2616.546666666667,143.0,134.33333333333334,9.0,5.333333333333333,2.0,1.3333333333333333,11.0,6.666666666666667,154.0,141.0,697.0,818.6666666666666,62.44016361236572,61.11578687032064,,,0.0,0.0,,,False,2.0587995620299897,good,378.0,1.0,-1.333333333333334,False,True,False,27
p09,3.0,3.0,6,8.0,4.0,3.0,2.0,2019-11-29 10:23:12.701,2019-11-29,10.383333333333333,False,2019-11-29,False,1,0,4,102,1298.0,951.0,791.0,True,False,8.166666666666666,7.649999999999999,95.0,94.0,5.3,5.433333333333333,9.2,8.605555555555554,9.9,9.166666666666666,62.0,61.66666666666666,5065.0,4939.0,3.773800000000001,3.661666666666667,2762.4500000000003,2681.8300000000004,172.0,150.0,10.0,6.333333333333333,0.0,0.6666666666666666,10.0,7.0,182.0,157.0,791.0,768.0,62.01761722564697,61.94858392079672,,,0.0,0.0,,,False,-0.46447912782498685,neutral,-425.5,0.0,0.5833333333333321,False,True,False,28
p09,2.0,3.0,5,6.0,3.0,3.0,2.0,2019-11-30 10:09:07.510,2019-11-30,10.15,False,2019-11-30,False,1,0,5,102,1384.0,1028.0,515.0,True,False,6.566666666666666,7.022222222222222,98.0,94.66666666666669,7.766666666666667,6.283333333333334,9.416666666666666,8.730555555555556,7.65,8.444444444444445,60.0,61.333333333333336,13118.0,7969.333333333333,9.782,5.922033333333334,3589.42,3026.736666666667,249.0,188.0,42.0,20.33333333333333,40.0,14.0,82.0,34.333333333333336,331.0,222.33333333333331,515.0,667.6666666666666,60.75216579437256,61.73664887746176,,,32.43333333333333,10.81111111111111,,,False,-0.9386708087182648,bad,7771.0,72.0,-1.125,False,False,False,29
p09,3.0,3.0,5,10.0,3.0,3.0,3.0,2019-12-01 18:25:16.642,2019-12-01,18.416666666666668,False,2019-12-01,False,1,0,6,102,1344.0,990.0,687.0,False,False,,7.366666666666666,,96.5,,6.533333333333333,,9.308333333333334,,8.775,,61.0,11517.0,9900.0,8.7077,7.421166666666667,3442.57,3264.813333333333,223.0,214.66666666666663,25.0,25.666666666666668,46.0,28.666666666666668,71.0,54.333333333333336,294.0,269.0,687.0,664.3333333333334,61.04644966125488,61.272077560424805,,,0.0,10.81111111111111,,,False,0.0,neutral,6026.5,61.0,,True,False,False,30
p09,3.0,4.0,5,6.0,3.0,3.0,2.0,2019-12-02 09:52:04.786,2019-12-02,9.866666666666667,False,2019-12-02,False,1,0,0,102,774.0,612.0,1349.0,True,False,6.433333333333334,6.5,97.0,97.5,7.116666666666666,7.441666666666666,9.116666666666667,9.266666666666666,8.0,7.825,60.0,60.0,,12317.5,,9.24485,,3515.995,,236.0,,33.5,,43.0,,76.5,,312.5,,601.0,,60.89930772781372,,,20.48333333333333,17.63888888888889,,,True,0.09558524883087559,neutral,,,-1.2583333333333329,True,False,False,31
p09,3.0,3.0,6,5.0,3.0,3.0,2.0,2019-12-03 09:50:08.052,2019-12-03,9.833333333333334,False,2019-12-03,False,1,0,1,102,1351.0,1001.0,774.0,True,False,5.3,5.866666666666667,95.0,96.0,6.683333333333334,6.9,7.216666666666667,8.166666666666668,6.533333333333333,7.266666666666667,60.0,60.0,6806.0,9161.5,5.0629,6.885300000000001,2698.09,3070.33,176.0,199.5,2.0,13.5,8.0,27.0,10.0,40.5,186.0,240.0,774.0,730.5,60.552223205566406,60.799336433410645,,,17.066666666666666,12.516666666666666,,,False,-0.46447912782498685,neutral,1315.5,0.0,-2.3916666666666666,False,True,False,32
p09,3.0,2.0,6,6.0,3.0,2.0,1.0,2019-12-04 09:50:42.476,2019-12-04,9.833333333333334,False,2019-12-04,False,1,0,2,102,1333.0,980.0,870.0,True,False,6.05,5.927777777777777,91.0,94.33333333333331,6.866666666666666,6.888888888888889,8.008333333333333,8.113888888888889,7.133333333333334,7.222222222222222,59.0,59.66666666666666,9594.0,8200.0,8.607800000000001,6.83535,3163.17,2930.63,100.0,138.0,25.0,13.5,53.0,30.5,78.0,44.0,178.0,182.0,870.0,822.0,59.33642673492432,59.94432497024536,180.0,,38.3,25.28333333333333,38.3,,False,-1.4890226323058364,bad,3960.0,68.0,-1.6416666666666666,False,True,False,33
p09,5.0,3.0,5,10.0,4.0,2.0,1.0,2019-12-05 07:34:30.152,2019-12-05,7.566666666666666,False,2019-12-05,False,1,0,3,102,1381.0,1026.0,882.0,True,False,9.816666666666666,7.055555555555556,90.0,92.0,1.9083333333333332,5.152777777777778,7.541666666666667,7.588888888888889,11.633333333333333,8.433333333333332,60.0,59.66666666666666,4644.0,7014.666666666667,3.4630000000000005,5.711233333333333,2562.48,2807.9133333333334,130.0,135.33333333333334,0.0,9.0,0.0,20.33333333333333,0.0,29.33333333333333,130.0,164.66666666666666,882.0,842.0,60.246832847595215,60.04516092936198,0.0,90.0,0.0,18.455555555555552,0.0,19.15,False,0.019425106136581896,neutral,-990.0,-10.0,2.2333333333333325,False,True,False,34
p09,2.0,2.0,4,4.0,3.0,3.0,1.0,2019-12-06 08:08:01.807,2019-12-06,8.133333333333333,False,2019-12-06,False,1,0,4,102,1154.0,797.0,493.0,True,False,4.0,6.622222222222223,88.0,89.66666666666667,5.25,4.675,4.341666666666667,6.630555555555556,5.083333333333333,7.949999999999999,60.0,59.66666666666666,7357.0,7198.333333333333,5.4774,5.8494,3033.4,2919.683333333333,210.0,146.66666666666666,26.0,17.0,13.0,22.0,39.0,39.0,249.0,185.66666666666663,,876.0,60.24432849884033,59.942529360453285,0.0,60.0,0.0,12.766666666666666,0.0,12.766666666666666,False,-1.9632143131991138,bad,2010.0,29.0,-3.6916666666666664,False,True,False,35
p09,5.0,5.0,7,8.0,4.0,3.0,4.0,2019-12-07 13:22:26.215,2019-12-07,13.366666666666667,False,2019-12-07,False,1,0,5,102,1128.0,804.0,993.0,True,False,11.183333333333334,8.333333333333334,90.0,89.33333333333333,7.35,4.836111111111111,13.783333333333331,8.555555555555555,12.433333333333334,9.716666666666669,60.0,60.0,5747.0,5916.0,4.1770000000000005,4.372466666666667,2565.76,2720.5466666666666,121.0,153.66666666666666,11.0,12.333333333333334,10.0,7.666666666666667,21.0,20.0,142.0,173.66666666666666,,,60.75494956970215,60.415370305379234,0.0,0.0,0.0,0.0,0.0,0.0,False,2.5329912429232677,good,400.0,10.0,3.5999999999999996,False,False,False,36
p09,4.0,4.0,6,8.0,3.0,3.0,4.0,2019-12-08 12:16:24.684,2019-12-08,12.266666666666667,False,2019-12-08,False,1,0,6,102,1386.0,1031.0,505.0,True,False,8.016666666666667,7.733333333333334,87.0,88.33333333333333,8.075,6.891666666666666,11.908333333333331,10.011111111111113,9.833333333333334,9.116666666666664,61.0,60.333333333333336,8886.0,7330.0,6.5924000000000005,5.4156,2881.7000000000003,2826.9533333333334,130.0,153.66666666666666,34.0,23.666666666666668,25.0,16.0,59.0,39.66666666666666,189.0,193.33333333333331,505.0,,61.55958080291748,60.85295295715332,0.0,0.0,0.0,0.0,0.0,0.0,False,1.498735185374127,good,3252.0,43.0,0.43333333333333357,True,False,False,37
p09,2.0,3.0,5,7.0,2.0,3.0,3.0,2019-12-09 10:28:42.436,2019-12-09,10.466666666666669,False,2019-12-09,False,1,0,0,102,1347.0,994.0,653.0,True,False,7.066666666666666,8.755555555555555,88.0,88.33333333333333,7.233333333333333,7.552777777777777,10.475,12.055555555555555,9.233333333333333,10.5,63.0,61.333333333333336,5117.0,6583.333333333333,3.7591,4.842833333333334,3033.09,2826.8500000000004,155.0,135.33333333333334,18.0,21.0,24.0,19.666666666666668,42.0,40.66666666666666,197.0,176.0,653.0,579.0,63.16749954223633,61.82734330495199,0.0,0.0,0.0,0.0,0.0,0.0,False,-0.4741916808932778,neutral,-517.0,26.0,-0.6000000000000005,True,False,False,38
p09,4.0,3.0,5,10.0,3.0,3.0,4.0,2019-12-10 14:45:04.924,2019-12-10,14.75,False,2019-12-10,False,1,0,1,102,1379.0,1024.0,760.0,True,False,10.6,8.56111111111111,96.0,90.33333333333331,8.291666666666666,7.866666666666666,14.775,12.386111111111113,12.483333333333333,10.516666666666666,64.0,62.66666666666666,4124.0,6042.333333333333,3.0580000000000003,4.469833333333334,2510.39,2808.393333333333,126.0,137.0,0.0,17.333333333333332,0.0,16.333333333333332,0.0,33.666666666666664,126.0,170.66666666666666,760.0,639.3333333333334,64.06773567199707,62.93160533905029,0.0,0.0,0.0,0.0,0.0,0.0,False,0.9386708087182648,good,-1510.0,-16.0,3.0999999999999996,False,True,False,39
p09,3.0,3.0,5,7.0,3.0,3.0,3.0,2019-12-11 12:04:48.333,2019-12-11,12.066666666666666,False,2019-12-11,False,1,0,2,102,1227.0,886.0,567.0,True,False,6.8,8.155555555555555,90.0,91.33333333333331,7.65,7.725,10.216666666666669,11.822222222222225,8.566666666666666,10.094444444444443,62.0,63.0,4132.0,4457.666666666667,3.0917000000000003,3.3029333333333337,2549.26,2697.58,96.0,125.66666666666669,17.0,11.666666666666666,11.0,11.666666666666666,28.0,23.33333333333333,124.0,149.0,567.0,660.0,62.91209602355957,63.38244374593099,0.0,0.0,0.0,0.0,0.0,0.0,False,0.0,neutral,-1358.5,14.5,-0.8666666666666671,False,True,False,40
p09,3.0,3.0,6,8.0,3.0,3.0,3.0,2019-12-12 13:38:39.710,2019-12-12,13.633333333333333,False,2019-12-12,False,1,0,3,102,1284.0,925.0,876.0,True,False,8.866666666666667,8.755555555555555,94.0,93.33333333333331,7.6,7.847222222222221,12.241666666666667,12.411111111111111,10.633333333333333,10.56111111111111,63.0,63.0,888.0,3048.0,0.6592,2.2696333333333336,2104.02,2387.89,50.0,90.66666666666669,0.0,5.666666666666667,0.0,3.6666666666666665,0.0,9.333333333333334,50.0,100.0,876.0,734.3333333333334,63.317378997802734,63.432403564453125,0.0,0.0,0.0,0.0,0.0,0.0,False,0.0,neutral,-4344.0,-17.0,1.3666666666666671,False,True,False,41
p09,3.0,3.0,5,6.0,3.0,3.0,2.0,2019-12-13 10:35:38.523,2019-12-13,10.583333333333334,False,2019-12-13,False,1,0,4,102,1386.0,1026.0,656.0,True,False,5.883333333333334,7.183333333333334,90.0,91.33333333333331,8.2,7.816666666666666,9.216666666666669,10.558333333333335,7.016666666666667,8.738888888888889,60.0,61.66666666666666,3619.0,2879.6666666666665,2.6967000000000003,2.1492,2603.81,2419.03,138.0,94.66666666666669,6.0,7.666666666666667,2.0,4.333333333333333,8.0,12.0,146.0,106.66666666666669,656.0,699.6666666666666,60.98037052154541,62.4032818476359,0.0,0.0,0.0,0.0,0.0,0.0,False,-0.46447912782498685,neutral,-1613.0,-5.5,-1.7833333333333332,False,True,False,42
p09,2.0,4.0,3,5.0,3.0,3.0,2.0,2019-12-14 10:35:12.687,2019-12-14,10.583333333333334,False,2019-12-14,False,1,0,5,102,1298.0,941.0,744.0,True,False,5.316666666666666,6.688888888888889,90.0,91.33333333333331,10.416666666666666,8.738888888888889,10.575,10.677777777777775,6.15,7.933333333333334,60.0,61.0,10448.0,4985.0,7.719900000000001,3.6919333333333335,3322.08,2676.6366666666668,218.0,135.33333333333334,24.0,10.0,33.0,11.666666666666666,57.0,21.666666666666668,275.0,157.0,744.0,758.6666666666666,60.15448570251465,61.4840784072876,0.0,0.0,0.0,0.0,0.0,0.0,False,-0.3786064320624022,neutral,5357.0,43.5,-2.1833333333333336,False,False,False,43
p09,3.0,4.0,4,8.0,4.0,3.0,4.0,2019-12-15 13:03:43.107,2019-12-15,13.05,False,2019-12-15,False,1,0,6,102,1397.0,1040.0,757.0,True,False,8.45,6.55,96.0,92.0,8.433333333333334,9.016666666666667,11.833333333333334,10.541666666666666,9.4,7.522222222222222,63.0,61.0,10388.0,8151.666666666667,7.999600000000001,6.138733333333335,3532.07,3152.653333333333,276.0,210.66666666666663,19.0,16.333333333333332,19.0,18.0,38.0,34.333333333333336,314.0,245.0,757.0,719.0,63.107351303100586,61.414069175720215,0.0,0.0,0.0,0.0,0.0,0.0,False,1.0245435044808493,good,5297.0,24.5,1.083333333333333,True,False,False,44
p09,3.0,3.0,5,6.0,3.0,3.0,2.0,2019-12-17 10:04:34.579,2019-12-17,10.066666666666666,False,2019-12-17,False,1,0,1,102,1083.0,727.0,697.0,True,False,5.883333333333334,7.872222222222223,92.0,93.0,8.158333333333333,7.841666666666666,9.075,10.908333333333331,6.916666666666667,9.066666666666668,63.0,63.333333333333336,4854.0,8646.333333333334,3.661200000000001,6.4926,2354.2000000000003,3020.6966666666667,69.0,182.66666666666663,13.0,17.666666666666668,8.0,19.666666666666668,21.0,37.333333333333336,90.0,220.0,,688.5,63.22485542297363,63.66070111592611,0.0,0.0,17.066666666666666,18.48888888888889,0.0,0.0,False,-0.46447912782498685,neutral,-567.0,7.5,-1.6166666666666663,False,True,False,46
p09,3.0,3.0,5,4.0,2.0,3.0,3.0,2019-12-18 10:58:06.928,2019-12-18,10.966666666666669,False,2019-12-18,False,1,0,2,102,1411.0,1053.0,826.0,True,False,4.383333333333334,6.516666666666667,94.0,92.33333333333331,7.266666666666667,7.452777777777778,6.566666666666666,9.152777777777777,5.3,7.7,61.0,62.66666666666666,5826.0,7125.666666666667,4.2961,5.2581,2854.03,2794.683333333334,185.0,152.33333333333334,11.0,15.0,3.0,14.333333333333334,14.0,29.33333333333333,199.0,181.66666666666663,826.0,723.0,61.939005851745605,63.27125263214111,0.0,0.0,0.0,18.48888888888889,0.0,0.0,False,0.0,neutral,709.0,-2.0,-2.6833333333333327,False,True,False,47
p09,4.0,4.0,7,8.0,5.0,4.0,2.0,2019-12-19 11:42:52.397,2019-12-19,11.7,False,2019-12-19,False,1,0,3,102,1348.0,995.0,863.0,True,False,8.15,6.138888888888889,99.0,95.0,7.25,7.558333333333333,10.275,8.63888888888889,9.016666666666667,7.077777777777778,63.0,62.333333333333336,10409.0,7029.666666666667,7.710800000000001,5.222700000000001,3135.0,2781.0766666666677,232.0,162.0,16.0,13.333333333333334,11.0,7.333333333333333,27.0,20.666666666666668,259.0,182.66666666666663,863.0,844.5,63.73233699798584,62.965399424235024,0.0,0.0,17.066666666666666,11.377777777777778,0.0,0.0,False,0.5697769297241535,good,4684.0,11.0,1.083333333333334,False,True,False,48
p09,3.0,4.0,5,5.0,3.0,3.0,3.0,2019-12-21 13:29:52.908,2019-12-21,13.483333333333333,False,2019-12-21,False,1,0,5,102,1392.0,1034.0,936.0,True,False,5.35,6.266666666666666,97.0,97.66666666666669,11.575,10.408333333333331,11.533333333333331,11.391666666666666,5.95,6.977777777777779,64.0,63.333333333333336,4436.0,6708.333333333333,3.3642000000000003,5.132166666666667,2510.65,2735.3700000000003,146.0,160.66666666666666,0.0,6.0,0.0,8.0,0.0,14.0,146.0,174.66666666666666,936.0,859.6666666666666,64.77288055419922,64.09661865234375,0.0,0.0,0.0,5.688888888888889,0.0,0.0,False,0.5600643766558624,good,-1289.0,-21.0,-1.5500000000000007,False,False,False,50
p09,2.0,4.0,4,6.0,3.0,3.0,4.0,2019-12-22 11:50:25.959,2019-12-22,11.833333333333334,False,2019-12-22,False,1,0,6,102,1297.0,943.0,873.0,True,False,5.833333333333333,5.4944444444444445,93.0,95.66666666666669,9.583333333333334,11.18611111111111,10.341666666666669,11.41388888888889,6.75,6.222222222222221,64.0,63.66666666666666,8430.0,6048.666666666667,6.1865000000000006,4.624066666666667,2987.86,2686.3233333333333,130.0,126.66666666666669,33.0,11.666666666666666,47.0,20.0,80.0,31.666666666666668,210.0,158.33333333333334,873.0,863.0,64.15539741516113,64.23763879140218,0.0,0.0,34.13333333333333,11.377777777777778,0.0,0.0,False,0.5503518235875715,good,3150.0,64.0,-0.9666666666666668,True,False,False,51
p09,2.0,3.0,4,5.0,3.0,3.0,2.0,2019-12-23 13:35:50.508,2019-12-23,13.583333333333334,False,2019-12-23,False,1,0,0,102,1400.0,1040.0,825.0,True,False,5.416666666666667,5.533333333333334,100.0,96.66666666666669,11.5,10.886111111111113,11.5,11.125,6.0,6.233333333333333,,64.0,6022.0,6296.0,4.4679,4.672866666666667,2919.9700000000003,2806.16,177.0,151.0,14.0,15.666666666666666,19.0,22.0,33.0,37.66666666666666,210.0,188.66666666666663,825.0,878.0,65.60192489624023,64.8434009552002,0.0,0.0,17.066666666666666,17.066666666666666,0.0,0.0,False,-0.9386708087182648,bad,297.0,12.0,-1.1499999999999995,True,False,False,52
p09,3.0,4.0,4,6.0,3.0,3.0,4.0,2019-12-25 12:19:19.495,2019-12-25,12.316666666666666,False,2019-12-25,False,1,0,2,102,1396.0,1039.0,301.0,True,False,6.266666666666667,8.466666666666667,96.0,97.33333333333331,10.383333333333333,8.272222222222222,11.566666666666666,11.963888888888889,7.183333333333334,9.688888888888888,65.0,65.0,5233.0,5627.5,3.864500000000001,4.1662,2858.17,2889.07,147.0,162.0,25.0,19.5,14.0,16.5,39.0,36.0,186.0,198.0,301.0,563.0,65.00172424316406,65.30182456970215,0.0,0.0,0.0,33.85,0.0,0.0,False,1.0245435044808493,good,-553.5,15.0,-0.2999999999999998,False,True,False,54
p09,3.0,4.0,4,10.0,3.0,3.0,3.0,2019-12-26 19:25:45.973,2019-12-26,19.416666666666668,False,2019-12-26,False,1,0,3,102,1424.0,1070.0,777.0,True,False,10.583333333333334,10.18888888888889,95.0,95.66666666666669,5.025,6.113888888888888,11.025,11.805555555555555,12.0,11.688888888888888,64.0,64.66666666666667,4785.0,5009.0,3.5638,3.71415,2810.9700000000003,2834.57,221.0,184.0,4.0,14.5,7.0,10.5,11.0,25.0,232.0,209.0,777.0,539.0,64.21001148223877,64.60586786270142,0.0,0.0,0.0,28.16111111111111,0.0,0.0,False,0.5600643766558624,good,-1001.5,-16.5,4.15,False,True,False,55
p09,3.0,4.0,4,7.0,3.0,3.0,4.0,2019-12-27 12:43:21.802,2019-12-27,12.716666666666669,False,2019-12-27,False,1,0,4,102,1375.0,1015.0,480.0,True,False,7.683333333333334,8.177777777777777,88.0,93.0,8.708333333333334,8.03888888888889,11.825,11.472222222222223,9.116666666666667,9.433333333333334,63.0,64.0,5679.0,5232.333333333333,4.230300000000001,3.8862,3028.4300000000003,2899.19,218.0,195.33333333333331,14.0,14.333333333333334,8.0,9.666666666666666,22.0,24.0,240.0,219.33333333333331,480.0,519.3333333333334,63.37221431732178,64.19465001424153,0.0,0.0,0.0,0.0,0.0,0.0,False,1.0245435044808493,good,-107.5,-5.5,1.1166666666666671,False,True,False,56
p09,2.0,4.0,4,10.0,3.0,3.0,2.0,2019-12-28 16:18:16.580,2019-12-28,16.3,False,2019-12-28,False,1,0,5,102,1395.0,1039.0,736.0,True,False,10.1,9.455555555555556,92.0,91.66666666666669,6.766666666666667,6.833333333333333,12.4,11.75,11.633333333333333,10.916666666666666,65.0,64.0,3147.0,4537.0,2.3446,3.3795666666666677,2663.28,2834.226666666667,151.0,196.66666666666663,5.0,7.666666666666667,1.0,5.333333333333333,6.0,13.0,157.0,209.66666666666663,736.0,664.3333333333334,65.55363082885742,64.37861887613933,0.0,0.0,0.0,0.0,0.0,0.0,False,-0.3786064320624022,neutral,-2639.5,-21.5,3.533333333333333,False,False,False,57
p09,3.0,3.0,4,8.0,3.0,3.0,3.0,2019-12-29 18:34:10.172,2019-12-29,18.566666666666663,False,2019-12-29,False,1,0,6,102,1395.0,1035.0,601.0,True,False,7.916666666666667,8.566666666666666,96.0,92.0,11.125,8.866666666666667,14.575,12.933333333333332,9.45,10.066666666666666,64.0,64.0,5371.0,4732.333333333333,4.0267,3.533866666666667,2632.1800000000003,2774.630000000001,113.0,160.66666666666666,11.0,10.0,17.0,8.666666666666666,28.0,18.666666666666668,141.0,179.33333333333334,601.0,605.6666666666666,64.24898624420166,64.39161046346028,0.0,0.0,0.0,0.0,0.0,0.0,False,0.0,neutral,-342.0,3.5,1.1166666666666671,True,False,False,58
p09,3.0,3.0,5,10.0,3.0,3.0,3.0,2019-12-30 14:08:29.503,2019-12-30,14.133333333333333,False,2019-12-30,False,1,0,0,102,1358.0,999.0,789.0,True,False,11.383333333333333,9.8,90.0,92.66666666666669,7.283333333333333,8.391666666666666,14.025,13.666666666666666,12.733333333333333,11.27222222222222,,64.5,2271.0,3596.333333333333,1.6835000000000002,2.6849333333333334,2358.11,2551.1900000000005,84.0,116.0,0.0,5.333333333333333,0.0,6.0,0.0,11.333333333333334,84.0,127.33333333333331,789.0,708.6666666666666,65.12080383300781,64.97447363535564,0.0,0.0,0.0,0.0,0.0,0.0,False,0.0,neutral,-3254.0,-24.5,4.449999999999999,True,False,False,59
p09,3.0,3.0,5,8.0,3.0,3.0,3.0,2019-12-31 14:09:22.798,2019-12-31,14.15,False,2019-12-31,False,1,0,1,102,1203.0,845.0,473.0,False,False,,9.65,,93.0,,9.204166666666666,,14.3,,11.091666666666663,,,8260.0,5300.666666666667,6.1614,3.9572,2873.67,2621.32,192.0,129.66666666666666,4.0,5.0,7.0,8.0,11.0,13.0,203.0,142.66666666666666,473.0,621.0,64.06624412536621,64.47867806752522,0.0,0.0,0.0,0.0,0.0,0.0,False,0.0,neutral,2889.0,-11.0,,False,True,False,60
p09,4.0,4.0,4,9.0,3.0,3.0,3.0,2020-01-01 16:49:07.751,2020-01-01,16.816666666666666,False,2020-01-01,False,1,0,2,102,601.0,601.0,1261.0,True,False,6.333333333333333,8.858333333333333,88.0,89.0,9.691666666666666,8.4875,11.158333333333331,12.591666666666669,7.466666666666667,10.1,64.0,,,5265.5,,3.92245,,2615.8900000000003,,138.0,,2.0,,3.5,,5.5,,143.5,,631.0,,64.59352397918701,0.0,0.0,23.05,7.683333333333334,0.0,0.0,True,1.0342560575491402,good,,,-1.3500000000000005,False,True,False,61
p09,3.0,3.0,4,7.0,3.0,3.0,3.0,2020-01-03 16:36:50.014,2020-01-03,16.6,False,2020-01-03,False,1,0,4,102,260.0,260.0,1430.0,True,False,6.883333333333334,6.608333333333333,89.0,88.5,11.158333333333331,10.425,13.575,12.366666666666667,8.416666666666666,7.941666666666666,68.0,66.0,,,,,,,,,,,,,,,,,,,,,0.0,0.0,0.0,7.683333333333334,0.0,0.0,True,0.0,neutral,,,-0.49166666666666625,False,True,False,63
p09,3.0,3.0,5,6.0,2.0,3.0,2.0,2020-01-07 07:03:37.093,2020-01-07,7.05,False,2020-01-07,False,1,0,1,102,1003.0,647.0,818.0,True,False,5.766666666666667,7.26111111111111,93.0,93.33333333333331,5.025,8.338888888888889,6.083333333333333,10.911111111111111,7.05,8.566666666666665,65.0,65.0,,7626.5,,5.683050000000001,,2942.08,,245.0,,10.5,,11.0,,21.5,,266.5,,733.5,,65.22289705276489,0.0,0.0,0.0,9.672222222222222,0.0,0.0,True,-0.46447912782498685,neutral,,,-1.5166666666666666,False,True,False,67
p09,3.0,3.0,5,7.0,3.0,2.0,2.0,2020-01-08 14:15:26.814,2020-01-08,14.25,False,2020-01-08,False,1,0,2,102,1169.0,834.0,787.0,True,False,7.583333333333333,7.1000000000000005,96.0,94.33333333333331,9.716666666666669,8.450000000000001,12.225,10.780555555555557,8.5,8.322222222222223,64.0,64.66666666666667,11237.0,8895.5,8.424100000000001,6.654350000000001,3449.15,3175.6000000000004,151.0,185.0,26.0,19.0,53.0,37.5,79.0,56.5,230.0,241.5,,,64.36949729919434,64.77338027954102,360.0,120.0,35.13333333333333,21.383333333333336,35.13333333333333,11.71111111111111,False,-0.46447912782498685,neutral,5558.0,58.0,0.7416666666666663,False,True,False,68
p09,3.0,4.0,4,8.0,3.0,3.0,3.0,2020-01-10 17:13:26.661,2020-01-10,17.216666666666665,False,2020-01-10,False,1,0,4,102,1001.0,645.0,835.0,True,False,7.816666666666666,7.066666666666666,87.0,90.0,11.175,9.919444444444444,14.666666666666666,12.327777777777778,9.483333333333333,8.4,64.0,64.0,,10981.0,,8.21105,,3313.365,,175.0,,26.5,,42.5,,69.0,,244.0,,,,64.26033401489258,0.0,120.0,0.0,23.377777777777776,0.0,11.71111111111111,True,0.5600643766558624,good,,,1.208333333333333,False,True,False,70
p09,4.0,5.0,5,6.0,3.0,3.0,4.0,2020-01-11 09:09:10.583,2020-01-11,9.15,False,2020-01-11,False,1,0,5,102,1426.0,1072.0,615.0,True,False,5.866666666666666,6.4944444444444445,91.0,88.33333333333333,6.808333333333334,8.950000000000001,7.858333333333333,10.872222222222222,7.05,7.916666666666667,65.0,64.33333333333333,7009.0,8867.0,5.133900000000001,6.565950000000001,2986.03,3081.8050000000003,238.0,218.5,13.0,20.0,5.0,18.5,18.0,38.5,256.0,257.0,615.0,643.5,65.48686790466309,64.81901931762695,0.0,0.0,0.0,11.666666666666666,0.0,0.0,False,2.0587995620299897,good,1085.0,-6.5,-1.3666666666666671,False,False,False,71
p09,2.0,4.0,4,5.0,2.0,2.0,3.0,2020-01-12 11:09:43.023,2020-01-12,11.15,False,2020-01-12,False,1,0,6,102,1411.0,1051.0,450.0,True,False,5.716666666666667,6.466666666666666,88.0,88.66666666666667,9.866666666666667,9.283333333333331,10.408333333333331,10.977777777777776,6.533333333333333,7.688888888888887,67.0,65.33333333333333,13537.0,10273.0,10.0218,7.577850000000001,4794.1,3890.065000000001,405.0,321.5,82.0,47.5,80.0,42.5,162.0,90.0,567.0,411.5,450.0,532.5,67.72065830230713,66.60376310348511,720.0,240.0,16.2,5.4,0.0,0.0,False,0.08587269576258465,neutral,7613.0,140.5,-1.5166666666666666,True,False,False,72
p09,4.0,3.0,5,12.0,3.0,2.0,3.0,2020-01-13 14:04:31.530,2020-01-13,14.066666666666666,False,2020-01-13,False,1,0,0,102,1403.0,1043.0,671.0,True,False,11.633333333333333,7.73888888888889,96.0,91.66666666666669,6.191666666666666,7.622222222222223,13.433333333333334,10.566666666666668,13.233333333333333,8.938888888888888,69.0,67.0,10405.0,10317.0,7.6888,7.614833333333333,3579.73,3786.62,303.0,315.3333333333333,56.0,50.333333333333336,18.0,34.333333333333336,74.0,84.66666666666667,377.0,400.0,671.0,578.6666666666666,69.41154670715332,67.53969097137451,,360.0,0.0,5.4,0.0,0.0,False,0.4741916808932778,neutral,4481.0,52.5,5.0249999999999995,True,False,False,73
p09,3.0,3.0,4,6.0,3.0,3.0,3.0,2020-01-14 14:22:48.475,2020-01-14,14.366666666666667,False,2020-01-14,False,1,0,1,102,1252.0,892.0,539.0,True,False,6.333333333333333,7.894444444444443,89.0,91.0,10.625,8.894444444444444,12.008333333333333,11.95,7.383333333333334,9.05,66.0,67.33333333333333,2873.0,8938.333333333334,2.1401000000000003,6.616900000000001,2323.81,3565.88,94.0,267.3333333333333,12.0,50.0,1.0,33.0,13.0,83.0,107.0,350.3333333333333,539.0,553.3333333333334,66.45062828063965,67.86094443003337,,,0.0,5.4,0.0,0.0,False,0.0,neutral,-3051.0,-8.5,-0.27500000000000036,False,True,False,74
p09,2.0,3.0,4,6.0,3.0,3.0,2.0,2020-01-15 09:00:40.113,2020-01-15,9.0,False,2020-01-15,False,1,0,2,102,750.0,596.0,968.0,True,False,5.85,7.938888888888889,93.0,92.66666666666669,6.708333333333333,7.841666666666666,7.808333333333334,11.083333333333334,7.1,9.238888888888887,64.0,66.33333333333333,,6639.0,,4.91445,,2951.77,,198.5,,34.0,,9.5,,43.5,,242.0,,605.0,,67.93108749389648,,,0.0,0.0,0.0,0.0,True,-0.9386708087182648,bad,,,-0.7583333333333337,False,True,False,75
p09,3.0,3.0,4,7.0,3.0,3.0,2.0,2020-01-16 13:50:28.675,2020-01-16,13.833333333333334,False,2020-01-16,False,1,0,3,102,1411.0,1051.0,762.0,True,False,7.766666666666667,6.65,96.0,92.66666666666669,10.716666666666669,9.35,13.466666666666669,11.094444444444443,8.75,7.7444444444444445,64.0,64.66666666666667,8608.0,5740.5,6.359000000000001,4.249550000000001,3075.42,2699.615,239.0,166.5,7.0,9.5,6.0,3.5,13.0,13.0,252.0,179.5,762.0,650.5,64.3447790145874,65.39770364761353,,,0.0,0.0,0.0,0.0,False,-0.46447912782498685,neutral,2586.0,-9.0,1.1583333333333332,False,True,False,76
p09,2.0,3.0,5,5.0,2.0,3.0,2.0,2020-01-17 11:41:00.430,2020-01-17,11.683333333333334,False,2020-01-17,False,1,0,4,102,1226.0,868.0,795.0,True,False,5.266666666666667,6.294444444444444,90.0,93.0,8.825,8.749999999999998,9.7,10.325,6.866666666666666,7.572222222222223,63.0,63.66666666666666,4151.0,6379.5,3.0936000000000003,4.7263,2395.17,2735.295,101.0,170.0,12.0,9.5,7.0,6.5,19.0,16.0,120.0,186.0,795.0,778.5,63.30093479156494,63.82285690307617,,,0.0,0.0,0.0,0.0,False,-0.9386708087182648,bad,-1871.0,1.0,-1.3416666666666668,False,True,False,77
p09,4.0,4.0,5,8.0,3.0,3.0,2.0,2020-01-18 14:03:02.931,2020-01-18,14.05,False,2020-01-18,False,1,0,5,102,1371.0,1011.0,779.0,True,False,8.366666666666667,7.133333333333333,94.0,93.33333333333331,8.116666666666667,9.219444444444443,12.033333333333331,11.733333333333334,9.916666666666666,8.511111111111111,63.0,63.333333333333336,8330.0,7029.666666666667,6.2311000000000005,5.227900000000001,3118.35,2862.98,213.0,184.33333333333331,8.0,9.0,28.0,13.666666666666666,36.0,22.666666666666668,249.0,207.0,779.0,778.6666666666666,63.32112312316895,63.655612309773765,,,0.0,0.0,0.0,0.0,False,0.5697769297241535,good,2308.0,17.0,1.7583333333333337,False,False,False,78
p09,1.0,4.0,2,4.0,3.0,2.0,4.0,2020-01-19 10:49:42.227,2020-01-19,10.816666666666666,False,2020-01-19,False,1,0,6,102,1332.0,973.0,556.0,True,False,3.933333333333333,5.855555555555555,90.0,91.33333333333331,11.683333333333334,9.541666666666666,10.341666666666669,10.691666666666668,4.65,7.144444444444445,61.0,62.333333333333336,9195.0,7225.333333333333,6.8349,5.386533333333333,3163.3,2892.273333333333,273.0,195.66666666666663,15.0,11.666666666666666,1.0,12.0,16.0,23.666666666666668,289.0,219.33333333333331,556.0,710.0,61.96342182159424,62.86182657877604,,,25.6,8.533333333333333,0.0,0.0,False,0.07616014269429369,neutral,2641.0,-6.0,-3.3000000000000003,True,False,False,79
p09,5.0,4.0,6,11.0,4.0,3.0,3.0,2020-01-20 11:55:28.323,2020-01-20,11.916666666666666,False,2020-01-20,False,1,0,0,102,1389.0,1030.0,690.0,True,False,11.216666666666669,7.838888888888889,96.0,93.33333333333331,1.9583333333333333,7.252777777777777,9.233333333333333,10.536111111111111,13.266666666666667,9.27777777777778,64.0,62.66666666666666,30406.0,15977.0,22.6668,11.910933333333334,5012.11,3764.5866666666666,149.0,211.66666666666663,64.0,29.0,258.0,95.66666666666669,322.0,124.66666666666669,471.0,336.3333333333333,690.0,675.0,64.02488803863525,63.10314432779948,,,267.93333333333334,97.84444444444443,15.366666666666667,5.122222222222223,False,1.5084477384424178,good,23852.0,303.0,3.983333333333335,True,False,False,80
p09,4.0,3.0,5,11.0,3.0,3.0,2.0,2020-01-22 08:08:16.322,2020-01-22,8.133333333333333,False,2020-01-22,False,1,0,2,102,834.0,556.0,979.0,False,False,,7.316666666666666,,93.5,,5.195833333333334,,8.045833333333333,,8.841666666666667,,63.0,,15785.0,,11.766800000000002,,3553.64,,102.0,,32.0,,129.0,,161.0,,263.0,,,,63.15887308120728,,,0.0,89.31111111111112,0.0,5.122222222222223,True,0.009712553068290948,neutral,,,,False,True,False,82
p09,2.0,3.0,4,9.0,3.0,3.0,2.0,2020-01-23 13:33:12.177,2020-01-23,13.55,False,2020-01-23,False,1,0,3,102,942.0,942.0,1284.0,False,False,,,,,,,,,,,,,7203.0,4183.5,5.342700000000001,3.104750000000001,2722.64,2408.905,124.0,89.5,4.0,2.0,28.0,14.0,32.0,16.0,156.0,105.5,,,59.28556442260742,60.78921127319336,,,18.78333333333333,6.261111111111112,0.0,0.0,False,-0.9386708087182648,bad,194.0,14.0,,False,True,False,83
p09,2.0,4.0,4,4.0,3.0,3.0,4.0,2020-01-24 11:06:51.725,2020-01-24,11.1,False,2020-01-24,False,1,0,4,102,416.0,416.0,1324.0,True,False,4.616666666666666,,97.0,,8.816666666666666,,7.975,,5.15,,60.0,,,,,,,,,,,,,,,,,,,,,,,,17.066666666666666,11.95,0.0,0.0,True,0.5503518235875715,good,,,-2.616666666666667,False,True,False,84
p09,3.0,4.0,5,7.0,3.0,3.0,4.0,2020-01-25 13:41:58.581,2020-01-25,13.683333333333334,False,2020-01-25,False,1,0,5,102,1393.0,1033.0,900.0,True,False,7.183333333333334,5.9,94.0,95.5,8.033333333333333,8.425,10.15,9.0625,8.116666666666667,6.633333333333334,59.0,59.5,8010.0,7606.5,6.0739,5.7083,2981.76,2852.2,199.0,161.5,8.0,6.0,24.0,26.0,32.0,32.0,231.0,193.5,900.0,,59.53282260894776,59.40919351577759,,,0.0,11.95,0.0,0.0,False,1.0245435044808493,good,278.5,13.5,0.5750000000000002,False,False,False,85
p09,3.0,4.0,4,6.0,3.0,3.0,4.0,2020-01-26 17:08:34.486,2020-01-26,17.133333333333333,False,2020-01-26,False,1,0,6,102,1369.0,1012.0,691.0,True,False,6.516666666666667,6.105555555555555,93.0,94.66666666666669,8.858333333333333,8.569444444444445,10.575,9.566666666666668,7.716666666666667,6.9944444444444445,58.0,59.0,8447.0,8228.5,6.4884,6.28115,3109.23,3045.495,216.0,207.5,18.0,13.0,28.0,26.0,46.0,39.0,262.0,246.5,691.0,795.5,58.38112258911133,58.95697259902954,,,0.0,5.688888888888889,0.0,0.0,False,1.0245435044808493,good,312.0,22.5,-0.09166666666666679,True,False,False,86
p09,1.0,2.0,3,6.0,3.0,3.0,2.0,2020-01-27 12:10:20.041,2020-01-27,12.166666666666666,False,2020-01-27,False,1,0,0,102,1423.0,1066.0,717.0,True,False,6.15,6.616666666666667,96.0,94.33333333333331,9.316666666666666,8.736111111111109,10.491666666666667,10.405555555555557,7.166666666666667,7.666666666666667,57.0,58.0,11427.0,9294.666666666666,8.523200000000001,7.028500000000001,3256.69,3115.893333333333,187.0,200.66666666666663,13.0,13.0,60.0,37.333333333333336,73.0,50.333333333333336,260.0,251.0,717.0,769.3333333333334,57.509963035583496,58.47463607788086,,,80.21666666666667,26.73888888888889,0.0,0.0,False,-1.9729268662674049,bad,3132.0,47.5,-0.27499999999999947,True,False,False,87
p09,2.0,4.0,6,5.0,3.0,3.0,4.0,2020-02-01 10:53:01.899,2020-02-01,10.883333333333333,False,2020-02-01,False,1,0,5,102,1071.0,711.0,836.0,True,False,5.766666666666667,5.888888888888889,93.0,95.33333333333331,9.6,8.983333333333334,10.858333333333333,10.05277777777778,7.25,7.066666666666666,58.0,58.0,,6833.5,,5.0693,,2831.9,,185.5,,7.0,,10.0,,17.0,,202.5,,828.0,,58.61789989471436,,,0.0,0.0,0.0,0.0,True,0.5503518235875715,good,,,-0.6583333333333332,False,False,False,92
p09,2.0,3.0,5,6.0,3.0,3.0,4.0,2020-02-02 12:18:02.674,2020-02-02,12.3,False,2020-02-02,False,1,0,6,102,1388.0,1029.0,703.0,True,False,6.45,6.75,93.0,94.33333333333331,10.516666666666667,9.669444444444444,12.141666666666667,11.752777777777778,7.616666666666666,8.077777777777778,58.0,57.66666666666666,18884.0,14598.5,14.0441,10.85125,3648.69,3456.635,210.0,226.5,21.0,17.5,71.0,45.5,92.0,63.0,302.0,289.5,703.0,795.5,58.43317604064941,57.925392150878906,,,98.13333333333333,32.71111111111111,0.0,0.0,False,-0.009712553068290948,neutral,10437.0,58.0,0.025000000000000355,True,False,False,93
p09,2.0,3.0,5,6.0,3.0,3.0,3.0,2020-02-03 15:23:50.225,2020-02-03,15.383333333333333,False,2020-02-03,False,1,0,0,102,1181.0,825.0,704.0,True,False,6.783333333333333,6.333333333333333,99.0,95.0,9.375,9.830555555555556,11.141666666666667,11.380555555555556,7.766666666666667,7.544444444444444,59.0,58.333333333333336,11896.0,15390.0,8.7245,11.3843,3583.83,3616.26,147.0,178.5,27.0,24.0,105.0,88.0,132.0,112.0,279.0,290.5,,,59.86935806274414,59.15126705169678,,,29.016666666666666,42.38333333333333,29.016666666666666,9.672222222222222,False,-0.4741916808932778,neutral,3449.0,98.0,0.3916666666666666,True,False,False,94
p09,2.0,3.0,4,5.0,3.0,3.0,1.0,2020-02-05 09:11:31.281,2020-02-05,9.183333333333334,False,2020-02-05,False,1,0,2,102,1422.0,1062.0,899.0,True,False,5.2,6.255555555555556,97.0,97.0,7.866666666666666,9.083333333333334,8.016666666666667,10.105555555555556,6.15,7.022222222222222,57.0,58.0,3743.0,6378.666666666667,2.7877,4.706166666666667,2367.84,2782.943333333333,112.0,119.66666666666669,0.0,10.666666666666666,0.0,36.0,0.0,46.66666666666666,112.0,166.33333333333334,899.0,882.5,57.292327880859375,58.77125453948975,,,0.0,9.672222222222222,0.0,9.672222222222222,False,-1.4031499365432516,bad,-4784.5,-34.5,-1.2833333333333332,False,True,False,96
p09,1.0,2.0,2,4.0,2.0,3.0,2.0,2020-02-06 06:27:51.673,2020-02-06,6.45,False,2020-02-06,False,1,0,3,102,1385.0,1025.0,829.0,True,False,4.166666666666667,5.383333333333333,90.0,94.0,6.875,8.25,6.05,8.408333333333333,5.166666666666667,6.155555555555556,55.0,56.0,9208.0,5482.666666666667,6.897100000000001,4.097033333333333,3106.7200000000003,2623.9066666666668,242.0,151.33333333333334,0.0,1.6666666666666667,0.0,1.0,0.0,2.6666666666666665,242.0,154.0,829.0,864.6666666666666,55.47532176971436,57.30657577514648,,,0.0,0.0,0.0,0.0,False,-1.9729268662674049,bad,819.5,-33.0,-2.2249999999999996,False,True,False,97
p09,2.0,4.0,5,6.0,4.0,3.0,4.0,2020-02-07 09:22:06.645,2020-02-07,9.366666666666667,False,2020-02-07,False,1,0,4,102,1378.0,1074.0,838.0,True,False,6.516666666666667,5.294444444444444,96.0,94.33333333333331,5.95,6.897222222222222,7.958333333333333,7.341666666666666,8.0,6.43888888888889,57.0,56.333333333333336,7798.0,6916.333333333333,5.8108,5.165200000000001,3217.83,2897.463333333333,276.0,210.0,15.0,5.0,1.0,0.3333333333333333,16.0,5.333333333333333,292.0,215.33333333333331,838.0,855.3333333333334,57.07728099822998,56.61497688293457,,,0.0,0.0,0.0,0.0,False,0.5503518235875715,good,-590.5,-16.0,0.125,False,True,False,98
p09,4.0,4.0,6,6.0,3.0,3.0,2.0,2020-02-09 13:56:50.972,2020-02-09,13.933333333333334,False,2020-02-09,False,1,0,6,102,31.0,31.0,1440.0,True,False,5.816666666666666,6.166666666666666,95.0,95.5,11.741666666666667,8.845833333333333,13.533333333333331,10.745833333333334,7.783333333333333,7.891666666666667,57.0,57.0,,,,,,,,,,,,,,,,,,,,,,,0.0,0.0,0.0,0.0,True,0.5697769297241535,good,,,-0.6333333333333337,True,False,False,100
p09,2.0,3.0,5,5.0,3.0,3.0,3.0,2020-02-10 09:01:17.196,2020-02-10,9.016666666666667,False,2020-02-10,False,1,0,0,102,1429.0,1072.0,862.0,True,False,4.8,5.308333333333334,93.0,94.0,7.866666666666666,9.804166666666667,8.041666666666666,10.7875,6.166666666666667,6.975,56.0,56.5,3396.0,,2.5221000000000005,,2449.14,,111.0,,0.0,,0.0,,0.0,,111.0,,862.0,,56.41211318969727,,,,0.0,0.0,0.0,0.0,False,-0.4741916808932778,neutral,-4934.0,-32.0,-1.6500000000000004,True,False,False,101
p09,2.0,3.0,4,5.0,3.0,3.0,3.0,2020-02-11 09:56:44.851,2020-02-11,9.933333333333334,False,2020-02-11,False,1,0,1,102,1060.0,702.0,961.0,True,False,4.9,5.172222222222222,98.0,95.33333333333331,8.316666666666666,9.308333333333334,8.091666666666667,9.888888888888888,5.766666666666667,6.572222222222223,56.0,56.333333333333336,,,,,,,,,,,,,,,,,,,,,,,0.0,0.0,0.0,0.0,True,-0.4741916808932778,neutral,,,-1.4333333333333327,False,True,False,102
p09,4.0,4.0,6,8.0,4.0,3.0,3.0,2020-02-12 08:16:16.776,2020-02-12,8.266666666666667,False,2020-02-12,False,1,0,2,102,1256.0,946.0,948.0,True,False,8.75,6.15,97.0,96.0,3.591666666666667,6.591666666666666,7.825,7.986111111111112,10.233333333333333,7.388888888888889,57.0,56.333333333333336,5886.0,4641.0,4.3788,3.45045,2599.58,2524.36,129.0,120.0,11.0,5.5,6.0,3.0,17.0,8.5,146.0,128.5,948.0,905.0,57.08854961395264,56.75033140182495,,,0.0,0.0,0.0,0.0,False,1.0342560575491402,good,-2284.0,-8.5,2.5999999999999996,False,True,False,103
p09,2.0,3.0,4,5.0,3.0,3.0,2.0,2020-02-13 09:12:15.666,2020-02-13,9.2,False,2020-02-13,False,1,0,3,102,1377.0,1019.0,674.0,True,False,5.3,6.316666666666667,92.0,95.66666666666669,7.7,6.536111111111111,8.191666666666666,8.036111111111111,6.483333333333333,7.494444444444444,54.0,55.66666666666666,8447.0,7166.5,6.289600000000001,5.334200000000001,2866.62,2733.1,138.0,133.5,1.0,6.0,13.0,9.5,14.0,15.5,152.0,149.0,674.0,811.0,54.91943836212158,56.00399398803711,,,0.0,0.0,0.0,0.0,False,-0.9386708087182648,bad,437.0,-5.0,-1.1500000000000004,False,True,False,104
p09,2.0,4.0,4,5.0,3.0,3.0,3.0,2020-02-14 09:05:22.056,2020-02-14,9.083333333333334,False,2020-02-14,False,1,0,4,102,1397.0,1037.0,917.0,True,False,5.683333333333334,6.577777777777778,95.0,94.66666666666669,7.35,6.213888888888889,8.125,8.047222222222222,6.766666666666667,7.827777777777778,55.0,55.333333333333336,4751.0,6361.333333333333,3.5354,4.7346,2601.32,2689.1733333333336,125.0,130.66666666666666,3.0,5.0,6.0,8.333333333333334,9.0,13.333333333333334,134.0,144.0,917.0,846.3333333333334,55.320815086364746,55.77626768747965,,,0.0,0.0,0.0,0.0,False,0.08587269576258465,neutral,-3259.0,-10.0,-0.4666666666666668,False,True,False,105
p09,2.0,1.0,3,7.0,3.0,3.0,2.0,2020-02-18 12:57:40.846,2020-02-18,12.95,False,2020-02-18,False,1,0,1,102,785.0,505.0,705.0,True,False,6.916666666666667,8.011111111111111,90.0,93.0,9.433333333333334,8.447222222222223,11.858333333333333,12.047222222222222,8.416666666666666,9.594444444444443,60.0,58.66666666666666,,,,,,,,,,,,,,,,,,,,,,,0.0,0.0,0.0,0.0,True,-2.0587995620299897,bad,,,0.7666666666666666,False,True,False,109
p09,2.0,2.0,4,7.0,3.0,3.0,2.0,2020-02-20 14:11:13.580,2020-02-20,14.183333333333334,False,2020-02-20,False,1,0,3,102,808.0,808.0,1240.0,False,False,,,,,,,,,,,,,6449.0,5268.0,4.7944,3.920500000000001,2671.69,2569.8100000000004,188.0,150.5,8.0,8.0,4.0,2.0,12.0,10.0,200.0,160.5,,,58.87858009338379,59.134982109069824,,,0.0,0.0,0.0,0.0,False,-1.498735185374127,bad,-1349.0,-5.0,,False,True,False,111
p09,3.0,3.0,4,7.0,3.0,3.0,3.0,2020-02-21 10:53:42.347,2020-02-21,10.883333333333333,False,2020-02-21,False,1,0,4,102,698.0,623.0,1288.0,True,False,7.616666666666666,,97.0,,7.916666666666667,,10.491666666666667,,8.566666666666666,,58.0,,,5268.0,,3.920500000000001,,2569.8100000000004,,150.5,,8.0,,2.0,,10.0,,160.5,,,,59.134982109069824,,,17.066666666666666,5.688888888888889,0.0,0.0,True,0.0,neutral,,,1.166666666666666,False,True,False,112
p09,2.0,4.0,4,5.0,3.0,3.0,4.0,2020-02-23 12:34:54.483,2020-02-23,12.566666666666666,False,2020-02-23,False,1,0,6,102,632.0,632.0,1204.0,True,False,5.033333333333333,6.324999999999999,92.0,94.5,10.35,9.133333333333333,10.266666666666667,10.379166666666666,5.916666666666667,7.241666666666667,56.0,57.0,,,,,,,,,,,,,,,,,,,,,,,52.91666666666667,23.32777777777778,0.0,0.0,True,0.5503518235875715,good,,,-1.4500000000000002,True,False,False,114
p09,3.0,4.0,6,5.0,3.0,3.0,3.0,2020-02-24 10:09:13.506,2020-02-24,10.15,False,2020-02-24,False,1,0,0,102,1391.0,1031.0,770.0,True,False,5.783333333333333,5.408333333333333,95.0,93.5,8.325,9.3375,9.233333333333333,9.75,6.9,6.408333333333333,59.0,57.5,11455.0,7982.0,8.5694,5.9431,3753.61,3178.675,197.0,168.0,30.0,23.0,88.0,47.5,118.0,70.5,315.0,238.5,770.0,767.0,59.48176670074463,57.67618417739868,,,48.63333333333333,33.85,0.0,0.0,False,0.5600643766558624,good,5176.5,103.0,-0.5166666666666675,True,False,False,115
p09,3.0,4.0,6,6.0,3.0,3.0,4.0,2020-02-25 09:57:00.881,2020-02-25,9.95,False,2020-02-25,False,1,0,1,102,1322.0,965.0,866.0,True,False,6.8,5.872222222222223,97.0,94.66666666666669,7.141666666666667,8.605555555555554,8.925,9.475,7.783333333333333,6.866666666666667,59.0,58.0,5331.0,8393.0,3.9485,6.2589500000000005,2659.15,3206.38,160.0,178.5,0.0,15.0,0.0,44.0,0.0,59.0,160.0,237.5,866.0,818.0,59.74512100219727,59.61344385147095,,,0.0,33.85,0.0,0.0,False,1.0245435044808493,good,-947.5,-15.0,0.666666666666667,False,True,False,116
p09,3.0,4.0,6,6.0,3.0,3.0,4.0,2020-02-26 10:17:10.983,2020-02-26,10.283333333333331,False,2020-02-26,False,1,0,2,102,1412.0,1052.0,619.0,True,False,6.333333333333333,6.3055555555555545,89.0,93.66666666666669,7.791666666666667,7.752777777777777,9.683333333333334,9.280555555555557,7.883333333333334,7.522222222222223,59.0,59.0,9062.0,8616.0,6.752800000000001,6.423566666666666,3622.3,3345.0200000000004,301.0,219.33333333333331,34.0,21.33333333333333,19.0,35.666666666666664,53.0,57.0,354.0,276.3333333333333,619.0,751.6666666666666,59.4343900680542,59.553759256998696,,,0.0,16.211111111111112,0.0,0.0,False,1.0245435044808493,good,2894.5,40.0,0.20000000000000018,False,True,False,117
p09,2.0,3.0,3,5.0,3.0,3.0,2.0,2020-02-28 11:55:40.377,2020-02-28,11.916666666666666,False,2020-02-28,False,1,0,4,102,719.0,393.0,710.0,False,False,,8.008333333333333,,89.5,,7.6625,,11.608333333333334,,9.941666666666666,,59.5,,,,,,,,,,,,,,,,,,,,,,,0.0,0.0,0.0,0.0,True,-0.9386708087182648,bad,,,,False,True,False,119
p09,2.0,3.0,5,6.0,3.0,3.0,3.0,2020-02-29 09:02:39.015,2020-02-29,9.033333333333331,False,2020-02-29,False,1,0,5,102,642.0,642.0,1238.0,True,False,5.9,7.791666666666667,90.0,90.0,8.3,7.916666666666667,8.958333333333334,11.245833333333334,6.65,9.325,61.0,60.5,,,,,,,,,,,,,,,,,,,,,,,0.0,0.0,0.0,0.0,True,-0.4741916808932778,neutral,,,-0.4333333333333327,False,False,False,120
p09,4.0,4.0,5,7.0,3.0,2.0,4.0,2020-03-01 14:18:49.603,2020-03-01,14.3,False,2020-03-01,False,1,0,6,102,1414.0,1069.0,594.0,True,False,7.166666666666667,6.533333333333333,92.0,91.0,7.316666666666666,7.808333333333334,10.0,9.479166666666668,8.683333333333334,7.666666666666667,63.0,62.0,12012.0,,8.9533,,4033.89,,365.0,,60.0,,22.0,,82.0,,447.0,,594.0,,63.93762111663818,,,,0.0,0.0,0.0,0.0,False,1.498735185374127,good,5563.0,68.0,0.8333333333333339,True,False,False,121
p09,3.0,3.0,5,6.0,3.0,2.0,2.0,2020-03-02 14:49:08.582,2020-03-02,14.816666666666666,False,2020-03-02,False,1,0,0,102,1174.0,814.0,731.0,True,False,6.666666666666667,6.577777777777778,88.0,90.0,6.816666666666666,7.477777777777778,9.141666666666667,9.366666666666667,8.316666666666666,7.883333333333333,66.0,63.333333333333336,5067.0,8539.5,3.775500000000001,6.364400000000001,2679.69,3356.79,176.0,270.5,4.0,32.0,8.0,15.0,12.0,47.0,188.0,317.5,,,66.18032741546631,65.05897426605225,,,0.0,0.0,0.0,0.0,False,-0.46447912782498685,neutral,-1382.0,-2.0,0.3333333333333339,True,False,False,122
p09,2.0,3.0,5,5.0,3.0,3.0,2.0,2020-03-03 11:57:47.814,2020-03-03,11.95,False,2020-03-03,False,1,0,1,102,1191.0,833.0,734.0,True,False,5.216666666666667,6.3500000000000005,92.0,90.66666666666669,8.65,7.594444444444444,8.5,9.213888888888889,5.85,7.616666666666667,63.0,64.0,5604.0,7561.0,4.1763,5.635033333333333,2803.23,3172.27,176.0,239.0,28.0,30.666666666666668,3.0,11.0,31.0,41.66666666666666,207.0,280.6666666666667,,,63.98358917236328,64.70051256815593,,,0.0,0.0,0.0,0.0,False,-0.9386708087182648,bad,-282.0,19.0,-1.1166666666666663,False,True,False,123
p09,3.0,3.0,5,8.0,3.0,3.0,3.0,2020-03-04 10:42:47.128,2020-03-04,10.7,False,2020-03-04,False,1,0,2,102,1344.0,1072.0,982.0,True,False,7.833333333333333,6.572222222222223,93.0,91.0,5.333333333333333,6.933333333333334,8.8,8.81388888888889,9.466666666666669,7.877777777777777,61.0,63.333333333333336,3437.0,4702.666666666667,2.4789000000000003,3.4769000000000005,2388.13,2623.683333333334,107.0,153.0,0.0,10.666666666666666,0.0,3.6666666666666665,0.0,14.333333333333334,107.0,167.33333333333334,982.0,,61.85910987854004,64.00767548878987,,,0.0,0.0,0.0,0.0,False,0.0,neutral,-2449.0,-14.0,1.9333333333333327,False,True,False,124
p09,4.0,3.0,5,7.0,3.0,3.0,2.0,2020-03-05 13:42:38.406,2020-03-05,13.7,False,2020-03-05,False,1,0,3,102,1404.0,1044.0,705.0,True,False,7.266666666666667,6.772222222222222,83.0,89.33333333333333,6.558333333333334,6.847222222222221,9.891666666666667,9.06388888888889,9.333333333333334,8.216666666666667,61.0,61.66666666666666,5935.0,4992.0,4.3536,3.6696,2800.42,2663.9266666666667,144.0,142.33333333333334,9.0,12.333333333333334,14.0,5.666666666666667,23.0,18.0,167.0,160.33333333333334,705.0,843.5,61.68306636810303,62.50858847300211,,,25.6,8.533333333333333,0.0,0.0,False,0.009712553068290948,neutral,49.0,9.0,0.9333333333333336,False,True,False,125
p09,2.0,2.0,4,6.0,3.0,3.0,2.0,2020-03-06 14:55:56.298,2020-03-06,14.916666666666666,False,2020-03-06,False,1,0,4,102,1217.0,857.0,756.0,True,False,6.733333333333333,7.277777777777778,90.0,88.66666666666667,9.133333333333333,7.008333333333333,11.375,10.022222222222222,8.233333333333333,9.011111111111113,63.0,61.66666666666666,3325.0,4232.333333333333,2.4768000000000003,3.1031,2440.71,2543.0866666666666,124.0,125.0,0.0,3.0,0.0,4.666666666666667,0.0,7.666666666666667,124.0,132.66666666666666,756.0,814.3333333333334,63.62933254241944,62.3905029296875,,,0.0,8.533333333333333,0.0,0.0,False,-1.498735185374127,bad,-2561.0,-16.0,0.21666666666666679,False,True,False,126
p09,4.0,3.0,5,8.0,3.0,3.0,3.0,2020-03-07 14:29:06.144,2020-03-07,14.483333333333333,False,2020-03-07,False,1,0,5,102,1371.0,1012.0,867.0,True,False,8.6,7.533333333333332,93.0,88.66666666666667,9.025,8.238888888888889,12.933333333333334,11.4,9.9,9.155555555555557,63.0,62.333333333333336,885.0,3381.6666666666665,0.6571,2.4958333333333336,2160.06,2467.063333333333,79.0,115.66666666666669,0.0,3.0,0.0,4.666666666666667,0.0,7.666666666666667,79.0,123.33333333333331,867.0,776.0,63.80786418914795,63.04008769989014,,,0.0,8.533333333333333,0.0,0.0,False,0.4741916808932778,neutral,-4719.0,-14.0,1.9333333333333327,False,False,False,127
p09,2.0,3.0,2,6.0,3.0,3.0,4.0,2020-03-08 17:03:34.792,2020-03-08,17.05,False,2020-03-08,False,1,0,6,102,1414.0,1056.0,567.0,True,False,6.4,7.2444444444444445,89.0,90.66666666666669,10.758333333333333,9.638888888888888,12.083333333333334,12.130555555555556,7.316666666666666,8.483333333333334,62.0,62.66666666666666,9524.0,4578.0,7.1019000000000005,3.4119333333333337,3449.82,2683.53,155.0,119.33333333333331,56.0,18.666666666666668,68.0,22.666666666666668,124.0,41.333333333333336,279.0,160.66666666666666,567.0,730.0,62.918230056762695,63.45180892944336,,,71.68333333333334,23.89444444444445,71.68333333333334,23.89444444444445,False,-0.009712553068290948,neutral,4056.5,111.0,-0.2999999999999998,True,False,False,128
p09,3.0,3.0,4,7.0,3.0,3.0,2.0,2020-03-10 13:25:32.860,2020-03-10,13.416666666666666,False,2020-03-10,False,1,0,1,102,866.0,508.0,807.0,False,False,,7.333333333333334,,89.0,,9.608333333333334,,12.225,,8.608333333333334,,63.0,,9966.0,,7.416400000000001,,3430.3950000000004,,145.5,,40.5,,71.5,,112.0,,257.5,,666.0,,63.74916648864746,,,0.0,35.26666666666667,,,True,-0.46447912782498685,neutral,,,,False,True,False,130
p09,2.0,2.0,3,4.0,2.0,3.0,2.0,2020-03-14 17:52:13.912,2020-03-14,17.866666666666667,False,2020-03-14,False,1,0,5,102,1168.0,813.0,635.0,False,False,,6.591666666666667,,93.0,,10.170833333333334,,12.233333333333333,,8.058333333333334,,60.0,6924.0,3821.0,5.1512,2.84255,2874.73,2477.87,178.0,112.0,13.0,6.5,13.0,6.5,26.0,13.0,204.0,125.0,,,59.322832107543945,59.58394241333008,,,15.366666666666667,5.122222222222223,,,False,-1.498735185374127,bad,1320.0,4.0,,False,False,True,134
p09,2.0,3.0,4,6.0,3.0,3.0,2.0,2020-03-17 22:59:09.327,2020-03-17,22.98333333333333,False,2020-03-17,False,1,0,1,102,1428.0,1076.0,676.0,True,False,6.666666666666667,7.933333333333334,89.0,89.5,10.866666666666667,10.558333333333334,12.766666666666667,14.129166666666666,7.9,9.566666666666666,60.0,59.5,1874.0,,1.3968,,2431.67,,66.0,,7.0,,17.0,,24.0,,90.0,,676.0,,60.40030097961426,,,,0.0,9.672222222222222,,,False,-0.9386708087182648,bad,-3730.0,1.0,-0.25,False,True,True,137
p09,3.0,3.0,4,8.0,3.0,3.0,3.0,2020-03-19 15:40:47.761,2020-03-19,15.666666666666666,False,2020-03-19,False,1,0,3,102,932.0,932.0,1393.0,True,False,8.133333333333333,7.4,94.0,91.5,10.833333333333334,10.85,14.45,13.608333333333334,9.616666666666667,8.758333333333333,59.0,59.5,1564.0,2991.6666666666665,1.1654,2.2275666666666667,2211.82,2473.1800000000003,47.0,76.33333333333333,0.0,7.0,0.0,14.0,0.0,21.0,47.0,97.33333333333331,,743.5,59.22355175018311,59.62365118662516,,,0.0,0.0,,,False,0.0,neutral,-4006.5,-23.5,1.333333333333333,False,True,True,139
p09,2.0,3.0,4,8.0,3.0,3.0,3.0,2020-03-20 16:00:15.105,2020-03-20,16.0,False,2020-03-20,False,1,0,4,102,1431.0,1072.0,744.0,True,False,8.516666666666667,8.325,96.0,95.0,11.075,10.954166666666666,14.825,14.6375,9.75,9.683333333333334,61.0,60.0,2038.0,3046.333333333333,1.5168,2.2675666666666667,2500.0,2495.9566666666665,119.0,94.0,0.0,4.666666666666667,0.0,8.333333333333334,0.0,13.0,119.0,107.0,744.0,777.5,61.87191104888916,60.11418787638346,,,0.0,0.0,,,False,-0.4741916808932778,neutral,-3396.0,-23.5,1.5416666666666679,False,True,True,140
p09,3.0,3.0,4,6.0,3.0,3.0,3.0,2020-03-21 22:56:53.255,2020-03-21,22.933333333333334,False,2020-03-21,False,1,0,5,102,1412.0,1054.0,551.0,True,False,6.8,7.816666666666666,88.0,92.66666666666669,10.825,10.911111111111111,12.916666666666666,14.063888888888888,8.083333333333334,9.15,61.0,60.333333333333336,17613.0,7071.666666666667,13.2503,5.310833333333334,3892.81,2868.21,126.0,97.33333333333331,47.0,15.666666666666666,131.0,43.66666666666666,178.0,59.333333333333336,304.0,156.66666666666666,551.0,647.5,61.78899765014648,60.96148681640625,,,137.38333333333333,45.79444444444445,,,False,0.0,neutral,12282.0,155.0,-0.17499999999999982,False,False,True,141
p09,3.0,3.0,6,3.0,3.0,3.0,3.0,2020-03-24 14:16:46.327,2020-03-24,14.266666666666667,False,2020-03-24,False,1,0,1,102,894.0,538.0,736.0,True,False,3.0,7.527777777777779,90.0,91.66666666666669,14.108333333333333,10.561111111111112,11.816666666666666,13.830555555555556,3.7,9.261111111111113,60.0,61.333333333333336,,1145.5,,0.85175,,2283.295,,93.0,,0.0,,0.0,,0.0,,93.0,,719.5,,62.114731311798096,,,0.0,0.0,,,True,0.0,neutral,,,-4.166666666666667,False,True,True,144
p09,4.0,3.0,6,7.0,3.0,3.0,3.0,2020-03-25 11:45:44.065,2020-03-25,11.75,False,2020-03-25,False,1,0,2,102,778.0,778.0,1181.0,True,False,7.033333333333333,6.311111111111111,96.0,92.33333333333331,5.991666666666666,10.080555555555556,8.075,11.763888888888888,8.083333333333334,7.677777777777778,60.0,60.333333333333336,470.0,711.5,0.3493,0.5288,2038.61,2086.57,37.0,50.0,0.0,0.0,0.0,0.0,0.0,0.0,37.0,50.0,,,60.7598934173584,60.95942211151123,,,0.0,0.0,,,False,0.4741916808932778,neutral,-4597.0,-23.0,-0.13333333333333375,False,True,True,145
p09,4.0,3.0,5,8.0,4.0,3.0,2.0,2020-03-26 16:59:35.338,2020-03-26,16.983333333333334,False,2020-03-26,False,1,0,3,102,712.0,352.0,916.0,True,False,8.333333333333334,6.122222222222223,94.0,93.33333333333331,10.083333333333334,10.06111111111111,14.283333333333331,11.391666666666666,10.2,7.327777777777777,59.0,59.66666666666666,,,,,,,,,,,,,,,,,,,,,,,0.0,0.0,,,True,0.009712553068290948,neutral,,,1.166666666666667,False,True,True,146
p09,4.0,4.0,4,9.0,3.0,3.0,4.0,2020-03-30 20:32:57.674,2020-03-30,20.53333333333333,False,2020-03-30,False,1,0,0,102,1430.0,1070.0,808.0,True,False,8.9,8.316666666666666,96.0,93.5,12.075,10.725,16.491666666666667,14.470833333333331,10.416666666666666,9.741666666666667,60.0,59.0,1173.0,832.5,0.8021,0.5837,2469.98,2275.13,73.0,57.0,13.0,6.5,2.0,1.0,15.0,7.5,88.0,64.5,808.0,,60.34235572814941,58.94791412353516,,,,,,,False,1.498735185374127,good,-2208.0,9.0,1.533333333333334,True,False,True,150
p10,3.0,3.0,4,8.0,3.0,3.0,3.0,2019-11-16 09:52:38.649,2019-11-16,9.866666666666667,False,2019-11-16,False,1,0,5,96,1396.0,1037.0,750.0,True,False,8.6,7.294444444444444,91.0,92.33333333333331,5.833333333333333,6.377777777777777,9.6,8.644444444444444,9.766666666666667,8.261111111111111,64.0,65.0,10273.0,9394.666666666666,7.575800000000001,6.8959,2334.14,2278.0333333333333,252.0,253.0,11.0,13.333333333333334,18.0,12.0,29.0,25.33333333333333,281.0,278.3333333333333,750.0,709.0,64.07645034790039,64.91999371846516,,,19.633333333333333,20.2,0.0,0.0,False,1.2418168505101859,good,,,,False,False,False,15
p10,3.0,3.0,5,7.0,4.0,3.0,2.0,2019-11-17 09:21:26.191,2019-11-17,9.35,False,2019-11-17,False,1,0,6,96,1418.0,1061.0,456.0,True,False,7.6,7.399999999999999,91.0,91.66666666666669,6.758333333333334,6.483333333333333,9.358333333333333,8.880555555555555,8.6,8.394444444444444,64.0,64.33333333333333,16118.0,10844.333333333334,11.8736,7.992333333333335,2795.48,2405.3,268.0,240.0,117.0,49.66666666666666,13.0,12.333333333333334,130.0,62.0,398.0,302.0,456.0,642.3333333333334,64.17094230651855,64.26203219095866,,,46.083333333333336,21.905555555555555,0.0,0.0,False,0.5623797947914455,good,,,,True,False,False,16
p10,2.0,2.0,2,6.0,2.0,3.0,2.0,2019-11-18 07:50:40.627,2019-11-18,7.833333333333333,False,2019-11-18,False,1,0,0,96,1418.0,1064.0,632.0,True,False,6.6,7.599999999999999,94.0,92.0,5.8,6.130555555555556,7.133333333333334,8.697222222222223,7.333333333333333,8.566666666666668,64.0,64.0,7542.0,11311.0,5.559500000000001,8.336300000000001,2276.23,2468.616666666667,266.0,262.0,15.0,47.66666666666666,11.0,14.0,26.0,61.66666666666666,292.0,323.6666666666667,632.0,612.6666666666666,64.21254348754883,64.15331204732259,,,17.933333333333334,27.883333333333336,17.933333333333334,5.977777777777778,False,-0.7808212182868052,bad,,,,True,False,False,17
p10,3.0,3.0,5,8.0,3.0,3.0,2.0,2019-11-19 08:41:12.081,2019-11-19,8.683333333333334,False,2019-11-19,False,1,0,1,96,1410.0,1051.0,661.0,True,False,8.416666666666666,7.538888888888889,93.0,92.66666666666669,4.008333333333334,5.522222222222222,7.633333333333334,8.041666666666666,9.616666666666667,8.516666666666666,64.0,64.0,9480.0,11046.666666666666,6.9831,8.138733333333334,2497.05,2522.92,322.0,285.3333333333333,7.0,46.333333333333336,10.0,11.333333333333334,17.0,57.66666666666666,339.0,343.0,661.0,583.0,64.96406650543213,64.44918409983318,,,25.616666666666667,29.877777777777776,0.0,5.977777777777778,False,0.5623797947914455,good,,,,False,True,False,18
p10,2.0,3.0,5,5.0,2.0,2.0,1.0,2019-11-20 06:37:21.824,2019-11-20,6.616666666666667,False,2019-11-20,False,1,0,2,96,1383.0,1028.0,545.0,True,False,5.316666666666666,6.777777777777778,92.0,93.0,5.825,5.211111111111111,5.966666666666667,6.911111111111111,6.133333333333334,7.694444444444444,67.0,65.0,11716.0,9579.333333333334,8.8069,7.116500000000001,2542.46,2438.58,284.0,290.6666666666667,13.0,11.666666666666666,21.0,14.0,34.0,25.666666666666668,318.0,316.3333333333333,545.0,612.6666666666666,67.43645858764648,65.53768952687581,420.0,,29.18333333333333,24.244444444444444,5.283333333333333,7.73888888888889,False,-0.6794370557187404,bad,,,,False,True,False,19
p10,4.0,4.0,5,8.0,4.0,2.0,3.0,2019-11-21 09:00:29.498,2019-11-21,9.0,False,2019-11-21,False,1,0,3,96,1419.0,1061.0,640.0,True,False,8.283333333333333,7.338888888888889,94.0,93.0,4.908333333333333,4.913888888888889,8.091666666666667,7.230555555555555,9.183333333333334,8.311111111111112,69.0,66.66666666666667,14211.0,11802.333333333334,10.4158,8.735266666666668,2745.74,2595.083333333333,424.0,343.3333333333333,5.0,8.333333333333334,3.0,11.333333333333334,8.0,19.666666666666668,432.0,363.0,640.0,615.3333333333334,69.29519844055176,67.23190784454346,0.0,210.0,0.0,18.266666666666666,0.0,1.761111111111111,False,2.5850178635884364,good,,,,False,True,False,20
p10,1.0,2.0,3,6.0,2.0,2.0,2.0,2019-11-22 07:50:03.050,2019-11-22,7.833333333333333,False,2019-11-22,False,1,0,4,96,1417.0,1060.0,595.0,True,False,6.533333333333333,6.711111111111111,93.0,93.0,5.516666666666667,5.416666666666667,6.983333333333333,7.013888888888888,7.466666666666667,7.594444444444444,67.0,67.66666666666667,10384.0,12103.666666666666,7.626200000000001,8.949633333333333,2360.94,2549.7133333333336,287.0,331.6666666666667,5.0,7.666666666666667,2.0,8.666666666666666,7.0,16.333333333333332,294.0,348.0,595.0,593.3333333333334,67.27412700653076,68.00192801157634,0.0,140.0,0.0,9.727777777777776,0.0,1.761111111111111,False,-1.3432010130782506,bad,,,-1.0749999999999993,False,True,False,21
p10,4.0,4.0,8,9.0,4.0,3.0,3.0,2019-11-23 15:28:04.903,2019-11-23,15.466666666666669,False,2019-11-23,False,1,0,5,96,1214.0,856.0,719.0,True,False,6.95,7.2555555555555555,93.0,93.33333333333331,6.616666666666666,5.6805555555555545,8.491666666666667,7.855555555555557,7.866666666666666,8.172222222222222,69.0,68.33333333333333,12639.0,12411.333333333334,9.3479,9.129966666666666,2450.07,2518.9166666666665,215.0,308.6666666666667,22.0,10.666666666666666,36.0,13.666666666666666,58.0,24.33333333333333,273.0,333.0,719.0,651.3333333333334,69.2042818069458,68.59120241800944,0.0,0.0,64.0,21.33333333333333,0.0,0.0,False,2.5850178635884364,good,992.0,31.5,-0.6499999999999995,False,False,False,22
p10,3.0,3.0,5,9.0,3.0,2.0,3.0,2019-11-24 11:09:28.271,2019-11-24,11.15,False,2019-11-24,False,1,0,6,96,1254.0,896.0,571.0,True,False,9.216666666666669,7.566666666666667,93.0,93.0,6.716666666666667,6.283333333333332,11.158333333333331,8.877777777777778,10.433333333333334,8.588888888888889,70.0,68.66666666666667,15956.0,12993.0,12.5369,9.837000000000002,2979.12,2596.7100000000005,273.0,258.3333333333333,62.0,29.666666666666668,62.0,33.333333333333336,124.0,63.0,397.0,321.3333333333333,571.0,628.3333333333334,70.90438175201416,69.12759685516357,360.0,120.0,17.6,27.2,17.6,5.866666666666667,False,1.2418168505101859,good,4240.0,97.0,1.7750000000000021,True,False,False,23
p10,1.0,3.0,2,6.0,1.0,3.0,1.0,2019-11-25 08:12:52.715,2019-11-25,8.2,False,2019-11-25,False,1,0,0,96,1384.0,1025.0,520.0,True,False,5.9,7.355555555555555,87.0,91.0,6.216666666666667,6.516666666666667,7.45,9.033333333333331,7.233333333333333,8.511111111111111,70.0,69.66666666666667,9351.0,12648.666666666666,6.896100000000001,9.593633333333337,2297.17,2575.4533333333334,266.0,251.33333333333331,15.0,33.0,13.0,37.0,28.0,70.0,294.0,321.3333333333333,520.0,603.3333333333334,70.63900756835938,70.24922370910645,0.0,120.0,28.166666666666668,36.58888888888889,0.0,5.866666666666667,False,-1.2418168505101859,bad,-2391.5,0.0,-1.6999999999999993,True,False,False,24
p10,3.0,3.0,5,7.0,4.0,3.0,2.0,2019-11-26 09:01:12.940,2019-11-26,9.016666666666667,False,2019-11-26,False,1,0,1,96,1416.0,1058.0,718.0,True,False,6.716666666666667,7.277777777777779,91.0,90.33333333333331,5.766666666666667,6.233333333333334,7.241666666666666,8.616666666666667,7.466666666666667,8.377777777777778,69.0,69.66666666666667,8378.0,11228.333333333334,6.177200000000001,8.536733333333334,2283.29,2519.86,273.0,270.6666666666667,9.0,28.666666666666668,6.0,27.0,15.0,55.66666666666666,288.0,326.3333333333333,718.0,603.0,69.02553462982178,70.18964131673177,0.0,120.0,29.866666666666667,25.21111111111111,0.0,5.866666666666667,False,0.5623797947914455,good,-3338.0,-13.0,-0.7249999999999996,False,True,False,25
p10,2.0,3.0,3,7.0,4.0,3.0,3.0,2019-11-27 09:11:01.537,2019-11-27,9.183333333333334,False,2019-11-27,False,1,0,2,96,1371.0,1013.0,560.0,True,False,7.133333333333334,6.583333333333333,90.0,89.33333333333333,6.983333333333333,6.322222222222223,8.758333333333333,7.816666666666666,7.766666666666667,7.48888888888889,69.0,69.33333333333333,14863.0,10864.0,11.179100000000002,8.084133333333336,2788.03,2456.1633333333334,419.0,319.3333333333333,4.0,9.333333333333334,9.0,9.333333333333334,13.0,18.666666666666668,432.0,338.0,560.0,599.3333333333334,69.27702903747559,69.64719041188557,420.0,140.0,25.0,27.677777777777777,5.366666666666666,1.7888888888888888,False,0.6794370557187404,good,3216.0,-14.5,-0.14999999999999947,False,True,False,26
p10,1.0,3.0,3,7.0,4.0,2.0,3.0,2019-11-28 07:32:45.068,2019-11-28,7.533333333333333,False,2019-11-28,False,1,0,3,96,1399.0,1045.0,850.0,True,False,6.9,6.916666666666667,93.0,91.33333333333331,5.716666666666667,6.155555555555555,7.508333333333334,7.836111111111111,7.783333333333333,7.672222222222222,69.0,69.0,2150.0,8463.666666666666,1.5834,6.313233333333334,1778.71,2283.343333333333,124.0,272.0,0.0,4.333333333333333,0.0,5.0,0.0,9.333333333333334,124.0,281.3333333333333,850.0,709.3333333333334,69.65013790130615,69.3175671895345,0.0,140.0,0.0,18.288888888888888,0.0,1.7888888888888888,False,0.11705726092729479,neutral,-9566.0,-27.0,-0.30833333333333357,False,True,False,27
p10,2.0,2.0,1,10.0,2.0,3.0,2.0,2019-11-30 14:12:26.421,2019-11-30,14.2,False,2019-11-30,False,1,0,5,96,1274.0,917.0,663.0,True,False,10.333333333333334,8.277777777777779,87.0,90.0,7.491666666666666,6.2444444444444445,14.208333333333334,9.941666666666666,12.716666666666669,9.694444444444445,68.0,69.0,13214.0,9230.0,9.7411,6.7564,2362.59,2214.2433333333333,209.0,208.33333333333331,29.0,21.0,24.0,12.666666666666666,53.0,33.666666666666664,262.0,242.0,663.0,715.3333333333334,68.5515022277832,69.41670799255371,0.0,0.0,52.91666666666667,30.155555555555555,0.0,0.0,False,-0.7808212182868052,bad,1498.0,26.0,3.125,False,False,False,29
p10,2.0,3.0,3,9.0,2.0,3.0,3.0,2019-12-01 10:09:16.482,2019-12-01,10.15,False,2019-12-01,False,1,0,6,96,1248.0,893.0,599.0,False,False,,8.966666666666667,,88.5,,6.508333333333333,,11.158333333333331,,10.65,,69.0,644.0,8728.0,0.4443,6.3767000000000005,1803.45,2222.49,78.0,193.0,0.0,21.0,0.0,12.666666666666666,0.0,33.666666666666664,78.0,226.66666666666663,599.0,631.6666666666666,70.48423290252686,69.69473965962727,0.0,0.0,0.0,30.155555555555555,0.0,0.0,False,0.6794370557187404,good,-11098.5,-27.5,,True,False,False,30
p10,1.0,3.0,2,7.0,2.0,3.0,2.0,2019-12-02 09:10:58.240,2019-12-02,9.166666666666666,False,2019-12-02,False,1,0,0,96,1422.0,1064.0,1137.0,True,False,7.283333333333333,8.808333333333334,95.0,91.0,4.783333333333333,6.137499999999999,7.058333333333334,10.633333333333333,8.266666666666667,10.491666666666667,69.0,68.5,8346.0,7401.333333333333,6.146400000000001,5.443933333333334,2275.23,2147.09,291.0,192.66666666666663,6.0,11.666666666666666,6.0,10.0,12.0,21.666666666666668,303.0,214.33333333333331,1137.0,799.6666666666666,69.65839958190918,69.56471157073975,0.0,0.0,0.0,17.63888888888889,0.0,0.0,False,-0.5623797947914455,bad,-3370.0,-15.0,0.0,True,False,False,31
p10,3.0,4.0,5,7.0,3.0,4.0,3.0,2019-12-03 10:14:44.071,2019-12-03,10.233333333333333,False,2019-12-03,False,1,0,1,96,1398.0,1042.0,554.0,True,False,6.85,7.066666666666666,94.0,94.5,5.633333333333334,5.208333333333334,7.216666666666667,7.1375,7.583333333333333,7.925000000000001,67.0,68.0,12684.0,7224.666666666667,9.3541,5.314933333333334,2543.05,2207.2433333333333,377.0,248.66666666666663,6.0,4.0,7.0,4.333333333333333,13.0,8.333333333333334,390.0,257.0,554.0,763.3333333333334,67.5916919708252,69.24477481842041,0.0,0.0,19.633333333333333,6.544444444444444,0.0,0.0,False,2.022638068796991,good,1037.0,-13.5,-0.43333333333333357,False,True,False,32
p10,2.0,3.0,5,6.0,2.0,2.0,2.0,2019-12-04 08:00:49.799,2019-12-04,8.0,False,2019-12-04,False,1,0,2,96,1355.0,997.0,716.0,True,False,6.45,6.861111111111112,91.0,93.33333333333331,5.583333333333333,5.333333333333333,7.241666666666666,7.172222222222222,7.65,7.833333333333333,64.0,66.66666666666667,10057.0,10362.333333333334,7.873500000000001,7.791333333333334,2388.82,2402.366666666667,250.0,306.0,2.0,4.666666666666667,17.0,10.0,19.0,14.666666666666666,269.0,320.6666666666667,716.0,802.3333333333334,64.72807502746582,67.3260555267334,360.0,120.0,29.85,16.494444444444444,11.933333333333334,3.977777777777778,False,0.0,neutral,-1659.0,-7.0,-0.833333333333333,False,True,False,33
p10,1.0,3.0,5,8.0,3.0,2.0,2.0,2019-12-05 09:25:41.797,2019-12-05,9.416666666666666,False,2019-12-05,False,1,0,3,96,1423.0,1063.0,707.0,True,False,8.3,7.2,92.0,92.33333333333331,5.491666666666666,5.569444444444444,8.708333333333334,7.722222222222221,9.216666666666669,8.15,66.0,65.66666666666667,10880.0,11207.0,8.027700000000001,8.418433333333335,2442.87,2458.246666666667,208.0,278.3333333333333,21.0,9.666666666666666,45.0,23.0,66.0,32.666666666666664,274.0,311.0,707.0,659.0,66.4459285736084,66.2552318572998,0.0,120.0,46.93333333333334,32.138888888888886,0.0,3.977777777777778,False,-0.5623797947914455,bad,-767.0,43.0,1.0916666666666668,False,True,False,34
p10,1.0,2.0,2,6.0,1.0,3.0,2.0,2019-12-06 09:08:39.397,2019-12-06,9.133333333333333,False,2019-12-06,False,1,0,4,96,1432.0,1072.0,554.0,True,False,6.883333333333334,7.211111111111111,86.0,89.66666666666667,6.925,6.0,8.975,8.308333333333334,8.05,8.305555555555555,69.0,66.33333333333333,12663.0,11200.0,9.140300000000002,8.347166666666668,2590.71,2474.133333333333,276.0,244.66666666666663,29.0,17.333333333333332,28.0,30.0,57.0,47.333333333333336,333.0,292.0,554.0,659.0,69.15557193756104,66.77652517954509,0.0,120.0,36.7,37.82777777777778,0.0,3.977777777777778,False,-1.3432010130782506,bad,1085.0,31.0,-0.39999999999999947,False,True,False,35
p10,3.0,3.0,3,10.0,4.0,3.0,3.0,2019-12-07 12:17:46.944,2019-12-07,12.283333333333331,False,2019-12-07,False,1,0,5,96,1413.0,1056.0,533.0,True,False,10.283333333333331,8.488888888888889,95.0,91.0,6.775,6.397222222222222,12.291666666666666,9.991666666666667,11.516666666666667,9.594444444444449,71.0,68.66666666666667,13972.0,12505.0,10.1321,9.100033333333336,2804.97,2612.85,363.0,282.3333333333333,38.0,29.33333333333333,23.0,32.0,61.0,61.333333333333336,424.0,343.6666666666667,533.0,598.0,71.64998054504395,69.0838270187378,0.0,0.0,0.0,27.87777777777778,0.0,0.0,False,1.2418168505101859,good,2325.0,34.5,3.1499999999999977,False,False,False,36
p10,2.0,4.0,5,7.0,4.0,3.0,4.0,2019-12-08 15:51:29.405,2019-12-08,15.85,False,2019-12-08,False,1,0,6,96,1423.0,1068.0,339.0,True,False,7.566666666666666,8.244444444444445,91.0,90.66666666666669,7.825,7.175000000000001,10.366666666666667,10.544444444444444,8.533333333333333,9.366666666666667,70.0,70.0,17145.0,14593.333333333334,12.648600000000002,10.640333333333336,2764.46,2720.0466666666666,366.0,335.0,33.0,33.333333333333336,11.0,20.666666666666668,44.0,54.0,410.0,389.0,339.0,475.3333333333333,70.68975257873535,70.49843502044678,0.0,0.0,27.316666666666663,21.33888888888889,0.0,0.0,False,2.139695329724286,good,5402.5,16.5,0.4333333333333327,True,False,False,37
p10,2.0,3.0,5,6.0,3.0,3.0,3.0,2019-12-09 08:12:33.740,2019-12-09,8.2,False,2019-12-09,False,1,0,0,96,1379.0,1024.0,469.0,True,False,6.033333333333333,7.961111111111111,92.0,92.66666666666669,6.866666666666666,7.155555555555556,7.758333333333334,10.138888888888888,6.883333333333334,8.97777777777778,68.0,69.66666666666667,20193.0,17103.333333333332,16.127100000000002,12.96926666666667,3136.38,2901.9366666666665,343.0,357.3333333333333,48.0,39.66666666666666,68.0,34.0,116.0,73.66666666666667,459.0,431.0,469.0,447.0,68.64849185943604,70.32940832773845,250.0,83.33333333333333,71.13333333333333,32.81666666666666,30.166666666666668,10.055555555555555,False,0.6794370557187404,good,8450.5,88.5,-1.1000000000000005,True,False,False,38
p10,2.0,3.0,3,8.0,2.0,2.0,2.0,2019-12-10 09:16:02.169,2019-12-10,9.266666666666667,False,2019-12-10,False,1,0,1,96,1401.0,1046.0,741.0,True,False,7.816666666666666,7.138888888888888,90.0,91.0,6.291666666666667,6.9944444444444445,9.075,9.066666666666666,8.783333333333333,8.066666666666668,67.0,68.33333333333333,9881.0,15739.666666666666,7.274900000000001,12.016866666666669,2300.72,2733.853333333334,274.0,327.6666666666667,2.0,27.666666666666668,10.0,29.666666666666668,12.0,57.333333333333336,286.0,385.0,741.0,516.3333333333334,67.43898963928223,68.92574469248454,0.0,83.33333333333333,0.0,32.81666666666666,0.0,10.055555555555555,False,0.0,neutral,-1861.5,-15.5,0.7166666666666668,False,True,False,39
p10,2.0,3.0,2,7.0,2.0,2.0,3.0,2019-12-11 08:32:21.761,2019-12-11,8.533333333333333,False,2019-12-11,False,1,0,2,96,1420.0,1060.0,572.0,True,False,7.183333333333334,7.01111111111111,92.0,91.33333333333331,6.191666666666666,6.45,8.025,8.286111111111111,7.833333333333333,7.833333333333333,66.0,67.0,14911.0,14995.0,11.9812,11.7944,2788.48,2741.86,258.0,291.6666666666667,33.0,27.666666666666668,50.0,42.66666666666666,83.0,70.33333333333333,341.0,362.0,572.0,594.0,66.98226928710938,67.68991692860921,280.0,176.66666666666666,35.86666666666667,35.666666666666664,35.86666666666667,22.01111111111111,False,0.6794370557187404,good,3264.0,55.5,0.04999999999999982,False,True,False,40
p10,2.0,4.0,3,7.0,4.0,3.0,4.0,2019-12-12 14:25:29.135,2019-12-12,14.416666666666666,False,2019-12-12,False,1,0,3,96,1420.0,1062.0,763.0,True,False,7.533333333333333,7.51111111111111,93.0,91.66666666666669,6.891666666666667,6.458333333333333,9.258333333333333,8.78611111111111,8.366666666666667,8.327777777777778,68.0,67.0,6734.0,10508.666666666666,4.9653,8.0738,2021.18,2370.1266666666666,197.0,243.0,6.0,13.666666666666666,4.0,21.33333333333333,10.0,35.0,207.0,278.0,763.0,692.0,68.0976209640503,67.50629329681396,0.0,93.33333333333331,0.0,11.955555555555556,0.0,11.955555555555556,False,2.139695329724286,good,-5008.5,-17.5,0.34999999999999964,False,True,False,41
p10,1.0,3.0,2,8.0,1.0,3.0,3.0,2019-12-13 09:31:29.677,2019-12-13,9.516666666666667,False,2019-12-13,False,1,0,4,96,1266.0,907.0,681.0,True,False,8.05,7.588888888888889,86.0,90.33333333333331,5.8,6.294444444444444,8.966666666666667,8.75,9.166666666666666,8.455555555555554,67.0,67.0,8419.0,10021.333333333334,6.148300000000001,7.698266666666668,2196.67,2335.443333333333,223.0,226.0,26.0,21.666666666666668,8.0,20.666666666666668,34.0,42.333333333333336,257.0,268.3333333333333,681.0,672.0,67.19183731079102,67.4239091873169,0.0,93.33333333333331,0.0,11.955555555555556,0.0,11.955555555555556,False,0.11705726092729479,neutral,-2879.0,6.5,0.8666666666666671,False,True,False,42
p10,1.0,2.0,0,8.0,2.0,2.0,3.0,2019-12-14 10:44:32.481,2019-12-14,10.733333333333333,False,2019-12-14,True,1,0,5,96,1427.0,1068.0,466.0,True,False,8.283333333333333,7.955555555555556,87.0,88.66666666666667,6.441666666666666,6.377777777777777,10.175,9.466666666666669,9.733333333333333,9.088888888888889,67.0,67.33333333333333,21336.0,12163.0,15.6934,8.935666666666668,2879.69,2365.846666666667,323.0,247.66666666666663,70.0,34.0,31.0,14.333333333333334,101.0,48.333333333333336,424.0,296.0,466.0,636.6666666666666,67.70825576782227,67.66590468088786,0.0,0.0,145.91666666666666,48.638888888888886,0.0,0.0,False,-0.6637639573595103,bad,10038.0,72.5,1.0,False,False,False,43
p10,1.0,3.0,0,8.0,2.0,2.0,3.0,2019-12-15 09:14:08.514,2019-12-15,9.233333333333333,False,2019-12-15,True,1,0,6,96,1422.0,1064.0,434.0,True,False,7.983333333333333,8.105555555555556,92.0,88.33333333333333,5.558333333333334,5.933333333333334,8.433333333333334,9.191666666666668,8.866666666666667,9.255555555555556,69.0,67.66666666666667,18638.0,16131.0,13.7334,11.858366666666669,2941.44,2672.6,295.0,280.3333333333333,91.0,62.333333333333336,36.0,25.0,127.0,87.33333333333333,422.0,367.6666666666667,434.0,527.0,69.06270122528076,67.98759810129802,0.0,0.0,110.1,85.33888888888889,0.0,0.0,False,0.11705726092729479,neutral,6617.0,96.0,0.7000000000000002,True,False,False,44
p10,1.0,3.0,0,10.0,2.0,2.0,3.0,2019-12-16 13:44:42.545,2019-12-16,13.733333333333333,False,2019-12-16,True,1,0,0,96,1411.0,1056.0,612.0,True,False,10.516666666666667,8.927777777777777,93.0,90.66666666666669,5.141666666666667,5.713888888888889,11.866666666666667,10.158333333333331,12.716666666666669,10.43888888888889,71.0,69.0,8988.0,16320.666666666666,6.593800000000001,12.006866666666667,2374.29,2731.806666666667,273.0,297.0,20.0,60.333333333333336,3.0,23.33333333333333,23.0,83.66666666666667,296.0,380.6666666666667,612.0,504.0,71.69522476196289,69.48872725168864,0.0,0.0,17.066666666666666,91.02777777777776,0.0,0.0,False,0.11705726092729479,neutral,-3033.0,-8.0,3.2333333333333343,True,False,False,45
p10,2.0,3.0,2,8.0,3.0,3.0,3.0,2019-12-17 10:11:34.465,2019-12-17,10.183333333333334,False,2019-12-17,False,1,0,1,96,1414.0,1056.0,524.0,True,False,7.75,8.75,86.0,90.33333333333331,7.333333333333333,6.01111111111111,10.125,10.141666666666667,8.783333333333333,10.122222222222222,69.0,69.66666666666667,3440.0,10355.333333333334,2.5326000000000004,7.619933333333333,1850.95,2388.893333333333,153.0,240.33333333333331,0.0,37.0,0.0,13.0,0.0,50.0,153.0,290.3333333333333,524.0,523.3333333333334,69.99578762054443,70.2512378692627,0.0,0.0,0.0,42.38888888888889,0.0,0.0,False,0.6794370557187404,good,-8581.0,-31.0,0.21666666666666679,False,True,False,46
p10,2.0,3.0,3,7.0,4.0,3.0,3.0,2019-12-18 09:49:20.833,2019-12-18,9.816666666666666,False,2019-12-18,False,1,0,2,96,1381.0,1037.0,670.0,True,False,7.183333333333334,8.483333333333334,93.0,90.66666666666669,7.866666666666666,6.780555555555555,9.808333333333334,10.6,7.933333333333334,9.811111111111112,70.0,70.0,6784.0,6404.0,5.002800000000001,4.709733333333333,2117.7000000000003,2114.313333333333,216.0,214.0,12.0,10.666666666666666,15.0,6.0,27.0,16.666666666666668,243.0,230.66666666666663,670.0,602.0,70.0059061050415,70.56563949584961,0.0,0.0,29.883333333333333,15.65,0.0,0.0,False,0.6794370557187404,good,-5237.0,-4.0,-0.34999999999999964,False,True,False,47
p10,2.0,3.0,3,7.0,2.0,2.0,2.0,2019-12-19 08:20:29.333,2019-12-19,8.333333333333334,False,2019-12-19,False,1,0,3,96,1368.0,1016.0,690.0,True,False,7.3,7.411111111111111,91.0,90.0,5.891666666666667,7.030555555555555,8.05,9.327777777777778,8.15,8.28888888888889,70.0,69.66666666666667,7009.0,5744.333333333333,5.1546,4.23,2160.29,2042.98,264.0,211.0,8.0,6.666666666666667,2.0,5.666666666666667,10.0,12.333333333333334,274.0,223.33333333333331,690.0,628.0,70.66100215911865,70.22089862823486,0.0,0.0,0.0,9.96111111111111,0.0,0.0,False,0.0,neutral,-4594.0,-17.5,-0.2333333333333334,False,True,False,48
p10,2.0,3.0,3,8.0,2.0,3.0,3.0,2019-12-20 09:19:56.679,2019-12-20,9.316666666666666,False,2019-12-20,False,1,0,4,96,1404.0,1047.0,650.0,True,False,7.733333333333333,7.405555555555556,93.0,92.33333333333331,5.75,6.502777777777777,8.358333333333333,8.738888888888889,8.6,8.227777777777778,70.0,70.0,11392.0,8395.0,8.350900000000001,6.169433333333334,2353.56,2210.516666666667,277.0,252.33333333333331,16.0,12.0,8.0,8.333333333333334,24.0,20.33333333333333,301.0,272.6666666666667,650.0,670.0,70.1784439086914,70.28178405761719,0.0,0.0,74.25,34.71111111111111,0.0,0.0,False,0.6794370557187404,good,760.0,-3.5,0.43333333333333357,False,True,False,49
p10,2.0,2.0,3,7.0,2.0,3.0,2.0,2019-12-21 10:26:26.270,2019-12-21,10.433333333333334,False,2019-12-21,False,1,0,5,96,1411.0,1051.0,540.0,True,False,7.533333333333333,7.522222222222222,90.0,91.33333333333331,7.633333333333334,6.425,10.425,8.944444444444445,8.783333333333333,8.511111111111111,69.0,69.66666666666667,11941.0,10114.0,8.807300000000001,7.437600000000001,2386.74,2300.1966666666667,304.0,281.6666666666667,12.0,12.0,8.0,6.0,20.0,18.0,324.0,299.6666666666667,540.0,626.6666666666666,69.65894603729248,70.16613070170085,0.0,0.0,29.866666666666667,34.70555555555556,0.0,0.0,False,-0.7808212182868052,bad,805.0,-7.5,0.0,False,False,False,50
p10,2.0,3.0,4,8.0,2.0,3.0,3.0,2019-12-22 11:51:19.896,2019-12-22,11.85,False,2019-12-22,False,1,0,6,96,1413.0,1057.0,401.0,True,False,7.85,7.705555555555556,89.0,90.66666666666669,7.0,6.794444444444444,10.033333333333331,9.605555555555556,9.033333333333331,8.805555555555555,68.0,69.0,15700.0,13011.0,11.5769,9.578366666666668,2915.48,2551.9266666666667,475.0,352.0,36.0,21.33333333333333,1.0,5.666666666666667,37.0,27.0,512.0,379.0,401.0,530.3333333333334,68.53519344329834,69.45752779642741,0.0,0.0,32.43333333333333,45.51666666666667,0.0,0.0,False,0.6794370557187404,good,4564.0,11.5,0.31666666666666643,True,False,False,51
p10,2.0,3.0,3,8.0,2.0,3.0,3.0,2019-12-23 09:47:53.938,2019-12-23,9.783333333333331,False,2019-12-23,False,1,0,0,96,1297.0,937.0,533.0,False,False,,7.691666666666666,,89.5,,7.316666666666666,,10.229166666666668,,8.908333333333333,,68.5,12972.0,13537.666666666666,9.5259,9.970033333333337,2521.75,2607.99,337.0,372.0,8.0,18.666666666666668,20.0,9.666666666666666,28.0,28.33333333333333,365.0,400.3333333333333,533.0,491.3333333333333,68.19040298461914,68.79484748840332,0.0,0.0,77.66666666666667,46.65555555555556,0.0,0.0,False,0.6794370557187404,good,1836.0,2.5,,True,False,False,52
p10,3.0,3.0,4,9.0,3.0,3.0,3.0,2019-12-25 13:35:48.111,2019-12-25,13.583333333333334,False,2019-12-25,False,1,0,2,96,925.0,571.0,541.0,False,False,,,,,,,,,,,,,,14540.5,,10.7025,,2759.44,,404.0,,19.5,,23.0,,42.5,,446.5,,,,68.18162059783936,0.0,0.0,48.63333333333333,42.1,0.0,0.0,True,1.2418168505101859,good,,,,False,True,False,54
p10,3.0,4.0,5,10.0,2.0,3.0,3.0,2019-12-26 12:12:18.686,2019-12-26,12.2,False,2019-12-26,False,1,0,3,96,555.0,555.0,1301.0,False,False,,,,,,,,,,,,,,,,,,,,,,,,,,,,,,,,,0.0,0.0,0.0,16.211111111111112,0.0,0.0,True,2.022638068796991,good,,,,False,True,False,55
p10,2.0,3.0,3,7.0,2.0,3.0,3.0,2019-12-27 10:59:16.438,2019-12-27,10.983333333333333,False,2019-12-27,False,1,0,4,96,780.0,778.0,1197.0,True,False,7.666666666666667,,91.0,,7.891666666666667,,10.908333333333331,,9.016666666666667,,67.0,,4915.0,,3.6216,,2152.79,,231.0,,10.0,,2.0,,12.0,,243.0,,,,67.00711917877197,,0.0,0.0,0.0,16.211111111111112,0.0,0.0,False,0.6794370557187404,good,-7218.5,-19.0,8.881784197001252e-16,False,True,False,56
p10,2.0,3.0,4,7.0,2.0,3.0,3.0,2019-12-28 10:04:44.019,2019-12-28,10.066666666666666,False,2019-12-28,False,1,0,5,96,1383.0,1028.0,562.0,True,False,7.666666666666667,7.666666666666667,85.0,88.0,5.475,6.683333333333334,8.383333333333333,9.645833333333332,8.9,8.958333333333334,67.0,67.0,9438.0,7176.5,6.9144000000000005,5.268000000000001,2393.03,2272.91,337.0,284.0,0.0,5.0,0.0,1.0,0.0,6.0,337.0,290.0,562.0,,67.01909065246582,67.0131049156189,0.0,0.0,0.0,0.0,0.0,0.0,False,0.6794370557187404,good,-2228.5,-27.5,-0.033333333333333215,False,False,False,57
p10,2.0,4.0,4,7.0,2.0,3.0,4.0,2019-12-29 10:11:30.976,2019-12-29,10.183333333333334,False,2019-12-29,False,1,0,6,96,1409.0,1054.0,476.0,True,False,7.433333333333334,7.5888888888888895,89.0,88.33333333333333,5.758333333333334,6.375,8.325,9.205555555555556,8.566666666666666,8.827777777777778,66.0,66.66666666666667,14184.0,9512.333333333334,10.4609,6.998966666666668,2811.81,2452.543333333333,361.0,309.6666666666667,48.0,19.33333333333333,21.0,7.666666666666667,69.0,27.0,430.0,336.6666666666667,476.0,519.0,66.67599296569824,66.90073426564534,660.0,220.0,33.28333333333333,11.094444444444443,33.28333333333333,11.094444444444443,False,2.139695329724286,good,3048.0,43.5,-0.2333333333333334,True,False,False,58
p10,3.0,4.0,3,9.0,2.0,3.0,2.0,2019-12-30 11:27:20.737,2019-12-30,11.45,False,2019-12-30,False,1,0,0,96,1424.0,1068.0,483.0,True,False,9.35,8.15,88.0,87.33333333333333,6.775,6.002777777777777,11.358333333333333,9.355555555555554,10.583333333333334,9.35,68.0,67.0,13724.0,12448.666666666666,10.1208,9.165366666666667,2934.38,2713.0733333333337,379.0,359.0,27.0,25.0,37.0,19.33333333333333,64.0,44.333333333333336,443.0,403.3333333333333,483.0,507.0,68.10883808135986,67.26797389984131,480.0,380.0,0.0,11.094444444444443,0.0,11.094444444444443,False,1.3432010130782506,good,2057.5,36.5,1.6833333333333327,True,False,False,59
p10,3.0,4.0,5,10.0,3.0,3.0,3.0,2019-12-31 11:37:48.038,2019-12-31,11.616666666666667,False,2019-12-31,False,1,0,1,96,1420.0,1062.0,427.0,True,False,9.816666666666666,8.866666666666665,92.0,89.66666666666667,6.066666666666666,6.2,10.825,10.169444444444444,10.75,9.966666666666669,69.0,67.66666666666667,10563.0,12823.666666666666,7.732500000000001,9.438066666666666,2534.0,2760.063333333333,358.0,366.0,11.0,28.666666666666668,9.0,22.33333333333333,20.0,51.0,378.0,417.0,427.0,462.0,69.84789371490479,68.21090825398763,0.0,380.0,22.183333333333334,18.48888888888889,0.0,11.094444444444443,False,2.022638068796991,good,-1739.0,-11.0,2.1499999999999995,False,True,False,60
p10,3.0,4.0,5,9.0,2.0,3.0,2.0,2020-01-02 11:38:49.912,2020-01-02,11.633333333333333,False,2020-01-02,False,1,0,3,96,1015.0,657.0,585.0,True,False,8.833333333333334,9.783333333333331,93.0,91.0,6.05,6.2444444444444445,9.883333333333333,11.486111111111107,9.833333333333334,11.238888888888887,69.0,69.0,,11229.0,,8.24965,,2523.16,,370.5,,10.0,,5.0,,15.0,,385.5,,414.5,,69.45269203186035,0.0,0.0,0.0,27.87777777777778,0.0,20.48333333333333,True,1.3432010130782506,good,,,1.083333333333334,False,True,False,62
p10,2.0,3.0,5,5.0,1.0,3.0,2.0,2020-01-03 19:25:23.076,2020-01-03,19.416666666666668,False,2020-01-03,False,1,0,4,96,1240.0,883.0,456.0,False,False,,9.766666666666666,,90.5,,6.333333333333333,,11.816666666666666,,11.483333333333334,,69.0,15516.0,13705.5,11.447,10.1069,2793.41,2652.865,282.0,332.5,76.0,42.5,36.0,18.5,112.0,61.0,394.0,393.5,456.0,429.0,67.66982841491699,68.36365938186646,0.0,0.0,37.55,33.0,0.0,20.48333333333333,False,0.0,neutral,3575.0,84.0,,False,True,False,63
p10,4.0,4.0,4,11.0,4.0,2.0,2.0,2020-01-04 13:47:19.584,2020-01-04,13.783333333333331,False,2020-01-04,False,1,0,5,96,871.0,871.0,1184.0,False,False,,,,,,,,,,,,,12517.0,14016.5,10.5112,10.9791,2547.25,2670.33,198.0,240.0,13.0,44.5,45.0,40.5,58.0,85.0,256.0,325.0,,,,,360.0,120.0,48.56666666666667,28.70555555555556,29.78333333333333,9.92777777777778,False,1.905580807869696,good,576.0,30.0,,False,False,False,64
p10,2.0,3.0,4,7.0,2.0,2.0,2.0,2020-01-05 13:09:36.231,2020-01-05,13.15,False,2020-01-05,False,1,0,6,96,732.0,732.0,1096.0,False,False,,,,,,,,,,,,,17854.0,15295.666666666666,13.1771,11.711766666666668,2682.24,2674.3,209.0,229.66666666666663,90.0,59.66666666666666,45.0,42.0,135.0,101.66666666666669,344.0,331.3333333333333,,,67.9207763671875,67.79530239105225,0.0,120.0,129.71666666666667,71.94444444444444,0.0,9.92777777777778,False,0.0,neutral,5913.0,107.0,,True,False,False,65
p10,2.0,3.0,3,5.0,2.0,3.0,2.0,2020-01-06 10:45:11.430,2020-01-06,10.75,False,2020-01-06,False,1,0,0,96,6.0,6.0,1430.0,False,False,,,,,,,,,,,,,,15185.5,,11.84415,,2614.745,,203.5,,51.5,,45.0,,96.5,,300.0,,,,,0.0,120.0,0.0,59.42777777777778,0.0,9.92777777777778,True,0.0,neutral,,,,True,False,False,66
p10,1.0,3.0,2,6.0,2.0,2.0,2.0,2020-01-07 08:18:54.019,2020-01-07,8.3,False,2020-01-07,False,1,0,1,96,899.0,899.0,1155.0,True,False,6.433333333333334,,90.0,,6.908333333333333,,8.258333333333333,,7.35,,68.0,,12098.0,14976.0,10.2067,11.6919,2626.27,2654.255,232.0,220.5,9.0,49.5,44.0,44.5,53.0,94.0,285.0,314.5,,,68.34416770935059,68.13247203826904,250.0,83.33333333333333,29.966666666666665,53.22777777777778,29.966666666666665,9.988888888888887,False,-0.5623797947914455,bad,180.0,25.5,-1.3833333333333329,False,True,False,67
p10,2.0,3.0,4,7.0,3.0,3.0,1.0,2020-01-09 08:51:22.668,2020-01-09,8.85,False,2020-01-09,False,2,0,3,96,1383.0,1025.0,627.0,True,False,7.466666666666667,6.761111111111112,95.0,93.33333333333331,5.916666666666667,6.397222222222222,8.041666666666666,7.941666666666666,8.116666666666667,7.538888888888889,70.0,69.33333333333333,11295.0,11184.333333333334,8.3055,8.669166666666667,2578.26,2495.4666666666667,367.0,286.6666666666667,16.0,12.333333333333334,1.0,19.666666666666668,17.0,32.0,384.0,318.6666666666667,627.0,669.5,70.01177501678467,69.53725401560466,0.0,83.33333333333333,18.78333333333333,25.92222222222222,0.0,9.988888888888887,False,-0.6794370557187404,bad,-623.0,-10.5,-0.2833333333333332,False,True,False,69
p10,2.0,2.0,3,6.0,2.0,3.0,1.0,2020-01-10 07:52:31.953,2020-01-10,7.866666666666667,False,2020-01-10,False,1,0,4,96,1247.0,887.0,785.0,False,False,,6.925000000000001,,95.0,,6.141666666666667,,7.783333333333333,,7.633333333333334,,70.0,4892.0,8782.333333333334,3.5481000000000003,6.449633333333334,1943.57,2267.9,158.0,262.0,8.0,12.0,2.0,5.666666666666667,10.0,17.666666666666668,168.0,279.6666666666667,785.0,708.0,70.30767440795898,70.19175624847412,0.0,0.0,0.0,15.933333333333332,0.0,0.0,False,-1.4602582740055456,bad,-7026.0,-17.5,,False,True,False,70
p10,1.0,3.0,1,7.0,2.0,3.0,2.0,2020-01-12 11:08:19.412,2020-01-12,11.133333333333333,False,2020-01-12,False,1,0,6,96,836.0,477.0,674.0,False,False,,,,,,,,,,,,,,11068.0,,8.1227,,2350.455,,213.5,,22.5,,28.5,,51.0,,264.5,,,,70.653573513031,0.0,0.0,69.98333333333333,29.30555555555556,0.0,0.0,True,-0.5623797947914455,bad,,,,True,False,False,72
p10,2.0,3.0,4,7.0,2.0,3.0,2.0,2020-01-13 15:33:11.208,2020-01-13,15.55,False,2020-01-13,False,1,0,0,96,821.0,808.0,1175.0,True,False,6.833333333333333,7.183333333333334,96.0,92.5,6.05,6.779166666666667,7.533333333333333,8.783333333333333,7.483333333333333,8.0,71.0,70.5,12331.0,14787.5,9.0988,10.89805,2386.15,2571.745,189.0,229.0,36.0,36.5,40.0,47.5,76.0,84.0,265.0,313.0,,,71.54755401611328,71.27351331710815,0.0,0.0,45.25,44.388888888888886,0.0,0.0,False,0.0,neutral,436.0,50.0,-0.8333333333333339,True,False,False,73
p10,1.0,3.0,3,8.0,2.0,2.0,2.0,2020-01-14 08:54:38.725,2020-01-14,8.9,False,2020-01-14,False,1,0,1,96,1366.0,1012.0,639.0,True,False,8.2,7.516666666666666,91.0,93.5,5.75,5.9,8.825,8.179166666666667,9.066666666666666,8.275,69.0,70.0,14310.0,13320.5,11.3495,10.224150000000002,2746.4500000000003,2566.3,258.0,223.5,38.0,37.0,56.0,48.0,94.0,85.0,352.0,308.5,639.0,,69.25142478942871,70.399489402771,90.0,30.0,42.333333333333336,52.52222222222222,21.85,7.283333333333334,False,-0.5623797947914455,bad,2369.0,67.0,0.5333333333333323,False,True,False,74
p10,2.0,3.0,5,7.0,3.0,3.0,3.0,2020-01-16 07:31:17.239,2020-01-16,7.516666666666667,False,2020-01-16,False,1,0,3,96,1389.0,1033.0,747.0,True,False,7.05,7.411111111111111,97.0,94.0,5.45,6.13611111111111,7.341666666666667,8.366666666666665,7.883333333333334,8.222222222222223,68.0,68.33333333333333,8160.0,11316.333333333334,6.0246,8.618533333333334,2181.42,2434.4033333333336,210.0,241.33333333333331,11.0,20.33333333333333,9.0,32.333333333333336,20.0,52.66666666666666,230.0,294.0,747.0,660.6666666666666,68.42007446289062,68.67638715108235,0.0,30.0,0.0,28.622222222222224,0.0,7.283333333333334,False,0.6794370557187404,good,-3938.0,-17.0,-0.6166666666666671,False,True,False,76
p10,1.0,3.0,2,7.0,2.0,2.0,3.0,2020-01-17 09:29:24.766,2020-01-17,9.483333333333333,False,2020-01-17,False,1,0,4,96,1184.0,824.0,757.0,True,False,7.666666666666667,7.233333333333333,93.0,94.66666666666669,6.6,6.419444444444444,9.075,8.45,8.466666666666667,8.022222222222224,67.0,67.66666666666667,10730.0,10123.0,8.731100000000001,7.745733333333334,2244.49,2267.083333333333,181.0,215.66666666666663,4.0,9.0,25.0,22.0,29.0,31.0,210.0,246.66666666666663,,671.5,67.7160234451294,68.16458670298259,120.0,40.0,41.266666666666666,28.266666666666666,20.78333333333333,6.927777777777778,False,0.11705726092729479,neutral,-1368.0,-8.0,0.0,False,True,False,77
p10,3.0,4.0,6,8.0,3.0,3.0,3.0,2020-01-19 11:05:49.753,2020-01-19,11.083333333333334,False,2020-01-19,False,1,0,6,96,1411.0,1058.0,591.0,True,False,7.783333333333333,7.438888888888889,92.0,91.66666666666669,6.758333333333334,7.530555555555556,9.6,9.9,8.833333333333334,8.361111111111112,69.0,68.33333333333333,7731.0,8858.333333333334,5.687600000000001,6.800000000000001,2381.4,2293.613333333333,251.0,232.0,37.0,15.0,11.0,14.333333333333334,48.0,29.33333333333333,299.0,261.3333333333333,591.0,624.0,69.84018802642822,68.95134989420573,0.0,40.0,22.183333333333334,27.977777777777774,0.0,6.927777777777778,False,2.022638068796991,good,-4367.0,11.0,0.11666666666666625,True,False,False,79
p10,2.0,3.0,4,8.0,2.0,3.0,2.0,2020-01-20 11:33:11.866,2020-01-20,11.55,False,2020-01-20,False,1,0,0,96,1295.0,935.0,561.0,False,False,,7.324999999999999,,91.0,,7.995833333333334,,10.3125,,8.308333333333334,,69.0,11814.0,9219.666666666666,8.6654,6.778100000000001,2596.7200000000003,2411.023333333334,321.0,278.6666666666667,14.0,18.33333333333333,14.0,10.666666666666666,28.0,29.0,349.0,307.6666666666667,561.0,603.0,69.98996543884277,69.70933055877686,360.0,120.0,0.0,14.222222222222223,0.0,0.0,False,0.0,neutral,-81.0,-16.0,,True,False,False,80
p10,2.0,3.0,2,7.0,2.0,1.0,2.0,2020-01-22 08:54:00.358,2020-01-22,8.9,False,2020-01-22,False,1,0,2,96,1407.0,1049.0,615.0,True,False,7.7,7.466666666666667,90.0,91.0,5.55,5.775,8.358333333333333,8.245833333333334,8.8,8.466666666666667,68.0,69.0,13855.0,13196.666666666666,10.2174,9.7032,2715.51,2628.24,248.0,281.3333333333333,34.0,28.666666666666668,55.0,36.333333333333336,89.0,65.0,337.0,346.3333333333333,615.0,588.0,68.84926223754883,69.62351258595784,160.0,173.33333333333334,66.51666666666667,48.06111111111111,6.783333333333333,2.261111111111111,False,0.0,neutral,2041.0,45.0,0.16666666666666696,False,True,False,82
p10,1.0,2.0,3,7.0,2.0,3.0,2.0,2020-01-23 09:32:17.666,2020-01-23,9.533333333333331,False,2020-01-23,False,1,0,3,96,1386.0,1027.0,667.0,True,False,6.983333333333333,7.305555555555556,90.0,90.66666666666669,5.716666666666667,5.755555555555556,7.775,8.088888888888889,8.05,8.327777777777778,67.0,68.33333333333333,9414.0,12396.666666666666,6.944500000000001,9.129566666666667,2244.13,2510.7100000000005,207.0,243.33333333333331,20.0,30.666666666666668,18.0,37.66666666666666,38.0,68.33333333333333,245.0,311.6666666666667,667.0,641.0,67.18939781188965,68.68999004364014,0.0,53.333333333333336,59.75,67.97777777777777,0.0,2.261111111111111,False,-1.3432010130782506,bad,-2440.5,-8.0,-0.6166666666666663,False,True,False,83
p10,2.0,3.0,4,7.0,2.0,3.0,2.0,2020-01-24 08:54:46.648,2020-01-24,8.9,False,2020-01-24,False,1,0,4,96,1337.0,981.0,645.0,True,False,7.15,7.277777777777778,91.0,90.33333333333331,6.725,5.997222222222223,8.825,8.319444444444445,8.1,8.316666666666666,67.0,67.33333333333333,12283.0,11850.666666666666,9.0286,8.730166666666667,2398.39,2452.6766666666667,244.0,233.0,27.0,27.0,41.0,38.0,68.0,65.0,312.0,298.0,645.0,642.3333333333334,67.71687889099121,67.91851298014323,0.0,53.333333333333336,55.46666666666667,60.57777777777778,0.0,2.261111111111111,False,0.0,neutral,469.0,24.0,-0.38333333333333286,False,True,False,84
p10,2.0,2.0,4,7.0,2.0,3.0,2.0,2020-01-25 09:55:27.193,2020-01-25,9.916666666666666,False,2020-01-25,False,1,0,5,96,1392.0,1036.0,652.0,True,False,8.0,7.377777777777777,88.0,89.66666666666667,6.625,6.355555555555555,9.825,8.808333333333332,9.2,8.45,68.0,67.33333333333333,9230.0,10309.0,6.8066,7.593233333333334,2325.94,2322.82,262.0,237.66666666666663,13.0,20.0,27.0,28.666666666666668,40.0,48.66666666666666,302.0,286.3333333333333,652.0,654.6666666666666,68.69605827331543,67.86744499206543,0.0,0.0,29.03333333333333,48.083333333333336,0.0,0.0,False,-0.7808212182868052,bad,-2665.0,-8.0,0.5333333333333332,False,False,False,85
p10,1.0,3.0,3,7.0,2.0,3.0,2.0,2020-01-26 10:26:34.064,2020-01-26,10.433333333333334,False,2020-01-26,False,1,0,6,96,1401.0,1046.0,516.0,True,False,7.133333333333334,7.427777777777777,90.0,89.66666666666667,8.233333333333333,7.194444444444444,10.375,9.675,8.133333333333333,8.477777777777776,69.0,68.0,19225.0,13579.333333333334,14.132700000000002,9.989300000000002,2738.7,2487.6766666666663,252.0,252.66666666666663,46.0,28.666666666666668,74.0,47.333333333333336,120.0,76.0,372.0,328.6666666666667,516.0,604.3333333333334,69.5543098449707,68.65574900309245,180.0,60.0,96.43333333333334,60.31111111111111,0.0,0.0,False,-0.5623797947914455,bad,7330.0,72.0,-0.33333333333333304,True,False,False,86
p10,1.0,2.0,2,6.0,1.0,3.0,1.0,2020-01-28 08:02:34.474,2020-01-28,8.033333333333333,False,2020-01-28,False,1,0,1,96,1374.0,1015.0,643.0,True,False,5.933333333333334,6.611111111111111,94.0,92.66666666666669,6.325,6.802777777777777,7.466666666666667,8.38888888888889,7.133333333333334,7.577777777777778,69.0,69.0,10003.0,15008.666666666666,7.1455,10.9009,2688.52,2678.17,280.0,256.6666666666667,23.0,35.333333333333336,46.0,64.66666666666667,69.0,100.0,349.0,356.6666666666667,643.0,587.3333333333334,69.09604930877686,69.40286795298259,360.0,180.0,0.0,71.39999999999999,0.0,0.0,False,-2.022638068796991,bad,-1892.0,21.0,-1.2999999999999998,False,True,False,88
p10,1.0,3.0,3,6.0,1.0,3.0,2.0,2020-01-29 09:13:26.712,2020-01-29,9.216666666666669,False,2020-01-29,False,1,0,2,96,1408.0,1053.0,712.0,True,False,6.6,6.433333333333334,92.0,93.33333333333331,7.141666666666667,6.438888888888889,9.141666666666667,7.977777777777778,8.0,7.533333333333334,69.0,69.0,10606.0,12135.666666666666,7.877700000000001,8.815900000000001,2422.51,2572.773333333333,247.0,255.0,23.0,27.666666666666668,30.0,50.0,53.0,77.66666666666667,300.0,332.6666666666667,712.0,652.6666666666666,69.04031181335449,69.23153527577718,160.0,173.33333333333334,0.0,39.25555555555555,0.0,0.0,False,-0.5623797947914455,bad,-1289.0,0.0,-0.5500000000000007,False,True,False,89
p10,3.0,3.0,5,7.0,3.0,3.0,3.0,2020-01-30 08:55:07.510,2020-01-30,8.916666666666666,False,2020-01-30,False,1,0,3,96,1184.0,833.0,695.0,True,False,7.383333333333334,6.638888888888889,92.0,92.66666666666669,5.75,6.405555555555555,8.125,8.244444444444445,8.366666666666667,7.833333333333333,67.0,68.33333333333333,10134.0,10247.666666666666,7.4313,7.484833333333334,2242.04,2451.023333333333,241.0,256.0,8.0,18.0,16.0,30.666666666666668,24.0,48.66666666666666,265.0,304.6666666666667,,677.5,67.71104335784912,68.61580149332683,0.0,173.33333333333334,23.05,7.683333333333334,0.0,0.0,False,1.2418168505101859,good,-1680.0,-29.0,0.25,False,True,False,90
p10,3.0,3.0,5,8.0,3.0,3.0,3.0,2020-02-01 10:42:08.295,2020-02-01,10.7,False,2020-02-01,False,1,0,5,96,1394.0,1034.0,753.0,True,False,8.1,7.211111111111111,91.0,92.66666666666669,7.008333333333334,6.486111111111112,9.891666666666667,8.497222222222222,8.883333333333333,8.005555555555555,65.0,65.66666666666667,10562.0,11114.333333333334,7.508800000000001,8.069366666666667,2357.0,2337.643333333333,251.0,233.66666666666663,18.0,16.0,12.0,26.33333333333333,30.0,42.333333333333336,281.0,276.0,753.0,704.5,65.60624122619629,66.30070781707764,0.0,0.0,44.38333333333333,50.07222222222222,0.0,0.0,False,1.2418168505101859,good,-1084.5,-23.0,1.0083333333333329,False,False,False,92
p10,2.0,3.0,3,8.0,4.0,3.0,3.0,2020-02-02 10:47:54.776,2020-02-02,10.783333333333331,False,2020-02-02,False,1,0,6,96,1374.0,1018.0,456.0,True,False,8.283333333333333,7.51111111111111,93.0,93.0,7.7,7.136111111111112,10.758333333333333,9.375,9.05,8.233333333333333,64.0,64.66666666666667,22671.0,15293.333333333334,16.7225,11.166433333333336,3114.46,2628.4500000000003,296.0,252.0,62.0,34.0,93.0,52.0,155.0,86.0,451.0,338.0,456.0,621.6666666666666,64.32743549346924,65.172838528951,240.0,80.0,168.13333333333333,98.43333333333332,0.0,0.0,False,0.6794370557187404,good,11284.0,104.5,1.1499999999999995,True,False,False,93
p10,1.0,3.0,3,5.0,2.0,3.0,2.0,2020-02-03 08:23:02.776,2020-02-03,8.383333333333333,False,2020-02-03,False,1,0,0,96,1379.0,1025.0,509.0,True,False,5.6,7.327777777777778,86.0,90.0,7.183333333333334,7.297222222222222,7.791666666666667,9.480555555555556,6.6,8.177777777777777,63.0,64.0,17885.0,17039.333333333332,13.1409,12.4574,2758.37,2743.276666666666,299.0,282.0,15.0,31.666666666666668,74.0,59.66666666666666,89.0,91.33333333333331,388.0,373.3333333333333,509.0,572.6666666666666,63.93113040924072,64.62160237630208,0.0,80.0,95.58333333333331,102.7,0.0,0.0,False,-0.5623797947914455,bad,6498.0,38.5,-1.5416666666666679,True,False,False,94
p10,3.0,4.0,3,8.0,4.0,3.0,3.0,2020-02-04 08:25:28.061,2020-02-04,8.416666666666666,False,2020-02-04,False,1,0,1,96,1413.0,1056.0,700.0,True,False,8.1,7.327777777777778,95.0,91.33333333333331,4.633333333333334,6.505555555555556,7.625,8.725,8.983333333333333,8.21111111111111,65.0,64.0,10100.0,16885.333333333332,7.3828,12.4154,2626.35,2833.06,304.0,299.6666666666667,17.0,31.33333333333333,23.0,63.333333333333336,40.0,94.66666666666669,344.0,394.3333333333333,700.0,555.0,65.12787914276123,64.4621483484904,120.0,120.0,20.466666666666665,94.72777777777776,0.0,0.0,False,2.022638068796991,good,-1379.0,-13.0,0.9666666666666659,False,True,False,95
p10,2.0,3.0,5,7.0,2.0,3.0,2.0,2020-02-05 08:05:17.931,2020-02-05,8.083333333333334,False,2020-02-05,False,1,0,2,96,1368.0,1008.0,603.0,True,False,7.35,7.016666666666666,93.0,91.33333333333331,5.533333333333333,5.783333333333334,7.825,7.747222222222223,8.283333333333333,7.955555555555556,64.0,64.0,8597.0,12194.0,6.2887,8.937466666666667,2458.91,2614.543333333333,209.0,270.6666666666667,47.0,26.33333333333333,42.0,46.333333333333336,89.0,72.66666666666667,298.0,343.3333333333333,603.0,604.0,64.50824451446533,64.52241802215576,160.0,93.33333333333331,18.78333333333333,44.94444444444444,0.0,0.0,False,0.0,neutral,-2698.0,41.0,0.1999999999999993,False,True,False,96
p10,2.0,3.0,1,7.0,2.0,3.0,2.0,2020-02-06 08:46:01.532,2020-02-06,8.766666666666667,False,2020-02-06,False,1,0,3,96,1230.0,871.0,643.0,True,False,7.3,7.583333333333333,88.0,92.0,6.416666666666667,5.527777777777778,8.725,8.058333333333334,8.3,8.522222222222224,64.0,64.33333333333333,11098.0,9931.666666666666,8.0401,7.2372,2399.56,2494.94,249.0,254.0,21.0,28.33333333333333,30.0,31.666666666666668,51.0,60.0,300.0,314.0,643.0,648.6666666666666,64.07785892486572,64.57132752736409,0.0,93.33333333333331,46.1,28.450000000000003,0.0,0.0,False,0.0,neutral,-197.0,-2.0,0.06666666666666643,False,True,False,97
p10,3.0,3.0,3,8.0,3.0,3.0,3.0,2020-02-07 08:24:00.257,2020-02-07,8.4,False,2020-02-07,False,1,0,4,96,1418.0,1061.0,576.0,True,False,8.016666666666667,7.555555555555554,94.0,91.66666666666669,4.7,5.55,7.725,8.091666666666667,9.016666666666667,8.533333333333333,65.0,64.33333333333333,10308.0,10001.0,7.6004,7.309733333333334,2552.32,2470.2633333333333,324.0,260.6666666666667,32.0,33.333333333333336,10.0,27.33333333333333,42.0,60.66666666666666,366.0,321.3333333333333,576.0,607.3333333333334,65.78039932250977,64.78883425394694,0.0,53.333333333333336,0.0,21.62777777777778,0.0,0.0,False,1.2418168505101859,good,-790.0,-11.0,0.7833333333333341,False,True,False,98
p10,2.0,3.0,2,6.0,3.0,3.0,3.0,2020-02-08 10:20:25.850,2020-02-08,10.333333333333334,False,2020-02-08,False,1,0,5,96,1390.0,1033.0,542.0,True,False,6.716666666666667,7.344444444444445,91.0,91.0,7.675,6.263888888888889,9.683333333333334,8.71111111111111,8.0,8.438888888888888,67.0,65.33333333333333,15472.0,12292.666666666666,11.7567,9.132400000000002,2725.55,2559.143333333333,294.0,289.0,30.0,27.666666666666668,33.0,24.33333333333333,63.0,52.0,357.0,341.0,542.0,587.0,67.42195415496826,65.76007080078125,0.0,0.0,20.48333333333333,22.194444444444446,0.0,0.0,False,0.6794370557187404,good,4374.0,10.0,-0.5499999999999998,False,False,False,99
p10,3.0,3.0,4,7.0,3.0,3.0,3.0,2020-02-09 10:10:38.946,2020-02-09,10.166666666666666,False,2020-02-09,False,1,0,6,96,1069.0,716.0,752.0,True,False,7.55,7.427777777777777,92.0,92.33333333333331,7.875,6.75,10.158333333333331,9.18888888888889,8.283333333333333,8.433333333333332,69.0,67.0,,12890.0,,9.67855,,2638.9350000000004,,309.0,,31.0,,21.5,,52.5,,361.5,,559.0,,66.60117673873901,0.0,0.0,0.0,6.827777777777778,0.0,0.0,True,1.2418168505101859,good,,,0.3583333333333334,True,False,False,100
p10,1.0,3.0,3,6.0,1.0,2.0,2.0,2020-02-10 07:09:26.311,2020-02-10,7.15,False,2020-02-10,False,1,0,0,96,1375.0,1024.0,550.0,True,False,6.25,6.838888888888889,89.0,90.66666666666669,5.441666666666666,6.997222222222223,6.558333333333334,8.8,7.116666666666666,7.8,69.0,68.33333333333333,16729.0,16100.5,12.3946,12.07565,2914.38,2819.965,251.0,272.5,86.0,58.0,56.0,44.5,142.0,102.5,393.0,375.0,550.0,546.0,69.70269298553467,68.56232357025146,300.0,100.0,95.71666666666664,38.73333333333333,80.36666666666666,26.788888888888888,False,-0.5623797947914455,bad,5631.0,89.0,-0.9833333333333334,True,False,False,101
p10,2.0,3.0,3,6.0,2.0,2.0,2.0,2020-02-11 09:01:20.976,2020-02-11,9.016666666666667,False,2020-02-11,False,1,0,1,96,1240.0,905.0,570.0,True,False,6.3,6.7,94.0,91.66666666666669,5.816666666666666,6.377777777777777,6.783333333333333,7.833333333333333,6.966666666666667,7.455555555555556,69.0,69.0,18227.0,17478.0,13.3802,12.8874,2883.32,2898.8500000000004,343.0,297.0,59.0,72.5,41.0,48.5,100.0,121.0,443.0,418.0,570.0,560.0,69.6782579421997,69.69047546386719,0.0,100.0,17.916666666666668,37.87777777777777,0.0,26.788888888888888,False,0.0,neutral,7129.0,47.0,-0.9333333333333336,False,True,False,102
p10,2.0,2.0,3,6.0,2.0,2.0,2.0,2020-02-12 09:04:01.350,2020-02-12,9.066666666666666,False,2020-02-12,False,1,0,2,96,933.0,577.0,779.0,False,False,,6.275,,91.5,,5.629166666666666,,6.670833333333333,,7.041666666666666,,69.0,,17478.0,,12.8874,,2898.8500000000004,,297.0,,72.5,,48.5,,121.0,,418.0,,560.0,,69.69047546386719,0.0,100.0,0.0,37.87777777777777,0.0,26.788888888888888,True,-0.7808212182868052,bad,,,,False,True,False,103
p10,3.0,3.0,5,7.0,4.0,3.0,3.0,2020-02-13 07:43:23.718,2020-02-13,7.716666666666667,False,2020-02-13,False,1,0,3,96,876.0,876.0,1090.0,True,False,7.116666666666666,6.708333333333333,94.0,94.0,5.275,5.545833333333333,6.975,6.879166666666666,7.7,7.333333333333334,68.0,68.5,20445.0,19336.0,15.439700000000002,14.409950000000002,2850.27,2866.795,221.0,282.0,50.0,54.5,79.0,60.0,129.0,114.5,350.0,396.5,,,68.48076057434082,69.07950925827026,60.0,20.0,82.65,33.522222222222226,22.066666666666663,7.355555555555555,False,1.2418168505101859,good,9531.0,71.0,-0.07500000000000018,False,True,False,104
p10,1.0,3.0,2,5.0,2.0,3.0,2.0,2020-02-14 09:32:09.051,2020-02-14,9.533333333333331,False,2020-02-14,False,1,0,4,96,1012.0,656.0,695.0,True,False,4.883333333333334,6.0,87.0,90.5,8.408333333333333,6.841666666666667,7.991666666666666,7.483333333333332,5.583333333333333,6.641666666666667,68.0,68.0,,,,,,,,,,,,,,,,,,,,,0.0,20.0,52.91666666666666,45.18888888888889,0.0,7.355555555555555,True,-0.5623797947914455,bad,,,-2.3083333333333327,False,True,False,105
p10,2.0,3.0,3,8.0,2.0,3.0,2.0,2020-02-15 10:53:50.326,2020-02-15,10.883333333333333,False,2020-02-15,False,1,0,5,96,919.0,632.0,851.0,False,False,,6.0,,90.5,,6.841666666666667,,7.483333333333332,,6.641666666666667,,68.0,,,,,,,,,,,,,,,,,,,,,0.0,20.0,35.85,57.13888888888889,0.0,7.355555555555555,True,0.0,neutral,,,,False,False,False,106
p10,3.0,2.0,4,9.0,4.0,3.0,2.0,2020-02-16 11:09:33.559,2020-02-16,11.15,False,2020-02-16,False,1,0,6,96,656.0,651.0,1177.0,True,False,8.95,6.916666666666666,93.0,90.0,7.216666666666667,7.8125,11.091666666666669,9.541666666666666,9.866666666666667,7.725,70.0,69.0,,,,,,,,,,,,,,,,,,,,,0.0,0.0,130.56666666666666,73.1111111111111,0.0,0.0,True,-0.21844142349535964,neutral,,,1.799999999999999,True,False,False,107
p10,2.0,4.0,5,7.0,3.0,3.0,3.0,2020-02-17 08:11:18.803,2020-02-17,8.183333333333334,False,2020-02-17,False,1,0,0,96,1349.0,991.0,520.0,True,False,7.083333333333333,8.016666666666666,91.0,92.0,5.8,6.508333333333333,8.158333333333333,9.625,8.35,9.108333333333334,68.0,69.0,14045.0,,10.533,,2561.64,,249.0,,14.0,,65.0,,79.0,,328.0,,520.0,,68.16442108154297,,60.0,20.0,63.15,76.52222222222223,0.0,0.0,False,1.4602582740055456,good,1762.0,10.0,-0.06666666666666732,True,False,False,108
p10,1.0,2.0,4,7.0,2.0,3.0,2.0,2020-02-18 08:23:27.138,2020-02-18,8.383333333333333,False,2020-02-18,False,1,0,1,96,1381.0,1024.0,640.0,True,False,8.416666666666666,8.15,89.0,91.0,4.8,5.938888888888889,8.258333333333333,9.169444444444444,9.45,9.22222222222222,67.0,68.33333333333333,11705.0,12875.0,8.5752,9.554100000000002,2405.43,2483.535,238.0,243.5,19.0,16.5,42.0,53.5,61.0,70.0,299.0,313.5,640.0,580.0,67.41560173034668,67.79001140594482,0.0,20.0,61.45,85.05555555555556,0.0,0.0,False,-1.3432010130782506,bad,-942.0,-12.0,1.2749999999999986,False,True,False,109
p10,2.0,2.0,2,8.0,3.0,2.0,2.0,2020-02-19 08:44:34.569,2020-02-19,8.733333333333333,False,2020-02-19,False,1,0,2,96,1367.0,1011.0,496.0,True,False,7.716666666666667,7.738888888888888,91.0,90.33333333333331,5.7,5.433333333333334,8.366666666666667,8.261111111111111,8.666666666666666,8.822222222222223,67.0,67.33333333333333,17129.0,14293.0,13.3526,10.820266666666669,2785.06,2584.043333333333,270.0,252.33333333333331,30.0,21.0,77.0,61.333333333333336,107.0,82.33333333333333,377.0,334.6666666666667,496.0,552.0,67.0028133392334,67.52761205037434,350.0,136.66666666666666,72.06666666666666,65.55555555555556,19.166666666666668,6.388888888888889,False,-0.7808212182868052,bad,4846.0,38.0,0.5749999999999993,False,True,False,110
p10,3.0,2.0,3,8.0,3.0,2.0,2.0,2020-02-20 09:49:07.502,2020-02-20,9.816666666666666,False,2020-02-20,False,1,0,3,96,1393.0,1033.0,547.0,True,False,8.216666666666667,8.116666666666667,91.0,90.33333333333331,5.741666666666666,5.413888888888889,8.933333333333334,8.519444444444444,9.183333333333334,9.1,65.0,66.33333333333333,15968.0,14934.0,11.8343,11.254033333333334,2814.24,2668.2433333333333,296.0,268.0,22.0,23.666666666666668,55.0,58.0,77.0,81.66666666666667,373.0,349.6666666666667,547.0,561.0,65.9561653137207,66.7915267944336,300.0,216.66666666666663,88.75,74.08888888888889,35.0,18.05555555555556,False,-0.21844142349535964,neutral,3685.0,8.0,1.0749999999999993,False,True,False,111
p10,1.0,3.0,2,5.0,2.0,3.0,2.0,2020-02-21 09:03:59.071,2020-02-21,9.05,False,2020-02-21,False,1,0,4,96,1379.0,1019.0,520.0,True,False,5.316666666666666,7.083333333333333,95.0,92.33333333333331,6.641666666666667,6.027777777777778,6.958333333333333,8.08611111111111,6.316666666666666,8.055555555555555,64.0,65.33333333333333,13922.0,15673.0,10.706,11.9643,2547.75,2715.683333333333,320.0,295.3333333333333,8.0,20.0,41.0,57.66666666666666,49.0,77.66666666666667,369.0,373.0,520.0,521.0,64.90373229980469,65.95423698425293,0.0,216.66666666666663,32.95,64.58888888888889,32.95,29.03888888888889,False,-0.5623797947914455,bad,1275.0,-24.0,-1.9083333333333332,False,True,False,112
p10,2.0,3.0,5,6.0,2.0,3.0,3.0,2020-02-23 10:06:47.481,2020-02-23,10.1,False,2020-02-23,False,1,0,6,96,1334.0,976.0,451.0,False,False,,6.716666666666667,,94.5,,7.15,,8.808333333333334,,7.658333333333333,,64.0,21384.0,17573.666666666668,16.334200000000003,13.258900000000002,2998.31,2780.613333333333,332.0,320.6666666666667,42.0,22.33333333333333,75.0,65.33333333333333,117.0,87.66666666666667,449.0,408.3333333333333,451.0,541.6666666666666,64.3996467590332,64.44565359751384,90.0,30.0,115.21666666666668,83.81111111111112,16.216666666666665,16.38888888888889,False,0.6794370557187404,good,7339.0,40.0,,True,False,False,114
p10,1.0,3.0,3,5.0,2.0,3.0,3.0,2020-02-24 09:31:34.641,2020-02-24,9.516666666666667,False,2020-02-24,False,1,0,0,96,1015.0,1015.0,1104.0,True,False,5.433333333333334,6.775,92.0,93.0,8.425,8.041666666666668,8.466666666666667,9.5625,6.033333333333333,7.516666666666667,65.0,64.5,11624.0,16807.666666666668,8.2958,12.4555,2519.98,2771.3566666666666,287.0,309.6666666666667,31.0,30.0,18.0,57.66666666666666,49.0,87.66666666666667,336.0,397.3333333333333,,552.5,65.19313049316406,64.54211966196696,,45.0,15.366666666666667,77.95,,8.108333333333333,False,0.11705726092729479,neutral,-2421.0,-28.0,-1.8666666666666663,True,False,False,115
p10,2.0,3.0,5,7.0,3.0,3.0,3.0,2020-02-25 09:06:18.903,2020-02-25,9.1,False,2020-02-25,False,1,0,1,96,1382.0,1026.0,575.0,True,False,7.55,6.491666666666667,94.0,93.0,5.666666666666667,7.045833333333334,7.75,8.108333333333334,8.083333333333334,7.058333333333334,66.0,65.5,15410.0,16139.333333333334,11.3656,11.998533333333334,3134.59,2884.293333333333,436.0,351.6666666666667,35.0,36.0,32.0,41.66666666666666,67.0,77.66666666666667,503.0,429.3333333333333,575.0,513.0,66.94193077087402,65.51156934102376,,,0.0,43.52777777777778,,,False,0.6794370557187404,good,1488.0,-6.0,0.25,False,True,False,116
p10,2.0,3.0,2,7.0,2.0,3.0,3.0,2020-02-26 08:43:45.669,2020-02-26,8.716666666666667,False,2020-02-26,False,1,0,2,96,1410.0,1055.0,540.0,True,False,7.383333333333334,6.788888888888889,93.0,93.0,5.366666666666666,6.486111111111112,7.733333333333333,7.983333333333334,8.366666666666667,7.4944444444444445,66.0,65.66666666666667,15405.0,14146.333333333334,11.2879,10.316433333333334,2864.88,2839.816666666667,344.0,355.6666666666667,37.0,34.333333333333336,34.0,28.0,71.0,62.333333333333336,415.0,418.0,540.0,557.5,66.858642578125,66.33123461405437,,,33.28333333333333,16.216666666666665,,,False,0.6794370557187404,good,1360.0,-2.0,0.0333333333333341,False,True,False,117
p10,2.0,3.0,4,7.0,3.0,2.0,3.0,2020-02-27 16:42:44.450,2020-02-27,16.7,False,2020-02-27,False,1,0,3,96,1201.0,844.0,596.0,True,False,7.466666666666667,7.466666666666668,93.0,93.33333333333331,5.383333333333334,5.472222222222222,7.55,7.677777777777777,8.166666666666666,8.205555555555556,68.0,66.66666666666667,14304.0,15039.666666666666,10.506900000000002,11.053466666666669,2639.18,2879.55,249.0,343.0,54.0,42.0,39.0,35.0,93.0,77.0,342.0,420.0,596.0,570.3333333333334,68.3120927810669,67.37088871002197,,,,16.641666666666666,,,False,0.6794370557187404,good,-1101.0,20.0,0.08333333333333304,False,True,False,118
p10,3.0,3.0,4,8.0,2.0,2.0,3.0,2020-02-28 08:12:41.390,2020-02-28,8.2,False,2020-02-28,False,1,0,4,96,1267.0,910.0,587.0,True,False,7.95,7.6,88.0,91.33333333333331,4.2,4.983333333333333,7.3,7.527777777777778,9.1,8.544444444444444,65.0,66.33333333333333,12867.0,14192.0,9.491,10.4286,2685.62,2729.893333333333,299.0,297.3333333333333,35.0,42.0,29.0,34.0,64.0,76.0,363.0,373.3333333333333,587.0,574.3333333333334,65.86871528625488,67.01315021514893,,,,,,,False,1.2418168505101859,good,-2538.0,-13.0,0.5666666666666664,False,True,False,119
p10,2.0,4.0,1,8.0,2.0,2.0,2.0,2020-02-29 10:07:30.454,2020-02-29,10.116666666666667,False,2020-02-29,False,1,0,5,96,429.0,75.0,860.0,False,False,,7.708333333333334,,90.5,,4.791666666666667,,7.425,,8.633333333333333,,66.5,,13585.5,,9.99895,,2662.4,,274.0,,44.5,,34.0,,78.5,,352.5,,591.5,,67.09040403366089,,,,,,,True,0.7808212182868052,good,,,,False,False,False,120
p11,3.0,3.0,4,9.0,3.0,3.0,3.0,2019-11-16 09:57:22.901,2019-11-16,9.95,False,2019-11-16,False,1,0,5,107,1114.0,1072.0,806.0,True,False,8.283333333333333,,97.0,,6.35,,9.641666666666667,,9.283333333333331,,60.0,,21596.0,,15.1718,,3409.89,,571.0,,31.0,,32.0,,63.0,,634.0,,,,,,,,34.15,,,,False,0.0,neutral,,,,False,False,False,15
p11,1.0,2.0,0,5.0,3.0,3.0,3.0,2019-11-17 10:49:03.215,2019-11-17,10.816666666666666,False,2019-11-17,True,1,0,6,107,1434.0,1075.0,488.0,True,False,4.983333333333333,6.633333333333333,91.0,94.0,9.891666666666667,8.120833333333334,9.433333333333334,9.5375,5.533333333333333,7.408333333333333,64.0,62.0,11560.0,16578.0,8.0889,11.63035,2809.3,3109.5950000000003,334.0,452.5,42.0,36.5,19.0,25.5,61.0,62.0,395.0,514.5,488.0,,,,,,36.7,35.425,24.75,,False,-4.41545085331249,bad,,,,True,False,False,16
p11,3.0,3.0,7,6.0,2.0,3.0,3.0,2019-11-18 06:11:15.933,2019-11-18,6.183333333333334,False,2019-11-18,False,1,0,0,107,1423.0,1069.0,731.0,True,False,6.216666666666667,6.4944444444444445,98.0,95.33333333333331,4.791666666666667,7.01111111111111,5.991666666666666,8.355555555555556,7.2,7.338888888888889,69.0,64.33333333333333,2609.0,11921.666666666666,1.8353,8.365333333333334,2406.11,2875.1,211.0,372.0,34.0,35.666666666666664,32.0,27.666666666666668,66.0,63.333333333333336,277.0,435.3333333333333,731.0,609.5,,,,,0.0,23.616666666666664,0.0,12.375,False,0.0,neutral,,,,True,False,False,17
p11,3.0,3.0,7,6.0,3.0,2.0,3.0,2019-11-19 06:51:34.845,2019-11-19,6.85,False,2019-11-19,False,1,0,1,107,1421.0,1061.0,628.0,True,False,6.35,5.8500000000000005,98.0,95.66666666666669,4.791666666666667,6.491666666666667,6.058333333333334,7.161111111111111,7.266666666666667,6.666666666666667,66.0,66.33333333333333,16007.0,10058.666666666666,11.8227,7.248966666666668,3002.72,2739.376666666667,325.0,290.0,8.0,28.0,47.0,32.666666666666664,55.0,60.66666666666666,380.0,350.6666666666667,628.0,615.6666666666666,,,,,43.91666666666666,26.872222222222224,43.91666666666666,22.88888888888889,False,0.0,neutral,,,,False,True,False,18
p11,3.0,3.0,7,6.0,3.0,2.0,3.0,2019-11-20 22:03:15.804,2019-11-20,22.05,False,2019-11-20,False,1,0,2,107,1425.0,1070.0,691.0,True,False,6.366666666666666,6.31111111111111,96.0,97.33333333333331,5.025,4.8694444444444445,5.983333333333333,6.011111111111112,6.95,7.138888888888889,65.0,66.66666666666667,7604.0,8740.0,5.2639000000000005,6.307300000000001,2648.69,2685.84,221.0,252.33333333333331,38.0,26.666666666666668,54.0,44.333333333333336,92.0,71.0,313.0,323.3333333333333,691.0,683.3333333333334,,,510.0,,91.11666666666666,45.01111111111111,51.016666666666666,31.64444444444445,False,0.0,neutral,,,,False,True,False,19
p11,2.0,3.0,3,7.0,3.0,1.0,3.0,2019-11-21 06:36:27.621,2019-11-21,6.6,False,2019-11-21,False,1,0,3,107,1431.0,1071.0,645.0,True,False,7.3,6.672222222222222,98.0,97.33333333333331,4.508333333333334,4.775000000000001,6.591666666666667,6.211111111111111,8.083333333333334,7.433333333333334,64.0,65.0,11893.0,11834.666666666666,8.3148,8.467133333333335,2692.07,2781.16,275.0,273.6666666666667,97.0,47.66666666666666,6.0,35.666666666666664,103.0,83.33333333333333,378.0,357.0,645.0,654.6666666666666,,,0.0,255.0,90.0,75.0111111111111,90.0,61.64444444444444,False,-1.0903989702824815,bad,,,,False,True,False,20
p11,3.0,3.0,4,6.0,3.0,2.0,3.0,2019-11-22 08:28:42.093,2019-11-22,8.466666666666667,False,2019-11-22,False,1,0,4,107,1435.0,1077.0,286.0,True,False,6.05,6.572222222222222,94.0,96.0,6.275,5.269444444444445,7.241666666666666,6.605555555555555,6.966666666666667,7.333333333333333,66.0,65.0,22653.0,14050.0,15.937400000000002,9.8387,3611.14,2983.9666666666667,556.0,350.6666666666667,81.0,72.0,32.0,30.666666666666668,113.0,102.66666666666669,669.0,453.3333333333333,286.0,540.6666666666666,,,0.0,170.0,0.0,60.37222222222223,0.0,47.00555555555555,False,0.0,neutral,,,,False,True,False,21
p11,3.0,3.0,5,7.0,4.0,2.0,3.0,2019-11-23 08:39:33.625,2019-11-23,8.65,False,2019-11-23,False,1,0,5,107,1322.0,962.0,399.0,True,False,6.933333333333334,6.761111111111112,97.0,96.33333333333331,6.866666666666666,5.883333333333333,8.658333333333333,7.497222222222223,7.783333333333333,7.611111111111112,68.0,66.0,21624.0,18723.33333333333,15.2343,13.162166666666666,3125.32,3142.8433333333337,595.0,475.3333333333333,14.0,64.0,14.0,17.333333333333332,28.0,81.33333333333333,623.0,556.6666666666666,399.0,443.3333333333333,,,0.0,0.0,28.166666666666668,39.38888888888889,0.0,30.0,False,0.0,neutral,,,,False,False,False,22
p11,3.0,3.0,7,8.0,3.0,2.0,3.0,2019-11-24 09:17:49.050,2019-11-24,9.283333333333331,False,2019-11-24,False,1,0,6,107,1431.0,1072.0,410.0,True,False,8.383333333333333,7.122222222222223,99.0,96.66666666666669,5.375,6.172222222222222,8.966666666666667,8.28888888888889,9.583333333333334,8.111111111111112,67.0,67.0,17960.0,20745.666666666668,12.6537,14.608466666666668,3018.45,3251.6366666666668,527.0,559.3333333333334,14.0,36.333333333333336,22.0,22.666666666666668,36.0,59.0,563.0,618.3333333333334,410.0,365.0,,,0.0,0.0,0.0,9.38888888888889,0.0,0.0,False,0.0,neutral,,,,True,False,False,23
p11,3.0,3.0,7,6.0,3.0,3.0,3.0,2019-11-25 07:19:02.252,2019-11-25,7.316666666666666,False,2019-11-25,False,1,0,0,107,1432.0,1075.0,513.0,True,False,6.266666666666667,7.194444444444444,96.0,97.33333333333331,6.116666666666666,6.1194444444444445,6.983333333333333,8.202777777777778,6.866666666666666,8.077777777777778,65.0,66.66666666666667,17195.0,18926.33333333333,13.9362,13.941400000000002,3110.31,3084.693333333333,254.0,458.6666666666667,21.0,16.333333333333332,77.0,37.66666666666666,98.0,54.0,352.0,512.6666666666666,513.0,440.6666666666667,,,480.0,160.0,63.88333333333333,30.683333333333334,63.88333333333333,21.294444444444444,False,0.0,neutral,,,,True,False,False,24
p11,3.0,2.0,7,7.0,3.0,2.0,2.0,2019-11-26 08:42:22.597,2019-11-26,8.7,False,2019-11-26,False,1,0,1,107,1406.0,1054.0,814.0,True,False,7.733333333333333,7.461111111111111,97.0,97.33333333333331,4.666666666666667,5.38611111111111,7.183333333333334,7.711111111111111,8.516666666666667,8.322222222222223,66.0,66.0,8115.0,14423.333333333334,5.719600000000001,10.769833333333333,2172.0,2766.92,177.0,319.3333333333333,17.0,17.333333333333332,20.0,39.66666666666666,37.0,57.0,214.0,376.3333333333333,814.0,579.0,,,0.0,160.0,25.6,29.82777777777778,0.0,21.294444444444444,False,-3.397795113512094,bad,,,,False,True,False,25
p11,3.0,3.0,6,6.0,4.0,2.0,3.0,2019-11-27 06:34:09.655,2019-11-27,6.566666666666666,False,2019-11-27,False,1,0,2,107,1432.0,1073.0,601.0,True,False,6.416666666666667,6.805555555555556,96.0,96.33333333333331,4.9,5.227777777777778,6.0,6.722222222222222,7.1,7.4944444444444445,64.0,65.0,14344.0,13218.0,10.195,9.950266666666666,2829.5,2703.9366666666665,206.0,212.33333333333331,41.0,26.33333333333333,81.0,59.333333333333336,122.0,85.66666666666667,328.0,298.0,601.0,642.6666666666666,,,400.0,293.3333333333333,98.81666666666666,62.76666666666666,44.2,36.02777777777778,False,0.0,neutral,,,,False,True,False,26
p11,3.0,3.0,8,6.0,3.0,3.0,3.0,2019-11-28 06:07:58.685,2019-11-28,6.116666666666666,False,2019-11-28,False,1,0,3,107,1418.0,1061.0,655.0,True,False,6.516666666666667,6.888888888888889,97.0,96.66666666666669,5.025,4.86388888888889,6.108333333333333,6.430555555555556,7.083333333333333,7.566666666666667,66.0,65.33333333333333,13874.0,12111.0,9.7122,8.542266666666668,2617.01,2539.5033333333336,297.0,226.66666666666663,29.0,29.0,33.0,44.66666666666666,62.0,73.66666666666667,359.0,300.3333333333333,655.0,690.0,,,0.0,133.33333333333334,40.96666666666667,55.12777777777777,0.0,14.733333333333333,False,0.0,neutral,,,,False,True,False,27
p11,3.0,3.0,7,6.0,3.0,3.0,3.0,2019-11-29 07:20:24.220,2019-11-29,7.333333333333333,False,2019-11-29,False,1,0,4,107,1327.0,1004.0,654.0,True,False,6.383333333333334,6.438888888888889,99.0,97.33333333333331,4.675,4.866666666666666,5.983333333333333,6.030555555555556,7.3,7.161111111111111,65.0,65.0,20110.0,16109.333333333334,14.636400000000002,11.514533333333334,3108.21,2851.5733333333333,182.0,228.33333333333331,60.0,43.333333333333336,119.0,77.66666666666667,179.0,121.0,361.0,349.3333333333333,654.0,636.6666666666666,,,240.0,213.33333333333331,74.98333333333333,71.58888888888889,34.016666666666666,26.072222222222223,False,0.0,neutral,,,,False,True,False,28
p11,3.0,3.0,7,9.0,3.0,3.0,2.0,2019-11-30 09:02:25.055,2019-11-30,9.033333333333331,False,2019-11-30,False,1,0,5,107,1423.0,1065.0,673.0,True,False,8.983333333333333,7.294444444444444,98.0,98.0,4.941666666666666,4.880555555555556,9.008333333333333,7.033333333333334,10.066666666666666,8.15,66.0,65.66666666666667,14164.0,16049.333333333334,9.9636,11.437400000000002,2552.54,2759.2533333333336,258.0,245.66666666666663,25.0,38.0,46.0,66.0,71.0,104.0,329.0,349.6666666666667,673.0,660.6666666666666,,,0.0,80.0,28.166666666666668,48.03888888888889,0.0,11.338888888888889,False,-1.163142200764567,bad,-1011.5,6.5,2.583333333333332,False,False,False,29
p11,3.0,3.0,7,7.0,3.0,3.0,2.0,2019-12-01 10:20:54.895,2019-12-01,10.333333333333334,False,2019-12-01,False,1,0,6,107,1417.0,1073.0,527.0,True,False,7.716666666666667,7.694444444444444,98.0,98.33333333333331,5.725,5.113888888888888,8.275,7.7555555555555555,8.55,8.63888888888889,64.0,65.0,7667.0,13980.333333333334,5.397500000000001,9.999166666666667,2317.31,2659.353333333333,290.0,243.33333333333331,13.0,32.666666666666664,6.0,57.0,19.0,89.66666666666667,309.0,333.0,527.0,618.0,,,0.0,80.0,16.216666666666665,39.78888888888889,0.0,11.338888888888889,False,-1.163142200764567,bad,-6677.0,-47.0,1.2999999999999998,True,False,False,30
p11,3.0,3.0,7,6.0,3.0,3.0,2.0,2019-12-02 07:08:41.852,2019-12-02,7.133333333333334,False,2019-12-02,False,1,0,0,107,1433.0,1076.0,593.0,True,False,6.216666666666667,7.638888888888888,95.0,97.0,5.116666666666666,5.26111111111111,6.2,7.827777777777778,7.083333333333333,8.566666666666666,63.0,64.33333333333333,8142.0,9991.0,5.706300000000001,7.022466666666667,2611.05,2493.6333333333337,272.0,273.3333333333333,27.0,21.666666666666668,35.0,29.0,62.0,50.66666666666666,334.0,324.0,593.0,597.6666666666666,,,0.0,0.0,0.0,14.794444444444444,0.0,0.0,False,-1.163142200764567,bad,-6112.0,-2.5,-0.25,True,False,False,31
p11,3.0,3.0,6,6.0,3.0,3.0,2.0,2019-12-03 06:39:51.609,2019-12-03,6.65,False,2019-12-03,False,1,0,1,107,1428.0,1068.0,697.0,True,False,6.533333333333333,6.822222222222223,99.0,97.33333333333331,5.216666666666667,5.352777777777777,6.641666666666667,7.038888888888889,7.416666666666667,7.683333333333334,62.0,63.0,15265.0,10358.0,11.6407,7.581500000000001,2780.53,2569.63,228.0,263.3333333333333,21.0,20.33333333333333,69.0,36.66666666666666,90.0,57.0,318.0,320.3333333333333,697.0,605.6666666666666,,,120.0,40.0,77.55,31.25555555555556,31.466666666666665,10.488888888888887,False,-1.163142200764567,bad,1101.0,27.0,0.11666666666666625,False,True,False,32
p11,3.0,3.0,6,6.0,3.0,3.0,2.0,2019-12-04 07:10:16.557,2019-12-04,7.166666666666667,False,2019-12-04,False,1,0,2,107,1259.0,915.0,764.0,True,False,6.183333333333334,6.311111111111111,98.0,97.33333333333331,5.133333333333334,5.155555555555556,5.983333333333333,6.275,6.85,7.116666666666666,62.0,62.333333333333336,11528.0,11645.0,8.7498,8.698933333333335,2443.94,2611.84,150.0,216.66666666666663,14.0,20.666666666666668,67.0,57.0,81.0,77.66666666666667,231.0,294.3333333333333,764.0,684.6666666666666,,,120.0,80.0,79.65,52.4,23.316666666666663,18.26111111111111,False,-1.163142200764567,bad,-2726.0,16.5,-0.2833333333333332,False,True,False,33
p11,3.0,3.0,5,6.0,3.0,3.0,3.0,2019-12-05 13:32:12.474,2019-12-05,13.533333333333331,False,2019-12-05,False,1,0,3,107,1206.0,846.0,693.0,True,False,6.5,6.405555555555556,99.0,98.66666666666669,5.316666666666666,5.222222222222222,6.458333333333333,6.361111111111111,7.133333333333334,7.133333333333334,64.0,62.66666666666666,13374.0,13389.0,10.4377,10.276066666666669,2713.97,2646.146666666667,189.0,189.0,15.0,16.666666666666668,70.0,68.66666666666667,85.0,85.33333333333333,274.0,274.3333333333333,693.0,718.0,,,180.0,140.0,67.78333333333333,74.99444444444445,32.78333333333333,29.188888888888886,False,0.0,neutral,-790.0,19.0,0.08333333333333304,False,True,False,34
p11,3.0,3.0,5,8.0,3.0,3.0,2.0,2019-12-07 09:06:58.646,2019-12-07,9.1,False,2019-12-07,False,1,0,5,107,1429.0,1072.0,823.0,True,False,8.416666666666666,7.066666666666666,97.0,97.66666666666669,4.916666666666667,5.65,8.691666666666666,7.647222222222222,9.766666666666667,7.98888888888889,66.0,65.0,3324.0,12214.666666666666,2.3382,8.942066666666667,1951.74,2721.623333333333,193.0,298.3333333333333,0.0,34.0,0.0,32.0,0.0,66.0,193.0,364.3333333333333,823.0,634.0,,,0.0,60.0,0.0,22.594444444444445,0.0,10.927777777777775,False,-1.163142200764567,bad,-10840.0,-71.0,1.9999999999999991,False,False,False,36
p11,3.0,3.0,4,8.0,3.0,3.0,2.0,2019-12-08 14:26:00.034,2019-12-08,14.433333333333334,False,2019-12-08,False,1,0,6,107,1430.0,1072.0,563.0,True,False,8.216666666666667,7.638888888888888,94.0,96.0,5.183333333333334,5.605555555555557,8.5,8.327777777777778,9.316666666666666,8.716666666666667,66.0,65.66666666666667,8883.0,10717.666666666666,6.239800000000001,7.542766666666668,2397.56,2616.153333333333,251.0,319.0,5.0,30.666666666666668,35.0,20.33333333333333,40.0,51.0,291.0,370.0,563.0,590.6666666666666,,,0.0,0.0,40.1,13.366666666666667,0.0,0.0,False,-1.163142200764567,bad,-5136.0,-28.5,1.7583333333333329,True,False,False,37
p11,2.0,3.0,7,7.0,2.0,3.0,2.0,2019-12-09 09:37:02.965,2019-12-09,9.616666666666667,False,2019-12-09,False,1,0,0,107,1431.0,1074.0,667.0,True,False,6.816666666666666,7.816666666666666,95.0,95.33333333333331,4.733333333333333,4.9444444444444455,6.841666666666667,8.011111111111111,8.1,9.06111111111111,63.0,65.0,6033.0,6080.0,4.2495,4.275833333333334,2138.17,2162.49,202.0,215.33333333333331,6.0,3.6666666666666665,6.0,13.666666666666666,12.0,17.333333333333332,214.0,232.66666666666663,667.0,684.3333333333334,,,0.0,0.0,17.066666666666666,19.05555555555556,0.0,0.0,False,-2.2535411710470483,bad,-7841.0,-54.0,0.31666666666666643,True,False,False,38
p11,2.0,3.0,5,7.0,3.0,3.0,2.0,2019-12-10 09:16:14.827,2019-12-10,9.266666666666667,False,2019-12-10,False,1,0,1,107,1394.0,1037.0,660.0,True,False,7.05,7.361111111111112,97.0,95.33333333333331,4.725,4.880555555555556,6.866666666666666,7.402777777777778,8.133333333333333,8.516666666666667,62.0,63.66666666666666,8470.0,7795.333333333333,5.8841,5.4578000000000015,2421.45,2319.06,223.0,225.33333333333331,37.0,16.0,34.0,25.0,71.0,41.0,294.0,266.3333333333333,660.0,630.0,,,200.0,66.66666666666667,45.6,34.25555555555556,45.6,15.2,False,-2.2535411710470483,bad,-5154.0,6.5,0.541666666666667,False,True,False,39
p11,2.0,2.0,5,7.0,3.0,2.0,1.0,2019-12-11 09:41:32.752,2019-12-11,9.683333333333334,False,2019-12-11,False,1,0,2,107,1425.0,1068.0,746.0,True,False,6.8,6.888888888888888,98.0,96.66666666666669,4.525,4.661111111111111,6.041666666666667,6.583333333333333,7.516666666666667,7.916666666666667,61.0,62.0,6579.0,7027.333333333333,4.570200000000001,4.901266666666667,2148.19,2235.9366666666665,196.0,207.0,4.0,15.666666666666666,6.0,15.333333333333334,10.0,31.0,206.0,238.0,746.0,691.0,,,0.0,66.66666666666667,0.0,20.88888888888889,0.0,15.2,False,-5.651336284559142,bad,-6795.0,-56.0,0.2833333333333332,False,True,False,40
p11,2.0,2.0,5,8.0,2.0,3.0,3.0,2019-12-12 09:04:42.128,2019-12-12,9.066666666666666,False,2019-12-12,False,1,0,3,107,1428.0,1069.0,305.0,True,False,7.833333333333333,7.227777777777778,97.0,97.33333333333331,6.058333333333334,5.102777777777778,8.508333333333333,7.138888888888889,8.45,8.033333333333333,63.0,62.0,22884.0,12644.333333333334,16.116400000000002,8.856900000000001,3466.14,2678.593333333333,621.0,346.6666666666667,28.0,23.0,35.0,25.0,63.0,48.0,684.0,394.6666666666667,305.0,570.3333333333334,,,0.0,66.66666666666667,0.0,15.2,0.0,15.2,False,-3.325051883030008,bad,10250.5,-1.5,1.3083333333333327,False,True,False,41
p11,2.0,3.0,3,6.0,3.0,3.0,3.0,2019-12-13 22:01:36.566,2019-12-13,22.016666666666666,False,2019-12-13,False,1,0,4,107,1431.0,1073.0,431.0,True,False,5.916666666666667,6.8500000000000005,95.0,96.66666666666669,9.808333333333334,6.797222222222222,10.675,8.408333333333333,6.866666666666666,7.611111111111111,64.0,62.66666666666666,10954.0,13472.333333333334,7.668500000000001,9.4517,3124.52,2912.9500000000003,426.0,414.3333333333333,35.0,22.33333333333333,41.0,27.33333333333333,76.0,49.66666666666666,502.0,464.0,431.0,494.0,,,0.0,0.0,0.0,0.0,0.0,0.0,False,-1.0903989702824815,bad,-2420.0,13.0,-0.6166666666666663,False,True,False,42
p11,3.0,3.0,5,4.0,2.0,3.0,3.0,2019-12-14 08:32:12.135,2019-12-14,8.533333333333333,False,2019-12-14,False,1,0,5,107,1424.0,1070.0,666.0,True,False,4.333333333333333,6.027777777777778,97.0,96.33333333333331,6.908333333333333,7.591666666666668,5.791666666666667,8.325000000000001,4.883333333333334,6.733333333333333,66.0,64.33333333333333,4630.0,12822.666666666666,3.2599000000000005,9.014933333333332,2227.69,2939.4500000000003,181.0,409.3333333333333,12.0,25.0,22.0,32.666666666666664,34.0,57.66666666666666,215.0,467.0,666.0,467.3333333333333,,,0.0,0.0,0.0,0.0,0.0,0.0,False,0.0,neutral,-8003.5,-30.5,-2.1916666666666673,False,False,False,43
p11,3.0,3.0,6,6.0,4.0,3.0,3.0,2019-12-15 11:51:37.817,2019-12-15,11.85,False,2019-12-15,False,1,0,6,107,1300.0,983.0,527.0,True,False,6.466666666666667,5.572222222222223,96.0,96.0,9.275,8.66388888888889,10.283333333333331,8.916666666666666,7.0,6.25,63.0,64.33333333333333,25631.0,13738.333333333334,18.0632,9.663866666666667,3421.21,2924.4733333333334,510.0,372.3333333333333,49.0,32.0,61.0,41.333333333333336,110.0,73.33333333333333,620.0,445.6666666666667,527.0,541.3333333333334,,,0.0,0.0,96.43333333333332,32.14444444444444,27.316666666666663,9.105555555555556,False,0.0,neutral,13904.5,45.5,-0.041666666666666075,True,False,False,44
p11,3.0,3.0,6,6.0,3.0,3.0,3.0,2019-12-16 07:19:30.956,2019-12-16,7.316666666666666,False,2019-12-16,False,1,0,0,107,1433.0,1078.0,650.0,True,False,6.45,5.75,99.0,97.33333333333331,5.725,7.302777777777777,6.983333333333333,7.686111111111111,7.25,6.377777777777777,65.0,64.66666666666667,12004.0,14088.333333333334,8.4665,9.929866666666667,2872.21,2840.3700000000003,293.0,328.0,25.0,28.666666666666668,52.0,45.0,77.0,73.66666666666667,370.0,401.6666666666667,650.0,614.3333333333334,,,0.0,0.0,17.066666666666666,37.83333333333333,0.0,9.105555555555556,False,0.0,neutral,-629.5,8.5,-0.05833333333333268,True,False,False,45
p11,3.0,3.0,6,6.0,3.0,3.0,3.0,2019-12-17 08:00:50.588,2019-12-17,8.0,False,2019-12-17,False,1,0,1,107,1422.0,1062.0,410.0,True,False,6.516666666666667,6.477777777777778,90.0,95.0,6.508333333333334,7.169444444444444,7.975,8.41388888888889,7.466666666666667,7.23888888888889,63.0,63.66666666666666,21262.0,19632.33333333333,14.9431,13.824266666666668,3167.08,3153.5,559.0,454.0,16.0,30.0,20.0,44.333333333333336,36.0,74.33333333333333,595.0,528.3333333333334,410.0,529.0,,,0.0,0.0,0.0,37.83333333333333,0.0,9.105555555555556,False,0.0,neutral,8573.0,-35.0,0.008333333333333748,False,True,False,46
p11,3.0,3.0,6,6.0,3.0,3.0,3.0,2019-12-18 07:46:10.772,2019-12-18,7.766666666666667,False,2019-12-18,False,1,0,2,107,1432.0,1073.0,632.0,True,False,6.316666666666666,6.427777777777777,98.0,95.66666666666669,5.841666666666667,6.025000000000001,7.025,7.327777777777778,7.183333333333334,7.3,63.0,63.66666666666666,13750.0,15672.0,10.0933,11.167633333333333,2845.13,2961.4733333333334,274.0,375.3333333333333,30.0,23.666666666666668,56.0,42.66666666666666,86.0,66.33333333333333,360.0,441.6666666666667,632.0,564.0,,,300.0,100.0,48.53333333333333,21.866666666666664,28.9,9.633333333333333,False,0.0,neutral,1061.0,15.0,-0.20000000000000018,False,True,False,47
p11,3.0,3.0,5,8.0,3.0,3.0,3.0,2019-12-19 12:08:28.983,2019-12-19,12.133333333333333,False,2019-12-19,False,1,0,3,107,1430.0,1071.0,536.0,True,False,7.75,6.861111111111111,97.0,95.0,5.5,5.95,8.333333333333334,7.777777777777779,8.833333333333334,7.827777777777778,63.0,63.0,15139.0,16717.0,10.5917,11.876033333333334,2800.09,2937.433333333333,473.0,435.3333333333333,0.0,15.333333333333334,0.0,25.33333333333333,0.0,40.66666666666666,473.0,476.0,536.0,526.0,,,0.0,100.0,19.633333333333333,22.722222222222214,0.0,9.633333333333333,False,0.0,neutral,1577.0,-71.0,1.2333333333333334,False,True,False,48
p11,3.0,3.0,5,9.0,3.0,3.0,3.0,2019-12-20 10:39:03.967,2019-12-20,10.65,False,2019-12-20,False,1,0,4,107,1430.0,1070.0,332.0,True,False,9.233333333333333,7.766666666666667,95.0,96.66666666666669,6.308333333333334,5.883333333333333,10.591666666666669,8.65,10.283333333333331,8.766666666666667,63.0,63.0,19862.0,16250.333333333334,13.987900000000002,11.557633333333335,3302.27,2982.496666666668,517.0,421.3333333333333,26.0,18.666666666666668,35.0,30.33333333333333,61.0,49.0,578.0,470.3333333333333,332.0,500.0,,,0.0,100.0,0.0,22.722222222222214,0.0,9.633333333333333,False,0.0,neutral,6050.0,-6.0,2.716666666666666,False,True,False,49
p11,3.0,3.0,5,7.0,3.0,3.0,3.0,2019-12-21 09:29:44.163,2019-12-21,9.483333333333333,False,2019-12-21,False,1,0,5,107,1425.0,1066.0,269.0,True,False,6.916666666666667,7.966666666666666,99.0,97.0,7.066666666666666,6.291666666666667,8.441666666666666,9.122222222222222,7.366666666666666,8.827777777777778,65.0,63.66666666666666,17849.0,17616.666666666668,12.538100000000002,12.37256666666667,3097.62,3066.66,502.0,497.3333333333333,41.0,22.33333333333333,11.0,15.333333333333334,52.0,37.66666666666666,554.0,535.0,269.0,379.0,,,0.0,0.0,0.0,6.544444444444444,0.0,0.0,False,0.0,neutral,4037.0,-10.5,0.3916666666666666,False,False,False,50
p11,2.0,3.0,3,8.0,3.0,3.0,3.0,2019-12-22 14:25:48.835,2019-12-22,14.416666666666666,False,2019-12-22,False,1,0,6,107,1362.0,1005.0,440.0,True,False,7.983333333333333,8.044444444444444,94.0,96.0,6.566666666666666,6.647222222222222,9.65,9.561111111111112,9.083333333333334,8.911111111111111,64.0,64.0,16941.0,18217.33333333333,11.9343,12.820100000000002,3076.3,3158.73,518.0,512.3333333333334,20.0,29.0,20.0,22.0,40.0,51.0,558.0,563.3333333333334,440.0,347.0,,,0.0,0.0,0.0,0.0,0.0,0.0,False,-1.0903989702824815,bad,3129.0,-22.5,1.458333333333333,True,False,False,51
p11,3.0,3.0,5,6.0,2.0,3.0,3.0,2019-12-23 09:42:20.636,2019-12-23,9.7,False,2019-12-23,False,1,0,0,107,1432.0,1073.0,684.0,True,False,6.516666666666667,7.138888888888889,97.0,96.66666666666669,7.7,7.111111111111111,9.15,9.080555555555556,7.45,7.966666666666668,65.0,64.66666666666667,3350.0,12713.333333333334,2.3561,8.942833333333335,2118.54,2764.153333333333,191.0,403.6666666666667,7.0,22.666666666666668,13.0,14.666666666666666,20.0,37.333333333333336,211.0,441.0,684.0,464.3333333333333,,,0.0,0.0,0.0,0.0,0.0,0.0,False,0.0,neutral,-10462.0,-42.5,-0.008333333333333748,True,False,False,52
p11,2.0,3.0,5,7.0,3.0,3.0,2.0,2019-12-25 09:58:32.733,2019-12-25,9.966666666666669,False,2019-12-25,False,1,0,2,107,1428.0,1069.0,740.0,True,False,7.2,6.922222222222222,99.0,98.0,7.65,7.386111111111112,9.65,9.202777777777778,8.0,7.816666666666666,61.0,63.333333333333336,7402.0,6393.333333333333,5.2159,4.503566666666667,2192.35,2176.56,184.0,202.33333333333331,7.0,5.666666666666667,29.0,16.333333333333332,36.0,22.0,220.0,224.33333333333331,740.0,712.0,,,0.0,0.0,21.33333333333333,14.511111111111113,0.0,0.0,False,-2.2535411710470483,bad,-6160.0,-26.0,0.6749999999999998,False,True,False,54
p11,3.0,3.0,5,7.0,3.0,3.0,3.0,2019-12-26 09:31:06.117,2019-12-26,9.516666666666667,False,2019-12-26,False,1,0,3,107,1426.0,1069.0,729.0,True,False,7.316666666666666,7.188888888888889,99.0,98.66666666666669,6.841666666666667,7.1000000000000005,8.75,9.069444444444445,7.9,7.966666666666666,60.0,61.66666666666666,3549.0,6459.666666666667,2.4949000000000003,4.549833333333334,2150.99,2187.3766666666666,219.0,211.66666666666663,3.0,4.333333333333333,9.0,15.0,12.0,19.33333333333333,231.0,231.0,729.0,734.5,60.37471961975098,,0.0,0.0,0.0,14.511111111111113,0.0,0.0,False,0.0,neutral,-9140.0,-49.5,0.6500000000000004,False,True,False,55
p11,3.0,3.0,5,7.0,3.0,3.0,3.0,2019-12-28 09:21:32.333,2019-12-28,9.35,False,2019-12-28,False,1,0,5,107,1420.0,1060.0,683.0,True,False,7.25,7.566666666666666,97.0,97.66666666666669,5.533333333333333,5.922222222222222,8.0,8.405555555555557,8.466666666666667,8.477777777777776,58.0,58.66666666666666,3790.0,5412.0,2.6655,3.8104333333333336,2020.77,2166.4266666666667,213.0,201.0,0.0,6.666666666666667,0.0,15.666666666666666,0.0,22.33333333333333,213.0,223.33333333333331,683.0,717.3333333333334,58.00174903869629,59.07916736602783,0.0,0.0,0.0,17.63888888888889,0.0,0.0,False,0.0,neutral,-7451.0,-53.5,0.38333333333333286,False,False,False,57
p11,3.0,3.0,5,7.0,3.0,3.0,3.0,2020-01-02 07:17:02.053,2020-01-02,7.283333333333333,False,2020-01-02,False,1,0,3,107,1428.0,1069.0,703.0,True,False,7.533333333333333,7.5055555555555555,98.0,93.0,4.666666666666667,6.2,7.0,8.683333333333334,8.333333333333334,8.483333333333333,64.0,61.0,6572.0,10865.333333333334,4.6287,7.6509333333333345,2466.2,2854.93,243.0,395.3333333333333,17.0,28.33333333333333,28.0,12.666666666666666,45.0,41.0,288.0,436.3333333333333,703.0,495.6666666666667,64.12816333770752,61.07802104949951,0.0,0.0,0.0,0.0,0.0,0.0,False,0.0,neutral,-4549.0,-1.0,0.4833333333333334,False,True,False,62
p11,3.0,3.0,6,8.0,3.0,3.0,3.0,2020-01-05 09:15:42.422,2020-01-05,9.25,False,2020-01-05,False,1,0,6,107,1427.0,1068.0,469.0,True,False,8.1,6.377777777777777,97.0,94.66666666666669,6.033333333333333,6.816666666666666,9.208333333333334,8.030555555555557,9.166666666666666,7.205555555555556,67.0,65.33333333333333,15798.0,20304.666666666668,11.1286,14.266766666666667,2910.91,3248.443333333333,487.0,534.6666666666666,5.0,29.666666666666668,9.0,31.666666666666668,14.0,61.333333333333336,501.0,596.0,469.0,375.3333333333333,67.53467655181885,65.63252766927083,0.0,0.0,18.78333333333333,36.41666666666666,0.0,0.0,False,0.0,neutral,4677.0,-34.5,1.0499999999999998,True,False,False,65
p11,3.0,3.0,7,7.0,3.0,3.0,3.0,2020-01-06 08:48:01.218,2020-01-06,8.8,False,2020-01-06,False,1,0,0,107,1431.0,1071.0,664.0,True,False,7.133333333333334,6.611111111111112,98.0,96.0,4.616666666666666,5.730555555555555,6.475,7.138888888888889,7.85,7.399999999999999,65.0,65.66666666666667,3500.0,12139.666666666666,2.4598000000000004,8.519866666666667,2037.37,2714.643333333333,226.0,408.3333333333333,0.0,14.0,0.0,14.0,0.0,28.0,226.0,436.3333333333333,664.0,518.3333333333334,65.24365329742432,65.98836263020833,0.0,0.0,0.0,6.261111111111112,0.0,0.0,False,0.0,neutral,-8146.0,-48.5,0.08333333333333393,True,False,False,66
p11,3.0,3.0,6,6.0,3.0,3.0,3.0,2020-01-07 06:19:38.333,2020-01-07,6.316666666666666,False,2020-01-07,False,1,0,1,107,1430.0,1070.0,553.0,True,False,6.533333333333333,7.2555555555555555,97.0,97.33333333333331,4.9,5.183333333333333,6.308333333333334,7.330555555555556,7.4,8.138888888888888,62.0,64.66666666666667,18569.0,12622.333333333334,13.317000000000002,8.968466666666666,3193.34,2713.873333333333,316.0,343.0,31.0,12.0,69.0,26.0,100.0,38.0,416.0,381.0,553.0,562.0,62.91499423980713,65.23110802968343,90.0,30.0,46.35,21.71111111111111,30.133333333333333,10.044444444444444,False,0.0,neutral,6923.0,51.5,-0.5583333333333336,False,True,False,67
p11,3.0,3.0,6,6.0,3.0,3.0,3.0,2020-01-08 07:01:10.953,2020-01-08,7.016666666666667,False,2020-01-08,False,1,0,2,107,1426.0,1068.0,736.0,True,False,6.533333333333333,6.733333333333333,96.0,97.0,4.975,4.830555555555556,6.258333333333334,6.347222222222221,7.283333333333333,7.51111111111111,63.0,63.333333333333336,7673.0,9914.0,5.405500000000001,7.060766666666669,2272.09,2500.9333333333334,251.0,264.3333333333333,6.0,12.333333333333334,3.0,24.0,9.0,36.333333333333336,260.0,300.6666666666667,736.0,651.0,63.92638397216797,64.02834383646648,0.0,30.0,0.0,15.449999999999998,0.0,10.044444444444444,False,0.0,neutral,-5204.0,-39.5,-0.5583333333333336,False,True,False,68
p11,3.0,3.0,7,7.0,3.0,3.0,3.0,2020-01-09 12:39:48.020,2020-01-09,12.65,False,2020-01-09,False,1,0,3,107,1418.0,1061.0,532.0,True,False,7.366666666666666,6.81111111111111,97.0,96.66666666666669,4.675,4.85,6.966666666666667,6.511111111111112,8.283333333333333,7.655555555555556,65.0,63.333333333333336,15611.0,13951.0,11.1024,9.941633333333336,2886.18,2783.8700000000003,429.0,332.0,14.0,17.0,28.0,33.333333333333336,42.0,50.333333333333336,471.0,382.3333333333333,532.0,607.0,65.8426742553711,64.2280174891154,0.0,30.0,0.0,15.449999999999998,0.0,10.044444444444444,False,0.0,neutral,2734.0,-6.5,0.27499999999999947,False,True,False,69
p11,3.0,3.0,6,8.0,4.0,3.0,3.0,2020-01-10 11:49:36.118,2020-01-10,11.816666666666666,False,2020-01-10,False,1,0,4,107,1424.0,1065.0,594.0,True,False,7.75,7.216666666666666,98.0,97.0,4.708333333333333,4.786111111111111,6.983333333333333,6.736111111111111,8.266666666666667,7.944444444444445,65.0,64.33333333333333,14725.0,12669.666666666666,10.8696,9.125833333333334,2905.24,2687.8366666666666,258.0,312.6666666666667,27.0,15.666666666666666,64.0,31.666666666666668,91.0,47.333333333333336,349.0,360.0,594.0,620.6666666666666,65.14916324615479,64.97274049123128,150.0,50.0,27.3,9.1,27.3,9.1,False,0.0,neutral,1848.0,47.5,0.6583333333333332,False,True,False,70
p11,3.0,3.0,5,7.0,3.0,3.0,3.0,2020-01-11 09:29:27.340,2020-01-11,9.483333333333333,False,2020-01-11,False,1,0,5,107,1320.0,961.0,687.0,True,False,7.416666666666667,7.511111111111112,98.0,97.66666666666669,6.983333333333333,5.455555555555556,9.075,7.675,8.083333333333334,8.21111111111111,65.0,65.0,8693.0,13009.666666666666,6.1436,9.371866666666667,2368.37,2719.93,226.0,304.3333333333333,12.0,17.666666666666668,19.0,37.0,31.0,54.66666666666666,257.0,359.0,687.0,604.3333333333334,65.64431285858154,65.54538345336914,0.0,50.0,17.933333333333334,15.077777777777778,0.0,9.1,False,0.0,neutral,-5544.5,-12.5,0.25,False,False,False,71
p11,3.0,3.0,5,8.0,4.0,3.0,3.0,2020-01-12 22:42:51.955,2020-01-12,22.7,False,2020-01-12,False,1,0,6,107,1426.0,1070.0,653.0,True,False,8.65,7.938888888888889,97.0,97.66666666666669,4.983333333333333,5.558333333333334,8.558333333333334,8.205555555555556,9.566666666666666,8.638888888888888,67.0,65.66666666666667,6316.0,9911.333333333334,4.386100000000001,7.1331000000000016,2368.07,2547.226666666667,292.0,258.6666666666667,3.0,14.0,7.0,30.0,10.0,44.0,302.0,302.6666666666667,653.0,644.6666666666666,67.32419872283936,66.03922494252522,0.0,50.0,0.0,15.077777777777778,0.0,9.1,False,0.0,neutral,-7921.5,-33.5,1.4250000000000007,True,False,False,72
p11,3.0,3.0,6,6.0,3.0,3.0,3.0,2020-01-13 06:28:30.509,2020-01-13,6.466666666666667,False,2020-01-13,False,1,0,0,107,1420.0,1064.0,585.0,True,False,6.233333333333333,7.433333333333334,95.0,96.66666666666669,5.1,5.688888888888889,6.241666666666666,7.958333333333333,7.133333333333334,8.261111111111111,65.0,65.66666666666667,7784.0,7597.666666666667,5.4096,5.3131,2288.05,2341.496666666667,258.0,258.6666666666667,7.0,7.333333333333333,16.0,14.0,23.0,21.33333333333333,281.0,280.0,585.0,641.6666666666666,65.85323238372803,66.27391465504964,0.0,0.0,0.0,5.977777777777778,0.0,0.0,False,0.0,neutral,-5093.0,-18.0,-1.0499999999999998,True,False,False,73
p11,3.0,3.0,5,7.0,3.0,3.0,3.0,2020-01-14 07:31:29.139,2020-01-14,7.516666666666667,False,2020-01-14,False,1,0,1,107,1427.0,1069.0,672.0,True,False,7.216666666666667,7.366666666666667,97.0,96.33333333333331,4.933333333333334,5.005555555555556,6.858333333333333,7.219444444444444,7.916666666666667,8.205555555555556,64.0,65.33333333333333,15459.0,9853.0,11.2799,7.025200000000001,2879.85,2511.99,236.0,262.0,30.0,13.333333333333334,74.0,32.333333333333336,104.0,45.66666666666666,340.0,307.6666666666667,672.0,636.6666666666666,64.66795349121094,65.94846153259277,200.0,66.66666666666667,38.23333333333333,12.744444444444444,22.016666666666666,7.338888888888889,False,0.0,neutral,2940.0,66.0,-0.06666666666666643,False,True,False,74
p11,3.0,3.0,5,7.0,3.0,3.0,3.0,2020-01-15 07:20:13.314,2020-01-15,7.333333333333333,False,2020-01-15,False,1,0,2,107,1431.0,1071.0,703.0,True,False,7.15,6.866666666666667,94.0,95.33333333333331,5.333333333333333,5.122222222222222,7.308333333333334,6.802777777777778,7.966666666666667,7.672222222222222,63.0,64.0,11648.0,11630.333333333334,8.2163,8.301933333333334,2428.4,2532.1,215.0,236.33333333333331,12.0,16.333333333333332,35.0,41.66666666666666,47.0,58.0,262.0,294.3333333333333,703.0,653.3333333333334,63.11587524414063,64.54568703969319,0.0,66.66666666666667,46.93333333333333,28.38888888888889,0.0,7.338888888888889,False,0.0,neutral,-871.0,6.0,-0.13333333333333286,False,True,False,75
p11,3.0,3.0,7,7.0,3.0,3.0,3.0,2020-01-16 06:51:03.244,2020-01-16,6.85,False,2020-01-16,False,1,0,3,107,1421.0,1062.0,717.0,True,False,6.75,7.038888888888889,93.0,94.66666666666669,4.791666666666667,5.019444444444445,6.4,6.855555555555555,7.6,7.827777777777778,62.0,63.0,8299.0,11802.0,5.8475,8.4479,2333.45,2547.2333333333336,186.0,212.33333333333331,16.0,19.33333333333333,43.0,50.66666666666666,59.0,70.0,245.0,282.3333333333333,717.0,697.3333333333334,62.23717403411865,63.34033425649008,0.0,66.66666666666667,48.65,44.605555555555554,0.0,7.338888888888889,False,0.0,neutral,-3169.0,18.0,-0.5333333333333332,False,True,False,76
p11,3.0,3.0,7,7.0,3.0,3.0,3.0,2020-01-17 11:26:16.774,2020-01-17,11.433333333333334,False,2020-01-17,False,1,0,4,107,1428.0,1070.0,672.0,True,False,7.2,7.033333333333334,99.0,95.33333333333331,5.158333333333333,5.094444444444444,7.141666666666667,6.95,7.983333333333333,7.849999999999999,63.0,62.66666666666666,12397.0,10781.333333333334,9.0982,7.720666666666666,2663.65,2475.1666666666665,243.0,214.66666666666663,31.0,19.666666666666668,38.0,38.66666666666666,69.0,58.333333333333336,312.0,273.0,672.0,697.3333333333334,63.85519313812256,63.069414138793945,80.0,26.666666666666668,31.45,42.34444444444444,12.683333333333334,4.227777777777778,False,0.0,neutral,2304.5,25.5,-0.033333333333333215,False,True,False,77
p11,3.0,3.0,5,7.0,3.0,3.0,3.0,2020-01-18 08:37:01.495,2020-01-18,8.616666666666667,False,2020-01-18,False,1,0,5,107,1416.0,1057.0,346.0,True,False,7.616666666666666,7.188888888888889,94.0,95.33333333333331,5.833333333333333,5.261111111111112,8.308333333333334,7.283333333333334,8.466666666666667,8.016666666666666,64.0,63.0,25173.0,15289.666666666666,18.5693,11.171666666666669,3626.27,2874.4566666666665,534.0,321.0,19.0,22.0,62.0,47.66666666666666,81.0,69.66666666666667,615.0,390.6666666666667,346.0,578.3333333333334,64.52474784851074,63.53903834025065,240.0,106.66666666666669,49.8,43.3,33.583333333333336,15.422222222222222,False,0.0,neutral,15080.5,37.5,0.4083333333333323,False,False,False,78
p11,3.0,3.0,6,9.0,4.0,2.0,3.0,2020-01-19 09:02:57.112,2020-01-19,9.033333333333331,False,2020-01-19,False,1,0,6,107,1376.0,1016.0,406.0,True,False,8.983333333333333,7.933333333333333,97.0,96.66666666666669,5.0,5.330555555555555,9.025,8.158333333333333,10.016666666666667,8.822222222222223,65.0,64.0,17569.0,18379.666666666668,12.377,13.348166666666666,2967.18,3085.7000000000003,497.0,424.6666666666667,9.0,19.666666666666668,20.0,40.0,29.0,59.66666666666666,526.0,484.3333333333333,406.0,474.6666666666667,65.77804183959961,64.71932760874431,0.0,106.66666666666669,0.0,27.08333333333333,0.0,15.422222222222222,False,0.0,neutral,7476.5,-14.5,1.7499999999999991,True,False,False,79
p11,2.0,3.0,6,6.0,2.0,3.0,3.0,2020-01-20 06:50:29.974,2020-01-20,6.833333333333333,False,2020-01-20,False,1,0,0,107,1413.0,1055.0,590.0,True,False,6.316666666666666,7.638888888888888,95.0,95.33333333333331,5.0,5.277777777777778,5.983333333333333,7.772222222222222,6.983333333333333,8.488888888888889,64.0,64.33333333333333,9128.0,17290.0,6.437800000000001,12.461366666666668,2240.06,2944.5033333333336,218.0,416.3333333333333,12.0,13.333333333333334,19.0,33.666666666666664,31.0,47.0,249.0,463.3333333333333,590.0,447.3333333333333,64.2001256942749,64.83430512746175,0.0,80.0,46.1,31.96666666666667,0.0,11.194444444444445,False,-1.0903989702824815,bad,-964.5,-12.5,-0.916666666666667,True,False,False,80
p11,3.0,3.0,7,7.0,4.0,3.0,3.0,2020-01-21 06:48:17.229,2020-01-21,6.8,False,2020-01-21,False,1,0,1,107,1406.0,1047.0,652.0,True,False,7.4,7.566666666666666,96.0,96.0,4.733333333333333,4.911111111111111,6.775,7.26111111111111,8.033333333333333,8.344444444444443,62.0,63.66666666666666,10607.0,12434.666666666666,7.4247,8.7465,2883.4,2696.88,268.0,327.6666666666667,33.0,18.0,68.0,35.666666666666664,101.0,53.66666666666666,369.0,381.3333333333333,652.0,549.3333333333334,62.41092109680176,64.12969621022542,160.0,53.333333333333336,15.35,20.48333333333333,0.0,0.0,False,0.0,neutral,399.0,57.5,0.16666666666666696,False,True,False,81
p11,3.0,3.0,5,8.0,3.0,2.0,3.0,2020-01-22 08:05:48.505,2020-01-22,8.083333333333334,False,2020-01-22,False,1,0,2,107,1429.0,1070.0,659.0,True,False,7.916666666666667,7.211111111111111,96.0,95.66666666666669,4.808333333333334,4.847222222222222,7.608333333333333,6.788888888888889,8.8,7.93888888888889,63.0,63.0,11421.0,10385.333333333334,7.710100000000001,7.190866666666667,2848.76,2657.4066666666663,214.0,233.33333333333331,10.0,18.33333333333333,75.0,54.0,85.0,72.33333333333333,299.0,305.6666666666667,659.0,633.6666666666666,63.17537021636963,63.262139002482094,500.0,220.0,50.0,37.15,50.0,16.666666666666668,False,0.0,neutral,473.5,39.0,0.6333333333333337,False,True,False,82
p11,3.0,3.0,4,8.0,3.0,2.0,3.0,2020-01-23 09:39:02.881,2020-01-23,9.65,False,2020-01-23,False,1,0,3,107,1410.0,1053.0,683.0,True,False,8.25,7.855555555555557,97.0,96.33333333333331,4.591666666666667,4.711111111111111,7.691666666666666,7.358333333333334,9.1,8.644444444444444,64.0,63.0,9089.0,10372.333333333334,6.399500000000001,7.178100000000001,2229.84,2654.0,196.0,226.0,8.0,17.0,25.0,56.0,33.0,73.0,229.0,299.0,683.0,664.6666666666666,64.95485877990723,63.51371669769287,0.0,220.0,28.166666666666668,31.17222222222222,0.0,16.666666666666668,False,0.0,neutral,-2265.5,-18.0,0.9083333333333332,False,True,False,83
p11,3.0,3.0,4,6.0,3.0,3.0,3.0,2020-01-24 06:24:56.160,2020-01-24,6.4,False,2020-01-24,False,1,0,4,107,1431.0,1072.0,343.0,True,False,5.816666666666666,7.327777777777778,98.0,97.0,6.05,5.15,6.341666666666667,7.213888888888889,6.283333333333333,8.061111111111112,65.0,64.0,16862.0,12457.333333333334,11.9031,8.670900000000001,3164.75,2747.7833333333333,492.0,300.6666666666667,20.0,12.666666666666666,39.0,46.333333333333336,59.0,59.0,551.0,359.6666666666667,343.0,561.6666666666666,65.08565711975098,64.40529537200928,0.0,166.66666666666666,0.0,26.05555555555556,0.0,16.666666666666668,False,0.0,neutral,5507.5,8.0,-1.5499999999999998,False,True,False,84
p11,2.0,3.0,6,6.0,2.0,3.0,3.0,2020-01-25 09:05:28.769,2020-01-25,9.083333333333334,False,2020-01-25,False,1,0,5,107,1377.0,1053.0,738.0,True,False,6.683333333333334,6.916666666666667,92.0,95.66666666666669,7.066666666666666,5.902777777777779,8.45,7.4944444444444445,7.383333333333334,7.588888888888889,66.0,65.0,11262.0,12404.333333333334,7.9712,8.757933333333334,2513.54,2636.043333333333,306.0,331.3333333333333,6.0,11.333333333333334,13.0,25.666666666666668,19.0,37.0,325.0,368.3333333333333,738.0,588.0,66.50057983398438,65.51369857788086,0.0,0.0,0.0,9.38888888888889,0.0,0.0,False,-1.0903989702824815,bad,-272.5,-34.0,-0.625,False,False,False,85
p11,3.0,3.0,6,7.0,3.0,3.0,3.0,2020-01-26 13:40:48.125,2020-01-26,13.666666666666666,False,2020-01-26,False,1,0,6,107,1428.0,1073.0,489.0,True,False,7.35,6.616666666666667,96.0,95.33333333333331,6.466666666666667,6.527777777777778,8.825,7.872222222222223,8.35,7.338888888888889,66.0,65.66666666666667,9743.0,12622.333333333334,6.8604,8.911566666666667,3788.42,3155.57,149.0,315.6666666666667,28.0,18.0,331.0,127.66666666666669,359.0,145.66666666666666,508.0,461.3333333333333,489.0,523.3333333333334,66.42219161987305,66.00280952453613,0.0,0.0,330.0,110.0,330.0,110.0,False,0.0,neutral,-1791.5,306.0,0.05833333333333357,True,False,False,86
p11,2.0,3.0,5,6.0,4.0,3.0,3.0,2020-01-27 06:23:43.305,2020-01-27,6.383333333333334,False,2020-01-27,False,1,0,0,107,1425.0,1067.0,552.0,True,False,6.583333333333333,6.872222222222223,98.0,95.33333333333331,4.825,6.1194444444444445,6.358333333333333,7.877777777777777,7.533333333333333,7.7555555555555555,66.0,66.0,17863.0,12956.0,12.5928,9.141466666666668,3024.18,3108.713333333333,226.0,227.0,60.0,31.33333333333333,101.0,148.33333333333334,161.0,179.66666666666666,387.0,406.6666666666667,552.0,593.0,66.82357692718506,66.58211612701416,1080.0,360.0,167.18333333333334,165.7277777777778,167.18333333333334,165.7277777777778,False,-1.0903989702824815,bad,6508.5,108.0,-0.7000000000000002,True,False,False,87
p11,3.0,3.0,4,8.0,3.0,2.0,3.0,2020-01-28 08:47:08.207,2020-01-28,8.783333333333333,False,2020-01-28,False,1,0,1,107,1422.0,1064.0,719.0,True,False,8.233333333333333,7.388888888888888,96.0,96.66666666666669,4.466666666666667,5.252777777777778,7.608333333333333,7.597222222222221,9.133333333333333,8.338888888888889,67.0,66.33333333333333,7847.0,11817.666666666666,5.527100000000001,8.326766666666666,2288.66,3033.7533333333336,248.0,207.66666666666663,11.0,33.0,10.0,147.33333333333334,21.0,180.33333333333331,269.0,388.0,719.0,586.6666666666666,67.50121593475342,66.91566149393718,0.0,360.0,0.0,165.7277777777778,0.0,165.7277777777778,False,0.0,neutral,-3687.5,-32.0,1.0249999999999986,False,True,False,88
p11,3.0,3.0,5,7.0,3.0,3.0,3.0,2020-01-29 09:55:07.169,2020-01-29,9.916666666666666,False,2020-01-29,False,1,0,2,107,1424.0,1066.0,664.0,True,False,7.116666666666666,7.31111111111111,97.0,97.0,5.05,4.780555555555555,7.175,7.047222222222222,8.116666666666667,8.261111111111111,65.0,66.0,7334.0,11014.666666666666,5.1668,7.762233333333334,2173.78,2495.5399999999995,204.0,226.0,10.0,27.0,14.0,41.66666666666666,24.0,68.66666666666667,228.0,294.6666666666667,664.0,645.0,65.6588077545166,66.66120020548503,0.0,360.0,0.0,55.72777777777778,0.0,55.72777777777778,False,0.0,neutral,-4007.5,-22.0,-0.09166666666666767,False,True,False,89
p11,3.0,3.0,6,7.0,3.0,3.0,3.0,2020-01-30 07:28:40.948,2020-01-30,7.466666666666667,False,2020-01-30,False,1,0,3,107,1429.0,1071.0,666.0,True,False,7.083333333333333,7.477777777777777,96.0,96.33333333333331,5.1,4.872222222222222,7.1,7.294444444444444,8.0,8.416666666666666,64.0,65.33333333333333,10488.0,8556.333333333334,7.3904,6.028100000000001,2436.2,2299.5466666666666,236.0,229.33333333333331,21.0,14.0,30.0,18.0,51.0,32.0,287.0,261.3333333333333,666.0,683.0,64.15141868591309,65.7704807917277,0.0,0.0,15.366666666666667,5.122222222222223,0.0,0.0,False,0.0,neutral,-853.5,5.0,-0.1250000000000009,False,True,False,90
p11,2.0,3.0,4,6.0,2.0,3.0,3.0,2020-01-31 07:28:36.410,2020-01-31,7.466666666666667,False,2020-01-31,False,1,0,4,107,1420.0,1066.0,377.0,True,False,6.183333333333334,6.794444444444444,97.0,96.66666666666669,6.058333333333334,5.402777777777778,7.341666666666667,7.205555555555556,7.283333333333333,7.8,63.0,64.0,21837.0,13219.666666666666,15.307200000000002,9.288133333333334,3322.64,2644.2066666666665,489.0,309.6666666666667,31.0,20.666666666666668,63.0,35.666666666666664,94.0,56.333333333333336,583.0,366.0,377.0,569.0,63.2834529876709,64.36455980936687,0.0,0.0,56.31666666666667,23.89444444444445,0.0,0.0,False,-1.0903989702824815,bad,10495.5,45.0,-0.9916666666666671,False,True,False,91
p11,3.0,3.0,5,8.0,3.0,3.0,3.0,2020-02-01 12:09:24.823,2020-02-01,12.15,False,2020-02-01,False,1,0,5,107,1243.0,883.0,492.0,True,False,8.5,7.2555555555555555,98.0,97.0,6.191666666666666,5.783333333333334,9.241666666666667,7.894444444444446,9.05,8.111111111111112,63.0,63.333333333333336,17140.0,16488.333333333332,12.167800000000002,11.6218,3034.38,2931.0733333333337,482.0,402.3333333333333,21.0,24.33333333333333,8.0,33.666666666666664,29.0,58.0,511.0,460.3333333333333,492.0,511.6666666666667,63.40879917144776,63.61455694834391,0.0,0.0,0.0,23.89444444444445,0.0,0.0,False,0.0,neutral,5798.5,-20.0,1.3249999999999993,False,False,False,92
p11,3.0,3.0,5,6.0,2.0,3.0,3.0,2020-02-03 05:27:52.983,2020-02-03,5.45,False,2020-02-03,False,1,0,0,107,1427.0,1069.0,702.0,True,False,5.683333333333334,7.0,96.0,96.66666666666669,4.583333333333333,6.094444444444444,4.908333333333333,7.752777777777777,6.316666666666666,7.655555555555556,62.0,62.0,11730.0,15068.666666666666,8.2775,10.651333333333334,2492.38,2808.6800000000003,206.0,397.3333333333333,45.0,24.0,31.0,15.666666666666666,76.0,39.66666666666666,282.0,437.0,702.0,524.3333333333334,62.40205764770508,62.29354286193848,0.0,0.0,52.06666666666667,17.355555555555558,0.0,0.0,False,0.0,neutral,388.5,31.5,-1.4916666666666671,True,False,False,94
p11,3.0,3.0,6,9.0,4.0,3.0,3.0,2020-02-04 08:02:42.953,2020-02-04,8.033333333333333,False,2020-02-04,False,1,0,1,107,1435.0,1076.0,719.0,True,False,9.0,7.166666666666667,97.0,96.33333333333331,3.8333333333333335,5.308333333333334,7.941666666666666,7.319444444444444,10.1,8.005555555555555,63.0,62.0,8515.0,12193.666666666666,5.9713,8.585833333333333,2503.1,2631.5866666666666,342.0,350.6666666666667,0.0,17.0,0.0,13.0,0.0,30.0,342.0,380.6666666666667,719.0,600.0,63.615715980529785,62.362515131632485,0.0,0.0,0.0,17.355555555555558,0.0,0.0,False,0.0,neutral,-3019.5,-49.0,1.8249999999999993,False,True,False,95
p11,3.0,3.0,5,7.0,4.0,2.0,3.0,2020-02-05 10:44:52.140,2020-02-05,10.733333333333333,False,2020-02-05,False,1,0,2,107,1427.0,1068.0,517.0,True,False,7.033333333333333,7.238888888888888,99.0,97.33333333333331,5.483333333333333,4.633333333333333,7.458333333333333,6.769444444444443,7.966666666666667,8.127777777777778,62.0,62.333333333333336,13513.0,11252.666666666666,9.7117,7.986833333333333,2813.2,2602.893333333333,234.0,260.6666666666667,14.0,19.666666666666668,69.0,33.333333333333336,83.0,53.0,317.0,313.6666666666667,517.0,646.0,62.52847290039063,62.84874884287516,150.0,50.0,68.13333333333333,40.06666666666666,25.450000000000003,8.483333333333334,False,0.0,neutral,2171.5,38.5,-0.1750000000000007,False,True,False,96
p11,3.0,3.0,5,7.0,3.0,2.0,3.0,2020-02-06 07:37:59.752,2020-02-06,7.616666666666667,False,2020-02-06,False,1,0,3,107,1418.0,1059.0,715.0,True,False,7.333333333333333,7.788888888888889,98.0,98.0,4.375,4.563888888888889,6.95,7.45,8.566666666666666,8.877777777777778,62.0,62.333333333333336,7215.0,9747.666666666666,5.0722000000000005,6.918400000000001,2291.48,2535.9266666666667,221.0,265.6666666666667,6.0,6.666666666666667,20.0,29.666666666666668,26.0,36.333333333333336,247.0,302.0,715.0,650.3333333333334,62.34894943237305,62.83104610443115,0.0,50.0,0.0,22.71111111111111,0.0,8.483333333333334,False,0.0,neutral,-4319.5,-23.0,0.12499999999999911,False,True,False,97
p11,3.0,3.0,5,8.0,3.0,3.0,3.0,2020-02-07 09:43:11.570,2020-02-07,9.716666666666669,False,2020-02-07,False,1,0,4,107,1398.0,1038.0,400.0,True,False,7.916666666666667,7.427777777777777,95.0,97.33333333333331,5.858333333333333,5.23888888888889,8.558333333333334,7.655555555555555,8.7,8.411111111111111,61.0,61.66666666666666,16921.0,12549.666666666666,11.8942,8.8927,2943.33,2682.67,490.0,315.0,12.0,10.666666666666666,24.0,37.66666666666666,36.0,48.333333333333336,526.0,363.3333333333333,400.0,544.0,61.35254096984863,62.0766544342041,0.0,50.0,0.0,22.71111111111111,0.0,8.483333333333334,False,0.0,neutral,5579.5,-13.0,0.708333333333333,False,True,False,98
p11,3.0,3.0,8,6.0,3.0,3.0,3.0,2020-02-08 10:13:19.272,2020-02-08,10.216666666666669,False,2020-02-08,False,1,0,5,107,1415.0,1061.0,643.0,True,False,6.533333333333333,7.26111111111111,96.0,96.33333333333331,6.041666666666667,5.425,7.366666666666666,7.625,7.316666666666666,8.194444444444445,62.0,61.66666666666666,8743.0,10959.666666666666,6.160100000000001,7.708833333333334,2387.22,2540.6766666666663,262.0,324.3333333333333,4.0,7.333333333333333,9.0,17.666666666666668,13.0,25.0,275.0,349.3333333333333,643.0,586.0,62.11835861206055,61.93994967142741,0.0,0.0,0.0,0.0,0.0,0.0,False,0.0,neutral,-2598.5,-28.5,-0.6750000000000007,False,False,False,99
p11,3.0,3.0,3,6.0,2.0,3.0,3.0,2020-02-09 12:01:20.565,2020-02-09,12.016666666666667,False,2020-02-09,False,1,0,6,107,1306.0,949.0,557.0,True,False,6.433333333333334,6.961111111111111,91.0,94.0,9.975,7.291666666666667,11.15,9.025,7.166666666666667,7.727777777777778,62.0,61.66666666666666,13756.0,13140.0,9.0201,9.0248,3561.6,2964.05,252.0,334.6666666666667,79.0,31.666666666666668,113.0,48.66666666666666,192.0,80.33333333333333,444.0,415.0,557.0,533.3333333333334,62.11280345916748,61.86123434702555,480.0,160.0,75.0,25.0,57.93333333333333,19.31111111111111,False,0.0,neutral,2414.5,150.5,-0.7416666666666671,True,False,False,100
p11,3.0,3.0,7,7.0,3.0,3.0,3.0,2020-02-10 08:09:33.256,2020-02-10,8.15,False,2020-02-10,False,1,0,0,107,1422.0,1069.0,764.0,True,False,7.033333333333333,6.666666666666667,95.0,94.0,5.85,7.288888888888889,7.925,8.813888888888888,8.066666666666666,7.516666666666667,64.0,62.66666666666666,6699.0,9732.666666666666,4.8277,6.669300000000001,2357.69,2768.8366666666666,186.0,233.33333333333331,25.0,36.0,35.0,52.333333333333336,60.0,88.33333333333333,246.0,321.6666666666667,764.0,654.6666666666666,64.54501247406006,62.92539151509603,0.0,160.0,0.0,25.0,0.0,19.31111111111111,False,0.0,neutral,-4835.5,11.0,-0.09999999999999964,True,False,False,101
p11,3.0,3.0,5,6.0,3.0,2.0,3.0,2020-02-11 08:41:49.048,2020-02-11,8.683333333333334,False,2020-02-11,False,1,0,1,107,1428.0,1069.0,333.0,True,False,6.266666666666667,6.577777777777778,95.0,93.66666666666669,7.083333333333333,7.63611111111111,7.991666666666666,9.022222222222222,6.9,7.377777777777777,63.0,63.0,20762.0,13739.0,14.1878,9.3452,3868.84,3262.7100000000005,505.0,314.3333333333333,32.0,45.333333333333336,86.0,78.0,118.0,123.33333333333331,623.0,437.6666666666667,333.0,551.3333333333334,63.86756706237793,63.50846099853516,480.0,320.0,72.5,49.16666666666666,57.13333333333333,38.355555555555554,False,0.0,neutral,9227.5,63.0,-0.8666666666666663,False,True,False,102
p11,2.0,3.0,6,6.0,3.0,3.0,3.0,2020-02-12 10:05:30.247,2020-02-12,10.083333333333334,False,2020-02-12,False,1,0,2,107,1418.0,1058.0,744.0,True,False,6.0,6.433333333333333,96.0,95.33333333333331,6.066666666666666,6.333333333333333,6.691666666666666,7.536111111111111,6.616666666666666,7.194444444444444,63.0,63.333333333333336,7358.0,11606.333333333334,5.1134,8.042966666666667,2305.2,2843.91,282.0,324.3333333333333,0.0,19.0,0.0,40.333333333333336,0.0,59.333333333333336,282.0,383.6666666666667,744.0,613.6666666666666,63.55196285247803,63.988180796305336,0.0,160.0,0.0,24.166666666666668,0.0,19.044444444444444,False,-1.0903989702824815,bad,-4176.5,-55.0,-1.0999999999999996,False,True,False,103
p11,3.0,3.0,7,7.0,3.0,3.0,3.0,2020-02-13 07:36:04.412,2020-02-13,7.6,False,2020-02-13,False,1,0,3,107,1418.0,1068.0,702.0,True,False,7.35,6.538888888888889,98.0,96.33333333333331,5.141666666666667,6.097222222222221,7.575,7.419444444444444,8.433333333333334,7.316666666666667,62.0,62.66666666666666,11139.0,13086.333333333334,7.709600000000001,9.0036,2647.14,2940.393333333333,241.0,342.6666666666667,86.0,39.333333333333336,14.0,33.333333333333336,100.0,72.66666666666667,341.0,415.3333333333333,702.0,593.0,62.47495460510254,63.29816150665283,350.0,276.6666666666667,75.0,49.16666666666666,75.0,44.04444444444445,False,0.0,neutral,-202.5,45.0,0.2916666666666661,False,True,False,104
p11,3.0,3.0,5,6.0,3.0,2.0,3.0,2020-02-14 07:08:10.906,2020-02-14,7.133333333333334,False,2020-02-14,False,1,0,4,107,1427.0,1069.0,627.0,True,False,6.033333333333333,6.461111111111111,98.0,97.33333333333331,5.45,5.552777777777777,6.166666666666667,6.811111111111111,6.716666666666667,7.2555555555555555,61.0,62.0,10801.0,9766.0,7.350700000000001,6.724566666666668,2843.74,2598.693333333333,204.0,242.33333333333331,40.0,42.0,63.0,25.666666666666668,103.0,67.66666666666667,307.0,310.0,627.0,691.0,61.41959857940674,62.4821720123291,0.0,116.66666666666669,46.1,40.36666666666667,46.1,40.36666666666667,False,0.0,neutral,-540.5,48.0,-1.0666666666666664,False,True,False,105
p11,3.0,3.0,5,7.0,3.0,2.0,3.0,2020-02-15 07:56:25.762,2020-02-15,7.933333333333334,False,2020-02-15,False,1,0,5,107,1428.0,1068.0,798.0,True,False,7.566666666666666,6.983333333333333,97.0,97.66666666666669,5.65,5.413888888888889,7.908333333333333,7.216666666666666,8.25,7.8,62.0,61.66666666666666,8941.0,10293.666666666666,6.320100000000001,7.1268,2309.7,2600.193333333333,228.0,224.33333333333331,5.0,43.66666666666666,6.0,27.666666666666668,11.0,71.33333333333333,239.0,295.6666666666667,798.0,709.0,62.158249855041504,62.0176010131836,540.0,296.6666666666667,0.0,40.36666666666667,0.0,40.36666666666667,False,0.0,neutral,-2259.5,-44.0,0.5083333333333329,False,False,False,106
p11,3.0,3.0,8,7.0,2.0,3.0,3.0,2020-02-17 09:11:13.336,2020-02-17,9.183333333333334,False,2020-02-17,False,1,0,0,107,1423.0,1064.0,628.0,True,False,7.616666666666666,7.983333333333333,96.0,96.0,4.458333333333333,4.988888888888889,7.233333333333333,7.86388888888889,8.766666666666667,8.866666666666667,64.0,63.333333333333336,6023.0,11118.333333333334,4.2416,7.852100000000001,2182.66,2503.55,208.0,307.6666666666667,15.0,9.333333333333334,14.0,15.333333333333334,29.0,24.666666666666668,237.0,332.3333333333333,628.0,616.6666666666666,64.39687824249268,63.6984650293986,0.0,180.0,0.0,0.0,0.0,0.0,False,0.0,neutral,-4947.0,-14.5,0.5583333333333327,True,False,False,108
p11,3.0,3.0,6,8.0,3.0,3.0,3.0,2020-02-18 07:08:59.611,2020-02-18,7.133333333333334,False,2020-02-18,False,1,0,1,107,1421.0,1063.0,561.0,True,False,7.966666666666667,8.116666666666667,97.0,96.0,4.125,4.480555555555555,6.875,7.519444444444445,8.75,9.033333333333331,62.0,63.333333333333336,10987.0,11800.333333333334,7.4952,8.2438,3028.37,2743.1066666666666,248.0,314.3333333333333,21.0,14.666666666666666,84.0,41.333333333333336,105.0,56.0,353.0,370.3333333333333,561.0,537.6666666666666,62.51630687713623,63.81781737009684,480.0,160.0,78.8,26.266666666666666,60.016666666666666,20.00555555555556,False,0.0,neutral,17.0,61.5,0.8666666666666671,False,True,False,109
p11,3.0,3.0,5,7.0,3.0,3.0,3.0,2020-02-19 07:01:09.823,2020-02-19,7.016666666666667,False,2020-02-19,False,1,0,2,107,1425.0,1065.0,717.0,True,False,7.466666666666667,7.683333333333334,98.0,97.0,4.508333333333334,4.363888888888888,6.741666666666666,6.95,8.233333333333333,8.583333333333334,62.0,62.66666666666666,6469.0,7826.333333333333,4.463900000000001,5.400233333333333,2141.76,2450.93,150.0,202.0,13.0,16.333333333333332,35.0,44.333333333333336,48.0,60.66666666666666,198.0,262.6666666666667,717.0,635.3333333333334,62.78920936584473,63.23413149515788,0.0,160.0,15.366666666666667,31.38888888888889,0.0,20.00555555555556,False,0.0,neutral,-4594.0,4.5,0.36666666666666714,False,True,False,110
p11,2.0,3.0,8,6.0,3.0,3.0,3.0,2020-02-20 10:19:18.558,2020-02-20,10.316666666666666,False,2020-02-20,False,1,0,3,107,1423.0,1066.0,387.0,True,False,6.25,7.227777777777778,97.0,97.33333333333331,6.158333333333333,4.930555555555556,6.975,6.863888888888888,6.816666666666666,7.933333333333333,62.0,62.0,17656.0,11704.0,12.420800000000002,8.126633333333334,3074.8,2748.31,526.0,308.0,13.0,15.666666666666666,20.0,46.333333333333336,33.0,62.0,559.0,370.0,387.0,555.0,63.60581970214844,62.97044531504313,0.0,160.0,0.0,31.38888888888889,0.0,20.00555555555556,False,-1.0903989702824815,bad,6762.0,-9.0,-0.8499999999999996,False,True,False,111
p11,3.0,3.0,6,6.0,3.0,3.0,3.0,2020-02-21 07:48:57.231,2020-02-21,7.8,False,2020-02-21,False,1,0,4,107,1422.0,1063.0,666.0,True,False,6.15,6.622222222222223,94.0,96.33333333333331,5.908333333333333,5.525,7.125,6.947222222222222,7.216666666666667,7.422222222222222,63.0,62.333333333333336,13176.0,12433.666666666666,8.913,8.599233333333336,3118.15,2778.236666666666,279.0,318.3333333333333,21.0,15.666666666666666,65.0,40.0,86.0,55.66666666666666,365.0,374.0,666.0,590.0,63.44833183288574,63.28112030029297,480.0,160.0,60.0,25.122222222222224,60.0,20.0,False,0.0,neutral,2113.0,44.0,-0.9083333333333332,False,True,False,112
p11,2.0,3.0,5,7.0,2.0,2.0,3.0,2020-02-22 09:04:40.377,2020-02-22,9.066666666666666,False,2020-02-22,False,1,0,5,107,1160.0,800.0,722.0,True,False,6.966666666666667,6.455555555555556,96.0,95.66666666666669,6.866666666666666,6.31111111111111,8.783333333333333,7.627777777777777,7.916666666666667,7.316666666666666,62.0,62.333333333333336,14867.0,15233.0,11.2474,10.8604,2778.82,2990.59,210.0,338.3333333333333,19.0,17.666666666666668,56.0,47.0,75.0,64.66666666666667,285.0,403.0,,526.5,62.34277439117432,63.132308642069496,210.0,230.0,34.06666666666667,31.355555555555554,34.06666666666667,31.355555555555554,False,-1.0903989702824815,bad,3804.0,33.0,-0.09166666666666679,False,False,False,113
p11,3.0,3.0,7,8.0,3.0,3.0,3.0,2020-02-23 09:39:38.640,2020-02-23,9.65,False,2020-02-23,False,1,0,6,107,1423.0,1067.0,742.0,True,False,8.033333333333333,7.05,94.0,94.66666666666669,5.341666666666667,6.038888888888889,8.308333333333334,8.072222222222223,8.966666666666667,8.033333333333333,62.0,62.333333333333336,6757.0,11600.0,4.7724,8.310933333333333,2146.09,2681.02,214.0,234.33333333333331,3.0,14.333333333333334,6.0,42.333333333333336,9.0,56.66666666666666,223.0,291.0,742.0,704.0,62.95137119293213,62.9141591389974,0.0,230.0,0.0,31.355555555555554,0.0,31.355555555555554,False,0.0,neutral,-4306.0,-40.5,0.9749999999999996,True,False,False,114
p11,3.0,3.0,7,7.0,3.0,2.0,3.0,2020-02-24 08:17:08.975,2020-02-24,8.283333333333333,False,2020-02-24,False,1,0,0,107,1431.0,1071.0,579.0,True,False,6.933333333333334,7.311111111111111,96.0,95.33333333333331,4.875,5.694444444444444,6.683333333333334,7.925,7.8,8.227777777777778,63.0,62.333333333333336,9635.0,10419.666666666666,6.586100000000001,7.5353,2880.06,2601.6566666666663,216.0,213.33333333333331,31.0,17.666666666666668,76.0,46.0,107.0,63.66666666666666,323.0,277.0,579.0,660.5,63.31120014190674,62.86844857533773,600.0,270.0,57.35,30.472222222222225,57.35,30.472222222222225,False,0.0,neutral,-1428.0,65.0,-0.125,True,False,False,115
p11,3.0,3.0,3,7.0,3.0,1.0,3.0,2020-02-25 06:59:32.521,2020-02-25,6.983333333333333,False,2020-02-25,False,1,0,1,107,1429.0,1070.0,629.0,True,False,7.283333333333333,7.416666666666667,95.0,95.0,4.566666666666666,4.927777777777778,6.958333333333333,7.316666666666666,8.383333333333333,8.383333333333333,63.0,62.66666666666666,12761.0,9717.666666666666,7.920100000000001,6.426200000000001,2756.52,2594.2233333333334,276.0,235.33333333333331,22.0,18.666666666666668,45.0,42.333333333333336,67.0,61.0,343.0,296.3333333333333,629.0,650.0,63.48408222198486,63.248884518941246,120.0,240.0,41.7,33.01666666666667,41.7,33.01666666666667,False,0.0,neutral,1867.0,25.0,0.22499999999999964,False,True,False,116
p11,3.0,3.0,5,6.0,4.0,2.0,3.0,2020-02-26 07:20:57.853,2020-02-26,7.333333333333333,False,2020-02-26,False,1,0,2,107,1419.0,1061.0,688.0,True,False,6.583333333333333,6.933333333333334,99.0,96.66666666666669,5.325,4.922222222222222,6.983333333333333,6.875,7.65,7.944444444444444,63.0,63.0,8753.0,10383.0,5.9671,6.824433333333334,2251.43,2629.3366666666666,221.0,237.66666666666663,11.0,21.33333333333333,17.0,46.0,28.0,67.33333333333333,249.0,305.0,688.0,632.0,63.96349239349365,63.58625825246176,0.0,240.0,24.75,41.26666666666667,0.0,33.01666666666667,False,0.0,neutral,-2310.0,-21.5,-0.47500000000000053,False,True,False,117
p11,3.0,3.0,4,8.0,4.0,3.0,1.0,2020-02-27 09:53:07.030,2020-02-27,9.883333333333333,False,2020-02-27,False,1,0,3,107,1424.0,1064.0,692.0,True,False,8.066666666666666,7.31111111111111,97.0,97.0,4.541666666666667,4.811111111111111,7.466666666666667,7.13611111111111,8.916666666666666,8.316666666666666,63.0,63.0,6878.0,9464.0,4.7069,6.198033333333334,2232.64,2413.53,289.0,262.0,0.0,11.0,0.0,20.666666666666668,0.0,31.666666666666668,289.0,293.6666666666667,692.0,669.6666666666666,63.30624675750733,63.58460712432861,0.0,40.0,0.0,22.15,0.0,13.9,False,-2.326284401529134,bad,-4185.0,-49.5,1.0333333333333332,False,True,False,118
p11,2.0,3.0,4,8.0,3.0,3.0,3.0,2020-02-28 10:07:29.929,2020-02-28,10.116666666666667,False,2020-02-28,False,1,0,4,107,1398.0,1044.0,279.0,True,False,8.65,7.766666666666667,96.0,97.33333333333331,6.391666666666667,5.419444444444444,10.108333333333333,8.186111111111112,9.716666666666669,8.761111111111111,61.0,62.333333333333336,20511.0,12047.333333333334,14.266600000000002,8.313533333333334,3465.8,2649.956666666667,552.0,354.0,14.0,8.333333333333334,60.0,25.666666666666668,74.0,34.0,626.0,388.0,279.0,553.0,61.888028144836426,63.05258909861247,0.0,0.0,0.0,8.25,0.0,0.0,False,-1.0903989702824815,bad,9448.0,32.0,1.6166666666666671,False,True,False,119
p11,3.0,3.0,6,7.0,3.0,2.0,3.0,2020-03-02 06:37:50.413,2020-03-02,6.616666666666667,False,2020-03-02,False,1,0,0,107,1417.0,1060.0,583.0,True,False,7.016666666666667,7.472222222222222,96.0,96.66666666666669,4.625,5.408333333333334,6.341666666666667,7.669444444444444,7.716666666666667,8.261111111111111,61.0,61.333333333333336,15979.0,13342.333333333334,10.9283,9.3366,3352.35,2824.986666666666,249.0,315.6666666666667,43.0,15.666666666666666,110.0,44.0,153.0,59.66666666666666,402.0,375.3333333333333,583.0,529.0,61.84543800354004,61.96697680155436,540.0,180.0,76.48333333333333,25.494444444444444,52.583333333333336,17.52777777777778,False,0.0,neutral,5085.0,111.0,-0.1416666666666666,True,False,False,122
p11,3.0,3.0,8,8.0,4.0,2.0,3.0,2020-03-03 09:39:04.348,2020-03-03,9.65,False,2020-03-03,False,1,0,1,107,1392.0,1062.0,691.0,True,False,8.0,7.266666666666666,96.0,96.0,4.616666666666666,5.161111111111111,7.458333333333333,7.208333333333333,8.833333333333334,8.044444444444444,64.0,62.0,7996.0,15451.666666666666,5.6661,10.834633333333334,2319.24,3003.0333333333333,276.0,365.3333333333333,3.0,16.666666666666668,7.0,46.333333333333336,10.0,63.0,286.0,428.3333333333333,691.0,516.0,64.23892974853516,62.56739107767741,,270.0,0.0,25.494444444444444,,26.291666666666668,False,0.0,neutral,-2898.0,-32.0,0.8416666666666668,False,True,False,123
p11,2.0,3.0,5,6.0,3.0,3.0,3.0,2020-03-04 07:05:55.563,2020-03-04,7.083333333333333,False,2020-03-04,False,1,0,2,107,1422.0,1067.0,704.0,True,False,6.316666666666666,7.111111111111111,95.0,95.66666666666669,5.7,4.980555555555555,7.075,6.958333333333333,7.366666666666666,7.972222222222221,63.0,62.66666666666666,7515.0,10496.666666666666,5.2612000000000005,7.285200000000001,2204.14,2625.2433333333333,186.0,237.0,8.0,18.0,12.0,43.0,20.0,61.0,206.0,298.0,704.0,659.3333333333334,63.19683647155762,63.09373474121094,,,0.0,25.494444444444444,,,False,-1.0903989702824815,bad,-3379.0,-22.0,-0.8416666666666668,False,True,False,124
p11,2.0,3.0,4,7.0,2.0,3.0,3.0,2020-03-05 09:11:46.556,2020-03-05,9.183333333333334,False,2020-03-05,False,1,0,3,107,1424.0,1064.0,682.0,True,False,6.816666666666666,7.044444444444444,98.0,96.33333333333331,5.383333333333334,5.233333333333333,7.133333333333334,7.222222222222222,7.75,7.983333333333334,65.0,64.0,10831.0,8780.666666666666,7.53,6.152433333333334,2728.0,2417.1266666666666,233.0,231.66666666666663,26.0,12.333333333333334,57.0,25.33333333333333,83.0,37.66666666666666,316.0,269.3333333333333,682.0,692.3333333333334,65.60882663726807,64.34819761912028,,,0.0,0.0,,,False,-1.0903989702824815,bad,613.0,48.0,-0.3416666666666668,False,True,False,125
p11,2.0,3.0,3,7.0,3.0,3.0,3.0,2020-03-06 11:14:23.234,2020-03-06,11.233333333333333,False,2020-03-06,False,1,0,4,107,1406.0,1049.0,500.0,True,False,7.166666666666667,6.766666666666667,95.0,96.0,6.033333333333333,5.705555555555556,7.966666666666667,7.391666666666667,7.933333333333334,7.683333333333334,66.0,64.66666666666667,15097.0,11147.666666666666,10.5704,7.787200000000001,2964.7,2632.28,415.0,278.0,24.0,19.33333333333333,36.0,35.0,60.0,54.333333333333336,475.0,332.3333333333333,500.0,628.6666666666666,66.50652503967285,65.10406271616618,,,0.0,0.0,,,False,-1.0903989702824815,bad,4281.0,18.0,0.1416666666666666,False,True,False,126
p11,2.0,3.0,1,8.0,2.0,3.0,3.0,2020-03-07 10:04:03.735,2020-03-07,10.066666666666666,False,2020-03-07,False,1,0,5,107,1433.0,1075.0,686.0,True,False,7.966666666666667,7.316666666666666,94.0,95.66666666666669,5.475,5.630555555555556,8.5,7.866666666666667,9.016666666666667,8.233333333333334,67.0,66.0,5706.0,10544.666666666666,4.0192000000000005,7.373200000000001,2121.88,2604.86,199.0,282.3333333333333,0.0,16.666666666666668,0.0,31.0,0.0,47.66666666666666,199.0,330.0,686.0,622.6666666666666,67.85393333435059,66.65642833709717,,,0.0,0.0,,,False,-1.0903989702824815,bad,-5110.0,-54.0,0.9416666666666664,False,False,False,127
p11,2.0,2.0,2,6.0,3.0,3.0,3.0,2020-03-08 08:16:28.288,2020-03-08,8.266666666666667,False,2020-03-08,False,1,0,6,107,1403.0,1045.0,554.0,True,False,6.1,7.077777777777778,99.0,96.0,7.216666666666667,6.241666666666667,7.966666666666667,8.144444444444446,6.75,7.900000000000001,68.0,67.0,9353.0,10052.0,6.501,7.030200000000001,2549.55,2545.3766666666666,325.0,313.0,11.0,11.666666666666666,9.0,15.0,20.0,26.666666666666668,345.0,339.6666666666667,554.0,580.0,68.34346961975098,67.5679759979248,,,0.0,0.0,,,False,-3.325051883030008,bad,-1463.0,-34.0,-1.0,True,False,False,128
p11,3.0,3.0,3,7.0,3.0,3.0,3.0,2020-03-09 06:25:36.273,2020-03-09,6.416666666666667,False,2020-03-09,False,1,0,0,107,1425.0,1068.0,868.0,True,False,6.75,6.938888888888889,96.0,96.33333333333331,4.591666666666667,5.76111111111111,6.266666666666667,7.577777777777778,7.666666666666667,7.811111111111113,67.0,67.33333333333333,2153.0,5737.333333333333,1.5121000000000002,4.010766666666668,1894.33,2188.5866666666666,167.0,230.33333333333331,0.0,3.6666666666666665,0.0,3.0,0.0,6.666666666666667,167.0,237.0,868.0,702.6666666666666,67.39040946960449,67.86260414123535,,,0.0,0.0,,,False,0.0,neutral,-8065.0,-41.0,-0.34999999999999964,True,False,False,129
p11,3.0,3.0,3,7.0,4.0,3.0,2.0,2020-03-10 08:18:56.541,2020-03-10,8.3,False,2020-03-10,False,1,0,1,107,1362.0,1044.0,821.0,True,False,7.566666666666666,6.8055555555555545,95.0,96.66666666666669,4.225,5.344444444444444,6.633333333333334,6.955555555555556,8.4,7.605555555555555,65.0,66.66666666666667,4904.0,5470.0,3.3885000000000005,3.800533333333334,1975.66,2139.846666666667,159.0,217.0,0.0,3.6666666666666665,0.0,3.0,0.0,6.666666666666667,159.0,223.66666666666663,821.0,747.6666666666666,65.71077919006348,67.14821942647298,,,0.0,0.0,,,False,-1.163142200764567,bad,-5314.0,-33.5,0.47499999999999964,False,True,False,130
p11,3.0,3.0,5,7.0,3.0,3.0,3.0,2020-03-11 08:04:57.361,2020-03-11,8.066666666666666,False,2020-03-11,False,1,0,2,107,1425.0,1065.0,694.0,True,False,6.75,7.022222222222222,97.0,96.0,5.091666666666667,4.636111111111111,7.016666666666667,6.638888888888889,7.916666666666667,7.9944444444444445,64.0,65.33333333333333,6880.0,4645.666666666667,4.7384,3.2130000000000005,2204.84,2024.9433333333332,210.0,178.66666666666666,11.0,3.6666666666666665,21.0,7.0,32.0,10.666666666666666,242.0,189.33333333333331,694.0,794.3333333333334,64.62786293029785,65.90968386332194,,,0.0,0.0,,,False,0.0,neutral,-2614.0,1.0,-0.47499999999999964,False,True,False,131
p11,3.0,3.0,3,7.0,3.0,3.0,3.0,2020-03-12 11:53:29.412,2020-03-12,11.883333333333333,False,2020-03-12,False,1,0,3,107,1416.0,1064.0,611.0,True,False,6.716666666666667,7.01111111111111,98.0,96.66666666666669,5.458333333333333,4.925,6.95,6.866666666666667,7.483333333333333,7.933333333333334,63.0,64.0,16385.0,9389.666666666666,11.4008,6.509233333333334,2803.99,2328.1633333333334,248.0,205.66666666666663,23.0,11.333333333333334,83.0,34.666666666666664,106.0,46.0,354.0,251.66666666666663,611.0,708.6666666666666,63.11127471923828,64.48330561319987,,,64.86666666666666,21.62222222222222,,,False,0.0,neutral,6891.0,73.5,-0.5083333333333329,False,True,True,132
p11,3.0,3.0,3,7.0,4.0,3.0,3.0,2020-03-13 11:42:38.347,2020-03-13,11.7,False,2020-03-13,False,1,0,4,107,1430.0,1070.0,394.0,True,False,7.533333333333333,7.0,99.0,98.0,6.375,5.641666666666666,8.708333333333334,7.558333333333334,8.333333333333334,7.911111111111111,65.0,64.0,21313.0,14859.333333333334,14.8762,10.338466666666667,3378.82,2795.883333333333,522.0,326.6666666666667,49.0,27.666666666666668,26.0,43.333333333333336,75.0,71.0,597.0,397.6666666666667,394.0,566.3333333333334,65.43542861938477,64.3915220896403,,,0.0,21.62222222222222,,,False,0.0,neutral,11819.0,42.5,0.44166666666666643,False,True,True,133
p13,3.0,3.0,7,8.0,2.0,2.0,2.0,2019-11-11 15:04:24.224,2019-11-11,15.066666666666666,False,2019-11-11,False,1,0,0,72,0.0,0.0,1440.0,False,False,,,,,,,,,,,,,,,,,,,,,,,,,,,,,,,,,,,,,,,True,0.0,neutral,,,,True,False,False,10
p13,2.0,4.0,4,7.0,2.0,3.0,2.0,2019-11-12 07:42:53.414,2019-11-12,7.7,False,2019-11-12,False,3,0,1,72,562.0,562.0,1127.0,True,False,7.183333333333334,,92.0,,5.5,,7.5,,8.0,,,,,,,,,,,,,,,,,,,,,,,,200.0,,49.88333333333333,,30.266666666666666,,True,0.16148605985915568,neutral,,,,False,True,False,11
p13,2.0,4.0,4,4.0,2.0,3.0,2.0,2019-11-13 09:00:12.306,2019-11-13,9.0,False,2019-11-13,False,1,0,2,72,1392.0,1035.0,544.0,True,False,4.65,5.916666666666667,94.0,93.0,6.033333333333333,5.766666666666667,5.383333333333334,6.441666666666666,5.35,6.675,,,15896.0,,10.6147,,3092.53,,376.0,,53.0,,17.0,,70.0,,446.0,,544.0,,,,250.0,225.0,16.216666666666665,33.05,0.0,15.133333333333333,False,0.16148605985915568,neutral,,,,False,True,False,12
p13,4.0,2.0,8,7.0,2.0,4.0,2.0,2019-11-14 09:07:55.111,2019-11-14,9.116666666666667,False,2019-11-14,False,1,0,3,72,1104.0,763.0,943.0,True,False,7.033333333333333,6.288888888888889,93.0,93.0,5.266666666666667,5.6000000000000005,7.558333333333334,6.813888888888889,8.283333333333333,7.211111111111111,,,7230.0,11563.0,4.8425,7.7286,2250.79,2671.66,155.0,265.5,9.0,31.0,12.0,14.5,21.0,45.5,176.0,311.0,,,,,0.0,150.0,15.366666666666667,27.155555555555555,0.0,10.088888888888889,False,-0.16148605985915568,neutral,,,,False,True,False,13
p13,3.0,2.0,10,8.0,2.0,3.0,2.0,2019-11-15 09:02:26.819,2019-11-15,9.033333333333331,False,2019-11-15,False,1,0,4,72,1378.0,1019.0,716.0,True,False,7.433333333333334,6.372222222222223,93.0,93.33333333333331,5.3,5.533333333333334,7.766666666666667,6.902777777777778,8.466666666666667,7.366666666666667,57.0,,9631.0,10919.0,7.206,7.554400000000001,2447.51,2596.943333333333,214.0,248.33333333333331,2.0,21.33333333333333,11.0,13.333333333333334,13.0,34.666666666666664,227.0,283.0,716.0,630.0,,,0.0,83.33333333333333,0.0,10.527777777777777,0.0,0.0,False,-0.6350376271735226,bad,,,,False,True,False,14
p13,3.0,4.0,10,6.0,2.0,4.0,2.0,2019-11-16 09:09:50.071,2019-11-16,9.15,False,2019-11-16,False,1,0,5,72,1395.0,1036.0,543.0,True,False,6.616666666666666,7.027777777777779,89.0,91.66666666666669,6.783333333333333,5.783333333333332,8.658333333333333,7.9944444444444445,7.866666666666666,8.205555555555556,55.0,56.0,14562.0,10474.333333333334,11.0324,7.693633333333334,3144.04,2614.113333333333,319.0,229.33333333333331,37.0,16.0,33.0,18.666666666666668,70.0,34.666666666666664,389.0,264.0,543.0,629.5,,,0.0,0.0,23.03333333333333,12.800000000000002,0.0,0.0,False,0.6350376271735226,good,,,,False,False,False,15
p13,2.0,3.0,8,7.0,2.0,3.0,2.0,2019-11-17 18:37:45.709,2019-11-17,18.616666666666667,False,2019-11-17,False,1,0,6,72,1030.0,670.0,613.0,True,False,7.883333333333334,7.311111111111111,92.0,91.33333333333331,6.35,6.144444444444445,9.508333333333333,8.644444444444444,9.15,8.494444444444445,58.0,56.66666666666666,,12096.5,,9.1192,,2795.775,,266.5,,19.5,,22.0,,41.5,,308.0,,629.5,,,0.0,0.0,128.85,50.62777777777777,46.06666666666666,15.355555555555554,True,-0.473551567314367,neutral,,,,True,False,False,16
p13,3.0,3.0,8,7.0,3.0,2.0,2.0,2019-11-18 16:09:01.470,2019-11-18,16.15,False,2019-11-18,False,1,0,0,72,1404.0,1047.0,408.0,True,False,6.416666666666667,6.972222222222222,95.0,92.0,6.3,6.477777777777777,7.375,8.513888888888888,7.066666666666666,8.027777777777779,59.0,57.333333333333336,16003.0,15282.5,12.1229,11.577650000000002,3522.75,3333.395,416.0,367.5,65.0,51.0,2.0,17.5,67.0,68.5,483.0,436.0,408.0,475.5,,,0.0,0.0,64.85,72.24444444444444,17.916666666666668,21.32777777777778,False,0.0,neutral,,,,True,False,False,17
p13,2.0,3.0,9,7.0,3.0,2.0,2.0,2019-11-19 11:06:25.731,2019-11-19,11.1,False,2019-11-19,False,1,0,1,72,1420.0,1060.0,545.0,True,False,5.966666666666667,6.755555555555556,90.0,92.33333333333331,6.65,6.433333333333333,7.5,8.127777777777778,6.85,7.688888888888889,58.0,58.333333333333336,18871.0,17437.0,14.3045,13.2137,3841.41,3682.08,353.0,384.5,76.0,70.5,42.0,22.0,118.0,92.5,471.0,477.0,545.0,476.5,,,0.0,0.0,33.28333333333333,75.66111111111111,0.0,21.32777777777778,False,-0.473551567314367,neutral,,,,False,True,False,18
p13,2.0,4.0,6,7.0,3.0,2.0,2.0,2019-11-20 07:49:38.032,2019-11-20,7.816666666666666,False,2019-11-20,False,1,0,2,72,1420.0,1060.0,550.0,True,False,7.316666666666666,6.566666666666666,95.0,93.33333333333331,5.416666666666667,6.122222222222223,7.641666666666667,7.5055555555555555,8.216666666666667,7.377777777777777,59.0,58.66666666666666,17125.0,17333.0,12.9782,13.135200000000005,3912.88,3759.013333333334,429.0,399.3333333333333,31.0,57.333333333333336,19.0,21.0,50.0,78.33333333333333,479.0,477.6666666666667,550.0,501.0,,,270.0,90.0,23.05,40.39444444444444,0.0,5.972222222222222,False,0.16148605985915568,neutral,,,,False,True,False,19
p13,2.0,3.0,7,6.0,2.0,2.0,2.0,2019-11-21 09:20:34.407,2019-11-21,9.333333333333334,False,2019-11-21,False,1,0,3,72,1400.0,1041.0,501.0,True,False,6.416666666666667,6.566666666666667,91.0,92.0,5.975,6.013888888888888,7.416666666666667,7.519444444444445,7.433333333333334,7.5,58.0,58.333333333333336,13893.0,16629.666666666668,10.5236,12.602100000000002,3618.87,3791.053333333333,379.0,387.0,59.0,55.333333333333336,8.0,23.0,67.0,78.33333333333333,446.0,465.3333333333333,501.0,532.0,,,0.0,90.0,0.0,18.77777777777777,0.0,0.0,False,-0.473551567314367,neutral,,,,False,True,False,20
p13,2.0,4.0,4,7.0,2.0,2.0,2.0,2019-11-22 09:37:57.564,2019-11-22,9.616666666666667,False,2019-11-22,False,1,0,4,72,1266.0,907.0,578.0,True,False,6.3,6.677777777777777,89.0,91.66666666666669,5.866666666666666,5.752777777777777,7.133333333333334,7.397222222222222,7.266666666666667,7.638888888888888,60.0,59.0,16814.0,15944.0,12.6523,12.051366666666668,3832.0,3787.9166666666665,299.0,369.0,56.0,48.66666666666666,61.0,29.33333333333333,117.0,78.0,416.0,447.0,578.0,543.0,,,0.0,90.0,56.333333333333336,26.461111111111112,0.0,0.0,False,0.16148605985915568,neutral,,,,False,True,False,21
p13,1.0,2.0,2,7.0,4.0,1.0,2.0,2019-11-24 00:55:25.919,2019-11-24,0.9166666666666666,True,2019-11-23,False,1,0,5,72,1378.0,1018.0,461.0,True,False,6.6,6.438888888888889,96.0,92.0,6.65,6.163888888888889,8.05,7.533333333333334,7.4,7.366666666666667,59.0,59.0,20085.0,16930.666666666668,15.2642,12.813366666666669,4385.08,3945.316666666667,347.0,341.6666666666667,120.0,78.33333333333333,76.0,48.333333333333336,196.0,126.66666666666669,543.0,468.3333333333333,461.0,513.3333333333334,,,0.0,0.0,0.0,18.77777777777778,0.0,0.0,False,-1.5821407618022565,bad,,,,False,False,False,22
p13,1.0,2.0,1,6.0,3.0,1.0,3.0,2019-11-24 21:25:19.542,2019-11-24,21.416666666666668,False,2019-11-24,False,1,0,6,72,496.0,142.0,947.0,True,False,6.25,6.383333333333333,91.0,92.0,7.008333333333334,6.508333333333334,8.458333333333334,7.8805555555555555,7.45,7.372222222222223,60.0,59.66666666666666,,18449.5,,13.95825,,4108.54,,323.0,,88.0,,68.5,,156.5,,479.5,,519.5,,,0.0,0.0,0.0,18.77777777777778,0.0,0.0,True,-0.8402506877462941,bad,,,,True,False,False,23
p13,1.0,3.0,2,7.0,4.0,1.0,2.0,2019-11-25 09:12:52.714,2019-11-25,9.2,False,2019-11-25,False,1,0,0,72,1429.0,1070.0,407.0,True,False,7.1,6.65,93.0,93.33333333333331,5.383333333333334,6.347222222222222,7.475,7.9944444444444445,8.083333333333334,7.644444444444446,59.0,59.333333333333336,21119.0,20602.0,15.9979,15.631050000000002,4192.86,4288.969999999999,496.0,421.5,58.0,89.0,32.0,54.0,90.0,143.0,586.0,564.5,407.0,434.0,,,0.0,0.0,86.2,28.73333333333333,0.0,0.0,False,-0.947103134628734,bad,,,,True,False,False,24
p13,2.0,2.0,6,7.0,4.0,2.0,2.0,2019-11-27 16:08:13.816,2019-11-27,16.133333333333333,False,2019-11-27,False,1,0,2,72,1367.0,1010.0,496.0,True,False,6.0,6.427777777777777,92.0,92.66666666666669,7.833333333333333,6.652777777777778,8.883333333333333,8.041666666666666,7.05,7.383333333333333,55.0,57.0,20929.0,19805.33333333333,15.8584,15.004666666666669,4050.05,4064.806666666667,377.0,423.6666666666667,98.0,76.33333333333333,48.0,34.0,146.0,110.33333333333331,523.0,534.0,496.0,455.0,,,0.0,0.0,42.66666666666667,48.36111111111112,0.0,0.0,False,-1.1085891944878896,bad,,,-0.5999999999999996,False,True,False,26
p13,2.0,3.0,3,6.0,2.0,2.0,2.0,2019-11-28 21:13:43.664,2019-11-28,21.216666666666665,False,2019-11-28,False,1,0,3,72,1369.0,1017.0,287.0,True,False,6.95,6.377777777777777,97.0,94.0,7.583333333333333,7.38611111111111,9.441666666666666,8.697222222222221,7.85,7.305555555555554,54.0,55.333333333333336,24328.0,20875.0,18.448600000000003,15.82156666666667,4868.9,4290.153333333334,544.0,439.6666666666667,121.0,97.33333333333331,65.0,45.0,186.0,142.33333333333334,730.0,582.0,287.0,415.0,,,0.0,0.0,0.0,19.62777777777778,0.0,0.0,False,-0.473551567314367,neutral,,,0.4416666666666673,False,True,False,27
p13,3.0,3.0,8,7.0,3.0,3.0,2.0,2019-11-29 09:00:15.357,2019-11-29,9.0,False,2019-11-29,False,1,0,4,72,1389.0,1036.0,439.0,True,False,6.833333333333333,6.594444444444444,92.0,93.66666666666669,5.25,6.888888888888888,6.941666666666666,8.422222222222222,7.683333333333334,7.527777777777778,55.0,54.66666666666666,22289.0,22515.33333333333,16.9055,17.070833333333336,4446.46,4455.136666666666,242.0,387.6666666666667,209.0,142.66666666666666,79.0,64.0,288.0,206.66666666666663,530.0,594.3333333333334,439.0,407.3333333333333,,,0.0,0.0,54.6,32.422222222222224,15.35,5.116666666666666,False,0.0,neutral,5319.5,208.0,0.2333333333333334,False,True,False,28
p13,2.0,2.0,6,7.0,1.0,3.0,2.0,2019-12-01 21:18:47.769,2019-12-01,21.3,False,2019-12-01,False,1,0,6,72,1345.0,988.0,296.0,False,False,,7.550000000000001,,92.5,,5.55,,8.029166666666667,,8.475000000000001,,55.0,22558.0,18268.666666666668,17.1138,13.853033333333334,4617.7,4089.5166666666655,354.0,314.3333333333333,142.0,121.66666666666669,92.0,61.0,234.0,182.66666666666663,588.0,497.0,296.0,447.0,,,0.0,0.0,55.48333333333333,36.69444444444445,24.75,13.366666666666667,False,-1.1085891944878896,bad,5588.5,154.0,,True,False,False,30
p13,2.0,2.0,5,7.0,2.0,3.0,2.0,2019-12-02 09:02:08.823,2019-12-02,9.033333333333331,False,2019-12-02,False,1,0,0,72,0.0,0.0,1439.0,False,False,,,,,,,,,,,,,,16258.5,,12.3268,,3911.045,,350.5,,78.0,,52.0,,130.0,,480.5,,451.0,,,0.0,0.0,0.0,18.494444444444444,0.0,8.25,True,-1.1085891944878896,bad,,,,True,False,False,31
p13,3.0,3.0,7,5.0,2.0,4.0,3.0,2019-12-03 09:00:21.862,2019-12-03,9.0,False,2019-12-03,False,1,0,1,72,0.0,0.0,1440.0,False,False,,,,,,,,,,,,,,,,,,,,,,,,,,,,,,,,,0.0,0.0,0.0,18.494444444444444,0.0,8.25,True,0.7418900740559625,good,,,,False,True,False,32
p13,3.0,4.0,7,6.0,3.0,4.0,3.0,2019-12-07 21:03:01.563,2019-12-07,21.05,False,2019-12-07,False,1,0,5,72,0.0,0.0,1440.0,False,False,,,,,,,,,,,,,,,,,,,,,,,,,,,,,,,,,0.0,0.0,0.0,0.0,0.0,0.0,True,1.3769277012294852,good,,,,False,False,False,36
p13,1.0,3.0,5,5.0,2.0,2.0,2.0,2019-12-09 12:24:53.040,2019-12-09,12.4,False,2019-12-09,False,1,0,0,72,0.0,0.0,1440.0,False,False,,,,,,,,,,,,,,,,,,,,,,,,,,,,,,,,,0.0,0.0,0.0,0.0,0.0,0.0,True,-0.947103134628734,bad,,,,True,False,False,38
p13,2.0,3.0,8,6.0,4.0,2.0,2.0,2019-12-10 09:45:51.715,2019-12-10,9.75,False,2019-12-10,False,1,0,1,72,667.0,667.0,1185.0,True,False,5.75,,97.0,,6.241666666666666,,6.891666666666667,,6.65,,55.0,,,,,,,,,,,,,,,,,,,,,,0.0,0.0,0.0,0.0,0.0,0.0,True,-0.473551567314367,neutral,,,-0.8666666666666663,False,True,False,39
p13,3.0,2.0,8,6.0,3.0,2.0,2.0,2019-12-11 09:01:34.199,2019-12-11,9.016666666666667,False,2019-12-11,False,1,0,2,72,1412.0,1053.0,674.0,True,False,5.716666666666667,5.733333333333333,96.0,96.5,4.458333333333333,5.35,4.958333333333333,5.925,6.5,6.575,54.0,54.5,11485.0,,8.666500000000001,,3287.71,,329.0,,28.0,,10.0,,38.0,,367.0,,674.0,,,,0.0,0.0,0.0,0.0,0.0,0.0,False,-0.6350376271735226,bad,-5640.0,-52.0,-0.8833333333333329,False,True,False,40
p13,2.0,3.0,8,8.0,2.0,3.0,2.0,2019-12-13 21:16:11.322,2019-12-13,21.266666666666666,False,2019-12-13,False,1,0,4,72,1427.0,1070.0,521.0,True,False,6.883333333333334,6.516666666666667,92.0,94.66666666666669,4.916666666666667,4.686111111111111,6.916666666666667,6.288888888888889,8.0,7.6,55.0,54.0,10272.0,9097.0,7.781000000000001,6.880300000000001,3662.58,3264.9300000000003,361.0,301.0,23.0,19.0,37.0,19.33333333333333,60.0,38.333333333333336,421.0,339.3333333333333,521.0,650.0,,,0.0,0.0,0.0,0.0,0.0,0.0,False,-0.473551567314367,neutral,-6853.0,-30.0,0.2833333333333341,False,True,False,42
p13,4.0,3.0,10,8.0,4.0,4.0,2.0,2019-12-14 18:35:10.152,2019-12-14,18.58333333333333,False,2019-12-14,False,1,0,5,72,1416.0,1065.0,536.0,True,False,4.7,6.177777777777778,92.0,93.33333333333331,8.233333333333333,5.944444444444444,7.941666666666666,7.283333333333334,5.7,7.333333333333333,56.0,54.66666666666666,16394.0,10733.333333333334,12.4234,8.1326,3919.87,3475.65,291.0,288.3333333333333,44.0,24.33333333333333,89.0,45.66666666666666,133.0,70.0,424.0,358.3333333333333,536.0,604.0,,,0.0,0.0,70.81666666666666,23.605555555555554,0.0,0.0,False,0.473551567314367,neutral,-731.0,43.0,-1.8999999999999995,False,False,False,43
p13,4.0,3.0,10,7.0,3.0,4.0,3.0,2019-12-15 16:47:16.386,2019-12-15,16.783333333333335,False,2019-12-15,False,1,0,6,72,1424.0,1069.0,729.0,True,False,5.666666666666667,5.75,90.0,91.33333333333331,6.15,6.433333333333334,6.991666666666666,7.283333333333334,6.833333333333333,6.844444444444444,58.0,56.333333333333336,15090.0,13918.666666666666,11.4361,10.546833333333334,3615.02,3732.49,270.0,307.3333333333333,40.0,35.666666666666664,59.0,61.66666666666666,99.0,97.33333333333331,369.0,404.6666666666667,729.0,595.3333333333334,,,0.0,0.0,64.0,44.93888888888889,0.0,0.0,False,1.2154416413703293,good,-2035.0,4.0,-0.75,True,False,False,44
p13,2.0,2.0,8,5.0,3.0,2.0,2.0,2019-12-17 09:40:53.116,2019-12-17,9.666666666666666,False,2019-12-17,False,1,0,1,72,1086.0,730.0,1172.0,False,False,,,,,,,,,,,,,8198.0,14126.666666666666,6.207800000000001,10.704333333333336,2827.05,3150.706666666667,253.0,236.66666666666663,14.0,30.33333333333333,1.0,32.333333333333336,15.0,62.66666666666666,268.0,299.3333333333333,,685.0,,,0.0,0.0,0.0,51.76666666666667,0.0,0.0,False,-1.1085891944878896,bad,-9048.5,-82.0,,False,True,False,46
p13,4.0,2.0,9,7.0,2.0,3.0,2.0,2019-12-21 01:05:56.168,2019-12-21,1.0833333333333333,True,2019-12-20,False,1,0,4,72,1427.0,1071.0,204.0,True,False,6.033333333333333,8.177777777777777,93.0,92.0,6.508333333333334,6.025,7.441666666666666,9.31111111111111,6.933333333333334,9.283333333333331,60.0,58.66666666666666,22013.0,13259.333333333334,16.778000000000002,10.076300000000002,4780.4,3687.743333333333,354.0,300.3333333333333,179.0,88.33333333333333,71.0,28.0,250.0,116.33333333333331,604.0,416.6666666666667,204.0,280.0,,,0.0,0.0,57.18333333333334,19.061111111111117,0.0,0.0,False,-0.16148605985915568,neutral,5409.0,157.5,-0.5666666666666664,False,True,False,49
p13,3.0,2.0,8,7.0,3.0,3.0,2.0,2019-12-21 11:09:06.033,2019-12-21,11.15,False,2019-12-21,False,1,0,5,72,1341.0,981.0,365.0,True,False,7.783333333333333,7.338888888888889,96.0,92.33333333333331,7.175,7.016666666666667,9.766666666666667,9.35277777777778,8.583333333333334,8.333333333333334,60.0,59.0,25148.0,18837.0,19.020100000000003,14.29146666666667,4603.39,4253.713333333334,487.0,405.6666666666667,133.0,109.33333333333331,39.0,38.66666666666666,172.0,148.0,659.0,553.6666666666666,365.0,308.3333333333333,,,0.0,0.0,66.56666666666666,41.25,0.0,0.0,False,-0.6350376271735226,bad,8267.0,79.5,1.1833333333333336,False,False,False,50
p13,3.0,3.0,8,7.0,2.0,2.0,2.0,2019-12-22 20:34:50.979,2019-12-22,20.566666666666663,False,2019-12-22,False,1,0,6,72,1409.0,1052.0,393.0,True,False,8.516666666666667,7.444444444444445,97.0,95.33333333333331,7.25,6.977777777777778,11.041666666666666,9.416666666666666,9.783333333333331,8.433333333333334,59.0,59.66666666666666,17831.0,21664.0,13.5148,16.437633333333338,4020.16,4467.983333333333,356.0,399.0,124.0,145.33333333333334,52.0,54.0,176.0,199.33333333333331,532.0,598.3333333333334,393.0,320.6666666666667,,,0.0,0.0,37.55,53.76666666666667,0.0,0.0,False,0.0,neutral,950.0,83.5,1.6833333333333345,True,False,False,51
p13,1.0,2.0,3,10.0,2.0,1.0,3.0,2019-12-24 11:34:00.395,2019-12-24,11.566666666666666,False,2019-12-24,False,1,0,1,72,1068.0,709.0,531.0,False,False,,8.283333333333335,,96.5,,6.991666666666667,,10.45,,9.45,,59.0,,15912.5,,12.0583,,3738.945,,330.5,,107.5,,36.5,,144.0,,474.5,,414.5,,,0.0,0.0,64.85,44.661111111111104,0.0,0.0,True,-0.8402506877462941,bad,,,,False,True,False,53
p13,3.0,2.0,9,7.0,3.0,3.0,2.0,2019-12-27 15:28:11.297,2019-12-27,15.466666666666669,False,2019-12-27,False,1,0,4,72,0.0,0.0,1440.0,True,False,7.9,,89.0,,8.416666666666666,,11.525,,9.1,,56.0,,,,,,,,,,,,,,,,,,,,,,0.0,0.0,0.0,0.0,0.0,0.0,True,-0.6350376271735226,bad,,,0.9833333333333334,False,True,False,56
p13,4.0,3.0,9,7.0,4.0,3.0,3.0,2019-12-28 13:27:45.139,2019-12-28,13.45,False,2019-12-28,False,1,0,5,72,1358.0,1071.0,664.0,True,False,5.383333333333334,6.641666666666668,92.0,90.5,8.025,8.220833333333333,8.9,10.2125,6.866666666666666,7.983333333333332,57.0,56.5,4851.0,,3.6693,,2691.81,,222.0,,8.0,,0.0,,8.0,,230.0,,664.0,,,,0.0,0.0,0.0,0.0,0.0,0.0,False,1.2154416413703293,good,-9143.0,-69.0,-1.9833333333333334,False,False,False,57
p13,3.0,3.0,9,7.0,3.0,3.0,3.0,2019-12-30 21:01:54.271,2019-12-30,21.016666666666666,False,2019-12-30,False,1,0,0,72,686.0,326.0,716.0,False,False,,7.775,,94.0,,6.841666666666667,,9.9625,,9.116666666666667,,56.5,,7125.5,,5.34225,,2904.245,,255.5,,10.0,,11.0,,21.0,,276.5,,684.5,,,0.0,0.0,0.0,0.0,0.0,0.0,True,0.7418900740559625,good,,,,True,False,False,59
p13,3.0,3.0,9,7.0,3.0,3.0,3.0,2020-01-02 22:06:30.453,2020-01-02,22.1,False,2020-01-02,False,1,0,3,72,343.0,343.0,1373.0,True,False,6.866666666666666,,95.0,,6.483333333333333,,8.466666666666667,,7.983333333333333,,56.0,,,,,,,,,,,,,,,,,,,,,,0.0,0.0,0.0,0.0,0.0,0.0,True,0.7418900740559625,good,,,-0.08333333333333393,False,True,False,62
p13,1.0,2.0,1,5.0,2.0,3.0,2.0,2020-01-06 09:09:34.760,2020-01-06,9.15,False,2020-01-06,False,1,0,0,72,1029.0,670.0,737.0,True,False,5.966666666666667,6.708333333333334,90.0,91.0,5.858333333333333,6.691666666666666,6.733333333333333,8.383333333333333,6.866666666666666,7.683333333333334,55.0,55.0,,,,,,,,,,,,,,,,,,,,,0.0,0.0,0.0,0.0,0.0,0.0,True,-1.5821407618022565,bad,,,-0.9500000000000002,True,False,False,66
p13,3.0,3.0,8,7.0,3.0,3.0,2.0,2020-01-07 09:06:00.442,2020-01-07,9.1,False,2020-01-07,False,1,0,1,72,1434.0,1074.0,509.0,True,False,6.85,6.755555555555556,93.0,91.66666666666669,5.966666666666667,6.45,7.883333333333334,8.216666666666667,7.916666666666667,7.76111111111111,59.0,56.333333333333336,13189.0,,10.1394,,3768.26,,251.0,,80.0,,67.0,,147.0,,398.0,,509.0,,,,0.0,0.0,53.75,17.916666666666668,53.75,17.916666666666668,False,0.0,neutral,449.5,71.5,-0.0333333333333341,False,True,False,67
p13,3.0,3.0,9,7.0,3.0,3.0,3.0,2020-01-09 14:50:52.113,2020-01-09,14.833333333333334,False,2020-01-09,False,1,0,3,72,1431.0,1071.0,719.0,True,False,5.933333333333334,6.599999999999999,94.0,92.66666666666669,6.891666666666667,6.2,7.675,7.766666666666667,6.783333333333333,7.566666666666666,59.0,59.66666666666666,8074.0,11531.666666666666,6.1146,9.272633333333332,2781.84,3349.0933333333337,220.0,243.33333333333331,9.0,36.333333333333336,12.0,41.66666666666666,21.0,78.0,241.0,321.3333333333333,719.0,622.6666666666666,,,0.0,70.0,0.0,26.405555555555555,0.0,26.405555555555555,False,0.7418900740559625,good,-5258.0,-56.0,-1.0166666666666666,False,True,False,69
p13,3.0,2.0,9,7.0,2.0,4.0,3.0,2020-01-11 12:20:14.366,2020-01-11,12.333333333333334,False,2020-01-11,False,1,0,5,72,1425.0,1065.0,706.0,True,False,7.2,6.627777777777777,97.0,95.33333333333331,8.3,7.105555555555555,10.25,8.575000000000001,7.95,7.466666666666666,59.0,59.66666666666666,8602.0,8019.0,6.496300000000001,6.067233333333334,2967.79,2842.8233333333337,260.0,237.0,3.0,5.333333333333333,11.0,11.666666666666666,14.0,17.0,274.0,254.0,706.0,737.0,,,0.0,0.0,0.0,0.0,0.0,0.0,False,0.10685244688243985,neutral,-4730.0,-63.0,0.3333333333333339,False,False,False,71
p13,2.0,3.0,9,7.0,3.0,3.0,3.0,2020-01-15 02:27:50.474,2020-01-15,2.45,True,2020-01-14,False,1,0,1,72,0.0,0.0,1440.0,False,False,,,,,,,,,,,,,,,,,,,,,,,,,,,,,,,,,0.0,0.0,0.0,0.0,0.0,0.0,True,0.26833850674159554,neutral,,,,False,True,False,74
p13,3.0,3.0,10,7.0,3.0,3.0,3.0,2020-01-18 21:30:16.145,2020-01-18,21.5,False,2020-01-18,False,1,0,5,72,0.0,0.0,1440.0,False,False,,,,,,,,,,,,,,,,,,,,,,,,,,,,,,,,,0.0,0.0,0.0,0.0,0.0,0.0,True,0.7418900740559625,good,,,,False,False,False,78
p13,2.0,3.0,6,10.0,2.0,3.0,2.0,2020-01-20 21:30:34.264,2020-01-20,21.5,False,2020-01-20,False,1,0,0,72,381.0,381.0,1342.0,False,False,,,,,,,,,,,,,,,,,,,,,,,,,,,,,,,,,0.0,0.0,0.0,0.0,0.0,0.0,True,-0.473551567314367,neutral,,,,True,False,False,80
p13,3.0,2.0,8,7.0,3.0,3.0,3.0,2020-01-26 10:10:34.529,2020-01-26,10.166666666666666,False,2020-01-26,False,1,0,6,72,1429.0,1070.0,443.0,True,False,7.583333333333333,7.525,94.0,94.0,7.458333333333333,7.4375,9.916666666666666,9.85,8.45,8.408333333333333,59.0,59.5,21284.0,,16.0152,,4040.64,,368.0,,29.0,,98.0,,127.0,,495.0,,443.0,,,,0.0,0.0,116.05,38.68333333333333,81.06666666666666,27.022222222222226,False,0.10685244688243985,neutral,,,,True,False,False,86
p13,4.0,4.0,10,7.0,4.0,4.0,4.0,2020-01-27 09:26:08.655,2020-01-27,9.433333333333334,False,2020-01-27,False,1,0,0,72,1432.0,1075.0,502.0,True,False,6.216666666666667,7.088888888888889,95.0,94.33333333333331,7.866666666666666,7.580555555555556,8.791666666666666,9.497222222222222,6.916666666666667,7.911111111111111,57.0,58.66666666666666,18753.0,20018.5,14.2937,15.15445,3832.38,3936.51,322.0,345.0,16.0,22.5,93.0,95.5,109.0,118.0,431.0,463.0,502.0,472.5,,,0.0,0.0,99.03333333333332,71.69444444444444,99.03333333333332,60.03333333333333,False,2.5923693425998144,good,,,,True,False,False,87
p13,3.0,2.0,9,7.0,2.0,3.0,3.0,2020-01-28 11:57:21.444,2020-01-28,11.95,False,2020-01-28,False,1,0,1,72,1433.0,1078.0,659.0,True,False,7.35,7.05,95.0,94.66666666666669,6.133333333333334,7.152777777777778,8.425,9.044444444444444,8.283333333333333,7.883333333333333,57.0,57.66666666666666,10270.0,16769.0,7.668800000000001,12.659233333333331,3271.05,3714.69,355.0,348.3333333333333,7.0,17.333333333333332,4.0,65.0,11.0,82.33333333333333,366.0,430.6666666666667,659.0,534.6666666666666,,,0.0,0.0,0.0,71.69444444444444,0.0,60.03333333333333,False,0.10685244688243985,neutral,,,,False,True,False,88
p13,5.0,3.0,10,7.0,3.0,3.0,2.0,2020-01-31 09:00:11.691,2020-01-31,9.0,False,2020-01-31,False,1,0,4,72,1016.0,659.0,769.0,False,False,,7.766666666666667,,95.0,,5.9,,8.970833333333333,,9.066666666666666,,55.0,,8661.5,,6.637950000000001,,2834.73,,233.0,,6.5,,8.0,,14.5,,247.5,,662.0,,,0.0,0.0,0.0,0.0,0.0,0.0,True,0.947103134628734,good,,,,False,True,False,91
p13,4.0,4.0,9,7.0,4.0,4.0,4.0,2020-02-01 15:53:35.777,2020-02-01,15.883333333333333,False,2020-02-01,False,1,0,5,72,400.0,400.0,1328.0,False,False,,,,,,,,,,,,,,,,,,,,,,,,,,,,,,,,,0.0,0.0,0.0,0.0,0.0,0.0,True,2.5923693425998144,good,,,,False,False,False,92
p13,4.0,3.0,10,8.0,4.0,4.0,2.0,2020-02-03 23:43:13.995,2020-02-03,23.716666666666665,False,2020-02-03,False,1,0,0,72,1437.0,1077.0,1048.0,False,False,,,,,,,,,,,,,10057.0,,7.6093,,3232.02,,353.0,,26.0,,13.0,,39.0,,392.0,,1048.0,,,,0.0,70.0,0.0,0.0,0.0,0.0,False,0.473551567314367,neutral,,,,True,False,False,94
p13,3.0,3.0,9,7.0,4.0,3.0,3.0,2020-02-06 16:10:18.102,2020-02-06,16.166666666666668,False,2020-02-06,False,1,0,3,72,1423.0,1064.0,1253.0,False,False,,,,,,,,,,,,,6075.0,8029.333333333333,4.599900000000001,6.061533333333334,2586.96,2836.64,187.0,213.0,0.0,23.666666666666668,0.0,12.333333333333334,0.0,36.0,187.0,249.0,1253.0,1191.0,,,0.0,0.0,0.0,0.0,0.0,0.0,False,0.7418900740559625,good,,,,False,True,False,97
p13,3.0,2.0,8,7.0,4.0,4.0,2.0,2020-02-07 10:37:12.322,2020-02-07,10.616666666666667,False,2020-02-07,False,1,0,4,72,1425.0,1070.0,1203.0,False,False,,,,,,,,,,,,,6160.0,6233.666666666667,4.6661,4.713333333333334,2760.2,2667.353333333333,186.0,189.0,38.0,16.666666666666668,13.0,6.0,51.0,22.666666666666668,237.0,211.66666666666663,1203.0,1228.3333333333333,,,0.0,0.0,0.0,0.0,0.0,0.0,False,-0.6350376271735226,bad,,,,False,True,False,98
p13,2.0,3.0,7,5.0,2.0,3.0,3.0,2020-02-08 11:27:30.486,2020-02-08,11.45,False,2020-02-08,False,1,0,5,72,1428.0,1069.0,1225.0,False,False,,,,,,,,,,,,,6506.0,6247.0,4.9177,4.727900000000001,2637.2,2661.4533333333334,181.0,184.66666666666663,22.0,20.0,12.0,8.333333333333334,34.0,28.33333333333333,215.0,213.0,1225.0,1227.0,,,0.0,0.0,0.0,0.0,0.0,0.0,False,0.26833850674159554,neutral,,,,False,False,False,99
p13,3.0,3.0,7,7.0,4.0,3.0,3.0,2020-02-10 15:37:30.511,2020-02-10,15.616666666666667,False,2020-02-10,False,1,0,0,72,496.0,496.0,1217.0,False,False,,,,,,,,,,,,,,,,,,,,,,,,,,,,,,,,,0.0,0.0,0.0,0.0,0.0,0.0,True,0.7418900740559625,good,,,,True,False,False,101
p13,3.0,4.0,8,7.0,4.0,4.0,4.0,2020-02-11 10:52:33.418,2020-02-11,10.866666666666667,False,2020-02-11,False,1,0,1,72,917.0,560.0,1328.0,False,False,,,,,,,,,,,,,,,,,,,,,,,,,,,,,,,,,0.0,0.0,0.0,0.0,0.0,0.0,True,2.118817775285448,good,,,,False,True,False,102
p13,4.0,3.0,8,7.0,4.0,3.0,3.0,2020-02-14 09:00:22.824,2020-02-14,9.0,False,2020-02-14,False,1,0,4,72,1435.0,1077.0,1190.0,False,False,,,,,,,,,,,,,7958.0,7230.5,5.9664,5.420450000000001,2792.59,2683.245,240.0,210.5,2.0,1.0,8.0,4.0,10.0,5.0,250.0,215.5,1190.0,1224.5,,,0.0,0.0,0.0,0.0,0.0,0.0,False,1.2154416413703293,good,,,,False,True,False,105
p13,4.0,3.0,8,7.0,3.0,3.0,3.0,2020-02-15 12:15:54.474,2020-02-15,12.25,False,2020-02-15,False,1,0,5,72,1011.0,652.0,1248.0,False,False,,,,,,,,,,,,,,7230.5,,5.420450000000001,,2683.245,,210.5,,1.0,,4.0,,5.0,,215.5,,1224.5,,,0.0,0.0,0.0,0.0,0.0,0.0,True,1.2154416413703293,good,,,,False,False,False,106
p13,3.0,5.0,7,6.0,3.0,2.0,3.0,2020-02-18 10:10:33.718,2020-02-18,10.166666666666666,False,2020-02-18,False,1,0,1,72,875.0,516.0,1336.0,False,False,,,,,,,,,,,,,,,,,,,,,,,,,,,,,,,,,0.0,0.0,0.0,0.0,0.0,0.0,True,2.011965328403008,good,,,,False,True,False,109
p13,3.0,3.0,7,7.0,3.0,3.0,3.0,2020-02-23 09:49:43.650,2020-02-23,9.816666666666666,False,2020-02-23,False,1,0,6,72,0.0,0.0,1440.0,False,False,,,,,,,,,,,,,,,,,,,,,,,,,,,,,,,,,0.0,0.0,0.0,0.0,,,True,0.7418900740559625,good,,,,True,False,False,114
p13,2.0,2.0,10,5.0,2.0,5.0,2.0,2020-02-24 17:05:37.475,2020-02-24,17.083333333333332,False,2020-02-24,False,1,0,0,72,0.0,0.0,1440.0,False,False,,,,,,,,,,,,,,,,,,,,,,,,,,,,,,,,,0.0,0.0,0.0,0.0,,,True,-1.1085891944878896,bad,,,,True,False,False,115
p13,2.0,4.0,5,7.0,3.0,1.0,2.0,2020-02-26 15:18:13.808,2020-02-26,15.3,False,2020-02-26,False,1,0,2,72,0.0,0.0,1440.0,False,False,,,,,,,,,,,,,,,,,,,,,,,,,,,,,,,,,0.0,70.0,0.0,0.0,,,True,0.16148605985915568,neutral,,,,False,True,False,117
p13,5.0,2.0,10,7.0,4.0,3.0,2.0,2020-02-27 16:43:53.224,2020-02-27,16.716666666666665,False,2020-02-27,False,1,0,3,72,0.0,0.0,1440.0,False,False,,,,,,,,,,,,,,,,,,,,,,,,,,,,,,,,,0.0,70.0,0.0,0.0,,,True,0.31206550745521133,neutral,,,,False,True,False,118
p13,2.0,2.0,7,7.0,3.0,2.0,2.0,2020-02-28 09:04:54.403,2020-02-28,9.066666666666666,False,2020-02-28,False,1,0,4,72,0.0,0.0,1440.0,False,False,,,,,,,,,,,,,,,,,,,,,,,,,,,,,,,,,270.0,90.0,0.0,0.0,,,True,-1.1085891944878896,bad,,,,False,True,False,119
p13,4.0,2.0,10,7.0,3.0,4.0,2.0,2020-03-02 17:28:20.045,2020-03-02,17.466666666666665,False,2020-03-02,False,1,0,0,72,0.0,0.0,1440.0,False,False,,,,,,,,,,,,,,,,,,,,,,,,,,,,,,,,,0.0,0.0,0.0,0.0,,,True,-0.16148605985915568,neutral,,,,True,False,False,122
p13,5.0,3.0,10,8.0,3.0,3.0,3.0,2020-03-08 13:50:02.085,2020-03-08,13.833333333333334,False,2020-03-08,False,1,0,6,72,0.0,0.0,1440.0,False,False,,,,,,,,,,,,,,,,,,,,,,,,,,,,,,,,,270.0,90.0,0.0,0.0,,,True,1.6889932086846966,good,,,,True,False,False,128
p13,3.0,3.0,7,7.0,3.0,3.0,3.0,2020-03-12 09:00:30.105,2020-03-12,9.0,False,2020-03-12,False,1,0,3,72,0.0,0.0,1440.0,False,False,,,,,,,,,,,,,,,,,,,,,,,,,,,,,,,,,0.0,0.0,0.0,0.0,,,True,0.7418900740559625,good,,,,False,True,True,132
p13,2.0,2.0,5,5.0,2.0,4.0,1.0,2020-03-18 10:23:34.571,2020-03-18,10.383333333333333,False,2020-03-18,False,1,0,2,72,0.0,0.0,1440.0,False,False,,,,,,,,,,,,,,,,,,,,,,,,,,,,,,,,,0.0,0.0,0.0,0.0,,,True,-1.8504792685438523,bad,,,,False,True,True,138
p13,4.0,4.0,8,7.0,4.0,4.0,4.0,2020-03-24 20:44:23.739,2020-03-24,20.73333333333333,False,2020-03-24,False,1,0,1,72,0.0,0.0,1440.0,False,False,,,,,,,,,,,,,,,,,,,,,,,,,,,,,,,,,,,,,,,True,2.5923693425998144,good,,,,False,True,True,144
p14,2.0,4.0,5,10.0,4.0,2.0,3.0,2019-11-17 19:42:20.876,2019-11-17,19.7,False,2019-11-17,False,1,0,6,125,1310.0,959.0,373.0,True,False,8.1,8.133333333333335,91.0,92.33333333333331,2.4916666666666667,1.863888888888889,5.9,5.611111111111112,9.4,9.738888888888887,66.0,64.66666666666667,6010.0,10449.0,4.504300000000001,7.850700000000001,2229.42,2621.55,173.0,180.0,13.0,24.33333333333333,10.0,35.0,23.0,59.333333333333336,196.0,239.33333333333331,373.0,501.0,66.18476390838623,64.96748288472493,,,0.0,36.98333333333333,,,False,0.36748292058861204,neutral,,,,True,False,False,16
p14,3.0,3.0,6,10.0,3.0,2.0,3.0,2019-11-18 19:25:20.879,2019-11-18,19.416666666666668,False,2019-11-18,False,1,0,0,125,1388.0,1037.0,660.0,True,False,6.6,8.15,97.0,93.33333333333331,3.808333333333333,2.569444444444444,5.8,6.405555555555555,7.983333333333333,9.827777777777778,64.0,65.33333333333333,8845.0,10489.0,6.830500000000001,7.860033333333334,2392.07,2627.7833333333333,168.0,191.66666666666663,9.0,19.666666666666668,39.0,42.0,48.0,61.66666666666666,216.0,253.33333333333331,660.0,554.0,64.53385543823242,65.64543469746907,,,50.53333333333333,44.15555555555556,,,False,0.0,neutral,,,,True,False,False,17
p14,3.0,3.0,7,7.0,2.0,3.0,3.0,2019-11-19 09:05:41.825,2019-11-19,9.083333333333334,False,2019-11-19,False,2,0,1,125,1407.0,1050.0,682.0,True,False,6.45,7.05,94.0,94.0,2.375,2.891666666666667,4.241666666666666,5.313888888888889,7.866666666666666,8.416666666666666,62.0,64.0,10527.0,8460.666666666666,7.8805,6.405100000000001,2576.18,2399.2233333333334,139.0,160.0,28.0,16.666666666666668,48.0,32.333333333333336,76.0,49.0,215.0,209.0,682.0,571.6666666666666,62.88513374328613,64.53458436330159,,,55.46666666666667,35.333333333333336,,,False,0.0,neutral,,,,False,True,False,18
p14,2.0,3.0,4,8.0,2.0,2.0,3.0,2019-11-21 08:24:51.069,2019-11-21,8.4,False,2019-11-21,False,1,0,3,125,1416.0,1060.0,549.0,True,False,8.633333333333333,7.749999999999999,89.0,91.33333333333331,1.3916666666666666,1.5472222222222225,5.966666666666667,5.016666666666667,10.566666666666666,9.466666666666669,62.0,62.66666666666666,9928.0,12375.666666666666,7.5425,9.5861,2435.85,2803.35,142.0,155.0,19.0,22.33333333333333,42.0,74.0,61.0,96.33333333333331,203.0,251.33333333333331,549.0,621.0,62.98825359344482,63.35720030466715,0.0,225.0,43.53333333333333,73.48333333333333,0.0,35.125,False,-0.7448465412593532,bad,,,,False,True,False,20
p14,2.0,3.0,6,8.0,3.0,2.0,2.0,2019-11-22 05:04:09.656,2019-11-22,5.066666666666666,False,2019-11-22,False,1,0,4,125,1315.0,961.0,670.0,True,False,7.566666666666666,8.122222222222222,96.0,92.0,1.9833333333333332,1.4166666666666667,5.141666666666667,5.316666666666667,9.15,9.894444444444446,61.0,62.333333333333336,6067.0,10889.0,4.3654,8.4144,2184.42,2672.763333333334,101.0,142.33333333333334,6.0,15.0,29.0,67.66666666666667,35.0,82.66666666666667,136.0,225.0,670.0,617.0,61.454726219177246,62.88039779663086,0.0,150.0,49.5,71.49444444444445,0.0,23.416666666666668,False,-1.5767793775037116,bad,,,,False,True,False,21
p14,3.0,3.0,6,7.0,2.0,3.0,2.0,2019-11-23 08:26:34.777,2019-11-23,8.433333333333334,False,2019-11-23,False,1,0,5,125,1121.0,766.0,826.0,True,False,6.916666666666667,7.705555555555556,92.0,92.33333333333331,2.083333333333333,1.8194444444444444,4.708333333333333,5.272222222222222,8.616666666666667,9.444444444444445,61.0,61.333333333333336,1146.0,5713.666666666667,0.8577,4.2552,1818.56,2146.276666666666,65.0,102.66666666666669,0.0,8.333333333333334,0.0,23.666666666666668,0.0,32.0,65.0,134.66666666666666,,609.5,61.37740993499756,61.94012991587321,0.0,0.0,0.0,31.01111111111111,0.0,0.0,False,-0.8319328362443583,bad,,,,False,False,False,22
p14,3.0,3.0,6,9.0,2.0,3.0,2.0,2019-11-24 09:28:58.928,2019-11-24,9.466666666666669,False,2019-11-24,False,1,0,6,125,1391.0,1044.0,573.0,True,False,9.95,8.144444444444444,91.0,93.0,0.2916666666666667,1.4527777777777775,6.058333333333334,5.302777777777777,11.766666666666667,9.844444444444443,62.0,61.333333333333336,17345.0,8186.0,13.0058,6.0763,2989.19,2330.7233333333334,175.0,113.66666666666669,32.0,12.666666666666666,75.0,34.666666666666664,107.0,47.333333333333336,282.0,161.0,573.0,621.5,62.07786083221436,61.63666566212972,0.0,0.0,77.66666666666667,42.38888888888889,0.0,0.0,False,-0.8319328362443583,bad,,,,True,False,False,23
p14,3.0,4.0,7,7.0,3.0,4.0,3.0,2019-11-25 08:56:44.796,2019-11-25,8.933333333333334,False,2019-11-25,False,1,0,0,125,1408.0,1050.0,376.0,True,False,5.833333333333333,7.566666666666666,95.0,92.66666666666669,7.55,3.3083333333333336,8.683333333333334,6.483333333333333,7.133333333333334,9.172222222222222,62.0,61.66666666666666,23292.0,13927.666666666666,17.229400000000002,10.364300000000002,3331.11,2712.9533333333334,192.0,144.0,42.0,24.666666666666668,124.0,66.33333333333333,166.0,91.0,358.0,235.0,376.0,474.5,62.02260398864746,61.825958251953125,0.0,0.0,186.03333333333333,87.89999999999999,0.0,0.0,False,1.1123294618479653,good,,,,True,False,False,24
p14,3.0,3.0,7,9.0,4.0,4.0,3.0,2019-11-26 09:00:40.152,2019-11-26,9.0,False,2019-11-26,False,1,0,1,125,1160.0,803.0,876.0,True,False,9.233333333333333,8.338888888888889,95.0,93.66666666666669,2.65,3.497222222222222,7.608333333333333,7.45,10.95,9.95,61.0,61.66666666666666,5977.0,15538.0,4.643000000000001,11.626066666666668,2288.96,2869.7533333333336,78.0,148.33333333333334,11.0,28.33333333333333,47.0,82.0,58.0,110.33333333333331,136.0,258.6666666666667,,474.5,61.95002937316895,62.016831398010254,0.0,0.0,35.85,99.85,0.0,0.0,False,0.0,neutral,,,,False,True,False,25
p14,3.0,4.0,6,8.0,4.0,2.0,3.0,2019-11-27 09:46:28.739,2019-11-27,9.766666666666667,False,2019-11-27,False,1,0,2,125,1264.0,909.0,557.0,True,False,6.433333333333334,7.166666666666667,95.0,95.0,4.35,4.8500000000000005,6.075,7.455555555555556,7.716666666666667,8.6,62.0,61.66666666666666,9814.0,13027.666666666666,7.499200000000001,9.790533333333334,2653.16,2757.7433333333333,133.0,134.33333333333334,32.0,28.33333333333333,61.0,77.33333333333333,93.0,105.66666666666669,226.0,240.0,557.0,466.5,62.066633224487305,62.01308886210124,250.0,83.33333333333333,84.08333333333334,101.9888888888889,42.28333333333333,14.094444444444443,False,1.1123294618479653,good,,,,False,True,False,26
p14,4.0,4.0,8,7.0,4.0,3.0,3.0,2019-11-28 05:29:56.198,2019-11-28,5.483333333333333,False,2019-11-28,False,1,0,3,125,1354.0,1001.0,774.0,True,False,6.55,7.405555555555556,98.0,96.0,3.4833333333333334,3.494444444444444,5.191666666666666,6.291666666666667,7.7,8.78888888888889,63.0,62.0,10753.0,8848.0,7.803100000000001,6.648433333333334,2553.23,2498.45,128.0,113.0,14.0,19.0,61.0,56.333333333333336,75.0,75.33333333333333,203.0,188.33333333333331,774.0,665.5,63.27063179016113,62.42909812927246,0.0,83.33333333333333,65.71666666666667,61.88333333333333,0.0,14.094444444444443,False,1.8571760031073186,good,,,,False,True,False,27
p14,4.0,4.0,8,8.0,3.0,4.0,2.0,2019-11-29 07:19:47.787,2019-11-29,7.316666666666666,False,2019-11-29,False,1,0,4,125,1399.0,1058.0,759.0,True,False,8.15,7.044444444444444,94.0,95.66666666666669,2.7666666666666666,3.533333333333333,6.525,5.930555555555556,9.75,8.388888888888888,63.0,62.66666666666666,11064.0,10543.666666666666,8.467400000000001,7.923233333333335,2617.71,2608.0333333333333,164.0,141.66666666666666,9.0,18.33333333333333,46.0,56.0,55.0,74.33333333333333,219.0,216.0,759.0,696.6666666666666,63.38948154449463,62.90891551971436,0.0,83.33333333333333,51.2,67.0,0.0,14.094444444444443,False,1.02524316686296,good,1193.0,-13.0,0.9083333333333332,False,True,False,28
p14,3.0,4.0,8,8.0,2.0,4.0,3.0,2019-11-30 11:36:56.812,2019-11-30,11.6,False,2019-11-30,False,1,0,5,125,465.0,109.0,819.0,False,False,,7.35,,96.0,,3.125,,5.858333333333333,,8.725,,63.0,,10908.5,,8.135250000000001,,2585.4700000000003,,146.0,,11.5,,53.5,,65.0,,211.0,,766.5,,63.33005666732788,0.0,0.0,0.0,38.97222222222222,0.0,0.0,True,1.1123294618479653,good,,,,False,False,False,29
p14,3.0,3.0,8,8.0,4.0,4.0,3.0,2019-12-01 11:05:16.895,2019-12-01,11.083333333333334,False,2019-12-01,False,1,0,6,125,0.0,0.0,1440.0,False,False,,,,,,,,,,,,,,,,,,,,,,,,,,,,,,,,,0.0,0.0,0.0,17.066666666666666,0.0,0.0,True,0.0,neutral,,,,True,False,False,30
p14,2.0,2.0,7,4.0,2.0,4.0,2.0,2019-12-02 09:04:36.138,2019-12-02,9.066666666666666,False,2019-12-02,False,1,0,0,125,0.0,0.0,1440.0,False,False,,,,,,,,,,,,,,,,,,,,,,,,,,,,,,,,,0.0,0.0,0.0,0.0,0.0,0.0,True,-2.689108839351677,bad,,,,True,False,False,31
p14,3.0,3.0,7,6.0,2.0,2.0,2.0,2019-12-03 08:24:57.390,2019-12-03,8.4,False,2019-12-03,False,1,0,1,125,1124.0,1029.0,1105.0,True,False,6.016666666666667,,80.0,,2.7333333333333334,,4.125,,7.383333333333334,,64.0,,16616.0,,12.1699,,3428.69,,172.0,,54.0,,109.0,,163.0,,335.0,,,,64.27088356018066,,280.0,93.33333333333331,112.63333333333333,37.54444444444445,33.266666666666666,11.088888888888889,False,-0.8319328362443583,bad,6688.0,102.0,-1.5499999999999998,False,True,False,32
p14,3.0,3.0,7,7.0,3.0,2.0,2.0,2019-12-04 09:00:17.490,2019-12-04,9.0,False,2019-12-04,False,1,0,2,125,1393.0,1045.0,764.0,True,False,6.133333333333334,6.075,82.0,81.0,3.9916666666666663,3.3625,6.258333333333334,5.191666666666666,8.266666666666667,7.825000000000001,66.0,65.0,10993.0,13804.5,8.0397,10.1048,2702.64,3065.665,165.0,168.5,22.0,38.0,46.0,77.5,68.0,115.5,233.0,284.0,764.0,,66.67873954772949,65.47481155395508,0.0,93.33333333333331,50.35,54.327777777777776,0.0,11.088888888888889,False,-0.8319328362443583,bad,765.5,0.0,-1.1083333333333334,False,True,False,33
p14,3.0,3.0,7,6.0,2.0,2.0,2.0,2019-12-05 09:02:34.342,2019-12-05,9.033333333333331,False,2019-12-05,False,1,0,3,125,1386.0,1042.0,679.0,True,False,6.866666666666666,6.338888888888889,83.0,81.66666666666667,4.625,3.7833333333333337,7.508333333333334,5.963888888888889,8.883333333333333,8.177777777777777,67.0,65.66666666666667,11020.0,12876.333333333334,8.192400000000001,9.467333333333334,2681.01,2937.4466666666667,223.0,186.66666666666663,12.0,29.33333333333333,30.0,61.66666666666666,42.0,91.0,265.0,277.6666666666667,679.0,721.5,67.4242057800293,66.12460962931316,0.0,93.33333333333331,21.33333333333333,61.43888888888889,0.0,11.088888888888889,False,-0.8319328362443583,bad,493.0,-26.0,-0.05000000000000071,False,True,False,34
p14,3.0,3.0,8,8.0,4.0,4.0,2.0,2019-12-06 05:38:54.479,2019-12-06,5.633333333333333,False,2019-12-06,False,1,0,4,125,1372.0,1025.0,709.0,True,False,7.333333333333333,6.777777777777778,94.0,86.33333333333333,2.6666666666666665,3.761111111111111,5.058333333333334,6.275,8.383333333333333,8.511111111111111,69.0,67.33333333333333,7162.0,9725.0,5.370100000000001,7.200733333333335,2471.27,2618.306666666667,164.0,184.0,11.0,15.0,23.0,33.0,34.0,48.0,198.0,232.0,709.0,717.3333333333334,69.23947143554688,67.78080558776855,0.0,0.0,23.03333333333333,31.572222222222223,0.0,0.0,False,-0.8319328362443583,bad,-3478.0,-30.5,0.44166666666666643,False,True,False,35
p14,2.0,4.0,7,10.0,4.0,3.0,3.0,2019-12-07 09:08:01.872,2019-12-07,9.133333333333333,False,2019-12-07,False,1,0,5,125,1410.0,1058.0,650.0,True,False,9.383333333333333,7.861111111111111,89.0,88.66666666666667,3.033333333333333,3.4416666666666664,8.941666666666666,7.169444444444444,11.9,9.72222222222222,67.0,67.66666666666667,13555.0,10579.0,10.0097,7.857400000000001,2812.79,2655.023333333333,231.0,206.0,15.0,12.666666666666666,41.0,31.33333333333333,56.0,44.0,287.0,250.0,650.0,679.3333333333334,67.40154838562012,68.02174186706543,0.0,0.0,69.98333333333333,38.11666666666667,0.0,0.0,False,0.36748292058861204,neutral,3028.0,-5.0,2.466666666666666,False,False,False,36
p14,4.0,4.0,8,8.0,4.0,4.0,3.0,2019-12-08 09:10:30.955,2019-12-08,9.166666666666666,False,2019-12-08,False,1,0,6,125,1371.0,1014.0,455.0,True,False,6.266666666666667,7.6611111111111105,93.0,92.0,5.783333333333333,3.8277777777777775,7.041666666666667,7.013888888888889,7.25,9.177777777777775,67.0,67.66666666666667,12952.0,11223.0,10.2707,8.550166666666668,2788.89,2690.9833333333336,186.0,193.66666666666663,22.0,16.0,63.0,42.333333333333336,85.0,58.333333333333336,271.0,252.0,455.0,604.6666666666666,67.49485683441162,68.0452922185262,0.0,0.0,80.23333333333333,57.75,0.0,0.0,False,1.8571760031073186,good,2312.0,25.5,-0.8583333333333334,True,False,False,37
p14,4.0,4.0,8,8.0,4.0,4.0,3.0,2019-12-09 09:01:01.356,2019-12-09,9.016666666666667,False,2019-12-09,False,1,0,0,125,1058.0,701.0,935.0,True,False,8.1,7.916666666666667,93.0,91.66666666666669,3.35,4.055555555555555,7.466666666666667,7.816666666666666,10.116666666666667,9.755555555555556,66.0,66.66666666666667,,13253.5,,10.1402,,2800.84,,208.5,,18.5,,52.0,,70.5,,279.0,,552.5,,67.44820261001587,0.0,0.0,0.0,50.07222222222222,0.0,0.0,True,1.8571760031073186,good,,,1.1833333333333327,True,False,False,38
p14,3.0,3.0,8,8.0,4.0,3.0,3.0,2019-12-10 09:00:59.975,2019-12-10,9.0,False,2019-12-10,False,1,0,1,125,1382.0,1040.0,560.0,True,False,6.0,6.788888888888889,91.0,92.33333333333331,3.475,4.202777777777778,4.791666666666667,6.433333333333334,7.316666666666666,8.227777777777778,66.0,66.33333333333333,9042.0,10997.0,6.3749,8.3228,2916.84,2852.865,162.0,174.0,27.0,24.5,84.0,73.5,111.0,98.0,273.0,272.0,560.0,507.5,66.8273401260376,67.16109848022461,300.0,100.0,65.21666666666667,48.48333333333333,49.86666666666667,16.622222222222224,False,0.0,neutral,-1711.0,50.0,-1.125,False,True,False,39
p14,3.0,4.0,7,8.0,4.0,3.0,3.0,2019-12-11 09:02:14.484,2019-12-11,9.033333333333331,False,2019-12-11,False,1,0,2,125,992.0,764.0,694.0,True,False,6.8,6.966666666666666,87.0,90.33333333333331,4.95,3.925,7.3,6.519444444444445,8.35,8.594444444444443,67.0,66.33333333333333,17335.0,13188.5,13.992300000000002,10.183600000000002,3288.01,3102.425,163.0,162.5,41.0,34.0,103.0,93.5,144.0,127.5,307.0,290.0,,,67.8953504562378,67.3613452911377,400.0,233.33333333333331,108.5,57.90555555555556,50.46666666666667,33.44444444444445,False,1.1123294618479653,good,6695.0,79.5,-0.11666666666666714,False,True,False,40
p14,2.0,4.0,7,8.0,4.0,2.0,3.0,2019-12-12 09:05:22.189,2019-12-12,9.083333333333334,False,2019-12-12,False,1,0,3,125,1360.0,1008.0,733.0,True,False,9.283333333333331,7.361111111111111,91.0,89.66666666666667,3.408333333333333,3.9444444444444446,8.925,7.005555555555556,11.516666666666667,9.061111111111112,68.0,67.0,10756.0,12377.666666666666,7.747700000000001,9.371633333333332,2521.52,2908.7899999999995,145.0,156.66666666666666,9.0,25.666666666666668,52.0,79.66666666666667,61.0,105.33333333333331,206.0,262.0,733.0,646.5,68.7201566696167,67.81428241729736,0.0,233.33333333333331,61.43333333333334,78.38333333333334,0.0,33.44444444444445,False,0.36748292058861204,neutral,3.0,-7.0,2.391666666666665,False,True,False,41
p14,4.0,4.0,8,8.0,4.0,4.0,3.0,2019-12-13 07:59:26.286,2019-12-13,7.983333333333333,False,2019-12-13,False,1,0,4,125,1261.0,916.0,578.0,True,False,6.883333333333334,7.655555555555556,95.0,91.0,2.9833333333333334,3.780555555555555,5.525,7.25,8.533333333333333,9.466666666666669,66.0,67.0,9290.0,12460.333333333334,6.7865,9.508833333333335,2333.18,2714.236666666666,112.0,140.0,8.0,19.33333333333333,51.0,68.66666666666667,59.0,88.0,171.0,228.0,578.0,655.5,66.7816801071167,67.7990624109904,0.0,133.33333333333334,27.3,65.74444444444445,0.0,16.822222222222223,False,1.8571760031073186,good,-1464.5,-5.5,-0.033333333333333215,False,True,False,42
p14,4.0,4.0,8,7.0,4.0,2.0,3.0,2019-12-14 10:01:34.083,2019-12-14,10.016666666666667,False,2019-12-14,False,1,0,5,125,1332.0,1060.0,588.0,True,False,3.333333333333333,6.5,95.0,93.66666666666669,5.866666666666666,4.086111111111111,3.5416666666666665,5.997222222222223,3.6666666666666665,7.905555555555556,65.0,66.33333333333333,17971.0,12672.333333333334,13.6846,9.406266666666667,3349.74,2734.813333333333,173.0,143.33333333333334,37.0,18.0,130.0,77.66666666666667,167.0,95.66666666666669,340.0,239.0,588.0,633.0,65.73664474487305,67.07949384053548,350.0,116.66666666666669,91.76666666666668,60.16666666666666,10.7,3.5666666666666664,False,1.8571760031073186,good,7216.5,102.5,-3.583333333333334,False,False,False,43
p14,2.0,4.0,6,9.0,4.0,2.0,2.0,2019-12-15 08:13:23.596,2019-12-15,8.216666666666667,False,2019-12-15,False,1,0,6,125,152.0,0.0,1215.0,False,False,,5.108333333333333,,95.0,,4.425,,4.533333333333333,,6.1,,65.5,,13630.5,,10.23555,,2841.46,,142.5,,22.5,,90.5,,113.0,,255.5,,583.0,,66.25916242599487,200.0,183.33333333333331,0.0,39.68888888888889,0.0,3.5666666666666664,True,-0.46444991565574634,neutral,,,,True,False,False,44
p14,2.0,4.0,7,5.0,3.0,2.0,3.0,2019-12-16 08:26:34.576,2019-12-16,8.433333333333334,False,2019-12-16,False,1,0,0,125,0.0,0.0,1440.0,True,False,3.85,3.591666666666667,95.0,95.0,7.425,6.645833333333333,6.041666666666667,4.791666666666667,4.616666666666666,4.141666666666667,65.0,65.0,,,,,,,,,,,,,,,,,,,,,0.0,183.33333333333331,0.0,30.58888888888889,0.0,3.5666666666666664,True,0.36748292058861204,neutral,,,-3.025,True,False,False,45
p14,3.0,4.0,7,8.0,4.0,3.0,3.0,2019-12-17 09:01:20.631,2019-12-17,9.016666666666667,False,2019-12-17,False,1,0,1,125,1350.0,1021.0,969.0,True,False,5.633333333333334,4.741666666666667,85.0,90.0,3.3,5.3625,4.183333333333334,5.112500000000001,6.883333333333334,5.75,65.0,65.0,9089.0,,6.733600000000001,,2428.21,,148.0,,9.0,,37.0,,46.0,,194.0,,969.0,,64.43187808990479,,0.0,66.66666666666667,47.8,15.933333333333332,0.0,0.0,False,1.1123294618479653,good,-1785.5,-25.5,-1.2416666666666663,False,True,False,46
p14,2.0,3.0,7,8.0,4.0,2.0,3.0,2019-12-18 07:11:15.855,2019-12-18,7.183333333333334,False,2019-12-18,False,1,0,2,125,1398.0,1061.0,807.0,True,False,7.5,5.661111111111111,94.0,91.33333333333331,3.85,4.858333333333333,6.583333333333333,5.602777777777778,8.733333333333333,6.7444444444444445,64.0,64.66666666666667,9971.0,9530.0,7.463000000000001,7.098300000000001,2457.45,2442.83,175.0,161.5,5.0,7.0,40.0,38.5,45.0,45.5,220.0,207.0,807.0,888.0,65.02585506439209,64.72886657714844,0.0,0.0,58.866666666666674,35.55555555555556,0.0,0.0,False,-0.7448465412593532,bad,-903.5,-19.5,0.625,False,True,False,47
p14,2.0,3.0,5,8.0,4.0,2.0,3.0,2019-12-19 09:03:02.055,2019-12-19,9.05,False,2019-12-19,False,1,0,3,125,1394.0,1037.0,724.0,True,False,10.833333333333334,7.98888888888889,85.0,88.0,1.375,2.8416666666666663,8.116666666666667,6.294444444444444,12.733333333333333,9.45,66.0,65.0,9373.0,9477.666666666666,6.9584,7.051666666666667,2636.9,2507.52,128.0,150.33333333333334,14.0,9.333333333333334,50.0,42.333333333333336,64.0,51.66666666666666,192.0,202.0,724.0,833.3333333333334,65.06847476959229,64.84206930796306,0.0,0.0,48.65,51.77222222222222,0.0,0.0,False,-0.7448465412593532,bad,-1381.5,3.0,3.958333333333334,False,True,False,48
p14,2.0,3.0,6,10.0,2.0,2.0,3.0,2019-12-20 06:36:02.104,2019-12-20,6.6,False,2019-12-20,False,1,0,4,125,1367.0,1009.0,471.0,True,False,8.95,9.094444444444443,84.0,87.66666666666667,0.2916666666666667,1.8388888888888888,5.283333333333333,6.661111111111111,10.983333333333333,10.816666666666665,67.0,65.66666666666667,4747.0,8030.333333333333,3.5597000000000003,5.9937000000000005,2253.6,2449.3166666666666,116.0,139.66666666666666,3.0,7.333333333333333,22.0,37.333333333333336,25.0,44.66666666666666,141.0,184.33333333333331,471.0,667.3333333333334,67.67055225372314,65.92162736256917,0.0,0.0,25.6,44.37222222222223,0.0,0.0,False,-0.7448465412593532,bad,-6007.5,-37.5,2.0749999999999993,False,True,False,49
p14,3.0,3.0,5,7.0,3.0,3.0,3.0,2019-12-21 11:27:22.216,2019-12-21,11.45,False,2019-12-21,False,1,0,5,125,1398.0,1062.0,467.0,True,False,7.85,9.21111111111111,89.0,86.0,2.65,1.4388888888888889,5.916666666666667,6.438888888888889,9.266666666666667,10.994444444444444,70.0,67.66666666666667,16968.0,10362.666666666666,12.6861,7.734733333333335,3127.09,2672.53,202.0,148.66666666666666,41.0,19.33333333333333,71.0,47.66666666666666,112.0,67.0,314.0,215.66666666666663,467.0,554.0,70.3452844619751,67.69477049509685,0.0,0.0,94.71666666666668,56.32222222222222,0.0,0.0,False,0.0,neutral,6213.5,49.5,0.9749999999999996,False,False,False,50
p14,3.0,4.0,6,8.0,3.0,3.0,3.0,2019-12-22 09:34:20.344,2019-12-22,9.566666666666666,False,2019-12-22,False,1,0,6,125,1382.0,1056.0,597.0,True,False,8.783333333333333,8.527777777777777,94.0,89.0,3.191666666666667,2.0444444444444447,7.733333333333333,6.311111111111111,10.533333333333331,10.261111111111113,68.0,68.33333333333333,15757.0,12490.666666666666,11.8121,9.352633333333335,2847.02,2742.57,187.0,168.33333333333334,35.0,26.33333333333333,65.0,52.66666666666666,100.0,79.0,287.0,247.33333333333331,597.0,511.6666666666667,68.92012214660645,68.97865295410156,0.0,0.0,108.38333333333333,76.23333333333333,0.0,0.0,False,1.1123294618479653,good,4882.5,34.0,1.9083333333333332,True,False,False,51
p14,3.0,3.0,7,8.0,3.0,3.0,3.0,2019-12-23 09:00:20.057,2019-12-23,9.0,False,2019-12-23,False,1,0,0,125,1145.0,789.0,552.0,True,False,8.183333333333334,8.272222222222224,88.0,90.33333333333331,4.291666666666667,3.377777777777778,7.841666666666667,7.163888888888889,9.55,9.783333333333331,67.0,68.33333333333333,14911.0,15878.666666666666,11.1762,11.891466666666668,2740.11,2904.74,146.0,178.33333333333334,48.0,41.333333333333336,62.0,66.0,110.0,107.33333333333331,256.0,285.6666666666667,,532.0,67.1286211013794,68.79800923665364,0.0,0.0,115.2,106.09999999999998,0.0,0.0,False,0.0,neutral,4036.5,44.0,1.3083333333333336,True,False,False,52
p14,3.0,3.0,7,8.0,3.0,3.0,3.0,2019-12-24 09:19:50.967,2019-12-24,9.316666666666666,False,2019-12-24,False,1,0,1,125,1383.0,1030.0,624.0,True,False,7.716666666666667,8.227777777777778,87.0,89.66666666666667,4.083333333333333,3.855555555555556,7.841666666666667,7.805555555555556,9.75,9.944444444444445,68.0,67.66666666666667,6797.0,12488.333333333334,5.0949,9.361066666666668,2429.26,2672.13,234.0,189.0,3.0,28.666666666666668,6.0,44.333333333333336,9.0,73.0,243.0,262.0,624.0,610.5,68.28105449676514,68.10993258158366,0.0,0.0,0.0,74.52777777777777,0.0,0.0,False,0.0,neutral,-4077.5,-57.0,0.6083333333333334,False,True,False,53
p14,3.0,3.0,6,8.0,3.0,3.0,3.0,2019-12-25 09:11:05.598,2019-12-25,9.183333333333334,False,2019-12-25,False,1,0,2,125,1389.0,1033.0,670.0,True,False,8.266666666666667,8.055555555555555,88.0,87.66666666666667,4.35,4.241666666666667,8.141666666666667,7.941666666666667,9.783333333333331,9.694444444444445,66.0,67.0,5368.0,9025.333333333334,3.9588,6.7433000000000005,2268.31,2479.226666666667,185.0,188.33333333333331,0.0,17.0,0.0,22.666666666666668,0.0,39.66666666666666,185.0,228.0,670.0,647.0,66.76136875152588,67.39034811655681,0.0,0.0,0.0,38.4,0.0,0.0,False,0.0,neutral,-5506.5,-66.0,1.158333333333334,False,True,False,54
p14,3.0,3.0,6,8.0,3.0,3.0,3.0,2019-12-26 09:11:26.866,2019-12-26,9.183333333333334,False,2019-12-26,False,1,0,3,125,1390.0,1036.0,572.0,True,False,7.616666666666666,7.866666666666667,85.0,86.66666666666667,4.258333333333334,4.230555555555555,8.1,8.027777777777779,9.833333333333334,9.78888888888889,66.0,66.66666666666667,14140.0,8768.333333333334,10.5469,6.533533333333334,2748.24,2481.9366666666665,180.0,199.66666666666663,61.0,21.33333333333333,40.0,15.333333333333334,101.0,36.66666666666666,281.0,236.33333333333331,572.0,622.0,66.51541423797607,67.18594582875569,0.0,0.0,134.83333333333334,44.94444444444445,0.0,0.0,False,0.0,neutral,3265.5,38.5,0.20000000000000018,False,True,False,55
p14,4.0,3.0,7,8.0,4.0,4.0,3.0,2019-12-27 09:07:26.117,2019-12-27,9.116666666666667,False,2019-12-27,False,1,0,4,125,1383.0,1027.0,549.0,True,False,6.9,7.594444444444444,91.0,88.0,5.416666666666667,4.675,8.058333333333334,8.1,8.633333333333333,9.416666666666666,66.0,66.0,10475.0,9994.333333333334,7.8539,7.4532,2749.68,2588.7433333333333,261.0,208.66666666666663,7.0,22.666666666666668,33.0,24.33333333333333,40.0,47.0,301.0,255.66666666666663,549.0,597.0,66.52790451049805,66.6015625,0.0,0.0,44.36666666666667,59.73333333333334,0.0,0.0,False,0.7448465412593532,good,-531.5,-22.5,-0.6583333333333332,False,True,False,56
p14,2.0,3.0,7,7.0,2.0,4.0,3.0,2019-12-28 09:01:42.477,2019-12-28,9.016666666666667,False,2019-12-28,False,1,0,5,125,1387.0,1027.0,699.0,True,False,6.95,7.155555555555556,94.0,90.0,3.55,4.408333333333334,6.85,7.669444444444444,9.3,9.255555555555556,68.0,66.66666666666667,12293.0,12302.666666666666,9.7794,9.393400000000002,2788.13,2762.0166666666664,150.0,197.0,8.0,25.33333333333333,65.0,46.0,73.0,71.33333333333333,223.0,268.3333333333333,699.0,606.6666666666666,68.09179019927979,67.04503631591797,250.0,83.33333333333333,37.45,72.21666666666667,37.45,12.483333333333334,False,-0.7448465412593532,bad,1418.5,10.5,-0.4666666666666659,False,False,False,57
p14,4.0,4.0,7,7.0,3.0,4.0,4.0,2019-12-29 10:45:36.905,2019-12-29,10.75,False,2019-12-29,False,1,0,6,125,1073.0,721.0,667.0,False,False,,6.925000000000001,,92.5,,4.483333333333333,,7.454166666666667,,8.966666666666667,,67.0,9953.0,10907.0,7.4073,8.346866666666667,2503.93,2680.58,179.0,196.66666666666663,10.0,8.333333333333334,26.0,41.333333333333336,36.0,49.66666666666666,215.0,246.33333333333331,,624.0,68.53031826019287,67.71667098999023,0.0,83.33333333333333,21.35,34.38888888888889,0.0,12.483333333333334,False,2.689108839351677,good,-1040.0,-28.0,,True,False,False,58
p14,4.0,4.0,7,7.0,4.0,4.0,4.0,2019-12-30 09:01:28.701,2019-12-30,9.016666666666667,False,2019-12-30,False,1,0,0,125,1243.0,1066.0,1247.0,True,False,6.333333333333333,6.641666666666667,98.0,96.0,6.4,4.975,7.491666666666666,7.1708333333333325,7.083333333333333,8.191666666666666,68.0,68.0,8352.0,10199.333333333334,6.221900000000001,7.802866666666667,2498.25,2596.77,165.0,164.66666666666666,6.0,8.0,22.0,37.66666666666666,28.0,45.66666666666666,193.0,210.33333333333331,1247.0,973.0,68.57364177703857,68.39858341217041,0.0,83.33333333333333,19.633333333333333,26.14444444444445,0.0,12.483333333333334,False,2.689108839351677,good,-2522.5,-34.5,-1.0,True,False,False,59
p14,4.0,4.0,7,8.0,4.0,4.0,4.0,2019-12-31 10:44:07.122,2019-12-31,10.733333333333333,False,2019-12-31,False,1,0,1,125,1405.0,1050.0,758.0,True,False,6.416666666666667,6.375,99.0,98.5,7.658333333333333,7.029166666666667,9.033333333333331,8.2625,7.366666666666666,7.225,70.0,69.0,9495.0,9266.666666666666,7.1195,6.9162333333333335,2722.85,2575.01,199.0,181.0,25.0,13.666666666666666,33.0,27.0,58.0,40.66666666666666,257.0,221.66666666666663,758.0,1002.5,70.74984836578369,69.28460280100505,0.0,0.0,37.55,26.177777777777777,0.0,0.0,False,2.689108839351677,good,-1261.0,-3.0,-0.7249999999999996,False,True,False,60
p14,4.0,4.0,8,7.0,4.0,5.0,4.0,2020-01-02 07:38:45.908,2020-01-02,7.633333333333333,False,2020-01-02,False,1,0,3,125,1413.0,1056.0,847.0,True,False,5.333333333333333,5.566666666666666,98.0,98.33333333333331,6.666666666666667,8.258333333333333,6.708333333333333,8.652777777777779,6.033333333333333,6.388888888888889,75.0,72.66666666666667,7276.0,8404.0,5.432300000000001,6.293066666666668,2599.36,2660.2100000000005,225.0,207.33333333333331,17.0,29.0,5.0,18.0,22.0,47.0,247.0,254.33333333333331,847.0,781.3333333333334,75.1908369064331,73.1303243637085,0.0,0.0,0.0,12.516666666666666,0.0,0.0,False,2.689108839351677,good,-2695.0,-37.0,-1.8083333333333336,False,True,False,62
p14,4.0,3.0,8,8.0,4.0,4.0,3.0,2020-01-06 10:22:57.423,2020-01-06,10.366666666666667,False,2020-01-06,False,1,0,0,125,671.0,671.0,1289.0,True,False,8.05,8.575,93.0,92.5,4.133333333333334,3.5250000000000004,7.808333333333334,8.004166666666666,9.666666666666666,10.475,72.0,73.0,,,,,,,,,,,,,,,,,,,,,150.0,50.0,51.766666666666666,34.61666666666667,23.6,7.866666666666667,True,0.7448465412593532,good,,,1.1000000000000005,True,False,False,66
p14,3.0,3.0,7,8.0,4.0,2.0,3.0,2020-01-07 09:09:07.557,2020-01-07,9.15,False,2020-01-07,False,1,0,1,125,1373.0,1018.0,580.0,True,False,7.9,7.975,89.0,91.0,3.75,3.941666666666667,7.558333333333334,7.683333333333334,9.8,9.733333333333334,70.0,71.0,15513.0,,12.9549,,3006.71,,150.0,,47.0,,83.0,,130.0,,280.0,,580.0,,70.60910415649414,,270.0,140.0,95.55,49.105555555555554,46.900000000000006,23.5,False,0.0,neutral,5789.0,70.0,0.9500000000000002,False,True,False,67
p14,3.0,3.0,7,9.0,4.0,2.0,3.0,2020-01-08 09:00:53.089,2020-01-08,9.0,False,2020-01-08,False,1,0,2,125,1382.0,1038.0,640.0,True,False,9.4,8.450000000000001,87.0,89.66666666666667,2.933333333333333,3.605555555555556,8.833333333333334,8.066666666666666,11.9,10.455555555555556,69.0,70.33333333333333,11182.0,13347.5,8.7765,10.8657,2594.24,2800.475,149.0,149.5,18.0,32.5,45.0,64.0,63.0,96.5,212.0,246.0,640.0,610.0,69.06604766845703,69.83757591247559,0.0,140.0,64.86666666666667,70.72777777777777,0.0,23.5,False,0.0,neutral,1220.0,3.0,1.9000000000000004,False,True,False,68
p14,2.0,3.0,7,7.0,3.0,2.0,3.0,2020-01-09 09:23:00.711,2020-01-09,9.383333333333333,False,2020-01-09,False,1,0,3,125,1375.0,1021.0,480.0,True,False,5.866666666666666,7.722222222222221,97.0,91.0,7.683333333333334,4.788888888888889,8.916666666666666,8.436111111111112,7.233333333333333,9.644444444444444,69.0,69.33333333333333,16395.0,14363.333333333334,13.721100000000002,11.8175,2949.03,2849.9933333333333,161.0,153.33333333333334,17.0,27.33333333333333,68.0,65.33333333333333,85.0,92.66666666666669,246.0,246.0,480.0,566.6666666666666,69.25015544891357,69.64176909128825,180.0,150.0,75.8,78.7388888888889,23.75,23.55,False,-0.7448465412593532,bad,6433.0,25.0,-1.75,False,True,False,69
p14,3.0,3.0,7,8.0,4.0,3.0,3.0,2020-01-10 09:04:48.500,2020-01-10,9.066666666666666,False,2020-01-10,False,1,0,4,125,1339.0,984.0,708.0,True,False,9.383333333333333,8.216666666666667,88.0,90.66666666666669,2.7666666666666666,4.461111111111111,8.983333333333333,8.911111111111111,12.216666666666669,10.45,68.0,68.66666666666667,18755.0,15444.0,14.103700000000002,12.200433333333336,3111.47,2884.9133333333334,166.0,158.66666666666666,27.0,20.666666666666668,105.0,72.66666666666667,132.0,93.33333333333331,298.0,252.0,708.0,609.3333333333334,68.52878761291504,68.94833024342854,0.0,60.0,135.68333333333334,92.11666666666667,0.0,7.916666666666667,False,0.0,neutral,8793.0,72.0,1.8833333333333329,False,True,False,70
p14,3.0,3.0,7,9.0,3.0,3.0,3.0,2020-01-11 09:30:06.654,2020-01-11,9.5,False,2020-01-11,False,1,0,5,125,1383.0,1026.0,496.0,True,False,7.75,7.666666666666667,92.0,92.33333333333331,5.266666666666667,5.238888888888889,8.675,8.858333333333333,9.4,9.616666666666667,68.0,68.33333333333333,11099.0,15416.333333333334,9.6238,12.482866666666668,2648.35,2902.95,132.0,153.0,21.0,21.666666666666668,58.0,77.0,79.0,98.66666666666669,211.0,251.66666666666663,496.0,561.3333333333334,68.83415794372559,68.87103366851807,180.0,120.0,55.25,88.91111111111111,22.83333333333333,15.527777777777777,False,0.0,neutral,876.0,17.0,0.13333333333333375,False,False,False,71
p14,3.0,3.0,7,8.0,3.0,3.0,3.0,2020-01-12 09:02:29.756,2020-01-12,9.033333333333331,False,2020-01-12,False,1,0,6,125,1387.0,1027.0,602.0,True,False,8.083333333333334,8.405555555555557,97.0,92.33333333333331,6.341666666666667,4.791666666666667,9.458333333333334,9.03888888888889,9.116666666666667,10.244444444444444,66.0,67.33333333333333,17918.0,15924.0,15.559500000000002,13.095666666666668,3046.11,2935.31,167.0,155.0,7.0,18.33333333333333,100.0,87.66666666666667,107.0,106.0,274.0,261.0,602.0,602.0,66.68851470947266,68.01715342203777,280.0,153.33333333333334,63.95,84.96111111111111,63.95,28.927777777777777,False,0.0,neutral,7695.0,45.0,0.36666666666666714,True,False,False,72
p14,3.0,3.0,7,6.0,5.0,3.0,3.0,2020-01-13 09:06:06.487,2020-01-13,9.1,False,2020-01-13,False,1,0,0,125,957.0,599.0,743.0,True,False,5.533333333333333,7.122222222222223,94.0,94.33333333333331,5.566666666666666,5.7250000000000005,5.941666666666666,8.025,6.366666666666666,8.294444444444444,66.0,66.66666666666667,,14508.5,,12.59165,,2847.23,,149.5,,14.0,,79.0,,93.0,,242.5,,549.0,,67.76133632659912,0.0,153.33333333333334,87.05,68.75,0.0,28.927777777777777,True,0.0,neutral,,,-2.2,True,False,False,73
p14,3.0,3.0,7,9.0,3.0,2.0,3.0,2020-01-14 09:00:57.979,2020-01-14,9.0,False,2020-01-14,False,1,0,1,125,1388.0,1056.0,831.0,True,False,8.05,7.222222222222222,86.0,92.33333333333331,4.108333333333333,5.338888888888889,8.566666666666666,7.98888888888889,10.45,8.644444444444444,63.0,65.0,9647.0,13782.5,7.1892000000000005,11.374350000000002,2441.45,2743.78,180.0,173.5,7.0,7.0,40.0,70.0,47.0,77.0,227.0,250.5,831.0,716.5,63.81476020812988,65.25163745880127,0.0,93.33333333333331,46.08333333333333,65.69444444444444,0.0,21.316666666666663,False,0.0,neutral,-828.0,-16.0,0.3166666666666673,False,True,False,74
p14,3.0,3.0,7,9.0,3.0,3.0,3.0,2020-01-15 08:49:09.525,2020-01-15,8.816666666666666,False,2020-01-15,False,1,0,2,125,1398.0,1043.0,495.0,True,False,7.9,7.161111111111111,92.0,90.66666666666669,4.083333333333333,4.586111111111111,8.191666666666666,7.566666666666666,10.1,8.972222222222221,64.0,64.33333333333333,18400.0,14023.5,15.335300000000002,11.262250000000002,3419.89,2930.67,169.0,174.5,25.0,16.0,124.0,82.0,149.0,98.0,318.0,272.5,495.0,663.0,64.49068927764893,64.1527247428894,540.0,180.0,96.95,76.69444444444444,51.71666666666667,17.23888888888889,False,0.0,neutral,7925.0,86.0,0.10000000000000053,False,True,False,75
p14,3.0,3.0,7,7.0,4.0,2.0,3.0,2020-01-16 09:10:00.764,2020-01-16,9.166666666666666,False,2020-01-16,False,1,0,3,125,1363.0,1008.0,568.0,True,False,6.016666666666667,7.322222222222223,92.0,90.0,3.7083333333333335,3.9666666666666655,5.008333333333334,7.2555555555555555,7.3,9.283333333333331,65.0,64.0,17044.0,15030.333333333334,14.1015,12.208666666666668,3034.45,2965.263333333334,155.0,168.0,18.0,16.666666666666668,93.0,85.66666666666667,111.0,102.33333333333331,266.0,270.3333333333333,568.0,631.3333333333334,65.5712194442749,64.6255563100179,150.0,230.0,96.4,79.81111111111112,28.116666666666667,26.611111111111114,False,0.0,neutral,5945.0,47.0,-1.8583333333333334,False,True,False,76
p14,3.0,4.0,7,9.0,4.0,3.0,3.0,2020-01-17 08:31:28.576,2020-01-17,8.516666666666667,False,2020-01-17,False,1,0,4,125,1387.0,1028.0,625.0,True,False,7.75,7.222222222222221,96.0,93.33333333333331,3.9583333333333335,3.9166666666666665,7.658333333333333,6.952777777777778,9.7,9.033333333333331,66.0,65.0,25773.0,20405.666666666668,20.3731,16.6033,3489.27,3314.5366666666664,197.0,173.66666666666666,44.0,29.0,136.0,117.66666666666669,180.0,146.66666666666666,377.0,320.3333333333333,625.0,562.6666666666666,66.04477310180664,65.36889394124348,150.0,280.0,174.51666666666665,122.6222222222222,27.75,35.861111111111114,False,1.1123294618479653,good,14591.0,112.0,-0.04999999999999982,False,True,False,77
p14,3.0,4.0,7,9.0,4.0,2.0,3.0,2020-01-18 08:49:07.196,2020-01-18,8.816666666666666,False,2020-01-18,False,1,0,5,125,1398.0,1042.0,554.0,True,False,8.7,7.488888888888888,90.0,92.66666666666669,4.566666666666666,4.077777777777778,9.05,7.23888888888889,10.483333333333333,9.16111111111111,66.0,65.66666666666667,14873.0,19230.0,11.8561,15.443566666666667,2931.63,3151.783333333333,208.0,186.66666666666663,43.0,35.0,53.0,94.0,96.0,129.0,304.0,315.6666666666667,554.0,582.3333333333334,66.57000541687012,66.06199932098389,260.0,186.66666666666663,113.2,128.0388888888889,56.88333333333333,37.583333333333336,False,1.1123294618479653,good,2580.0,23.0,0.9499999999999993,False,False,False,78
p14,2.0,3.0,6,11.0,4.0,2.0,3.0,2020-01-19 09:05:14.406,2020-01-19,9.083333333333334,False,2020-01-19,False,1,0,6,125,1357.0,999.0,520.0,False,False,,8.225,,93.0,,4.2625,,8.354166666666668,,10.091666666666663,,66.0,25060.0,21902.0,20.4853,17.571500000000004,3443.4,3288.1000000000004,96.0,167.0,36.0,41.0,159.0,116.0,195.0,157.0,291.0,324.0,520.0,566.3333333333334,65.6075325012207,66.07410367329915,300.0,236.66666666666663,140.76666666666665,142.82777777777775,59.7,48.11111111111112,False,-0.7448465412593532,bad,12767.0,122.0,,True,False,False,79
p14,2.0,3.0,6,7.0,4.0,2.0,3.0,2020-01-20 07:41:29.482,2020-01-20,7.683333333333334,False,2020-01-20,False,1,0,0,125,1048.0,688.0,360.0,True,False,6.2,7.449999999999999,92.0,91.0,3.5083333333333333,4.0375,4.733333333333333,6.891666666666668,7.216666666666667,8.85,65.0,65.5,,19966.5,,16.170700000000004,,3187.5150000000003,,152.0,,39.5,,106.0,,145.5,,297.5,,537.0,,66.08876895904541,120.0,226.66666666666663,75.95,109.9722222222222,28.166666666666668,48.25,True,-0.7448465412593532,bad,,,-1.5499999999999998,True,False,False,80
p14,3.0,3.0,7,8.0,4.0,3.0,3.0,2020-01-21 09:08:13.730,2020-01-21,9.133333333333333,False,2020-01-21,False,1,0,1,125,1240.0,956.0,789.0,True,False,7.916666666666667,7.058333333333334,93.0,92.5,3.566666666666667,3.5375,7.341666666666667,6.0375,9.766666666666667,8.491666666666667,64.0,64.5,11051.0,18055.5,8.2329,14.359100000000002,2467.45,2955.425,173.0,134.5,6.0,21.0,39.0,99.0,45.0,120.0,218.0,254.5,789.0,654.5,64.35809993743896,64.98281621932983,0.0,140.0,61.43333333333334,92.71666666666664,0.0,29.28888888888889,False,0.0,neutral,-686.5,-25.5,0.20000000000000018,False,True,False,81
p14,3.0,3.0,7,6.0,2.0,3.0,3.0,2020-01-23 13:10:36.265,2020-01-23,13.166666666666666,False,2020-01-23,False,1,0,3,125,1367.0,1063.0,764.0,True,False,5.166666666666667,6.1944444444444455,92.0,91.33333333333331,5.275,4.183333333333334,5.583333333333333,5.861111111111112,6.3,7.672222222222222,63.0,63.333333333333336,17775.0,16847.333333333332,14.478600000000002,13.724466666666666,3094.18,3014.263333333334,172.0,174.0,8.0,15.666666666666666,79.0,83.0,87.0,98.66666666666669,259.0,272.6666666666667,764.0,688.6666666666666,63.27900981903076,63.54654280344645,150.0,196.66666666666663,68.7,78.20555555555556,31.15,30.422222222222217,False,0.0,neutral,4558.5,11.0,-2.4499999999999993,False,True,False,83
p14,3.0,3.0,7,8.0,3.0,2.0,3.0,2020-01-24 08:23:31.220,2020-01-24,8.383333333333333,False,2020-01-24,False,1,0,4,125,1402.0,1054.0,757.0,True,False,8.15,6.272222222222222,96.0,92.33333333333331,5.041666666666667,4.675,8.625,6.288888888888889,9.583333333333334,7.611111111111111,63.0,63.0,19970.0,19820.33333333333,16.227,16.389166666666668,3154.49,3243.276666666666,199.0,182.66666666666663,18.0,19.666666666666668,88.0,99.33333333333331,106.0,119.0,305.0,301.6666666666667,757.0,678.0,63.36495876312256,63.21549574534098,150.0,246.66666666666663,83.3,85.49444444444445,29.53333333333333,40.266666666666666,False,0.0,neutral,6616.5,30.0,1.2000000000000002,False,True,False,84
p14,2.0,3.0,7,9.0,3.0,2.0,3.0,2020-01-25 08:55:57.649,2020-01-25,8.916666666666666,False,2020-01-25,False,1,0,5,125,1297.0,937.0,634.0,True,False,9.233333333333333,7.516666666666667,92.0,93.33333333333331,4.225,4.847222222222222,9.533333333333331,7.913888888888888,11.3,9.061111111111112,63.0,63.0,13903.0,17216.0,10.5977,13.767766666666668,2671.31,2973.3266666666664,149.0,173.33333333333334,16.0,14.0,66.0,77.66666666666667,82.0,91.66666666666669,231.0,265.0,634.0,718.3333333333334,63.313992500305176,63.319320360819496,0.0,100.0,87.03333333333333,79.67777777777776,0.0,20.227777777777774,False,-0.7448465412593532,bad,-740.5,0.0,1.4833333333333325,False,False,False,85
p14,3.0,3.0,7,9.0,3.0,3.0,3.0,2020-01-26 09:00:55.006,2020-01-26,9.0,False,2020-01-26,False,1,0,6,125,1331.0,972.0,609.0,True,False,9.033333333333331,8.805555555555555,91.0,93.0,3.025,4.097222222222222,7.783333333333333,8.647222222222222,10.75,10.544444444444444,63.0,63.0,7362.0,13745.0,6.3664000000000005,11.063700000000004,2308.49,2711.43,117.0,155.0,4.0,12.666666666666666,32.0,62.0,36.0,74.66666666666667,153.0,229.66666666666663,609.0,666.6666666666666,63.41998958587647,63.36631361643473,80.0,76.66666666666667,19.316666666666663,63.21666666666666,19.316666666666663,16.283333333333335,False,0.0,neutral,-7281.5,-47.5,1.2833333333333314,True,False,False,86
p14,3.0,3.0,7,8.0,3.0,3.0,3.0,2020-01-27 09:09:50.824,2020-01-27,9.15,False,2020-01-27,False,1,0,0,125,1335.0,975.0,579.0,True,False,6.716666666666667,8.327777777777778,93.0,92.0,4.108333333333333,3.786111111111111,5.975,7.763888888888888,7.866666666666666,9.972222222222223,65.0,63.66666666666666,14724.0,11996.333333333334,12.257,9.740366666666668,2775.01,2584.9366666666665,108.0,124.66666666666669,24.0,14.666666666666666,84.0,60.66666666666666,108.0,75.33333333333333,216.0,200.0,579.0,607.3333333333334,65.13426113128662,63.95608107248942,150.0,76.66666666666667,88.48333333333333,64.94444444444444,27.883333333333333,15.733333333333334,False,0.0,neutral,80.5,24.5,-1.1083333333333334,True,False,False,87
p14,3.0,3.0,7,9.0,3.0,3.0,3.0,2020-01-28 09:00:18.444,2020-01-28,9.0,False,2020-01-28,False,1,0,1,125,1360.0,1049.0,722.0,True,False,7.866666666666666,7.872222222222223,92.0,92.0,3.5083333333333333,3.5472222222222225,6.791666666666667,6.849999999999999,9.283333333333331,9.3,65.0,64.33333333333333,10442.0,10842.666666666666,7.9792,8.867533333333334,2531.34,2538.28,203.0,142.66666666666666,7.0,11.666666666666666,36.0,50.66666666666666,43.0,62.333333333333336,246.0,205.0,722.0,636.6666666666666,65.06856632232666,64.54093901316325,0.0,76.66666666666667,44.36666666666667,50.72222222222222,0.0,15.733333333333334,False,0.0,neutral,-4356.5,-43.0,0.041666666666666075,False,True,False,88
p14,2.0,3.0,5,10.0,3.0,2.0,3.0,2020-01-30 09:15:40.630,2020-01-30,9.25,False,2020-01-30,False,1,0,3,125,520.0,520.0,1059.0,True,False,3.533333333333333,4.977777777777778,88.0,83.0,1.85,2.341666666666667,0.2416666666666666,2.4833333333333334,4.383333333333334,6.138888888888888,67.0,65.66666666666667,,14635.5,,11.9314,,2915.845,,167.5,,25.5,,71.0,,96.5,,264.0,,661.5,,65.26273584365845,0.0,180.0,58.88333333333333,63.92777777777778,0.0,15.572222222222225,True,-0.7448465412593532,bad,,,-4.35,False,True,False,90
p14,2.0,3.0,6,9.0,4.0,2.0,3.0,2020-01-31 09:27:57.311,2020-01-31,9.45,False,2020-01-31,False,1,0,4,125,621.0,621.0,959.0,False,False,,3.533333333333333,,78.5,,1.7583333333333333,,0.3291666666666666,,4.566666666666666,,66.0,,,,,,,,,,,,,,,,,,,,,180.0,240.0,166.18333333333334,104.53333333333336,72.33333333333333,39.68333333333333,True,-0.7448465412593532,bad,,,,False,True,False,91
p14,2.0,3.0,4,9.0,2.0,2.0,3.0,2020-02-01 09:54:00.482,2020-02-01,9.9,False,2020-02-01,False,1,0,5,125,884.0,884.0,1080.0,False,False,,,,,,,,,,,,,12282.0,,9.4718,,2532.95,,160.0,,6.0,,43.0,,49.0,,209.0,,,,68.60600757598877,,0.0,60.0,51.6,92.22222222222224,0.0,24.11111111111111,False,-0.7448465412593532,bad,-3672.0,-52.0,,False,False,False,92
p14,2.0,3.0,6,9.0,3.0,2.0,2.0,2020-02-02 09:04:51.478,2020-02-02,9.066666666666666,False,2020-02-02,False,1,0,6,125,682.0,682.0,1278.0,True,False,9.95,,86.0,,2.775,,8.525,,11.75,,68.0,,,,,,,,,,,,,,,,,,,,,,0.0,60.0,88.75,102.17777777777776,0.0,24.11111111111111,True,-1.5767793775037116,bad,,,2.0666666666666664,True,False,False,93
p14,3.0,3.0,5,8.0,3.0,2.0,2.0,2020-02-03 09:19:24.239,2020-02-03,9.316666666666666,False,2020-02-03,False,1,0,0,125,1284.0,924.0,544.0,True,False,6.85,8.399999999999999,94.0,90.0,5.133333333333334,3.9541666666666666,7.325,7.925000000000001,8.183333333333334,9.966666666666669,68.0,68.0,4595.0,8438.5,3.4461000000000004,6.45895,2008.18,2270.565,84.0,122.0,14.0,10.0,17.0,30.0,31.0,40.0,115.0,162.0,544.0,,68.9162015914917,68.76110458374023,0.0,0.0,33.28333333333333,57.87777777777777,0.0,0.0,False,-0.8319328362443583,bad,-11359.0,-70.0,-1.0500000000000007,True,False,False,94
p14,2.0,3.0,6,7.0,3.0,2.0,2.0,2020-02-04 07:57:30.418,2020-02-04,7.95,False,2020-02-04,False,1,0,1,125,1214.0,857.0,658.0,False,False,,8.399999999999999,,90.0,,3.9541666666666666,,7.925000000000001,,9.966666666666669,,68.0,11002.0,7798.5,8.184700000000001,5.8154,2461.12,2234.65,154.0,119.0,13.0,13.5,45.0,31.0,58.0,44.5,212.0,163.5,658.0,601.0,67.21428489685059,68.06524324417114,0.0,0.0,66.58333333333333,62.87222222222223,0.0,0.0,False,-1.5767793775037116,bad,-4511.0,-38.0,,False,True,False,95
p14,3.0,3.0,7,5.0,4.0,3.0,3.0,2020-02-05 08:10:33.735,2020-02-05,8.166666666666666,False,2020-02-05,False,1,0,2,125,1013.0,1013.0,1038.0,True,False,2.4,4.625,89.0,91.5,4.033333333333333,4.583333333333334,0.75,4.0375,2.716666666666667,5.45,,,19215.0,11604.0,15.749100000000002,9.126633333333336,3171.0,2546.7666666666664,157.0,131.66666666666666,24.0,17.0,103.0,55.0,127.0,72.0,284.0,203.66666666666663,,601.0,65.89617347717285,67.34221998850505,360.0,120.0,102.23333333333332,67.36666666666666,38.23333333333333,12.744444444444444,False,0.0,neutral,4342.0,40.0,-5.408333333333333,False,True,False,96
p14,3.0,3.0,7,9.0,4.0,3.0,3.0,2020-02-06 09:24:30.224,2020-02-06,9.4,False,2020-02-06,False,1,0,3,125,1236.0,1069.0,1108.0,True,False,6.766666666666667,4.583333333333333,93.0,91.0,3.4916666666666667,3.7625,5.766666666666667,3.2583333333333333,8.266666666666667,5.491666666666667,65.0,,16118.0,15445.0,12.2201,12.0513,2927.45,2853.19,235.0,182.0,8.0,15.0,44.0,64.0,52.0,79.0,287.0,261.0,1108.0,883.0,65.29419708251953,66.13488515218098,0.0,120.0,63.15,77.32222222222221,0.0,12.744444444444444,False,0.0,neutral,-277.0,-44.0,-0.9833333333333334,False,True,False,97
p14,3.0,3.0,7,7.0,3.0,3.0,3.0,2020-02-07 09:49:44.520,2020-02-07,9.816666666666666,False,2020-02-07,False,1,0,4,125,1389.0,1031.0,719.0,True,False,5.75,4.972222222222222,96.0,92.66666666666669,5.066666666666666,4.197222222222222,6.041666666666667,4.186111111111111,6.966666666666667,5.983333333333334,64.0,64.5,14674.0,16669.0,12.2346,13.401266666666666,2899.1,2999.183333333333,125.0,172.33333333333334,20.0,17.333333333333332,80.0,75.66666666666667,100.0,93.0,225.0,265.3333333333333,719.0,913.5,64.37614440917969,65.18883832295735,300.0,220.0,48.333333333333336,71.2388888888889,48.333333333333336,28.855555555555554,False,0.0,neutral,-1444.0,4.0,-2.0,False,True,False,98
p14,3.0,3.0,7,9.0,3.0,3.0,3.0,2020-02-09 09:27:31.001,2020-02-09,9.45,False,2020-02-09,False,1,0,6,125,1342.0,982.0,462.0,True,False,9.85,7.927777777777777,93.0,95.0,2.6,4.055555555555555,8.058333333333334,7.341666666666668,11.45,9.27777777777778,66.0,64.66666666666667,31077.0,18592.0,24.3459,14.686,3892.39,3086.153333333333,168.0,153.0,73.0,32.0,172.0,93.66666666666669,245.0,125.66666666666669,413.0,278.6666666666667,462.0,668.3333333333334,66.48653888702393,64.97271537780762,300.0,200.0,185.7,85.12222222222222,47.45,31.927777777777777,False,0.0,neutral,16204.0,149.0,2.55,True,False,False,100
p14,3.0,3.0,7,5.0,3.0,3.0,2.0,2020-02-10 09:16:18.108,2020-02-10,9.266666666666667,False,2020-02-10,False,1,0,0,125,1368.0,1009.0,443.0,True,False,2.65,6.894444444444445,96.0,95.0,8.4,5.166666666666667,5.258333333333334,7.080555555555556,2.85,7.905555555555555,,65.0,17831.0,19644.33333333333,13.3312,15.051533333333332,2909.41,3089.59,217.0,183.66666666666663,32.0,36.0,61.0,87.33333333333333,93.0,123.33333333333331,310.0,307.0,443.0,576.3333333333334,66.13677883148193,65.55959351857503,0.0,100.0,115.2,107.4111111111111,0.0,15.816666666666668,False,-0.8319328362443583,bad,2958.0,-3.0,-4.65,True,False,False,101
p14,2.0,3.0,7,9.0,3.0,3.0,2.0,2020-02-11 09:13:00.044,2020-02-11,9.216666666666669,False,2020-02-11,False,1,0,1,125,1235.0,980.0,1069.0,True,False,8.716666666666667,7.072222222222223,96.0,95.0,4.2,5.066666666666667,8.433333333333334,7.25,10.233333333333333,8.177777777777777,65.0,65.5,9144.0,19350.666666666668,6.8927000000000005,14.8566,2499.21,3100.3366666666666,152.0,179.0,17.0,40.66666666666666,31.0,88.0,48.0,128.66666666666666,200.0,307.6666666666667,1069.0,658.0,65.49364948272705,66.03898906707764,0.0,100.0,52.9,117.93333333333332,0.0,15.816666666666668,False,-1.5767793775037116,bad,-6351.5,-46.5,1.416666666666667,False,True,False,102
p14,2.0,3.0,6,8.0,4.0,2.0,2.0,2020-02-12 08:42:28.186,2020-02-12,8.7,False,2020-02-12,False,1,0,2,125,1343.0,984.0,540.0,True,False,8.616666666666667,6.661111111111111,95.0,95.66666666666669,4.025,5.541666666666667,7.808333333333334,7.166666666666667,9.783333333333331,7.622222222222223,65.0,65.0,21822.0,16265.666666666666,17.0337,12.419200000000002,,2704.31,125.0,164.66666666666666,30.0,26.33333333333333,131.0,74.33333333333333,161.0,100.66666666666669,286.0,265.3333333333333,540.0,684.0,65.72141361236572,65.78394730885823,490.0,163.33333333333334,134.78333333333333,100.96111111111112,38.38333333333333,12.794444444444444,False,-1.5767793775037116,bad,6326.5,66.5,1.3166666666666673,False,True,False,103
p14,2.0,3.0,7,8.0,3.0,3.0,2.0,2020-02-13 09:39:59.880,2020-02-13,9.65,False,2020-02-13,False,1,0,3,125,1338.0,979.0,628.0,True,False,5.283333333333333,7.538888888888889,97.0,96.0,3.325,3.85,3.2666666666666666,6.502777777777777,5.933333333333334,8.65,64.0,64.66666666666667,11010.0,13992.0,8.258700000000001,10.728366666666666,,,176.0,151.0,12.0,19.666666666666668,37.0,66.33333333333333,49.0,86.0,225.0,237.0,628.0,745.6666666666666,64.92607879638672,65.38038063049316,0.0,163.33333333333334,59.73333333333333,82.47222222222221,0.0,12.794444444444444,False,-1.5767793775037116,bad,-4485.5,-45.5,-2.0166666666666666,False,True,False,104
p14,3.0,3.0,7,8.0,3.0,3.0,4.0,2020-02-14 08:01:42.248,2020-02-14,8.016666666666667,False,2020-02-14,False,1,0,4,125,970.0,808.0,886.0,False,False,,6.95,,96.0,,3.675,,5.5375,,7.858333333333333,,64.5,12294.0,15042.0,9.4442,11.578866666666665,,,140.0,147.0,9.0,17.0,49.0,72.33333333333333,58.0,89.33333333333333,198.0,236.33333333333331,,584.0,64.8047456741333,65.15074602762859,0.0,163.33333333333334,59.73333333333333,84.75,0.0,12.794444444444444,False,0.8319328362443583,good,-2504.5,-32.0,,False,True,False,105
p14,3.0,3.0,6,9.0,3.0,3.0,2.0,2020-02-16 09:00:58.003,2020-02-16,9.0,False,2020-02-16,False,1,0,6,125,1224.0,865.0,524.0,False,False,,,,,,,,,,,,,7151.0,11970.333333333334,5.357600000000001,9.470033333333332,,,278.0,202.33333333333331,0.0,4.333333333333333,0.0,43.0,0.0,47.333333333333336,278.0,249.66666666666663,524.0,,65.00059700012207,64.75304539998372,0.0,120.0,29.016666666666666,50.25,29.016666666666666,24.933333333333334,False,-0.8319328362443583,bad,-7548.0,-83.0,,True,False,False,107
p14,3.0,3.0,8,9.0,4.0,3.0,2.0,2020-02-17 08:04:16.306,2020-02-17,8.066666666666666,False,2020-02-17,False,1,0,0,125,1016.0,1016.0,1238.0,True,False,9.316666666666666,8.75,98.0,97.5,2.716666666666667,3.3,7.091666666666667,7.275,10.366666666666667,9.966666666666669,64.0,64.0,8378.0,10665.0,6.216600000000001,8.394166666666669,,,166.0,211.0,14.0,6.0,22.0,34.0,36.0,40.0,202.0,251.0,,,64.69979572296143,64.71806208292644,0.0,120.0,18.766666666666666,36.59444444444444,0.0,24.933333333333334,False,-0.8319328362443583,bad,-5910.5,-34.0,2.466666666666667,True,False,False,108
p14,2.0,3.0,6,9.0,4.0,2.0,3.0,2020-02-19 08:48:02.657,2020-02-19,8.8,False,2020-02-19,False,1,0,2,125,921.0,908.0,796.0,True,False,8.15,6.888888888888889,97.0,96.66666666666669,4.716666666666667,3.608333333333334,8.166666666666666,5.48888888888889,9.45,7.877777777777777,63.0,63.333333333333336,20338.0,12741.333333333334,16.1996,9.877,,,143.0,154.0,18.0,13.666666666666666,122.0,59.0,140.0,72.66666666666667,283.0,226.66666666666663,,,63.23940467834473,63.74343077341715,520.0,173.33333333333334,113.5,59.16111111111112,58.88333333333333,19.627777777777776,False,-0.7448465412593532,bad,6435.0,82.0,1.3000000000000007,False,True,False,110
p14,3.0,3.0,7,7.0,3.0,2.0,2.0,2020-02-20 09:07:04.964,2020-02-20,9.116666666666667,False,2020-02-20,False,1,0,3,125,1304.0,946.0,729.0,True,False,5.1,5.483333333333333,95.0,95.66666666666669,4.291666666666667,4.133333333333333,4.283333333333333,4.552777777777778,5.983333333333333,6.416666666666667,62.0,62.66666666666666,6034.0,11960.0,4.4641,9.292833333333332,,,115.0,137.0,7.0,11.333333333333334,22.0,59.0,29.0,70.33333333333333,144.0,207.33333333333331,729.0,676.0,62.13304805755615,62.88784821828207,0.0,173.33333333333334,40.96666666666667,66.56111111111112,0.0,19.627777777777776,False,-0.8319328362443583,bad,-7869.0,-29.0,-2.7666666666666666,False,True,False,111
p14,3.0,3.0,7,9.0,4.0,4.0,3.0,2020-02-21 09:01:40.135,2020-02-21,9.016666666666667,False,2020-02-21,False,1,0,4,125,1192.0,979.0,821.0,True,False,6.616666666666666,6.622222222222223,97.0,96.33333333333331,2.6416666666666666,3.883333333333333,4.225,5.558333333333333,7.583333333333333,7.672222222222222,61.0,62.0,18519.0,14963.666666666666,14.7353,11.799666666666669,,,142.0,133.33333333333334,11.0,12.0,107.0,83.66666666666667,118.0,95.66666666666669,260.0,229.0,,,61.35766220092773,62.243371645609535,150.0,223.33333333333331,88.26666666666667,80.91111111111111,27.683333333333334,28.855555555555554,False,0.0,neutral,6225.0,60.0,-1.25,False,True,False,112
p14,2.0,3.0,5,9.0,3.0,2.0,3.0,2020-02-22 09:16:35.302,2020-02-22,9.266666666666667,False,2020-02-22,False,1,0,5,125,613.0,395.0,814.0,False,False,,5.8583333333333325,,96.0,,3.466666666666667,,4.254166666666666,,6.783333333333333,,61.5,,12276.5,,9.5997,,,,128.5,,9.0,,64.5,,73.5,,202.0,,,,61.74535512924194,150.0,100.0,101.3,76.84444444444445,28.766666666666666,18.816666666666663,True,-0.7448465412593532,bad,,,,False,False,False,113
p14,2.0,3.0,5,9.0,3.0,2.0,3.0,2020-02-23 09:02:38.911,2020-02-23,9.033333333333331,False,2020-02-23,False,1,0,6,125,533.0,533.0,1343.0,True,False,9.2,7.908333333333333,93.0,95.0,3.1666666666666665,2.904166666666667,7.925,6.074999999999999,10.75,9.166666666666666,61.0,61.0,,,,,,,,,,,,,,,,,,,,,100.0,133.33333333333334,20.78333333333333,70.11666666666666,20.78333333333333,25.744444444444444,True,-0.7448465412593532,bad,,,2.3916666666666657,True,False,False,114
p14,3.0,3.0,6,9.0,4.0,2.0,3.0,2020-02-24 09:00:36.891,2020-02-24,9.0,False,2020-02-24,False,1,0,0,125,1209.0,849.0,661.0,True,False,8.7,8.95,91.0,92.0,2.675,2.9208333333333334,7.491666666666666,7.708333333333333,10.816666666666666,10.783333333333331,62.0,61.5,6643.0,,5.3761,,,,96.0,,6.0,,32.0,,38.0,,134.0,,661.0,,62.20612239837647,,100.0,116.66666666666669,20.316666666666663,47.46666666666667,20.316666666666663,23.28888888888889,False,0.0,neutral,-5651.0,-20.0,1.8916666666666657,True,False,False,115
p14,3.0,3.0,6,8.0,3.0,3.0,3.0,2020-02-25 09:01:24.580,2020-02-25,9.016666666666667,False,2020-02-25,False,1,0,1,125,1293.0,933.0,622.0,True,False,7.333333333333333,8.41111111111111,92.0,92.0,2.85,2.897222222222222,5.666666666666667,7.027777777777778,8.816666666666666,10.127777777777778,62.0,61.66666666666666,9472.0,8057.5,7.026700000000001,6.2014000000000005,,,91.0,93.5,19.0,12.5,59.0,45.5,78.0,58.0,169.0,151.5,622.0,641.5,62.06620788574219,62.136165142059326,0.0,66.66666666666667,69.96666666666667,37.02222222222222,0.0,13.7,False,0.0,neutral,-2810.0,26.0,-0.024999999999999467,False,True,False,116
p14,4.0,3.0,7,9.0,3.0,4.0,3.0,2020-02-26 09:08:18.899,2020-02-26,9.133333333333333,False,2020-02-26,False,1,0,2,125,1397.0,1042.0,710.0,True,False,8.6,8.21111111111111,92.0,91.66666666666669,2.2416666666666667,2.588888888888889,6.466666666666667,6.541666666666667,10.216666666666669,9.95,62.0,62.0,11412.0,9175.666666666666,8.4223,6.941700000000001,,,128.0,105.0,18.0,14.333333333333334,55.0,48.66666666666666,73.0,63.0,201.0,168.0,710.0,664.3333333333334,62.00037097930908,62.09090042114258,0.0,33.333333333333336,89.6,59.96111111111111,0.0,6.772222222222222,False,0.7448465412593532,good,-870.0,15.0,1.5083333333333329,False,True,False,117
p14,3.0,3.0,7,9.0,3.0,3.0,3.0,2020-02-27 09:25:52.990,2020-02-27,9.416666666666666,False,2020-02-27,False,1,0,3,125,1002.0,642.0,606.0,False,False,,7.966666666666667,,92.0,,2.5458333333333334,,6.066666666666666,,9.516666666666666,,62.0,,10442.0,,7.724500000000001,,,,109.5,,18.5,,57.0,,75.5,,185.0,,666.0,,62.03328943252564,180.0,60.0,73.91666666666666,77.82777777777777,27.83333333333333,9.277777777777777,True,0.0,neutral,,,,False,True,False,118
p14,3.0,3.0,7,9.0,3.0,3.0,3.0,2020-02-28 09:00:22.254,2020-02-28,9.0,False,2020-02-28,False,1,0,4,125,1011.0,1011.0,1262.0,True,False,8.233333333333333,8.416666666666666,91.0,91.5,2.725,2.4833333333333334,6.891666666666667,6.679166666666667,10.166666666666666,10.191666666666666,61.0,61.5,9784.0,10598.0,7.3821,7.902200000000001,,,128.0,128.0,9.0,13.5,41.0,48.0,50.0,61.5,178.0,189.5,,,61.62771511077881,61.814043045043945,0.0,60.0,54.61666666666666,72.7111111111111,0.0,9.277777777777777,False,0.0,neutral,-1628.0,-8.0,0.08333333333333215,False,True,False,119
p14,3.0,3.0,7,9.0,3.0,2.0,3.0,2020-02-29 09:00:48.398,2020-02-29,9.0,False,2020-02-29,False,1,0,5,125,1380.0,1022.0,525.0,True,False,9.066666666666666,8.649999999999999,89.0,90.0,2.45,2.5875000000000004,7.6,7.245833333333334,11.15,10.658333333333331,61.0,61.0,19760.0,14772.0,15.3352,11.35865,,,166.0,147.0,29.0,19.0,110.0,75.5,139.0,94.5,305.0,241.5,525.0,,61.47603130340576,61.551873207092285,490.0,223.33333333333331,104.3,77.61111111111111,47.96666666666667,25.266666666666666,False,0.0,neutral,8549.0,84.0,0.8999999999999986,False,False,False,120
p14,3.0,3.0,7,9.0,3.0,2.0,3.0,2020-03-01 10:23:31.853,2020-03-01,10.383333333333333,False,2020-03-01,False,1,0,6,125,1267.0,907.0,574.0,True,False,7.95,8.416666666666666,93.0,91.0,1.8333333333333333,2.336111111111111,5.225,6.572222222222222,9.383333333333333,10.233333333333333,60.0,60.66666666666666,12973.0,14172.333333333334,10.0128,10.910033333333333,,,117.0,137.0,16.0,18.0,64.0,71.66666666666667,80.0,89.66666666666667,197.0,226.66666666666663,574.0,549.5,60.81465148925781,61.3061326344808,150.0,213.33333333333331,89.7,82.87222222222222,30.816666666666663,26.26111111111111,False,0.0,neutral,1762.0,22.0,-0.2333333333333334,True,False,False,121
p14,3.0,3.0,6,9.0,2.0,3.0,2.0,2020-03-02 09:13:05.359,2020-03-02,9.216666666666669,False,2020-03-02,False,1,0,0,125,270.0,0.0,866.0,False,False,,8.508333333333333,,91.0,,2.1416666666666666,,6.4125,,10.266666666666666,,60.5,,16366.5,,12.674,,,,141.5,,22.5,,87.0,,109.5,,251.0,,549.5,,61.14534139633179,0.0,213.33333333333331,0.0,64.66666666666667,0.0,26.26111111111111,True,-0.8319328362443583,bad,,,,True,False,False,122
p14,2.0,3.0,6,9.0,2.0,2.0,2.0,2020-03-03 09:03:52.918,2020-03-03,9.05,False,2020-03-03,False,1,0,1,125,0.0,0.0,1440.0,False,False,,,,,,,,,,,,,,,,,,,,,,,,,,,,,,,,,0.0,50.0,0.0,29.9,0.0,10.272222222222222,True,-1.5767793775037116,bad,,,,False,True,False,123
p14,2.0,3.0,5,8.0,4.0,2.0,2.0,2020-03-04 09:12:30.132,2020-03-04,9.2,False,2020-03-04,False,1,0,2,125,996.0,996.0,1135.0,True,False,6.466666666666667,,90.0,,2.3833333333333333,,4.941666666666666,,8.55,,61.0,,21941.0,,16.929100000000002,,,,144.0,,32.0,,129.0,,161.0,,305.0,,,,61.34584999084473,,560.0,186.66666666666663,116.16666666666666,38.72222222222222,58.13333333333333,19.377777777777776,False,-1.5767793775037116,bad,9647.0,88.0,-1.700000000000001,False,True,False,124
p14,2.0,3.0,6,9.0,3.0,2.0,2.0,2020-03-05 07:44:47.143,2020-03-05,7.733333333333333,False,2020-03-05,False,1,0,3,125,1343.0,1076.0,721.0,True,False,8.333333333333334,7.4,95.0,92.5,2.7583333333333333,2.5708333333333333,6.516666666666667,5.729166666666666,9.75,9.15,62.0,61.5,12857.0,17399.0,9.7744,13.35175,,,124.0,134.0,22.0,27.0,60.0,94.5,82.0,121.5,206.0,255.5,721.0,,62.22507190704346,61.78546094894409,0.0,186.66666666666663,100.68333333333334,72.28333333333333,0.0,19.377777777777776,False,-1.5767793775037116,bad,563.0,9.0,0.16666666666666607,False,True,False,125
p14,2.0,3.0,6,8.0,3.0,2.0,2.0,2020-03-06 07:03:32.702,2020-03-06,7.05,False,2020-03-06,False,2,0,4,125,422.0,62.0,838.0,False,False,,7.4,,92.5,,2.5708333333333333,,5.729166666666666,,9.15,,61.5,,17399.0,,13.35175,,,,134.0,,27.0,,94.5,,121.5,,255.5,,,,61.78546094894409,360.0,306.6666666666667,0.0,72.28333333333333,0.0,19.377777777777776,True,-1.5767793775037116,bad,,,,False,True,False,126
p14,2.0,3.0,6,8.0,2.0,2.0,2.0,2020-03-07 09:00:53.920,2020-03-07,9.0,False,2020-03-07,False,1,0,5,125,1019.0,1019.0,1138.0,True,False,6.883333333333334,7.608333333333334,88.0,91.5,3.6,3.1791666666666667,6.475,6.495833333333334,8.866666666666667,9.308333333333334,62.0,62.0,16889.0,14873.0,12.3444,11.0594,,,220.0,172.0,15.0,18.5,67.0,63.5,82.0,82.0,302.0,254.0,,,62.38802337646485,62.30654764175415,0.0,120.0,79.36666666666667,60.01666666666667,0.0,0.0,False,-1.5767793775037116,bad,5036.0,6.5,-1.2999999999999998,False,False,False,127
p14,4.0,3.0,7,8.0,3.0,3.0,3.0,2020-03-08 07:43:06.417,2020-03-08,7.716666666666667,False,2020-03-08,False,1,0,6,125,363.0,4.0,897.0,False,False,,,,,,,,,,,,,,,,,,,,,,,,,,,,,,,,,120.0,160.0,0.0,26.45555555555556,0.0,0.0,True,0.7448465412593532,good,,,,True,False,False,128
p14,3.0,3.0,6,6.0,3.0,3.0,2.0,2020-03-09 09:01:29.481,2020-03-09,9.016666666666667,False,2020-03-09,False,1,0,0,125,1121.0,1073.0,1049.0,True,False,5.683333333333334,6.283333333333333,91.0,89.5,6.333333333333333,4.966666666666667,7.166666666666667,6.820833333333333,6.833333333333333,7.85,63.0,62.5,30956.0,23922.5,24.2831,18.31375,,,184.0,202.0,31.0,23.0,176.0,121.5,207.0,144.5,391.0,346.5,,,63.73527431488037,63.06164884567261,300.0,140.0,167.13333333333333,82.16666666666667,57.05,19.016666666666666,False,-0.8319328362443583,bad,18662.0,129.0,-2.4833333333333343,True,False,False,129
p14,3.0,3.0,7,7.0,3.0,4.0,2.0,2020-03-10 09:33:00.788,2020-03-10,9.55,False,2020-03-10,False,1,0,1,125,1394.0,1035.0,731.0,True,False,5.6,5.641666666666667,95.0,93.0,6.741666666666666,6.5375,7.508333333333334,7.3375,6.766666666666667,6.8,62.0,62.5,19005.0,24980.5,14.815,19.54905,,,207.0,195.5,25.0,28.0,67.0,121.5,92.0,149.5,299.0,345.0,731.0,,62.80241012573242,63.2688422203064,180.0,200.0,95.88333333333333,87.67222222222222,29.33333333333333,28.79444444444444,False,-0.8319328362443583,bad,6711.0,14.0,-2.566666666666668,False,True,False,130
p14,3.0,3.0,8,8.0,4.0,3.0,2.0,2020-03-12 09:19:48.887,2020-03-12,9.316666666666666,False,2020-03-12,False,1,0,3,125,1347.0,989.0,860.0,True,False,8.316666666666666,6.25,95.0,96.33333333333331,3.2583333333333333,5.705555555555556,6.975,7.169444444444444,9.716666666666669,7.461111111111111,61.0,61.333333333333336,9673.0,13441.0,7.204400000000001,10.250933333333334,,,159.0,183.66666666666663,11.0,19.33333333333333,56.0,49.333333333333336,67.0,68.66666666666667,226.0,252.33333333333331,860.0,797.6666666666666,61.66065216064453,61.90187962849935,0.0,60.0,51.2,60.11666666666667,0.0,9.777777777777777,False,-0.8319328362443583,bad,-2621.0,-11.0,0.6749999999999998,False,True,True,132
p14,3.0,3.0,6,9.0,4.0,3.0,3.0,2020-03-13 09:16:54.668,2020-03-13,9.266666666666667,False,2020-03-13,False,1,0,4,125,418.0,60.0,842.0,False,False,,6.574999999999999,,97.0,,5.1875,,7.0,,7.808333333333334,,61.0,,10659.0,,7.968900000000001,,,,172.0,,16.5,,40.5,,57.0,,229.0,,831.0,,61.45161437988281,0.0,0.0,0.0,28.155555555555555,0.0,0.0,True,0.0,neutral,,,,False,True,True,133
p14,3.0,3.0,7,10.0,3.0,3.0,2.0,2020-03-14 09:02:42.190,2020-03-14,9.033333333333331,False,2020-03-14,False,1,0,5,125,867.0,867.0,1241.0,True,False,8.8,8.558333333333334,93.0,94.0,2.85,3.0541666666666667,7.15,7.0625,10.3,10.008333333333333,61.0,61.0,11953.0,10813.0,9.9219,8.56315,,,121.0,140.0,12.0,11.5,66.0,61.0,78.0,72.5,199.0,212.5,,,61.36636257171631,61.51350736618042,120.0,40.0,72.8,41.333333333333336,25.866666666666667,8.622222222222222,False,-0.8319328362443583,bad,-298.0,-1.0,0.75,False,False,True,134
p14,3.0,3.0,6,10.0,3.0,2.0,2.0,2020-03-15 09:00:28.444,2020-03-15,9.0,False,2020-03-15,False,1,0,6,125,1012.0,652.0,599.0,False,False,,,,,,,,,,,,,,,,,,,,,,,,,,,,,,,,,420.0,180.0,107.2,60.0,71.36666666666666,32.411111111111104,True,-0.8319328362443583,bad,,,,True,False,True,135
p14,2.0,3.0,5,9.0,3.0,2.0,2.0,2020-03-16 08:15:32.700,2020-03-16,8.25,False,2020-03-16,False,1,0,0,125,482.0,482.0,1332.0,True,False,7.266666666666667,8.033333333333333,96.0,94.5,3.2916666666666665,3.0708333333333333,5.858333333333333,6.504166666666666,8.566666666666666,9.433333333333334,59.0,60.0,,,,,,,,,,,,,,,,,,,,,200.0,246.66666666666663,37.88333333333333,72.62777777777778,37.88333333333333,45.03888888888889,True,-1.5767793775037116,bad,,,-0.7833333333333341,True,False,True,136
p14,3.0,3.0,6,8.0,3.0,3.0,3.0,2020-03-17 07:32:01.698,2020-03-17,7.533333333333333,False,2020-03-17,False,1,0,1,125,293.0,0.0,923.0,False,False,,,,,,,,,,,,,,,,,,,,,,,,,,,,,,,,,0.0,206.66666666666663,0.0,48.36111111111111,0.0,36.41666666666666,True,0.0,neutral,,,,False,True,True,137
p14,3.0,3.0,5,8.0,3.0,3.0,2.0,2020-03-18 06:54:22.929,2020-03-18,6.9,False,2020-03-18,False,1,0,2,125,588.0,588.0,1341.0,True,False,8.133333333333333,7.699999999999999,96.0,96.0,2.583333333333333,2.9375,6.108333333333333,5.983333333333333,9.516666666666667,9.041666666666668,59.0,59.0,,,,,,,,,,,,,,,,,,,,,180.0,126.66666666666669,25.08333333333333,20.98888888888889,25.08333333333333,20.98888888888889,True,-0.8319328362443583,bad,,,0.18333333333333268,False,True,True,138
p14,3.0,3.0,6,8.0,3.0,3.0,2.0,2020-03-19 06:45:32.318,2020-03-19,6.75,False,2020-03-19,False,1,0,3,125,1316.0,957.0,621.0,True,False,5.65,6.891666666666667,95.0,95.5,4.75,3.666666666666667,5.5,5.804166666666667,6.75,8.133333333333333,60.0,59.5,2770.0,,2.0408,,,,117.0,,0.0,,0.0,,0.0,,117.0,,621.0,,60.23234176635742,,0.0,60.0,0.0,8.36111111111111,0.0,8.36111111111111,False,-0.8319328362443583,bad,-9635.0,-79.0,-2.3,False,True,True,139
p14,3.0,3.0,5,8.0,3.0,3.0,2.0,2020-03-20 09:06:51.013,2020-03-20,9.1,False,2020-03-20,False,1,0,4,125,1203.0,902.0,809.0,True,False,3.55,5.777777777777778,89.0,93.33333333333331,3.1083333333333334,3.480555555555556,1.4416666666666669,4.3500000000000005,4.333333333333333,6.866666666666667,60.0,59.66666666666666,14346.0,8558.0,11.6346,6.8377,,,119.0,118.0,17.0,8.5,90.0,45.0,107.0,53.5,226.0,171.5,809.0,715.0,60.08105850219727,60.156700134277344,350.0,176.66666666666666,70.05000000000001,31.711111111111112,44.45,23.177777777777777,False,-0.8319328362443583,bad,1941.0,28.0,-4.4,False,True,True,140
p14,3.0,3.0,6,8.0,3.0,3.0,3.0,2020-03-21 09:00:13.664,2020-03-21,9.0,False,2020-03-21,False,1,0,5,125,1017.0,990.0,1067.0,True,False,5.566666666666666,4.922222222222223,98.0,94.0,2.8833333333333333,3.580555555555556,3.341666666666667,3.4277777777777776,6.45,5.844444444444444,61.0,60.333333333333336,2225.0,6447.0,1.6666,5.114000000000001,,,113.0,116.33333333333331,0.0,5.666666666666667,0.0,30.0,0.0,35.666666666666664,113.0,152.0,,715.0,61.14246845245361,60.48528957366944,0.0,116.66666666666669,0.0,23.350000000000005,0.0,14.816666666666668,False,0.0,neutral,-10180.0,-79.0,-2.3833333333333337,False,False,True,141
p14,2.0,3.0,6,8.0,3.0,2.0,2.0,2020-03-22 09:02:40.419,2020-03-22,9.033333333333331,False,2020-03-22,False,1,0,6,125,1139.0,779.0,645.0,True,False,7.366666666666666,5.4944444444444445,98.0,95.0,3.441666666666667,3.1444444444444444,6.025,3.602777777777778,8.583333333333334,6.455555555555556,59.0,60.0,18482.0,11684.333333333334,18.994200000000003,10.765133333333331,,,118.0,116.66666666666669,8.0,8.333333333333334,109.0,66.33333333333333,117.0,74.66666666666667,235.0,191.33333333333331,,,59.45655536651611,60.226694107055664,560.0,303.3333333333333,86.3,52.116666666666674,86.3,43.583333333333336,False,-1.5767793775037116,bad,6529.0,39.0,-0.27500000000000036,True,False,True,142
p14,3.0,3.0,5,6.0,2.0,2.0,2.0,2020-03-23 09:01:01.459,2020-03-23,9.016666666666667,False,2020-03-23,False,1,0,0,125,698.0,397.0,815.0,False,False,,6.466666666666667,,98.0,,3.1625,,4.683333333333334,,7.5166666666666675,,60.0,,10353.5,,10.3304,,,,115.5,,4.0,,54.5,,58.5,,174.0,,,,60.29951190948486,120.0,226.66666666666663,26.516666666666666,37.605555555555554,26.516666666666666,37.605555555555554,True,-0.8319328362443583,bad,,,,True,False,True,143
p14,3.0,3.0,6,9.0,4.0,3.0,2.0,2020-03-24 06:11:18.464,2020-03-24,6.183333333333334,False,2020-03-24,False,1,0,1,125,961.0,961.0,1193.0,True,False,7.183333333333334,7.275,94.0,96.0,1.6,2.520833333333333,4.275,5.15,8.666666666666666,8.625,60.0,59.5,5137.0,11809.5,3.846,11.4201,,,108.0,113.0,1.0,4.5,25.0,67.0,26.0,71.5,134.0,184.5,,,60.36244297027588,59.909499168396,0.0,226.66666666666663,25.6,46.138888888888886,0.0,37.605555555555554,False,-0.8319328362443583,bad,-7720.0,-54.0,-0.14999999999999947,False,True,True,144
p14,3.0,3.0,6,9.0,4.0,3.0,2.0,2020-03-25 09:04:24.227,2020-03-25,9.066666666666666,False,2020-03-25,False,1,0,2,125,1202.0,956.0,751.0,True,False,9.166666666666666,8.175,96.0,95.0,1.6416666666666666,1.6208333333333331,6.666666666666667,5.470833333333333,11.016666666666667,9.841666666666669,60.0,60.0,7779.0,6458.0,7.3489,5.59745,,,126.0,117.0,8.0,4.5,35.0,30.0,43.0,34.5,169.0,151.5,751.0,,60.23938655853272,60.3009147644043,120.0,80.0,25.766666666666666,25.96111111111111,25.766666666666666,17.427777777777777,False,-0.8319328362443583,bad,-5078.0,-37.0,1.8999999999999995,False,True,True,145
p14,3.0,3.0,6,9.0,4.0,3.0,2.0,2020-03-26 09:11:41.164,2020-03-26,9.183333333333334,False,2020-03-26,False,1,0,3,125,984.0,645.0,680.0,True,False,8.116666666666667,8.155555555555555,95.0,95.0,2.5416666666666665,1.9277777777777776,5.941666666666666,5.627777777777777,9.4,9.694444444444445,61.0,60.333333333333336,,6458.0,,5.59745,,,,117.0,,4.5,,30.0,,34.5,,151.5,,,,60.3009147644043,150.0,90.0,24.866666666666667,25.41111111111111,24.866666666666667,16.877777777777776,True,-0.8319328362443583,bad,,,0.8500000000000005,False,True,True,146
p14,3.0,3.0,7,9.0,4.0,3.0,2.0,2020-03-27 09:08:10.427,2020-03-27,9.133333333333333,False,2020-03-27,False,1,0,4,125,1334.0,1007.0,704.0,True,False,7.583333333333333,8.28888888888889,92.0,94.33333333333331,1.2833333333333334,1.8222222222222224,4.533333333333333,5.713888888888889,9.25,9.888888888888888,61.0,60.66666666666666,6917.0,7348.0,5.246700000000001,6.2978000000000005,,,139.0,132.5,9.0,8.5,24.0,29.5,33.0,38.0,172.0,170.5,704.0,727.5,61.61845111846924,60.92891883850098,0.0,90.0,39.25,29.961111111111112,0.0,16.877777777777776,False,-0.8319328362443583,bad,-5940.0,-47.0,0.2666666666666666,False,True,True,147
p14,3.0,3.0,6,8.0,3.0,3.0,3.0,2020-03-29 08:05:23.837,2020-03-29,8.083333333333334,False,2020-03-29,False,1,0,6,125,719.0,523.0,945.0,False,False,,6.933333333333334,,95.0,,2.279166666666667,,4.395833333333334,,8.116666666666667,,61.5,,13269.5,,10.8081,,,,128.5,,14.5,,75.5,,90.0,,218.5,,662.0,,61.94557237625122,0.0,40.0,0.0,58.06111111111111,0.0,8.577777777777778,True,0.0,neutral,,,,True,False,True,149
p14,3.0,3.0,5,7.0,3.0,2.0,2.0,2020-03-30 09:00:18.561,2020-03-30,9.0,False,2020-03-30,False,1,0,0,125,1000.0,800.0,601.0,True,False,4.816666666666666,5.55,95.0,96.5,4.733333333333333,4.004166666666666,4.291666666666667,4.275,5.55,6.266666666666667,61.0,61.5,27173.0,23397.5,25.6717,21.0206,,,154.0,136.0,22.0,21.0,150.0,138.5,172.0,159.5,326.0,295.5,,,61.742183685302734,62.00743865966797,700.0,273.3333333333333,147.38333333333333,94.10555555555555,104.71666666666668,43.48333333333333,False,-0.8319328362443583,bad,14768.0,92.0,-2.366666666666667,True,False,True,150
p15,4.0,4.0,8,7.0,2.0,4.0,2.0,2019-11-17 08:23:39.811,2019-11-17,8.383333333333333,False,2019-11-17,False,1,0,6,95,1365.0,1011.0,693.0,True,False,7.733333333333333,7.2,96.0,96.33333333333331,5.458333333333333,6.083333333333333,8.333333333333334,8.294444444444444,8.866666666666667,8.205555555555556,56.0,55.66666666666666,9443.0,9300.0,8.186300000000001,7.958433333333335,2914.95,2761.71,213.0,194.66666666666663,19.0,19.33333333333333,44.0,45.333333333333336,63.0,64.66666666666667,276.0,259.3333333333333,693.0,709.6666666666666,56.32789039611816,55.876057624816895,,,567.1666666666666,221.0111111111111,567.1666666666666,207.06666666666663,False,-0.12704279865583415,neutral,,,,True,False,False,16
p15,4.0,4.0,9,7.0,5.0,5.0,3.0,2019-11-18 13:37:27.260,2019-11-18,13.616666666666667,False,2019-11-18,False,1,0,0,95,1399.0,1039.0,589.0,True,False,6.6,7.066666666666666,97.0,96.33333333333331,4.908333333333333,5.677777777777778,6.225,7.691666666666667,7.316666666666666,8.011111111111111,56.0,55.66666666666666,14947.0,12113.333333333334,11.1604,10.076966666666667,3287.48,3054.146666666667,198.0,189.0,34.0,28.33333333333333,87.0,71.0,121.0,99.33333333333331,319.0,288.3333333333333,589.0,659.3333333333334,56.99093246459961,56.13408660888672,1440.0,,90.46666666666668,247.46666666666667,90.46666666666668,237.2222222222222,False,0.5538752070682419,good,,,,True,False,False,17
p15,5.0,4.0,10,8.0,5.0,5.0,4.0,2019-11-19 10:35:07.359,2019-11-19,10.583333333333334,False,2019-11-19,False,1,0,1,95,1233.0,878.0,637.0,True,False,8.016666666666667,7.45,95.0,96.0,5.066666666666666,5.144444444444445,8.125,7.561111111111111,9.05,8.411111111111111,57.0,56.333333333333336,16353.0,13581.0,12.3281,10.558266666666668,3273.27,3158.566666666667,240.0,217.0,44.0,32.333333333333336,80.0,70.33333333333333,124.0,102.66666666666669,364.0,319.6666666666667,637.0,639.6666666666666,57.32547950744629,56.88143412272135,30.0,735.0,102.41666666666669,253.35,0.0,219.2111111111111,False,1.74660420250459,good,,,,False,True,False,18
p15,4.0,4.0,8,8.0,3.0,4.0,3.0,2019-11-20 09:57:17.292,2019-11-20,9.95,False,2019-11-20,False,1,0,2,95,1406.0,1048.0,623.0,True,False,7.433333333333334,7.35,97.0,96.33333333333331,4.491666666666666,4.822222222222222,6.875,7.075,8.383333333333333,8.25,57.0,56.66666666666666,11871.0,14390.333333333334,9.5408,11.00976666666667,2842.1,3134.2833333333333,224.0,220.66666666666663,6.0,28.0,44.0,70.33333333333333,50.0,98.33333333333331,274.0,319.0,623.0,616.3333333333334,57.10204601287842,57.13948599497477,350.0,606.6666666666666,23.966666666666665,72.28333333333335,23.966666666666665,38.144444444444446,False,0.5538752070682419,good,,,,False,True,False,19
p15,5.0,4.0,9,8.0,5.0,5.0,4.0,2019-11-21 09:12:46.605,2019-11-21,9.2,False,2019-11-21,False,1,0,3,95,1388.0,1039.0,629.0,True,False,7.75,7.733333333333334,97.0,96.33333333333331,3.841666666666667,4.466666666666666,6.45,7.15,8.6,8.677777777777779,55.0,56.333333333333336,12089.0,13437.666666666666,8.855500000000001,10.241466666666668,3170.23,3095.2000000000003,183.0,215.66666666666663,16.0,22.0,109.0,77.66666666666667,125.0,99.66666666666669,308.0,315.3333333333333,629.0,629.6666666666666,55.96010780334473,56.79587777455648,490.0,290.0,106.45,77.6111111111111,73.16666666666667,32.37777777777778,False,1.74660420250459,good,,,,False,True,False,20
p15,2.0,3.0,7,7.0,3.0,3.0,3.0,2019-11-22 06:16:58.056,2019-11-22,6.266666666666667,False,2019-11-22,False,2,0,4,95,1378.0,1023.0,619.0,True,False,5.983333333333333,7.055555555555556,97.0,97.0,4.741666666666666,4.358333333333333,6.158333333333333,6.4944444444444445,7.416666666666667,8.133333333333333,54.0,55.333333333333336,15729.0,13229.666666666666,11.6262,10.007500000000002,3230.64,3080.99,213.0,206.66666666666663,19.0,13.666666666666666,73.0,75.33333333333333,92.0,89.0,305.0,295.6666666666667,619.0,623.6666666666666,54.93721866607666,55.99979082743327,150.0,330.0,84.4,71.60555555555557,22.116666666666667,39.75,False,-1.1927289954363482,bad,,,,False,True,False,21
p15,3.0,4.0,7,8.0,3.0,3.0,3.0,2019-11-23 08:24:19.226,2019-11-23,8.4,False,2019-11-23,False,1,0,5,95,1387.0,1033.0,625.0,True,False,8.066666666666666,7.266666666666667,96.0,96.66666666666669,4.825,4.469444444444444,8.208333333333334,6.938888888888889,9.383333333333333,8.466666666666667,54.0,54.333333333333336,12649.0,13489.0,9.2077,9.896466666666669,3280.14,3227.0033333333336,256.0,217.33333333333331,24.0,19.666666666666668,90.0,90.66666666666669,114.0,110.33333333333331,370.0,327.6666666666667,625.0,624.3333333333334,54.33335494995117,55.07689380645752,540.0,393.3333333333333,127.9,106.25,75.83333333333333,57.03888888888889,False,0.04206421735596974,neutral,,,,False,False,False,22
p15,1.0,3.0,1,6.0,1.0,3.0,3.0,2019-11-24 09:07:03.853,2019-11-24,9.116666666666667,False,2019-11-24,False,1,0,6,95,1407.0,1048.0,419.0,True,False,5.483333333333333,6.511111111111112,94.0,95.66666666666669,8.85,6.138888888888889,9.058333333333334,7.808333333333333,6.2,7.666666666666667,54.0,54.0,18950.0,15776.0,13.2951,11.376333333333337,3501.42,3337.4,338.0,269.0,63.0,35.333333333333336,57.0,73.33333333333333,120.0,108.66666666666669,458.0,377.6666666666667,419.0,554.3333333333334,54.1515474319458,54.47404034932455,480.0,390.0,86.78333333333333,99.69444444444446,86.78333333333333,61.57777777777778,False,-1.7045399851486205,bad,,,-1.7333333333333334,True,False,False,23
p15,3.0,3.0,9,8.0,4.0,3.0,4.0,2019-11-25 12:40:42.611,2019-11-25,12.666666666666666,False,2019-11-25,False,1,0,0,95,1136.0,777.0,841.0,True,False,8.35,7.3,97.0,95.66666666666669,4.825,6.166666666666667,7.875,8.380555555555555,9.05,8.21111111111111,55.0,54.333333333333336,11003.0,14200.666666666666,8.2086,10.237133333333334,2588.59,3123.383333333333,166.0,253.33333333333331,12.0,33.0,49.0,65.33333333333333,61.0,98.33333333333331,227.0,351.6666666666667,,522.0,55.44519710540772,54.64336649576823,180.0,400.0,61.45,92.04444444444444,0.0,54.20555555555556,False,0.0,neutral,-3185.5,-53.5,1.3499999999999996,True,False,False,24
p15,3.0,3.0,7,7.0,3.0,3.0,3.0,2019-11-26 09:17:49.931,2019-11-26,9.283333333333331,False,2019-11-26,False,1,0,1,95,1395.0,1040.0,605.0,True,False,7.0,6.944444444444444,95.0,95.33333333333331,4.866666666666666,6.1805555555555545,6.691666666666666,7.875,7.816666666666666,7.688888888888889,54.0,54.333333333333336,12472.0,14141.666666666666,9.0826,10.195433333333336,3021.27,3037.093333333333,184.0,229.33333333333331,35.0,36.66666666666666,73.0,59.66666666666666,108.0,96.33333333333331,292.0,325.6666666666667,605.0,512.0,54.85158824920654,54.81611092885336,560.0,406.6666666666667,115.08333333333331,87.77222222222223,68.15,51.644444444444446,False,-0.680918005724076,bad,-958.0,-6.0,-0.21666666666666679,False,True,False,25
p15,2.0,3.0,6,7.0,3.0,3.0,2.0,2019-11-27 06:19:59.456,2019-11-27,6.316666666666666,False,2019-11-27,False,1,0,2,95,1390.0,1042.0,648.0,True,False,7.383333333333334,7.577777777777778,96.0,96.0,3.925,4.538888888888889,6.216666666666667,6.927777777777777,8.283333333333333,8.383333333333335,53.0,54.0,12602.0,12025.666666666666,8.973,8.754733333333334,3239.88,2949.9133333333334,225.0,191.66666666666663,18.0,21.666666666666668,80.0,67.33333333333333,98.0,89.0,323.0,280.6666666666667,648.0,626.5,53.7756462097168,54.69081052144369,350.0,363.3333333333333,80.06666666666666,85.53333333333332,45.06666666666667,37.73888888888889,False,-1.8736470011604243,bad,-437.5,-16.0,0.38333333333333375,False,True,False,26
p15,3.0,4.0,7,8.0,5.0,5.0,4.0,2019-11-28 08:52:54.640,2019-11-28,8.866666666666667,False,2019-11-28,False,1,0,3,95,1383.0,1030.0,599.0,True,False,8.083333333333334,7.48888888888889,97.0,96.0,5.866666666666666,4.88611111111111,8.808333333333334,7.23888888888889,8.933333333333334,8.344444444444445,54.0,53.66666666666666,9624.0,11566.0,7.171900000000001,8.409166666666666,2840.59,3033.9133333333334,327.0,245.33333333333331,12.0,21.666666666666668,5.0,52.66666666666666,17.0,74.33333333333333,344.0,319.6666666666667,599.0,617.3333333333334,54.55968379974365,54.395639419555664,80.0,330.0,0.0,65.05,0.0,37.73888888888889,False,0.7229822230800458,good,-3025.0,-97.0,0.8916666666666675,False,True,False,27
p15,2.0,3.0,4,8.0,3.0,2.0,4.0,2019-11-29 08:48:05.478,2019-11-29,8.8,False,2019-11-29,False,1,0,4,95,1395.0,1045.0,629.0,True,False,8.366666666666667,7.944444444444445,95.0,96.0,5.333333333333333,5.041666666666667,8.616666666666667,7.8805555555555555,9.283333333333331,8.833333333333334,56.0,54.333333333333336,11908.0,11378.0,11.348400000000002,9.164433333333337,2959.34,3013.2700000000004,191.0,247.66666666666663,14.0,14.666666666666666,70.0,51.66666666666666,84.0,66.33333333333333,275.0,314.0,629.0,625.3333333333334,56.00713443756104,54.78082148234049,730.0,386.6666666666667,63.0,47.68888888888889,63.0,36.02222222222222,False,-0.5118109897122721,bad,-717.5,-27.0,0.9833333333333334,False,True,False,28
p15,2.0,2.0,6,7.0,3.0,2.0,3.0,2019-11-30 07:06:49.255,2019-11-30,7.1,False,2019-11-30,False,1,0,5,95,1102.0,756.0,646.0,True,False,7.283333333333333,7.911111111111111,95.0,95.66666666666669,4.683333333333334,5.294444444444444,7.05,8.158333333333333,8.366666666666667,8.86111111111111,57.0,55.66666666666666,11669.0,11067.0,11.7225,10.080933333333334,2920.6,2906.843333333333,154.0,224.0,2.0,9.333333333333334,81.0,52.0,83.0,61.333333333333336,237.0,285.3333333333333,,614.0,57.30809020996094,55.95830281575521,900.0,570.0,81.7,48.23333333333333,81.7,48.23333333333333,False,-1.915711218516394,bad,-933.0,-25.0,-0.125,False,False,False,29
p15,3.0,4.0,5,8.0,4.0,2.0,4.0,2019-12-01 07:27:18.995,2019-12-01,7.45,False,2019-12-01,False,1,0,6,95,1390.0,1036.0,635.0,True,False,7.266666666666667,7.638888888888889,97.0,95.66666666666669,4.983333333333333,5.0,7.3,7.655555555555556,8.316666666666666,8.655555555555557,58.0,57.0,13488.0,12355.0,12.4324,11.834433333333337,3192.47,3024.1366666666668,206.0,183.66666666666663,15.0,10.333333333333334,82.0,77.66666666666667,97.0,88.0,303.0,271.6666666666667,635.0,632.0,58.386549949646,57.233924865722656,0.0,543.3333333333334,69.08333333333333,71.2611111111111,69.08333333333333,71.2611111111111,False,0.7229822230800458,good,951.0,-6.0,-0.11666666666666714,True,False,False,30
p15,2.0,3.0,3,8.0,2.0,2.0,2.0,2019-12-02 09:36:18.024,2019-12-02,9.6,False,2019-12-02,False,1,0,0,95,1404.0,1052.0,644.0,True,False,6.733333333333333,7.094444444444444,95.0,95.66666666666669,5.05,4.905555555555556,6.691666666666666,7.013888888888889,7.633333333333334,8.105555555555556,58.0,57.66666666666666,10408.0,11855.0,7.7731,10.642666666666669,2967.44,3026.8366666666666,231.0,197.0,18.0,11.666666666666666,48.0,70.33333333333333,66.0,82.0,297.0,279.0,644.0,639.5,58.50502014160156,58.06655343373617,1110.0,670.0,70.28333333333333,73.68888888888888,60.05,70.27777777777777,False,-1.8736470011604243,bad,-2194.0,-32.0,-0.6000000000000005,True,False,False,31
p15,2.0,3.0,5,8.0,3.0,2.0,3.0,2019-12-03 08:08:45.812,2019-12-03,8.133333333333333,False,2019-12-03,False,1,0,1,95,1414.0,1057.0,636.0,True,False,8.116666666666667,7.372222222222223,95.0,95.66666666666669,4.6,4.877777777777777,7.95,7.313888888888889,9.35,8.433333333333334,57.0,57.66666666666666,11133.0,11676.333333333334,8.3193,9.508266666666668,3131.59,3097.1666666666665,273.0,236.66666666666663,12.0,15.0,61.0,63.66666666666666,73.0,78.66666666666667,346.0,315.3333333333333,636.0,638.3333333333334,57.85385608673096,58.24847539265951,200.0,436.6666666666667,54.2,64.52222222222223,33.71666666666667,54.28333333333333,False,-1.1927289954363482,bad,-1404.0,-24.5,0.8333333333333339,False,True,False,32
p15,3.0,4.0,7,7.0,3.0,3.0,4.0,2019-12-04 08:10:53.320,2019-12-04,8.166666666666666,False,2019-12-04,False,1,0,2,95,1415.0,1057.0,633.0,True,False,6.766666666666667,7.205555555555556,96.0,95.33333333333331,5.608333333333333,5.086111111111111,7.508333333333334,7.383333333333333,7.9,8.294444444444444,57.0,57.333333333333336,9338.0,10293.0,6.9633,7.685233333333334,2795.31,2964.78,164.0,222.66666666666663,13.0,14.333333333333334,69.0,59.333333333333336,82.0,73.66666666666667,246.0,296.3333333333333,633.0,637.6666666666666,57.80169582366944,58.053524017333984,240.0,516.6666666666666,73.93333333333334,66.13888888888889,38.95,44.23888888888889,False,0.7229822230800458,good,-3134.0,-15.0,-0.5666666666666673,False,True,False,33
p15,4.0,4.0,8,8.0,3.0,4.0,4.0,2019-12-05 09:00:36.217,2019-12-05,9.0,False,2019-12-05,False,1,0,3,95,1387.0,1029.0,765.0,True,False,7.783333333333333,7.555555555555556,96.0,95.66666666666669,4.925,5.044444444444444,7.641666666666667,7.7,8.716666666666667,8.655555555555557,56.0,56.66666666666666,6417.0,8962.666666666666,4.7822000000000005,6.688266666666666,2318.89,2748.5966666666664,189.0,208.66666666666663,2.0,9.0,10.0,46.66666666666666,12.0,55.66666666666666,201.0,264.3333333333333,765.0,678.0,56.77999114990234,57.47851435343424,0.0,146.66666666666666,11.1,46.41111111111112,0.0,24.222222222222225,False,1.234793212792318,good,-5863.5,-82.5,0.5,False,True,False,34
p15,3.0,4.0,6,6.0,4.0,5.0,4.0,2019-12-06 08:47:56.595,2019-12-06,8.783333333333333,False,2019-12-06,False,2,0,4,95,1416.0,1058.0,641.0,True,False,5.866666666666666,6.8055555555555545,98.0,96.66666666666669,7.45,5.9944444444444445,8.15,7.766666666666667,6.7,7.772222222222223,54.0,55.66666666666666,16487.0,10747.333333333334,12.2198,7.988433333333334,2988.06,2700.7533333333336,148.0,167.0,49.0,21.33333333333333,79.0,52.66666666666666,128.0,74.0,276.0,241.0,641.0,679.6666666666666,54.92530536651611,56.5023307800293,0.0,80.0,91.3,58.77777777777777,0.0,12.983333333333334,False,0.7229822230800458,good,4398.0,36.0,-1.4666666666666677,False,True,False,35
p15,2.0,3.0,7,9.0,2.0,3.0,3.0,2019-12-07 10:00:20.897,2019-12-07,10.0,False,2019-12-07,False,1,0,5,95,1334.0,976.0,704.0,True,False,9.033333333333331,7.56111111111111,95.0,96.33333333333331,4.666666666666667,5.680555555555556,8.975,8.255555555555555,10.3,8.572222222222223,54.0,54.66666666666666,12803.0,11902.333333333334,11.7263,9.5761,3077.46,2794.8033333333333,239.0,192.0,23.0,24.666666666666668,72.0,53.66666666666666,95.0,78.33333333333333,334.0,270.3333333333333,704.0,703.3333333333334,54.53407764434815,55.41312472025553,360.0,120.0,73.3,58.56666666666666,73.3,24.433333333333334,False,-1.1927289954363482,bad,522.5,0.5,1.7499999999999982,False,False,False,36
p15,5.0,5.0,10,8.0,5.0,5.0,4.0,2019-12-08 09:07:46.966,2019-12-08,9.116666666666667,False,2019-12-08,False,1,0,6,95,1362.0,1006.0,601.0,True,False,8.6,7.833333333333333,97.0,96.66666666666669,5.483333333333333,5.866666666666667,9.025,8.716666666666667,9.533333333333331,8.844444444444445,55.0,54.333333333333336,10565.0,13285.0,9.9686,11.304900000000002,2741.92,2935.813333333333,144.0,177.0,8.0,26.666666666666668,69.0,73.33333333333333,77.0,100.0,221.0,277.0,601.0,648.6666666666666,55.31774044036865,54.92570781707764,540.0,300.0,82.0,82.2,82.0,51.76666666666667,False,2.469586425584636,good,-1907.0,-18.0,1.2666666666666657,True,False,False,37
p15,2.0,3.0,7,8.0,5.0,3.0,3.0,2019-12-10 07:34:26.001,2019-12-10,7.566666666666666,False,2019-12-10,False,1,0,1,95,1385.0,1029.0,620.0,True,False,7.95,7.605555555555555,97.0,96.0,4.266666666666667,4.813888888888889,6.95,7.31388888888889,8.683333333333334,8.494444444444445,55.0,55.333333333333336,16912.0,13582.666666666666,12.5471,11.536300000000002,3228.11,2999.896666666667,206.0,190.33333333333331,101.0,42.333333333333336,77.0,70.33333333333333,178.0,112.66666666666669,384.0,303.0,620.0,595.0,55.830183029174805,55.78834629058838,0.0,360.0,170.45,107.59444444444443,80.0,77.44444444444444,False,-1.1927289954363482,bad,4631.5,90.0,0.6749999999999998,False,True,False,39
p15,4.0,4.0,9,7.0,4.0,4.0,4.0,2019-12-11 10:41:17.210,2019-12-11,10.683333333333334,False,2019-12-11,False,1,0,2,95,1408.0,1059.0,606.0,True,False,7.0,7.072222222222222,97.0,96.0,4.891666666666667,4.616666666666666,6.933333333333334,6.616666666666667,8.033333333333333,7.9944444444444445,55.0,55.333333333333336,18728.0,16303.666666666666,15.2635,13.301266666666669,3326.75,3194.84,198.0,208.33333333333331,22.0,47.0,93.0,78.33333333333333,115.0,125.33333333333331,313.0,333.6666666666667,606.0,596.6666666666666,55.32680797576904,55.79136880238851,860.0,466.6666666666667,80.68333333333334,107.15555555555557,53.36666666666667,67.89999999999999,False,1.234793212792318,good,6447.5,21.5,-0.3333333333333339,False,True,False,40
p15,3.0,3.0,7,8.0,3.0,3.0,2.0,2019-12-12 06:40:55.681,2019-12-12,6.666666666666667,False,2019-12-12,False,1,0,3,95,1312.0,953.0,663.0,True,False,7.2,7.383333333333333,95.0,96.33333333333331,4.191666666666666,4.449999999999999,6.55,6.811111111111111,8.35,8.355555555555556,55.0,55.0,14518.0,16719.333333333332,10.7771,12.862566666666666,3045.24,3200.0333333333333,195.0,199.66666666666663,11.0,44.66666666666666,89.0,86.33333333333333,100.0,131.0,295.0,330.6666666666667,663.0,629.6666666666666,55.94547080993652,55.70082060496012,180.0,346.6666666666667,90.58333333333334,113.90555555555557,20.616666666666667,51.32777777777778,False,-1.361836011448152,bad,2237.5,6.5,-0.13333333333333375,False,True,False,41
p15,3.0,3.0,7,7.0,3.0,3.0,3.0,2019-12-14 09:07:46.672,2019-12-14,9.116666666666667,False,2019-12-14,False,1,0,5,95,1153.0,796.0,773.0,True,False,7.566666666666666,7.111111111111111,97.0,95.66666666666669,6.25,4.980555555555555,8.808333333333334,7.188888888888889,8.55,8.200000000000001,55.0,55.0,5673.0,12215.666666666666,4.2271,9.342900000000002,2341.18,2810.18,205.0,187.33333333333331,0.0,7.0,0.0,60.0,0.0,67.0,205.0,254.33333333333331,,669.5,55.97493648529053,55.77907212575277,120.0,200.0,0.0,61.28333333333334,0.0,25.727777777777774,False,-0.680918005724076,bad,-6864.0,-96.0,0.2333333333333325,False,False,False,43
p15,2.0,2.0,7,7.0,2.0,3.0,3.0,2019-12-16 07:38:10.025,2019-12-16,7.633333333333333,False,2019-12-16,False,1,0,0,95,1391.0,1031.0,743.0,True,False,8.25,7.5,96.0,95.66666666666669,4.033333333333333,5.780555555555556,7.575,8.391666666666667,9.533333333333331,8.605555555555556,55.0,55.0,13174.0,12138.666666666666,9.004900000000001,7.504833333333334,2734.15,2740.8566666666666,149.0,203.33333333333331,19.0,15.333333333333334,65.0,42.66666666666666,84.0,58.0,233.0,261.3333333333333,743.0,662.0,55.52332305908203,55.61694081624349,540.0,220.0,81.83333333333333,306.1722222222222,81.83333333333333,306.1722222222222,False,-1.915711218516394,bad,548.5,-9.5,0.9166666666666661,True,False,False,45
p15,2.0,3.0,5,8.0,2.0,3.0,3.0,2019-12-17 06:54:21.162,2019-12-17,6.9,False,2019-12-17,False,1,0,1,95,1372.0,1013.0,539.0,True,False,7.75,7.561111111111111,96.0,95.33333333333331,3.25,4.780555555555556,6.516666666666667,7.627777777777777,9.266666666666667,8.844444444444445,55.0,55.0,14587.0,15110.0,10.5439,9.610433333333331,3412.01,3097.8,174.0,193.0,27.0,24.33333333333333,128.0,85.33333333333333,155.0,109.66666666666669,329.0,302.6666666666667,539.0,621.0,55.13840770721436,55.3380978902181,630.0,390.0,173.53333333333333,364.01666666666665,84.76666666666667,334.4277777777777,False,-1.1927289954363482,bad,1961.5,64.0,0.3416666666666668,False,True,False,46
p15,2.0,3.0,4,8.0,4.0,2.0,3.0,2019-12-18 22:00:03.315,2019-12-18,22.0,False,2019-12-18,False,1,0,2,95,1323.0,967.0,516.0,True,False,6.433333333333334,7.477777777777778,96.0,96.0,5.725,4.336111111111111,6.825,6.972222222222222,7.1,8.633333333333333,55.0,55.0,19255.0,15672.0,14.0455,11.198100000000002,3316.58,3154.2466666666664,271.0,198.0,5.0,17.0,92.0,95.0,97.0,112.0,368.0,310.0,516.0,599.3333333333334,55.389580726623535,55.35043716430664,250.0,473.3333333333333,788.8833333333333,348.0833333333333,723.1666666666666,296.5888888888889,False,-1.1927289954363482,bad,6629.5,6.0,-0.9749999999999996,False,True,False,47
p15,3.0,3.0,6,8.0,4.0,3.0,4.0,2019-12-21 08:24:24.855,2019-12-21,8.4,False,2019-12-21,False,1,0,5,95,1094.0,737.0,709.0,True,False,8.25,7.3,93.0,94.33333333333331,5.116666666666666,5.3,8.341666666666667,7.569444444444445,9.216666666666669,8.261111111111111,54.0,54.333333333333336,11000.0,16506.0,7.946300000000001,12.2128,3144.92,3265.1066666666666,138.0,174.33333333333334,33.0,29.33333333333333,107.0,111.66666666666669,140.0,141.0,278.0,315.3333333333333,,652.5,54.36319637298584,54.86174043019613,630.0,390.0,153.88333333333335,142.88333333333333,104.4,59.81111111111111,False,0.0,neutral,-1988.5,44.0,0.9749999999999996,False,False,False,50
p15,3.0,4.0,8,8.0,4.0,3.0,4.0,2019-12-22 09:03:29.558,2019-12-22,9.05,False,2019-12-22,False,1,0,6,95,1383.0,1027.0,520.0,True,False,7.2,7.344444444444444,97.0,95.33333333333331,6.083333333333333,5.5555555555555545,8.683333333333334,8.016666666666666,8.6,8.455555555555556,54.0,54.0,23554.0,18707.0,17.12,13.7855,3678.13,3401.816666666667,188.0,163.33333333333334,41.0,31.666666666666668,138.0,126.33333333333331,179.0,158.0,367.0,321.3333333333333,520.0,580.0,54.016783714294434,54.4468666712443,540.0,450.0,155.25,154.24444444444444,85.26666666666667,73.73333333333333,False,0.7229822230800458,good,10565.5,83.0,-0.07500000000000018,True,False,False,51
p15,3.0,3.0,6,8.0,4.0,2.0,4.0,2019-12-23 09:05:42.945,2019-12-23,9.083333333333334,False,2019-12-23,False,1,0,0,95,1392.0,1038.0,616.0,True,False,8.983333333333333,8.144444444444444,96.0,95.33333333333331,4.45,5.216666666666666,8.908333333333333,8.644444444444446,10.45,9.422222222222222,53.0,53.66666666666666,15790.0,16781.333333333332,16.026400000000002,13.697566666666669,3439.63,3420.893333333333,164.0,163.33333333333334,9.0,27.666666666666668,135.0,126.66666666666669,144.0,154.33333333333334,308.0,317.6666666666667,616.0,568.0,53.52633953094482,53.96877320607504,0.0,390.0,134.18333333333334,147.77222222222224,134.18333333333334,107.95,False,0.0,neutral,2801.5,48.0,1.7083333333333321,True,False,False,52
p15,1.0,3.0,0,8.0,2.0,1.0,4.0,2019-12-24 09:36:51.713,2019-12-24,9.6,False,2019-12-24,True,1,0,1,95,1325.0,971.0,403.0,True,False,9.05,8.41111111111111,95.0,96.0,4.55,5.027777777777778,8.9,8.830555555555556,10.35,9.8,54.0,53.66666666666666,20847.0,20063.666666666668,19.588700000000003,17.578366666666668,4106.86,3741.54,182.0,178.0,63.0,37.66666666666666,165.0,146.0,228.0,183.66666666666663,410.0,361.6666666666667,403.0,513.0,54.02453327178955,53.85588550567627,1800.0,780.0,174.51666666666668,154.65,161.71666666666667,127.05555555555554,False,-1.0236219794245442,bad,7624.5,131.0,1.7750000000000004,False,True,False,53
p15,3.0,4.0,7,8.0,1.0,2.0,4.0,2019-12-25 10:27:49.510,2019-12-25,10.45,False,2019-12-25,False,1,0,2,95,1383.0,1024.0,554.0,True,False,8.383333333333333,8.805555555555555,95.0,95.33333333333331,6.216666666666667,5.072222222222222,10.133333333333333,9.313888888888888,9.916666666666666,10.238888888888887,54.0,53.66666666666666,5759.0,14132.0,4.2879000000000005,13.301000000000002,2502.34,3349.61,265.0,203.66666666666663,0.0,24.0,0.0,100.0,0.0,124.0,265.0,327.6666666666667,554.0,524.3333333333334,54.75826358795166,54.10304546356201,100.0,633.3333333333334,0.0,102.90000000000002,0.0,98.63333333333333,False,0.7229822230800458,good,-7620.5,-97.0,1.049999999999999,False,True,False,54
p15,2.0,4.0,4,7.0,1.0,2.0,4.0,2019-12-26 09:46:01.974,2019-12-26,9.766666666666667,False,2019-12-26,False,1,0,3,95,1395.0,1041.0,531.0,True,False,9.2,8.877777777777778,99.0,96.33333333333331,5.241666666666666,5.336111111111111,9.658333333333331,9.563888888888888,10.416666666666666,10.227777777777776,54.0,54.0,19403.0,15336.333333333334,20.2632,14.71326666666667,3701.18,3436.793333333333,135.0,194.0,8.0,23.666666666666668,171.0,112.0,179.0,135.66666666666666,314.0,329.6666666666667,531.0,496.0,54.3559513092041,54.37958272298177,1800.0,1233.3333333333333,180.05,118.18888888888893,180.05,113.92222222222222,False,0.21117123336777363,neutral,6023.5,83.0,1.7749999999999995,False,True,False,55
p15,3.0,4.0,7,8.0,3.0,2.0,4.0,2019-12-28 09:30:51.755,2019-12-28,9.5,False,2019-12-28,False,1,0,5,95,1383.0,1034.0,545.0,True,False,8.116666666666667,8.477777777777778,96.0,96.66666666666669,6.283333333333333,5.683333333333334,9.308333333333334,9.394444444444444,9.016666666666667,9.705555555555556,54.0,54.0,16999.0,15697.666666666666,17.8304,15.892,3518.7,3383.816666666666,152.0,175.33333333333334,25.0,21.33333333333333,137.0,118.0,162.0,139.33333333333334,314.0,314.6666666666667,545.0,525.0,54.04421043395996,54.29282887776693,1440.0,1200.0,162.11666666666667,133.11111111111111,162.11666666666667,133.11111111111111,False,0.7229822230800458,good,2996.0,65.0,0.6916666666666673,False,False,False,57
p15,2.0,3.0,4,8.0,2.0,2.0,4.0,2019-12-29 23:51:05.437,2019-12-29,23.85,False,2019-12-29,False,1,0,6,95,1353.0,1004.0,598.0,True,False,8.816666666666666,8.35,96.0,95.66666666666669,5.991666666666666,5.933333333333333,9.941666666666666,9.488888888888887,9.95,9.55,53.0,53.66666666666666,13861.0,13850.333333333334,10.345,12.585933333333337,3297.52,3249.263333333333,168.0,186.33333333333331,21.0,25.666666666666668,112.0,98.33333333333331,133.0,124.0,301.0,310.3333333333333,598.0,547.3333333333334,53.42056369781494,53.98103300730387,1620.0,1140.0,109.51666666666668,109.6,109.51666666666668,109.6,False,-0.5118109897122721,bad,-691.5,34.5,1.1583333333333332,True,False,False,58
p15,2.0,4.0,7,7.0,2.0,2.0,4.0,2019-12-30 09:11:17.384,2019-12-30,9.183333333333334,False,2019-12-30,False,1,0,0,95,1120.0,767.0,648.0,True,False,7.15,8.027777777777779,94.0,95.33333333333331,6.325,6.2,8.525,9.258333333333336,8.2,9.055555555555555,54.0,53.66666666666666,8828.0,13229.333333333334,8.0654,12.080266666666668,2620.77,3145.6633333333334,103.0,141.0,30.0,25.33333333333333,62.0,103.66666666666669,92.0,129.0,195.0,270.0,,571.5,54.03110122680664,53.83195845286051,1800.0,1620.0,74.08333333333333,115.2388888888889,74.08333333333333,115.2388888888889,False,0.21117123336777363,neutral,-5724.5,-8.5,-0.6166666666666663,True,False,False,59
p15,2.0,3.0,6,8.0,2.0,2.0,4.0,2019-12-31 08:57:49.239,2019-12-31,8.95,False,2019-12-31,False,1,0,1,95,1389.0,1031.0,622.0,True,False,7.533333333333333,7.833333333333333,97.0,95.66666666666669,6.15,6.155555555555556,8.633333333333333,9.033333333333331,8.483333333333333,8.877777777777776,53.0,53.333333333333336,16041.0,12910.0,15.4396,11.283333333333331,3516.29,3144.86,190.0,153.66666666666666,9.0,20.0,127.0,100.33333333333331,136.0,120.33333333333331,326.0,274.0,622.0,610.0,53.51182460784912,53.65449651082357,1800.0,1740.0,131.8,105.13333333333333,131.8,105.13333333333333,False,-0.5118109897122721,bad,1488.5,35.5,-0.2333333333333334,False,True,False,60
p15,2.0,3.0,3,8.0,3.0,2.0,4.0,2020-01-01 22:11:31.089,2020-01-01,22.183333333333334,False,2020-01-01,False,1,0,2,95,1384.0,1036.0,675.0,True,False,7.1,7.26111111111111,98.0,96.33333333333331,6.933333333333334,6.469444444444445,9.083333333333334,8.747222222222222,8.15,8.277777777777777,53.0,53.333333333333336,14366.0,13078.333333333334,14.464100000000002,12.656366666666663,3378.83,3171.963333333333,130.0,141.0,3.0,14.0,123.0,104.0,126.0,118.0,256.0,259.0,675.0,648.5,53.34127807617188,53.62806797027588,840.0,1480.0,123.7,109.8611111111111,123.7,109.8611111111111,False,-0.5118109897122721,bad,-822.5,18.0,-0.5583333333333336,False,True,False,61
p15,4.0,4.0,10,8.0,2.0,4.0,3.0,2020-01-06 11:24:25.929,2020-01-06,11.4,False,2020-01-06,False,1,0,0,95,1276.0,928.0,480.0,True,False,6.85,8.222222222222221,96.0,95.0,4.241666666666666,4.547222222222222,6.091666666666667,8.052777777777777,7.85,9.505555555555556,53.0,53.333333333333336,16883.0,11707.666666666666,11.3646,9.181466666666669,2960.27,2841.5033333333336,147.0,182.0,38.0,23.33333333333333,88.0,56.0,126.0,79.33333333333333,273.0,261.3333333333333,480.0,607.0,53.43681335449219,53.730522791544594,400.0,343.3333333333333,141.43333333333334,73.62777777777778,141.43333333333334,73.62777777777778,False,0.5538752070682419,good,1694.5,5.5,-0.8083333333333336,True,False,False,66
p15,4.0,4.0,8,8.0,4.0,4.0,4.0,2020-01-07 13:58:55.269,2020-01-07,13.966666666666669,False,2020-01-07,False,1,0,1,95,1382.0,1035.0,543.0,True,False,6.666666666666667,7.7444444444444445,98.0,95.0,4.933333333333334,4.241666666666667,6.366666666666666,7.152777777777778,7.433333333333334,8.911111111111111,53.0,53.0,15656.0,13249.333333333334,11.3009,9.3459,3685.77,3068.463333333333,264.0,211.33333333333331,25.0,29.666666666666668,137.0,77.0,162.0,106.66666666666669,426.0,318.0,543.0,551.6666666666666,53.44004726409912,53.36575222015381,560.0,530.0,160.3,100.57777777777778,92.03333333333332,77.82222222222222,False,1.234793212792318,good,-259.5,36.0,-0.9916666666666663,False,True,False,67
p15,3.0,3.0,8,8.0,4.0,3.0,3.0,2020-01-08 09:28:03.282,2020-01-08,9.466666666666669,False,2020-01-08,False,1,0,2,95,1356.0,999.0,689.0,True,False,7.3,6.938888888888889,98.0,97.33333333333331,4.191666666666666,4.455555555555556,6.375,6.277777777777779,8.183333333333334,7.822222222222223,53.0,53.0,16709.0,16416.0,12.9347,11.866733333333334,3106.69,3250.91,198.0,203.0,23.0,28.666666666666668,84.0,103.0,107.0,131.66666666666666,305.0,334.6666666666667,689.0,570.6666666666666,53.02932262420654,53.30206108093262,300.0,420.0,86.16666666666666,129.29999999999998,46.9,93.45555555555556,False,-0.680918005724076,bad,986.0,-19.0,-0.25,False,True,False,68
p15,3.0,4.0,7,8.0,4.0,3.0,4.0,2020-01-10 21:17:46.836,2020-01-10,21.28333333333333,False,2020-01-10,False,1,0,4,95,1399.0,1043.0,601.0,True,False,8.216666666666667,7.766666666666667,94.0,96.33333333333331,5.208333333333333,4.688888888888889,8.508333333333333,7.452777777777778,9.3,8.761111111111111,52.0,52.333333333333336,13082.0,14098.333333333334,9.4951,10.4941,3006.63,3116.07,239.0,212.0,12.0,17.666666666666668,60.0,84.66666666666667,72.0,102.33333333333331,311.0,314.3333333333333,601.0,637.3333333333334,52.70371150970459,52.82943884531657,150.0,360.0,71.66666666666666,94.84999999999998,34.11666666666667,53.59444444444444,False,0.7229822230800458,good,-2641.0,-55.0,0.5583333333333336,False,True,False,70
p15,3.0,4.0,7,9.0,4.0,3.0,4.0,2020-01-12 09:24:38.000,2020-01-12,9.4,False,2020-01-12,False,1,0,6,95,1387.0,1033.0,528.0,True,False,10.0,8.6,96.0,95.33333333333331,4.0,4.972222222222221,9.366666666666667,8.763888888888888,11.366666666666667,9.78888888888889,54.0,52.66666666666666,17138.0,13520.666666666666,14.8779,11.394600000000002,3704.54,3230.036666666667,217.0,221.66666666666663,39.0,19.33333333333333,134.0,88.0,173.0,107.33333333333331,390.0,329.0,528.0,575.0,54.6773796081543,53.37058035532633,600.0,366.6666666666667,161.25,101.33333333333331,128.81666666666666,78.00555555555555,False,0.7229822230800458,good,2016.5,46.0,2.2333333333333334,True,False,False,72
p15,3.0,4.0,8,7.0,4.0,3.0,4.0,2020-01-13 10:07:23.252,2020-01-13,10.116666666666667,False,2020-01-13,False,1,0,0,95,1402.0,1048.0,446.0,True,False,6.466666666666667,8.016666666666667,95.0,95.66666666666669,4.875,4.861111111111111,6.325,8.036111111111111,7.45,9.172222222222222,53.0,53.0,14325.0,13935.0,14.075,12.921233333333332,3615.24,3432.9066666666663,170.0,198.66666666666663,25.0,23.666666666666668,117.0,107.0,142.0,130.66666666666666,312.0,329.3333333333333,446.0,523.3333333333334,53.8531436920166,53.75372441609701,840.0,596.6666666666666,131.78333333333333,121.3722222222222,131.78333333333333,110.56111111111112,False,0.7229822230800458,good,-796.5,14.0,-1.4749999999999996,True,False,False,73
p15,3.0,3.0,8,7.0,2.0,4.0,2.0,2020-01-14 06:13:13.826,2020-01-14,6.216666666666667,False,2020-01-14,False,1,0,1,95,1161.0,805.0,700.0,True,False,5.983333333333333,7.483333333333333,96.0,95.66666666666669,5.366666666666666,4.747222222222223,6.308333333333334,7.333333333333333,6.933333333333334,8.583333333333334,54.0,53.66666666666666,11119.0,14194.0,8.609,12.520633333333334,3216.08,3511.9533333333334,148.0,178.33333333333334,30.0,31.33333333333333,115.0,122.0,145.0,153.33333333333334,293.0,331.6666666666667,,487.0,54.34998035430908,54.29350121816,630.0,690.0,129.95,140.99444444444444,96.66666666666669,119.08888888888887,False,-1.361836011448152,bad,-4002.5,14.5,-1.7833333333333332,False,True,False,74
p15,4.0,4.0,8,7.0,4.0,3.0,4.0,2020-01-15 09:32:01.227,2020-01-15,9.533333333333331,False,2020-01-15,False,1,0,2,95,1393.0,1039.0,669.0,True,False,6.7,6.383333333333333,98.0,96.33333333333331,5.158333333333333,5.133333333333333,6.658333333333333,6.430555555555556,7.5,7.294444444444444,55.0,54.0,19788.0,15077.333333333334,16.1198,12.9346,3323.21,3384.843333333333,225.0,181.0,24.0,26.33333333333333,106.0,112.66666666666669,130.0,139.0,355.0,320.0,669.0,557.5,55.11507034301758,54.43939812978109,300.0,590.0,168.78333333333333,143.50555555555556,112.45,113.63333333333333,False,1.234793212792318,good,4777.0,-0.5,-0.9833333333333334,False,True,False,75
p15,2.0,3.0,6,7.0,2.0,3.0,4.0,2020-01-16 09:15:15.148,2020-01-16,9.25,False,2020-01-16,False,1,0,3,95,1372.0,1015.0,646.0,True,False,7.116666666666666,6.6000000000000005,96.0,96.66666666666669,7.333333333333333,5.952777777777778,9.191666666666666,7.38611111111111,7.85,7.427777777777777,54.0,54.333333333333336,13415.0,14774.0,10.5286,11.752466666666669,3218.53,3252.6066666666666,226.0,199.66666666666663,21.0,25.0,97.0,106.0,118.0,131.0,344.0,330.6666666666667,646.0,657.5,54.981438636779785,54.81549644470215,420.0,450.0,113.76666666666668,137.5,66.83333333333333,91.98333333333332,False,-0.5118109897122721,bad,-1596.0,-13.5,-0.5666666666666673,False,True,False,76
p15,2.0,3.0,7,8.0,2.0,2.0,3.0,2020-01-18 09:00:42.436,2020-01-18,9.0,False,2020-01-18,False,1,0,5,95,1405.0,1045.0,695.0,True,False,7.3,7.35,96.0,96.66666666666669,5.925,6.286111111111111,8.408333333333333,8.541666666666666,8.483333333333333,8.25,56.0,54.66666666666666,10000.0,13921.666666666666,9.188,13.010566666666668,2941.48,3295.693333333333,173.0,181.0,9.0,11.333333333333334,58.0,106.0,67.0,117.33333333333331,240.0,298.3333333333333,695.0,666.3333333333334,56.0233964920044,55.03912035624186,420.0,280.0,54.45,111.19444444444444,54.45,95.55,False,-1.1927289954363482,bad,-4345.5,-64.5,-0.4083333333333341,False,False,False,78
p15,3.0,4.0,7,8.0,4.0,4.0,4.0,2020-01-19 10:27:30.311,2020-01-19,10.45,False,2020-01-19,False,1,0,6,95,1417.0,1060.0,679.0,True,False,7.916666666666667,7.616666666666667,97.0,97.0,5.391666666666667,5.638888888888888,8.45,8.294444444444444,9.05,8.649999999999999,57.0,55.66666666666666,13252.0,13867.333333333334,13.7971,14.100066666666669,3220.19,3296.2466666666664,121.0,146.0,18.0,10.333333333333334,113.0,111.33333333333331,131.0,121.66666666666669,252.0,267.6666666666667,679.0,677.3333333333334,57.10157299041748,55.74583180745443,960.0,460.0,117.55,112.45555555555556,117.55,112.45555555555556,False,0.7229822230800458,good,-1093.5,2.0,0.30833333333333357,True,False,False,79
p15,4.0,4.0,8,8.0,4.0,3.0,4.0,2020-01-21 09:10:35.139,2020-01-21,9.166666666666666,False,2020-01-21,False,1,0,1,95,1340.0,983.0,710.0,True,False,7.683333333333334,7.416666666666667,95.0,95.66666666666669,6.15,5.561111111111111,8.941666666666666,7.961111111111111,8.783333333333333,8.394444444444444,57.0,57.0,11924.0,13417.0,9.1625,12.572400000000002,3131.69,3220.5733333333337,162.0,142.33333333333334,34.0,23.33333333333333,93.0,109.33333333333331,127.0,132.66666666666666,289.0,275.0,710.0,667.3333333333334,57.16038799285889,57.274786631266274,630.0,810.0,120.11666666666666,118.20555555555556,85.11666666666666,106.53888888888888,False,1.234793212792318,good,-2169.0,-2.0,0.07500000000000018,False,True,False,81
p15,2.0,3.0,5,7.0,2.0,2.0,4.0,2020-01-22 10:02:57.144,2020-01-22,10.033333333333331,False,2020-01-22,False,1,0,2,95,1396.0,1036.0,665.0,True,False,6.433333333333334,6.922222222222222,95.0,95.0,4.691666666666666,5.327777777777778,6.291666666666667,7.241666666666667,7.6,7.911111111111111,55.0,56.333333333333336,14777.0,13925.333333333334,10.2358,11.3853,3101.87,3181.133333333333,153.0,153.0,17.0,23.0,78.0,97.66666666666669,95.0,120.66666666666669,248.0,273.6666666666667,665.0,662.6666666666666,55.95334720611572,56.89204470316569,420.0,630.0,83.23333333333333,106.76666666666668,83.23333333333333,95.1,False,-0.5118109897122721,bad,1139.0,-32.5,-1.1749999999999998,False,True,False,82
p15,2.0,3.0,6,7.0,3.0,3.0,3.0,2020-01-23 06:26:42.974,2020-01-23,6.433333333333334,False,2020-01-23,False,1,0,3,95,1403.0,1049.0,595.0,True,False,7.05,7.055555555555556,97.0,95.66666666666669,4.55,5.130555555555556,6.35,7.194444444444444,7.8,8.06111111111111,55.0,55.66666666666666,10352.0,12351.0,7.429800000000001,8.9427,3360.03,3197.863333333333,284.0,199.66666666666663,29.0,26.666666666666668,76.0,82.33333333333333,105.0,109.0,389.0,308.6666666666667,595.0,656.6666666666666,55.156211853027344,56.08998235066732,420.0,490.0,98.08333333333331,100.47777777777776,72.46666666666667,80.27222222222223,False,-1.1927289954363482,bad,-3741.0,-22.5,-0.5083333333333337,False,True,False,83
p15,1.0,4.0,2,6.0,2.0,4.0,5.0,2020-01-25 08:48:17.655,2020-01-25,8.8,False,2020-01-25,False,1,0,5,95,1405.0,1048.0,639.0,True,False,5.783333333333333,6.355555555555555,95.0,96.33333333333331,7.966666666666667,5.883333333333334,8.766666666666667,7.258333333333333,6.8,7.372222222222223,53.0,53.66666666666666,13087.0,12752.333333333334,9.7138,9.257733333333334,3104.15,3287.3233333333337,305.0,277.0,18.0,27.0,27.0,66.66666666666667,45.0,93.66666666666669,350.0,370.6666666666667,639.0,611.0,53.71842098236084,54.23505401611328,0.0,240.0,34.983333333333334,66.31111111111112,0.0,25.916666666666668,False,0.38027824937957755,neutral,-1006.0,-82.5,-1.5166666666666666,False,False,False,85
p15,2.0,4.0,6,9.0,5.0,4.0,4.0,2020-01-26 12:35:02.268,2020-01-26,12.583333333333334,False,2020-01-26,False,1,0,6,95,1407.0,1052.0,692.0,True,False,8.983333333333333,7.0,97.0,96.33333333333331,5.241666666666666,6.113888888888888,9.008333333333333,8.144444444444444,9.766666666666667,8.027777777777777,55.0,53.66666666666666,17005.0,14970.0,12.6801,11.007833333333336,3230.39,3244.11,209.0,252.0,49.0,33.666666666666664,82.0,68.66666666666667,131.0,102.33333333333331,340.0,354.3333333333333,692.0,643.3333333333334,55.285231590271,54.278060595194496,0.0,100.0,113.51666666666668,71.45555555555556,0.0,1.761111111111111,False,0.21117123336777363,neutral,3367.0,4.5,1.7583333333333329,True,False,False,86
p15,3.0,3.0,8,8.0,4.0,3.0,3.0,2020-01-27 09:01:04.050,2020-01-27,9.016666666666667,False,2020-01-27,False,1,0,0,95,1400.0,1045.0,579.0,True,False,7.733333333333333,7.5,97.0,96.33333333333331,3.983333333333333,5.730555555555555,6.641666666666667,8.138888888888888,8.65,8.405555555555557,54.0,54.0,19254.0,16448.666666666668,13.759,12.050966666666667,3089.01,3141.183333333333,142.0,218.66666666666663,28.0,31.666666666666668,105.0,71.33333333333333,133.0,103.0,275.0,321.6666666666667,579.0,636.6666666666666,54.39468097686768,54.4661111831665,600.0,200.0,164.83333333333334,104.44444444444446,164.83333333333334,54.94444444444445,False,-0.680918005724076,bad,5384.0,6.5,0.5083333333333337,True,False,False,87
p15,2.0,3.0,7,8.0,4.0,2.0,3.0,2020-01-30 09:05:45.028,2020-01-30,9.083333333333334,False,2020-01-30,False,1,0,3,95,1376.0,1031.0,576.0,True,False,8.783333333333333,8.111111111111112,96.0,95.66666666666669,4.691666666666666,4.622222222222223,8.616666666666667,7.791666666666667,9.916666666666666,9.16111111111111,54.0,53.333333333333336,15215.0,13310.0,11.0483,9.190566666666667,3534.16,3251.976666666667,258.0,205.66666666666663,36.0,23.666666666666668,105.0,87.66666666666667,141.0,111.33333333333331,399.0,317.0,576.0,598.6666666666666,54.10439491271973,53.74241542816162,420.0,490.0,103.56666666666666,84.81111111111112,67.71666666666667,72.8611111111111,False,-1.1927289954363482,bad,1345.0,14.5,1.4833333333333334,False,True,False,90
p15,3.0,4.0,8,9.0,5.0,3.0,4.0,2020-01-31 09:41:19.041,2020-01-31,9.683333333333334,False,2020-01-31,False,1,0,4,95,1379.0,1030.0,583.0,True,False,7.95,7.788888888888889,96.0,95.66666666666669,5.791666666666667,4.952777777777778,9.133333333333333,7.961111111111111,9.333333333333334,9.0,54.0,53.66666666666666,12037.0,13946.0,12.0966,10.7968,3008.16,3193.56,167.0,194.0,9.0,17.666666666666668,86.0,87.0,95.0,104.66666666666669,262.0,298.6666666666667,583.0,591.6666666666666,54.43839550018311,54.050829569498696,540.0,460.0,92.65,89.17222222222222,92.65,77.22222222222223,False,0.7229822230800458,good,-1833.0,-31.5,0.6500000000000004,False,True,False,91
p15,3.0,3.0,8,8.0,4.0,3.0,3.0,2020-02-01 10:19:50.738,2020-02-01,10.316666666666666,False,2020-02-01,False,1,0,5,95,1381.0,1026.0,582.0,True,False,6.933333333333334,7.888888888888888,97.0,96.33333333333331,5.7,5.394444444444445,7.775,8.508333333333333,8.066666666666666,9.105555555555554,54.0,54.0,12250.0,13167.333333333334,11.5216,11.5555,3120.95,3221.09,215.0,213.33333333333331,3.0,16.0,80.0,90.33333333333331,83.0,106.33333333333331,298.0,319.6666666666667,582.0,580.3333333333334,54.67650032043457,54.4064302444458,630.0,530.0,78.8,91.67222222222222,78.8,79.72222222222221,False,-0.680918005724076,bad,-1620.0,-43.5,-0.5083333333333329,False,False,False,92
p15,3.0,4.0,8,7.0,4.0,3.0,4.0,2020-02-04 15:33:46.004,2020-02-04,15.55,False,2020-02-04,False,1,0,1,95,1338.0,985.0,591.0,True,False,7.7,7.544444444444444,96.0,96.0,3.983333333333333,4.511111111111111,6.65,6.98888888888889,8.666666666666666,8.472222222222223,54.0,54.0,16302.0,14998.666666666666,12.158500000000002,13.555266666666668,3224.76,3361.38,282.0,204.66666666666663,22.0,19.33333333333333,72.0,104.66666666666669,94.0,124.0,376.0,328.6666666666667,591.0,615.0,54.14263916015625,54.4864559173584,0.0,593.3333333333334,85.33333333333334,104.45,0.0,76.00555555555555,False,0.7229822230800458,good,2432.0,-33.5,0.40000000000000036,False,True,False,95
p15,2.0,3.0,5,8.0,4.0,2.0,3.0,2020-02-05 07:02:27.693,2020-02-05,7.033333333333333,False,2020-02-05,False,1,0,2,95,1333.0,982.0,561.0,True,False,8.066666666666666,7.555555555555554,96.0,96.0,3.3583333333333334,3.9333333333333336,6.333333333333333,6.4444444444444455,8.966666666666667,8.505555555555555,53.0,53.66666666666666,17495.0,16707.666666666668,12.3279,13.433500000000002,3472.14,3482.35,214.0,236.33333333333331,50.0,31.33333333333333,95.0,101.66666666666669,145.0,133.0,359.0,369.3333333333333,561.0,562.3333333333334,53.00606727600098,53.88397216796875,350.0,476.6666666666667,202.36666666666667,137.97222222222226,202.36666666666667,109.5277777777778,False,-1.1927289954363482,bad,3625.0,22.5,0.625,False,True,False,96
p15,4.0,5.0,8,7.0,4.0,3.0,4.0,2020-02-06 12:28:42.283,2020-02-06,12.466666666666669,False,2020-02-06,False,1,0,3,95,1297.0,949.0,545.0,True,False,6.183333333333334,7.316666666666666,95.0,95.66666666666669,6.891666666666667,4.7444444444444445,8.016666666666667,7.0,7.116666666666666,8.25,52.0,53.0,13214.0,15670.333333333334,9.852200000000002,11.446200000000005,2941.47,3212.7899999999995,291.0,262.3333333333333,31.0,34.333333333333336,35.0,67.33333333333333,66.0,101.66666666666669,357.0,364.0,545.0,565.6666666666666,52.48157215118408,53.21009286244711,0.0,116.66666666666669,35.833333333333336,107.84444444444443,0.0,67.45555555555556,False,1.9577754358723636,good,-656.0,-61.5,-1.4249999999999998,False,True,False,97
p15,2.0,3.0,6,7.0,4.0,2.0,4.0,2020-02-07 08:46:37.627,2020-02-07,8.766666666666667,False,2020-02-07,False,1,0,4,95,1280.0,936.0,669.0,True,False,6.283333333333333,6.844444444444444,98.0,96.33333333333331,7.533333333333333,5.927777777777778,8.641666666666667,7.663888888888889,7.1,7.727777777777777,51.0,52.0,15784.0,15497.666666666666,15.862000000000002,12.680700000000002,3604.19,3339.2666666666664,180.0,228.33333333333331,22.0,34.333333333333336,142.0,90.66666666666669,164.0,125.0,344.0,353.3333333333333,669.0,591.6666666666666,51.07762908935547,52.18842283884684,1440.0,596.6666666666666,155.35,131.18333333333334,155.35,119.2388888888889,False,-0.5118109897122721,bad,1914.0,41.5,-1.1583333333333332,False,True,False,98
p15,2.0,3.0,6,7.0,2.0,2.0,3.0,2020-02-08 09:21:27.311,2020-02-08,9.35,False,2020-02-08,False,1,0,5,95,1390.0,1033.0,654.0,True,False,7.4,6.622222222222223,96.0,96.33333333333331,6.133333333333334,6.852777777777778,8.983333333333333,8.547222222222222,8.85,7.688888888888889,52.0,51.66666666666666,17029.0,15342.333333333334,15.793300000000002,13.835833333333335,3668.64,3404.7666666666664,201.0,224.0,19.0,24.0,140.0,105.66666666666669,159.0,129.66666666666666,360.0,353.6666666666667,654.0,622.6666666666666,52.64965724945069,52.06961949666341,1440.0,960.0,169.36666666666667,120.18333333333334,169.36666666666667,108.2388888888889,False,-1.1927289954363482,bad,2573.5,30.5,0.19166666666666732,False,False,False,99
p15,2.0,4.0,5,8.0,2.0,2.0,2.0,2020-02-09 09:08:18.920,2020-02-09,9.133333333333333,False,2020-02-09,False,1,0,6,95,1368.0,1012.0,633.0,True,False,8.383333333333333,7.355555555555555,94.0,96.0,4.233333333333333,5.966666666666666,7.966666666666667,8.530555555555557,9.733333333333333,8.56111111111111,54.0,52.333333333333336,9556.0,14123.0,7.924600000000001,13.193300000000002,2813.62,3362.15,188.0,189.66666666666663,33.0,24.666666666666668,55.0,112.33333333333331,88.0,137.0,276.0,326.6666666666667,633.0,652.0,54.27710819244385,52.66813151041666,210.0,1030.0,32.71666666666667,119.14444444444445,32.71666666666667,119.14444444444445,False,-1.1506647780803785,bad,-5125.5,-42.5,1.1749999999999998,True,False,False,100
p15,2.0,2.0,0,7.0,2.0,1.0,3.0,2020-02-10 09:04:19.575,2020-02-10,9.066666666666666,False,2020-02-10,True,1,0,0,95,1324.0,972.0,617.0,True,False,7.333333333333333,7.705555555555556,94.0,94.66666666666669,3.908333333333333,4.758333333333333,6.766666666666667,7.905555555555556,8.85,9.144444444444444,53.0,53.0,15059.0,13881.333333333334,9.6397,11.1192,2881.55,3121.27,123.0,170.66666666666666,22.0,24.666666666666668,94.0,96.33333333333331,116.0,121.0,239.0,291.6666666666667,617.0,634.6666666666666,53.69105529785156,53.53927357991537,600.0,750.0,114.36666666666666,105.48333333333332,114.36666666666666,105.48333333333332,False,-1.915711218516394,bad,603.5,-12.5,0.125,True,False,False,101
p15,3.0,4.0,5,8.0,4.0,1.0,4.0,2020-02-11 09:10:02.340,2020-02-11,9.166666666666666,False,2020-02-11,False,1,0,1,95,1315.0,967.0,708.0,True,False,8.1,7.938888888888889,95.0,94.33333333333331,5.083333333333333,4.408333333333334,8.275,7.669444444444444,9.183333333333334,9.255555555555556,51.0,52.66666666666666,4348.0,9654.333333333334,3.2377,6.934000000000001,2184.22,2626.463333333333,201.0,170.66666666666666,0.0,18.33333333333333,0.0,49.66666666666666,0.0,68.0,201.0,238.66666666666663,708.0,652.6666666666666,51.83596706390381,53.268043518066406,0.0,270.0,0.0,49.02777777777777,0.0,49.02777777777777,False,0.7229822230800458,good,-10333.5,-122.5,0.7833333333333332,False,True,False,102
p15,4.0,4.0,6,7.0,4.0,2.0,4.0,2020-02-12 06:39:45.357,2020-02-12,6.65,False,2020-02-12,False,1,0,2,95,1368.0,1011.0,574.0,True,False,6.866666666666666,7.433333333333333,96.0,95.0,4.633333333333334,4.541666666666667,6.6,7.213888888888889,7.966666666666667,8.666666666666666,50.0,51.333333333333336,14919.0,11442.0,11.1308,8.002733333333333,3133.0,2732.9233333333327,174.0,166.0,57.0,26.33333333333333,84.0,59.333333333333336,141.0,85.66666666666667,315.0,251.66666666666663,574.0,633.0,50.80050659179688,52.109176317850746,0.0,200.0,67.41666666666666,60.594444444444434,0.0,38.12222222222222,False,1.234793212792318,good,237.5,23.0,-0.5000000000000009,False,True,False,103
p15,3.0,3.0,4,7.0,2.0,1.0,4.0,2020-02-13 06:46:08.155,2020-02-13,6.766666666666667,False,2020-02-13,False,1,0,3,95,1317.0,965.0,649.0,True,False,7.583333333333333,7.516666666666666,94.0,95.0,4.05,4.588888888888889,6.691666666666666,7.188888888888889,8.633333333333333,8.594444444444445,51.0,50.66666666666666,13852.0,11039.666666666666,10.3336,8.234033333333334,2977.16,2764.793333333333,219.0,198.0,29.0,28.666666666666668,65.0,49.66666666666666,94.0,78.33333333333333,313.0,276.3333333333333,649.0,643.6666666666666,51.11022472381592,51.24889945983887,0.0,0.0,71.68333333333334,46.36666666666667,0.0,0.0,False,0.0,neutral,-829.5,-24.0,0.2166666666666659,False,True,False,104
p15,3.0,3.0,3,8.0,4.0,1.0,4.0,2020-02-15 08:22:26.682,2020-02-15,8.366666666666667,False,2020-02-15,False,1,0,5,95,1295.0,940.0,687.0,True,False,7.6,7.394444444444445,95.0,95.0,5.091666666666667,4.675000000000001,7.625,7.0555555555555545,8.533333333333333,8.377777777777778,49.0,49.66666666666666,14044.0,13780.666666666666,10.4105,10.2314,2990.31,2962.8466666666664,161.0,187.33333333333331,27.0,23.666666666666668,87.0,76.0,114.0,99.66666666666669,275.0,287.0,687.0,661.6666666666666,49.69369411468506,50.23241011301676,0.0,0.0,72.53333333333333,74.24444444444445,0.0,0.0,False,0.0,neutral,-175.0,-1.5,0.2333333333333325,False,False,False,106
p15,3.0,3.0,6,8.0,3.0,2.0,4.0,2020-02-16 07:56:21.672,2020-02-16,7.933333333333334,False,2020-02-16,False,1,0,6,95,1372.0,1014.0,633.0,True,False,9.016666666666667,7.872222222222223,96.0,95.66666666666669,3.433333333333333,4.469444444444445,7.908333333333333,7.461111111111111,10.466666666666669,8.988888888888889,51.0,49.66666666666666,19953.0,15814.333333333334,13.556,11.305533333333337,3353.98,3088.4533333333334,151.0,164.66666666666666,23.0,21.666666666666668,121.0,94.66666666666669,144.0,116.33333333333331,295.0,281.0,633.0,656.3333333333334,51.48745727539063,50.358154296875,600.0,200.0,131.38333333333333,94.14444444444445,119.43333333333334,39.81111111111111,False,0.0,neutral,5638.0,28.5,1.5250000000000004,True,False,False,107
p15,3.0,3.0,8,8.0,4.0,3.0,4.0,2020-02-17 09:30:06.681,2020-02-17,9.5,False,2020-02-17,False,1,0,0,95,1295.0,937.0,536.0,True,False,6.833333333333333,7.816666666666667,94.0,95.0,6.083333333333333,4.8694444444444445,7.85,7.794444444444444,7.766666666666667,8.922222222222222,52.0,50.66666666666666,6658.0,13551.666666666666,4.9583,9.641600000000002,2479.56,2941.2833333333333,269.0,193.66666666666663,4.0,18.0,3.0,70.33333333333333,7.0,88.33333333333333,276.0,282.0,536.0,618.6666666666666,52.10250473022461,51.0945520401001,0.0,200.0,0.0,67.97222222222221,0.0,39.81111111111111,False,0.0,neutral,-8023.5,-108.5,-0.6583333333333341,True,False,False,108
p15,3.0,3.0,7,8.0,3.0,3.0,3.0,2020-02-18 08:36:58.327,2020-02-18,8.6,False,2020-02-18,False,1,0,1,95,1368.0,1010.0,677.0,True,False,9.416666666666666,8.422222222222222,93.0,94.33333333333331,4.041666666666667,4.519444444444445,8.483333333333333,8.080555555555556,10.433333333333334,9.555555555555555,53.0,52.0,14382.0,13664.333333333334,10.5204,9.678233333333331,3239.24,3024.26,166.0,195.33333333333331,27.0,18.0,104.0,76.0,131.0,94.0,297.0,289.3333333333333,677.0,615.3333333333334,53.34289455413818,52.31095218658447,720.0,440.0,131.93333333333334,87.77222222222223,131.93333333333334,83.78888888888889,False,-0.680918005724076,bad,67.0,16.5,1.924999999999999,False,True,False,109
p15,3.0,4.0,7,8.0,4.0,2.0,4.0,2020-02-19 10:11:30.925,2020-02-19,10.183333333333334,False,2020-02-19,False,1,0,2,95,1318.0,968.0,472.0,True,False,8.466666666666667,8.238888888888889,97.0,94.66666666666669,5.491666666666666,5.205555555555556,8.991666666666667,8.441666666666668,9.5,9.233333333333333,53.0,52.66666666666666,17397.0,12812.333333333334,16.955000000000002,10.811233333333334,3656.67,3125.1566666666663,137.0,190.66666666666663,54.0,28.33333333333333,151.0,86.0,205.0,114.33333333333331,342.0,305.0,472.0,561.6666666666666,53.59341239929199,53.012937227884926,1440.0,720.0,168.75,100.22777777777776,157.65,96.5277777777778,False,0.7229822230800458,good,2913.0,90.5,0.9749999999999996,False,True,False,110
p15,3.0,3.0,5,8.0,4.0,2.0,4.0,2020-02-22 13:00:25.376,2020-02-22,13.0,False,2020-02-22,False,1,0,5,95,1339.0,985.0,585.0,True,False,9.133333333333333,7.811111111111111,96.0,97.66666666666669,4.825,5.766666666666667,9.108333333333333,8.488888888888889,10.283333333333331,8.722222222222221,53.0,53.333333333333336,20054.0,16799.666666666668,19.8546,16.2256,3714.38,3439.543333333333,157.0,166.66666666666666,17.0,18.33333333333333,172.0,135.33333333333334,189.0,153.66666666666666,346.0,320.3333333333333,585.0,612.0,53.85183525085449,53.801596323649086,1620.0,750.0,189.16666666666669,132.41111111111113,189.16666666666669,132.41111111111113,False,0.0,neutral,5374.0,72.0,1.4833333333333325,False,False,False,113
p15,3.0,4.0,7,9.0,5.0,4.0,4.0,2020-02-23 10:11:14.129,2020-02-23,10.183333333333334,False,2020-02-23,False,1,0,6,95,1375.0,1019.0,442.0,True,False,9.25,8.700000000000001,95.0,96.33333333333331,5.4,5.297222222222223,9.825,9.027777777777777,10.416666666666666,9.727777777777776,54.0,53.66666666666666,14646.0,16491.333333333332,13.5295,15.598,3536.85,3472.963333333333,202.0,177.66666666666666,62.0,34.666666666666664,117.0,130.66666666666666,179.0,165.33333333333334,381.0,343.0,442.0,573.6666666666666,54.59869956970215,54.21468989054362,960.0,1070.0,124.73333333333332,132.89444444444447,124.73333333333332,132.89444444444447,False,0.7229822230800458,good,-200.5,56.0,1.541666666666666,True,False,False,114
p15,2.0,3.0,6,8.0,4.0,2.0,3.0,2020-02-24 06:59:57.758,2020-02-24,6.983333333333333,False,2020-02-24,False,1,0,0,95,1362.0,1003.0,507.0,True,False,5.883333333333334,8.088888888888889,95.0,95.33333333333331,5.016666666666667,5.080555555555556,6.083333333333333,8.338888888888889,7.066666666666666,9.255555555555556,54.0,53.66666666666666,19967.0,18222.33333333333,14.0064,15.796833333333334,3090.01,3447.08,146.0,168.33333333333334,59.0,46.0,103.0,130.66666666666666,162.0,176.66666666666666,308.0,345.0,507.0,511.3333333333333,54.92684078216553,54.45912520090739,360.0,980.0,165.25,159.71666666666667,165.25,159.71666666666667,False,-1.1927289954363482,bad,5257.0,39.0,-1.8250000000000002,True,False,False,115
p15,3.0,4.0,8,8.0,3.0,3.0,4.0,2020-02-26 21:37:02.225,2020-02-26,21.616666666666667,False,2020-02-26,False,1,0,2,95,1309.0,954.0,735.0,True,False,8.05,6.7,96.0,96.33333333333331,4.108333333333333,4.963888888888889,7.175,6.713888888888889,9.066666666666666,7.75,51.0,52.66666666666666,11479.0,14858.666666666666,8.5615,10.789233333333334,2765.08,2929.146666666667,195.0,179.33333333333334,41.0,37.333333333333336,42.0,72.66666666666667,83.0,110.0,278.0,289.3333333333333,735.0,658.6666666666666,51.994688987731934,53.52754815419515,0.0,120.0,80.23333333333333,105.87777777777778,0.0,55.083333333333336,False,0.7229822230800458,good,-3231.0,-40.0,0.4583333333333339,False,True,False,117
p15,3.0,3.0,7,7.0,4.0,3.0,3.0,2020-02-27 06:11:24.164,2020-02-27,6.183333333333334,False,2020-02-27,False,1,0,3,95,1338.0,982.0,482.0,True,False,6.516666666666667,6.911111111111111,96.0,96.66666666666669,4.733333333333333,4.8694444444444445,6.033333333333333,6.697222222222222,7.3,7.827777777777778,52.0,52.0,17773.0,14127.333333333334,13.2526,10.537966666666668,3589.12,3095.5166666666664,245.0,212.33333333333331,61.0,38.0,108.0,74.33333333333333,169.0,112.33333333333331,414.0,324.6666666666667,482.0,650.3333333333334,52.48948955535889,52.715097745259605,0.0,0.0,67.41666666666666,73.26666666666667,0.0,0.0,False,-0.680918005724076,bad,3063.0,46.0,-1.1333333333333337,False,True,False,118
p15,3.0,4.0,8,8.0,4.0,4.0,4.0,2020-02-28 09:08:12.883,2020-02-28,9.133333333333333,False,2020-02-28,False,1,0,4,95,1188.0,839.0,730.0,True,False,6.883333333333334,7.150000000000001,96.0,96.0,5.225,4.688888888888889,7.191666666666666,6.8,7.966666666666667,8.11111111111111,52.0,51.66666666666666,11439.0,13563.666666666666,8.4002,10.071433333333331,2781.76,3045.32,211.0,217.0,16.0,39.333333333333336,45.0,65.0,61.0,104.33333333333331,272.0,321.3333333333333,,608.5,52.62321949005127,52.36913267771403,0.0,0.0,40.96666666666667,62.87222222222223,0.0,0.0,False,0.7229822230800458,good,-3271.0,-62.0,-0.708333333333333,False,True,False,119
p15,3.0,3.0,7,8.0,3.0,3.0,3.0,2020-03-01 09:27:08.830,2020-03-01,9.45,False,2020-03-01,False,1,0,6,95,1348.0,993.0,546.0,True,False,7.216666666666667,7.044444444444444,98.0,97.0,7.433333333333334,6.452777777777778,9.4,8.372222222222222,7.966666666666667,7.916666666666667,54.0,53.0,18784.0,15753.0,17.550600000000003,12.8833,3826.71,3393.4933333333333,238.0,224.66666666666663,34.0,26.666666666666668,153.0,107.0,187.0,133.66666666666666,425.0,358.3333333333333,546.0,565.0,54.46369457244873,53.44655386606852,720.0,520.0,173.18333333333334,115.40555555555557,173.18333333333334,101.75,False,-0.680918005724076,bad,3937.5,57.5,-0.27500000000000036,True,False,False,121
p15,3.0,3.0,7,6.0,4.0,3.0,4.0,2020-03-02 07:33:08.083,2020-03-02,7.55,False,2020-03-02,False,1,0,0,95,1351.0,1002.0,603.0,True,False,5.383333333333334,6.544444444444444,97.0,97.33333333333331,7.291666666666667,7.141666666666667,7.441666666666666,8.455555555555556,6.15,7.311111111111111,55.0,54.0,15142.0,16987.333333333332,13.412300000000002,14.554000000000002,3296.81,3565.1766666666667,214.0,225.66666666666663,34.0,32.666666666666664,111.0,129.0,145.0,161.66666666666666,359.0,387.3333333333333,603.0,577.6666666666666,55.15640068054199,54.290947596232094,1260.0,940.0,167.2,157.48333333333332,167.2,157.48333333333332,False,0.0,neutral,153.0,9.0,-1.9833333333333334,True,False,False,122
p15,3.0,4.0,5,8.0,4.0,3.0,4.0,2020-03-17 20:31:15.274,2020-03-17,20.516666666666666,False,2020-03-17,False,1,0,1,95,1423.0,1063.0,628.0,True,False,7.216666666666667,7.122222222222223,97.0,96.66666666666669,5.441666666666666,5.477777777777778,7.716666666666667,7.658333333333334,8.266666666666667,8.172222222222222,52.0,52.0,12205.0,12727.0,7.9209,10.0066,3590.66,3586.41,178.0,191.0,4.0,24.666666666666668,135.0,125.33333333333331,139.0,150.0,317.0,341.0,628.0,584.6666666666666,52.49947738647461,52.50300470987956,730.0,243.33333333333331,943.1,372.4166666666667,34.45,64.7,False,0.7229822230800458,good,-2753.0,1.5,0.09166666666666679,False,True,True,137
p15,4.0,4.0,7,8.0,3.0,3.0,4.0,2020-03-18 21:24:45.720,2020-03-18,21.4,False,2020-03-18,False,1,0,2,95,1419.0,1059.0,620.0,True,False,8.15,7.544444444444444,96.0,96.66666666666669,4.983333333333333,5.0888888888888895,8.016666666666667,7.611111111111112,9.033333333333331,8.516666666666667,52.0,52.0,12505.0,10493.0,8.4512,7.0986,3454.22,3360.883333333333,168.0,191.0,20.0,17.666666666666668,136.0,106.33333333333331,156.0,124.0,324.0,315.0,620.0,634.6666666666666,52.56961727142334,52.50013510386149,780.0,503.3333333333333,170.85,376.15,81.81666666666666,38.75555555555555,False,1.234793212792318,good,-2453.0,14.5,1.0250000000000004,False,True,True,138
p15,2.0,3.0,7,8.0,4.0,3.0,4.0,2020-03-20 08:06:00.665,2020-03-20,8.1,False,2020-03-20,False,1,0,4,95,1223.0,867.0,584.0,True,False,7.633333333333334,8.127777777777778,96.0,96.33333333333331,5.533333333333333,5.266666666666667,7.991666666666666,8.255555555555555,8.45,8.983333333333333,52.0,52.0,13140.0,14030.0,7.802100000000001,9.321733333333334,3661.31,3667.1666666666665,106.0,142.0,29.0,21.0,153.0,156.66666666666666,182.0,177.66666666666666,288.0,319.6666666666667,584.0,585.0,52.56710433959961,52.53937594095866,780.0,860.0,473.78333333333336,278.4388888888889,85.18333333333334,80.98333333333333,False,-0.5118109897122721,bad,-1570.0,40.0,0.41666666666666696,False,True,True,140
p15,2.0,3.0,7,8.0,4.0,3.0,3.0,2020-03-22 09:38:45.145,2020-03-22,9.633333333333333,False,2020-03-22,False,1,0,6,95,1315.0,959.0,587.0,True,False,8.05,7.883333333333333,98.0,96.33333333333331,5.966666666666667,5.275,8.883333333333333,7.975,8.916666666666666,8.694444444444445,50.0,51.333333333333336,8490.0,12498.333333333334,5.639200000000001,8.792300000000003,2864.09,3186.83,280.0,172.33333333333334,30.0,23.33333333333333,20.0,96.0,50.0,119.33333333333331,330.0,291.6666666666667,587.0,615.6666666666666,50.87630653381348,51.936424573262535,540.0,640.0,98.78333333333332,241.23333333333332,98.78333333333332,61.32222222222222,False,-1.1927289954363482,bad,-5403.0,-92.0,0.8333333333333339,True,False,True,142
p15,3.0,3.0,8,7.0,3.0,3.0,3.0,2020-03-23 10:41:00.296,2020-03-23,10.683333333333334,False,2020-03-23,False,1,0,0,95,1411.0,1051.0,505.0,True,False,6.5,7.5055555555555555,98.0,97.0,6.108333333333333,5.466666666666666,7.741666666666666,7.891666666666667,7.633333333333334,8.422222222222222,49.0,50.333333333333336,9364.0,11239.666666666666,5.3909,7.988566666666667,3996.23,3298.47,171.0,194.0,75.0,38.66666666666666,154.0,96.33333333333331,229.0,135.0,400.0,329.0,505.0,589.3333333333334,49.79665565490723,51.012941678365074,840.0,660.0,149.66666666666666,133.19444444444443,129.2,75.99444444444444,False,-0.680918005724076,bad,-3771.0,94.5,-0.7166666666666668,True,False,True,143
p15,3.0,3.0,8,7.0,3.0,4.0,4.0,2020-03-26 08:12:34.927,2020-03-26,8.2,False,2020-03-26,False,1,0,3,95,1416.0,1062.0,690.0,True,False,7.6,7.638888888888888,96.0,96.33333333333331,5.4,5.769444444444445,8.15,8.358333333333334,8.75,8.588888888888889,50.0,49.333333333333336,10294.0,8326.666666666666,7.682500000000001,5.604933333333334,2846.47,2982.783333333333,141.0,170.0,5.0,4.333333333333333,67.0,68.66666666666667,72.0,73.0,213.0,243.0,690.0,704.0,50.14663124084473,49.83654467264811,360.0,400.0,93.01666666666668,86.34444444444445,0.0,36.56666666666667,False,0.0,neutral,-2163.5,-62.5,0.38333333333333286,False,True,True,146
p15,2.0,4.0,7,8.0,4.0,3.0,4.0,2020-03-27 08:58:54.217,2020-03-27,8.966666666666667,False,2020-03-27,False,1,0,4,95,1041.0,682.0,755.0,True,False,8.45,8.06111111111111,97.0,96.66666666666669,5.275,5.497222222222223,9.05,8.655555555555557,9.766666666666667,9.155555555555557,50.0,49.66666666666666,,8085.5,,5.121500000000001,,3110.035,,177.0,,5.0,,75.5,,80.5,,257.5,,672.0,,49.91046857833862,720.0,560.0,105.63333333333334,102.78333333333336,105.63333333333334,71.77777777777779,True,0.21117123336777363,neutral,,,1.2083333333333321,False,True,True,147
p15,4.0,4.0,8,8.0,3.0,4.0,4.0,2020-03-28 07:55:45.172,2020-03-28,7.916666666666667,False,2020-03-28,False,1,0,5,95,1426.0,1066.0,506.0,True,False,7.333333333333333,7.794444444444444,93.0,95.33333333333331,5.4,5.358333333333334,7.791666666666667,8.330555555555556,8.383333333333333,8.966666666666667,49.0,49.66666666666666,8976.0,9635.0,6.693700000000001,7.1881,3404.72,3125.595,226.0,183.5,38.0,21.5,84.0,75.5,122.0,97.0,348.0,280.5,506.0,598.0,49.91049671173096,50.02856397628784,300.0,460.0,47.78333333333333,82.14444444444445,0.0,35.21111111111112,False,1.234793212792318,good,-3434.0,-8.0,0.05833333333333268,False,False,True,148
p15,2.0,3.0,6,7.0,4.0,3.0,3.0,2020-03-29 09:33:06.212,2020-03-29,9.55,False,2020-03-29,False,1,0,6,95,1402.0,1045.0,648.0,True,False,8.283333333333333,8.022222222222222,98.0,96.0,5.375,5.3500000000000005,9.508333333333333,8.783333333333333,10.133333333333333,9.427777777777775,49.0,49.333333333333336,6581.0,7778.5,2.3454,4.519550000000001,3705.36,3555.04,160.0,193.0,10.0,24.0,119.0,101.5,129.0,125.5,289.0,318.5,648.0,577.0,49.79629898071289,49.85339784622192,720.0,580.0,116.1,89.83888888888889,116.1,73.91111111111111,False,-1.1927289954363482,bad,-5624.0,3.0,0.9916666666666671,True,False,True,149
p15,2.0,3.0,5,7.0,2.0,2.0,3.0,2020-03-30 08:41:57.252,2020-03-30,8.683333333333334,False,2020-03-30,False,1,0,0,95,1407.0,1047.0,565.0,True,False,8.3,7.972222222222222,96.0,95.66666666666669,5.325,5.366666666666667,8.658333333333333,8.652777777777777,9.333333333333334,9.283333333333331,49.0,49.0,13796.0,9784.333333333334,10.2898,6.442966666666667,3199.57,3436.55,211.0,199.0,24.0,24.0,92.0,98.33333333333331,116.0,122.33333333333331,327.0,321.3333333333333,565.0,573.0,49.70303249359131,49.80327606201172,,510.0,56.3,73.39444444444443,18.766666666666666,44.95555555555556,False,-1.1927289954363482,bad,2705.0,-10.0,0.9833333333333343,True,False,True,150
p16,3.0,4.0,5,6.0,3.0,4.0,4.0,2019-11-15 10:10:38.176,2019-11-15,10.166666666666666,False,2019-11-15,False,1,0,4,82,1179.0,925.0,962.0,True,False,6.466666666666667,6.655555555555556,94.0,93.0,8.941666666666666,9.780555555555557,10.141666666666667,11.419444444444444,7.2,7.633333333333333,68.0,67.0,4203.0,3329.333333333333,3.1678,2.5081333333333333,2174.04,2079.813333333333,77.0,76.0,16.0,7.666666666666667,18.0,13.0,34.0,20.666666666666668,111.0,96.66666666666669,,,68.92206954956055,67.73905436197917,,,,,,,False,1.3693877399848036,good,,,-0.033333333333333215,False,True,False,14
p16,3.0,4.0,4,7.0,3.0,3.0,4.0,2019-11-16 11:12:21.656,2019-11-16,11.2,False,2019-11-16,False,1,0,5,82,1278.0,986.0,893.0,True,False,7.216666666666667,6.311111111111111,91.0,92.66666666666669,9.091666666666669,9.577777777777778,11.3,10.755555555555556,8.2,7.172222222222222,68.0,67.66666666666667,4553.0,3272.333333333333,3.4322000000000004,2.466,2126.85,2042.8466666666664,102.0,78.33333333333333,5.0,7.0,8.0,8.666666666666666,13.0,15.666666666666666,115.0,94.0,893.0,,68.85928726196289,68.50272591908772,,,,,,,False,1.3693877399848036,good,,,0.75,False,False,False,15
p16,3.0,4.0,4,7.0,3.0,3.0,3.0,2019-11-17 14:11:16.929,2019-11-17,14.183333333333334,False,2019-11-17,False,1,0,6,82,1307.0,994.0,813.0,True,False,7.416666666666667,7.033333333333334,96.0,93.66666666666669,11.241666666666667,9.758333333333336,14.025,11.822222222222225,8.783333333333333,8.061111111111112,67.0,67.66666666666667,2679.0,3811.6666666666665,2.0171,2.8723666666666667,2078.7,2126.53,135.0,104.66666666666669,0.0,7.0,0.0,8.666666666666666,0.0,15.666666666666666,135.0,120.33333333333331,813.0,853.0,67.79998588562012,68.52711423238118,,,,,,,False,0.7639561172858925,good,736.0,0.0,0.8750000000000009,True,False,False,16
p16,3.0,3.0,4,8.0,3.0,3.0,3.0,2019-11-18 14:35:09.877,2019-11-18,14.583333333333334,False,2019-11-18,False,1,0,0,82,1231.0,948.0,824.0,True,False,7.716666666666667,7.45,89.0,92.0,11.341666666666669,10.558333333333335,14.383333333333333,13.236111111111107,9.033333333333331,8.672222222222222,68.0,67.66666666666667,1594.0,2942.0,1.1989,2.216066666666667,1943.83,2049.793333333333,89.0,108.66666666666669,0.0,1.6666666666666667,0.0,2.6666666666666665,0.0,4.333333333333333,89.0,113.0,824.0,843.3333333333334,68.6587142944336,68.43932914733887,,,,,,,False,0.0,neutral,-583.0,0.0,1.1000000000000005,True,False,False,17
p16,3.0,4.0,5,6.0,3.0,2.0,4.0,2019-11-19 13:14:45.051,2019-11-19,13.233333333333333,False,2019-11-19,False,1,0,1,82,1312.0,1044.0,818.0,True,False,5.916666666666667,7.016666666666667,92.0,92.33333333333331,12.1,11.561111111111112,13.016666666666667,13.808333333333332,6.916666666666667,8.244444444444445,67.0,67.33333333333333,1838.0,2037.0,1.3847,1.5335666666666663,1970.24,1997.59,67.0,97.0,9.0,3.0,4.0,1.3333333333333333,13.0,4.333333333333333,80.0,101.33333333333331,818.0,818.3333333333334,67.63545989990234,68.03138669331868,,,,,,,False,1.3693877399848036,good,-105.0,13.0,-0.9999999999999991,False,True,False,18
p16,2.0,3.0,3,7.0,2.0,3.0,3.0,2019-11-20 13:37:34.978,2019-11-20,13.616666666666667,False,2019-11-20,False,1,0,2,82,1306.0,1072.0,935.0,True,False,6.733333333333333,6.788888888888889,88.0,89.66666666666667,10.916666666666666,11.452777777777778,12.891666666666667,13.430555555555555,7.966666666666667,7.972222222222221,67.0,67.33333333333333,1998.0,1810.0,1.5044000000000002,1.3626666666666667,1976.16,1963.41,90.0,82.0,0.0,3.0,0.0,1.3333333333333333,0.0,4.333333333333333,90.0,86.33333333333333,935.0,859.0,67.5720911026001,67.95542176564534,,,15.366666666666667,,,,False,-0.689080836606355,bad,160.0,0.0,0.11666666666666714,False,True,False,19
p16,2.0,3.0,4,7.0,3.0,3.0,3.0,2019-11-21 11:36:38.531,2019-11-21,11.6,False,2019-11-21,False,1,0,3,82,1230.0,947.0,871.0,True,False,6.2,6.283333333333334,90.0,90.0,9.491666666666667,10.83611111111111,10.691666666666666,12.2,7.2,7.361111111111112,68.0,67.33333333333333,1233.0,1689.6666666666667,0.9264,1.2718333333333336,1952.96,1966.4533333333327,91.0,82.66666666666667,0.0,3.0,0.0,1.3333333333333333,0.0,4.333333333333333,91.0,87.0,871.0,874.6666666666666,68.00915813446045,67.7389030456543,,,0.0,7.683333333333334,,,False,-0.689080836606355,bad,-685.0,0.0,-0.47499999999999964,False,True,False,20
p16,2.0,3.0,5,8.0,2.0,3.0,3.0,2019-11-22 14:47:17.976,2019-11-22,14.783333333333331,False,2019-11-22,False,1,0,4,82,1290.0,977.0,880.0,True,False,8.233333333333333,7.055555555555556,87.0,88.33333333333333,10.775,10.394444444444444,14.516666666666667,12.7,9.733333333333333,8.299999999999999,68.0,67.66666666666667,5438.0,2889.6666666666665,4.1448,2.191866666666667,2213.5,2047.54,117.0,99.33333333333331,3.0,1.0,8.0,2.6666666666666665,11.0,3.6666666666666665,128.0,103.0,880.0,895.3333333333334,68.19139003753662,67.9242130915324,,,0.0,5.122222222222223,,,False,-0.689080836606355,bad,3600.0,11.0,1.6166666666666663,False,True,False,21
p16,3.0,3.0,4,7.0,3.0,3.0,3.0,2019-11-23 15:01:04.348,2019-11-23,15.016666666666667,False,2019-11-23,False,1,0,5,82,1223.0,911.0,709.0,True,False,6.883333333333334,7.105555555555555,91.0,89.33333333333333,12.233333333333333,10.833333333333334,14.225,13.144444444444446,7.983333333333333,8.305555555555555,68.0,68.0,4593.0,3754.6666666666665,3.4609,2.8440333333333334,2245.97,2137.4766666666665,118.0,108.66666666666669,22.0,8.333333333333334,7.0,5.0,29.0,13.333333333333334,147.0,122.0,709.0,820.0,68.89485454559326,68.36513423919678,,,0.0,0.0,,,False,0.0,neutral,2675.0,29.0,0.20833333333333393,False,False,False,22
p16,4.0,4.0,5,7.0,3.0,3.0,3.0,2019-11-24 14:47:23.480,2019-11-24,14.783333333333331,False,2019-11-24,False,1,0,6,82,1265.0,975.0,873.0,True,False,6.833333333333333,7.316666666666666,93.0,90.33333333333331,12.766666666666667,11.925,14.675,14.47222222222222,7.9,8.53888888888889,69.0,68.33333333333333,2103.0,4044.6666666666665,1.5836,3.0631,1974.95,2144.806666666667,88.0,107.66666666666669,0.0,8.333333333333334,0.0,5.0,0.0,13.333333333333334,88.0,121.0,873.0,820.6666666666666,69.17442226409912,68.753555615743,,,0.0,0.0,,,False,1.4530369538922474,good,105.0,0.0,0.09999999999999964,True,False,False,23
p16,3.0,3.0,4,7.0,3.0,3.0,3.0,2019-11-25 15:25:30.374,2019-11-25,15.416666666666666,False,2019-11-25,False,1,0,0,82,1215.0,941.0,887.0,True,False,6.666666666666667,6.794444444444444,94.0,92.66666666666669,12.883333333333333,12.627777777777778,14.758333333333333,14.552777777777775,7.866666666666666,7.916666666666667,68.0,68.33333333333333,1124.0,2606.6666666666665,0.8442000000000001,1.9629,1880.39,2033.77,79.0,95.0,0.0,7.333333333333333,0.0,2.333333333333333,0.0,9.666666666666666,79.0,104.66666666666669,887.0,823.0,68.77592372894287,68.94840017954509,,,0.0,0.0,,,False,0.0,neutral,-926.5,0.0,-0.11666666666666625,True,False,False,24
p16,3.0,3.0,4,7.0,3.0,3.0,3.0,2019-11-26 15:08:59.095,2019-11-26,15.133333333333333,False,2019-11-26,False,1,0,1,82,1266.0,980.0,912.0,True,False,7.433333333333334,6.977777777777778,92.0,93.0,12.125,12.591666666666669,14.9,14.777777777777777,8.766666666666667,8.177777777777777,68.0,68.33333333333333,847.0,1358.0,0.6366,1.0214666666666667,1871.16,1908.8333333333333,56.0,74.33333333333333,0.0,0.0,0.0,0.0,0.0,0.0,56.0,74.33333333333333,912.0,890.6666666666666,68.20621109008789,68.71885236104329,,,0.0,0.0,,,False,0.0,neutral,-1151.0,0.0,0.7000000000000002,False,True,False,25
p16,2.0,2.0,4,5.0,2.0,3.0,3.0,2019-11-27 10:53:29.109,2019-11-27,10.883333333333333,False,2019-11-27,False,1,0,2,82,1270.0,985.0,847.0,True,False,3.8666666666666663,5.98888888888889,91.0,92.33333333333331,11.925,12.311111111111112,10.558333333333334,13.405555555555557,4.633333333333334,7.0888888888888895,66.0,67.33333333333333,907.0,959.3333333333334,0.6815,0.7207666666666667,1896.58,1882.71,67.0,67.33333333333333,0.0,0.0,0.0,0.0,0.0,0.0,67.0,67.33333333333333,847.0,882.0,66.95436668395996,67.97883383433025,,,0.0,0.0,,,False,-1.4530369538922474,bad,-1011.0,0.0,-2.916666666666667,False,True,False,26
p16,3.0,3.0,4,6.0,4.0,3.0,3.0,2019-11-28 11:33:35.004,2019-11-28,11.55,False,2019-11-28,False,1,0,3,82,1276.0,1004.0,1037.0,True,False,6.116666666666666,5.8055555555555545,93.0,92.0,9.975,11.341666666666669,10.975,12.144444444444444,7.0,6.8,67.0,67.0,4527.0,2093.6666666666665,3.4176,1.5785666666666665,2168.77,1978.8366666666668,104.0,75.66666666666667,9.0,3.0,12.0,4.0,21.0,7.0,125.0,82.66666666666667,1037.0,932.0,67.5731029510498,67.57789357503255,,,0.0,0.0,,,False,0.0,neutral,2689.0,21.0,-0.6166666666666671,False,True,False,27
p16,3.0,3.0,4,9.0,3.0,3.0,3.0,2019-11-29 14:02:30.500,2019-11-29,14.033333333333331,False,2019-11-29,False,1,0,4,82,1162.0,948.0,900.0,True,False,8.883333333333333,6.288888888888889,87.0,90.33333333333331,9.516666666666667,10.472222222222223,13.8,11.777777777777777,10.283333333333331,7.305555555555554,66.0,66.33333333333333,4089.0,3174.333333333333,3.1801000000000004,2.4264,2175.72,2080.3566666666666,98.0,89.66666666666667,8.0,5.666666666666667,14.0,8.666666666666666,22.0,14.333333333333334,120.0,104.0,,942.0,66.02267265319824,66.85004742940266,,,0.0,0.0,,,False,0.0,neutral,2171.0,22.0,2.1833333333333327,False,True,False,28
p16,3.0,4.0,4,8.0,3.0,3.0,3.0,2019-11-30 15:09:18.960,2019-11-30,15.15,False,2019-11-30,False,1,0,5,82,1280.0,922.0,702.0,True,False,8.433333333333334,7.811111111111111,96.0,92.0,11.458333333333334,10.316666666666668,14.941666666666666,13.238888888888887,9.483333333333333,8.922222222222222,66.0,66.33333333333333,2965.0,3860.3333333333335,2.233,2.943566666666667,2103.78,2149.4233333333336,121.0,107.66666666666669,0.0,5.666666666666667,0.0,8.666666666666666,0.0,14.333333333333334,121.0,122.0,702.0,869.5,66.24518871307373,66.6136547724406,,,0.0,0.0,,,False,0.7639561172858925,good,967.0,0.0,1.6500000000000004,False,False,False,29
p16,3.0,4.0,5,7.0,3.0,3.0,3.0,2019-12-01 14:43:15.163,2019-12-01,14.716666666666669,False,2019-12-01,False,1,0,6,82,1248.0,943.0,770.0,True,False,6.883333333333334,8.066666666666666,96.0,93.0,12.45,11.141666666666666,14.1,14.280555555555557,7.65,9.138888888888888,65.0,65.66666666666667,2061.0,3038.333333333333,1.5518,2.321633333333333,2029.31,2102.9366666666665,91.0,103.33333333333331,7.0,5.0,3.0,5.666666666666667,10.0,10.666666666666666,101.0,114.0,770.0,736.0,65.89618587493896,66.05468241373698,,,0.0,0.0,,,False,0.7639561172858925,good,63.0,10.0,0.025000000000000355,True,False,False,30
p16,3.0,3.0,5,7.0,2.0,3.0,3.0,2019-12-03 15:55:30.289,2019-12-03,15.916666666666666,False,2019-12-03,False,1,0,1,82,1269.0,991.0,880.0,True,False,6.716666666666667,6.783333333333334,93.0,94.66666666666669,12.7,12.347222222222223,14.408333333333331,14.06388888888889,7.7,7.711111111111111,66.0,65.66666666666667,2161.0,1743.0,1.6268,1.3118666666666667,2004.7,1969.3033333333333,93.0,84.33333333333333,0.0,2.333333333333333,0.0,1.0,0.0,3.333333333333333,93.0,87.66666666666667,880.0,854.0,66.3691520690918,66.13174756368001,,,15.366666666666667,5.122222222222223,,,False,0.0,neutral,100.0,0.0,-0.1416666666666666,False,True,False,32
p16,4.0,3.0,5,8.0,4.0,3.0,2.0,2019-12-04 14:59:40.278,2019-12-04,14.983333333333333,False,2019-12-04,False,1,0,2,82,1165.0,938.0,901.0,True,False,7.883333333333334,7.116666666666667,94.0,94.0,11.575,12.055555555555555,14.591666666666669,14.22777777777778,9.016666666666667,8.166666666666666,67.0,66.33333333333333,865.0,1344.3333333333333,0.6496000000000001,1.0111333333333334,1891.49,1923.363333333333,77.0,79.66666666666667,0.0,0.0,0.0,0.0,0.0,0.0,77.0,79.66666666666667,,896.0,67.38138675689697,66.62681452433269,,,0.0,5.122222222222223,,,False,0.08364921390744366,neutral,-1196.0,0.0,1.0916666666666677,False,True,False,33
p16,3.0,3.0,4,7.0,4.0,3.0,3.0,2019-12-05 13:41:07.409,2019-12-05,13.683333333333334,False,2019-12-05,False,1,0,3,82,1236.0,973.0,761.0,True,False,6.733333333333333,7.111111111111112,94.0,93.66666666666669,11.983333333333333,12.086111111111109,13.658333333333331,14.219444444444443,7.666666666666667,8.127777777777778,66.0,66.33333333333333,2232.0,1752.6666666666667,1.6787,1.318366666666667,2124.98,2007.0566666666664,126.0,98.66666666666669,8.0,2.6666666666666665,4.0,1.3333333333333333,12.0,4.0,138.0,102.66666666666669,761.0,820.5,66.4039535522461,66.71816412607829,,,0.0,5.122222222222223,,,False,0.0,neutral,171.0,12.0,-0.05833333333333268,False,True,False,34
p16,3.0,3.0,4,6.0,3.0,3.0,3.0,2019-12-06 15:03:04.648,2019-12-06,15.05,False,2019-12-06,False,1,0,4,82,1293.0,1019.0,799.0,True,False,6.4,7.005555555555556,93.0,93.66666666666669,12.558333333333334,12.038888888888886,13.583333333333334,13.944444444444445,7.016666666666667,7.900000000000001,66.0,66.33333333333333,2445.0,1847.3333333333333,1.8404000000000005,1.3895666666666668,2336.86,2117.776666666666,170.0,124.33333333333331,8.0,5.333333333333333,3.0,2.333333333333333,11.0,7.666666666666667,181.0,132.0,799.0,780.0,66.7825288772583,66.85595639546712,,,0.0,0.0,,,False,0.0,neutral,342.0,11.0,-0.3916666666666657,False,True,False,35
p16,3.0,3.0,5,6.0,3.0,3.0,2.0,2019-12-07 15:48:46.941,2019-12-07,15.8,False,2019-12-07,False,1,0,5,82,1250.0,961.0,935.0,True,False,6.5,6.544444444444444,93.0,93.33333333333331,13.183333333333334,12.575,14.716666666666669,13.986111111111112,7.533333333333333,7.405555555555556,68.0,66.66666666666667,1866.0,2181.0,1.3917000000000002,1.6369333333333334,2039.62,2167.153333333333,75.0,123.66666666666669,6.0,7.333333333333333,3.0,3.333333333333333,9.0,10.666666666666666,84.0,134.33333333333334,935.0,831.6666666666666,68.55153179168701,67.24600474039714,,,16.216666666666665,5.405555555555555,,,False,-0.6054316226989114,bad,-237.0,9.0,-0.2916666666666661,False,False,False,36
p16,3.0,3.0,4,6.0,3.0,3.0,1.0,2019-12-08 15:25:31.822,2019-12-08,15.416666666666666,False,2019-12-08,False,1,0,6,82,1074.0,973.0,952.0,True,False,6.65,6.516666666666667,87.0,91.0,12.466666666666669,12.736111111111107,14.483333333333333,14.261111111111113,8.016666666666667,7.522222222222222,68.0,67.33333333333333,487.0,1599.3333333333333,0.3662,1.1994333333333336,1784.9299999999998,2053.8033333333333,36.0,93.66666666666669,0.0,4.666666666666667,0.0,2.0,0.0,6.666666666666667,36.0,100.33333333333331,,867.0,68.08191299438477,67.80532455444336,,,0.0,5.405555555555555,,,False,-1.2108632453978228,bad,-1574.0,0.0,-0.09166666666666679,True,False,False,37
p16,3.0,3.0,4,3.0,2.0,3.0,1.0,2019-12-09 13:31:52.995,2019-12-09,13.516666666666667,False,2019-12-09,False,1,0,0,82,1217.0,932.0,903.0,True,False,2.783333333333333,5.311111111111111,89.0,89.66666666666667,14.841666666666669,13.497222222222222,12.283333333333331,13.827777777777778,3.433333333333333,6.327777777777778,68.0,68.0,771.0,1041.3333333333333,0.5787000000000001,0.7788666666666667,1844.52,1889.69,56.0,55.66666666666666,0.0,2.0,0.0,1.0,0.0,3.0,56.0,58.66666666666666,903.0,919.0,68.24287223815918,68.29210567474365,,,0.0,5.405555555555555,,,False,-1.2108632453978228,bad,-1290.0,0.0,-3.958333333333334,True,False,False,38
p16,3.0,3.0,5,8.0,3.0,3.0,3.0,2019-12-10 16:13:44.895,2019-12-10,16.216666666666665,False,2019-12-10,False,1,0,1,82,1107.0,792.0,1095.0,True,False,8.05,5.827777777777778,94.0,90.0,11.308333333333334,12.872222222222222,14.291666666666666,13.68611111111111,8.983333333333333,6.811111111111111,69.0,68.33333333333333,5002.0,2086.6666666666665,3.769800000000001,1.5715666666666668,2233.22,1954.2233333333331,124.0,72.0,9.0,3.0,6.0,2.0,15.0,5.0,139.0,77.0,,,69.79262924194336,68.7058048248291,,,0.0,0.0,,,False,0.0,neutral,2941.0,15.0,1.3166666666666673,False,True,False,39
p16,3.0,4.0,5,8.0,3.0,3.0,4.0,2019-12-11 15:28:29.629,2019-12-11,15.466666666666669,False,2019-12-11,False,1,0,2,82,1344.0,1075.0,757.0,True,False,7.766666666666667,6.2,94.0,92.33333333333331,12.3,12.816666666666668,15.175,13.916666666666666,8.866666666666667,7.094444444444445,67.0,68.0,2938.0,2903.6666666666665,2.1708000000000003,2.1731000000000003,2140.56,2072.7666666666664,144.0,108.0,0.0,3.0,0.0,2.0,0.0,5.0,144.0,113.0,757.0,830.0,67.55006313323975,68.52852153778076,,,0.0,0.0,,,False,1.3693877399848036,good,856.0,0.0,1.0249999999999995,False,True,False,40
p16,3.0,3.0,4,8.0,3.0,3.0,3.0,2019-12-12 18:05:43.112,2019-12-12,18.08333333333333,False,2019-12-12,False,1,0,3,82,1217.0,980.0,837.0,True,False,7.966666666666667,7.927777777777778,90.0,92.66666666666669,11.366666666666667,11.658333333333331,14.5,14.655555555555557,9.133333333333333,8.994444444444445,66.0,67.33333333333333,871.0,2937.0,0.6548,2.198466666666667,1954.7,2109.4933333333333,71.0,113.0,0.0,3.0,0.0,2.0,0.0,5.0,71.0,118.0,837.0,797.0,66.6323356628418,67.99167601267497,,,0.0,0.0,,,False,0.0,neutral,-1211.0,0.0,1.2249999999999996,False,True,False,41
p16,3.0,5.0,4,7.0,3.0,3.0,4.0,2019-12-13 15:07:18.081,2019-12-13,15.116666666666667,False,2019-12-13,False,1,0,4,82,1212.0,915.0,822.0,True,False,6.683333333333334,7.472222222222222,91.0,91.66666666666669,13.091666666666669,12.25277777777778,14.816666666666666,14.830555555555556,7.716666666666667,8.572222222222223,65.0,66.0,1608.0,1805.6666666666667,1.2111,1.3455666666666668,1959.47,2018.243333333333,60.0,91.66666666666669,6.0,2.0,4.0,1.3333333333333333,10.0,3.333333333333333,70.0,95.0,822.0,805.3333333333334,65.75046253204346,66.644287109375,,,0.0,0.0,,,False,2.1333438572706966,good,-474.0,10.0,-0.1083333333333325,False,True,False,42
p16,3.0,3.0,5,10.0,4.0,3.0,3.0,2019-12-21 15:34:37.316,2019-12-21,15.566666666666666,False,2019-12-21,False,1,0,5,82,1350.0,1050.0,907.0,True,False,8.416666666666666,6.4,92.0,92.33333333333331,11.608333333333333,12.244444444444444,15.133333333333333,13.758333333333333,9.516666666666667,7.511111111111112,64.0,63.0,3141.0,4237.0,2.3652,3.1918666666666677,2159.03,2231.5733333333333,131.0,126.33333333333331,0.0,14.666666666666666,0.0,3.0,0.0,17.666666666666668,131.0,144.0,907.0,889.0,64.84911155700684,63.73395729064941,,,0.0,15.644444444444444,,,False,0.0,neutral,1074.0,0.0,1.674999999999999,False,False,False,50
p16,3.0,3.0,4,8.0,3.0,3.0,3.0,2019-12-22 15:48:15.397,2019-12-22,15.8,False,2019-12-22,False,1,0,6,82,1429.0,1074.0,809.0,True,False,8.25,7.366666666666666,93.0,92.33333333333331,11.608333333333333,11.780555555555557,15.033333333333331,14.330555555555554,9.416666666666666,8.544444444444444,65.0,64.0,866.0,2026.6666666666667,0.6509,1.5253666666666668,1921.85,2031.8766666666663,60.0,95.0,0.0,0.0,0.0,0.0,0.0,0.0,60.0,95.0,809.0,894.3333333333334,65.60495948791504,64.64033381144206,,,0.0,0.0,,,False,0.0,neutral,-1201.0,0.0,1.5083333333333329,True,False,False,51
p16,3.0,4.0,4,7.0,3.0,3.0,4.0,2019-12-23 17:11:49.511,2019-12-23,17.183333333333334,False,2019-12-23,False,1,0,0,82,1431.0,1071.0,806.0,True,False,6.7,7.788888888888889,94.0,93.0,11.508333333333333,11.575,13.366666666666667,14.511111111111113,7.85,8.927777777777777,65.0,64.66666666666667,947.0,1651.3333333333333,0.6724,1.2295,1947.7,2009.5266666666664,69.0,86.66666666666667,0.0,0.0,0.0,0.0,0.0,0.0,69.0,86.66666666666667,806.0,840.6666666666666,65.19553184509277,65.21653429667155,,,0.0,0.0,,,False,1.3693877399848036,good,-1016.5,0.0,-0.04166666666666696,True,False,False,52
p16,3.0,5.0,3,6.0,4.0,3.0,4.0,2019-12-24 14:05:09.477,2019-12-24,14.083333333333334,False,2019-12-24,False,1,0,1,82,1361.0,1056.0,843.0,True,False,6.033333333333333,6.9944444444444445,91.0,92.66666666666669,11.3,11.47222222222222,12.191666666666666,13.530555555555557,6.883333333333334,8.049999999999999,64.0,64.66666666666667,1828.0,1213.6666666666667,1.3738,0.8990333333333335,2094.49,1988.013333333333,126.0,85.0,0.0,0.0,0.0,0.0,0.0,0.0,126.0,85.0,843.0,819.3333333333334,64.71516513824463,65.17188549041748,,,0.0,0.0,,,False,2.1333438572706966,good,-135.5,0.0,-0.7083333333333339,False,True,False,53
p16,3.0,3.0,4,8.0,3.0,3.0,3.0,2019-12-25 17:13:28.846,2019-12-25,17.216666666666665,False,2019-12-25,False,1,0,2,82,1428.0,1070.0,853.0,True,False,8.4,7.044444444444444,92.0,92.33333333333331,12.133333333333333,11.64722222222222,15.5,13.686111111111112,9.366666666666667,8.033333333333333,64.0,64.33333333333333,4974.0,2583.0,3.7469,1.9310333333333332,2372.85,2138.346666666667,147.0,114.0,27.0,9.0,0.0,0.0,27.0,9.0,174.0,123.0,853.0,834.0,64.67836952209473,64.86302216847737,,,29.0,9.666666666666666,29.0,,False,0.0,neutral,3010.5,27.0,1.6750000000000007,False,True,False,54
p16,3.0,3.0,4,8.0,4.0,3.0,3.0,2019-12-26 15:33:03.715,2019-12-26,15.55,False,2019-12-26,False,1,0,3,82,1294.0,945.0,776.0,True,False,7.916666666666667,7.45,92.0,91.66666666666669,10.891666666666667,11.441666666666668,14.125,13.938888888888888,9.233333333333333,8.494444444444445,65.0,64.33333333333333,2354.0,3052.0,1.7721000000000002,2.2976,2071.02,2179.4533333333334,92.0,121.66666666666669,8.0,11.666666666666666,2.0,0.6666666666666666,10.0,12.333333333333334,102.0,134.0,776.0,824.0,65.35145664215088,64.91499710083008,,,0.0,9.666666666666666,0.0,14.5,False,0.0,neutral,287.0,10.0,1.1749999999999998,False,True,False,55
p16,2.0,3.0,4,6.0,2.0,3.0,3.0,2019-12-27 13:09:50.138,2019-12-27,13.15,False,2019-12-27,False,1,0,4,82,1432.0,1075.0,801.0,True,False,5.95,7.422222222222222,92.0,92.0,11.591666666666669,11.53888888888889,12.475,14.033333333333331,6.883333333333334,8.494444444444445,65.0,64.66666666666667,1224.0,2850.6666666666665,0.9199,2.1463,1968.73,2137.5333333333333,85.0,108.0,0.0,11.666666666666666,0.0,0.6666666666666666,0.0,12.333333333333334,85.0,120.33333333333331,801.0,810.0,65.22792339324951,65.08591651916504,,,0.0,9.666666666666666,0.0,9.666666666666666,False,-0.689080836606355,bad,-843.0,0.0,-0.8666666666666663,False,True,False,56
p16,3.0,4.0,4,6.0,3.0,3.0,4.0,2019-12-29 16:19:58.017,2019-12-29,16.316666666666666,False,2019-12-29,False,1,0,6,82,1413.0,1061.0,831.0,True,False,6.516666666666667,6.616666666666667,90.0,91.0,12.075,11.505555555555556,13.475,12.994444444444444,7.4,7.48888888888889,66.0,65.33333333333333,2539.0,4014.3333333333335,1.9111,3.022833333333334,2077.13,2264.9833333333336,118.0,143.66666666666666,0.0,16.0,0.0,4.0,0.0,20.0,118.0,163.66666666666666,831.0,790.3333333333334,66.94334697723389,65.94638029734294,,,16.216666666666665,14.505555555555556,0.0,9.1,False,1.3693877399848036,good,575.5,0.0,-0.22500000000000053,True,False,False,58
p16,2.0,3.0,4,5.0,3.0,3.0,3.0,2019-12-30 11:28:59.113,2019-12-30,11.466666666666669,False,2019-12-30,False,1,0,0,82,1405.0,1045.0,907.0,True,False,4.85,6.25,91.0,90.66666666666669,11.541666666666666,11.488888888888887,10.975,12.494444444444444,5.433333333333334,7.005555555555556,68.0,66.33333333333333,1556.0,4125.0,1.1698000000000002,3.1061333333333336,1955.96,2260.726666666667,89.0,145.0,0.0,16.0,0.0,4.0,0.0,20.0,89.0,165.0,907.0,825.6666666666666,68.18885040283203,66.93335596720378,,,0.0,14.505555555555556,0.0,9.1,False,-0.689080836606355,bad,-413.5,0.0,-1.875,True,False,False,59
p16,3.0,4.0,5,8.0,4.0,3.0,4.0,2019-12-31 16:33:55.272,2019-12-31,16.55,False,2019-12-31,False,1,0,1,82,1375.0,1071.0,817.0,True,False,7.933333333333334,6.433333333333334,98.0,93.0,12.458333333333334,12.025,15.208333333333334,13.219444444444443,8.75,7.1944444444444455,70.0,68.0,7533.0,3876.0,5.583200000000001,2.888033333333334,2756.74,2263.276666666666,274.0,160.33333333333334,16.0,5.333333333333333,7.0,2.333333333333333,23.0,7.666666666666667,297.0,168.0,817.0,851.6666666666666,70.4347152709961,68.52230421702068,,,24.75,13.655555555555557,0.0,0.0,False,1.3693877399848036,good,5563.5,23.0,1.2249999999999996,False,True,False,60
p16,2.0,4.0,3,7.0,3.0,3.0,4.0,2020-01-01 20:51:58.138,2020-01-01,20.85,False,2020-01-01,False,1,0,2,82,1282.0,977.0,815.0,True,False,7.633333333333334,6.8055555555555545,87.0,92.0,13.9,12.633333333333333,16.833333333333332,14.338888888888889,8.933333333333334,7.705555555555556,70.0,69.33333333333333,1659.0,3582.6666666666665,1.2475,2.6668333333333334,2020.91,2244.5366666666664,100.0,154.33333333333334,0.0,5.333333333333333,0.0,2.333333333333333,0.0,7.666666666666667,100.0,162.0,815.0,846.3333333333334,70.72243881225586,69.78200149536133,,,0.0,8.25,0.0,0.0,False,0.6803069033784489,good,-310.5,0.0,0.916666666666667,False,True,False,61
p16,2.0,3.0,3,5.0,2.0,3.0,3.0,2020-01-07 18:02:11.154,2020-01-07,18.03333333333333,False,2020-01-07,False,1,0,1,82,1007.0,712.0,987.0,True,False,5.566666666666666,5.794444444444444,91.0,91.0,14.15,14.327777777777778,14.8,15.03888888888889,6.65,6.711111111111111,67.0,66.66666666666667,,955.5,,0.7175500000000001,,1885.12,,74.0,,0.0,,0.0,,0.0,,74.0,,,,67.3075761795044,,,0.0,0.0,0.0,0.0,True,-0.689080836606355,bad,,,-1.4833333333333343,False,True,False,67
p16,3.0,3.0,4,6.0,3.0,3.0,3.0,2020-01-08 16:51:28.893,2020-01-08,16.85,False,2020-01-08,False,1,0,2,82,1251.0,942.0,991.0,True,False,6.15,5.938888888888889,92.0,92.0,13.633333333333333,13.905555555555557,14.666666666666666,14.766666666666667,7.033333333333333,6.861111111111112,66.0,66.33333333333333,644.0,670.0,0.4837,0.50305,1841.12,1845.705,50.0,54.5,0.0,0.0,0.0,0.0,0.0,0.0,50.0,54.5,991.0,988.5,66.49956130981445,66.69648361206055,,,0.0,0.0,0.0,0.0,False,0.0,neutral,-1087.0,0.0,-0.5583333333333336,False,True,False,68
p16,3.0,3.0,4,6.0,3.0,3.0,3.0,2020-01-09 18:51:51.226,2020-01-09,18.85,False,2020-01-09,False,1,0,3,82,1362.0,1054.0,927.0,True,False,6.216666666666667,5.977777777777778,88.0,90.33333333333331,12.141666666666667,13.308333333333332,13.483333333333333,14.316666666666668,7.333333333333333,7.005555555555556,67.0,66.66666666666667,1071.0,857.5,0.8043000000000001,0.6440000000000001,1942.23,1891.675,91.0,70.5,0.0,0.0,0.0,0.0,0.0,0.0,91.0,70.5,927.0,959.0,67.52813816070557,67.01384973526001,,,0.0,0.0,0.0,0.0,False,0.0,neutral,-588.0,0.0,-0.47499999999999964,False,True,False,69
p16,3.0,4.0,5,8.0,4.0,3.0,3.0,2020-01-10 20:02:44.297,2020-01-10,20.03333333333333,False,2020-01-10,False,1,0,4,82,1323.0,1023.0,943.0,True,False,7.983333333333333,6.783333333333334,94.0,91.33333333333331,12.891666666666667,12.888888888888893,16.116666666666667,14.755555555555556,9.216666666666669,7.861111111111112,67.0,66.66666666666667,614.0,776.3333333333334,0.4604,0.5828000000000001,1852.36,1878.57,57.0,66.0,0.0,0.0,0.0,0.0,0.0,0.0,57.0,66.0,943.0,953.6666666666666,67.79741954803467,67.27503967285156,,,0.0,0.0,0.0,0.0,False,0.7639561172858925,good,-1045.0,0.0,1.3833333333333337,False,True,False,70
p16,2.0,3.0,3,5.0,2.0,3.0,3.0,2020-01-11 19:17:16.338,2020-01-11,19.28333333333333,False,2020-01-11,False,1,0,5,82,1311.0,1013.0,807.0,True,False,4.983333333333333,6.394444444444445,87.0,89.66666666666667,14.958333333333334,13.330555555555556,14.808333333333334,14.802777777777775,5.85,7.466666666666666,65.0,66.33333333333333,2089.0,1258.0,1.5730000000000002,0.9459,1955.32,1916.6366666666663,67.0,71.66666666666667,8.0,2.6666666666666665,5.0,1.6666666666666667,13.0,4.333333333333333,80.0,76.0,807.0,892.3333333333334,65.60892963409424,66.9781624476115,,,15.366666666666667,5.122222222222223,0.0,0.0,False,-0.689080836606355,bad,430.0,13.0,-1.625,False,False,False,71
p16,3.0,3.0,4,8.0,4.0,3.0,3.0,2020-01-12 19:46:27.289,2020-01-12,19.766666666666666,False,2020-01-12,False,1,0,6,82,1297.0,1022.0,989.0,True,False,7.883333333333334,6.95,93.0,91.33333333333331,12.3,13.383333333333333,15.683333333333334,15.536111111111111,9.383333333333333,8.15,66.0,66.0,1609.0,1437.3333333333333,1.2097,1.0810333333333333,2003.7,1937.1266666666663,100.0,74.66666666666667,0.0,2.6666666666666665,0.0,1.6666666666666667,0.0,4.333333333333333,100.0,79.0,989.0,913.0,66.7468729019165,66.71774069468181,,,0.0,5.122222222222223,0.0,0.0,False,0.0,neutral,-50.0,0.0,1.3833333333333337,True,False,False,72
p16,3.0,4.0,4,6.0,3.0,3.0,4.0,2020-01-13 16:36:17.798,2020-01-13,16.6,False,2020-01-13,False,1,0,0,82,1168.0,1073.0,793.0,True,False,6.483333333333333,6.45,90.0,90.0,13.891666666666667,13.716666666666669,15.441666666666666,15.311111111111112,7.55,7.594444444444444,65.0,65.33333333333333,1249.0,1649.0,0.9391,1.2406,1917.37,1958.7966666666664,84.0,83.66666666666667,0.0,2.6666666666666665,0.0,1.6666666666666667,0.0,4.333333333333333,84.0,88.0,,898.0,65.36594009399414,65.90724754333496,,,0.0,5.122222222222223,0.0,0.0,False,1.3693877399848036,good,-360.0,0.0,-0.033333333333333215,True,False,False,73
p16,3.0,3.0,4,7.0,4.0,3.0,3.0,2020-01-14 21:25:38.852,2020-01-14,21.416666666666668,False,2020-01-14,False,1,0,1,82,1292.0,998.0,925.0,True,False,7.166666666666667,7.177777777777778,95.0,92.66666666666669,12.933333333333334,13.041666666666666,15.058333333333334,15.394444444444446,8.116666666666667,8.35,65.0,65.33333333333333,861.0,1239.6666666666667,0.6469,0.9319,1874.0,1931.69,62.0,82.0,0.0,0.0,0.0,0.0,0.0,0.0,62.0,82.0,925.0,957.0,65.60023021697998,65.9043477376302,,,0.0,0.0,0.0,0.0,False,0.0,neutral,-748.0,0.0,0.666666666666667,False,True,False,74
p16,2.0,3.0,4,6.0,3.0,3.0,2.0,2020-01-15 19:26:40.418,2020-01-15,19.433333333333334,False,2020-01-15,False,1,0,2,82,1312.0,1016.0,887.0,True,False,6.2,6.616666666666667,92.0,92.33333333333331,14.216666666666669,13.680555555555555,15.425,15.308333333333332,7.2,7.622222222222223,65.0,65.0,693.0,934.3333333333334,0.5198,0.7019333333333334,1865.13,1885.5,66.0,70.66666666666667,0.0,0.0,0.0,0.0,0.0,0.0,66.0,70.66666666666667,887.0,906.0,65.29620933532715,65.42079321543376,,,0.0,0.0,0.0,0.0,False,-1.2945124593052664,bad,-916.0,0.0,-0.2999999999999998,False,True,False,75
p16,2.0,3.0,4,6.0,2.0,3.0,3.0,2020-01-16 16:51:03.957,2020-01-16,16.85,False,2020-01-16,False,1,0,3,82,1304.0,1019.0,939.0,True,False,5.966666666666667,6.4444444444444455,98.0,95.0,12.9,13.35,13.65,14.711111111111114,6.75,7.355555555555555,65.0,65.0,827.0,793.6666666666666,0.6211000000000001,0.5959333333333334,1904.1,1881.0766666666664,69.0,65.66666666666667,0.0,0.0,0.0,0.0,0.0,0.0,69.0,65.66666666666667,939.0,917.0,65.65274333953857,65.5163942972819,,,0.0,0.0,0.0,0.0,False,-0.689080836606355,bad,-782.0,0.0,-0.5333333333333332,False,True,False,76
p16,3.0,3.0,4,7.0,2.0,3.0,2.0,2020-01-17 16:08:45.032,2020-01-17,16.133333333333333,False,2020-01-17,False,1,0,4,82,1306.0,989.0,953.0,True,False,7.383333333333334,6.516666666666667,91.0,93.66666666666669,12.283333333333331,13.133333333333333,14.558333333333334,14.544444444444446,8.266666666666667,7.405555555555556,64.0,64.66666666666667,1205.0,908.3333333333334,0.9055,0.6821333333333334,1937.48,1902.236666666667,82.0,72.33333333333333,0.0,0.0,0.0,0.0,0.0,0.0,82.0,72.33333333333333,953.0,926.3333333333334,64.55492687225342,65.16795984903972,,,0.0,0.0,0.0,0.0,False,-0.6054316226989114,bad,-351.0,0.0,0.8833333333333337,False,True,False,77
p16,3.0,3.0,5,6.0,3.0,3.0,3.0,2020-01-19 15:31:20.354,2020-01-19,15.516666666666667,False,2020-01-19,False,1,0,6,82,1185.0,1029.0,960.0,True,False,6.05,6.183333333333334,95.0,91.66666666666669,11.666666666666666,12.5,12.566666666666666,13.516666666666666,6.9,7.01111111111111,65.0,64.66666666666667,3036.0,2343.333333333333,2.2553,1.7535666666666667,2174.53,2102.1666666666665,117.0,109.33333333333331,8.0,5.666666666666667,3.0,2.0,11.0,7.666666666666667,128.0,117.0,,878.0,65.22929286956787,64.98481877644856,,,0.0,5.116666666666666,0.0,0.0,False,0.0,neutral,1787.0,11.0,-0.4500000000000002,True,False,False,79
p16,3.0,3.0,4,6.0,3.0,3.0,3.0,2020-01-20 16:41:30.027,2020-01-20,16.683333333333334,False,2020-01-20,False,1,0,0,82,1324.0,999.0,942.0,True,False,6.3,5.822222222222222,93.0,92.33333333333331,11.291666666666666,12.169444444444444,12.433333333333334,12.808333333333332,7.133333333333334,6.633333333333334,64.0,64.66666666666667,1129.0,2318.0,0.8485,1.7345666666666668,1909.71,2092.91,84.0,110.0,0.0,5.666666666666667,0.0,2.0,0.0,7.666666666666667,84.0,117.66666666666669,942.0,872.5,64.79638195037842,65.06530380249023,,,0.0,5.116666666666666,0.0,0.0,False,0.0,neutral,-427.0,0.0,-0.04999999999999982,True,False,False,80
p16,2.0,3.0,3,4.0,3.0,3.0,2.0,2020-01-21 11:59:05.894,2020-01-21,11.983333333333333,False,2020-01-21,False,1,0,1,82,1274.0,997.0,923.0,True,False,4.65,5.666666666666667,89.0,92.33333333333331,11.208333333333334,11.388888888888888,10.666666666666666,11.888888888888893,5.45,6.4944444444444445,64.0,64.33333333333333,1975.0,2046.6666666666667,1.4868,1.5302,1997.5,2027.246666666667,89.0,96.66666666666669,0.0,2.6666666666666665,0.0,1.0,0.0,3.6666666666666665,89.0,100.33333333333331,923.0,932.5,64.9463119506836,64.99066225687663,,,17.916666666666668,5.972222222222222,0.0,0.0,False,-1.2945124593052664,bad,419.0,0.0,-1.6083333333333325,False,True,False,81
p16,3.0,3.0,5,7.0,3.0,3.0,4.0,2020-01-22 17:24:59.350,2020-01-22,17.4,False,2020-01-22,False,1,0,2,82,1346.0,1051.0,979.0,True,False,7.7,6.216666666666668,92.0,91.33333333333331,12.025,11.508333333333333,14.808333333333334,12.636111111111113,8.783333333333333,7.122222222222223,65.0,64.33333333333333,4620.0,2574.6666666666665,3.4718000000000004,1.9357,2298.09,2068.4333333333334,110.0,94.33333333333331,6.0,2.0,18.0,6.0,24.0,8.0,134.0,102.33333333333331,979.0,948.0,65.75829410552979,65.16699600219727,,,0.0,5.972222222222222,0.0,0.0,False,0.6054316226989114,good,3064.0,24.0,1.4416666666666673,False,True,False,82
p16,4.0,3.0,4,8.0,4.0,4.0,4.0,2020-01-24 17:44:41.251,2020-01-24,17.733333333333334,False,2020-01-24,False,1,0,4,82,1266.0,1006.0,960.0,True,False,7.95,7.044444444444444,89.0,91.0,12.016666666666667,12.416666666666666,15.091666666666669,14.472222222222223,9.066666666666666,8.049999999999999,67.0,66.0,2218.0,2989.333333333333,1.6698000000000002,2.2484333333333333,2031.82,2119.263333333333,102.0,100.66666666666669,0.0,2.0,0.0,6.0,0.0,8.0,102.0,108.66666666666669,960.0,920.6666666666666,67.89087009429932,66.81659348805745,,,0.0,0.0,0.0,0.0,False,1.2945124593052664,good,662.0,0.0,1.7416666666666663,False,True,False,84
p16,3.0,3.0,5,6.0,3.0,3.0,3.0,2020-01-25 22:12:46.123,2020-01-25,22.2,False,2020-01-25,False,1,0,5,82,1336.0,1074.0,827.0,True,False,6.166666666666667,6.533333333333334,97.0,92.66666666666669,14.116666666666667,13.113888888888887,14.85,14.486111111111112,6.733333333333333,7.366666666666667,67.0,66.66666666666667,802.0,1716.6666666666667,0.6024,1.291966666666667,1886.41,1982.0366666666664,69.0,87.0,0.0,0.0,0.0,0.0,0.0,0.0,69.0,87.0,827.0,870.0,67.46186542510986,67.38445059458415,,,0.0,0.0,0.0,0.0,False,0.0,neutral,-807.0,0.0,-0.0916666666666659,False,False,False,85
p16,4.0,4.0,4,6.0,4.0,3.0,4.0,2020-01-26 19:32:55.419,2020-01-26,19.53333333333333,False,2020-01-26,False,1,0,6,82,1377.0,1069.0,948.0,True,False,6.383333333333334,6.833333333333333,97.0,94.33333333333331,13.975,13.369444444444444,15.5,15.147222222222224,7.516666666666667,7.772222222222222,67.0,67.0,1980.0,1666.6666666666667,1.4903000000000002,1.2541666666666669,2007.59,1975.2733333333333,88.0,86.33333333333333,0.0,0.0,0.0,0.0,0.0,0.0,88.0,86.33333333333333,948.0,911.6666666666666,67.26166534423828,67.53813362121582,,,0.0,0.0,0.0,0.0,False,2.058468576591159,good,424.0,0.0,0.17499999999999982,True,False,False,86
p16,3.0,3.0,5,7.0,3.0,3.0,4.0,2020-01-27 16:42:41.937,2020-01-27,16.7,False,2020-01-27,False,1,0,0,82,1352.0,1060.0,932.0,True,False,6.85,6.466666666666668,90.0,94.66666666666669,13.05,13.713888888888889,14.75,15.033333333333331,7.7,7.316666666666666,67.0,67.0,757.0,1179.6666666666667,0.5686,0.8871000000000002,1922.77,1938.9233333333327,57.0,71.33333333333333,0.0,0.0,0.0,0.0,0.0,0.0,57.0,71.33333333333333,932.0,902.3333333333334,67.64591312408447,67.45648129781087,,,0.0,0.0,0.0,0.0,False,0.6054316226989114,good,-799.0,0.0,0.6416666666666657,True,False,False,87
p16,2.0,2.0,4,5.0,3.0,3.0,2.0,2020-01-28 21:52:35.948,2020-01-28,21.866666666666667,False,2020-01-28,False,1,0,1,82,1276.0,984.0,877.0,True,False,5.116666666666666,6.116666666666666,92.0,93.0,14.133333333333333,13.719444444444443,13.983333333333333,14.744444444444444,5.85,7.022222222222222,67.0,67.0,2118.0,1618.3333333333333,1.594,1.2176333333333336,2015.78,1982.0466666666669,101.0,82.0,0.0,0.0,0.0,0.0,0.0,0.0,101.0,82.0,877.0,919.0,67.22856903076172,67.37871583302815,,,0.0,0.0,0.0,0.0,False,-2.058468576591159,bad,869.0,0.0,-1.1416666666666666,False,True,False,88
p16,3.0,3.0,4,6.0,3.0,3.0,2.0,2020-01-29 17:27:47.277,2020-01-29,17.45,False,2020-01-29,False,1,0,2,82,1371.0,1056.0,1011.0,True,False,6.183333333333334,6.05,93.0,91.66666666666669,14.783333333333331,13.988888888888887,15.9,14.877777777777778,7.116666666666666,6.888888888888888,68.0,67.33333333333333,954.0,1276.3333333333333,0.7161000000000001,0.9595666666666668,1936.83,1958.46,78.0,78.66666666666667,0.0,0.0,0.0,0.0,0.0,0.0,78.0,78.66666666666667,1011.0,940.0,68.8093614578247,67.89461453755696,,,0.0,0.0,0.0,0.0,False,-0.6054316226989114,bad,-295.0,0.0,-0.025000000000000355,False,True,False,89
p16,4.0,3.0,4,6.0,4.0,3.0,3.0,2020-02-01 20:44:20.845,2020-02-01,20.73333333333333,False,2020-02-01,False,1,0,5,82,1250.0,989.0,808.0,True,False,6.466666666666667,6.677777777777777,91.0,91.66666666666669,14.083333333333334,13.28888888888889,15.3,15.011111111111113,7.216666666666667,7.716666666666668,68.0,68.0,2570.0,1904.3333333333333,1.9343,1.4328666666666667,2086.43,1999.1866666666665,107.0,92.66666666666669,1.0,2.0,11.0,5.0,12.0,7.0,119.0,99.66666666666669,808.0,879.3333333333334,68.13613891601562,68.24948120117188,,,0.0,0.0,0.0,0.0,False,0.689080836606355,good,1365.0,12.0,0.27500000000000036,False,False,False,92
p16,3.0,3.0,5,6.0,3.0,2.0,2.0,2020-02-02 16:18:34.785,2020-02-02,16.3,False,2020-02-02,False,1,0,6,82,1255.0,994.0,912.0,True,False,6.266666666666667,6.761111111111112,93.0,92.66666666666669,13.691666666666666,13.4,14.65,14.97777777777778,6.95,7.572222222222223,68.0,68.0,1217.0,1601.3333333333333,0.9139,1.204,1991.28,1989.986666666667,95.0,93.0,0.0,0.3333333333333333,0.0,3.6666666666666665,0.0,4.0,95.0,97.0,912.0,880.0,68.60857105255127,68.34535312652588,,,0.0,0.0,0.0,0.0,False,-0.6054316226989114,bad,2.0,0.0,0.07500000000000018,True,False,False,93
p16,3.0,3.0,4,6.0,3.0,3.0,3.0,2020-02-04 22:43:16.821,2020-02-04,22.716666666666665,False,2020-02-04,False,1,0,1,82,1429.0,1073.0,858.0,True,False,6.55,6.733333333333333,94.0,93.0,13.95,13.741666666666664,15.508333333333333,15.355555555555554,7.55,7.605555555555555,66.0,66.66666666666667,1063.0,1217.3333333333333,0.7987000000000001,0.9144333333333332,1954.76,1966.31,83.0,93.33333333333331,0.0,0.0,0.0,0.0,0.0,0.0,83.0,93.33333333333331,858.0,897.0,66.95398426055908,67.47687498728435,,,0.0,0.0,0.0,0.0,False,0.0,neutral,-186.0,0.0,0.3083333333333327,False,True,False,95
p16,3.0,3.0,4,7.0,4.0,3.0,3.0,2020-02-07 18:54:05.832,2020-02-07,18.9,False,2020-02-07,False,1,0,4,82,1342.0,984.0,928.0,True,False,7.216666666666667,6.483333333333333,93.0,94.66666666666669,13.666666666666666,14.186111111111112,16.058333333333334,15.702777777777778,8.383333333333333,7.51111111111111,65.0,65.33333333333333,819.0,1258.6666666666667,0.6155,0.9466333333333332,1917.05,1960.2666666666664,69.0,83.33333333333333,0.0,0.0,0.0,0.0,0.0,0.0,69.0,83.33333333333333,928.0,915.5,65.38558197021484,65.69723669687907,,,0.0,0.0,0.0,0.0,False,0.0,neutral,-491.5,0.0,0.875,False,True,False,98
p16,1.0,3.0,3,6.0,3.0,3.0,2.0,2020-02-10 16:29:18.075,2020-02-10,16.483333333333334,False,2020-02-10,False,1,0,0,82,1371.0,1015.0,966.0,False,False,,,,,,,,,,,,,345.0,1261.0,0.2584,0.9484,1913.73,1968.4366666666665,48.0,76.66666666666667,0.0,0.0,0.0,0.0,0.0,0.0,48.0,76.66666666666667,966.0,866.0,66.22788619995117,65.27938111623128,,,0.0,0.0,0.0,0.0,False,-1.9835932959116214,bad,-888.0,0.0,,True,False,False,101
p16,4.0,4.0,4,12.0,4.0,4.0,4.0,2020-02-11 16:05:21.466,2020-02-11,16.083333333333332,False,2020-02-11,False,1,0,1,82,528.0,172.0,1416.0,True,False,12.216666666666669,,88.0,,7.725,,15.833333333333334,,14.1,,65.0,,,600.0,,0.45015,,1917.385,,61.0,,0.0,,0.0,,0.0,,61.0,,884.5,,65.5508451461792,,,0.0,0.0,0.0,0.0,True,2.058468576591159,good,,,5.875000000000002,False,True,False,102
p16,3.0,3.0,5,5.0,3.0,3.0,3.0,2020-02-12 17:41:27.131,2020-02-12,17.683333333333334,False,2020-02-12,False,1,0,2,82,1412.0,1054.0,507.0,True,False,5.816666666666666,9.016666666666666,92.0,90.0,15.283333333333331,11.504166666666666,15.933333333333334,15.883333333333333,6.65,10.375,64.0,64.5,1974.0,1159.5,1.4859,0.87215,2011.04,1962.385,87.0,67.5,0.0,0.0,0.0,0.0,0.0,0.0,87.0,67.5,507.0,736.5,64.16094207763672,65.19441413879395,,,0.0,0.0,0.0,0.0,False,0.0,neutral,757.0,0.0,-0.5250000000000004,False,True,False,103
p16,3.0,3.0,5,6.0,3.0,3.0,3.0,2020-02-13 15:36:11.127,2020-02-13,15.6,False,2020-02-13,False,1,0,3,82,1293.0,1077.0,965.0,True,False,5.8,7.944444444444445,96.0,92.0,13.866666666666667,12.291666666666666,14.491666666666667,15.419444444444444,6.616666666666666,9.122222222222222,65.0,64.66666666666667,1052.0,1513.0,0.7899,1.1379,1956.18,1983.61,76.0,81.5,0.0,0.0,0.0,0.0,0.0,0.0,76.0,81.5,965.0,736.0,65.4623966217041,64.81166934967041,,,0.0,0.0,0.0,0.0,False,0.0,neutral,-320.0,0.0,-0.541666666666667,False,True,False,104
p16,2.0,3.0,5,5.0,3.0,3.0,3.0,2020-02-16 16:46:10.589,2020-02-16,16.766666666666666,False,2020-02-16,False,1,0,6,82,1244.0,997.0,981.0,True,False,4.9,6.038888888888889,96.0,97.33333333333331,15.466666666666669,14.986111111111112,14.908333333333331,15.72777777777778,5.433333333333334,6.73888888888889,66.0,66.0,755.0,1647.6666666666667,0.5665,1.2397333333333336,1902.34,2041.87,63.0,99.66666666666669,0.0,0.0,0.0,0.0,0.0,0.0,63.0,99.66666666666669,981.0,912.3333333333334,66.75585079193115,66.46329593658447,,,0.0,6.827777777777778,0.0,6.827777777777778,False,-0.689080836606355,bad,-1174.0,0.0,-1.4416666666666664,True,False,False,107
p16,2.0,2.0,3,7.0,2.0,3.0,2.0,2020-02-17 17:31:10.704,2020-02-17,17.516666666666666,False,2020-02-17,False,1,0,0,82,1170.0,902.0,1058.0,True,False,7.633333333333334,6.150000000000001,87.0,93.66666666666669,13.891666666666667,14.875,17.425,16.066666666666666,9.533333333333331,7.188888888888889,67.0,66.33333333333333,782.0,1265.3333333333333,0.5876,0.9515333333333336,1875.54,1979.073333333333,56.0,85.33333333333333,0.0,0.0,0.0,0.0,0.0,0.0,56.0,85.33333333333333,,896.5,67.2634973526001,66.84066613515218,,,0.0,6.827777777777778,0.0,6.827777777777778,False,-2.058468576591159,bad,-590.0,0.0,1.291666666666667,True,False,False,108
p16,1.0,3.0,3,5.0,4.0,3.0,2.0,2020-02-18 16:00:54.552,2020-02-18,16.0,False,2020-02-18,False,1,0,1,82,1078.0,1013.0,788.0,True,False,4.75,5.76111111111111,94.0,92.33333333333331,15.016666666666667,14.791666666666666,14.566666666666666,15.633333333333333,5.55,6.838888888888889,66.0,66.33333333333333,1957.0,1164.6666666666667,1.4739000000000002,0.876,2003.09,1926.99,66.0,61.66666666666666,13.0,4.333333333333333,1.0,0.3333333333333333,14.0,4.666666666666667,80.0,66.33333333333333,,,66.91415977478027,66.97783597310384,,,0.0,0.0,0.0,0.0,False,-1.9835932959116214,bad,585.0,14.0,-1.6583333333333332,False,True,False,109
p16,3.0,4.0,4,6.0,2.0,3.0,3.0,2020-02-20 18:01:51.562,2020-02-20,18.016666666666666,False,2020-02-20,False,1,0,3,82,1241.0,992.0,840.0,True,False,6.633333333333334,6.383333333333333,94.0,94.66666666666669,14.591666666666669,14.355555555555556,16.216666666666665,15.736111111111107,7.616666666666666,7.377777777777777,64.0,65.0,1470.0,1451.6666666666667,1.1071,1.0925333333333336,1921.55,1959.63,52.0,64.33333333333333,5.0,6.0,5.0,2.0,10.0,8.0,62.0,72.33333333333333,840.0,936.0,64.94964981079102,65.70454915364583,,,0.0,0.0,0.0,0.0,False,0.7639561172858925,good,253.0,10.0,0.22500000000000053,False,True,False,111
p16,2.0,3.0,3,6.0,2.0,3.0,3.0,2020-02-22 17:47:08.204,2020-02-22,17.783333333333335,False,2020-02-22,False,1,0,5,82,1265.0,998.0,987.0,True,False,6.583333333333333,6.322222222222222,87.0,91.66666666666669,15.041666666666666,15.013888888888888,17.3,16.519444444444446,8.25,7.5,66.0,65.0,654.0,1089.3333333333333,0.4909,0.8191,1880.62,1934.33,55.0,64.66666666666667,0.0,1.6666666666666667,0.0,1.6666666666666667,0.0,3.333333333333333,55.0,68.0,987.0,907.6666666666666,66.74506664276123,65.71646149953206,,,0.0,0.0,0.0,0.0,False,-0.689080836606355,bad,-490.0,0.0,0.17499999999999982,False,False,False,113
p16,2.0,3.0,4,5.0,3.0,3.0,2.0,2020-02-27 16:11:01.981,2020-02-27,16.183333333333334,False,2020-02-27,False,1,0,3,82,1047.0,937.0,783.0,True,False,5.333333333333333,5.894444444444445,91.0,92.0,15.691666666666666,14.85277777777778,16.041666666666668,15.85,6.35,6.9944444444444445,67.0,66.66666666666667,1369.0,1053.6666666666667,1.0294,0.7919,1982.75,1936.85,93.0,74.33333333333333,0.0,0.0,0.0,0.0,0.0,0.0,93.0,74.33333333333333,,978.5,67.27083015441895,66.84895324707031,,,0.0,0.0,0.0,0.0,False,-1.2945124593052664,bad,265.5,0.0,-1.2333333333333334,False,True,False,118
p16,3.0,3.0,4,6.0,3.0,3.0,3.0,2020-02-28 17:39:34.222,2020-02-28,17.65,False,2020-02-28,False,1,0,4,82,1124.0,909.0,993.0,True,False,6.3,6.527777777777778,90.0,90.66666666666669,16.166666666666668,15.333333333333334,17.483333333333334,17.022222222222226,7.316666666666666,7.688888888888889,67.0,66.66666666666667,848.0,1059.3333333333333,0.6371,0.7962000000000001,1911.32,1949.3266666666664,66.0,76.33333333333333,0.0,0.0,0.0,0.0,0.0,0.0,66.0,76.33333333333333,,,67.46240520477295,66.96676890055339,,,0.0,0.0,0.0,0.0,False,0.0,neutral,-255.5,0.0,-0.2666666666666666,False,True,False,119
p16,3.0,3.0,4,6.0,3.0,3.0,3.0,2020-03-05 08:21:37.815,2020-03-05,8.35,False,2020-03-05,False,1,0,3,82,1177.0,897.0,1378.0,True,False,6.616666666666666,6.916666666666666,86.0,85.0,3.1666666666666665,8.2375,4.975,10.404166666666669,7.8,8.158333333333333,65.0,65.5,685.0,1311.6666666666667,0.5142,0.9866666666666668,1974.07,2014.6433333333332,62.0,79.0,0.0,2.6666666666666665,0.0,1.6666666666666667,0.0,4.333333333333333,62.0,83.33333333333333,,820.5,65.86407661437988,66.0660441716512,,,0.0,0.0,0.0,0.0,False,0.0,neutral,-367.0,0.0,-8.881784197001252e-16,False,True,False,125
p16,3.0,3.0,4,9.0,2.0,3.0,2.0,2020-03-06 13:31:22.865,2020-03-06,13.516666666666667,False,2020-03-06,False,1,0,4,82,1311.0,963.0,912.0,True,False,8.7,7.658333333333333,89.0,87.5,8.416666666666666,5.791666666666666,12.458333333333334,8.716666666666667,10.033333333333331,8.916666666666666,67.0,66.0,748.0,1307.3333333333333,0.5618000000000001,0.9835666666666668,1910.92,2017.8366666666668,60.0,76.0,0.0,2.6666666666666665,0.0,1.6666666666666667,0.0,4.333333333333333,60.0,80.33333333333333,912.0,861.0,67.73857021331787,66.41433906555176,,,0.0,0.0,0.0,0.0,False,-0.6054316226989114,bad,-213.0,0.0,2.0749999999999993,False,True,False,126
p16,3.0,3.0,4,6.0,2.0,3.0,3.0,2020-03-08 12:44:44.398,2020-03-08,12.733333333333333,False,2020-03-08,False,1,0,6,82,888.0,621.0,1265.0,True,False,6.733333333333333,5.861111111111111,90.0,92.33333333333331,1.0833333333333333,6.558333333333334,3.333333333333333,7.383333333333333,8.25,6.822222222222223,67.0,67.0,,1371.5,,1.032,,1942.78,,71.5,,0.0,,0.0,,0.0,,71.5,,833.5,,67.51181316375732,,,0.0,0.0,0.0,0.0,True,0.0,neutral,,,0.1250000000000009,True,False,False,128
p16,2.0,3.0,4,6.0,2.0,3.0,2.0,2020-03-11 12:33:15.168,2020-03-11,12.55,False,2020-03-11,False,1,0,2,82,1174.0,950.0,1053.0,True,False,6.116666666666666,5.091666666666667,89.0,87.5,9.2,10.075,10.358333333333333,10.075,7.15,5.991666666666667,70.0,69.0,1398.0,1611.6666666666667,1.0499,1.2120333333333333,2012.78,1999.7,97.0,93.33333333333331,0.0,0.0,0.0,0.0,0.0,0.0,97.0,93.33333333333331,,,70.85803127288818,68.73074340820312,,,0.0,5.122222222222223,0.0,0.0,False,-1.2945124593052664,bad,254.0,0.0,-0.4833333333333334,False,True,False,131
p16,4.0,4.0,4,10.0,4.0,4.0,4.0,2020-03-15 09:33:15.985,2020-03-15,9.55,False,2020-03-15,False,1,0,6,82,1065.0,706.0,1394.0,True,False,9.566666666666666,9.358333333333334,91.0,93.0,3.883333333333333,8.783333333333333,8.991666666666667,13.5625,11.1,10.775,68.0,69.0,,1237.0,,0.93075,,1941.49,,69.5,,0.0,,0.0,,0.0,,69.5,,893.0,,69.1357479095459,,,0.0,0.0,0.0,0.0,True,2.058468576591159,good,,,2.958333333333334,True,False,True,135
p16,2.0,3.0,4,5.0,3.0,3.0,3.0,2020-03-17 10:54:27.989,2020-03-17,10.9,False,2020-03-17,False,1,0,1,82,1380.0,1020.0,762.0,True,False,5.233333333333333,7.661111111111111,88.0,91.0,7.366666666666666,5.963888888888889,7.4,8.816666666666668,6.033333333333333,8.85,68.0,68.0,2410.0,1814.5,1.8144,1.36495,2079.65,2037.515,113.0,99.0,0.0,0.0,0.0,0.0,0.0,0.0,113.0,99.0,762.0,725.5,68.57831764221191,68.31976699829102,,,17.066666666666666,5.688888888888889,0.0,0.0,False,-0.689080836606355,bad,1180.0,0.0,-1.3916666666666666,False,True,True,137
p16,3.0,4.0,4,8.0,4.0,3.0,4.0,2020-03-18 10:47:19.341,2020-03-18,10.783333333333331,False,2020-03-18,False,1,0,2,82,1368.0,1008.0,982.0,True,False,8.65,7.355555555555555,90.0,90.66666666666669,6.708333333333333,6.905555555555555,10.758333333333333,9.405555555555557,10.05,8.5,70.0,68.66666666666667,1263.0,1630.6666666666667,0.949,1.2263000000000002,1953.83,2009.62,96.0,98.0,0.0,0.0,0.0,0.0,0.0,0.0,96.0,98.0,982.0,811.0,70.08468723297119,68.9080737431844,,,0.0,5.688888888888889,0.0,0.0,False,1.3693877399848036,good,33.0,0.0,2.0250000000000004,False,True,True,138
