pid,target,feature,rho,n,p,p_eff,n_eff,rho_weekday,n_weekday,rho_prelock,rho_partial,q_bh
p01,comp,sleep_h_lag1,0.04387285813651727,137,0.6107110883708042,0.621398177574031,129.09338322248243,0.012485988846400531,75,0.045569225685459465,0.05522185261703517,0.832910849882751
p01,comp,sleep_h_avg3,0.08403803390324012,136,0.330692783607406,0.38209195850715993,110.2891659058407,0.10245322169774049,75,0.18765719921860424,0.0790286912313823,0.6877655253128878
p01,comp,time_in_bed_h_lag1,0.03577092301550951,137,0.6781532499603802,0.6895451329340536,127.13259914777977,-0.010535969693354783,75,0.03369271918221036,0.05305551475648845,0.832910849882751
p01,comp,time_in_bed_h_avg3,0.055164189204048114,136,0.5235599875067046,0.5691460490015487,108.84463590744112,0.05243165912989718,75,0.14799194946420183,0.0526310984872312,0.832910849882751
p01,comp,sleep_eff_lag1,0.029350436304841823,137,0.7335073479995607,0.7401856171022115,130.09366560214997,0.09199596242794958,75,0.09129587841069038,0.05597452652483623,0.832910849882751
p01,comp,sleep_eff_avg3,-0.04115963634017652,136,0.6342376109586194,0.6723956648170129,107.95854061355955,-0.051644199989586595,75,0.05129915509511096,0.011900365467865706,0.832910849882751
p01,comp,bedtime_h_lag1,0.0606712347330988,137,0.481257770471067,0.49724218920799856,127.45645098275466,-0.023669494276422055,75,0.03845693152449308,0.06057252063619506,0.7897375946244684
p01,comp,bedtime_h_avg3,0.042735225207327046,136,0.6213063668820668,0.6593778230969708,108.780764283629,0.06251990011509645,75,-0.010003307043405905,0.03246044653152976,0.832910849882751
p01,comp,rhr_night_lag1,0.20968437606309587,137,0.013924386482571233,0.02772435144230342,110.25407324371275,0.267713099028702,75,0.1405648653779852,0.16062728453026415,0.14971149778843845
p01,comp,rhr_night_avg3,0.2823797188584515,136,0.0008661487339742122,0.004134244607697908,101.46240991587649,0.34443611976852156,75,0.26882322651877166,0.24765896394035955,0.03361034369500246
p01,comp,rhr_day_lag1,0.1768711780330629,133,0.041689174733154664,0.06388505455441222,110.5275576929539,0.24488477994818572,71,0.11464210429360595,0.12661441439021381,0.19699169660509228
p01,comp,rhr_day_avg3,0.2765770848279864,136,0.0011162166662019818,0.004979310177037401,101.603777354902,0.3262009489687755,75,0.263776291327225,0.24239081581959335,0.03361034369500246
p01,comp,steps_lag1,-0.026936313614616653,133,0.7582586578492818,0.7610833168111987,129.87287450893066,-0.09616836955345666,71,-0.1488419754206247,-0.11261725679240694,0.832910849882751
p01,comp,steps_avg3,0.10357906433265508,136,0.23013535849423947,0.2856706232864804,108.1771320710069,0.15279157100079638,75,0.013273129930840058,0.02174830080354189,0.5509362020524979
p01,comp,lightly_lag1,0.15283987611322947,133,0.07903182452820978,0.1000917267756121,116.89732250224198,0.19747835241359704,71,0.08417742305635761,0.07429790535170393,0.27024766229415265
p01,comp,lightly_avg3,0.19054949415621492,136,0.026279297216851502,0.05423288439227167,102.68776565559381,0.34315187847332734,75,0.13620274269279528,0.1290586147294041,0.19699169660509228
p01,comp,mvpa_lag1,-0.11632040233338752,133,0.18242007140044636,0.18695654245690851,130.33110402978474,-0.24389653337403247,71,-0.16179546605650935,-0.15815480827898326,0.3882943574105023
p01,comp,mvpa_avg3,0.028160605203905467,136,0.7448484309075658,0.7712137498914361,109.08367791692854,-0.10261429999998586,75,-0.036783500975415544,-0.03098298809905515,0.832910849882751
p01,comp,sedentary_lag1,-0.07034292139473405,131,0.42464717358375,0.4415051246806193,121.91780428946412,-0.025793508470655643,70,0.004649717764424917,0.026565662772587713,0.7450398978985451
p01,comp,sedentary_avg3,-0.20078984875484435,134,0.020003697886042476,0.038022480754054476,107.08585595482683,-0.36905472722733135,73,-0.14496602864757097,-0.09782477326430568,0.17110116339324513
p01,comp,srpe_load_lag1,-0.32225198321632453,119,0.0003514567598371986,0.0003514567598371986,119.0,-0.4038586231415368,67,-0.30786863827882865,-0.31929406038883934,0.009489332515604361
p01,comp,srpe_load_avg3,-0.14084739275092462,119,0.1265440947849106,0.14956200576008818,106.13975294518828,-0.33941859482859216,66,-0.13654563000231829,-0.13260540896830653,0.33651451296019846
p01,comp,ex_min_nonwalk_lag1,-0.3062103057286951,119,0.0007070302334653676,0.0007070302334653676,119.0,-0.446935123835928,67,-0.29094977421668305,-0.300849418290521,0.009544908151782463
p01,comp,ex_min_nonwalk_avg3,-0.17904097764683316,119,0.05138342070617462,0.06566389886836409,106.49204415076338,-0.373206437197257,66,-0.17986127157969015,-0.17743976339182865,0.19699169660509228
p01,comp,steps_dev28_lag1,-0.011493744425227444,120,0.9008450557737006,0.9012332919422723,119.07692470700097,-0.1218966787961405,63,-0.15100981536309244,-0.07770914392188417,0.9012332919422723
p01,comp,mvpa_dev28_lag1,-0.13495787611934637,120,0.14165719117999018,0.14165719117999018,120.0,-0.3119303703639154,63,-0.14516295019515402,-0.14901822631361133,0.33651451296019846
p01,comp,sleep_h_dev28_lag1,0.015230543728912464,124,0.8666680649436848,0.8692466255274928,119.3036130133483,-0.038216984212553755,67,0.03294844839656336,0.03996755960576615,0.9012332919422723
p01,mood,sleep_h_lag1,0.06069657193543704,137,0.48107432319621385,0.4908043515694525,131.13021429858154,0.10568929960707281,75,0.010191084604156197,0.06551249505992253,0.7501952598626177
p01,mood,sleep_h_avg3,-0.022600466522365376,136,0.7939652263505396,0.8088052386303399,117.09472128408575,0.025045104410053837,75,0.010467377829887008,-0.07620333069344082,0.8756286390239345
p01,mood,time_in_bed_h_lag1,0.021230639839855937,137,0.8054893865133924,0.8107672583554949,129.66061748135596,0.03130394295668605,75,-0.04466716631020949,0.03007848604868674,0.8756286390239345
p01,mood,time_in_bed_h_avg3,-0.04093567723752605,136,0.6360848146876736,0.6626177081368803,116.00150517001843,-0.015567242405525903,75,-0.011565840330298007,-0.09500297686685406,0.813212641804353
p01,mood,sleep_eff_lag1,0.005715444767396742,137,0.947150808199496,0.948165457472867,131.8777733244777,0.047712819799107346,75,0.05435027580871906,0.036267102202923826,0.948165457472867
p01,mood,sleep_eff_avg3,-0.052382161511706146,136,0.5447450705703344,0.5776679362513666,115.3292268925891,-0.012571006236490545,75,0.023867767397417146,0.021208799460163186,0.7501952598626177
p01,mood,bedtime_h_lag1,0.050908578429957586,137,0.5546589991220847,0.5652933184256398,129.90372790958878,-0.07579622473946769,75,0.13519016553288277,0.04743035435155612,0.7501952598626177
p01,mood,bedtime_h_avg3,0.05144236931603101,136,0.5519955010841537,0.5834852021153694,115.95308882090549,-0.07253174998885381,75,0.15184477635416863,0.032420561563983055,0.7501952598626177
p01,mood,rhr_night_lag1,0.10809422354327396,137,0.2086430988111426,0.24648559051983326,116.77524246067034,0.10224139878162643,75,0.03354040325244723,0.028429568415492438,0.6378808318869018
p01,mood,rhr_night_avg3,0.05507537591292817,136,0.5242297836375406,0.5670307410879913,110.36115107072378,0.12814594795102852,75,-0.03633806928166964,-0.03646340063957774,0.7501952598626177
p01,mood,rhr_day_lag1,0.09931931547136506,133,0.25536731601359947,0.29521127406549164,113.02692439309104,0.09643061517866493,71,0.021300521458658146,0.006344756686146075,0.6378808318869018
p01,mood,rhr_day_avg3,0.06813853398880226,136,0.43057559374409793,0.47841979237005855,110.4700106437036,0.11751687602826723,75,-0.024205350012490367,-0.03036453387165812,0.7501952598626177
p01,mood,steps_lag1,0.1118668274888247,133,0.1998562445546041,0.20467029186942148,130.24501123025874,0.13689365762618316,71,0.0495902162539984,0.0008292323087823334,0.6378808318869018
p01,mood,steps_avg3,0.18172810863691638,136,0.0342260688789514,0.05141284577332542,115.49519092941674,0.16023233530709413,75,0.1335659464422873,0.07297077320710732,0.288679112798912
p01,mood,lightly_lag1,0.28005537696373906,133,0.00109519516523318,0.002061742665713463,118.7297623551654,0.2609605308631976,71,0.27851708497352556,0.19560118617030264,0.055667051974263505
p01,mood,lightly_avg3,0.24097791129160415,136,0.004711958262907236,0.01073080489455116,111.30362425884294,0.29181574436425595,75,0.21224881451211677,0.19398025785546547,0.14486586607644067
p01,mood,mvpa_lag1,-0.0078621426631712,133,0.9284333059166893,0.9290791042404073,130.64919780306622,-0.0556970292296625,71,-0.02388109135668865,-0.07588923511329457,0.948165457472867
p01,mood,mvpa_avg3,0.1256580824107902,136,0.14493133397481694,0.1785808739671646,116.1826461526855,0.04656809273434331,75,0.08709959685635554,0.03595717595431367,0.6378808318869018
p01,mood,sedentary_lag1,-0.17404771668825064,131,0.046792158097825984,0.05345909496276148,123.7395265853714,-0.18837634080121274,70,-0.15838404133637607,-0.05677021072021367,0.288679112798912
p01,mood,sedentary_avg3,-0.22206250629276636,134,0.00991563835163037,0.017931493633866608,113.29230443292383,-0.27628378904040535,73,-0.19161414678610222,-0.11557854102616971,0.16138344270479946
p01,mood,srpe_load_lag1,-0.10594872038799436,119,0.251466076334638,0.251466076334638,119.0,0.04134618068059185,67,-0.10622957551396772,-0.06653005663773906,0.6378808318869018
p01,mood,srpe_load_avg3,0.10486962100117977,119,0.25635427300048175,0.29986617285544126,99.68897007317767,0.023666263511361686,66,0.10424792333465462,0.10933255984501444,0.6378808318869018
p01,mood,ex_min_nonwalk_lag1,0.02738878349618953,119,0.7674758836808362,0.7674758836808362,119.0,0.028314346097362247,67,0.02880218035226312,0.046526721756436414,0.8756286390239345
p01,mood,ex_min_nonwalk_avg3,0.12455805492625077,119,0.17711599551256563,0.2164505713926063,100.20321928093855,0.01720350018636655,66,0.12349128308536311,0.11844140611109723,0.6378808318869018
p01,mood,steps_dev28_lag1,0.08093969289089192,120,0.3795029778470879,0.3831886696393835,118.19491869356266,0.11132408194004655,63,0.018722632845534024,-0.03027551925656622,0.6897396053508903
p01,mood,mvpa_dev28_lag1,-0.09400583735473483,120,0.30712780794554534,0.30712780794554534,120.0,-0.12144870176787985,63,-0.091635522833299,-0.12741397722128991,0.6378808318869018
p01,mood,sleep_h_dev28_lag1,0.08355265908436513,124,0.3562184682630338,0.3691005970979983,117.64914267614934,0.18138546433256902,67,0.03462507086531849,0.09275390216010981,0.6897396053508903
p02,comp,sleep_h_lag1,0.014430978501756658,96,0.8890161874872137,0.8890161874872137,96.0,0.05986545794349379,53,0.014008622393925828,0.008547659075796802,0.960255075541374
p02,comp,sleep_h_avg3,-0.09210055545497438,97,0.369593476620113,0.4068288991062485,83.26736697405377,-0.05817043948424479,54,-0.09440542542432308,-0.1051749699164316,0.960255075541374
p02,comp,time_in_bed_h_lag1,0.07812140238985368,96,0.44931302442486204,0.44931302442486193,96.0,0.13111300648351396,53,0.08796448751496183,0.05888285035150168,0.960255075541374
p02,comp,time_in_bed_h_avg3,-0.06121907022943651,97,0.5513885084906559,0.5823213794308667,83.06065746184926,-0.037395995271481484,54,-0.061564526206087676,-0.08352111480436306,0.960255075541374
p02,comp,sleep_eff_lag1,-0.2135670740478713,96,0.03668252940945272,0.03668252940945272,96.0,-0.26211502911265616,53,-0.2320462970862366,-0.20755018363775107,0.49521414702761174
p02,comp,sleep_eff_avg3,-0.12817488323687992,97,0.2108690942462021,0.23883901859759513,86.2534737108989,-0.23051734039260527,54,-0.14121222314883977,-0.13657248701999722,0.960255075541374
p02,comp,bedtime_h_lag1,0.0575076694252536,96,0.5778433537542867,0.5791249131457802,95.37127813378872,0.07431915960270377,53,0.05781503391746659,0.08853274823479881,0.960255075541374
p02,comp,bedtime_h_avg3,0.07191772107295856,97,0.483907080897956,0.5171042905609337,83.4274464626567,0.19381752491936688,54,0.07926893061209409,0.14713918652900843,0.960255075541374
p02,comp,rhr_night_lag1,0.024000214329793254,93,0.8193723911631685,0.833819887849628,78.89532614298044,0.01629447027025691,50,0.022025052663665667,0.022730721781793337,0.960255075541374
p02,comp,rhr_night_avg3,0.0884156231915404,96,0.3916527430419986,0.4472013169959808,76.11325026798913,0.09942166211484911,53,0.093726527747564,0.05405168184512464,0.960255075541374
p02,comp,rhr_day_lag1,0.015384206462594655,55,0.9112370724879021,0.9204547336615735,44.6268459570037,0.1741749625024332,31,0.020442442720858413,0.08144047570870318,0.960255075541374
p02,comp,rhr_day_avg3,0.20231834019818493,55,0.13851678683770546,0.20669075487951358,40.64528531685994,0.3528265594788738,30,0.22259632750166924,0.2117736572625164,0.960255075541374
p02,comp,steps_lag1,0.005238304642818785,93,0.960255075541374,0.960255075541374,93.0,-0.155088336883333,51,0.004104442902368367,-0.02620056312843707,0.960255075541374
p02,comp,steps_avg3,-0.02644419162690765,95,0.7992031830172398,0.8129565632955723,82.53101272337437,-0.14087986620661017,52,-0.016790466894642232,-0.11227286865064495,0.960255075541374
p02,comp,lightly_lag1,0.24376669591920036,93,0.018540402411405234,0.022481600450274575,87.51139926159951,0.2261658741143806,51,0.2638668782942783,0.25542039645059955,0.49521414702761174
p02,comp,lightly_avg3,0.1515219254111043,95,0.14270831514762022,0.18321142497273712,78.7626749024309,0.14120922506036582,52,0.16283629738590236,0.16423601093870868,0.960255075541374
p02,comp,mvpa_lag1,-0.005615453819274904,93,0.9573960935593736,0.9573960935593736,93.0,-0.16850432277028188,51,-0.0020410382011775067,-0.043261275486606736,0.960255075541374
p02,comp,mvpa_avg3,-0.051297452409044236,95,0.6215236989807519,0.643825103855522,83.6302852705631,-0.16841996228128703,52,-0.04610429223346663,-0.12401728357399754,0.960255075541374
p02,comp,sedentary_lag1,-0.1309357269037677,89,0.22130838622896218,0.22130838622896218,89.0,-0.03922013605220752,49,-0.14668529670827743,-0.08053859303879655,0.960255075541374
p02,comp,sedentary_avg3,-0.023309675195471814,92,0.8254416000532682,0.8361485508083987,81.20382901555014,0.08531215080398649,51,-0.021997800839541518,0.08032489485594621,0.960255075541374
p02,comp,srpe_load_lag1,-0.03766116137392595,97,0.7141853044354045,0.7141853044354045,97.0,-0.1512644156024523,55,-0.039023063430998116,-0.03369559057469191,0.960255075541374
p02,comp,srpe_load_avg3,0.02448100857633609,98,0.8108915864716641,0.8189981276976901,89.84622934547399,-0.07550532730390008,55,0.024197445722864388,0.014719600623924441,0.960255075541374
p02,comp,ex_min_nonwalk_lag1,0.015345625490647125,97,0.8814065789671168,0.8814065789671168,97.0,-0.1628970389374863,54,0.018000944463168113,-0.019088407132306046,0.960255075541374
p02,comp,ex_min_nonwalk_avg3,-0.04532311345425335,96,0.6610366987852466,0.6731371912584273,89.03961205729296,-0.18933773186665634,53,-0.048036459045227145,-0.10138203507919487,0.960255075541374
p02,comp,steps_dev28_lag1,0.07151913854683427,83,0.5205405352150992,0.5205405352150992,83.0,-0.06596610011572107,46,0.07373208850512741,0.028839908366348282,0.960255075541374
p02,comp,mvpa_dev28_lag1,0.11896443033084617,83,0.2840839175422905,0.2883984640649055,81.57116068529739,0.006457198332628349,46,0.12211391878991083,0.07892679937111519,0.960255075541374
p02,comp,sleep_h_dev28_lag1,0.006471207512403314,85,0.953128281000803,0.953128281000803,85.0,0.050916402864029806,47,-0.0031090220786908944,0.006003782979387934,0.960255075541374
p02,mood,sleep_h_lag1,0.07472037739180087,96,0.46935477851202057,0.46935477851202057,96.0,0.10642269928253106,53,0.08007396589113168,0.06263903770973549,0.9526864349607871
p02,mood,sleep_h_avg3,-0.06382739337122201,97,0.5345263127032325,0.5805325143001169,77.30347705683816,-0.12185521740176192,54,-0.06665555384853628,-0.07744290798433454,0.9526864349607871
p02,mood,time_in_bed_h_lag1,0.08936662941759638,96,0.3865588512477287,0.3865588512477287,96.0,0.06842149062761674,53,0.09715373276878837,0.05880159971924928,0.9526864349607871
p02,mood,time_in_bed_h_avg3,-0.05731849047486567,97,0.5770750800310945,0.6204556326256954,77.01694782910957,-0.13943037666381,54,-0.056810681930282464,-0.07795218086436773,0.9526864349607871
p02,mood,sleep_eff_lag1,-0.1802427051563349,96,0.07886677690185234,0.07886677690185234,96.0,-0.27233500809218,53,-0.19497010717974478,-0.17109920982296392,0.7776874606807828
p02,mood,sleep_eff_avg3,-0.08170154577808143,97,0.42628389644145626,0.467049764833648,81.47472086040112,-0.2057017568993213,54,-0.09307406176208352,-0.08900618195749603,0.9526864349607871
p02,mood,bedtime_h_lag1,0.01639064267127246,96,0.874061433501121,0.8747293678872791,95.00258206148504,0.04532230071874891,53,0.014719478217695234,0.04472284350684417,0.9584657216096898
p02,mood,bedtime_h_avg3,0.13394957935575544,97,0.19085585065327454,0.24381283156304184,77.52556648887288,0.30074904720434853,54,0.1513396331385347,0.20936856208159815,0.9404209217431614
p02,mood,rhr_night_lag1,0.14826615301417323,93,0.1560911368228454,0.21118420012631683,72.82680683331519,0.14651466096473176,50,0.15879106913701685,0.16338493326848538,0.9404209217431614
p02,mood,rhr_night_avg3,0.2101088301753151,96,0.03991128383724738,0.08569543403653783,67.91025049341032,0.2395087942823756,53,0.22736540225258736,0.18697359052521093,0.7776874606807828
p02,mood,rhr_day_lag1,0.10087125544480041,55,0.46369825331847975,0.5234522525681751,42.300956971289075,0.17616606585441105,31,0.11605894828321829,0.15043252829564904,0.9526864349607871
p02,mood,rhr_day_avg3,0.2622652641564811,55,0.05307075080612308,0.11380540682700833,37.58271874471221,0.35509503476120446,30,0.3018233067352699,0.2772544125829953,0.7776874606807828
p02,mood,steps_lag1,0.019357130704737772,93,0.8538832789773559,0.8538832789773559,93.0,-0.060918266417422706,51,0.01791860108045798,-0.01559053096527744,0.9584657216096898
p02,mood,steps_avg3,-0.061675629581848884,95,0.5526811303477662,0.593942468520378,77.0767938769466,-0.2175161748879828,52,-0.06865918431981752,-0.15949636599616612,0.9526864349607871
p02,mood,lightly_lag1,0.1721476190683071,93,0.09893850995708885,0.11521295713789374,84.97691116042115,0.18844371957333145,51,0.17789249656452552,0.16212692652466248,0.7776874606807828
p02,mood,lightly_avg3,0.14001023980478577,95,0.1759721105338148,0.2412108479475076,71.87481423217008,0.18815582591439864,52,0.14091722994484676,0.12913541080964824,0.9404209217431614
p02,mood,mvpa_lag1,0.014519093714602088,93,0.8901371709820298,0.8901371709820298,93.0,-0.07113644912434727,51,0.019127432497408458,-0.02253834732996236,0.9584657216096898
p02,mood,mvpa_avg3,-0.06984638852856816,95,0.5012093238951307,0.541789028137869,78.6125274106599,-0.2226012284255205,52,-0.07369601132175982,-0.14206246162453637,0.9526864349607871
p02,mood,sedentary_lag1,-0.09403287041186871,89,0.38075392639573274,0.38075392639573274,89.0,-0.05483194508504008,49,-0.10423215671391764,-0.031423222969854454,0.9526864349607871
p02,mood,sedentary_avg3,0.04185852299733342,92,0.691974390888514,0.7187813111986022,76.43642338359581,0.19718881243334088,51,0.04741908568254344,0.15556956446487097,0.9526864349607871
p02,mood,srpe_load_lag1,0.039678595322063075,97,0.6995893843418384,0.6995893843418384,97.0,0.009258698656822158,55,0.041103708193401346,0.04905501721297544,0.9526864349607871
p02,mood,srpe_load_avg3,-0.014045780567472094,98,0.8908182949158673,0.8982666309751526,85.34530860372912,-0.10618921040421386,55,-0.016426118806573197,-0.014284639905822098,0.9584657216096898
p02,mood,ex_min_nonwalk_lag1,0.041249019736968734,97,0.688302339816345,0.688302339816345,97.0,-0.05978943389666404,54,0.04384331273552346,0.004145581852965461,0.9526864349607871
p02,mood,ex_min_nonwalk_avg3,-0.0052410520217083655,96,0.9595810941638981,0.961835148871751,85.85424368668579,-0.12614907937627506,53,-0.006167437019743783,-0.06013535517012459,0.961835148871751
p02,mood,steps_dev28_lag1,0.010777013435226057,83,0.9229669911797013,0.9229669911797013,83.0,-0.07226643160784096,46,0.0016039054528810188,-0.03941757874738497,0.9584657216096898
p02,mood,mvpa_dev28_lag1,0.06062388187706805,83,0.5861422566154691,0.5904256086937255,81.1723731514479,0.0,46,0.05774444463633275,0.018047816577691063,0.9526864349607871
p02,mood,sleep_h_dev28_lag1,0.03638085035094999,85,0.7409783383028344,0.7409783383028344,85.0,0.05440083194460736,47,0.02310301594357001,0.02983340253130572,0.9526864349607871
p03,comp,sleep_h_lag1,0.20356237197633126,49,0.16064979412057778,0.16064979412057778,49.0,0.4050911652704351,29,0.23791421464032167,0.19475213534562658,0.4996538172298569
p03,comp,sleep_h_avg3,-0.019918914285855845,51,0.8896582496044004,0.9007673908314549,41.6763659715859,0.11326356717015522,29,-0.06213555923287668,-0.029444814719622413,0.9728332723539771
p03,comp,time_in_bed_h_lag1,0.1719183970943507,49,0.23753083626841842,0.23754324986260655,48.9975388764674,0.3997770912070192,29,0.18271520455479473,0.15512210816796776,0.5938581246565163
p03,comp,time_in_bed_h_avg3,-0.031053913911227717,51,0.8287356025147541,0.8473529134669204,40.90329853316542,0.09073600684901936,29,-0.08602222190634265,-0.03320235915179001,0.9728332723539771
p03,comp,sleep_eff_lag1,0.008580736001178115,49,0.9533379461365946,0.9534385915606981,48.79937343261521,0.04709674804710544,29,-0.017587394195545558,-0.024711825224663343,0.9728332723539771
p03,comp,sleep_eff_avg3,-0.176309584446224,51,0.21586073388811688,0.2840004242770682,38.84427536216838,-0.24332465842964646,29,-0.27925082000349044,-0.2033347420503791,0.6085723377365746
p03,comp,bedtime_h_lag1,0.05363987912087982,49,0.7143279340700978,0.7143279340700978,49.0,-0.25605276992505643,29,0.05117790634171792,0.07096120207000786,0.9728332723539771
p03,comp,bedtime_h_avg3,0.11572300823009314,51,0.4187098315778406,0.48118897271807326,39.29745472368965,0.046306651771223686,29,0.16175998107993206,0.15994445786190864,0.8019816211967887
p03,comp,rhr_night_lag1,0.21501625895008367,48,0.14220293991819077,0.16655127240995232,42.924251582469346,0.1702615380334784,28,0.15505894075370977,0.1654337550001096,0.4996538172298569
p03,comp,rhr_night_avg3,0.3235405947049694,50,0.02190908840669277,0.05181692440373055,36.6925819323642,0.4043664626931037,29,0.2752355648230569,0.2754145276552824,0.4996538172298569
p03,comp,rhr_day_lag1,0.20833474626739817,30,0.2692519811350945,0.37334044281018686,20.351295083794675,0.16973480565079221,21,0.14629079600997713,-0.03494689582462821,0.7000133302691004
p03,comp,steps_lag1,0.07283470680852311,30,0.7020982727863407,0.7020982727863407,30.0,-0.04727773125433025,21,-0.04072334792568956,-0.06221558555951794,0.9728332723539771
p03,comp,lightly_lag1,0.2941854940319206,30,0.11456535511050378,0.11456535511050378,30.0,0.21792914008386224,21,0.2256280717335737,0.18619238541196126,0.4996538172298569
p03,comp,mvpa_lag1,0.006624411083165475,30,0.9722855052063761,0.9728332723539771,28.922908211436592,-0.14740215069938684,21,-0.10586774568007908,-0.10583931097537475,0.9728332723539771
p03,comp,ex_min_nonwalk_lag1,0.064957810807806,33,0.7194861096185019,,,0.09506986785073859,17,0.064957810807806,0.12350879853245793,
p03,comp,ex_min_nonwalk_avg3,0.31226353582252864,33,0.07686198538515836,0.07686198538515836,33.0,0.39816933638443935,17,0.31226353582252864,0.2914057128698467,0.4996538172298569
p03,mood,sleep_h_lag1,0.020999468330440883,49,0.886118614995323,0.886118614995323,49.0,0.11386903265415455,29,0.05124851064846379,-0.0038126064896256678,0.9514853807433691
p03,mood,sleep_h_avg3,-0.008735941789088672,51,0.9514853807433691,0.9514853807433691,51.0,0.14587295929214458,29,-0.08471569489392844,-0.05421192918816231,0.9514853807433691
p03,mood,time_in_bed_h_lag1,-0.01289309448790188,49,0.9299359812433372,0.9299359812433372,49.0,0.14638501094227999,29,-0.02876279814385399,-0.056195900166092216,0.9514853807433691
p03,mood,time_in_bed_h_avg3,-0.029119805963628908,51,0.8392566103398996,0.8392566103398996,51.0,0.13328966887397237,29,-0.12056639476208367,-0.06870213040627725,0.9514853807433691
p03,mood,sleep_eff_lag1,-0.03850155496581799,49,0.7928197870667414,0.7928197870667414,49.0,-0.049608104368226213,29,-0.1230026424158726,-0.12524772621133096,0.9514853807433691
p03,mood,sleep_eff_avg3,-0.02821882751316368,51,0.8441673194240249,0.8441673194240249,51.0,-0.11270683483198277,29,-0.1649332269724402,-0.09633364668171186,0.9514853807433691
p03,mood,bedtime_h_lag1,0.17977574750820668,49,0.2164424142528859,0.2164424142528859,49.0,0.0,29,0.22052116114823714,0.24153007448675676,0.9514853807433691
p03,mood,bedtime_h_avg3,0.11307935459971885,51,0.42948865883302595,0.42948865883302595,51.0,0.03681777566798537,29,0.1938589414779912,0.21881150919501918,0.9514853807433691
p03,mood,rhr_night_lag1,0.11858008948938507,48,0.42213123583442935,0.42213123583442935,48.0,0.18270048833295785,28,0.006552039503918796,0.08792780476846669,0.9514853807433691
p03,mood,rhr_night_avg3,0.16040655222440492,50,0.26580222572154305,0.26580222572154305,50.0,0.34784877838839157,29,0.07651005429616764,0.14220922664786054,0.9514853807433691
p03,mood,rhr_day_lag1,0.16342308691964,30,0.3881962408574165,0.46438140105920306,22.267562403271317,0.27110400183908995,21,0.07360310561889172,-0.13255775016667987,0.9514853807433691
p03,mood,steps_lag1,0.0722977711718223,30,0.7041960322649721,0.7041960322649721,30.0,-0.14088869386913336,21,-0.08757837883766863,-0.14629341805310156,0.9514853807433691
p03,mood,lightly_lag1,0.17289456446522716,30,0.36090037315601325,0.36090037315601325,30.0,0.06087784353564164,21,0.06337799176644628,-0.014806127892298333,0.9514853807433691
p03,mood,mvpa_lag1,0.07884483896111655,30,0.6787666536367266,0.6834107073737647,29.165051694561846,-0.13141070639837893,21,-0.06446912575614677,-0.09034601634272839,0.9514853807433691
p03,mood,ex_min_nonwalk_lag1,0.018608854236914895,33,0.9181323559460817,,,0.0,17,0.018608854236914895,0.15325518035764357,
p03,mood,ex_min_nonwalk_avg3,0.3559435862995299,33,0.04204987083022932,0.04204987083022932,33.0,0.3947368421052631,17,0.3559435862995299,0.2921853018824535,0.6307480624534398
p04,comp,sleep_h_lag1,0.08563602008405759,123,0.346303478064536,0.346303478064536,123.0,0.040480539204521215,70,0.09124001262548666,0.09989541574578205,0.6726763996985818
p04,comp,sleep_h_avg3,0.016191708426921723,131,0.8543598655981431,0.8566403946688511,126.9634452662079,-0.05105185053150092,71,-0.0017684317441172698,0.021763937385331743,0.8830960632730966
p04,comp,time_in_bed_h_lag1,0.09121925422545014,123,0.31565116213803196,0.31565116213803196,123.0,0.09123557524749992,70,0.10072465078354861,0.09278353638170189,0.6726763996985818
p04,comp,time_in_bed_h_avg3,0.02387583171318829,131,0.7866287722640543,0.790102723573032,126.75027192442431,-0.03840947588930712,71,0.006970975854055022,0.012121756544842068,0.8830960632730966
p04,comp,sleep_eff_lag1,0.08519619473250473,123,0.34879517021407946,0.34879517021407946,123.0,0.062249485196556396,70,0.08299879191782339,0.11610374847178671,0.6726763996985818
p04,comp,sleep_eff_avg3,0.18183626403272476,131,0.037651692528360245,0.0413044460314079,126.32442160436645,0.21790923049274602,71,0.20559470840146205,0.22376166352529162,0.40915909808942436
p04,comp,bedtime_h_lag1,-0.1807230317510243,123,0.04546212200993604,0.04546212200993604,123.0,-0.1655048057080572,70,-0.15179793516522117,-0.16902159379685192,0.40915909808942436
p04,comp,bedtime_h_avg3,-0.2575901289702425,131,0.0029751845602928807,0.003446341004698809,127.09736388099053,-0.14457357107972554,71,-0.25567859825789374,-0.2359585799516644,0.09305120712686785
p04,comp,rhr_night_lag1,-0.055722522495855936,123,0.5404328321668984,0.5404328321668984,123.0,-0.03199311715097499,70,-0.03959198303498216,0.05448365779634275,0.8106492482503476
p04,comp,rhr_night_avg3,-0.08775466997125421,131,0.3189120007186056,0.33007750828207655,125.20363156335006,-0.042019311261441934,71,-0.0852392201433533,0.017732219503329327,0.6726763996985818
p04,comp,rhr_day_lag1,-0.028032645516150406,30,0.8830960632730968,0.8830960632730968,30.0,0.03126781714663182,17,-0.15387158926896896,0.06816350101686716,0.8830960632730966
p04,comp,rhr_day_avg3,0.06885604582624696,31,0.7128306627234292,0.7276659807608054,28.01143282577881,0.12197967188569864,16,0.3900876112824359,0.36944327891391926,0.8830960632730966
p04,comp,steps_lag1,0.0726223987770076,130,0.4115833270567081,0.4115833270567081,130.0,0.0985268234345229,74,0.11005178648945968,0.021722409530938708,0.6945468644081949
p04,comp,steps_avg3,0.06262169518119627,135,0.4705766983384166,0.47632533989643955,131.6006060584852,0.041787780778189926,73,0.06594767734822128,0.009077158340706205,0.75651671630611
p04,comp,lightly_lag1,0.08831224632545161,130,0.3177252726335554,0.3177252726335554,130.0,0.05019719864777473,74,0.07838502148612896,0.022972399827221202,0.6726763996985818
p04,comp,lightly_avg3,0.11516395951524645,135,0.18349471245571755,0.18988346723997812,131.21247418864206,0.14319362933488283,73,0.09590202975715287,0.07371316572730491,0.6726763996985818
p04,comp,mvpa_lag1,0.10310502202584906,130,0.24307382293309326,0.24307382293309326,130.0,0.10238852011046777,74,0.16955514497212526,0.09324031861423857,0.6726763996985818
p04,comp,mvpa_avg3,-0.037715627596058926,135,0.664073779705385,0.6676803960287322,131.98956561901062,-0.03904232671289546,73,0.0042670198656309995,-0.05202810462662878,0.8830960632730966
p04,comp,sedentary_lag1,-0.09045075462396257,123,0.31976251267633127,0.31976251267633127,123.0,-0.08553043196293844,71,-0.13150959674596965,-0.06751557752620659,0.6726763996985818
p04,comp,sedentary_avg3,-0.11476450059779336,132,0.1900819401396729,0.1959519242301056,128.62919147458592,-0.14103578916508705,71,-0.1111242193649558,-0.08693992019488617,0.6726763996985818
p04,comp,srpe_load_lag1,0.02031431494894536,141,0.8110307112004967,0.8110307112004967,141.0,0.09454545485959986,76,0.07764740815396089,0.003342686026102143,0.8830960632730966
p04,comp,srpe_load_avg3,-0.016521447370548524,140,0.8463755440218148,0.8490294779532872,135.23290967335885,0.0758648488034402,76,0.02995919767310056,-0.04776735073899011,0.8830960632730966
p04,comp,ex_min_nonwalk_lag1,-0.01780441305956026,137,0.8363986225018367,0.8363986225018367,137.0,0.1409580676846771,75,0.01902392761469005,-0.03818765342699478,0.8830960632730966
p04,comp,ex_min_nonwalk_avg3,-0.08459506585055422,136,0.32748608562468146,0.3363419610898383,131.1979567762092,0.12122422327049427,74,-0.08849262572590988,-0.10988028403228699,0.6726763996985818
p04,comp,steps_dev28_lag1,0.035197081164904914,116,0.7075897606326153,0.7075897606326153,116.0,0.08762761668837203,66,0.083833481718916,0.009740009620228416,0.8830960632730966
p04,comp,mvpa_dev28_lag1,0.09366318701468031,116,0.317281908704581,0.3172819087045813,116.0,0.15578887874541925,66,0.1534343153986865,0.09217473587970433,0.6726763996985818
p04,comp,sleep_h_dev28_lag1,0.08175412259689738,109,0.3980473674499679,0.3980473674499679,109.0,-0.006865679441782992,61,0.0763782190153865,0.07610505185095547,0.6945468644081949
p04,mood,sleep_h_lag1,-0.033295395762030985,123,0.7146674143971798,0.7156687503453871,122.11735844596164,-0.10805015178020162,70,0.00516407409450073,-0.012520490077562597,0.8783207390602478
p04,mood,sleep_h_avg3,-0.022988115415046396,131,0.79438266657256,0.8077921641421477,114.46182768864824,-0.14739512265082363,71,-0.02358338156822219,-0.01594220215259838,0.8915577776053814
p04,mood,time_in_bed_h_lag1,-0.03600891103273406,123,0.6925412125237618,0.6941023562968653,121.71445406189032,-0.10237245570287046,70,0.004237900960759638,-0.025059116539674738,0.8783207390602478
p04,mood,time_in_bed_h_avg3,-0.020512916901025482,131,0.8161066953805511,0.8287771534771751,113.63288355465536,-0.14338551154090914,71,-0.02160932611762151,-0.028301338342101474,0.8915577776053814
p04,mood,sleep_eff_lag1,0.07989315979028086,123,0.3797178944742407,0.3836946047108933,121.00353191582595,0.06371058057563043,70,0.0796414081426447,0.13144826160005552,0.6474846454496325
p04,mood,sleep_eff_avg3,0.1281903442820107,131,0.14451804746444838,0.17800604869431774,111.98953338515678,0.1619122841709284,71,0.17149374044486387,0.19896285309225847,0.4806163314746579
p04,mood,bedtime_h_lag1,-0.13919170572708342,123,0.12467744155151339,0.1261819818753807,122.04434657267495,-0.10052495666492203,70,-0.1180970985548714,-0.102135143238605,0.37854594562614213
p04,mood,bedtime_h_avg3,-0.2919699599644839,131,0.0007149996989008866,0.0015460674757149543,114.98475610307253,-0.2378803390936318,71,-0.28631023264827643,-0.27258626866559554,0.041743821844303766
p04,mood,rhr_night_lag1,-0.1627956898255861,123,0.07200629460117483,0.08143309272304079,115.53090581387016,-0.1976275476787496,70,-0.1413247632929483,-0.07167186758890305,0.36644891725368356
p04,mood,rhr_night_avg3,-0.18919966414040706,131,0.030439620953116826,0.0501476225202217,107.74307186452945,-0.16826428416152037,71,-0.16388754330124533,-0.09825082472012435,0.3384964520114965
p04,mood,rhr_day_lag1,0.09295165768656219,30,0.6251645759939156,0.6251645759939156,30.0,0.14750484460141428,17,-0.4101456591233443,-0.09575741382681573,0.8783207390602478
p04,mood,rhr_day_avg3,0.20287826705445133,31,0.2736955924753177,0.2736955924753177,31.0,0.2603165493823874,16,-0.025213645282964957,0.254876727138683,0.5249941418292893
p04,mood,steps_lag1,0.19399495830457522,130,0.02699608715476938,0.028365038419955187,127.77585607961468,0.2151015853022971,74,0.18345422297714883,0.12591944532071478,0.3384964520114965
p04,mood,steps_avg3,0.1676983685438545,135,0.05187721214050328,0.06976348422095822,117.78216795435091,0.09827110034365792,73,0.1302684346190119,0.10035856263609581,0.36644891725368356
p04,mood,lightly_lag1,0.13853087171533893,130,0.11599031714404086,0.12474089911975199,124.12280977204195,0.0920977322592663,74,0.05927770614309569,0.021859190788588428,0.37854594562614213
p04,mood,lightly_avg3,0.15087095333422743,135,0.08069393218973675,0.10607364662165117,115.92915270268965,0.14690138256886842,73,0.06399834381279787,0.06471554568321054,0.37854594562614213
p04,mood,mvpa_lag1,0.0980538205161911,130,0.2670573098192049,0.2670573098192049,130.0,0.1113598072277872,74,0.16383762854895675,0.10497366756639573,0.5249941418292893
p04,mood,mvpa_avg3,0.0043638334886116955,135,0.9599375801058014,0.9623259040589767,119.66126855418062,-0.06303990823206665,73,0.053574285321898334,0.024494943279230776,0.9623259040589767
p04,mood,sedentary_lag1,-0.1042809947528022,123,0.251027969135778,0.25199647338183584,122.5086616299957,-0.07768484226655602,71,-0.07332330613139162,-0.03289128860742623,0.5249941418292893
p04,mood,sedentary_avg3,-0.11153247152489508,132,0.20294736436577307,0.2364702834796748,114.46261946403463,-0.08773875378001018,71,-0.055211866892388016,-0.03397406882893508,0.5249941418292893
p04,mood,srpe_load_lag1,0.05553479889896649,141,0.5130640288739041,0.5130640288739041,141.0,0.10889740132325522,76,0.13575459462336487,0.06704913442997236,0.8148663987997301
p04,mood,srpe_load_avg3,0.05355681525979374,140,0.5297008657426545,0.5508756000512275,126.34799046674706,0.08720023932698318,76,0.14915447654596928,0.08414399030919918,0.8263134000768413
p04,mood,ex_min_nonwalk_lag1,0.015367695116073344,137,0.8585371191755524,0.8585371191755524,137.0,0.1049613453617025,75,0.06614669056099819,0.015528407280657144,0.8915577776053814
p04,mood,ex_min_nonwalk_avg3,-0.027688520233882487,136,0.7489821597481637,0.7638832679249083,120.14874980087598,0.05570054255728881,74,0.0007659839258396849,-0.017937492061039152,0.8915577776053814
p04,mood,steps_dev28_lag1,0.19185566266641946,116,0.03909568532462985,0.041682506707784936,113.10273999272297,0.23318266387266184,66,0.21856292203802552,0.17421112929923263,0.3384964520114965
p04,mood,mvpa_dev28_lag1,0.09873578115702482,116,0.29166341212738295,0.29166341212738295,116.0,0.1569822437722844,66,0.1547021799505467,0.12478706760843106,0.5249941418292893
p04,mood,sleep_h_dev28_lag1,-0.03740403126682308,109,0.6993910612664185,0.7029000746169026,106.40463155773864,-0.15213631070774103,61,-0.016882549857019723,-0.04328773950216763,0.8783207390602478
p05,comp,sleep_h_lag1,0.10004561723791028,102,0.317082573228432,0.317082573228432,102.0,0.14572940715893495,52,0.0934624085177873,0.10374380519539403,0.975342921415989
p05,comp,sleep_h_avg3,0.13505623403123615,108,0.16343613461021259,0.35562749337307253,48.84854221700024,0.41542898905748643,56,0.18361475883082906,0.1349773588513175,0.975342921415989
p05,comp,time_in_bed_h_lag1,0.08694334291477888,102,0.3848965439503469,0.3848965439503469,102.0,0.13586453288264005,52,0.0859870995436357,0.11607945241086572,0.975342921415989
p05,comp,time_in_bed_h_avg3,0.09632437568551538,108,0.321347610747469,0.511493723218528,48.73420531005511,0.38451756327445813,56,0.14537245071498148,0.13824008431640453,0.975342921415989
p05,comp,sleep_eff_lag1,0.09512616844469653,102,0.34158125259426786,0.3720664294188214,90.14789000000233,0.17338784556843237,52,0.12864179943469556,-0.02889962326337283,0.975342921415989
p05,comp,sleep_eff_avg3,0.1795866441632258,108,0.06292055190699672,0.2879732370985379,36.9359100504808,0.2766536880935821,56,0.24474416346531222,0.034588462886896605,0.975342921415989
p05,comp,bedtime_h_lag1,-0.010070633605447606,102,0.9199811713322369,0.9245379266020795,90.95711758809153,0.00035206460756979213,52,-0.0005898758715784802,-0.04600398024380997,0.975342921415989
p05,comp,bedtime_h_avg3,-0.016985494096254248,108,0.8614905983612342,0.9121258762617567,44.704027978919264,-0.26696416944194906,56,-0.03430038223280087,-0.09759734019947834,0.975342921415989
p05,comp,rhr_night_lag1,0.002279719197760144,102,0.981857428830314,0.9912404340909057,25.686638463727647,0.15847205169407938,52,-0.01429863973087241,0.011145086130254575,0.9912404340909057
p05,comp,rhr_night_avg3,0.033898150104212085,108,0.7276292802869601,0.875343589784241,23.898576372391933,0.18703846905609803,56,0.03253814717820037,0.09967741364433816,0.975342921415989
p05,comp,rhr_day_lag1,-0.3876097447276148,71,0.0008387791792292429,0.05640202359450953,24.846858162632394,-0.3368099132529588,39,-0.21276883457215687,-0.13859210566835786,0.5672594921550517
p05,comp,rhr_day_avg3,-0.4198805292941362,73,0.00021729631930674846,0.04707515814242016,22.81438509719836,-0.3386836341418777,41,-0.21985288056732163,-0.13388143822097323,0.5672594921550517
p05,comp,steps_lag1,-0.054733781871609676,120,0.5526805840381342,0.6231853502940501,82.96268797768789,-0.12599970726315834,65,-0.0357361300766241,0.009181434876458405,0.975342921415989
p05,comp,steps_avg3,0.013473486911175826,122,0.8828998270665404,0.9358489558903115,38.179817304637545,-0.03503451538830063,66,0.022592673224185823,0.12783086523620169,0.975342921415989
p05,comp,lightly_lag1,0.20305419210449246,121,0.025500481396867617,0.06302883246167242,84.57313173600316,0.31427646010911847,65,0.19067202933629437,0.20847266066132325,0.5672594921550517
p05,comp,lightly_avg3,0.12297786977053328,122,0.17718285820822122,0.46945095820034843,36.832962478986175,0.17647940848455282,66,0.1310685670096662,0.0660509041329549,0.975342921415989
p05,comp,mvpa_lag1,-0.007269159201776571,121,0.93692779222959,0.9392191095116932,112.52998207150603,0.04233092306408306,65,0.016651167683428066,-0.07648236907803045,0.975342921415989
p05,comp,mvpa_avg3,0.12413806834794695,122,0.17310001454769383,0.4188586403087936,44.576589162482044,0.16798450826952765,66,0.11969530075504135,0.037667850159176695,0.975342921415989
p05,comp,sedentary_lag1,0.0372908551153272,112,0.6962719951219077,0.727221427605794,89.93766615600799,-0.036084761583338364,62,0.015474388394216151,-0.04964631966965338,0.975342921415989
p05,comp,sedentary_avg3,0.03143567710954873,118,0.7354179846817507,0.8400463723263288,43.6999456348244,-0.055673717153758864,65,0.03826411428264238,-0.11826500278003452,0.975342921415989
p05,comp,srpe_load_lag1,0.14087456777658636,90,0.1853744714863261,0.1853744714863261,90.0,0.11554520239454268,50,0.14087456777658636,0.0666042794368924,0.975342921415989
p05,comp,srpe_load_avg3,0.06902262761442704,91,0.5156226025084456,0.680890816109005,37.91130943468279,0.23615620016683153,50,0.06902262761442704,-0.04116648047444011,0.975342921415989
p05,comp,ex_min_nonwalk_lag1,-0.03028464293294704,126,0.7363931595642975,0.762916795685405,101.66644024705631,-0.11260514135288299,71,-0.04120028373508437,0.01280081087043596,0.975342921415989
p05,comp,ex_min_nonwalk_avg3,0.07847212582953,127,0.3805162471658106,0.5936810217344147,48.577051640123614,-0.004641985089100906,71,0.06385245719115507,0.18409290013009735,0.975342921415989
p05,comp,steps_dev28_lag1,-0.0639824873128375,108,0.5106262529872138,0.5826875625422019,76.09589652575775,-0.10060555413992356,61,-0.0031246986199839604,-0.005124070370700675,0.975342921415989
p05,comp,mvpa_dev28_lag1,-0.10833809138388018,109,0.2621402141902369,0.28982654386365214,97.39681961454245,-0.05480244489936588,61,-0.09291733449117374,-0.08291665250920519,0.975342921415989
p05,comp,sleep_h_dev28_lag1,0.07265824798995327,82,0.5165285060166693,0.5165285060166693,82.0,0.20752582386825796,42,0.06767808165334115,0.21719386490515596,0.975342921415989
p05,mood,sleep_h_lag1,0.03258822182347019,102,0.7450637865627253,0.7450637865627253,102.0,0.07261556979358946,52,0.0236260450933732,0.042826078678401595,0.9579391541520754
p05,mood,sleep_h_avg3,0.09908048107495807,108,0.30763077911668146,0.4209325688858343,68.15210469725366,0.3118182376258804,56,0.14464834390148312,0.11818344145054198,0.9579391541520754
p05,mood,time_in_bed_h_lag1,0.01283903360117789,102,0.8980895813736113,0.8980895813736113,102.0,0.07599626078317415,52,0.013089702613185258,0.038860895257911636,0.9606037438688112
p05,mood,time_in_bed_h_avg3,0.05858485312737626,108,0.5469978818276765,0.6349353332378724,68.06558060497278,0.28063766830674564,56,0.1070105362214853,0.10306046819203361,0.9579391541520754
p05,mood,sleep_eff_lag1,0.05159946024401741,102,0.606518337436504,0.6188423427683301,95.33158681110847,0.1390279395752083,52,0.12062337053132309,-0.0052611040262241365,0.9579391541520754
p05,mood,sleep_eff_avg3,0.13042643538460155,108,0.17849157632970963,0.32520313893375524,58.91033998787796,0.32502641102398283,56,0.26260308851189884,0.07453817081774095,0.9579391541520754
p05,mood,bedtime_h_lag1,0.08617190333025906,102,0.3891438933958508,0.4043360707570562,95.79830989559069,0.05830749119934035,52,0.08045738288057813,0.035062996749223675,0.9579391541520754
p05,mood,bedtime_h_avg3,0.02366097505268276,108,0.8079551634520016,0.8516061197798022,64.98922887637976,-0.2404314082480723,56,-0.05026565841624047,-0.09274091329244903,0.9606037438688112
p05,mood,rhr_night_lag1,-0.07828096627734983,102,0.43418145121058127,0.5824339977328804,51.680201645225594,0.10351912245044424,52,-0.02721165968216258,-0.006029297905861409,0.9579391541520754
p05,mood,rhr_night_avg3,-0.056092179358444204,108,0.5642108905047925,0.7041836365740471,48.242242815570904,0.12282651724839574,56,-6.31480392439981e-05,0.0409294576502248,0.9579391541520754
p05,mood,rhr_day_lag1,-0.40773893580139725,71,0.00041652208147480526,0.02428903536624064,30.393536521093893,-0.3895536248718681,39,-0.2321576398429536,-0.14799627713998162,0.3511928645877192
p05,mood,rhr_day_avg3,-0.4302013344549653,73,0.00014543372497778718,0.026014286265756977,26.697907281693574,-0.41272986717143567,41,-0.2295808862600245,-0.14158534793184413,0.3511928645877192
p05,mood,steps_lag1,-0.04799743535014313,120,0.6026577165130043,0.6505758553826809,91.45698912024159,-0.1645468123529019,65,-0.0430115892118583,-0.019403294064363422,0.9579391541520754
p05,mood,steps_avg3,0.07932662791849134,122,0.38509821433790237,0.5519940663691151,58.53735846969529,0.0007535243421963102,66,0.06222570674103749,0.13468646005963436,0.9579391541520754
p05,mood,lightly_lag1,0.19396429651509395,121,0.0330274647515482,0.06317112006142492,92.5172848760071,0.2748679994185793,65,0.15756341217532757,0.15620634054418112,0.5685400805528242
p05,mood,lightly_avg3,0.16017966841919873,122,0.07799714411874743,0.23230398140258887,57.38566362224508,0.12375850009526379,66,0.11734359364352465,0.07255193263512963,0.9579391541520754
p05,mood,mvpa_lag1,-0.008435955699139594,121,0.9268299923296729,0.9288380357250043,114.56793069214022,0.058751695834306186,65,0.016068471349477403,-0.06696821855522936,0.9606037438688112
p05,mood,mvpa_avg3,0.1500215248333387,122,0.09907971169286739,0.23693369632312833,63.94362857827488,0.2102552380964326,66,0.14599412356165567,0.0591322784317849,0.9579391541520754
p05,mood,sedentary_lag1,0.01689301177066075,112,0.8596766301835624,0.8707393943734786,95.26753262253622,-0.015385930144918573,62,0.013770610765171927,-0.03690241891356115,0.9606037438688112
p05,mood,sedentary_avg3,-0.04418500134870799,118,0.6347194687644498,0.7325843273748744,62.24124547476635,-0.019122723638556605,65,-0.014253434775315965,-0.14574518780718812,0.9579391541520754
p05,mood,srpe_load_lag1,0.06488761244552847,90,0.5434435383663515,0.5434435383663515,90.0,0.016963449217102616,50,0.06488761244552847,-0.025716102006975262,0.9579391541520754
p05,mood,srpe_load_avg3,0.03153832769565797,91,0.7666411160942789,0.8229919662690538,52.7817811049537,0.19536940535729924,50,0.03153832769565797,-0.059471333730286215,0.9606037438688112
p05,mood,ex_min_nonwalk_lag1,-0.09714237506142137,126,0.2792015697559788,0.3174314049728542,107.91485607729652,-0.13860547427228906,71,-0.1300079161376467,-0.08307613087623035,0.9579391541520754
p05,mood,ex_min_nonwalk_avg3,0.08423378959372162,127,0.34642024815920575,0.502549600739859,65.63098803742362,0.029204911132349673,71,0.05619480780897587,0.14774324560367696,0.9579391541520754
p05,mood,steps_dev28_lag1,-0.08291280899275201,108,0.39360441058085394,0.45173768987517743,84.58949002189,-0.14965623284020974,61,-0.02258495364057149,-0.037054731699222104,0.9579391541520754
p05,mood,mvpa_dev28_lag1,-0.08539343312760793,109,0.3773068743089367,0.3969970456009122,100.52098295650164,-0.009979847949517458,61,-0.06501775627277974,-0.061398570905082606,0.9579391541520754
p05,mood,sleep_h_dev28_lag1,-0.005539878987200419,82,0.9606037438688112,0.9606037438688112,82.0,0.0567901642074318,42,0.00042713891602133645,0.11143020852675081,0.9606037438688112
p06,comp,sleep_h_lag1,0.3839468136578487,145,1.866807268696781e-06,2.428996942113539e-06,141.82935620299568,0.4998945135601733,82,0.3977562203690043,0.36329957931014323,6.558291743706555e-05
p06,comp,sleep_h_avg3,0.3492535596076952,146,1.5558572246985413e-05,0.00032633697948092344,101.75890732952705,0.4344692549288731,83,0.34475764954011284,0.31394268213447163,0.002202774611496233
p06,comp,time_in_bed_h_lag1,0.36469848214754114,145,6.486945458682726e-06,1.040010061069075e-05,138.6773352541119,0.48392931345559154,82,0.3886139835723957,0.3467859364540149,0.00014040135824432514
p06,comp,time_in_bed_h_avg3,0.3235153150880286,146,6.802063301651008e-05,0.0009713468744463303,100.92011282493233,0.39943811894779335,83,0.3283812441137495,0.29374468461799425,0.005245273122010183
p06,comp,sleep_eff_lag1,0.12508181940106658,145,0.13386271703257915,0.1484729942772927,134.90061570124453,0.029399915486623487,82,0.1305723576474348,0.13838707048791254,0.5454625508984849
p06,comp,sleep_eff_avg3,0.10928070417676601,146,0.18917286360311505,0.2897544689419508,95.78494710924576,-0.024633098892466412,83,0.09295749933275778,0.06572997201470132,0.620992942364646
p06,comp,bedtime_h_lag1,-0.12232389972589863,145,0.14272011957843686,0.16017386285739232,133.33921985250095,-0.18893448098444218,82,-0.19407775706369226,-0.18219794487450783,0.5454625508984849
p06,comp,bedtime_h_avg3,-0.12642469688477198,146,0.128367066992965,0.22222548369938275,94.97022762025689,-0.06581854261172472,83,-0.20695322350006004,-0.21334698455904272,0.5454625508984849
p06,comp,rhr_night_lag1,0.04989208368281935,143,0.5540147082688364,0.633755147082776,93.57933597694951,-0.008646477036979338,82,0.04501189087613932,0.032428330083710405,0.9005994195386817
p06,comp,rhr_night_avg3,-0.008949128421484794,145,0.9149228749588519,0.9355650861333873,84.10581439432156,-0.08654720476794962,83,0.004094714831278857,-0.011964369059679068,0.9355650861333873
p06,comp,rhr_day_lag1,0.053076197563542066,145,0.5260563250500939,0.6222614116549616,88.53066134333645,-0.01934042336667289,82,0.047815001863397225,0.029774101669417862,0.9005994195386817
p06,comp,rhr_day_avg3,-0.010187670545192396,145,0.9032022051136591,0.9267432302283496,83.9437876404899,-0.07542653676309144,83,0.0028142195665553354,-0.014736705705514474,0.9355650861333873
p06,comp,steps_lag1,-0.08097245087612681,146,0.3312592898733291,0.34081425048385333,140.43567389694272,-0.0995059641750656,83,-0.08269422361126821,-0.05139736047653337,0.6572846259331457
p06,comp,steps_avg3,-0.0631300890779862,145,0.45063287153596615,0.5295123520359308,101.49445689387619,-0.12874063704283498,83,-0.04662223748593339,-0.03838433565683107,0.9005994195386817
p06,comp,lightly_lag1,-0.013053642594343258,146,0.8757345537744746,0.882928064165881,129.74957949978995,-0.05779750768482396,83,0.04177371115615196,0.05095591250829113,0.9355650861333873
p06,comp,lightly_avg3,-0.10833236151093052,145,0.19462272292468435,0.29899660187927396,93.86923505285489,-0.15315612714329133,83,-0.03723918861769458,-0.07421749696070352,0.620992942364646
p06,comp,mvpa_lag1,-0.11447951768051205,146,0.16885282032296745,0.16914143311889693,145.80576227032483,-0.055441542684035075,83,-0.1513376458871902,-0.12449133727433802,0.5454625508984849
p06,comp,mvpa_avg3,-0.026475093308503707,145,0.7519277438084082,0.7929793414366555,100.72894702987571,-0.0634810198644352,83,-0.08559941222864796,-0.06388153302455525,0.9355650861333873
p06,comp,sedentary_lag1,0.008904471547070008,144,0.9156422711890548,0.9172126948993166,138.76173698301048,-0.05666273129028917,81,0.00010507093445400675,-0.015309425873621805,0.9355650861333873
p06,comp,sedentary_avg3,0.02799076530819356,143,0.7400038934792118,0.7844659225326996,97.93794771505536,0.044341966100694664,81,-0.014582782937623636,0.021364329758071402,0.9355650861333873
p06,comp,srpe_load_lag1,0.10711305845586933,146,0.1981525943267643,0.20577088040168892,141.23336840916164,0.14737089475401158,83,0.08590479013930943,0.11937964138420547,0.5454625508984849
p06,comp,srpe_load_avg3,0.05261257730568195,145,0.529682011969634,0.6004577242919008,101.45744637310716,0.0595619608002062,83,0.06277718624606274,0.09118800138627635,0.9005994195386817
p06,comp,ex_min_nonwalk_lag1,0.020136844350765112,146,0.8093633330031711,0.8256407010375639,122.15700938477697,0.14244934108573581,83,-0.044848710831562534,-0.020500564842085088,0.9355650861333873
p06,comp,ex_min_nonwalk_avg3,0.13470482829167604,145,0.10622556068548754,0.20257989558655295,91.16500267067542,0.14551564355713378,83,0.048028832550783745,0.07614372679344934,0.5454625508984849
p06,comp,steps_dev28_lag1,-0.008249015468480477,132,0.9252091291307132,0.9284526307500172,120.98159078896207,-0.047726543601910705,75,-0.022097069966197033,0.02394821877244725,0.9355650861333873
p06,comp,mvpa_dev28_lag1,-0.05177850229217589,132,0.5554405411447564,0.558468093860332,130.02696608092336,-0.07086420531623035,75,-0.09247747264024604,-0.04684439539420294,0.9005994195386817
p06,comp,sleep_h_dev28_lag1,0.34089245074521657,131,6.767503629897819e-05,9.921930432171654e-05,125.14513960131022,0.48011418780358556,74,0.3374701678100757,0.2951475795714631,0.0008929737388954488
p06,mood,sleep_h_lag1,0.022985650507529314,145,0.783758370418307,0.7845504088204363,143.9316612431961,0.02402425795773618,82,0.03277647671739194,0.028953604827073206,0.9209939581805121
p06,mood,sleep_h_avg3,-0.005578205526111081,146,0.946722712030562,0.9498237906094911,129.75930509785212,0.010243951124972542,83,0.008723792801168891,-0.009888492063748169,0.9531637156786343
p06,mood,time_in_bed_h_lag1,0.02995507720874129,145,0.7205938523842514,0.7226181742379253,142.8539604682666,0.04639649770496905,82,0.04059807646244687,0.03684000524216978,0.9209939581805121
p06,mood,time_in_bed_h_avg3,-0.00521350074844901,146,0.9502013614607905,0.9531637156786343,129.41585249912887,0.020020036861501254,83,0.003748236853046374,-0.013208842959431685,0.9531637156786343
p06,mood,sleep_eff_lag1,0.07552762851982407,145,0.3665832140614765,0.3724633270779783,141.54165117153352,-0.05979152888239102,82,0.07924899516443801,0.018628322660192313,0.9142281664641285
p06,mood,sleep_eff_avg3,0.09419593906359024,146,0.25809417184390604,0.29162239234106246,127.28062391012584,0.029583542845252577,83,0.09966445054402316,0.011592622482311453,0.874231987940304
p06,mood,bedtime_h_lag1,-0.034846145549060764,145,0.6773383868969318,0.6816555910706953,140.99227879141452,0.06401122030289225,82,-0.03159274770823335,-0.03065359990921408,0.9209939581805121
p06,mood,bedtime_h_avg3,-0.02732733650910535,146,0.7433499436579741,0.7604439755247103,126.93661953115314,0.12554160078270188,83,-0.015611497943606846,0.012238142224868116,0.9209939581805121
p06,mood,rhr_night_lag1,0.17495044708757793,143,0.03662788596822881,0.05335870262411417,122.57314481189732,0.11207293092262141,82,0.19197841608172006,0.12741820404140236,0.48022832361702755
p06,mood,rhr_night_avg3,0.1322286788497344,145,0.11286800682033132,0.15076168373947876,119.54097915230814,0.10322805933008534,83,0.1398617163900344,0.08326984268605227,0.6784275768276545
p06,mood,rhr_day_lag1,0.17971896619118,145,0.03053995965497122,0.04623207495244437,123.5110988901705,0.11205154509228561,82,0.19703221737431284,0.13189109307658534,0.48022832361702755
p06,mood,rhr_day_avg3,0.14092512429050563,145,0.09088947609962492,0.12558227779434739,119.46272845579615,0.11459646867273458,83,0.15050930064279291,0.09129142521254952,0.6781443000894759
p06,mood,steps_lag1,0.0061260523261790975,146,0.9414991151006085,0.9418785951117783,144.14102957524773,-0.09233201190203187,83,0.009480082775508394,-0.007109157064181884,0.9531637156786343
p06,mood,steps_avg3,0.04130097810522775,145,0.6218460197770508,0.6440050317239137,127.58029036684873,-0.020580590292246213,83,0.040795002749445315,0.03578169783519444,0.9209939581805121
p06,mood,lightly_lag1,0.17999866716731014,146,0.029703157368113308,0.03305313701707706,140.43262981860482,0.14748792662682553,83,0.17530240516051904,0.1306597156666072,0.48022832361702755
p06,mood,lightly_avg3,0.09732363984782083,145,0.24419896055248186,0.2819497569254214,124.1402211089636,0.1238161581178188,83,0.08140194095097016,0.012011223942390539,0.874231987940304
p06,mood,mvpa_lag1,-0.08224660999878218,146,0.3236815487264247,0.3237896251630755,145.93590781025404,-0.06692786788983299,83,-0.07815149978338855,-0.0896141981324468,0.874231987940304
p06,mood,mvpa_avg3,0.031059248777613294,145,0.7107452668778989,0.7286080225737515,127.24070899725314,0.029281642699298564,83,0.05499030016525866,0.05794180911409995,0.9209939581805121
p06,mood,sedentary_lag1,-0.08629632341367617,144,0.3037379338026538,0.3067669617986677,142.2385841037616,-0.09375551801672993,81,-0.09121678387708933,-0.05406648187895226,0.874231987940304
p06,mood,sedentary_avg3,-0.05668969896284196,143,0.5012644546035268,0.5304995416617573,124.72536218071747,-0.046281635402277733,81,-0.05313728907490707,-0.00038968562244306597,0.9209939581805121
p06,mood,srpe_load_lag1,-0.03791411103775787,146,0.6495815484666466,0.6513984642846188,144.410476914368,-0.16328744079972776,83,-0.03559630712648294,-0.004548571022437733,0.9209939581805121
p06,mood,srpe_load_avg3,-0.026999875880140033,145,0.7471751428933877,0.7626511231887043,127.56390153852784,-0.17313481917995446,83,-0.024765669740238198,0.004998790533008387,0.9209939581805121
p06,mood,ex_min_nonwalk_lag1,-0.04496177411488256,146,0.5899709909585356,0.6009569760207012,137.68084063942896,-0.004336840149115051,83,-0.016520090191991424,-0.04568138607258522,0.9209939581805121
p06,mood,ex_min_nonwalk_avg3,-0.05714547562826696,145,0.49478056561162587,0.5303142197051237,122.88878003729505,-0.03044155115743533,83,-0.03148952828130163,-0.04064665068059189,0.9209939581805121
p06,mood,steps_dev28_lag1,0.1434985283052109,132,0.10069392700250275,0.10069392700250275,132.0,-0.041982388146601664,75,0.15709658226478865,0.13280467059760637,0.6781443000894759
p06,mood,mvpa_dev28_lag1,0.01607441591412123,132,0.8548480372147168,0.8548480372147168,132.0,-0.07308309889262078,75,0.023029534894405203,-0.004801116485423554,0.9531637156786343
p06,mood,sleep_h_dev28_lag1,-0.024487619177476654,131,0.7812971164283871,0.7812971164283871,131.0,0.12552631011273901,74,-0.019578712368053402,-0.007139721611988583,0.9209939581805121
p07,comp,sleep_h_lag1,0.14888487794592506,124,0.09887492340172693,0.09887492340172693,124.0,0.06336501631797442,73,0.14907366014184276,0.1454371151797796,0.7044800827818658
p07,comp,sleep_h_avg3,0.10043237166573198,130,0.2555705598652356,0.2833621439557601,116.02261788110908,0.07700341805024344,74,0.12364557441616443,0.10271079084551961,0.8227867428508189
p07,comp,time_in_bed_h_lag1,0.11064014432048225,124,0.2212094330852668,0.2212094330852668,124.0,-0.018583741148827815,73,0.11685224652275175,0.1082031665751539,0.8227867428508189
p07,comp,time_in_bed_h_avg3,0.04919379989689196,130,0.5783372795333714,0.6005304676349961,115.66460729422573,0.024552213764867506,74,0.06591608983222298,0.04534806192732543,0.863915109332722
p07,comp,sleep_eff_lag1,0.06380096911216086,124,0.4814452863079041,0.49019990943358577,119.21915766512963,0.1627181949889726,73,0.05605032040966321,0.0818072395682175,0.863915109332722
p07,comp,sleep_eff_avg3,0.1204818859602328,130,0.17212211316923423,0.2248596192765374,103.24069159247206,0.04223359227235672,74,0.11352047884628758,0.1453273546348858,0.8227867428508189
p07,comp,bedtime_h_lag1,0.036485953093187765,124,0.687456195539281,0.6902828618756331,121.69259987954179,0.16146816558120491,73,0.024517426862118642,0.04635631634128045,0.863915109332722
p07,comp,bedtime_h_avg3,-0.06259310221267277,130,0.4792728659597827,0.5240919209519479,105.8800911588195,0.03332265887903717,74,-0.0610893731566886,-0.052351105291963206,0.863915109332722
p07,comp,rhr_night_lag1,0.05388984317502695,123,0.5538537680025502,0.594137417804173,100.12442387267032,0.15407851070445774,72,0.08432705825205994,0.01007443742735876,0.863915109332722
p07,comp,rhr_night_avg3,0.10947212539154846,129,0.21683884383744423,0.2975298602925299,92.51011563977478,0.23172991312078736,73,0.11927202215911425,0.07336275545565467,0.8227867428508189
p07,comp,rhr_day_lag1,0.041028847617431245,127,0.6469575267773412,0.6875903501987373,98.47905046982821,0.1714173141404016,72,0.07071182186216829,-0.0115458710339205,0.863915109332722
p07,comp,rhr_day_avg3,0.10337561030729926,128,0.24555960324169876,0.32625754510532773,92.19408601104178,0.20931263645883624,73,0.10967158506319534,0.06459035805182814,0.8227867428508189
p07,comp,steps_lag1,-0.14983149450386035,127,0.0926997668961108,0.10436741967138752,118.6604338247425,-0.153902367030945,72,-0.1321941279844456,-0.14090403446619307,0.7044800827818658
p07,comp,steps_avg3,-0.09305004890557245,129,0.29425352272175204,0.36568299682258615,96.59682032987665,-0.11081626497981874,73,-0.12009954293955438,-0.08301808069565846,0.8227867428508189
p07,comp,lightly_lag1,-0.046631652384627534,127,0.6026458378614538,0.6172594492020739,117.22190661346892,-0.0029548142939240154,72,-0.06603044228632843,-0.08434810495973293,0.863915109332722
p07,comp,lightly_avg3,-0.03517942215013368,129,0.6922563432502026,0.7288315796427677,99.5522985787336,0.005194917924295224,73,-0.045510285676020154,-0.0706537106639069,0.863915109332722
p07,comp,mvpa_lag1,0.030589170657839643,127,0.7328070240464709,0.7359276857278743,123.99657539798537,0.029953306282595092,72,0.048247281905581973,0.027971051962984116,0.863915109332722
p07,comp,mvpa_avg3,0.015217389478878615,129,0.8640948602603233,0.8817959064724687,97.96502414143038,-0.03336855563204706,73,0.007701074630742259,0.022136717958376746,0.9208320697247342
p07,comp,sedentary_lag1,-0.06157017814490667,122,0.5004998467448174,0.5004998467448174,122.0,-0.07653922913039293,70,-0.08549318360650977,-0.045005898505232754,0.863915109332722
p07,comp,sedentary_avg3,0.09401702139549142,124,0.29897738041923955,0.3526233331651169,99.81145956050158,0.05267321887670911,71,0.1216157950920796,0.11190713338925039,0.8227867428508189
p07,comp,srpe_load_lag1,0.01669669647556839,131,0.8498701848639717,0.8498701848639717,131.0,0.07359453952848678,75,0.03174610830365947,0.025900036368671463,0.9208320697247342
p07,comp,srpe_load_avg3,0.0019828957423802277,130,0.9821367348144573,0.984207953025697,102.14313086622933,-0.016313913833333655,74,0.0078122792339081586,0.012611288076727732,0.984207953025697
p07,comp,ex_min_nonwalk_lag1,-0.07535856849127619,129,0.3960005527210495,0.39818540198684743,127.83445999175537,-0.07735557537087254,75,-0.07871925549788183,-0.07116126843960728,0.8270004502803754
p07,comp,ex_min_nonwalk_avg3,-0.23926011639476275,129,0.006318021559226775,0.013962435443276024,105.006280033194,-0.271452198144009,74,-0.23500265964934852,-0.24083992461696227,0.37698575696845266
p07,comp,steps_dev28_lag1,-0.09652808141950388,113,0.3091172773130725,0.3490564654752688,96.16897055450085,-0.13901887429390025,64,-0.058778982831427004,-0.05539170211651622,0.8227867428508189
p07,comp,mvpa_dev28_lag1,0.014009521792986885,113,0.8829152403952446,0.8867271782534478,105.87378500322433,-0.026974106223199214,64,0.043656703567116005,0.020868653879149844,0.9208320697247342
p07,comp,sleep_h_dev28_lag1,0.17247748752930164,111,0.07026722323169242,0.07026722323169242,111.0,0.09665203943224564,64,0.1840820028151618,0.16217020726242037,0.7044800827818658
p07,mood,sleep_h_lag1,0.09353619279775137,124,0.3014665490561865,0.3014665490561865,124.0,-0.03940113800318027,73,0.11679778013015488,0.08538673189256575,0.7953713830813374
p07,mood,sleep_h_avg3,0.1217914013951798,130,0.16747327103712317,0.20769393186881285,108.72150853510692,-0.006207273928974402,74,0.15817018062607954,0.11212628462653844,0.7009670200572434
p07,mood,time_in_bed_h_lag1,0.04368444615713999,124,0.6299815112680616,0.6299815112680616,124.0,-0.12622919248558925,73,0.06104144662230369,0.03732899351538889,0.7953713830813374
p07,mood,time_in_bed_h_avg3,0.09091994089226162,130,0.30358907196484614,0.3489288352467812,108.19306645944525,-0.05913319798840018,74,0.11857916179575616,0.06822579260775903,0.7953713830813374
p07,mood,sleep_eff_lag1,0.05964048398128536,124,0.5105456499601386,0.5266920174907754,114.96934428488623,0.07864697650898841,73,0.07201002011973297,0.11175909529180675,0.7953713830813374
p07,mood,sleep_eff_avg3,0.1859492628710853,130,0.0341597199356759,0.07872241037158659,90.33925068782834,0.010390748002459628,74,0.1872404818575245,0.2531248547728586,0.5741345984330782
p07,mood,bedtime_h_lag1,0.05684853117320008,124,0.5305709504129286,0.5381062562670448,119.60173229633459,0.1804497398132574,73,0.021705727512617762,0.08637069176781265,0.7953713830813374
p07,mood,bedtime_h_avg3,-0.0925069679999764,130,0.29519121021358463,0.37504748668690757,94.05507062994614,0.06371339227874041,74,-0.10361808687494334,-0.044965295630120576,0.7953713830813374
p07,mood,rhr_night_lag1,0.1680441708593964,123,0.06318239434531839,0.12758546631846182,83.54531021183308,0.27520418966810206,72,0.1800431028835548,0.08801530880665973,0.5741345984330782
p07,mood,rhr_night_avg3,0.21371928567330314,129,0.015018794968487934,0.063642611955646,76.0722944672476,0.2694889307942287,73,0.22516801483437587,0.12056568516358515,0.5741345984330782
p07,mood,rhr_day_lag1,0.1744282817304925,127,0.04984004553961804,0.11667999959511151,82.15779356447823,0.26518521193504674,72,0.1876708252878124,0.06894213897112836,0.5741345984330782
p07,mood,rhr_day_avg3,0.20982524738214695,128,0.017447458002174725,0.06854941803653458,76.17551932033528,0.2485321535131345,73,0.21757139677246487,0.11364077788533097,0.5741345984330782
p07,mood,steps_lag1,-0.08878906654669656,127,0.3208703981985025,0.3492950414847751,113.18023526650765,-0.10968634644081605,72,-0.07916077841855693,-0.06489172068197434,0.7953713830813374
p07,mood,steps_avg3,-0.018150217220357114,129,0.838230700041142,0.8717422570918808,81.60607271617356,-0.06173198840548571,73,-0.03484055897754242,0.022693472916309326,0.9711981469579076
p07,mood,lightly_lag1,0.05966896339328867,127,0.5051678863469237,0.5341496002753016,110.85851783074386,0.1364836234048069,72,0.04854290678963337,-0.017846073115341875,0.7953713830813374
p07,mood,lightly_avg3,0.05705513122907826,129,0.5207188351693013,0.6025433709928834,85.66621203293913,0.035174653253637174,73,0.08730256543774334,-0.014822941247077526,0.7953713830813374
p07,mood,mvpa_lag1,0.011582977763704433,127,0.8971620295377329,0.8992575434795441,121.95085663757895,-0.027453265298482205,72,0.023035293583530406,0.011567680683829126,0.9711981469579076
p07,mood,mvpa_avg3,0.053483867463304385,129,0.5471885084264968,0.6300591118543645,83.47953100159178,-0.029680216354226,73,0.04847979916708962,0.0792865430604839,0.7953713830813374
p07,mood,sedentary_lag1,-0.07863258331683748,122,0.389283060581365,0.389283060581365,122.0,-0.024589729561718718,70,-0.10322202445218366,-0.034650992694847615,0.7953713830813374
p07,mood,sedentary_avg3,-0.04943706374310968,124,0.5855705525219422,0.648080386214423,87.63435502404398,-0.014825372483345825,71,-0.0550733588004452,-0.016144012097304827,0.7953713830813374
p07,mood,srpe_load_lag1,0.001715062348642059,131,0.9844887733718412,0.9844887733718412,131.0,0.029270004047739658,75,0.03650568844806773,0.034664205731279416,0.9844887733718412
p07,mood,srpe_load_avg3,0.04388185436715362,130,0.6200801594955686,0.6833713625115417,88.80598313726922,-0.04339303288007584,74,0.07249599607572639,0.07626709582589455,0.8022185559918099
p07,mood,ex_min_nonwalk_lag1,-0.06512333739069277,129,0.46341304613423706,0.46672061858349967,127.13905877393886,-0.11330489283492026,75,-0.07063895982132613,-0.04660295066566598,0.7953713830813374
p07,mood,ex_min_nonwalk_avg3,-0.1758677155679624,129,0.046196024397550654,0.09111171322812267,93.35711240429934,-0.24234927887668528,74,-0.18495653916329705,-0.16585956457059503,0.5741345984330782
p07,mood,steps_dev28_lag1,-0.005257897590021391,113,0.9559224472146978,0.9606118587976596,90.71991549088682,-0.1066933925452792,64,0.026987376258014888,0.05158843478297862,0.9844887733718412
p07,mood,mvpa_dev28_lag1,0.04759272385782355,113,0.6166693584351627,0.6323709555013983,103.42280944338539,-0.059191629124599146,64,0.07170120952187028,0.059571437747857926,0.7953713830813374
p07,mood,sleep_h_dev28_lag1,0.12753883358731893,111,0.1822206515157876,0.1822206515157876,111.0,0.014887140196909504,64,0.16487460496435838,0.1146691168310487,0.7009670200572434
p08,comp,sleep_h_lag1,0.2706992125733213,94,0.008318205109939764,0.008318205109939764,94.0,0.21108591944789967,57,0.23248647763553107,0.2512229239067867,0.05614788449209341
p08,comp,sleep_h_avg3,0.3015857717750326,97,0.0026821525074990278,0.004353426365486326,87.75278834842815,0.40133602777360244,57,0.24227091113844285,0.25566336981474697,0.03918083728937693
p08,comp,time_in_bed_h_lag1,0.3039785109754636,94,0.002895960246391942,0.002895960246391935,94.0,0.25952929135146113,57,0.2770089320738494,0.28547728934808986,0.03909546332629112
p08,comp,time_in_bed_h_avg3,0.3205277990603606,97,0.0013704538745091684,0.002447602155633255,87.16858628974776,0.42753867851366806,57,0.2592492525082446,0.2707589725488771,0.03909546332629112
p08,comp,sleep_eff_lag1,0.16917501367032203,94,0.10309326477525986,0.11005032903120493,90.43463274845882,-0.05230793082788522,57,0.1425198751576966,0.18168848814705368,0.4280436218459995
p08,comp,sleep_eff_avg3,0.13139830348459497,97,0.19952114046009145,0.23071158631316185,84.97617908765119,0.06967086203483223,57,0.05814202051458131,0.11109416321607628,0.5662920754959427
p08,comp,bedtime_h_lag1,-0.01548765157696736,94,0.882217990527947,0.8873363255018356,86.16782685173249,0.012729637844590821,57,0.031007810225331743,-0.010935462577139956,0.9583232315419825
p08,comp,bedtime_h_avg3,0.0028342541252216447,97,0.9780191885782767,0.9795616445172037,84.1994864727536,0.10370483569958204,57,0.08373661277707362,0.0063197449991336035,0.9795616445172037
p08,comp,rhr_night_lag1,0.004047662930273255,94,0.9691147251669019,0.9717508791554256,79.04023120778716,-0.11242152044941416,57,0.044691114349463365,0.12222397767099978,0.9795616445172037
p08,comp,rhr_night_avg3,0.03347416719434316,97,0.7448029351843776,0.7671140605223843,80.72705829590973,-0.05461093469669604,57,0.07866232914118061,0.18186686629368384,0.9568733184578871
p08,comp,rhr_day_lag1,0.022206671428193794,94,0.8317582247890265,0.8505540608514552,74.46648903785594,-0.09977454077551287,56,0.06330280175397655,0.1390784035088362,0.9568733184578871
p08,comp,rhr_day_avg3,0.027826932660657912,94,0.7900591008572904,0.8133658434166203,74.45009293752516,-0.06081347182676999,55,0.07898599449412337,0.1829292321335744,0.9568733184578871
p08,comp,steps_lag1,0.039438378658668484,94,0.7058763134130256,0.7058763134130256,94.0,0.078274071747812,56,0.10265165203000959,0.1206212877390621,0.9568733184578871
p08,comp,steps_avg3,0.05092538992523844,94,0.6259392984277621,0.6585162158977088,77.7191608178176,0.0728528711389272,55,0.12919618728696058,0.12802093512062782,0.9568733184578871
p08,comp,lightly_lag1,0.03207205796270917,94,0.7589433927663203,0.7703310768742175,85.3147108363052,-0.0698665151561253,56,0.11264340294646956,0.1564782019253456,0.9568733184578871
p08,comp,lightly_avg3,0.06557851439775493,94,0.5300191819444152,0.5719668052950995,76.6086680567871,0.007543300464876403,55,0.15565647717289743,0.1770303312865121,0.9568733184578871
p08,comp,mvpa_lag1,0.16719910978072342,94,0.10723939296928234,0.11097427233044431,92.09026380555686,0.09685949448394163,56,0.2634065880466914,0.25484429248161766,0.4280436218459995
p08,comp,mvpa_avg3,0.15885090443951722,94,0.12620555807979936,0.1613467621877142,79.24828553961011,0.19471144324962217,55,0.26466915449552975,0.23954091767734492,0.5017619389625205
p08,comp,sedentary_lag1,-0.03877138566388591,87,0.7214370061921472,0.7285618539469304,82.55694970904307,0.12185423506816458,54,-0.11449120601289986,-0.13894807246112115,0.9568733184578871
p08,comp,sedentary_avg3,-0.09176397937919759,91,0.38698458921480045,0.4181524011382409,80.01461461361723,-0.12491077068254776,54,-0.17464133953622613,-0.17523664574881365,0.8684703715948081
p08,comp,srpe_load_lag1,0.060151183562503714,102,0.5481369408013748,0.5481369408013748,102.0,0.16533405553468847,60,0.0835209344732642,0.05198704064877513,0.9568733184578871
p08,comp,srpe_load_avg3,0.03627601255502789,101,0.7187348928174323,0.7395477225195274,86.43165733818388,0.13989307780588953,59,0.007862837964954673,-0.005592360159178825,0.9568733184578871
p08,comp,ex_min_nonwalk_lag1,0.13544413992397245,102,0.17467843655981727,0.17467843655981719,102.0,0.07704378682504953,60,0.1253888699962965,0.15411624620151576,0.5017619389625205
p08,comp,ex_min_nonwalk_avg3,0.14257537266597897,101,0.15493719729035446,0.18583775517130388,87.72404998062892,0.14732115861764467,59,0.12755728395598392,0.14660165017559704,0.5017619389625205
p08,comp,steps_dev28_lag1,0.02558587302968245,81,0.8206330255195986,0.8225131462834635,79.33514724309585,-0.01343775736445576,48,0.12510343604579616,0.16609494189931623,0.9568733184578871
p08,comp,mvpa_dev28_lag1,0.09627110167635258,81,0.39257260276012496,0.3980958704855017,79.18621483884935,-0.014559941482352923,48,0.18610952872032996,0.1959187112382955,0.8684703715948081
p08,comp,sleep_h_dev28_lag1,0.25272228199279684,81,0.02283205569018805,0.02283205569018803,81.0,0.2076448190236419,49,0.22162671423270994,0.2271573228147112,0.12329310072701535
p08,mood,sleep_h_lag1,0.03177797651820502,94,0.7610872337738803,0.7610872337738803,94.0,-0.08175723344360952,57,0.014938819089514258,0.03237055259714963,0.9733321834855414
p08,mood,sleep_h_avg3,0.15284716160774528,97,0.13500522912792987,0.16560601224158816,83.81380811194174,0.17189412063484358,57,0.16214915490706802,0.17482861505959008,0.9641862642963376
p08,mood,time_in_bed_h_lag1,0.026361414184324746,94,0.8008806644909111,0.8008806644909111,94.0,-0.059024776838062475,57,0.013607781601848664,0.02465912401370486,0.9733321834855414
p08,mood,time_in_bed_h_avg3,0.16385909791527242,97,0.10876610105328405,0.13881748335632596,82.99961448792747,0.16539837614444602,57,0.17206086053060168,0.18622687583751799,0.9641862642963376
p08,mood,sleep_eff_lag1,0.1230000572082597,94,0.23757704155909862,0.24997421666942085,89.31198417640972,0.03566005648754816,57,0.11125129296256615,0.13784513101846643,0.9641862642963376
p08,mood,sleep_eff_avg3,0.1439340063743368,97,0.1595626293838728,0.2028520663626106,79.96352573390617,0.1402024592885117,57,0.12078935865804355,0.19798407693949063,0.9641862642963376
p08,mood,bedtime_h_lag1,0.05762817251334828,94,0.5811477685938745,0.6030814425918942,83.77613926550038,0.126400454787978,57,0.06629231870983911,0.05292543737229837,0.9733321834855414
p08,mood,bedtime_h_avg3,0.022729661709472805,97,0.8251020226949102,0.8425013257066492,78.89524955035999,0.13058859737206513,57,0.05893539146039148,0.022173530194359362,0.9733321834855414
p08,mood,rhr_night_lag1,-0.08084443379663443,94,0.4385775055230271,0.49138970937457155,74.70510442271986,-0.0729061338972766,57,-0.05919891992914209,-0.016785142058260028,0.9733321834855414
p08,mood,rhr_night_avg3,0.0040345934488089695,97,0.9687140592487845,0.9727531193215009,74.16525669345134,-0.031138135623770522,57,0.01456912101453608,0.0848541425458043,0.9733321834855414
p08,mood,rhr_day_lag1,-0.05206160334205837,94,0.6182440468108544,0.665691140048023,71.28125106130143,-0.05089336515685607,56,-0.037423266896239066,0.010780108806624012,0.9733321834855414
p08,mood,rhr_day_avg3,0.008298070902707821,94,0.9367322196645401,0.9442919450106091,73.40591016655847,-0.03060291426052683,55,0.024485949526435506,0.0850940506108036,0.9733321834855414
p08,mood,steps_lag1,0.12747178235314385,94,0.2208200498178574,0.2208200498178574,94.0,0.08328787400141449,56,0.16530453981332388,0.1680089589170544,0.9641862642963376
p08,mood,steps_avg3,-0.0038773450055937762,94,0.9704137196308483,0.9733321834855413,76.83178720484986,-0.025387032946138397,55,0.054693522946461896,0.012718477241344521,0.9733321834855414
p08,mood,lightly_lag1,0.07787227539001264,94,0.4556482209555924,0.4819404567783475,83.79124528980132,-0.017446640587651528,56,0.11429253200617986,0.11846868614206603,0.9733321834855414
p08,mood,lightly_avg3,0.03866042185272972,94,0.7114198267727401,0.7407800095796215,75.66722977758,0.002561967268266028,55,0.0976589023017342,0.07222409694504715,0.9733321834855414
p08,mood,mvpa_lag1,0.07823432780320878,94,0.4535492939794661,0.45917961470132856,91.74030452472422,0.017749939401966792,56,0.10930526513864469,0.13067977162615604,0.9733321834855414
p08,mood,mvpa_avg3,0.022831867108045457,94,0.827094252389095,0.8422714911992529,78.43670197259638,0.044822886801555197,55,0.07227066559942186,0.0375231157053857,0.9733321834855414
p08,mood,sedentary_lag1,-0.05251558462617805,87,0.6290378469854451,0.6420831588593664,80.72123323528442,0.06901000740087507,54,-0.09708362693168483,-0.1339554007453269,0.9733321834855414
p08,mood,sedentary_avg3,-0.005136867167304638,91,0.9614568368595499,0.9645060274900821,77.54187510620012,-0.023371464476213286,54,-0.0673167931232376,-0.041659870859079816,0.9733321834855414
p08,mood,srpe_load_lag1,0.04694565608213572,102,0.6393963697369084,0.6393963697369084,102.0,0.020879654750989046,60,0.06178997940832078,0.05175551438565527,0.9733321834855414
p08,mood,srpe_load_avg3,-0.04908391367756201,101,0.625945761887868,0.6607429636914867,82.35379518907789,0.012221517526215532,59,-0.10364831150109344,-0.07238468107314174,0.9733321834855414
p08,mood,ex_min_nonwalk_lag1,0.131037527757143,102,0.1892597681292075,0.1892597681292075,102.0,0.10130789273126178,60,0.1395557114198845,0.16847025555164663,0.9641862642963376
p08,mood,ex_min_nonwalk_avg3,0.11751372494281355,101,0.24185682318352053,0.2871366401895254,83.9750854276676,0.09886306432570932,59,0.08645095465268454,0.14213431223330467,0.9690861606396483
p08,mood,steps_dev28_lag1,0.17542272901896197,81,0.11724587019081413,0.12081693548767211,79.49523447613437,0.06290474102467751,48,0.20434367214753754,0.27969975896107524,0.9641862642963376
p08,mood,mvpa_dev28_lag1,0.03221506677514675,81,0.7752585848704979,0.7775553768442094,79.3604765241264,-0.06066274801267325,48,0.05322009022137238,0.1121249759226276,0.9733321834855414
p08,mood,sleep_h_dev28_lag1,-0.012492532426986629,81,0.911862520875239,0.911862520875239,81.0,-0.13694733232375017,49,-0.021986654758895777,-0.032531514305758236,0.9733321834855414
p09,comp,sleep_h_lag1,0.3321464827319351,94,0.0010733201885417829,0.0010733201885417829,94.0,0.3204418146659447,53,0.3459385210578021,0.35773254620055345,0.009659881696876047
p09,comp,sleep_h_avg3,-0.014160892560013816,98,0.8899290838270498,0.8925144836046845,93.53917611625279,0.02011730629496839,55,-0.004705222111121957,0.005917830733009599,0.8925144836046845
p09,comp,time_in_bed_h_lag1,0.34263519186969515,94,0.0007236441529707248,0.0007236441529707248,94.0,0.32934080077990524,53,0.3588656203185582,0.36469242895620085,0.009659881696876047
p09,comp,time_in_bed_h_avg3,-0.029891051756369393,98,0.7701528590250636,0.7754045233205201,93.56662546473592,0.005292120214532226,55,-0.02087711243840441,-0.008792808683596543,0.8881953658654811
p09,comp,sleep_eff_lag1,0.01916309161390996,94,0.854543819682752,0.8552992412037966,93.04145633061054,0.11587133839598049,53,-0.01191438944270552,0.014330922781884805,0.8881953658654811
p09,comp,sleep_eff_avg3,0.021327260142792008,98,0.8348823910484582,0.8396973073009023,92.43589517006477,0.07714129819784762,55,0.011392517296296784,0.012150943400685338,0.8881953658654811
p09,comp,bedtime_h_lag1,-0.02699666555027015,94,0.7961851458875869,0.7968734548124041,93.36920177668591,-0.0950220757397689,53,-0.022542967891257235,-0.0665893096720148,0.8881953658654811
p09,comp,bedtime_h_avg3,-0.03705928912794408,98,0.7171386156408555,0.7244057174794062,92.94988866079242,-0.08833809756175294,55,-0.024298227692611665,-0.0699319428848046,0.8881953658654811
p09,comp,rhr_night_lag1,0.158795223784614,92,0.1305603243288411,0.1526826105531351,82.5795838299701,0.18227389513755732,53,0.1738206887478634,0.16530727507481577,0.47933378438353536
p09,comp,rhr_night_avg3,0.07652280651935237,96,0.45867327134914043,0.47625741541440836,88.89796173055834,0.12610323296223386,53,0.0829925993418209,0.08680042587670571,0.7396058257897714
p09,comp,rhr_day_lag1,0.21529707295709716,82,0.05207495250707352,0.05207495250707352,82.0,0.2137063793232289,44,0.2100398697239549,0.20457492582245035,0.3515059294227463
p09,comp,rhr_day_avg3,0.059191423525329794,90,0.5794584338141157,0.5960490953429114,82.55924832534483,0.10627532678671328,52,0.069036702734942,0.060514877269027496,0.8046662787129304
p09,comp,steps_lag1,0.15241334750140997,82,0.17163327249470936,0.17163327249470936,82.0,-0.02760698507322268,44,0.18355980939279948,0.12690172706419509,0.47933378438353536
p09,comp,steps_avg3,0.14153739391877468,90,0.1832936782910287,0.19646718696224624,84.94603573128822,0.038300314620287344,52,0.16528171047548346,0.12972847336301646,0.4822376407255135
p09,comp,lightly_lag1,0.18479229407752776,82,0.09650809152649999,0.09650809152649999,82.0,0.11833321599601215,44,0.21958360554065262,0.17044583634548693,0.47813807765853344
p09,comp,lightly_avg3,0.16851132536832603,90,0.11236132641658116,0.12396172383739756,84.64865768639463,0.09574618939358473,52,0.1982968485621532,0.16746219487697817,0.47813807765853344
p09,comp,mvpa_lag1,0.17327725248854262,82,0.11951668756193336,0.11951668756193336,82.0,0.055533746037687695,44,0.19991320193257814,0.15034141924355282,0.47813807765853344
p09,comp,mvpa_avg3,0.024527287786367386,90,0.8185050403286243,0.8228777715279812,85.7641059870001,-0.018305350596029384,52,0.03902185372548623,-0.010460332223970014,0.8881953658654811
p09,comp,sedentary_lag1,-0.1312253242208068,67,0.28982887097500337,0.28982887097500337,67.0,-0.10550107341276867,35,-0.16552206983849152,-0.13565382661654088,0.6142235547746207
p09,comp,sedentary_avg3,-0.12420844587661621,70,0.3056158694456054,0.31654876777522994,67.0172289735767,-0.16563942417913566,40,-0.1234108691599662,-0.13097960514584953,0.6142235547746207
p09,comp,srpe_load_lag1,-0.24445594165841664,32,0.17753103125316125,0.17753103125316125,32.0,-0.42392724751119965,19,-0.24445594165841664,-0.2832002389376879,0.47933378438353536
p09,comp,srpe_load_avg3,-0.11789557375419213,32,0.5204633588890984,0.5204633588890984,32.0,-0.23366116438230206,18,-0.11789557375419213,-0.1490829560696224,0.7396058257897714
p09,comp,ex_min_nonwalk_lag1,-0.10294309848002371,75,0.3794676073727246,0.3794676073727246,75.0,-0.19020725676098382,43,-0.10294309848002371,-0.1272749184049404,0.6430077532000594
p09,comp,ex_min_nonwalk_avg3,-0.10331650506667603,74,0.38104163152596116,0.38104163152596116,74.0,-0.07899094396989746,42,-0.10331650506667603,-0.118363880247646,0.6430077532000594
p09,comp,steps_dev28_lag1,0.11518914370258813,77,0.3184862876609144,0.3184862876609144,77.0,-0.06026626218598635,42,0.13088573588197425,0.08661830444315002,0.6142235547746207
p09,comp,mvpa_dev28_lag1,0.07861784265342671,77,0.4967336519343476,0.4967336519343476,77.0,-0.0688002568868327,42,0.06978175363374287,0.04458142373511418,0.7396058257897714
p09,comp,sleep_h_dev28_lag1,0.3472981203422286,92,0.0006942324270172402,0.0006942324270172418,92.0,0.34103510621858574,52,0.36099668864054574,0.3471538423311994,0.009659881696876047
p09,mood,sleep_h_lag1,0.12358033071750757,94,0.2353540427728508,0.2353540427728508,94.0,0.17001570803600036,53,0.12682116083593295,0.14968657580421466,0.42639762801546477
p09,mood,sleep_h_avg3,-0.13466989279979072,98,0.18613816057617305,0.22607614180262112,82.56232087981996,-0.040645032563617,55,-0.1605178039928282,-0.1135354207104863,0.42639762801546477
p09,mood,time_in_bed_h_lag1,0.12518348813476077,94,0.2292878315546776,0.22928783155467763,94.0,0.15835730863562647,53,0.13165176087418368,0.14798415310453822,0.42639762801546477
p09,mood,time_in_bed_h_avg3,-0.1606301504069298,98,0.11409925891714405,0.14775264371267013,82.65190306770596,-0.0860621539707356,55,-0.1793994701778995,-0.13628010516750758,0.42639762801546477
p09,mood,sleep_eff_lag1,0.04635731849201958,94,0.6572769196018511,0.6674115164289331,88.32736518745138,0.2076937089602512,53,0.02861809940664906,0.04171308774915503,0.858100521122914
p09,mood,sleep_eff_avg3,0.13460299619479266,98,0.18635893528440028,0.23688757111970263,79.01328732090214,0.2591094722029671,55,0.12852916541747444,0.12522559277343548,0.42639762801546477
p09,mood,bedtime_h_lag1,0.00546982628626926,94,0.9582715250616947,0.9591383767880829,90.23450420766152,-0.08569632501952176,53,0.024941160308758075,0.011954612764002942,0.9591383767880829
p09,mood,bedtime_h_avg3,-0.02709192451482336,98,0.7911605673177382,0.8106772905862131,80.65427796260636,-0.10305615362299951,55,0.036792959548649244,0.004955130863151155,0.9120119519094897
p09,mood,rhr_night_lag1,0.09722166727266962,92,0.35655258572933085,0.44607967696170625,63.63195562205263,0.11433167048655543,53,0.08979695598849595,0.0916447767717891,0.6022075638983034
p09,mood,rhr_night_avg3,0.018257522376012917,96,0.8598557209961976,0.8798205752375255,71.06725383784753,0.03532582692863543,53,0.009754446008102883,0.012656365010395071,0.9136598281312766
p09,mood,rhr_day_lag1,0.1510628283573997,82,0.1755066952977313,0.2363685948325975,63.23596482622395,0.08728826113841849,44,0.1320659341898349,0.1347704210988044,0.42639762801546477
p09,mood,rhr_day_avg3,0.04539982777188487,90,0.6709101185926858,0.7200657189489469,64.74359235300642,0.06704218746166485,52,0.038530120477380345,0.02877727797440908,0.8837170187100711
p09,mood,steps_lag1,0.20335901884533128,82,0.06688857210808152,0.07351570738181304,78.32883669856989,0.04151322365172526,44,0.22011659862831615,0.1751379787752005,0.42639762801546477
p09,mood,steps_avg3,0.1845046179377909,90,0.08170522126712895,0.1200892516108525,72.25756035649215,0.09650230281220289,52,0.16679371370130272,0.14474171048917236,0.42639762801546477
p09,mood,lightly_lag1,0.287473246877999,82,0.008825430346947454,0.011110196510630346,77.24417159356268,0.2003264275179898,44,0.30073107704043844,0.26088744517438833,0.2564582579725419
p09,mood,lightly_avg3,0.27722856279515906,90,0.008161320011510168,0.018996907997966068,71.29341733407512,0.20270145737808926,52,0.2640880717037855,0.2486130821245028,0.2564582579725419
p09,mood,mvpa_lag1,0.20743334392491325,82,0.06149124273511748,0.06149124273511748,82.0,0.12888812981783654,44,0.21782186112486154,0.2009110451965386,0.42639762801546477
p09,mood,mvpa_avg3,0.036236946927189984,90,0.7345495935986621,0.7576629458869589,74.95282453139123,-0.003220428564700277,52,0.015318303048533263,-0.01378746127936724,0.8894304147368648
p09,mood,sedentary_lag1,-0.09843333158826224,67,0.4280831089704936,0.4289543042650327,66.75705168724926,-0.05141347131819828,35,-0.13192463419647713,-0.10786460434495572,0.6022075638983034
p09,mood,sedentary_avg3,-0.024635805496829425,70,0.8395748463302345,0.8612998215158794,52.780214700987116,-0.02672630456049755,40,-0.03026584453186276,-0.03124620816236285,0.9136598281312766
p09,mood,srpe_load_lag1,-0.1602556079232137,32,0.38094454739518296,0.38094454739518296,32.0,-0.3606273590035786,19,-0.1602556079232137,-0.24027862693451235,0.5714168210927745
p09,mood,srpe_load_avg3,-0.1802053589039466,32,0.32366790944423174,0.3777295913330685,26.062198028328275,-0.16523125881816728,18,-0.1802053589039466,-0.24758040842148885,0.5714168210927745
p09,mood,ex_min_nonwalk_lag1,-0.13835214319885322,75,0.2365147517904992,0.2365147517904992,75.0,-0.21496864890344075,43,-0.13835214319885322,-0.1632629002052747,0.42639762801546477
p09,mood,ex_min_nonwalk_avg3,-0.15251928606343249,74,0.194531955664722,0.2320488639398292,63.17846210401499,-0.11529847311281634,42,-0.15251928606343249,-0.16678344742131804,0.42639762801546477
p09,mood,steps_dev28_lag1,0.14527529325816074,77,0.20744052635345023,0.2139087575736573,74.91720550508987,-0.04895583854204191,42,0.1550699427976635,0.11237780558455782,0.42639762801546477
p09,mood,mvpa_dev28_lag1,0.10617060441241233,77,0.3580924378231592,0.3592630817774106,76.6379262593435,0.003825397633008393,42,0.08655897703122477,0.08025491866430863,0.5714168210927745
p09,mood,sleep_h_dev28_lag1,0.1426931066054409,92,0.17481117343415675,0.17481117343415675,92.0,0.20107920285463168,52,0.14560417654276128,0.15129570395137362,0.42639762801546477
p10,comp,sleep_h_lag1,0.3087137283848292,80,0.0053335959543059225,0.0053335959543059225,80.0,0.37433906298846925,48,0.3087137283848292,0.3102876447581233,0.07200354538312995
p10,comp,sleep_h_avg3,0.24531197333874524,87,0.02201342942274784,0.028303822399165783,79.98690364989882,0.26509423526764614,49,0.24531197333874524,0.2202747336987535,0.13392894526434354
p10,comp,time_in_bed_h_lag1,0.2715770261212156,80,0.014817235433732793,0.014922882191583983,79.83657924368877,0.310154550882405,48,0.2715770261212156,0.27219242189981474,0.12579133957207064
p10,comp,time_in_bed_h_avg3,0.20185191299349614,87,0.06081117206095772,0.07298077189489105,79.77709096229269,0.20725935341468246,49,0.20185191299349614,0.17248301775660962,0.2804805402679795
p10,comp,sleep_eff_lag1,0.2431438053981214,80,0.029761987836520763,0.029761987836520787,80.0,0.32043903870506885,48,0.2431438053981214,0.24912920223604393,0.13392894526434354
p10,comp,sleep_eff_avg3,0.09749097963450619,87,0.36901211675365103,0.38846760223010035,80.37625658978503,0.028120308820611895,49,0.09749097963450619,0.12269822783221854,0.7232658654974109
p10,comp,bedtime_h_lag1,-0.0244319828131054,80,0.8296744598655734,0.8314247677390192,78.39114023542503,-0.19768562961015937,48,-0.0244319828131054,-0.04717038590215776,0.8901248648557828
p10,comp,bedtime_h_avg3,0.07166503124781656,87,0.5094928379169269,0.5276935795295224,79.9544662291095,0.08363337558208843,49,0.07166503124781656,0.027386764574851872,0.7915403692942837
p10,comp,rhr_night_lag1,0.0164966149799913,80,0.8845230882529764,0.8901248648557829,72.6161507923996,0.008952937917998704,48,0.0164966149799913,-0.008727561662047507,0.8901248648557828
p10,comp,rhr_night_avg3,-0.1295176900892134,87,0.23184053022180806,0.2604797288495608,77.34519386889929,-0.1401238091963882,49,-0.1295176900892134,-0.15181297311432132,0.6393593344489219
p10,comp,rhr_day_lag1,-0.018432136836076172,83,0.8686353763177496,0.8778967214373472,71.96238540339891,-0.012927446856687732,48,-0.018432136836076172,-0.04562590794271919,0.8901248648557828
p10,comp,rhr_day_avg3,-0.12406587219797345,87,0.25224991287637716,0.3062092795685296,69.99063094058582,-0.08206175173909522,50,-0.12406587219797345,-0.14627492936802583,0.6451717525487777
p10,comp,steps_lag1,0.08091232516737869,84,0.4643743214374342,0.4700051095792661,81.96493914260063,-0.020322384677250626,48,0.08091232516737869,0.0747267382200286,0.7464787034494227
p10,comp,steps_avg3,-0.024603324871885993,89,0.818977161153558,0.832238523605632,76.60573319885923,-0.09700845453153871,50,-0.024603324871885993,-0.01050722564521706,0.8901248648557828
p10,comp,lightly_lag1,0.1948765238456472,84,0.07566970209690876,0.08310534526458652,80.06264686070358,0.17003802196504922,48,0.1948765238456472,0.1840593547455922,0.2804805402679795
p10,comp,lightly_avg3,0.3171126204474969,89,0.002462587496648813,0.005148200007605967,76.34159425890785,0.2572262429775779,50,0.3171126204474969,0.32374713363954527,0.07200354538312995
p10,comp,mvpa_lag1,-0.06448229261251645,84,0.5600672366565446,0.5686253745971777,80.49593596700322,-0.20836427264462432,48,-0.06448229261251645,-0.08511518459023475,0.808046584953884
p10,comp,mvpa_avg3,-0.17575646645373566,89,0.09945631884197752,0.1277426554536791,76.42654950793037,-0.2071745651974134,50,-0.17575646645373566,-0.19507566442514893,0.38322796636103734
p10,comp,sedentary_lag1,-0.12021034054782959,75,0.30428033838881435,0.31063825122718924,73.1189182478673,-0.027540789808045175,43,-0.12021034054782959,-0.07298367893870022,0.6451717525487777
p10,comp,sedentary_avg3,-0.16472311681856408,79,0.14686768446187085,0.191426068571273,64.5358586898917,-0.046520462806517254,46,-0.16472311681856408,-0.1667823561380515,0.5168503851424371
p10,comp,srpe_load_lag1,0.019679194004659697,85,0.8581229161364977,0.8581229161364977,85.0,-0.18971446731879754,48,0.019679194004659697,0.02742295651067632,0.8901248648557828
p10,comp,srpe_load_avg3,-0.08954587607185166,85,0.4150794617960634,0.44411519120308407,75.23953183603167,-0.1563995443049666,47,-0.08954587607185166,-0.06668255873808444,0.7464787034494227
p10,comp,ex_min_nonwalk_lag1,-0.03711346782784618,89,0.7298709867572398,0.7298709867572398,89.0,-0.13647656624564947,49,-0.03711346782784618,-0.025301489982353584,0.8901248648557828
p10,comp,ex_min_nonwalk_avg3,-0.05960315350550313,90,0.5768187097929961,0.5993829251948365,80.03079333192754,-0.12800557871060386,49,-0.05960315350550313,-0.0384199488456144,0.8091669490130293
p10,comp,steps_dev28_lag1,0.01759037227421575,77,0.8793116160618131,0.8827185988411466,72.82274924403886,-0.13596617611082082,44,0.01759037227421575,-0.005597162464624767,0.8901248648557828
p10,comp,mvpa_dev28_lag1,-0.09802306275049273,77,0.3963683225618728,0.4018143697207839,75.2986316873373,-0.3134069620598853,44,-0.09802306275049273,-0.14038362555419495,0.7232658654974109
p10,comp,sleep_h_dev28_lag1,0.2732685322927737,74,0.01848519620251287,0.018635754010677134,73.81707872054821,0.3627178689479183,45,0.2732685322927737,0.27513359251522274,0.12579133957207064
p10,mood,sleep_h_lag1,0.052999956275635536,80,0.6405616746678644,0.6405616746678644,80.0,0.2379223090691332,48,0.052999956275635536,0.05106430445589675,0.934093168511639
p10,mood,sleep_h_avg3,0.15569721613958562,87,0.1498560320517236,0.1582434435359707,83.62656675934142,0.17584310971415082,49,0.15569721613958562,0.10815501838998727,0.902371209310819
p10,mood,time_in_bed_h_lag1,0.03385231858450074,80,0.7656234732065186,0.7657580173416035,79.90836453760423,0.18865561096561093,48,0.03385231858450074,0.030581151481032888,0.934093168511639
p10,mood,time_in_bed_h_avg3,0.12412890368078565,87,0.2520071346202768,0.261999929839198,83.5233758145488,0.12280712193003228,49,0.12412890368078565,0.06886289987170034,0.902371209310819
p10,mood,sleep_eff_lag1,0.19723258008555797,80,0.07949781750968515,0.07949781750968515,80.0,0.335455011399975,48,0.19723258008555797,0.21027309324492935,0.902371209310819
p10,mood,sleep_eff_avg3,0.08016826847967991,87,0.46043321828098127,0.46900331655789623,83.81770377541379,0.09356165980758917,49,0.08016826847967991,0.11538959137168445,0.902371209310819
p10,mood,bedtime_h_lag1,-0.029576146910223415,80,0.794531611772987,0.7957089953988037,79.09426078188086,0.0013232665217903607,48,-0.029576146910223415,-0.07440097398919727,0.934093168511639
p10,mood,bedtime_h_avg3,0.07616919596502904,87,0.48317651015375684,0.4920850018814568,83.61062204826389,0.14967665407535602,49,0.07616919596502904,0.009347097040404505,0.902371209310819
p10,mood,rhr_night_lag1,0.09742909644341095,80,0.38991846104441835,0.4031509356074824,75.77580761695027,0.0980938204994271,48,0.09742909644341095,0.051003310377229716,0.902371209310819
p10,mood,rhr_night_avg3,-0.0751572998421987,87,0.489024804354133,0.5013173385060106,82.3174088788709,-0.1327414257754954,49,-0.0751572998421987,-0.10406942558451564,0.902371209310819
p10,mood,rhr_day_lag1,0.083780169406067,83,0.4514358407563497,0.46469429928497547,78.38878208596701,0.043617570224471866,48,0.083780169406067,0.037327155849787026,0.902371209310819
p10,mood,rhr_day_avg3,-0.034517132322386165,87,0.7509459343854634,0.7740620414531993,71.62299869923199,-0.07786541663644111,50,-0.034517132322386165,-0.0679211583865244,0.934093168511639
p10,mood,steps_lag1,0.04570495576474755,84,0.6797296602021172,0.6817010227592831,82.94170013542971,-0.041457594702173736,48,0.04570495576474755,0.009272283635482634,0.934093168511639
p10,mood,steps_avg3,-0.011096040341264357,89,0.9178017142096242,0.9240026086185348,76.40282260248404,-0.15513507645087424,50,-0.011096040341264357,-0.006112064927359235,0.9696052719308129
p10,mood,lightly_lag1,0.14459121928858812,84,0.1894352798284842,0.19512331127789567,81.9411176826497,0.20283967904090455,48,0.14459121928858812,0.11579818027433017,0.902371209310819
p10,mood,lightly_avg3,0.2344562181524626,89,0.02700050863753238,0.04130616012818345,76.13469529700299,0.21764041875280576,50,0.2344562181524626,0.24644105403863636,0.902371209310819
p10,mood,mvpa_lag1,-0.05264003474564367,84,0.634391584520908,0.6382223973100725,82.16999479167328,-0.23461432244586194,48,-0.05264003474564367,-0.0982403387728194,0.934093168511639
p10,mood,mvpa_avg3,-0.1164101843666018,89,0.27730867568247597,0.31589227019322996,76.22093180012186,-0.26579903039285985,50,-0.1164101843666018,-0.12820302719717194,0.902371209310819
p10,mood,sedentary_lag1,-0.09984198946859471,75,0.3940661346494323,0.39756623533923513,73.93361169683232,0.05888404797536844,43,-0.09984198946859471,0.002220540265268099,0.902371209310819
p10,mood,sedentary_avg3,-0.1707264428357211,79,0.13249615055758027,0.17980010900759116,63.32261197212221,0.016324915203450602,46,-0.1707264428357211,-0.1647585158642804,0.902371209310819
p10,mood,srpe_load_lag1,0.08552257932859755,85,0.4364322304538918,0.4364322304538918,85.0,-0.14756697712085112,48,0.08552257932859755,0.09213009257330897,0.902371209310819
p10,mood,srpe_load_avg3,0.05961013663344888,85,0.5878713275374121,0.5947970038673166,81.97553773673658,-0.12351013339328062,47,0.05961013663344888,0.09455726074996505,0.934093168511639
p10,mood,ex_min_nonwalk_lag1,-0.030699522930043813,89,0.775190764880977,0.775190764880977,89.0,-0.13029367649826804,49,-0.030699522930043813,-0.02076893442743685,0.934093168511639
p10,mood,ex_min_nonwalk_avg3,0.1118068331840374,90,0.2941046284868911,0.3057589203128008,85.87983873123765,0.017629881760506994,49,0.1118068331840374,0.1415594024782946,0.902371209310819
p10,mood,steps_dev28_lag1,-0.009838351436806673,77,0.9323240752473779,0.933693965563005,74.00744391722496,-0.10476952871852342,44,-0.009838351436806673,-0.07307734551942495,0.9696052719308129
p10,mood,mvpa_dev28_lag1,-0.009839838984816203,77,0.9323138668061723,0.9328658936278851,75.78683622424681,-0.2067813250158457,44,-0.009839838984816203,-0.09230383390669358,0.9696052719308129
p10,mood,sleep_h_dev28_lag1,0.0030687298953797474,74,0.979298141151221,0.9793136593175084,73.8928177486791,0.20806182992154382,45,0.0030687298953797474,0.0004770830157464155,0.9793136593175084
p11,comp,sleep_h_lag1,0.03404338580831854,106,0.7290100189972476,0.7290100189972476,106.0,0.04243813901088872,62,0.03423842607292779,0.019789779903577602,0.8201362713719035
p11,comp,sleep_h_avg3,-0.056789557523263506,105,0.5650082122693376,0.6339421169577119,72.69441303738239,0.05920197340072917,62,-0.055611324876349115,-0.07926947306526233,0.7441929199068791
p11,comp,time_in_bed_h_lag1,0.007259704034248004,106,0.9411234016639907,0.9411234016639907,106.0,0.02382339617548501,62,0.007187482689399724,-0.007842140121407845,0.9411234016639907
p11,comp,time_in_bed_h_avg3,-0.086997176054224,105,0.3775284783535532,0.4654321410189741,72.6280966620342,0.022767280748177864,62,-0.0882733589734904,-0.11088073065253871,0.7441929199068791
p11,comp,sleep_eff_lag1,0.05387807973353158,106,0.5833278268221246,0.5833278268221246,106.0,-0.03279495033455901,62,0.03882394238550368,0.05892814459652018,0.7441929199068791
p11,comp,sleep_eff_avg3,-0.08013590070696916,105,0.416431875345903,0.49443057469956453,74.96557045219693,-0.21624727503327354,62,-0.0930585750452407,-0.07558604188778964,0.7441929199068791
p11,comp,bedtime_h_lag1,-0.06583856180672347,106,0.5025133981370005,0.5448047888569595,86.91252203597568,-0.09063396909942341,62,-0.07346575510438756,-0.06297886891216649,0.7441929199068791
p11,comp,bedtime_h_avg3,0.01763057741171266,105,0.8583217317051066,0.8875400126324515,66.82702140187304,-0.10668548371740769,62,0.02206617644178603,0.04437854582401611,0.9411234016639907
p11,comp,rhr_night_lag1,-0.01272998960101409,106,0.8969505583215163,0.9146388369083405,73.39251782239212,0.13773449317939118,62,-0.014205978875427067,0.011722337175105348,0.9411234016639907
p11,comp,rhr_night_avg3,-0.078055244105046,105,0.4286741692984018,0.5421712215977826,63.29213113829497,0.06603266572355151,62,-0.08015703603505567,-0.049285764553836854,0.7441929199068791
p11,comp,rhr_day_lag1,-0.19488234449621028,68,0.1112594862668783,0.14738570942410764,56.709633027150794,-0.10943277126154646,42,-0.19508586397512867,-0.2595472894738439,0.6632356924084845
p11,comp,rhr_day_avg3,-0.22712352940115216,67,0.06455372455995444,0.10046549274536386,53.43897257681208,-0.0746626024745626,41,-0.2405553099451696,-0.3315617951446655,0.6632356924084845
p11,comp,steps_lag1,0.12038528364725393,106,0.21898841094033153,0.23005745133652855,101.17198439309803,0.13493131574058204,62,0.10830219227669269,0.12991018752380734,0.7441929199068791
p11,comp,steps_avg3,0.12249185930307756,105,0.213191743488717,0.29616535217958917,74.68869256811315,0.21037949135655273,62,0.12581646421846218,0.17417101026112639,0.7441929199068791
p11,comp,lightly_lag1,0.051326906692616595,106,0.6013071031526989,0.6161127146637223,97.78893945715383,0.07787180970263073,62,0.04503725343446096,0.05832388017431173,0.7441929199068791
p11,comp,lightly_avg3,0.07930534978382749,105,0.4212941583627716,0.5045717012014197,73.07866641492548,0.0538971964382057,62,0.08684272875865057,0.11541367646003278,0.7441929199068791
p11,comp,mvpa_lag1,0.15017324536695456,106,0.12441009144769875,0.12441009144769857,106.0,0.17738729408813464,62,0.13886484133161692,0.15964206967286956,0.6632356924084845
p11,comp,mvpa_avg3,0.1581950174440628,105,0.10701007737645721,0.18118958378370012,73.03973195798014,0.27383521671372096,62,0.15978525873571425,0.18957068723276818,0.6988741088799861
p11,comp,sedentary_lag1,-0.08009690448621073,104,0.41894167407163174,0.42007792457448745,103.50515005822585,-0.17928168463587066,62,-0.07355485992675914,-0.09269416069957835,0.7441929199068791
p11,comp,sedentary_avg3,-0.10591316070564522,104,0.28458994435877016,0.3643266203447508,75.44568011466308,-0.10679973020668776,62,-0.11213056550384358,-0.12383392734289098,0.7441929199068791
p11,comp,srpe_load_lag1,0.16119539330116042,91,0.12689780221208716,0.12689780221208716,91.0,0.2264560456493966,53,0.16119539330116042,0.13316883684549904,0.6632356924084845
p11,comp,srpe_load_avg3,0.11153637064329301,91,0.2925385012024582,0.3956090326417632,60.14307446442115,0.20492565082391012,53,0.11153637064329301,0.03096585585371423,0.7441929199068791
p11,comp,ex_min_nonwalk_lag1,0.10377255943226849,94,0.3195704704690576,0.3195704704690576,94.0,0.14536615138529901,54,0.10377255943226849,0.0944890556534453,0.7441929199068791
p11,comp,ex_min_nonwalk_avg3,0.06826283459793407,94,0.5132789126273143,0.5911197825753225,64.286932003679,0.07357095918881724,55,0.06826283459793407,0.044276117231067474,0.7441929199068791
p11,comp,steps_dev28_lag1,0.1633691933852977,92,0.11970064763018354,0.1368172889044556,84.31697969070493,0.1641343393864899,54,0.14751925063182197,0.12823492500956413,0.6632356924084845
p11,comp,mvpa_dev28_lag1,0.21708136486528998,92,0.037657977694411225,0.037657977694411225,92.0,0.2010603369374788,54,0.20327942898958357,0.1807672555357963,0.6632356924084845
p11,comp,sleep_h_dev28_lag1,-0.08046531358180115,92,0.44577284630745945,0.4539263878830793,88.83655153626107,-0.0313409297872097,54,-0.08036767211796875,-0.03886442281585989,0.7441929199068791
p11,mood,sleep_h_lag1,0.06908673621862403,106,0.48162011984531566,0.48162011984531566,106.0,-0.14072758433394958,62,0.07112338101585906,0.04825602562448018,0.9748094218938123
p11,mood,sleep_h_avg3,0.006639890449971846,105,0.9464026557102332,0.9521977650484772,84.00735669010778,-0.10080833563308175,62,0.008357000759834032,-0.019148925392087953,0.9748094218938123
p11,mood,time_in_bed_h_lag1,0.08944373419732424,106,0.36187924637096963,0.36187924637096963,106.0,-0.11971442095330656,62,0.0920801663418394,0.06851843550530037,0.9748094218938123
p11,mood,time_in_bed_h_avg3,0.009590952872181554,105,0.9226439554903275,0.9310157426148366,83.96151380218176,-0.10710750792935968,62,0.009876482562664693,-0.015805570927113304,0.9748094218938123
p11,mood,sleep_eff_lag1,-0.054728369005055955,106,0.577390812163442,0.577390812163442,106.0,-0.06423426132391834,62,-0.06092308370655903,-0.04360462940571721,0.9748094218938123
p11,mood,sleep_eff_avg3,-0.011873386026420385,105,0.9043137647339886,0.9138194375744626,85.57015229270033,-0.1737726125802018,62,-0.016047742681509342,0.004001868805081643,0.9748094218938123
p11,mood,bedtime_h_lag1,-0.06326571782344029,106,0.5193918172228049,0.542521999271609,94.97518876436776,0.09451257515543315,62,-0.0651307424198498,-0.04809242965685449,0.9748094218938123
p11,mood,bedtime_h_avg3,-0.02065700863342027,105,0.8343234538603157,0.8557700818397113,79.90446082095183,0.06510292416350968,62,-0.01975253123024753,0.02325166605134909,0.9748094218938123
p11,mood,rhr_night_lag1,-0.05085206046266652,106,0.6046805816034807,0.6407667177564224,86.59155394810783,0.015035890416967458,62,-0.05157534472688875,-0.006382450143137137,0.9748094218938123
p11,mood,rhr_night_avg3,0.04288298035847449,105,0.664027308620003,0.7104363455010908,77.38594904629488,0.10121443629977611,62,0.042636615453523534,0.10545324523694302,0.9748094218938123
p11,mood,rhr_day_lag1,-0.20851441405707474,68,0.08793599523190825,0.08793599523190825,68.0,,42,-0.21160368475757946,-0.16970527669431398,0.9748094218938123
p11,mood,rhr_day_avg3,-0.20367710313134688,67,0.09829551569066115,0.09829551569066115,67.0,,41,-0.20653819396949763,-0.20519115339584096,0.9748094218938123
p11,mood,steps_lag1,0.021087563230608956,106,0.8301108934164818,0.8323115121022436,103.2958004216226,0.044101980884958175,62,0.01721759952313148,0.03927845713513712,0.9748094218938123
p11,mood,steps_avg3,-0.017705915620346808,105,0.8577226688622424,0.871930841426672,85.38037698248631,-0.044101980884958175,62,-0.01823300562548736,0.04152894423519599,0.9748094218938123
p11,mood,lightly_lag1,-0.02836142308261429,106,0.7728916488966484,0.7778955807878455,101.36766175797625,0.07561767865024871,62,-0.030694616943565553,-0.012585902126225273,0.9748094218938123
p11,mood,lightly_avg3,-0.06344751317969304,105,0.5202180366257609,0.5657447749692405,84.27274596771348,-0.03570385137485905,62,-0.06229747096953919,-0.022677448108695642,0.9748094218938123
p11,mood,mvpa_lag1,0.0894872552359252,106,0.3616447606936403,0.3616447606936403,106.0,0.13866210539000368,62,0.0846375578567431,0.11218082881046988,0.9748094218938123
p11,mood,mvpa_avg3,0.1239455854986304,105,0.2077686495335138,0.2605934523746919,84.24587369785235,0.15541872193938047,62,0.12459631042250373,0.16288223900532134,0.9748094218938123
p11,mood,sedentary_lag1,0.012726594950284031,104,0.8979726052831236,0.8981139211064478,103.71747653672675,-0.11971442095330656,62,0.014651554548290369,-0.01209973694884206,0.9748094218938123
p11,mood,sedentary_avg3,0.005829379912970873,104,0.9531669801021458,0.9580337699128445,83.98173851696224,0.012601041954135219,62,0.006004041727283775,-0.005061010970658495,0.9748094218938123
p11,mood,srpe_load_lag1,0.12040183357952573,91,0.25561186855302026,0.25561186855302026,91.0,0.18387985814888716,53,0.12040183357952573,0.10650360272807591,0.9748094218938123
p11,mood,srpe_load_avg3,-0.050063456922874325,91,0.6374488616976774,0.6978786195341091,62.54498700137059,-0.013401406685472437,53,-0.050063456922874325,-0.10776571167551004,0.9748094218938123
p11,mood,ex_min_nonwalk_lag1,0.06785507170647168,94,0.5158042902604756,0.5158042902604756,94.0,0.19233918907323364,54,0.06785507170647168,0.058007458008025675,0.9748094218938123
p11,mood,ex_min_nonwalk_avg3,-0.0879385127043908,94,0.39932784264953364,0.4830280001208762,65.87578391885646,-0.07080041770951033,55,-0.0879385127043908,-0.0989700878966753,0.9748094218938123
p11,mood,steps_dev28_lag1,-0.003456719033405668,92,0.9739118704106561,0.9748094218938123,85.94530894889593,0.006291506850586986,54,-0.008339167828073321,-0.021599616436156845,0.9748094218938123
p11,mood,mvpa_dev28_lag1,0.15671365391861447,92,0.13574453425746627,0.13574453425746627,92.0,0.19505901884878285,54,0.15487982162265507,0.14553731990514915,0.9748094218938123
p11,mood,sleep_h_dev28_lag1,-0.008065708822570322,92,0.9391748378713044,0.9400216719060922,89.52047908026776,-0.18245717606200593,54,-0.00833920215008555,0.007487729943693402,0.9748094218938123
p13,comp,sleep_h_lag1,-0.20063608592694537,35,0.24781644158922042,0.24781644158922042,35.0,-0.026689655088994454,20,-0.20063608592694537,-0.21947489438653348,0.5743208733216161
p13,comp,sleep_h_avg3,0.07652350075030878,35,0.6621699147225901,0.6806433394693182,31.339428461414972,0.24896697817016195,18,0.07652350075030878,-0.10106609700391227,0.9700685691379457
p13,comp,time_in_bed_h_lag1,-0.19522906748853305,35,0.2610549424189164,0.2610549424189164,35.0,-0.04197245667945269,20,-0.19522906748853305,-0.2005747253412638,0.5743208733216161
p13,comp,time_in_bed_h_avg3,0.08593961562683897,35,0.6235178337177937,0.6442860848102427,31.25286844579286,0.1686687598758467,18,0.08593961562683897,-0.06075515056526601,0.9700685691379457
p13,comp,sleep_eff_lag1,0.002272096113066248,35,0.9896647130289513,0.9896647130289513,35.0,0.16949278293952663,20,0.002272096113066248,-0.09038866129911646,0.9896647130289513
p13,comp,sleep_eff_avg3,0.051314584921164835,35,0.7697141648732135,0.780562185779435,31.930780486019515,-0.1823431365921261,18,0.051314584921164835,-0.11986823129453657,0.9700685691379457
p13,comp,bedtime_h_lag1,0.17499872801234112,35,0.31465940611102006,0.3355061462142008,32.31540973467411,-0.0686305416574143,20,0.17499872801234112,0.07680254356637282,0.6710122924284015
p13,comp,bedtime_h_avg3,0.14558823669047283,35,0.4040045094664229,0.4543589776308955,28.622051246545627,-0.027070294794888976,18,0.14558823669047283,-0.04432564231691063,0.8329914589899751
p13,comp,rhr_night_lag1,0.07168160573781442,32,0.6966388263965185,0.7250192411078474,26.513648560346752,0.5441431141221548,17,0.07168160573781442,0.09054949216715011,0.9700685691379457
p13,comp,rhr_night_avg3,-0.02767783959945206,32,0.8804736373587416,0.897848340986272,24.00034018030264,0.23711193725986365,15,-0.02767783959945206,-0.057084984565085366,0.9896647130289513
p13,comp,steps_lag1,-0.3652611069370531,35,0.030958371547108076,0.05005694345939449,29.302657781303235,-0.14632806057935474,20,-0.3652611069370531,-0.2586773256816039,0.16745557477497292
p13,comp,steps_avg3,-0.4337293315887117,36,0.008223593005238481,0.030064036946440047,25.06513411260873,-0.2649064714130087,19,-0.4337293315887117,-0.2314495798232716,0.16745557477497292
p13,comp,lightly_lag1,-0.3299617410038784,35,0.052893494850936716,0.07002485544984048,30.966820169009257,-0.13950447226218277,20,-0.3299617410038784,-0.23599686087488866,0.19256835248706133
p13,comp,lightly_avg3,-0.3978327093256388,36,0.016266562838025772,0.0532813192465823,24.165180536708952,-0.2498951046996049,19,-0.3978327093256388,-0.13277779818665028,0.16745557477497292
p13,comp,mvpa_lag1,-0.34720451351838333,35,0.04099745020960354,0.04929167419156262,32.58081468071573,-0.2100938823874607,20,-0.34720451351838333,-0.25341468047638177,0.16745557477497292
p13,comp,mvpa_avg3,-0.4941259046005394,36,0.002191468508149146,0.010083145335697923,26.132704091669293,-0.31639938771183634,19,-0.4941259046005394,-0.36229380536996897,0.11091459869267714
p13,comp,sedentary_lag1,0.508264963680699,33,0.0025282646509959296,0.005638912661868951,28.121255997149348,0.3065860115815194,18,0.508264963680699,0.40907669262626484,0.11091459869267714
p13,comp,sedentary_avg3,0.41591343626431354,35,0.012956818298820342,0.03901693256868984,24.916386274635443,0.23701251170616797,18,0.41591343626431354,0.19549838313853912,0.16745557477497292
p13,comp,srpe_load_lag1,0.044499805502512486,66,0.7227494932559748,0.7322892576761798,61.533349941958875,-0.03644870284679359,35,0.04337457463067292,0.03812408008243989,0.9700685691379457
p13,comp,srpe_load_avg3,0.03717801582028253,65,0.7687391812053599,0.7936924656583193,51.943629107204934,-0.011077773748923343,34,0.0354878323698462,0.01862407328117513,0.9700685691379457
p13,comp,ex_min_nonwalk_lag1,-0.01259347800194114,57,0.9259227189691467,0.9329589999381874,47.11405092243777,0.051569166982774244,30,-0.01259347800194114,0.12744417599813104,0.9896647130289513
p13,comp,ex_min_nonwalk_avg3,0.002484846753826606,56,0.9854988380063795,0.9880800195409635,38.64607801411856,0.18505046879625137,29,0.002484846753826606,0.16849851679844075,0.9896647130289513
p13,mood,sleep_h_lag1,-0.19543919591026945,35,0.26053192254906316,0.26053192254906316,35.0,-0.1751116008987866,20,-0.19543919591026945,-0.1913026762584676,0.9348452462942892
p13,mood,sleep_h_avg3,-0.046813451048188764,35,0.7894381414074938,0.7894381414074938,35.0,-0.038046460848157396,18,-0.046813451048188764,0.02853444307789188,0.9846339525181057
p13,mood,time_in_bed_h_lag1,-0.20381532132410804,35,0.2402454064706016,0.2402454064706016,35.0,-0.22757304253695632,20,-0.20381532132410804,-0.2115067937811387,0.9348452462942892
p13,mood,time_in_bed_h_avg3,-0.015604483682729589,35,0.9291058034976152,0.9291058034976152,35.0,-0.09618549590851341,18,-0.015604483682729589,0.053993920254620374,0.9846339525181057
p13,mood,sleep_eff_lag1,-0.14076503768608517,35,0.4199196064910541,0.4199196064910541,35.0,-0.04791490660857776,20,-0.14076503768608517,-0.07017949515953713,0.9348452462942892
p13,mood,sleep_eff_avg3,-0.1335091329135299,35,0.4445109552487804,0.4445109552487804,35.0,-0.3008294043113647,18,-0.1335091329135299,-0.07941151259270007,0.9348452462942892
p13,mood,bedtime_h_lag1,-0.1350723945796404,35,0.43914763937600637,0.43914763937600637,35.0,-0.13781931552219318,20,-0.1350723945796404,-0.03407270683287031,0.9348452462942892
p13,mood,bedtime_h_avg3,-0.11197727582399246,35,0.5218953215044975,0.5218953215044975,35.0,-0.06710615993617215,18,-0.11197727582399246,-0.03872686503471233,0.9348452462942892
p13,mood,rhr_night_lag1,-0.05558841994799925,32,0.7625160851696109,0.7625160851696109,32.0,0.2929933786921064,17,-0.05558841994799925,-0.06893123033155438,0.9846339525181057
p13,mood,rhr_night_avg3,-0.14038064936890543,32,0.4434830100575454,0.4434830100575454,32.0,0.12712959927932774,15,-0.14038064936890543,-0.12723836471082975,0.9348452462942892
p13,mood,steps_lag1,0.003378161067250335,35,0.9846339525181056,0.9846339525181056,35.0,0.284058131410265,20,0.003378161067250335,-0.10361932809750841,0.9846339525181057
p13,mood,steps_avg3,-0.03050167071888995,36,0.85982872447111,0.85982872447111,36.0,0.14044612819993763,19,-0.03050167071888995,-0.039903780139373984,0.9846339525181057
p13,mood,lightly_lag1,0.09306601749430492,35,0.5949015203690932,0.5949015203690932,35.0,0.3135281392799178,20,0.09306601749430492,0.015043571547282518,0.9348452462942892
p13,mood,lightly_avg3,0.04846059833842328,36,0.7789658922206385,0.7789658922206385,36.0,0.2547402187350593,19,0.04846059833842328,0.0685633461137569,0.9846339525181057
p13,mood,mvpa_lag1,0.0099830279210885,35,0.9546114691731422,0.9546114691731422,35.0,0.21824198065374514,20,0.0099830279210885,-0.06901818869330058,0.9846339525181057
p13,mood,mvpa_avg3,-0.19715868039612866,36,0.24909096718214602,0.24909096718214602,36.0,-0.05525835080836316,19,-0.19715868039612866,-0.24374173791932566,0.9348452462942892
p13,mood,sedentary_lag1,0.12448457872763156,33,0.49005066115306445,0.49005066115306434,33.0,-0.060952196667862356,18,0.12448457872763156,0.2920594355688087,0.9348452462942892
p13,mood,sedentary_avg3,0.13400387091390922,35,0.4428097402782432,0.4428097402782432,35.0,0.038810964687510545,18,0.13400387091390922,0.17995074342771888,0.9348452462942892
p13,mood,srpe_load_lag1,0.20768397297453378,66,0.0942693730214852,0.09447886535593535,65.91928245053066,0.2679886354325486,35,0.20723651937802365,0.1989978483051633,0.9348452462942892
p13,mood,srpe_load_avg3,0.12056599651095644,65,0.33873423720769014,0.33873423720769014,65.0,0.14790341354336983,34,0.11701648746233566,0.10210529419492129,0.9348452462942892
p13,mood,ex_min_nonwalk_lag1,0.08100866526168905,57,0.549147503968097,0.552562188592143,56.073546819243944,0.21450573547679283,30,0.08100866526168905,0.12649282778354953,0.9348452462942892
p13,mood,ex_min_nonwalk_avg3,0.009435956594687272,56,0.9449728099165737,0.9449728099165737,56.0,0.11519423309447595,29,0.009435956594687272,0.047608733263316085,0.9846339525181057
p14,comp,sleep_h_lag1,-0.050706366840146094,101,0.6145609290219965,0.6145609290219965,101.0,-0.044085823707992286,61,-0.06905538447359538,-0.0714405447996148,0.8850751929794105
p14,comp,sleep_h_avg3,0.005517285370014597,112,0.9539598298288083,0.9662664109162074,61.253078787792866,-0.03724454047327751,65,-0.018725372128534434,-0.05394245872213141,0.9662664109162074
p14,comp,time_in_bed_h_lag1,-0.020041013904479262,101,0.8423232450402381,0.8423232450402381,101.0,-0.0007097314304209119,61,-0.06206020380583496,-0.06204155007678934,0.9231987421899138
p14,comp,time_in_bed_h_avg3,0.03943929055566853,112,0.6797058949141773,0.7640142804386462,60.39588420836575,-0.02045064848878599,65,0.0018383951904811667,-0.05039171505027152,0.9231987421899138
p14,comp,sleep_eff_lag1,-0.014484736237046924,101,0.8856857446744868,0.9079801460202443,66.17004220795206,-0.03487707974092821,61,0.11914305690273581,0.12809711127508236,0.9429024593287152
p14,comp,sleep_eff_avg3,-0.0683652102566695,112,0.4738485283969293,0.6556112540588226,44.95341685389522,-0.03149669387936261,65,0.1275598083521681,0.15114096998207044,0.8850751929794105
p14,comp,bedtime_h_lag1,0.27492500322866753,101,0.005395846007663929,0.02538258459276057,66.08317804852744,0.288508030881752,61,0.23426963231069917,0.2389682688329715,0.22222072372856583
p14,comp,bedtime_h_avg3,0.23286851926422866,112,0.0134784701915075,0.12404792758126894,44.92172257555888,0.2904474247983719,65,0.16188711192277055,0.20131378195234886,0.41866175558678265
p14,comp,rhr_night_lag1,0.4238578917893331,99,1.2327557256155133e-05,0.03292158870052827,25.461787749948602,0.3896572088196747,60,0.2633822805572289,0.18151018182237927,0.22222072372856583
p14,comp,rhr_night_avg3,0.4229053664210138,110,4.171182527520977e-06,0.014122693674951977,33.05252258454878,0.30171580683249755,63,0.27713353055305195,0.17005409494237217,0.22222072372856583
p14,comp,rhr_day_lag1,0.354531872998897,96,0.00039405346744829974,0.05536031725416487,29.82086212039934,0.30633849452501405,60,0.2293724551506507,0.15495997201193884,0.2491214276437419
p14,comp,rhr_day_avg3,0.380802779568921,103,7.243369315551817e-05,0.030085378788032937,32.5174997807492,0.268401192438206,60,0.27269124666762495,0.17688606873207363,0.22222072372856583
p14,comp,steps_lag1,0.01923827195458233,96,0.8524104152774168,0.8548136501758462,92.94580043507831,0.058608122490752514,60,-0.011530025258911353,0.06379879572683526,0.9231987421899138
p14,comp,steps_avg3,-0.07101177828981169,103,0.47597203890387796,0.6389172451190762,46.04633934281982,-0.06076899655289358,60,-0.17381885343419484,-0.02283304778645017,0.8850751929794105
p14,comp,lightly_lag1,0.23477968918308015,96,0.021306333492456413,0.047489204595779023,71.77352340526905,0.21651429530478822,60,0.16283303308253125,0.13022055110261818,0.2491214276437419
p14,comp,lightly_avg3,0.20048573511787846,103,0.042301533979333755,0.19742673115474804,42.99058016886561,0.12374049881878171,60,0.10194400152682638,0.05072920256001493,0.5330521741178197
p14,comp,mvpa_lag1,0.05090621830136617,96,0.6223214950606165,0.6223214950606165,96.0,0.09572877525333386,60,0.04449450111000929,0.0653467648230474,0.8850751929794105
p14,comp,mvpa_avg3,-0.02690570705253526,103,0.7873299573949923,0.8502802875326293,51.698846494770315,0.021761612064801497,60,-0.12277423155954767,-0.03310396442658692,0.9231987421899138
p14,comp,sedentary_lag1,-0.04016210947846128,75,0.7322678979005321,0.7534836598275898,63.59376367156344,0.03346243128349619,50,0.03401048965858061,0.07808011957684703,0.9231987421899138
p14,comp,sedentary_avg3,-0.11960183615411082,81,0.2875511748201827,0.38996161175811545,53.79256515398859,-0.19946980953717608,49,-0.06438963752450769,0.011900544491728494,0.7019309011646079
p14,comp,srpe_load_lag1,-0.09964507500252645,120,0.27888415696995694,0.27888415696995694,120.0,-0.09485807787779964,68,-0.015178706476637337,0.01618585745081232,0.6016703719937968
p14,comp,srpe_load_avg3,-0.18815784108471229,120,0.039589025544057396,0.15076464856325578,59.77143943650637,-0.11892224545698085,68,-0.14194448448915278,-0.03521879875371031,0.45229394568976733
p14,comp,ex_min_nonwalk_lag1,-0.10160035186949014,120,0.2695121417553077,0.2772342845588573,116.27701878909716,-0.010033949545232937,68,-0.016863967335609867,0.017242659948412998,0.6016703719937968
p14,comp,ex_min_nonwalk_avg3,-0.2098883489139132,120,0.021400833661245088,0.12077049021811423,55.92849391240081,-0.06352947548371753,68,-0.13719678131856455,-0.04449305871293194,0.41866175558678265
p14,comp,steps_dev28_lag1,0.10393533560205097,85,0.343834797910116,0.35818038570687,80.22906336354626,0.1699979828818577,54,0.06750083505990935,0.04264672401086295,0.6907764581489636
p14,comp,mvpa_dev28_lag1,0.11696347003912796,85,0.2864021325167864,0.2896931420710874,83.88123689067852,0.15306603195013513,54,0.09192382450654732,0.07782352540794282,0.6016703719937968
p14,comp,sleep_h_dev28_lag1,0.08153662910266313,90,0.4448761697087526,0.4706151990509018,80.53386073634987,0.033046289606955964,55,0.053613006381769995,-0.002768455885647694,0.7941631483983969
p14,mood,sleep_h_lag1,-0.11334533281255642,101,0.25907967921903924,0.25907967921903924,101.0,-0.12324529252709865,61,-0.13131076583324072,-0.12983343191838032,0.48002613423039797
p14,mood,sleep_h_avg3,-0.1637341579444997,112,0.08452350465328073,0.21236780334953612,59.72660786299928,-0.14318338269411007,65,-0.21180543705994845,-0.25244479230961636,0.48002613423039797
p14,mood,time_in_bed_h_lag1,-0.11377078041657829,101,0.25728444767328246,0.25728444767328246,101.0,-0.13833472365333424,61,-0.14198331185045812,-0.1446439158444349,0.48002613423039797
p14,mood,time_in_bed_h_avg3,-0.14185978382008377,112,0.13569466391396443,0.2844599313957914,58.851538656200205,-0.14205476788186425,65,-0.19771912455291732,-0.2582794123458608,0.48002613423039797
p14,mood,sleep_eff_lag1,0.14587441930972492,101,0.14551147215767887,0.22133362734807682,72.03575390557347,0.1983218142398641,61,0.21050493043461688,0.2575295638046235,0.48002613423039797
p14,mood,sleep_eff_avg3,0.10986103355782247,112,0.2488648777274713,0.48240247782631296,43.13154422207303,0.14899393278802361,65,0.21778930589747628,0.3068824436883517,0.6995117189839785
p14,mood,bedtime_h_lag1,0.2445830233491704,101,0.013701567321213904,0.038451011007528325,71.96097737598502,0.19869108521063508,61,0.22311466808332403,0.24693787339786968,0.4306980798384277
p14,mood,bedtime_h_avg3,0.18458587496314025,112,0.051374917715171095,0.23545998078134858,43.099366779762676,0.2386415787628137,65,0.1523595213156048,0.1909238182913328,0.48002613423039797
p14,mood,rhr_night_lag1,0.3009692135273959,99,0.0024692148039944244,0.08073516157902569,34.61442118285666,0.2752086563252444,60,0.23436643912607255,0.12333555337309267,0.4306980798384277
p14,mood,rhr_night_avg3,0.30258161209212175,110,0.0013139531424154786,0.0957106844085395,31.397684695825458,0.21757285591275202,63,0.22408357273424453,0.0705575201336513,0.4306980798384277
p14,mood,rhr_day_lag1,0.2986032323007602,96,0.003125587727120985,0.0781971021141899,35.70687165253064,0.24274067268622299,60,0.2500812103493678,0.15352282631369976,0.4306980798384277
p14,mood,rhr_day_avg3,0.3104262601557542,103,0.0014165415459140498,0.0789660853200928,32.9474112733581,0.21966609673934023,60,0.25229757033425326,0.11755734326571571,0.4306980798384277
p14,mood,steps_lag1,-0.017453901414104467,96,0.8659655463705633,0.8678707178803056,93.33630194977071,-0.04648225647182994,60,-0.050242049031814305,0.08045452960856635,0.9761643595922962
p14,mood,steps_avg3,-0.0972614914326123,103,0.3283863991319381,0.5181568288770211,46.42817893599444,-0.08490162021213762,60,-0.16432206484695855,0.01171385084379891,0.6995117189839785
p14,mood,lightly_lag1,0.24768778977252207,96,0.01497076805687667,0.032674103717816275,74.5639390308569,0.05811654798645905,60,0.21059579038188597,0.1939051193642152,0.4306980798384277
p14,mood,lightly_avg3,0.17264673207612044,103,0.08117485079973417,0.26599047646631196,43.384712410554,0.018867550994489106,60,0.1178116141955976,0.036953041866668875,0.48002613423039797
p14,mood,mvpa_lag1,0.005661761689932957,96,0.9563396580088751,0.9563396580088751,96.0,0.04132674860315546,60,-0.012421316655308755,0.04879088072742548,0.9761643595922962
p14,mood,mvpa_avg3,-0.0060790435136123516,103,0.9514044747466299,0.9658646131881169,52.055742590608,0.12398848642230237,60,-0.05865299247506146,0.04488131892784003,0.9761643595922962
p14,mood,sedentary_lag1,0.02500850311071679,75,0.8313459889312143,0.8432775628541482,64.9741727912698,0.17497150784992418,50,0.05358821200984608,0.13012779784458187,0.9761643595922962
p14,mood,sedentary_avg3,-0.06673713375442802,81,0.5538779162305593,0.6509811436045084,48.3471961191064,0.007808887303280021,49,-0.024373731852799382,0.14309073343545237,0.8369757560629394
p14,mood,srpe_load_lag1,-0.09907851888311958,120,0.281640176747258,0.281640176747258,120.0,-0.05755377570055869,68,-0.08921988998198428,0.03190778696900874,0.48002613423039797
p14,mood,srpe_load_avg3,-0.09180937879442819,120,0.3186176053027506,0.5027322255220519,55.56056759627187,0.0031859045226794638,68,-0.08060455793119599,0.11843945658191926,0.6995117189839785
p14,mood,ex_min_nonwalk_lag1,-0.14342883164035863,120,0.11809244695413201,0.12465931709276348,115.92722550378656,-0.035922705793692,68,-0.13569358003658358,-0.02086007130717718,0.48002613423039797
p14,mood,ex_min_nonwalk_avg3,-0.18511575165022998,120,0.04295515558757151,0.19092114229829138,51.551243751050514,-0.003187836982141977,68,-0.16019713570120656,0.002596162483144997,0.48002613423039797
p14,mood,steps_dev28_lag1,0.08175615558737935,85,0.4569728913357311,0.4696856291967259,80.43965143456475,0.09030487551717885,54,0.04927160286355094,0.053744028295152145,0.6995117189839785
p14,mood,mvpa_dev28_lag1,0.03710580450397621,85,0.7360041924757135,0.7376556257507914,83.93166117017435,0.06020669279270276,54,0.007698906980616141,0.019362171417173786,0.9053046316032439
p14,mood,sleep_h_dev28_lag1,-0.0033560288800098675,90,0.9749560276145567,0.9761643595922962,81.75748396772543,-0.022741111151477724,55,-0.025923443210983478,-0.08948461789015051,0.9761643595922962
p15,comp,sleep_h_lag1,0.0609391349407811,93,0.5617343889775885,0.5617343889775885,93.0,0.026345164582089766,50,0.07977410643233357,0.0686497703702052,0.928730306092705
p15,comp,sleep_h_avg3,0.06162486519236792,93,0.5573318321576785,0.5573318321576785,93.0,-0.026756399132244608,50,0.10718997089015977,0.08062295128885383,0.928730306092705
p15,comp,time_in_bed_h_lag1,0.04392495972255221,93,0.6758960686675454,0.6758960686675454,93.0,0.034266511076258215,50,0.07250477690149855,0.05380809412934382,0.928730306092705
p15,comp,time_in_bed_h_avg3,0.06517180862511433,93,0.5348271005563531,0.5348271005563531,93.0,0.00578371488700002,50,0.10862560747674427,0.08530705798423899,0.928730306092705
p15,comp,sleep_eff_lag1,0.10137343260375187,93,0.3336031536493042,0.3336031536493042,93.0,0.07360635664759907,50,0.18617794320794273,0.11474900314289635,0.928730306092705
p15,comp,sleep_eff_avg3,-0.005479004437449391,93,0.9584303887381522,0.9584303887381522,93.0,-0.049607992771004236,50,-0.014106883733201153,-0.011125937087112072,0.9584303887381522
p15,comp,bedtime_h_lag1,0.18257978204632608,93,0.0798291605528945,0.0798291605528945,93.0,0.3033023600662336,50,0.23028208221833238,0.18957874354037357,0.928730306092705
p15,comp,bedtime_h_avg3,-0.06000305465867716,93,0.5677708093065608,0.5677708093065608,93.0,0.14157950811622738,50,-0.059922366948833336,-0.023691587180999243,0.928730306092705
p15,comp,rhr_night_lag1,-0.027815850644588743,93,0.7912639989773381,0.7912639989773381,93.0,-0.07352196155535291,50,-0.046242701399023235,-0.003907357350384697,0.928730306092705
p15,comp,rhr_night_avg3,-0.03516212238948468,93,0.7379203471254758,0.7379203471254758,93.0,-0.07348536654593919,50,-0.057851200902701315,-0.034722095963313424,0.928730306092705
p15,comp,rhr_day_lag1,-0.026376031054248548,92,0.8029165237632693,0.8029165237632694,92.0,-0.0605139271898758,49,-0.048455918515522486,-0.010339022215577963,0.928730306092705
p15,comp,rhr_day_avg3,-0.04108984545913817,93,0.6957513379790944,0.6957513379790944,93.0,-0.07508928530985706,50,-0.06425515117411061,-0.044752473660521,0.928730306092705
p15,comp,steps_lag1,-0.04395487084349728,92,0.6773828654593758,0.6773828654593758,92.0,-0.1445409516226154,49,-0.05869949334038071,-0.05460969587027511,0.928730306092705
p15,comp,steps_avg3,-0.07123593745991169,93,0.49742547589396896,0.49742547589396896,93.0,-0.21792903257566287,50,-0.08191685198267298,-0.08596780143442033,0.928730306092705
p15,comp,lightly_lag1,-0.019554199454512082,92,0.853220756483295,0.853220756483295,92.0,-0.030286665504828846,49,-0.015509524237212979,-0.03622725583522051,0.928730306092705
p15,comp,lightly_avg3,-0.08600293747640331,93,0.41239549412355947,0.41239549412355947,93.0,0.05325315010404434,50,-0.08489624327410185,-0.09778651339209732,0.928730306092705
p15,comp,mvpa_lag1,-0.022000424459119265,92,0.8351035541383054,0.8351035541383054,92.0,-0.1958346483111389,49,-0.0530647476449023,-0.022535013269679906,0.928730306092705
p15,comp,mvpa_avg3,-0.05719674793722503,93,0.5860482269400891,0.5860482269400891,93.0,-0.1533111525175216,50,-0.037304231606465926,-0.060323146675930604,0.928730306092705
p15,comp,sedentary_lag1,-0.045545001889385546,85,0.6789460163425094,0.6789460163425094,85.0,0.0968430677363993,47,-0.05576205875855696,-0.08054127968357772,0.928730306092705
p15,comp,sedentary_avg3,0.01805927566715551,93,0.8635822566831454,0.8635822566831454,93.0,0.11385443227481014,50,-0.008640461388736849,0.008020426864547304,0.928730306092705
p15,comp,srpe_load_lag1,-0.14580581216328245,91,0.16787832517206125,0.16787832517206125,91.0,-0.1571474683349633,50,-0.1673775114769175,-0.13754041501196937,0.928730306092705
p15,comp,srpe_load_avg3,-0.10724429696612107,91,0.31162189921101,0.3116218992110099,91.0,-0.06917153129627145,50,-0.08182790427718518,-0.0958686357355903,0.928730306092705
p15,comp,ex_min_nonwalk_lag1,-0.22152771606267488,93,0.03284006215320996,0.03284006215320996,93.0,-0.3101551980443442,50,-0.20686404160005561,-0.2041001033372873,0.886681678136669
p15,comp,ex_min_nonwalk_avg3,-0.14931182309531918,93,0.15316015772249256,0.15316015772249256,93.0,-0.20679982050645926,50,-0.1328467899349126,-0.13465871989314257,0.928730306092705
p15,comp,steps_dev28_lag1,-0.09880741154293618,84,0.37121140346250603,0.3712114034625058,84.0,-0.2424192327695337,45,-0.10263269322763993,-0.10998041858923747,0.928730306092705
p15,comp,mvpa_dev28_lag1,-0.04994876670911186,84,0.6518379176628288,0.6518379176628288,84.0,-0.2750258838630353,45,-0.0734128652839704,-0.05031566447021575,0.928730306092705
p15,comp,sleep_h_dev28_lag1,0.01453466960888709,86,0.8943328873485308,0.8943328873485308,86.0,-0.06849485939607836,46,0.02341926463073724,0.03251765320853407,0.928730306092705
p15,mood,sleep_h_lag1,0.0546357980480712,93,0.6029581180003377,0.6029581180003377,93.0,0.0996499051005397,50,0.05445813101258986,0.05881557588817361,0.763458759090888
p15,mood,sleep_h_avg3,0.04056625853230443,93,0.6994412324108578,0.6994412324108578,93.0,0.03811080307683051,50,0.07598531178816942,0.057580025330874016,0.7868713864622149
p15,mood,time_in_bed_h_lag1,0.052157535393805805,93,0.6195244429049258,0.6195244429049258,93.0,0.11447244472012215,50,0.0615315076207927,0.058381065738545686,0.763458759090888
p15,mood,time_in_bed_h_avg3,0.0577029086017667,93,0.5827318430748458,0.5827318430748458,93.0,0.06564894971175618,50,0.08884885377311562,0.07763046069657797,0.763458759090888
p15,mood,sleep_eff_lag1,0.09016002018749976,93,0.39008423527890673,0.39008423527890673,93.0,0.12574163670596292,50,0.14535198509849556,0.09104150968803916,0.763458759090888
p15,mood,sleep_eff_avg3,0.06730840568104048,93,0.5214918553640742,0.5214918553640742,93.0,-0.026895844501645397,50,0.07809960939026418,0.06845017169459434,0.763458759090888
p15,mood,bedtime_h_lag1,0.16375501713657306,93,0.11677716147965149,0.11677716147965149,93.0,0.2488030054428968,50,0.212843562996553,0.1756971714371139,0.763458759090888
p15,mood,bedtime_h_avg3,-0.06704314135957838,93,0.5231382668584902,0.5231382668584902,93.0,0.017956676332701187,50,-0.06309854243039748,-0.057021471232909744,0.763458759090888
p15,mood,rhr_night_lag1,0.07208429696080537,93,0.49230455128056533,0.49230455128056533,93.0,-0.03656342289835139,50,0.06098751445304138,0.03937239215211164,0.763458759090888
p15,mood,rhr_night_avg3,0.047619351361224894,93,0.6503537577440899,0.6503537577440899,93.0,-0.014397580116731252,50,0.024410542850213133,-0.015142226274582534,0.763458759090888
p15,mood,rhr_day_lag1,0.0765022325674126,92,0.46856611766482154,0.4685661176648217,92.0,0.0056033181468052575,49,0.04296327573945774,0.018098475878252713,0.763458759090888
p15,mood,rhr_day_avg3,0.049953175189884236,93,0.6344215526409475,0.6344215526409475,93.0,-0.009060490694644208,50,0.028736712485797913,-0.011059903195683582,0.763458759090888
p15,mood,steps_lag1,-0.09354049466234217,92,0.37513902734718024,0.37513902734718024,92.0,-0.19051281699137876,49,-0.12581764578485863,-0.10385903442481707,0.763458759090888
p15,mood,steps_avg3,-0.12003937693731168,93,0.2517491527980256,0.2517491527980256,93.0,-0.15622482440159255,50,-0.14109584037537537,-0.12649625401348522,0.763458759090888
p15,mood,lightly_lag1,0.0963974301611021,92,0.36066381387789614,0.36066381387789614,92.0,0.06444637941403077,49,0.07967071718444102,0.08403574324378335,0.763458759090888
p15,mood,lightly_avg3,-0.02215801675624566,93,0.8330277132882945,0.8330277132882945,93.0,0.09957470134169204,50,-0.031621993835237165,-0.04288191726345354,0.8650672407224597
p15,mood,mvpa_lag1,-0.1043337542888186,92,0.322293416197974,0.322293416197974,92.0,-0.2661983597388387,49,-0.13146309983891827,-0.0810116965904217,0.763458759090888
p15,mood,mvpa_avg3,-0.07843748967261555,93,0.45485483256996756,0.45485483256996756,93.0,-0.15427021546974812,50,-0.0636920266413886,-0.051977086394489704,0.763458759090888
p15,mood,sedentary_lag1,-0.08181853773127623,85,0.4566283980799326,0.4566283980799326,85.0,-0.06539782134094217,47,-0.09106783381029662,-0.12129850840381257,0.763458759090888
p15,mood,sedentary_avg3,0.0102731856732883,93,0.9221437781394197,0.9221437781394197,93.0,0.009664987523807162,50,-0.0100201430675987,-0.0006752165842584657,0.9221437781394196
p15,mood,srpe_load_lag1,-0.16196875444169193,91,0.1250612486356994,0.1250612486356994,91.0,-0.23265725988859692,50,-0.18513829262703158,-0.15992884072987523,0.763458759090888
p15,mood,srpe_load_avg3,-0.06434842488621506,91,0.5445229330780023,0.5445229330780023,91.0,-0.09946246716783283,50,-0.03605771101852759,-0.05316784105626157,0.763458759090888
p15,mood,ex_min_nonwalk_lag1,-0.2068384861192058,93,0.04667161222194043,0.04667161222194043,93.0,-0.3160865008840459,50,-0.2080058701001585,-0.19940725140634435,0.763458759090888
p15,mood,ex_min_nonwalk_avg3,-0.08298921748103232,93,0.42902539742337886,0.42902539742337886,93.0,-0.20525848460361923,50,-0.07354792851840508,-0.07496305396726444,0.763458759090888
p15,mood,steps_dev28_lag1,-0.12238651146924874,84,0.26740475458279134,0.26740475458279134,84.0,-0.24922239313961342,45,-0.1334237574738555,-0.14234809941936366,0.763458759090888
p15,mood,mvpa_dev28_lag1,-0.09771456361527737,84,0.37655137459741783,0.37655137459741783,84.0,-0.2912701592485461,45,-0.11876626946275728,-0.09812094133148472,0.763458759090888
p15,mood,sleep_h_dev28_lag1,0.024970100231460096,86,0.8194827725669697,0.8194827725669697,86.0,0.04917036505349173,46,0.017149410283343,0.033715562278206386,0.8650672407224597
p16,comp,sleep_h_lag1,0.4707324172759506,81,9.216457285451775e-06,9.216457285451775e-06,81.0,0.5169284149122623,50,0.4248752728920231,0.43731214876694463,0.0002211949748508426
p16,comp,sleep_h_avg3,0.42823155159667736,80,7.413359384093171e-05,0.00011663362710256349,75.77469726307143,0.3369255334654753,49,0.42521740461109314,0.3674593847317444,0.0009330690168205079
p16,comp,time_in_bed_h_lag1,0.4079661636437225,81,0.00015651014414552264,0.0001565101441455218,81.0,0.4979278938881659,50,0.35455929995152397,0.3752880716391361,0.0009390608648731308
p16,comp,time_in_bed_h_avg3,0.4057334427984471,80,0.00018859679958753257,0.000281610265701759,75.81626338969318,0.32153527053674347,49,0.39813648200547985,0.3455226483256379,0.0013517292753684432
p16,comp,sleep_eff_lag1,0.25526273820890993,81,0.021453897312021852,0.021453897312021852,81.0,0.16920690089621654,50,0.2740806762082482,0.25744249669609054,0.057210392832058275
p16,comp,sleep_eff_avg3,0.1592674602123599,80,0.15820432155108372,0.17071930700788077,75.5360651153574,0.14558405640862934,49,0.15277429394372957,0.15155690092795898,0.22762574267717436
p16,comp,bedtime_h_lag1,-0.21246047481282707,81,0.05688080138974022,0.06763966090921061,74.79321594747951,-0.10742781919692598,50,-0.189859885963742,-0.11771050250121315,0.12487322014008113
p16,comp,bedtime_h_avg3,-0.2631748831518248,80,0.018343934611444672,0.02558102861384208,71.93470809771637,-0.11294400922003099,49,-0.250723332354242,-0.1523673998050695,0.061394468673220993
p16,comp,rhr_night_lag1,-0.019163062591083104,81,0.8651654638681172,0.8716258162875885,73.59326244527387,-0.012767632039715099,50,-0.05860211066261782,-0.12740072453667708,0.8716258162875885
p16,comp,rhr_night_avg3,0.05463294573478051,80,0.630288377154169,0.6496960770285996,71.50716048250231,0.006400538223705025,49,0.010839711941660078,-0.07295208610449157,0.7087593567584722
p16,comp,rhr_day_lag1,0.038244849735601875,78,0.7395587714084534,0.7696723011053103,61.06966334302954,0.08748774172927273,48,0.0243372555014581,-0.04988332174114777,0.8031363141968455
p16,comp,rhr_day_avg3,0.08785615344844948,82,0.4325256057980311,0.44443478191157143,77.96999594960127,0.02203012882148943,50,0.043603497384831734,-0.03572782325306013,0.5079254650417959
p16,comp,steps_lag1,0.33181008416690494,78,0.0030001599061318094,0.004545188870915708,71.52450166238768,0.16610317075429318,48,0.3558972328758261,0.25502353451144366,0.01655114528970521
p16,comp,steps_avg3,0.3143362401510945,82,0.004027249716413044,0.00482741737616402,78.84234182122412,0.24535127739168902,50,0.3568081946069163,0.22654491319463732,0.01655114528970521
p16,comp,lightly_lag1,0.27348242912065934,78,0.01540495792871923,0.020514620834876908,71.54232687497172,0.07541114360481152,48,0.2839845401950896,0.20643539684444998,0.057210392832058275
p16,comp,lightly_avg3,0.1837457312369592,82,0.09844358459363146,0.10472342738689401,79.13250831275317,0.20647929782371086,50,0.22035250480384683,0.1003332836803285,0.1508117842733959
p16,comp,mvpa_lag1,0.2000923373647704,78,0.07901224819658322,0.08244885575792328,76.30767011743042,0.28314659145190696,48,0.20800460146520616,0.15173002253013987,0.13191816921267727
p16,comp,mvpa_avg3,0.2315126356917102,82,0.03636927450440116,0.039794868209675587,79.22081217514668,0.24275604301186784,50,0.27755216725493786,0.16839627410125382,0.08682516700292854
p16,comp,sedentary_lag1,-0.2216719561909052,65,0.07595569724300714,0.07596511880599623,64.99598326338761,-0.11282234524742062,39,-0.29697374344398064,-0.174249897155616,0.1302259179531364
p16,comp,sedentary_avg3,-0.2279672794805843,75,0.0491740278068375,0.0491740278068375,75.0,-0.1893487595295578,44,-0.2534192834927774,-0.17024340370195626,0.098348055613675
p16,comp,ex_min_nonwalk_lag1,0.030287166219960145,50,0.8346093304601597,,,0.0497657194688447,32,0.03891378654921177,-0.006096182672151056,
p16,comp,ex_min_nonwalk_avg3,-0.16098428902838602,49,0.26914856151902095,0.26914856151902095,49.0,-0.06998953148080896,31,-0.1531446558689279,-0.2677955041126482,0.3229782738228251
p16,comp,steps_dev28_lag1,0.1882855584274602,76,0.10334776007883127,0.1068250138603221,74.54457880131085,0.029248358224607876,47,0.20875613265366477,0.20687237286818616,0.1508117842733959
p16,comp,mvpa_dev28_lag1,0.14507716327820405,76,0.21114622192012883,0.21321009929211548,75.33923985301726,0.23539266753718227,47,0.15193258770285048,0.11947668746440979,0.2693180201584616
p16,comp,sleep_h_dev28_lag1,0.45549361150420525,81,1.9308966192018044e-05,1.9308966192018044e-05,81.0,0.5010238428815292,50,0.4086849639353891,0.44582412575140007,0.0002317075943042165
p16,mood,sleep_h_lag1,0.2697243697672084,81,0.014887527187951843,0.014887527187951843,81.0,0.3075965573609412,50,0.21397769647605833,0.21586269571105432,0.10386893846307534
p16,mood,sleep_h_avg3,0.3243346742307859,80,0.0033347861128992704,0.004628192650604123,74.64373404367909,0.1787975838915056,49,0.29738972350433407,0.2338294676545442,0.08244296617289551
p16,mood,time_in_bed_h_lag1,0.22947343371933052,81,0.03932716631051934,0.03932716631051934,81.0,0.2971999806268722,50,0.1685264141746904,0.17943640976216152,0.10386893846307534
p16,mood,time_in_bed_h_avg3,0.31023295752542923,80,0.005100908526067477,0.006870247181074626,74.69604712356083,0.1887062751984556,49,0.27929162941650515,0.22173355763023564,0.08244296617289551
p16,mood,sleep_eff_lag1,0.19986564506138751,81,0.07362621376733013,0.07362621376733013,81.0,0.08138363403146343,50,0.2305636829850785,0.2086174190083142,0.14725242753466025
p16,mood,sleep_eff_avg3,0.07833943655378499,80,0.4897389844020933,0.5060242932104169,74.343547912526,0.07638111980835582,49,0.07728677503978756,0.069363848079812,0.559811387622593
p16,mood,bedtime_h_lag1,-0.15853696793206956,81,0.1574754791557916,0.17365720161341633,75.2165002428786,-0.07432839464792869,50,-0.11603153228356418,-0.034878514395368744,0.2976980599087137
p16,mood,bedtime_h_avg3,-0.2658548637257607,80,0.017148038732301158,0.026292873434150963,69.84293447468907,-0.11659084326066377,49,-0.23515922638639755,-0.13601310581944714,0.10386893846307534
p16,mood,rhr_night_lag1,0.039800816566687984,81,0.724253654280877,0.7361869229926579,74.0947529076123,0.0751624123154445,50,-0.012755819467266909,-0.07812896463502671,0.7361869229926579
p16,mood,rhr_night_avg3,0.12027103181632168,80,0.287931889097622,0.32379836059890676,69.3123004665794,0.13574963759531627,49,0.06439163807364617,-0.01569364704761751,0.4090084554933559
p16,mood,rhr_day_lag1,0.08141732796081115,78,0.47855608799680044,0.5131604386540436,66.79291728984423,0.16468788780720994,48,0.053765898728872934,-0.013154174597809511,0.559811387622593
p16,mood,rhr_day_avg3,0.13606151530282737,82,0.22290038393031414,0.24890808319805213,73.64189138769486,0.1329527261168758,50,0.08049375729201425,0.006719407044482673,0.35517569797030446
p16,mood,steps_lag1,0.250854691418324,78,0.02674149072168094,0.03131273244382223,73.8197601454696,0.12699170461025935,48,0.26431987014890007,0.18010686752374302,0.10386893846307534
p16,mood,steps_avg3,0.2552794025054655,82,0.020631672965965922,0.026643990443665513,75.41253090185442,0.16010636523909894,50,0.29247307337044376,0.15959832482434136,0.10386893846307534
p16,mood,lightly_lag1,0.17237007837686158,78,0.13128010810622104,0.14242386702980736,73.8314433050757,0.004516413158459305,48,0.16890065333022747,0.10009293642121461,0.2629363699011828
p16,mood,lightly_avg3,0.13728652159390545,82,0.21872317468507602,0.23694420842177177,76.00612762699338,0.13598201508080027,50,0.16183682535508576,0.04733308400204607,0.35517569797030446
p16,mood,mvpa_lag1,0.12858983568185917,78,0.2618604461065309,0.26530082787438053,76.91976953940919,0.21738458318706752,48,0.14102378322024448,0.10308311207487822,0.35517569797030446
p16,mood,mvpa_avg3,0.22771482738116763,82,0.03963773045643728,0.0476065967955762,76.18723467556568,0.18000803013816805,50,0.2808390202613879,0.1812248965639001,0.10386893846307534
p16,mood,sedentary_lag1,-0.24967940279153697,65,0.044876355181579744,0.04494692735054231,64.95882396434962,-0.20049689368516183,39,-0.31141711334747724,-0.20123177148064386,0.10386893846307534
p16,mood,sedentary_avg3,-0.261686543607998,75,0.023336284176793953,0.023336284176793974,75.0,-0.21683993490827375,44,-0.26931944626075005,-0.18815050866807925,0.10386893846307534
p16,mood,ex_min_nonwalk_lag1,-0.053239713749995,50,0.7134695088561844,,,-0.06763127978851086,32,-0.045780728908061306,-0.0953002010519172,
p16,mood,ex_min_nonwalk_avg3,-0.10790115030991099,49,0.46053378188418304,0.46053378188418304,49.0,-0.1008430075380151,31,-0.09011589403754273,-0.19611443462050712,0.5526405382610197
p16,mood,steps_dev28_lag1,0.12947666344571424,76,0.26496000357477495,0.26638177347772835,75.5640381849788,0.02469364041271564,47,0.13819294532048026,0.15372424515800273,0.35517569797030446
p16,mood,mvpa_dev28_lag1,0.055471919053529765,76,0.6341135467665617,0.634568773769822,75.80280277835087,0.15463833392153906,47,0.06683961276451454,0.056370354809340835,0.6621587204554664
p16,mood,sleep_h_dev28_lag1,0.22982467931553202,81,0.039018792102639706,0.039018792102639706,81.0,0.2767426575716111,50,0.17142680827983287,0.20379785200660316,0.10386893846307534
