date,wear_min,wear_day,z_below,z_fatburn,z_cardio,z_peak,z_custom,z_cardio_peak,z_total,ex_user_min,ex_avg_hr,ex_cp_min,hr_day_n,hr_day_mean,hr_day_p10,pid
2019-11-01,1421.0,1068.0,1254.0,164.0,3.0,0.0,0.0,3.0,1421.0,0.0,,0.0,1420.0,64.79275369388046,52.333333333333336,p01
2019-11-02,1393.0,1035.0,1262.0,137.0,0.0,0.0,0.0,0.0,1399.0,0.0,,0.0,973.0,64.46498622993998,49.86071428571428,p01
2019-11-03,1368.0,1009.0,1218.0,141.0,0.0,0.0,0.0,0.0,1359.0,0.0,,0.0,941.0,67.29904150047615,52.375,p01
2019-11-04,1414.0,1057.0,1315.0,100.0,0.0,0.0,0.0,0.0,1415.0,0.0,,0.0,1022.0,63.63276488677663,49.51,p01
2019-11-05,1412.0,1059.0,1300.0,94.0,7.0,12.0,0.0,19.0,1413.0,24.333333333333332,144.0,22.0,1054.0,65.94099920230326,52.8,p01
2019-11-06,1423.0,1070.0,1348.0,62.0,2.0,6.0,0.0,8.0,1418.0,0.0,,0.0,1052.0,64.62947196709078,55.50555555555555,p01
2019-11-07,1426.0,1070.0,1352.0,73.0,2.0,0.0,0.0,2.0,1427.0,0.0,,0.0,1067.0,65.20683556004549,55.142857142857146,p01
2019-11-08,1344.0,997.0,1194.0,147.0,2.0,0.0,0.0,2.0,1343.0,0.0,,0.0,976.0,67.26400546743784,54.6,p01
2019-11-09,1419.0,1059.0,1297.0,122.0,0.0,0.0,0.0,0.0,1419.0,0.0,,0.0,1027.0,65.85736496274471,52.5,p01
2019-11-10,1404.0,1046.0,1240.0,160.0,5.0,0.0,0.0,5.0,1405.0,0.0,,5.0,986.0,66.51876995834907,52.42857142857143,p01
2019-11-11,1407.0,1054.0,1302.0,80.0,9.0,13.0,0.0,22.0,1404.0,21.0,146.0,19.0,1018.0,67.31207040768581,54.439682539682536,p01
2019-11-12,1365.0,1016.0,1276.0,87.0,2.0,0.0,0.0,2.0,1365.0,0.0,,0.0,995.0,65.65413401785261,55.22,p01
2019-11-13,1320.0,970.0,1242.0,77.0,0.0,0.0,0.0,0.0,1319.0,0.0,,0.0,969.0,63.73580692040444,52.24,p01
2019-11-14,1394.0,1046.0,1187.0,174.0,27.0,5.0,0.0,32.0,1393.0,0.0,119.0,26.0,1036.0,73.51844169076313,57.95,p01
2019-11-15,1381.0,1035.0,1230.0,170.0,8.0,0.0,0.0,8.0,1408.0,0.0,,8.0,1008.0,69.02912848009575,54.87936507936508,p01
2019-11-16,1279.0,922.0,1105.0,131.0,3.0,2.0,0.0,5.0,1241.0,0.0,96.0,5.0,921.0,68.23299870897591,52.57142857142857,p01
2019-11-17,1388.0,1032.0,1295.0,87.0,3.0,0.0,0.0,3.0,1385.0,0.0,,3.0,1014.0,63.0319307117384,50.4,p01
2019-11-18,1412.0,1066.0,1330.0,41.0,26.0,15.0,0.0,41.0,1412.0,52.5,127.0,39.0,1053.0,65.3009764615685,52.63333333333333,p01
2019-11-19,1346.0,1024.0,1293.0,48.0,0.0,0.0,0.0,0.0,1341.0,0.0,,0.0,1006.0,65.06170398245447,53.66666666666666,p01
2019-11-20,1405.0,1056.0,1300.0,104.0,1.0,0.0,0.0,1.0,1405.0,0.0,,0.0,1025.0,65.00939830359343,53.0,p01
2019-11-21,1406.0,1059.0,1177.0,192.0,31.0,9.0,0.0,40.0,1409.0,0.0,119.0,40.0,1044.0,71.86197919258264,54.89222222222222,p01
2019-11-22,1371.0,1027.0,1254.0,106.0,1.0,0.0,0.0,1.0,1361.0,0.0,,0.0,1012.0,63.73177376532119,51.125,p01
2019-11-23,1417.0,1058.0,1192.0,196.0,16.0,11.0,0.0,27.0,1415.0,30.116666666666667,141.0,27.0,1009.0,72.59216609741719,53.22222222222222,p01
2019-11-24,1401.0,1045.0,1256.0,134.0,8.0,2.0,0.0,10.0,1400.0,0.0,,3.0,916.0,64.06146607213746,51.0,p01
2019-11-25,1416.0,1068.0,1306.0,107.0,0.0,0.0,0.0,0.0,1413.0,0.0,,0.0,1050.0,62.65521280835567,51.0,p01
2019-11-26,1254.0,895.0,1110.0,103.0,12.0,28.0,0.0,40.0,1253.0,36.38333333333333,151.19193770041227,35.0,869.0,68.90127776380287,49.36666666666667,p01
2019-11-27,1406.0,1059.0,1343.0,58.0,1.0,0.0,0.0,1.0,1402.0,0.0,,0.0,1028.0,61.58035240537672,51.66666666666666,p01
2019-11-28,1407.0,1057.0,1226.0,138.0,38.0,0.0,0.0,38.0,1402.0,0.0,117.0,34.0,1023.0,70.50696840630857,54.625,p01
2019-11-29,1425.0,1075.0,1297.0,124.0,5.0,1.0,0.0,6.0,1427.0,0.0,,0.0,1074.0,63.879849640324494,51.15,p01
2019-11-30,1415.0,1056.0,1334.0,77.0,2.0,0.0,0.0,2.0,1413.0,0.0,,2.0,984.0,61.27476243268926,50.215,p01
2019-12-01,1419.0,1064.0,1306.0,111.0,0.0,0.0,0.0,0.0,1417.0,0.0,,0.0,995.0,62.470119029490895,48.626666666666665,p01
2019-12-02,1105.0,930.0,1040.0,65.0,0.0,0.0,0.0,0.0,1105.0,0.0,,0.0,954.0,61.92347218062627,50.0,p01
2019-12-03,1419.0,1061.0,1250.0,132.0,18.0,17.0,0.0,35.0,1417.0,40.25,140.0,32.0,1038.0,70.67454965855063,53.85,p01
2019-12-04,1392.0,1045.0,1284.0,107.0,2.0,0.0,0.0,2.0,1393.0,0.0,,0.0,1030.0,65.21838033595314,54.57142857142857,p01
2019-12-05,1404.0,1058.0,1198.0,179.0,24.0,4.0,0.0,28.0,1405.0,0.0,112.0,27.0,1063.0,69.14857522272855,51.0,p01
2019-12-06,1357.0,1009.0,1250.0,98.0,1.0,0.0,0.0,1.0,1349.0,0.0,,1.0,977.0,62.18157732464283,51.285714285714285,p01
2019-12-07,1414.0,1059.0,1316.0,100.0,0.0,0.0,0.0,0.0,1416.0,0.0,85.0,0.0,978.0,64.72045878740664,51.0,p01
2019-12-08,1427.0,1068.0,1311.0,115.0,0.0,0.0,0.0,0.0,1426.0,0.0,,0.0,976.0,63.78790477225416,51.86607142857143,p01
2019-12-09,1424.0,1077.0,1328.0,92.0,0.0,0.0,0.0,0.0,1420.0,0.0,,0.0,1065.0,63.767440603215256,49.36,p01
2019-12-10,1414.0,1070.0,1350.0,60.0,2.0,0.0,0.0,2.0,1412.0,0.0,,0.0,991.0,62.580337248803446,52.2,p01
2019-12-11,1416.0,1071.0,1309.0,106.0,1.0,0.0,0.0,1.0,1416.0,0.0,,0.0,1036.0,66.45032352621638,57.0,p01
2019-12-12,1319.0,1077.0,1260.0,58.0,1.0,0.0,0.0,1.0,1319.0,0.0,,0.0,1121.0,67.59767150284546,57.4,p01
2019-12-13,1432.0,1077.0,1312.0,120.0,0.0,0.0,0.0,0.0,1432.0,0.0,,0.0,1068.0,67.39868535542692,54.31904761904762,p01
2019-12-14,1434.0,1074.0,1316.0,116.0,1.0,0.0,0.0,1.0,1433.0,0.0,,1.0,1007.0,66.56476067240715,53.8,p01
2019-12-15,1425.0,1065.0,1236.0,188.0,0.0,0.0,0.0,0.0,1424.0,0.0,,0.0,1005.0,70.21751563251563,54.0,p01
2019-12-16,1424.0,1079.0,1307.0,117.0,0.0,0.0,0.0,0.0,1424.0,0.0,,0.0,1060.0,64.19317610062893,52.75,p01
2019-12-17,1420.0,1074.0,1293.0,124.0,2.0,0.0,0.0,2.0,1419.0,0.0,,1.0,1085.0,65.60417532800021,52.375,p01
2019-12-18,1313.0,955.0,1235.0,119.0,1.0,0.0,0.0,1.0,1355.0,0.0,,0.0,937.0,68.09623830160116,56.625,p01
2019-12-19,1433.0,1075.0,1242.0,147.0,0.0,0.0,0.0,0.0,1389.0,0.0,,0.0,1089.0,67.4904651592668,55.5,p01
2019-12-20,1433.0,1080.0,1322.0,109.0,2.0,0.0,0.0,2.0,1433.0,0.0,,0.0,1146.0,66.01719362661771,53.25,p01
2019-12-21,1418.0,1058.0,1252.0,165.0,2.0,0.0,0.0,2.0,1419.0,0.0,,2.0,1002.0,68.1638743796678,50.12678571428572,p01
2019-12-22,1413.0,1053.0,1199.0,203.0,7.0,0.0,0.0,7.0,1409.0,0.0,,6.0,968.0,71.59725129094964,53.85714285714285,p01
2019-12-23,1424.0,1064.0,1309.0,107.0,7.0,1.0,0.0,8.0,1424.0,0.0,,6.0,946.0,64.7051265066857,50.92857142857143,p01
2019-12-24,1433.0,1075.0,1339.0,92.0,1.0,0.0,0.0,1.0,1432.0,0.0,,0.0,1027.0,69.84920487388841,56.16666666666666,p01
2019-12-25,1252.0,894.0,1186.0,68.0,0.0,0.0,0.0,0.0,1254.0,0.0,,0.0,773.0,62.73320779407455,51.16666666666666,p01
2019-12-26,1418.0,1058.0,1253.0,123.0,12.0,23.0,0.0,35.0,1411.0,24.3,163.0,24.0,964.0,73.12291276170306,56.125,p01
2019-12-27,1431.0,1071.0,1376.0,55.0,0.0,0.0,0.0,0.0,1431.0,0.0,,0.0,974.0,59.989102413101385,50.6075,p01
2019-12-28,1421.0,1061.0,1368.0,53.0,0.0,0.0,0.0,0.0,1421.0,0.0,,0.0,935.0,66.80781624495528,55.0,p01
2019-12-29,1429.0,1073.0,1297.0,129.0,3.0,0.0,0.0,3.0,1429.0,0.0,,0.0,960.0,68.42393371963684,54.0,p01
2019-12-30,1117.0,759.0,1087.0,29.0,0.0,0.0,0.0,0.0,1116.0,0.0,,0.0,739.0,61.20196855467491,50.90227272727272,p01
2019-12-31,1410.0,1052.0,1353.0,55.0,0.0,0.0,0.0,0.0,1408.0,0.0,,0.0,1005.0,63.07634927814032,52.5,p01
2020-01-01,1436.0,1076.0,1334.0,100.0,2.0,0.0,0.0,2.0,1436.0,0.0,,0.0,824.0,65.92328709249219,51.46111111111111,p01
2020-01-02,1416.0,1059.0,1335.0,78.0,2.0,0.0,0.0,2.0,1415.0,0.0,,0.0,1036.0,61.680098105990965,52.58571428571429,p01
2020-01-03,1429.0,1069.0,1274.0,125.0,11.0,18.0,0.0,29.0,1428.0,26.85,145.0,24.0,1030.0,69.03700667457937,50.82142857142858,p01
2020-01-04,1413.0,1053.0,1283.0,77.0,21.0,31.0,0.0,52.0,1412.0,48.55,147.0,50.0,908.0,69.5388095044839,56.86964285714286,p01
2020-01-05,1415.0,1056.0,1341.0,70.0,1.0,0.0,0.0,1.0,1412.0,0.03333333333333333,52.0,0.0,935.0,62.74344229151716,51.05,p01
2020-01-06,1276.0,926.0,1202.0,73.0,0.0,0.0,0.0,0.0,1275.0,0.0,,0.0,937.0,63.41834144155382,51.417142857142856,p01
2020-01-07,1417.0,1059.0,1228.0,155.0,15.0,18.0,0.0,33.0,1416.0,30.133333333333333,147.00000000000003,31.0,1056.0,71.208665854087,54.87301587301587,p01
2020-01-08,1415.0,1071.0,1345.0,71.0,1.0,0.0,0.0,1.0,1417.0,0.0,,1.0,1049.0,62.09395032993699,49.653333333333336,p01
2020-01-09,1419.0,1069.0,1251.0,144.0,16.0,3.0,0.0,19.0,1414.0,0.0,113.0,18.0,1025.0,69.09958110723964,56.64848484848485,p01
2020-01-10,1419.0,1068.0,1297.0,124.0,1.0,0.0,0.0,1.0,1422.0,0.0,,0.0,1028.0,65.98548397398105,52.85,p01
2020-01-11,1410.0,1053.0,1311.0,95.0,0.0,0.0,0.0,0.0,1406.0,0.0,,0.0,893.0,62.88450429749422,52.17333333333333,p01
2020-01-12,1414.0,1054.0,1357.0,54.0,0.0,0.0,0.0,0.0,1411.0,0.0,,0.0,950.0,58.04429197994988,49.6,p01
2020-01-13,1226.0,883.0,1079.0,145.0,0.0,0.0,0.0,0.0,1224.0,0.0,,0.0,869.0,69.24899255583951,52.16190476190476,p01
2020-01-14,1338.0,978.0,1187.0,114.0,16.0,21.0,0.0,37.0,1338.0,33.55,148.0,32.0,923.0,68.82446818957418,51.14761904761905,p01
2020-01-15,1431.0,1079.0,1318.0,110.0,3.0,0.0,0.0,3.0,1431.0,0.0,,2.0,1013.0,65.12142828653194,50.42,p01
2020-01-16,1406.0,1059.0,1244.0,124.0,27.0,7.0,0.0,34.0,1402.0,0.0,136.0,15.0,1038.0,71.07642826559011,57.375,p01
2020-01-17,1413.0,1068.0,1319.0,87.0,6.0,1.0,0.0,7.0,1413.0,0.0,,0.0,1057.0,64.7086467800044,53.21333333333333,p01
2020-01-18,1405.0,1045.0,1261.0,97.0,26.0,21.0,0.0,47.0,1405.0,48.016666666666666,139.0,44.0,1043.0,69.42921957490213,54.34166666666667,p01
2020-01-19,1411.0,1053.0,1331.0,78.0,2.0,0.0,0.0,2.0,1411.0,0.0,,0.0,1010.0,63.44568939036761,52.28214285714286,p01
2020-01-20,1324.0,977.0,1263.0,58.0,2.0,1.0,0.0,3.0,1324.0,0.0,,0.0,928.0,64.04603699401652,50.833333333333336,p01
2020-01-21,1419.0,1069.0,1336.0,83.0,0.0,0.0,0.0,0.0,1419.0,0.0,,0.0,1047.0,62.21121492589974,51.21333333333333,p01
2020-01-22,1425.0,1073.0,1363.0,60.0,1.0,0.0,0.0,1.0,1424.0,0.0,,0.0,1102.0,62.23219490733102,50.225,p01
2020-01-23,1414.0,1063.0,1239.0,147.0,26.0,2.0,0.0,28.0,1414.0,0.0,115.0,24.0,979.0,72.15824220609717,56.66666666666666,p01
2020-01-24,1343.0,985.0,1255.0,81.0,4.0,1.0,0.0,5.0,1341.0,0.0,,0.0,924.0,66.81432155506832,55.5,p01
2020-01-25,1415.0,1055.0,1255.0,122.0,3.0,38.0,0.0,41.0,1418.0,41.11666666666667,155.0,40.0,998.0,71.0633272448326,53.42,p01
2020-01-26,1388.0,1030.0,1270.0,112.0,1.0,0.0,0.0,1.0,1383.0,0.0,,1.0,951.0,64.8848184792191,50.5,p01
2020-01-27,1418.0,1071.0,1318.0,100.0,2.0,0.0,0.0,2.0,1420.0,0.0,,0.0,1080.0,63.73908806985197,52.0,p01
2020-01-28,1408.0,1065.0,1257.0,149.0,0.0,0.0,0.0,0.0,1406.0,0.0,,0.0,1060.0,64.8728438699665,51.12857142857143,p01
2020-01-29,1416.0,1068.0,1371.0,41.0,0.0,0.0,0.0,0.0,1412.0,0.0,,0.0,1068.0,58.51456968697138,48.785,p01
2020-01-30,1324.0,965.0,1174.0,112.0,31.0,8.0,0.0,39.0,1325.0,0.0,116.99999999999999,39.0,934.0,70.97289250720728,56.40857142857143,p01
2020-01-31,1427.0,1077.0,1313.0,110.0,2.0,0.0,0.0,2.0,1425.0,0.0,,0.0,1054.0,67.47926441837733,54.5,p01
2020-02-01,1167.0,807.0,1052.0,112.0,2.0,0.0,0.0,2.0,1166.0,0.0,88.0,0.0,791.0,69.08324864137127,53.16666666666666,p01
2020-02-02,1368.0,1011.0,1288.0,78.0,2.0,0.0,0.0,2.0,1368.0,0.0,91.0,2.0,964.0,65.24012958572087,52.725,p01
2020-02-03,1413.0,1065.0,1324.0,87.0,1.0,0.0,0.0,1.0,1412.0,0.0,,1.0,1049.0,64.72247203067032,52.38666666666667,p01
2020-02-04,1414.0,1069.0,1347.0,66.0,1.0,0.0,0.0,1.0,1414.0,0.0,,0.0,1061.0,60.07931329587786,51.71428571428572,p01
2020-02-05,1396.0,1061.0,1179.0,180.0,6.0,28.0,0.0,34.0,1393.0,29.8,158.00000000000003,30.0,1075.0,71.47364227131287,51.18,p01
2020-02-06,1420.0,1060.0,1108.0,244.0,56.0,17.0,0.0,73.0,1425.0,35.35,124.89064484266967,71.0,1056.0,77.2192793144611,58.0,p01
2020-02-07,1272.0,921.0,1203.0,57.0,1.0,0.0,0.0,1.0,1261.0,0.0,,0.0,897.0,60.90165591252549,51.46,p01
2020-02-08,1412.0,1052.0,1306.0,102.0,2.0,0.0,0.0,2.0,1410.0,0.0,,2.0,939.0,65.83033188264818,51.833333333333336,p01
2020-02-09,1412.0,1058.0,1351.0,59.0,2.0,0.0,0.0,2.0,1412.0,0.0,,0.0,988.0,61.34874938657833,50.125,p01
2020-02-10,1401.0,1056.0,1250.0,114.0,13.0,21.0,0.0,34.0,1398.0,33.55,152.0,32.0,1052.0,72.79120495237595,59.337500000000006,p01
2020-02-11,1423.0,1070.0,1341.0,84.0,0.0,0.0,0.0,0.0,1425.0,0.0,,0.0,1028.0,64.22076139381588,53.2,p01
2020-02-12,1412.0,1065.0,1340.0,67.0,6.0,0.0,0.0,6.0,1413.0,0.0,,6.0,1065.0,61.475309974324055,50.0,p01
2020-02-13,1384.0,1058.0,1280.0,79.0,12.0,8.0,0.0,20.0,1379.0,35.083333333333336,122.99999999999999,20.0,1052.0,66.6533890753991,54.01,p01
2020-02-14,1414.0,1070.0,1326.0,89.0,0.0,0.0,0.0,0.0,1415.0,0.0,,0.0,1144.0,69.98505449727041,61.8625,p01
2020-02-15,1049.0,695.0,969.0,76.0,0.0,0.0,0.0,0.0,1045.0,0.0,,0.0,536.0,,,p01
2020-02-16,1288.0,928.0,1248.0,39.0,1.0,0.0,0.0,1.0,1288.0,0.0,,1.0,903.0,61.247970889083845,49.5,p01
2020-02-17,1415.0,1066.0,1332.0,81.0,4.0,0.0,0.0,4.0,1417.0,0.0,,0.0,1081.0,66.96202082941214,52.16666666666666,p01
2020-02-18,1020.0,660.0,969.0,50.0,2.0,0.0,0.0,2.0,1021.0,0.0,,2.0,592.0,,,p01
2020-02-19,1415.0,1057.0,1298.0,106.0,1.0,0.0,0.0,1.0,1405.0,0.0,,0.0,1028.0,63.24480466841848,49.75,p01
2020-02-20,1397.0,1042.0,1355.0,42.0,2.0,0.0,0.0,2.0,1399.0,0.0,,0.0,1054.0,58.14720894222791,49.0,p01
2020-02-21,1411.0,1053.0,1260.0,121.0,12.0,15.0,0.0,27.0,1408.0,38.05,133.48707840560667,28.0,1109.0,69.1149113757414,51.0,p01
2020-02-22,1421.0,1066.0,1351.0,67.0,3.0,0.0,0.0,3.0,1421.0,0.0,,0.0,1011.0,65.12614380344351,51.5,p01
2020-02-23,1412.0,1056.0,1353.0,58.0,0.0,0.0,0.0,0.0,1411.0,0.0,,0.0,962.0,62.04541457041457,49.4,p01
2020-02-24,974.0,626.0,931.0,42.0,0.0,0.0,0.0,0.0,973.0,0.0,,0.0,622.0,63.47252857003661,52.5,p01
2020-02-25,1415.0,1056.0,1329.0,87.0,0.0,0.0,0.0,0.0,1416.0,0.0,,0.0,1109.0,65.9382708314629,53.54444444444445,p01
2020-02-26,1414.0,1055.0,1314.0,69.0,2.0,25.0,0.0,27.0,1410.0,26.55,159.0,25.0,1090.0,65.85795547215272,54.58214285714286,p01
2020-02-27,1400.0,1052.0,1121.0,223.0,45.0,23.0,0.0,68.0,1412.0,0.0,133.0,66.0,1050.0,76.45907651343366,56.89888888888889,p01
2020-02-28,1418.0,1060.0,1313.0,93.0,0.0,0.0,0.0,0.0,1406.0,0.0,,0.0,1063.0,69.41692910152459,58.86071428571428,p01
2020-02-29,1392.0,1032.0,1051.0,328.0,10.0,0.0,0.0,10.0,1389.0,0.0,,1.0,980.0,79.21239056012014,60.29857142857143,p01
2020-03-01,1372.0,1012.0,1085.0,285.0,2.0,0.0,0.0,2.0,1372.0,0.0,,0.0,1030.0,72.75175496294429,54.0,p01
2020-03-02,1413.0,1062.0,1336.0,77.0,0.0,0.0,0.0,0.0,1413.0,0.0,,0.0,1008.0,61.45461556466021,49.16666666666666,p01
2020-03-03,1417.0,1069.0,1347.0,64.0,1.0,2.0,0.0,3.0,1414.0,0.0,,0.0,1049.0,63.82347662929169,53.48,p01
2020-03-04,1408.0,1057.0,1351.0,56.0,1.0,0.0,0.0,1.0,1408.0,0.0,,0.0,1061.0,65.45137884160033,53.42857142857143,p01
2020-03-05,1331.0,982.0,1106.0,146.0,43.0,37.0,0.0,80.0,1332.0,29.166666666666668,135.07739374896641,74.0,936.0,74.3987167958194,55.0,p01
2020-03-06,1392.0,1042.0,1317.0,74.0,0.0,0.0,0.0,0.0,1391.0,0.0,,0.0,998.0,63.476759254439614,50.82333333333334,p01
2020-03-07,1422.0,1062.0,1305.0,109.0,7.0,0.0,0.0,7.0,1421.0,0.0,,7.0,971.0,64.30799936989432,52.125,p01
2020-03-08,1408.0,1050.0,1321.0,86.0,2.0,0.0,0.0,2.0,1409.0,0.0,,0.0,999.0,60.481487584265366,47.82666666666667,p01
2020-03-09,1402.0,1058.0,1379.0,22.0,0.0,0.0,0.0,0.0,1401.0,0.0,,0.0,1036.0,59.086357577429006,48.23611111111112,p01
2020-03-10,1116.0,759.0,1030.0,112.0,15.0,18.0,0.0,33.0,1175.0,37.416666666666664,140.0,33.0,755.0,73.74109191412364,56.080000000000005,p01
2020-03-11,633.0,629.0,574.0,31.0,0.0,0.0,0.0,0.0,605.0,0.0,,0.0,633.0,62.516248070868926,52.875,p01
2020-03-12,1414.0,1066.0,1301.0,75.0,6.0,0.0,0.0,6.0,1382.0,0.0,,6.0,1051.0,60.67693239998187,50.125,p01
2020-03-13,1417.0,1057.0,1359.0,58.0,1.0,0.0,0.0,1.0,1418.0,0.0,,0.0,983.0,59.00963500724437,48.8,p01
2020-03-14,1337.0,977.0,1280.0,32.0,11.0,15.0,0.0,26.0,1338.0,24.716666666666665,145.0,24.0,855.0,62.12407879969284,52.625,p01
2020-03-15,1406.0,1046.0,1330.0,68.0,4.0,0.0,0.0,4.0,1402.0,0.0,,4.0,1048.0,60.459018277100334,50.16666666666666,p01
2020-03-16,1407.0,1051.0,1353.0,51.0,1.0,0.0,0.0,1.0,1405.0,0.0,,0.0,884.0,59.43927102309456,50.6375,p01
2020-03-17,1024.0,682.0,956.0,66.0,2.0,0.0,0.0,2.0,1024.0,0.0,,2.0,682.0,61.77857513128774,47.6,p01
2020-03-18,1408.0,1048.0,1346.0,53.0,8.0,0.0,0.0,8.0,1407.0,0.0,,0.0,953.0,61.42489503035148,50.57714285714285,p01
2020-03-19,1377.0,1030.0,1313.0,65.0,0.0,0.0,0.0,0.0,1378.0,0.0,,0.0,1010.0,59.42291161258983,48.825,p01
2020-03-20,1387.0,1035.0,1355.0,34.0,0.0,0.0,0.0,0.0,1389.0,0.0,,0.0,1018.0,58.97415978476882,49.690000000000005,p01
2020-03-21,1398.0,1041.0,1287.0,105.0,4.0,0.0,0.0,4.0,1396.0,0.0,,4.0,977.0,66.03177283878411,52.0,p01
2020-03-22,1257.0,899.0,1232.0,36.0,0.0,0.0,0.0,0.0,1268.0,0.0,,0.0,803.0,61.135444913464845,51.2,p01
2020-03-23,1425.0,1065.0,1366.0,45.0,1.0,0.0,0.0,1.0,1412.0,0.0,,0.0,994.0,57.30880227250951,49.285714285714285,p01
2020-03-24,1416.0,1058.0,1377.0,37.0,2.0,0.0,0.0,2.0,1416.0,0.0,,0.0,950.0,61.82154530265057,53.28214285714286,p01
2020-03-25,1416.0,1057.0,1342.0,73.0,0.0,0.0,0.0,0.0,1415.0,0.0,,0.0,1022.0,61.589635557419314,50.41,p01
2020-03-26,1423.0,1063.0,1335.0,84.0,2.0,0.0,0.0,2.0,1421.0,0.0,,2.0,978.0,63.77670581804018,52.63809523809524,p01
2020-03-27,1433.0,1075.0,1347.0,82.0,3.0,0.0,0.0,3.0,1432.0,0.0,,3.0,1089.0,62.53428509812807,52.0,p01
2020-03-28,1411.0,1051.0,1232.0,173.0,5.0,0.0,0.0,5.0,1410.0,0.0,,2.0,1008.0,67.19164734075449,52.235,p01
2020-03-29,1429.0,1069.0,1319.0,49.0,0.0,0.0,0.0,0.0,1368.0,0.0,,0.0,963.0,58.80508062377221,50.0,p01
2020-03-30,1407.0,1064.0,1384.0,23.0,2.0,0.0,0.0,2.0,1409.0,0.0,,0.0,1010.0,59.26213335619276,52.66666666666666,p01
2020-03-31,1316.0,956.0,1233.0,73.0,8.0,0.0,0.0,8.0,1314.0,0.0,,4.0,935.0,64.02665505320586,53.41777777777778,p01
2019-11-01,0.0,0.0,,,,,,,,0.0,,0.0,,,,p02
2019-11-02,0.0,0.0,,,,,,,,0.0,,0.0,,,,p02
2019-11-03,0.0,0.0,,,,,,,,0.0,,0.0,,,,p02
2019-11-04,0.0,0.0,,,,,,,,0.0,,0.0,,,,p02
2019-11-05,138.0,138.0,66.0,9.0,0.0,0.0,0.0,0.0,75.0,0.0,,0.0,96.0,,,p02
2019-11-06,1388.0,1054.0,1185.0,115.0,60.0,11.0,0.0,71.0,1371.0,68.56666666666666,136.0,71.0,944.0,71.91388070019474,49.5,p02
2019-11-07,1400.0,1045.0,1238.0,141.0,13.0,2.0,0.0,15.0,1394.0,0.0,95.0,0.0,1000.0,67.46755952571867,48.57333333333334,p02
2019-11-08,1406.0,1051.0,1290.0,56.0,55.0,3.0,0.0,58.0,1404.0,0.0,131.0,58.0,959.0,65.13296217894276,50.85714285714285,p02
2019-11-09,1385.0,1031.0,1253.0,94.0,31.0,1.0,0.0,32.0,1379.0,0.0,,32.0,1079.0,59.41967971787249,45.42857142857143,p02
2019-11-10,1415.0,1062.0,1263.0,123.0,29.0,0.0,0.0,29.0,1415.0,38.483333333333334,121.0,28.0,911.0,65.44804432623594,45.75,p02
2019-11-11,1400.0,1056.0,1234.0,80.0,50.0,36.0,0.0,86.0,1400.0,80.05,142.0,81.0,983.0,67.50024511126927,48.025,p02
2019-11-12,1356.0,1005.0,1202.0,102.0,47.0,0.0,0.0,47.0,1351.0,84.16666666666667,110.0,47.0,977.0,63.52858554138625,45.373333333333335,p02
2019-11-13,1352.0,1005.0,1135.0,108.0,11.0,48.0,0.0,59.0,1302.0,55.78333333333333,139.5673611111111,58.0,890.0,75.1018001045798,58.28214285714286,p02
2019-11-14,1360.0,1004.0,1254.0,62.0,6.0,0.0,0.0,6.0,1322.0,0.0,,1.0,917.0,57.86053446129782,47.31428571428572,p02
2019-11-15,1350.0,997.0,1174.0,114.0,37.0,4.0,0.0,41.0,1329.0,50.4,125.0,40.0,958.0,69.50643354467532,54.0,p02
2019-11-16,1371.0,1035.0,1207.0,72.0,18.0,50.0,0.0,68.0,1347.0,68.8,147.0,66.0,876.0,71.82189174892514,54.0,p02
2019-11-17,1392.0,1040.0,1348.0,27.0,0.0,0.0,0.0,0.0,1375.0,0.0,,0.0,997.0,56.23257785622379,46.373333333333335,p02
2019-11-18,1364.0,1010.0,1094.0,97.0,39.0,75.0,0.0,114.0,1305.0,122.58333333333333,127.31883072739633,75.0,907.0,73.73694765673721,48.875,p02
2019-11-19,663.0,306.0,658.0,0.0,0.0,0.0,0.0,0.0,658.0,0.0,,0.0,267.0,,,p02
2019-11-20,1414.0,1057.0,1245.0,166.0,1.0,0.0,0.0,1.0,1412.0,0.0,,1.0,1055.0,62.210933095340685,47.26428571428571,p02
2019-11-21,1404.0,1046.0,1303.0,84.0,12.0,0.0,0.0,12.0,1399.0,0.0,,12.0,976.0,61.04469963097012,46.30952380952381,p02
2019-11-22,1411.0,1052.0,1237.0,66.0,90.0,15.0,0.0,105.0,1408.0,154.46666666666667,126.0,105.0,999.0,66.71972663648985,48.6,p02
2019-11-23,1395.0,1044.0,1272.0,112.0,3.0,0.0,0.0,3.0,1387.0,0.0,,0.0,893.0,64.61514371841919,50.0,p02
2019-11-24,1427.0,1068.0,1408.0,16.0,0.0,0.0,0.0,0.0,1424.0,0.0,,0.0,1003.0,53.696581179980974,43.9,p02
2019-11-25,1402.0,1060.0,1205.0,103.0,87.0,3.0,0.0,90.0,1398.0,121.31666666666666,124.48495672482484,89.0,977.0,67.21323461549042,47.054545454545455,p02
2019-11-26,1405.0,1052.0,1225.0,175.0,0.0,0.0,0.0,0.0,1400.0,0.0,,0.0,978.0,60.596938859822295,45.785,p02
2019-11-27,1408.0,1052.0,1237.0,79.0,76.0,15.0,0.0,91.0,1407.0,75.96666666666667,131.61189118034224,63.0,981.0,67.63972398312416,47.5,p02
2019-11-28,1414.0,1059.0,1347.0,59.0,5.0,0.0,0.0,5.0,1411.0,0.0,,0.0,988.0,56.89856340602015,45.42857142857143,p02
2019-11-29,1158.0,808.0,1128.0,86.0,0.0,0.0,0.0,0.0,1214.0,0.0,,0.0,759.0,62.703877377197536,49.4,p02
2019-11-30,914.0,876.0,727.0,129.0,0.0,0.0,0.0,0.0,856.0,0.0,,0.0,912.0,66.58219091763499,51.85,p02
2019-12-01,1411.0,1065.0,1236.0,169.0,0.0,0.0,0.0,0.0,1405.0,0.0,101.00000000000001,0.0,877.0,65.34931111900896,49.4,p02
2019-12-02,1434.0,1077.0,1206.0,228.0,0.0,0.0,0.0,0.0,1434.0,0.0,107.99999999999999,0.0,998.0,65.46551685622327,47.739285714285714,p02
2019-12-03,1411.0,1066.0,1267.0,97.0,41.0,1.0,0.0,42.0,1406.0,48.28333333333333,122.0,42.0,982.0,61.11333066752098,43.85892857142857,p02
2019-12-04,1402.0,1058.0,1363.0,41.0,0.0,0.0,0.0,0.0,1404.0,0.0,,0.0,978.0,57.576968523977726,47.76,p02
2019-12-05,1402.0,1048.0,1266.0,53.0,80.0,2.0,0.0,82.0,1401.0,40.71666666666667,124.87055016181229,81.0,957.0,66.11089429957255,46.28,p02
2019-12-06,1410.0,1057.0,1288.0,110.0,7.0,0.0,0.0,7.0,1405.0,0.0,,7.0,1142.0,62.26688459631762,45.34,p02
2019-12-07,1162.0,809.0,994.0,133.0,17.0,0.0,0.0,17.0,1144.0,0.0,109.57641662967895,17.0,694.0,73.19033194231322,56.3825,p02
2019-12-08,1412.0,1057.0,1190.0,118.0,65.0,1.0,0.0,66.0,1374.0,90.66666666666667,121.0,62.0,942.0,68.18530479954981,50.375,p02
2019-12-09,1414.0,1059.0,1229.0,135.0,36.0,5.0,0.0,41.0,1405.0,0.0,124.58097038437302,39.0,1091.0,67.59605309371949,47.142857142857146,p02
2019-12-10,1421.0,1065.0,1366.0,55.0,0.0,0.0,0.0,0.0,1421.0,0.0,,0.0,1024.0,56.9354663050708,45.0,p02
2019-12-11,1423.0,1067.0,1325.0,92.0,1.0,0.0,0.0,1.0,1418.0,0.0,,1.0,1006.0,57.60668040817146,45.25,p02
2019-12-12,1423.0,1074.0,1237.0,165.0,20.0,0.0,0.0,20.0,1422.0,59.88333333333333,107.52846068660021,20.0,993.0,64.94532770770684,46.833333333333336,p02
2019-12-13,1413.0,1057.0,1306.0,44.0,56.0,7.0,0.0,63.0,1413.0,75.28333333333333,131.0,62.0,1009.0,67.27733048006311,52.0,p02
2019-12-14,1420.0,1065.0,1322.0,95.0,0.0,0.0,0.0,0.0,1417.0,0.0,,0.0,952.0,60.003363693962434,48.5,p02
2019-12-15,1374.0,1015.0,1201.0,122.0,31.0,19.0,0.0,50.0,1373.0,100.71666666666667,114.0,50.0,845.0,68.9676030547371,50.93333333333333,p02
2019-12-16,1415.0,1062.0,1262.0,146.0,10.0,0.0,0.0,10.0,1418.0,26.433333333333334,104.0,7.0,998.0,62.4457771692631,46.30833333333334,p02
2019-12-17,1415.0,1062.0,1306.0,106.0,1.0,0.0,0.0,1.0,1413.0,0.0,,1.0,978.0,59.02167034374841,45.88472222222222,p02
2019-12-18,1410.0,1056.0,1203.0,136.0,24.0,43.0,0.0,67.0,1406.0,83.03333333333333,133.0,67.0,1002.0,74.33525510635153,51.0,p02
2019-12-19,1412.0,1054.0,1329.0,79.0,0.0,0.0,0.0,0.0,1408.0,0.0,,0.0,1015.0,60.42364098408434,48.61,p02
2019-12-20,1411.0,1054.0,1256.0,81.0,33.0,45.0,0.0,78.0,1415.0,155.43378333333334,69.87219745342792,77.0,1010.0,69.04586716223696,49.597142857142856,p02
2019-12-21,1395.0,1038.0,1327.0,62.0,0.0,0.0,0.0,0.0,1389.0,0.0,,0.0,950.0,59.96963678134731,50.0,p02
2019-12-22,1213.0,862.0,1087.0,93.0,32.0,0.0,0.0,32.0,1212.0,50.083333333333336,119.0,29.0,760.0,64.27634993264887,47.6,p02
2019-12-23,1414.0,1060.0,1357.0,56.0,0.0,0.0,0.0,0.0,1413.0,0.0,,0.0,1008.0,57.37894116190247,44.57,p02
2019-12-24,1399.0,1040.0,1283.0,58.0,31.0,18.0,0.0,49.0,1390.0,43.53333333333333,141.0,44.0,893.0,69.79356314652907,53.14761904761905,p02
2019-12-25,1419.0,1065.0,1318.0,104.0,0.0,0.0,0.0,0.0,1422.0,0.0,,0.0,981.0,62.45476381699623,51.285714285714285,p02
2019-12-26,1410.0,1054.0,1247.0,147.0,13.0,0.0,0.0,13.0,1407.0,20.566666666666666,113.0,12.0,901.0,67.61472412741233,49.625,p02
2019-12-27,1417.0,1066.0,1344.0,72.0,0.0,0.0,0.0,0.0,1416.0,0.0,,0.0,940.0,57.67616115562924,47.19666666666667,p02
2019-12-28,1409.0,1059.0,1294.0,59.0,34.0,22.0,0.0,56.0,1409.0,43.083333333333336,135.0,38.0,956.0,66.19194182640322,48.11805555555556,p02
2019-12-29,1404.0,1054.0,1351.0,53.0,1.0,0.0,0.0,1.0,1405.0,0.0,,1.0,970.0,62.17742855655227,49.71428571428572,p02
2019-12-30,1411.0,1052.0,1268.0,115.0,27.0,0.0,0.0,27.0,1410.0,50.95,117.0,27.0,937.0,64.10263592981356,48.0,p02
2019-12-31,522.0,168.0,578.0,4.0,0.0,0.0,0.0,0.0,582.0,0.0,,0.0,74.0,,,p02
2020-01-01,157.0,157.0,98.0,0.0,0.0,0.0,0.0,0.0,98.0,0.0,,0.0,141.0,,,p02
2020-01-02,1386.0,1029.0,1312.0,32.0,23.0,3.0,0.0,26.0,1370.0,42.03333333333333,120.0,26.0,876.0,59.3964432086361,47.70833333333333,p02
2020-01-03,1364.0,1011.0,1283.0,61.0,0.0,0.0,0.0,0.0,1344.0,0.0,,0.0,1013.0,59.54709262986657,49.025,p02
2020-01-04,1367.0,1015.0,1210.0,130.0,6.0,0.0,0.0,6.0,1346.0,0.0,104.00000000000001,6.0,954.0,61.83286742083912,48.35333333333334,p02
2020-01-05,1392.0,1032.0,1259.0,98.0,29.0,0.0,0.0,29.0,1386.0,0.0,104.0,10.0,813.0,62.49102170891839,48.0,p02
2020-01-06,1355.0,1014.0,1015.0,165.0,108.0,12.0,0.0,120.0,1300.0,171.5,111.0,110.0,945.0,75.02337276277684,49.875,p02
2020-01-07,1358.0,1001.0,1199.0,57.0,40.0,43.0,0.0,83.0,1339.0,72.0,134.0,56.0,902.0,69.8032490422205,50.62916666666667,p02
2020-01-08,1374.0,1014.0,1196.0,70.0,37.0,5.0,0.0,42.0,1308.0,0.0,,42.0,851.0,63.03319369623718,48.285714285714285,p02
2020-01-09,1432.0,1073.0,1345.0,77.0,7.0,1.0,0.0,8.0,1430.0,0.0,,0.0,991.0,58.05885490764719,47.2,p02
2020-01-10,1430.0,1070.0,1224.0,74.0,85.0,40.0,0.0,125.0,1423.0,123.94999999999999,136.01438752185018,117.0,1012.0,70.486669223282,49.337500000000006,p02
2020-01-11,1316.0,959.0,1285.0,27.0,0.0,0.0,0.0,0.0,1312.0,0.0,,0.0,957.0,59.1307134639423,47.58857142857143,p02
2020-01-12,1433.0,1073.0,1204.0,149.0,76.0,1.0,0.0,77.0,1430.0,164.06666666666666,113.0,71.0,912.0,69.45664979163662,47.71428571428572,p02
2020-01-13,1428.0,1069.0,1308.0,109.0,7.0,0.0,0.0,7.0,1424.0,0.0,,7.0,1002.0,58.67518757578637,45.83571428571429,p02
2020-01-14,1430.0,1076.0,1247.0,108.0,40.0,35.0,0.0,75.0,1430.0,76.6,135.83355091383814,65.0,1017.0,68.1204696922909,48.95555555555556,p02
2020-01-15,1428.0,1070.0,1207.0,180.0,33.0,0.0,0.0,33.0,1420.0,54.916666666666664,108.0,33.0,1012.0,65.97763122428758,47.0,p02
2020-01-16,1431.0,1075.0,1301.0,129.0,1.0,0.0,0.0,1.0,1431.0,0.0,,1.0,982.0,60.611208572486575,46.62916666666667,p02
2020-01-17,1420.0,1064.0,1243.0,75.0,60.0,42.0,0.0,102.0,1420.0,75.3,144.0,95.0,1096.0,68.07343892826681,50.142857142857146,p02
2020-01-18,1374.0,1015.0,1228.0,96.0,43.0,6.0,0.0,49.0,1373.0,58.983333333333334,129.0,49.0,845.0,67.78089562737917,52.05,p02
2020-01-19,1430.0,1075.0,1363.0,67.0,0.0,0.0,0.0,0.0,1430.0,0.0,,0.0,919.0,56.83996701823144,46.82666666666667,p02
2020-01-20,1431.0,1072.0,1314.0,111.0,5.0,0.0,0.0,5.0,1430.0,0.0,,5.0,976.0,59.52728098688653,44.69047619047619,p02
2020-01-21,1434.0,1077.0,1205.0,176.0,28.0,24.0,0.0,52.0,1433.0,70.76666666666667,118.2056559076103,50.0,999.0,69.64075752808562,49.27857142857143,p02
2020-01-22,1426.0,1071.0,1228.0,166.0,32.0,0.0,0.0,32.0,1426.0,34.666666666666664,111.0583839327417,32.0,983.0,65.25204503604651,47.75,p02
2020-01-23,1434.0,1074.0,1317.0,54.0,30.0,30.0,0.0,60.0,1431.0,66.43333333333334,134.0,53.0,1153.0,63.10902177798536,47.25,p02
2020-01-24,1437.0,1077.0,1263.0,105.0,43.0,10.0,0.0,53.0,1421.0,67.5,128.0,51.0,969.0,68.86066851690981,51.193333333333335,p02
2020-01-25,1430.0,1070.0,1404.0,24.0,0.0,0.0,0.0,0.0,1428.0,0.0,,0.0,985.0,58.295527428014736,50.41142857142857,p02
2020-01-26,1006.0,646.0,986.0,19.0,0.0,0.0,0.0,0.0,1005.0,0.0,,0.0,677.0,58.413510767092745,47.92,p02
2020-01-27,1063.0,1063.0,757.0,82.0,77.0,63.0,0.0,140.0,979.0,129.53333333333333,134.2770807193643,128.0,999.0,73.9245877039162,51.0,p02
2020-01-28,1415.0,1058.0,1286.0,90.0,1.0,3.0,0.0,4.0,1380.0,0.0,,4.0,981.0,58.53459210155128,44.11111111111112,p02
2020-01-29,1411.0,1057.0,1232.0,129.0,5.0,0.0,0.0,5.0,1366.0,0.0,,5.0,934.0,64.53659055374794,48.0,p02
2020-01-30,1422.0,1062.0,1235.0,101.0,47.0,1.0,0.0,48.0,1384.0,91.78333333333333,108.0,46.0,933.0,62.85256390010375,46.17333333333333,p02
2020-01-31,1423.0,1069.0,1288.0,78.0,22.0,2.0,0.0,24.0,1390.0,0.0,,23.0,976.0,63.47509284886334,51.0,p02
2020-02-01,1417.0,1060.0,1298.0,79.0,0.0,0.0,0.0,0.0,1377.0,0.0,81.2358453729012,0.0,900.0,61.84943201859869,49.37083333333334,p02
2020-02-02,1293.0,933.0,1125.0,142.0,0.0,0.0,0.0,0.0,1267.0,0.0,89.33618917066485,0.0,672.0,67.35972560425685,47.01428571428571,p02
2020-02-03,1418.0,1062.0,1263.0,100.0,2.0,0.0,0.0,2.0,1365.0,0.0,,2.0,947.0,58.436830821413714,43.075,p02
2020-02-04,1405.0,1053.0,1213.0,113.0,0.0,0.0,0.0,0.0,1326.0,0.0,83.0,0.0,948.0,66.28869968521867,55.0,p02
2020-02-05,1421.0,1063.0,1265.0,91.0,19.0,0.0,0.0,19.0,1375.0,26.866666666666667,122.0,18.0,995.0,59.64747897622137,45.5,p02
2020-02-06,1418.0,1059.0,1281.0,105.0,0.0,0.0,0.0,0.0,1386.0,0.0,97.0,0.0,952.0,59.13304113311992,45.0,p02
2020-02-07,1409.0,1052.0,1268.0,58.0,11.0,23.0,0.0,34.0,1360.0,0.0,124.83705789195848,34.0,963.0,64.07997118150409,51.55636363636364,p02
2020-02-08,1416.0,1061.0,1295.0,48.0,54.0,12.0,0.0,66.0,1409.0,0.0,136.0,62.0,944.0,67.01265347293213,51.29,p02
2020-02-09,1419.0,1062.0,1361.0,0.0,0.0,0.0,0.0,0.0,1361.0,0.0,80.0,0.0,824.0,58.586886505484806,49.0,p02
2020-02-10,1105.0,746.0,1046.0,45.0,8.0,0.0,0.0,8.0,1099.0,0.0,,5.0,645.0,61.9843270467689,48.39642857142857,p02
2020-02-11,1426.0,1066.0,1235.0,180.0,2.0,0.0,0.0,2.0,1417.0,0.0,,2.0,985.0,64.77726111733726,48.81333333333333,p02
2020-02-12,1429.0,1077.0,1216.0,190.0,20.0,0.0,0.0,20.0,1426.0,0.0,113.82370018474532,20.0,1036.0,67.21931713501544,48.86111111111112,p02
2020-02-13,1435.0,1075.0,1236.0,179.0,20.0,0.0,0.0,20.0,1435.0,41.8,110.56356631810677,20.0,1003.0,65.57495369406294,47.74285714285714,p02
2020-02-14,1412.0,1054.0,1343.0,41.0,8.0,10.0,0.0,18.0,1402.0,0.0,141.0,14.0,985.0,64.80183167509338,53.04444444444445,p02
2020-02-15,1435.0,1077.0,1263.0,162.0,5.0,0.0,0.0,5.0,1430.0,13.183333333333334,93.0,2.0,1044.0,69.28408491115674,55.1375,p02
2020-02-16,1433.0,1073.0,1187.0,177.0,60.0,8.0,0.0,68.0,1432.0,81.51666666666667,129.0,64.0,1028.0,69.8437567508206,48.2,p02
2020-02-17,1247.0,887.0,1121.0,82.0,40.0,0.0,0.0,40.0,1243.0,68.0,114.0,40.0,797.0,62.33581687766316,43.18666666666667,p02
2020-02-18,1430.0,1070.0,1296.0,118.0,2.0,0.0,0.0,2.0,1416.0,0.0,,2.0,972.0,58.38895843290361,45.01428571428571,p02
2020-02-19,1427.0,1067.0,1147.0,161.0,62.0,14.0,0.0,76.0,1384.0,0.0,133.0,74.0,932.0,73.3881423446606,51.4625,p02
2020-02-20,1426.0,1069.0,1185.0,196.0,13.0,4.0,0.0,17.0,1398.0,0.0,,16.0,981.0,68.71582465840876,50.66666666666666,p02
2020-02-21,1419.0,1062.0,1251.0,70.0,33.0,26.0,0.0,59.0,1380.0,49.8,95.14560669456067,48.0,978.0,67.05708919058267,49.785,p02
2020-02-22,1382.0,1025.0,1294.0,50.0,0.0,0.0,0.0,0.0,1344.0,0.0,,0.0,883.0,63.34005901924928,52.0,p02
2020-02-23,1425.0,1065.0,1273.0,93.0,33.0,5.0,0.0,38.0,1404.0,0.0,122.0,32.0,935.0,62.40391314058583,47.2,p02
2020-02-24,1284.0,927.0,1231.0,91.0,0.0,0.0,0.0,0.0,1322.0,0.0,99.99999999999999,0.0,857.0,61.95542741972147,46.650000000000006,p02
2020-02-25,1263.0,1061.0,1056.0,128.0,1.0,0.0,0.0,1.0,1185.0,0.0,,0.0,1035.0,62.61241033523642,42.15238095238095,p02
2020-02-26,1414.0,1059.0,1109.0,195.0,46.0,50.0,0.0,96.0,1400.0,58.3,137.93928571428572,89.0,986.0,75.76565320489891,56.23611111111112,p02
2020-02-27,1434.0,1074.0,1181.0,176.0,10.0,66.0,0.0,76.0,1433.0,77.56666666666666,147.0,72.0,934.0,72.23168062960774,49.47500000000001,p02
2020-02-28,1425.0,1067.0,1393.0,25.0,0.0,0.0,0.0,0.0,1418.0,0.0,,0.0,1046.0,54.58420685963707,44.0,p02
2020-02-29,1428.0,1074.0,1176.0,240.0,11.0,1.0,0.0,12.0,1428.0,0.0,102.0,12.0,939.0,67.18637531560854,45.32380952380952,p02
2020-03-01,1422.0,1066.0,1349.0,70.0,0.0,0.0,0.0,0.0,1419.0,0.0,,0.0,1100.0,55.40028587826316,41.9875,p02
2020-03-02,1424.0,1068.0,1227.0,128.0,55.0,18.0,0.0,73.0,1428.0,75.33333333333333,136.0,73.0,994.0,68.04770923674675,49.4,p02
2020-03-03,1290.0,933.0,1077.0,135.0,70.0,4.0,0.0,74.0,1286.0,111.78333333333333,122.0,72.0,860.0,72.75419138467363,50.9038961038961,p02
2020-03-04,1431.0,1074.0,1302.0,128.0,1.0,0.0,0.0,1.0,1431.0,0.0,,1.0,947.0,62.10318427905545,45.71428571428572,p02
2020-03-05,1436.0,1076.0,1286.0,143.0,5.0,2.0,0.0,7.0,1436.0,0.0,104.1035038260169,2.0,899.0,65.83744825499554,48.85238095238095,p02
2020-03-06,1428.0,1072.0,1246.0,179.0,1.0,1.0,0.0,2.0,1427.0,0.0,102.1001221001221,0.0,963.0,65.40253600385999,47.55873015873016,p02
2020-03-07,1434.0,1075.0,1284.0,134.0,12.0,0.0,0.0,12.0,1430.0,0.0,103.0,3.0,1023.0,62.869917616325246,46.5,p02
2020-03-08,1423.0,1069.0,1322.0,84.0,2.0,0.0,0.0,2.0,1408.0,0.0,100.49999999999999,2.0,983.0,54.48582522654242,41.66666666666666,p02
2020-03-09,1315.0,955.0,1186.0,150.0,38.0,0.0,0.0,38.0,1374.0,0.0,120.0,38.0,923.0,67.76516927914874,49.333333333333336,p02
2020-03-10,1166.0,1055.0,1022.0,50.0,0.0,0.0,0.0,0.0,1072.0,0.0,,0.0,1062.0,57.06090193025221,45.87638888888889,p02
2020-03-11,1423.0,1063.0,1289.0,107.0,16.0,0.0,0.0,16.0,1412.0,0.0,,16.0,890.0,61.94000417497608,46.0,p02
2020-03-12,1425.0,1070.0,1325.0,90.0,6.0,0.0,0.0,6.0,1421.0,0.0,,6.0,1028.0,59.58071508582209,43.54857142857143,p02
2020-03-13,1424.0,1066.0,1303.0,114.0,6.0,0.0,0.0,6.0,1423.0,0.0,96.0,0.0,981.0,62.66941395901641,47.71428571428572,p02
2020-03-14,1428.0,1068.0,1254.0,58.0,62.0,45.0,0.0,107.0,1419.0,98.01666666666667,136.0,83.0,863.0,71.57041542996232,50.38,p02
2020-03-15,1425.0,1067.0,1246.0,162.0,4.0,0.0,0.0,4.0,1412.0,0.0,,4.0,1020.0,62.36900401069519,45.0,p02
2020-03-16,1234.0,878.0,1193.0,98.0,2.0,0.0,0.0,2.0,1293.0,0.0,91.0,1.0,794.0,60.66958965327984,46.765,p02
2020-03-17,1016.0,1016.0,790.0,66.0,73.0,2.0,0.0,75.0,931.0,57.166666666666664,126.0,75.0,954.0,65.67944459572486,47.725,p02
2020-03-18,1428.0,1071.0,1312.0,107.0,3.0,0.0,0.0,3.0,1422.0,0.0,,3.0,992.0,58.636730314376486,43.78333333333333,p02
2020-03-19,1419.0,1071.0,1186.0,88.0,134.0,11.0,0.0,145.0,1419.0,249.43333333333334,116.54871041026325,142.0,943.0,80.83781116525735,59.17333333333333,p02
2020-03-20,1422.0,1066.0,1268.0,150.0,2.0,0.0,0.0,2.0,1420.0,0.0,,1.0,1086.0,71.42123573939872,56.73214285714286,p02
2020-03-21,1429.0,1069.0,1339.0,68.0,19.0,2.0,0.0,21.0,1428.0,0.0,118.99999999999999,18.0,1056.0,64.79089349251282,51.763888888888886,p02
2020-03-22,1211.0,851.0,1085.0,106.0,22.0,0.0,0.0,22.0,1213.0,39.05,119.0,22.0,653.0,65.88583086749469,48.8,p02
2020-03-23,1428.0,1071.0,1259.0,54.0,95.0,16.0,0.0,111.0,1424.0,128.16666666666666,128.0,108.0,917.0,70.26120607747511,51.06,p02
2020-03-24,1399.0,1044.0,1314.0,78.0,0.0,0.0,0.0,0.0,1392.0,0.0,,0.0,897.0,57.22875839941057,46.27142857142857,p02
2020-03-25,1427.0,1069.0,1364.0,17.0,27.0,19.0,0.0,46.0,1427.0,0.0,139.0,46.0,845.0,60.52426011178135,47.33142857142857,p02
2020-03-26,1107.0,911.0,1014.0,42.0,46.0,3.0,0.0,49.0,1105.0,90.03333333333333,117.0,49.0,877.0,59.94237658584932,46.0,p02
2020-03-27,1375.0,1057.0,1264.0,59.0,35.0,6.0,0.0,41.0,1364.0,0.0,127.89150090415913,40.0,964.0,63.00818215883931,49.75,p02
2020-03-28,1428.0,1070.0,1279.0,147.0,1.0,0.0,0.0,1.0,1427.0,0.0,,1.0,989.0,66.65521362695276,51.79,p02
2020-03-29,1002.0,687.0,799.0,140.0,2.0,0.0,0.0,2.0,941.0,0.0,,2.0,860.0,61.15986379576496,43.2,p02
2020-03-30,1411.0,1057.0,1253.0,137.0,19.0,0.0,0.0,19.0,1409.0,0.0,96.0,19.0,1036.0,59.3966605520177,43.29285714285714,p02
2020-03-31,1264.0,915.0,1234.0,144.0,0.0,0.0,0.0,0.0,1378.0,0.0,96.6207575012297,0.0,792.0,63.41732444393429,46.8875,p02
2019-11-01,1041.0,791.0,896.0,81.0,0.0,0.0,0.0,0.0,977.0,0.0,,0.0,902.0,79.28533721759885,61.78333333333333,p03
2019-11-02,669.0,316.0,668.0,54.0,0.0,0.0,0.0,0.0,722.0,0.0,,0.0,258.0,,,p03
2019-11-03,0.0,0.0,,,,,,,,0.0,,0.0,,,,p03
2019-11-04,0.0,0.0,,,,,,,,0.0,,0.0,,,,p03
2019-11-05,663.0,663.0,539.0,59.0,3.0,0.0,0.0,3.0,601.0,0.0,,0.0,619.0,71.59525592877775,57.193333333333335,p03
2019-11-06,1105.0,747.0,1031.0,74.0,0.0,0.0,0.0,0.0,1105.0,0.0,,0.0,637.0,78.67236669226465,58.19047619047619,p03
2019-11-07,916.0,557.0,901.0,23.0,0.0,0.0,0.0,0.0,924.0,0.0,,0.0,489.0,,,p03
2019-11-08,964.0,606.0,962.0,52.0,0.0,0.0,0.0,0.0,1014.0,0.0,,0.0,548.0,,,p03
2019-11-09,203.0,203.0,164.0,37.0,1.0,0.0,0.0,1.0,202.0,0.0,,0.0,202.0,,,p03
2019-11-10,0.0,0.0,,,,,,,,0.0,,0.0,,,,p03
2019-11-11,547.0,547.0,455.0,46.0,0.0,0.0,0.0,0.0,501.0,0.0,,0.0,544.0,,,p03
2019-11-12,918.0,571.0,908.0,52.0,0.0,0.0,0.0,0.0,960.0,0.0,,0.0,695.0,70.40883127264422,56.77,p03
2019-11-13,486.0,157.0,430.0,2.0,0.0,0.0,0.0,0.0,432.0,0.0,,0.0,141.0,,,p03
2019-11-14,1004.0,644.0,1008.0,46.0,0.0,0.0,0.0,0.0,1054.0,0.0,,0.0,533.0,,,p03
2019-11-15,595.0,489.0,516.0,15.0,0.0,0.0,0.0,0.0,531.0,0.0,,0.0,591.0,,,p03
2019-11-16,494.0,137.0,546.0,8.0,0.0,0.0,0.0,0.0,554.0,0.0,,0.0,26.0,,,p03
2019-11-17,0.0,0.0,,,,,,,,0.0,,0.0,,,,p03
2019-11-18,0.0,0.0,,,,,,,,0.0,,0.0,,,,p03
2019-11-19,0.0,0.0,,,,,,,,0.0,,0.0,,,,p03
2019-11-20,0.0,0.0,,,,,,,,0.0,,0.0,,,,p03
2019-11-21,0.0,0.0,,,,,,,,0.0,,0.0,,,,p03
2019-11-22,0.0,0.0,,,,,,,,0.0,,0.0,,,,p03
2019-11-23,0.0,0.0,,,,,,,,0.0,,0.0,,,,p03
2019-11-24,0.0,0.0,,,,,,,,0.0,,0.0,,,,p03
2019-11-25,0.0,0.0,,,,,,,,0.0,,0.0,,,,p03
2019-11-26,0.0,0.0,,,,,,,,0.0,,0.0,,,,p03
2019-11-27,0.0,0.0,,,,,,,,0.0,,0.0,,,,p03
2019-11-28,0.0,0.0,,,,,,,,0.0,,0.0,,,,p03
2019-11-29,0.0,0.0,,,,,,,,0.0,,0.0,,,,p03
2019-11-30,0.0,0.0,,,,,,,,0.0,,0.0,,,,p03
2019-12-01,0.0,0.0,,,,,,,,0.0,,0.0,,,,p03
2019-12-02,0.0,0.0,,,,,,,,0.0,,0.0,,,,p03
2019-12-03,0.0,0.0,,,,,,,,0.0,,0.0,,,,p03
2019-12-04,0.0,0.0,,,,,,,,0.0,,0.0,,,,p03
2019-12-05,0.0,0.0,,,,,,,,0.0,,0.0,,,,p03
2019-12-06,0.0,0.0,,,,,,,,0.0,,0.0,,,,p03
2019-12-07,0.0,0.0,,,,,,,,0.0,,0.0,,,,p03
2019-12-08,0.0,0.0,,,,,,,,0.0,,0.0,,,,p03
2019-12-09,0.0,0.0,,,,,,,,0.0,,0.0,,,,p03
2019-12-10,593.0,593.0,460.0,80.0,0.0,0.0,0.0,0.0,540.0,0.0,,0.0,590.0,,,p03
2019-12-11,1323.0,1038.0,1269.0,48.0,1.0,0.0,0.0,1.0,1318.0,0.0,,0.0,1322.0,72.68225648532002,59.585,p03
2019-12-12,1415.0,1059.0,1308.0,99.0,2.0,0.0,0.0,2.0,1409.0,0.0,,0.0,1414.0,73.6301443409647,62.0,p03
2019-12-13,1358.0,1003.0,1300.0,55.0,0.0,0.0,0.0,0.0,1355.0,0.0,,0.0,1356.0,77.18913513559531,65.1547619047619,p03
2019-12-14,725.0,373.0,724.0,60.0,1.0,0.0,0.0,1.0,785.0,0.0,,0.0,725.0,81.25697337911132,73.125,p03
2019-12-15,1.0,1.0,,,,,,,,0.0,,0.0,,,,p03
2019-12-16,1167.0,1059.0,1047.0,60.0,0.0,0.0,0.0,0.0,1107.0,0.0,,0.0,1166.0,74.69010226004222,63.225,p03
2019-12-17,1398.0,1049.0,1321.0,80.0,0.0,0.0,0.0,0.0,1401.0,0.0,,0.0,1398.0,75.93944864545722,66.0,p03
2019-12-18,72.0,0.0,127.0,0.0,0.0,0.0,0.0,0.0,127.0,0.0,,0.0,71.0,,,p03
2019-12-19,81.0,81.0,21.0,0.0,0.0,0.0,0.0,0.0,21.0,0.0,,0.0,60.0,,,p03
2019-12-20,1226.0,874.0,1202.0,25.0,0.0,0.0,0.0,0.0,1227.0,0.0,,0.0,898.0,70.5129975783929,58.57142857142857,p03
2019-12-21,1207.0,849.0,1191.0,19.0,0.0,0.0,0.0,0.0,1210.0,0.0,,0.0,698.0,70.4813655899974,60.24166666666667,p03
2019-12-22,1348.0,990.0,1333.0,31.0,3.0,0.0,0.0,3.0,1367.0,0.0,,0.0,1077.0,68.22039609518718,57.373333333333335,p03
2019-12-23,1405.0,1045.0,1315.0,63.0,1.0,0.0,0.0,1.0,1379.0,0.0,,0.0,1006.0,71.45405421009298,56.0,p03
2019-12-24,1348.0,996.0,1278.0,64.0,6.0,0.0,0.0,6.0,1348.0,15.1,126.0,6.0,954.0,79.34680235798209,63.516666666666666,p03
2019-12-25,1253.0,895.0,1270.0,18.0,0.0,0.0,0.0,0.0,1288.0,0.0,,0.0,847.0,69.54171240998278,60.625,p03
2019-12-26,1025.0,965.0,977.0,9.0,0.0,0.0,0.0,0.0,986.0,0.0,,0.0,1022.0,66.44956462867422,54.205000000000005,p03
2019-12-27,50.0,0.0,109.0,0.0,0.0,0.0,0.0,0.0,109.0,0.0,,0.0,49.0,,,p03
2019-12-28,1288.0,991.0,1200.0,29.0,0.0,0.0,0.0,0.0,1229.0,0.0,,0.0,972.0,70.9626555457574,58.8075,p03
2019-12-29,1179.0,826.0,1178.0,0.0,0.0,0.0,0.0,0.0,1178.0,0.0,,0.0,647.0,65.66132600012044,57.8,p03
2019-12-30,1284.0,928.0,1199.0,52.0,14.0,19.0,0.0,33.0,1284.0,32.43333333333333,167.0,33.0,903.0,77.49688688024693,59.44285714285714,p03
2019-12-31,1312.0,956.0,1306.0,5.0,0.0,0.0,0.0,0.0,1311.0,0.0,,0.0,898.0,66.23483832116906,57.0875,p03
2020-01-01,860.0,502.0,890.0,1.0,0.0,0.0,0.0,0.0,891.0,0.0,,0.0,387.0,,,p03
2020-01-02,1035.0,678.0,986.0,12.0,0.0,0.0,0.0,0.0,998.0,0.0,,0.0,526.0,,,p03
2020-01-03,853.0,802.0,847.0,6.0,0.0,0.0,0.0,0.0,853.0,0.0,,0.0,853.0,65.19662036543632,56.5,p03
2020-01-04,1334.0,978.0,1254.0,94.0,0.0,0.0,0.0,0.0,1348.0,0.0,,0.0,868.0,78.78897338260818,63.5,p03
2020-01-05,1119.0,884.0,1098.0,5.0,0.0,0.0,0.0,0.0,1103.0,0.0,,0.0,930.0,62.33642015392015,52.285714285714285,p03
2020-01-06,1227.0,872.0,1161.0,64.0,0.0,0.0,0.0,0.0,1225.0,0.0,,0.0,803.0,74.29166999114072,61.815,p03
2020-01-07,1202.0,845.0,1131.0,76.0,0.0,0.0,0.0,0.0,1207.0,0.0,,0.0,782.0,72.37592365009245,58.0,p03
2020-01-08,1176.0,824.0,1108.0,59.0,1.0,0.0,0.0,1.0,1168.0,0.0,,0.0,735.0,72.93275039019937,58.67619047619048,p03
2020-01-09,1409.0,1052.0,1199.0,199.0,10.0,0.0,0.0,10.0,1408.0,0.0,,0.0,904.0,86.68344778377964,68.22571428571429,p03
2020-01-10,1005.0,646.0,962.0,43.0,1.0,0.0,0.0,1.0,1006.0,0.0,,0.0,477.0,,,p03
2020-01-11,571.0,214.0,630.0,0.0,0.0,0.0,0.0,0.0,630.0,0.0,,0.0,36.0,,,p03
2020-01-12,538.0,538.0,403.0,69.0,4.0,0.0,0.0,4.0,476.0,0.0,,3.0,496.0,,,p03
2020-01-13,1159.0,806.0,1092.0,68.0,3.0,0.0,0.0,3.0,1163.0,0.0,,0.0,769.0,73.25914438833814,58.95555555555556,p03
2020-01-14,1121.0,761.0,1079.0,36.0,0.0,0.0,0.0,0.0,1115.0,0.0,,0.0,718.0,67.18384230285345,52.5,p03
2020-01-15,991.0,631.0,948.0,74.0,1.0,0.0,0.0,1.0,1023.0,0.0,,0.0,581.0,,,p03
2020-01-16,1147.0,790.0,956.0,154.0,3.0,0.0,0.0,3.0,1113.0,0.0,,0.0,673.0,83.27850635413786,60.78,p03
2020-01-17,810.0,452.0,812.0,55.0,0.0,0.0,0.0,0.0,867.0,0.0,,0.0,408.0,,,p03
2020-01-18,736.0,384.0,719.0,0.0,0.0,0.0,0.0,0.0,719.0,0.0,,0.0,290.0,,,p03
2020-01-19,660.0,301.0,617.0,0.0,0.0,0.0,0.0,0.0,617.0,0.0,,0.0,154.0,,,p03
2020-01-20,1158.0,824.0,1043.0,100.0,3.0,0.0,0.0,3.0,1146.0,0.0,,2.0,784.0,71.84248659149807,56.79166666666666,p03
2020-01-21,141.0,0.0,201.0,0.0,0.0,0.0,0.0,0.0,201.0,0.0,,0.0,,,,p03
2020-01-22,1058.0,719.0,945.0,62.0,6.0,0.0,0.0,6.0,1013.0,0.0,,5.0,674.0,71.08985488629406,49.285714285714285,p03
2020-01-23,897.0,539.0,900.0,37.0,0.0,0.0,0.0,0.0,937.0,0.0,,0.0,491.0,,,p03
2020-01-24,1034.0,706.0,926.0,49.0,1.0,0.0,0.0,1.0,976.0,0.0,,0.0,1032.0,61.24545010598789,45.42857142857143,p03
2020-01-25,575.0,218.0,614.0,16.0,0.0,0.0,0.0,0.0,630.0,0.0,,0.0,402.0,,,p03
2020-01-26,758.0,427.0,746.0,4.0,2.0,0.0,0.0,2.0,752.0,0.0,,0.0,311.0,,,p03
2020-01-27,1055.0,1055.0,940.0,54.0,1.0,0.0,0.0,1.0,995.0,0.0,,0.0,976.0,75.78354072782864,59.59027777777778,p03
2020-01-28,1078.0,734.0,1042.0,34.0,2.0,0.0,0.0,2.0,1078.0,0.0,,0.0,761.0,69.70391312221142,55.285714285714285,p03
2020-01-29,1104.0,750.0,1028.0,73.0,3.0,0.0,0.0,3.0,1104.0,0.0,,0.0,712.0,75.46581221525042,58.1452380952381,p03
2020-01-30,1412.0,1072.0,1251.0,155.0,3.0,0.0,0.0,3.0,1409.0,0.0,,3.0,1068.0,79.9830930695397,59.48333333333333,p03
2020-01-31,1058.0,700.0,970.0,89.0,1.0,0.0,0.0,1.0,1060.0,0.0,,0.0,646.0,74.83236489173021,52.18333333333334,p03
2020-02-01,709.0,354.0,766.0,0.0,0.0,0.0,0.0,0.0,766.0,0.0,,0.0,153.0,,,p03
2020-02-02,1122.0,779.0,1063.0,2.0,0.0,0.0,0.0,0.0,1065.0,0.0,,0.0,585.0,,,p03
2020-02-03,1215.0,870.0,1148.0,63.0,0.0,0.0,0.0,0.0,1211.0,0.0,,0.0,753.0,67.35272186865812,53.721428571428575,p03
2020-02-04,1366.0,1025.0,1306.0,57.0,0.0,0.0,0.0,0.0,1363.0,0.0,,0.0,915.0,66.33449837958034,53.0,p03
2020-02-05,1227.0,880.0,1147.0,79.0,0.0,0.0,0.0,0.0,1226.0,0.0,,0.0,727.0,71.41998759302749,58.65,p03
2020-02-06,1225.0,873.0,920.0,266.0,15.0,24.0,0.0,39.0,1225.0,35.5,164.0,30.0,699.0,95.613244403704,72.18,p03
2020-02-07,993.0,662.0,966.0,83.0,0.0,0.0,0.0,0.0,1049.0,0.0,,0.0,717.0,75.07806376174578,59.95,p03
2020-02-08,53.0,53.0,,,,,,,,0.0,,0.0,53.0,,,p03
2020-02-09,714.0,355.0,707.0,0.0,0.0,0.0,0.0,0.0,707.0,0.0,,0.0,154.0,,,p03
2020-02-10,1222.0,890.0,1181.0,41.0,0.0,0.0,0.0,0.0,1222.0,0.0,,0.0,772.0,65.14923882608468,52.72285714285714,p03
2020-02-11,1051.0,702.0,1015.0,37.0,0.0,0.0,0.0,0.0,1052.0,0.0,,0.0,689.0,66.2230378636039,49.24,p03
2020-02-12,1383.0,1026.0,1329.0,66.0,0.0,0.0,0.0,0.0,1395.0,0.0,,0.0,1009.0,68.00411963325739,55.333333333333336,p03
2020-02-13,927.0,571.0,901.0,69.0,1.0,0.0,0.0,1.0,971.0,0.0,,1.0,485.0,,,p03
2020-02-14,652.0,532.0,570.0,19.0,0.0,0.0,0.0,0.0,589.0,0.0,,0.0,649.0,65.85278467038869,51.975,p03
2020-02-15,840.0,480.0,872.0,25.0,1.0,0.0,0.0,1.0,898.0,0.0,,0.0,404.0,,,p03
2020-02-16,1353.0,997.0,1273.0,20.0,0.0,0.0,0.0,0.0,1293.0,0.0,,0.0,879.0,69.99773679423849,59.088888888888896,p03
2020-02-17,1114.0,759.0,1081.0,30.0,0.0,0.0,0.0,0.0,1111.0,0.0,,0.0,1017.0,66.57638301827093,52.55555555555556,p03
2020-02-18,926.0,578.0,912.0,58.0,0.0,0.0,0.0,0.0,970.0,0.0,,0.0,547.0,,,p03
2020-02-19,907.0,547.0,877.0,42.0,0.0,0.0,0.0,0.0,919.0,0.0,,0.0,474.0,,,p03
2020-02-20,746.0,746.0,627.0,60.0,0.0,0.0,0.0,0.0,687.0,0.0,,0.0,745.0,72.79386128785458,57.0,p03
2020-02-21,928.0,570.0,868.0,57.0,0.0,0.0,0.0,0.0,925.0,0.0,,0.0,533.0,,,p03
2020-02-22,1102.0,742.0,1135.0,26.0,1.0,0.0,0.0,1.0,1162.0,0.0,,0.0,1102.0,63.51511841908848,49.833333333333336,p03
2020-02-23,659.0,363.0,616.0,1.0,0.0,0.0,0.0,0.0,617.0,0.0,,0.0,658.0,55.80097643828647,49.42,p03
2020-02-24,999.0,642.0,881.0,154.0,0.0,0.0,0.0,0.0,1035.0,0.0,,0.0,997.0,75.33393159275808,49.4,p03
2020-02-25,1097.0,738.0,1052.0,48.0,0.0,0.0,0.0,0.0,1100.0,0.0,,0.0,1097.0,66.9683819244667,52.0,p03
2020-02-26,878.0,557.0,807.0,45.0,2.0,0.0,0.0,2.0,854.0,0.0,,0.0,877.0,69.22833700253882,50.23888888888889,p03
2020-02-27,795.0,437.0,593.0,213.0,11.0,0.0,0.0,11.0,817.0,0.0,,2.0,416.0,,,p03
2020-02-28,95.0,0.0,75.0,20.0,0.0,0.0,0.0,0.0,95.0,0.0,,0.0,95.0,,,p03
2020-02-29,0.0,0.0,,,,,,,,0.0,,0.0,,,,p03
2020-03-01,0.0,0.0,,,,,,,,0.0,,0.0,,,,p03
2020-03-02,0.0,0.0,,,,,,,,0.0,,0.0,,,,p03
2020-03-03,0.0,0.0,,,,,,,,0.0,,0.0,,,,p03
2020-03-04,448.0,448.0,344.0,78.0,0.0,0.0,0.0,0.0,422.0,0.0,,0.0,446.0,,,p03
2020-03-05,779.0,430.0,597.0,145.0,0.0,0.0,0.0,0.0,742.0,0.0,,0.0,444.0,,,p03
2020-03-06,820.0,460.0,838.0,41.0,0.0,0.0,0.0,0.0,879.0,0.0,,0.0,323.0,,,p03
2020-03-07,750.0,405.0,671.0,19.0,0.0,0.0,0.0,0.0,690.0,0.0,,0.0,270.0,,,p03
2020-03-08,569.0,209.0,581.0,0.0,0.0,0.0,0.0,0.0,581.0,0.0,,0.0,94.0,,,p03
2020-03-09,955.0,595.0,951.0,42.0,0.0,0.0,0.0,0.0,993.0,0.0,,0.0,542.0,,,p03
2020-03-10,687.0,328.0,556.0,90.0,47.0,1.0,0.0,48.0,694.0,0.0,,0.0,686.0,72.11391181704593,49.73214285714286,p03
2020-03-11,636.0,306.0,635.0,1.0,0.0,0.0,0.0,0.0,636.0,0.0,,0.0,636.0,59.98458427491446,52.17142857142858,p03
2020-03-12,452.0,98.0,451.0,0.0,0.0,0.0,0.0,0.0,451.0,0.0,,0.0,451.0,,,p03
2020-03-13,325.0,325.0,225.0,63.0,4.0,0.0,0.0,4.0,292.0,0.0,,0.0,294.0,,,p03
2020-03-14,205.0,151.0,150.0,12.0,0.0,0.0,0.0,0.0,162.0,0.0,,0.0,200.0,,,p03
2020-03-15,547.0,187.0,587.0,0.0,0.0,0.0,0.0,0.0,587.0,0.0,,0.0,547.0,,,p03
2020-03-16,0.0,0.0,,,,,,,,0.0,,0.0,,,,p03
2020-03-17,10.0,10.0,,,,,,,,0.0,,0.0,10.0,,,p03
2020-03-18,483.0,123.0,493.0,0.0,0.0,0.0,0.0,0.0,493.0,0.0,,0.0,483.0,,,p03
2020-03-19,348.0,348.0,346.0,2.0,0.0,0.0,0.0,0.0,348.0,0.0,,0.0,348.0,,,p03
2020-03-20,1207.0,858.0,1140.0,7.0,0.0,0.0,0.0,0.0,1147.0,0.0,,0.0,1207.0,60.4317740070847,51.0,p03
2020-03-21,859.0,501.0,897.0,0.0,0.0,0.0,0.0,0.0,897.0,0.0,,0.0,859.0,57.76125074963841,51.285714285714285,p03
2020-03-22,1276.0,918.0,1282.0,7.0,0.0,0.0,0.0,0.0,1289.0,0.0,,0.0,920.0,63.53346614436288,55.32857142857143,p03
2020-03-23,1208.0,853.0,1156.0,7.0,0.0,0.0,0.0,0.0,1163.0,0.0,,0.0,861.0,67.144301945957,57.25,p03
2020-03-24,1272.0,912.0,1296.0,20.0,0.0,0.0,0.0,0.0,1316.0,0.0,,0.0,841.0,71.19391991942527,60.142857142857146,p03
2020-03-25,0.0,0.0,7.0,0.0,0.0,0.0,0.0,0.0,7.0,0.0,,0.0,,,,p03
2020-03-26,777.0,451.0,712.0,5.0,0.0,0.0,0.0,0.0,717.0,0.0,,0.0,395.0,,,p03
2020-03-27,1142.0,782.0,1187.0,15.0,0.0,0.0,0.0,0.0,1202.0,0.0,,0.0,830.0,66.8466146838436,56.5,p03
2020-03-28,0.0,0.0,,,,,,,,0.0,,0.0,,,,p03
2020-03-29,1052.0,699.0,983.0,2.0,0.0,0.0,0.0,0.0,985.0,0.0,,0.0,612.0,65.37205652463005,58.50555555555555,p03
2020-03-30,594.0,235.0,601.0,3.0,0.0,0.0,0.0,0.0,604.0,0.0,,0.0,229.0,,,p03
2020-03-31,927.0,568.0,954.0,0.0,0.0,0.0,0.0,0.0,954.0,0.0,,0.0,528.0,,,p03
2019-11-01,0.0,0.0,,,,,,,,0.0,,0.0,,,,p04
2019-11-02,0.0,0.0,,,,,,,,0.0,,0.0,,,,p04
2019-11-03,0.0,0.0,,,,,,,,0.0,,0.0,,,,p04
2019-11-04,0.0,0.0,,,,,,,,0.0,,0.0,,,,p04
2019-11-05,0.0,0.0,,,,,,,,50.0,0.0,0.0,,,,p04
2019-11-06,950.0,950.0,807.0,70.0,9.0,0.0,0.0,9.0,886.0,39.65,132.0,9.0,864.0,81.61635355469781,68.875,p04
2019-11-07,1412.0,1058.0,1341.0,68.0,3.0,0.0,0.0,3.0,1412.0,46.3,114.0,3.0,969.0,81.93203297856219,70.54444444444445,p04
2019-11-08,1261.0,902.0,1147.0,82.0,23.0,3.0,0.0,26.0,1255.0,48.75,139.0,26.0,837.0,86.06491619776475,74.0,p04
2019-11-09,1391.0,1036.0,1271.0,112.0,4.0,0.0,0.0,4.0,1387.0,0.0,,0.0,855.0,83.06756052589387,70.25,p04
2019-11-10,1366.0,1012.0,1305.0,56.0,0.0,0.0,0.0,0.0,1361.0,0.0,,0.0,682.0,77.05979939740936,61.755,p04
2019-11-11,1401.0,1044.0,1305.0,79.0,16.0,0.0,0.0,16.0,1400.0,53.63333333333333,131.0,16.0,751.0,79.4289075809793,65.125,p04
2019-11-12,1429.0,1072.0,1288.0,108.0,24.0,6.0,0.0,30.0,1426.0,56.93333333333333,136.97775175644026,29.0,947.0,85.65725229449245,68.2,p04
2019-11-13,1420.0,1063.0,1298.0,88.0,30.0,2.0,0.0,32.0,1418.0,40.45,147.0,31.0,811.0,83.18246117989766,65.2,p04
2019-11-14,1411.0,1053.0,1313.0,97.0,0.0,0.0,0.0,0.0,1410.0,33.9,102.0,0.0,874.0,80.05276149337945,65.625,p04
2019-11-15,1410.0,1056.0,1346.0,65.0,0.0,0.0,0.0,0.0,1411.0,0.0,,0.0,1006.0,81.76264530422085,68.6125,p04
2019-11-16,1003.0,995.0,945.0,56.0,0.0,0.0,0.0,0.0,1001.0,0.0,,0.0,848.0,82.00034071340086,70.47857142857143,p04
2019-11-17,1409.0,1059.0,1301.0,72.0,36.0,0.0,0.0,36.0,1409.0,77.63333333333333,148.61399742378705,58.0,929.0,85.87246572696307,72.14285714285714,p04
2019-11-18,1406.0,1047.0,1322.0,51.0,30.0,0.0,0.0,30.0,1403.0,34.15,148.0,30.0,909.0,81.11749825860291,67.0,p04
2019-11-19,1407.0,1054.0,1281.0,90.0,14.0,20.0,0.0,34.0,1405.0,22.466666666666665,178.0,23.0,940.0,84.10727671700222,67.0,p04
2019-11-20,1414.0,1059.0,1336.0,65.0,12.0,0.0,0.0,12.0,1413.0,39.21666666666667,124.0,11.0,923.0,80.26896405188765,67.5,p04
2019-11-21,1418.0,1060.0,1362.0,56.0,0.0,0.0,0.0,0.0,1418.0,0.0,,0.0,897.0,79.31550908833518,67.13571428571429,p04
2019-11-22,1318.0,963.0,1237.0,70.0,14.0,0.0,0.0,14.0,1321.0,15.516666666666667,137.0,10.0,914.0,82.47581262679677,66.5,p04
2019-11-23,1413.0,1055.0,1261.0,141.0,7.0,0.0,0.0,7.0,1409.0,43.733333333333334,114.99999999999999,7.0,774.0,90.48741109552132,74.85,p04
2019-11-24,1412.0,1055.0,1195.0,215.0,2.0,0.0,0.0,2.0,1412.0,0.0,124.0,2.0,834.0,89.8218698167374,71.04285714285714,p04
2019-11-25,1415.0,1055.0,1315.0,78.0,25.0,0.0,0.0,25.0,1418.0,49.583333333333336,135.0,25.0,922.0,83.29502500697471,69.3775,p04
2019-11-26,1424.0,1065.0,1290.0,122.0,9.0,0.0,0.0,9.0,1421.0,64.61666666666666,125.0,9.0,957.0,82.80447199567409,67.82,p04
2019-11-27,1420.0,1063.0,1384.0,35.0,0.0,0.0,0.0,0.0,1419.0,0.0,,0.0,853.0,75.98911489708676,65.14761904761905,p04
2019-11-28,1418.0,1059.0,1326.0,61.0,28.0,6.0,0.0,34.0,1421.0,35.583333333333336,158.0,33.0,887.0,78.88159050644958,66.43809523809524,p04
2019-11-29,1160.0,805.0,1069.0,63.0,0.0,0.0,0.0,0.0,1132.0,0.0,,0.0,702.0,82.61499447055003,72.43571428571428,p04
2019-11-30,1405.0,1049.0,1272.0,123.0,9.0,0.0,0.0,9.0,1404.0,31.466666666666665,129.0,6.0,820.0,90.92197552014748,76.19666666666667,p04
2019-12-01,1413.0,1057.0,1274.0,139.0,0.0,0.0,0.0,0.0,1413.0,0.0,,0.0,822.0,83.26378645685216,66.33749999999999,p04
2019-12-02,1427.0,1069.0,1312.0,76.0,26.0,12.0,0.0,38.0,1426.0,42.11666666666667,153.0,38.0,975.0,85.22488740799645,70.71428571428571,p04
2019-12-03,1416.0,1058.0,1227.0,175.0,14.0,0.0,0.0,14.0,1416.0,52.96666666666667,126.0,14.0,951.0,88.34394454946364,73.22222222222223,p04
2019-12-04,1414.0,1055.0,1390.0,24.0,0.0,0.0,0.0,0.0,1414.0,0.0,,0.0,940.0,79.6593985830954,67.71428571428571,p04
2019-12-05,1409.0,1053.0,1308.0,91.0,8.0,0.0,0.0,8.0,1407.0,41.483333333333334,121.0,8.0,954.0,83.7110992438395,71.34583333333333,p04
2019-12-06,1414.0,1055.0,1267.0,147.0,0.0,0.0,0.0,0.0,1414.0,0.0,,0.0,828.0,86.79878969996724,70.19,p04
2019-12-07,1355.0,998.0,1126.0,225.0,1.0,0.0,0.0,1.0,1352.0,0.0,,0.0,915.0,93.30654633769387,81.0,p04
2019-12-08,1415.0,1065.0,1315.0,100.0,0.0,0.0,0.0,0.0,1415.0,0.0,,0.0,877.0,84.21332258897823,72.0,p04
2019-12-09,1415.0,1062.0,1305.0,70.0,30.0,8.0,0.0,38.0,1413.0,50.85,148.0,38.0,922.0,85.42786425380459,66.3875,p04
2019-12-10,1436.0,1079.0,1288.0,100.0,26.0,15.0,0.0,41.0,1429.0,37.983333333333334,161.0,37.0,756.0,86.08463523424349,61.05952380952381,p04
2019-12-11,1211.0,851.0,1176.0,84.0,7.0,0.0,0.0,7.0,1267.0,47.8,120.00000000000001,6.0,800.0,83.1164617022344,70.98333333333333,p04
2019-12-12,1071.0,1061.0,935.0,65.0,11.0,0.0,0.0,11.0,1011.0,39.083333333333336,131.0,11.0,969.0,81.91209364002337,68.43055555555556,p04
2019-12-13,1433.0,1073.0,1416.0,17.0,0.0,0.0,0.0,0.0,1433.0,0.0,,0.0,1010.0,79.3989062834855,69.28214285714286,p04
2019-12-14,1430.0,1070.0,1213.0,195.0,22.0,0.0,0.0,22.0,1430.0,85.68333333333334,122.81091160220994,22.0,870.0,93.28784812511024,80.83,p04
2019-12-15,1419.0,1065.0,1338.0,77.0,4.0,0.0,0.0,4.0,1419.0,0.0,129.0,4.0,690.0,86.27677635568939,72.9888888888889,p04
2019-12-16,1427.0,1067.0,1344.0,52.0,30.0,0.0,0.0,30.0,1426.0,74.78333333333333,73.05995096946734,30.0,809.0,84.22276743834632,67.92,p04
2019-12-17,1433.0,1079.0,1314.0,94.0,17.0,8.0,0.0,25.0,1433.0,46.28333333333333,142.0,23.0,932.0,84.65890580561833,66.63392857142857,p04
2019-12-18,1427.0,1067.0,1397.0,30.0,0.0,0.0,0.0,0.0,1427.0,0.0,,0.0,1021.0,77.9926005896378,69.22222222222223,p04
2019-12-19,1373.0,1013.0,1283.0,83.0,5.0,0.0,0.0,5.0,1371.0,0.0,,0.0,841.0,80.1367646226148,62.333333333333336,p04
2019-12-20,1432.0,1072.0,1356.0,70.0,7.0,0.0,0.0,7.0,1433.0,8.133333333333333,137.0,4.0,970.0,81.01695466317138,67.24722222222222,p04
2019-12-21,1435.0,1075.0,1372.0,62.0,0.0,0.0,0.0,0.0,1434.0,0.0,,0.0,973.0,81.0960221433243,69.26666666666667,p04
2019-12-22,1434.0,1074.0,1349.0,81.0,1.0,0.0,0.0,1.0,1431.0,0.0,,0.0,843.0,78.41592081636566,62.52,p04
2019-12-23,1382.0,1023.0,1289.0,38.0,49.0,1.0,0.0,50.0,1377.0,56.38333333333333,148.0,48.0,909.0,82.3578457614479,67.0,p04
2019-12-24,1434.0,1077.0,1370.0,64.0,0.0,0.0,0.0,0.0,1434.0,0.0,,0.0,963.0,81.34181265256032,70.03333333333333,p04
2019-12-25,1433.0,1074.0,1343.0,78.0,12.0,0.0,0.0,12.0,1433.0,70.56666666666666,122.0,12.0,852.0,84.17682487327318,71.38035714285715,p04
2019-12-26,1427.0,1068.0,1256.0,170.0,1.0,0.0,0.0,1.0,1427.0,114.6,114.0,1.0,892.0,87.90421043000738,74.51666666666667,p04
2019-12-27,1437.0,1077.0,1410.0,28.0,0.0,0.0,0.0,0.0,1438.0,0.0,,0.0,981.0,81.00863914373089,72.0,p04
2019-12-28,986.0,628.0,895.0,85.0,3.0,0.0,0.0,3.0,983.0,52.2,112.0,0.0,481.0,,,p04
2019-12-29,1423.0,1070.0,1344.0,79.0,0.0,0.0,0.0,0.0,1423.0,0.0,,0.0,825.0,84.25974673138309,71.78333333333333,p04
2019-12-30,1433.0,1073.0,1341.0,93.0,0.0,0.0,0.0,0.0,1434.0,59.18333333333333,113.0,0.0,889.0,80.91163884637504,66.75,p04
2019-12-31,1426.0,1066.0,1337.0,87.0,1.0,0.0,0.0,1.0,1425.0,0.0,,0.0,795.0,83.50132842349824,65.34285714285714,p04
2020-01-01,1437.0,1077.0,1417.0,19.0,0.0,0.0,0.0,0.0,1436.0,0.0,,0.0,788.0,75.28227099676973,59.8625,p04
2020-01-02,1427.0,1069.0,1350.0,60.0,17.0,0.0,0.0,17.0,1427.0,45.2,128.0,17.0,826.0,79.00017660081102,62.1125,p04
2020-01-03,975.0,617.0,971.0,38.0,22.0,3.0,0.0,25.0,1034.0,44.166666666666664,133.0,24.0,421.0,,,p04
2020-01-04,1431.0,1071.0,1304.0,60.0,8.0,0.0,0.0,8.0,1372.0,37.083333333333336,121.00000000000001,7.0,826.0,78.89710125276599,62.725,p04
2020-01-05,1430.0,1070.0,1396.0,35.0,0.0,0.0,0.0,0.0,1431.0,0.0,,0.0,810.0,75.27513855486077,63.330000000000005,p04
2020-01-06,1428.0,1071.0,1249.0,44.0,1.0,1.0,0.0,2.0,1295.0,0.0,,0.0,1238.0,76.48648538232545,64.0,p04
2020-01-07,1425.0,1071.0,1325.0,44.0,0.0,0.0,0.0,0.0,1369.0,0.0,,0.0,1420.0,70.98100329248217,60.2,p04
2020-01-08,1439.0,1079.0,1007.0,69.0,0.0,0.0,0.0,0.0,1076.0,34.03333333333333,155.0,31.0,1280.0,73.6930546593376,55.57142857142857,p04
2020-01-09,1433.0,1074.0,1313.0,90.0,27.0,8.0,0.0,35.0,1438.0,47.31666666666667,153.0,39.0,953.0,73.98820551947568,60.0,p04
2020-01-10,1398.0,1040.0,1264.0,123.0,36.0,8.0,0.0,44.0,1431.0,0.0,,0.0,1058.0,78.10196864677016,66.0,p04
2020-01-11,1420.0,1062.0,1346.0,40.0,0.0,0.0,0.0,0.0,1386.0,0.0,,0.0,911.0,67.93133657414667,56.8,p04
2020-01-12,1437.0,1079.0,1365.0,68.0,0.0,0.0,0.0,0.0,1433.0,65.98333333333332,124.96286941146758,25.0,848.0,65.67137267139567,53.0,p04
2020-01-13,1288.0,929.0,1346.0,58.0,26.0,0.0,0.0,26.0,1430.0,15.266666666666667,119.0,3.0,899.0,68.08046234145502,53.42857142857143,p04
2020-01-14,1418.0,1075.0,1205.0,63.0,5.0,0.0,0.0,5.0,1273.0,46.266666666666666,163.0,45.0,997.0,72.82903276848069,55.695238095238096,p04
2020-01-15,1435.0,1077.0,1305.0,74.0,36.0,18.0,0.0,54.0,1433.0,71.3,126.0,32.0,910.0,68.27622475397675,55.797777777777775,p04
2020-01-16,1427.0,1069.0,1290.0,107.0,32.0,0.0,0.0,32.0,1429.0,0.0,,0.0,750.0,62.93893848003848,54.333333333333336,p04
2020-01-17,1434.0,1077.0,1293.0,139.0,0.0,0.0,0.0,0.0,1432.0,33.4,155.0,30.0,894.0,66.29353748414151,54.75,p04
2020-01-18,1423.0,1065.0,1283.0,107.0,26.0,5.0,0.0,31.0,1421.0,0.0,,0.0,956.0,69.12151151382324,56.5,p04
2020-01-19,1417.0,1066.0,1340.0,77.0,0.0,0.0,0.0,0.0,1417.0,0.0,,0.0,774.0,64.47736011834849,55.8,p04
2020-01-20,1325.0,965.0,1388.0,42.0,0.0,0.0,0.0,0.0,1430.0,48.333333333333336,154.0,46.0,776.0,63.44604787752339,54.0,p04
2020-01-21,1432.0,1075.0,1145.0,132.0,49.0,1.0,0.0,50.0,1327.0,37.75,145.0,30.0,968.0,75.19797990550927,58.65416666666667,p04
2020-01-22,1428.0,1072.0,1300.0,96.0,32.0,0.0,0.0,32.0,1428.0,0.0,,0.0,890.0,71.04140716960941,56.0,p04
2020-01-23,1433.0,1074.0,1233.0,169.0,27.0,0.0,0.0,27.0,1429.0,44.666666666666664,135.0,25.0,1030.0,78.76567147419405,64.0,p04
2020-01-24,1435.0,1076.0,1289.0,94.0,44.0,1.0,0.0,45.0,1428.0,44.583333333333336,155.0,39.0,928.0,73.02164878194216,58.3925,p04
2020-01-25,1437.0,1078.0,1312.0,125.0,0.0,0.0,0.0,0.0,1437.0,0.0,,0.0,995.0,80.4223711994315,65.71111111111111,p04
2020-01-26,1425.0,1069.0,1310.0,113.0,3.0,0.0,0.0,3.0,1426.0,0.0,,0.0,825.0,68.75934076697713,57.142857142857146,p04
2020-01-27,1141.0,851.0,1081.0,29.0,25.0,4.0,0.0,29.0,1139.0,27.716666666666665,157.0,26.0,770.0,68.70888729596523,57.87321428571428,p04
2020-01-28,1431.0,1074.0,1404.0,32.0,0.0,0.0,0.0,0.0,1436.0,220.23333333333332,104.0,0.0,804.0,69.49357855383974,55.8,p04
2020-01-29,1431.0,1071.0,1233.0,197.0,0.0,0.0,0.0,0.0,1430.0,0.0,,0.0,1088.0,74.01391044107038,59.96666666666667,p04
2020-01-30,1432.0,1074.0,1395.0,36.0,0.0,0.0,0.0,0.0,1431.0,0.0,,0.0,1051.0,77.49599412639374,64.16666666666667,p04
2020-01-31,1430.0,1070.0,1298.0,136.0,0.0,0.0,0.0,0.0,1434.0,0.0,108.0,0.0,1086.0,80.55714667724335,64.4,p04
2020-02-01,1436.0,1076.0,1180.0,217.0,36.0,0.0,0.0,36.0,1433.0,103.0,130.80064724919092,33.0,920.0,87.89439397860593,73.625,p04
2020-02-02,1362.0,1075.0,1187.0,176.0,0.0,0.0,0.0,0.0,1363.0,0.0,,0.0,1020.0,76.93687742268625,64.8,p04
2020-02-03,1431.0,1075.0,1105.0,288.0,37.0,1.0,0.0,38.0,1431.0,100.51666666666667,131.996517990383,35.0,1090.0,90.78383931053656,77.0,p04
2020-02-04,1429.0,1072.0,1120.0,304.0,3.0,0.0,0.0,3.0,1427.0,83.85,115.99999999999999,3.0,987.0,79.31396250096859,59.93333333333334,p04
2020-02-05,1432.0,1073.0,1311.0,119.0,0.0,0.0,0.0,0.0,1430.0,0.0,,0.0,722.0,73.1281716552146,60.67142857142857,p04
2020-02-06,1429.0,1069.0,1281.0,136.0,4.0,3.0,0.0,7.0,1424.0,0.0,,0.0,992.0,84.49809886014522,69.67777777777778,p04
2020-02-07,1424.0,1066.0,1269.0,139.0,21.0,0.0,0.0,21.0,1429.0,28.983333333333334,142.0,21.0,824.0,85.02045047397056,66.5,p04
2020-02-08,1377.0,1022.0,1362.0,64.0,0.0,0.0,0.0,0.0,1426.0,0.0,,0.0,912.0,81.01997647211464,71.0,p04
2020-02-09,1229.0,1076.0,1097.0,71.0,10.0,0.0,0.0,10.0,1178.0,30.016666666666666,129.0,10.0,1133.0,78.99679763263195,63.91111111111111,p04
2020-02-10,1435.0,1075.0,1412.0,19.0,0.0,0.0,0.0,0.0,1431.0,0.0,,0.0,909.0,73.93760915774116,63.193333333333335,p04
2020-02-11,1419.0,1064.0,1294.0,131.0,0.0,0.0,0.0,0.0,1425.0,0.0,,0.0,886.0,74.29468239310225,61.2,p04
2020-02-12,1425.0,1065.0,1267.0,122.0,23.0,6.0,0.0,29.0,1418.0,57.016666666666666,127.0,19.0,899.0,83.92559816478621,68.55714285714285,p04
2020-02-13,1419.0,1062.0,1294.0,131.0,0.0,0.0,0.0,0.0,1425.0,0.0,,0.0,915.0,84.53316707275724,69.05,p04
2020-02-14,1266.0,910.0,1133.0,100.0,15.0,0.0,0.0,15.0,1248.0,0.0,,0.0,1120.0,86.80363636363636,70.75999999999999,p04
2020-02-15,783.0,426.0,975.0,135.0,0.0,0.0,0.0,0.0,1110.0,0.0,103.0,0.0,379.0,,,p04
2020-02-16,1078.0,1076.0,695.0,53.0,0.0,0.0,0.0,0.0,748.0,0.0,,0.0,901.0,76.71670142041951,67.57142857142857,p04
2020-02-17,1423.0,1068.0,1348.0,56.0,24.0,1.0,0.0,25.0,1429.0,31.866666666666667,145.0,25.0,899.0,84.5153799157452,69.66666666666667,p04
2020-02-18,1434.0,1079.0,1296.0,134.0,3.0,0.0,0.0,3.0,1433.0,27.983333333333334,117.0,1.0,1001.0,86.46569478925954,74.0,p04
2020-02-19,1428.0,1071.0,1354.0,74.0,0.0,0.0,0.0,0.0,1428.0,0.0,,0.0,861.0,82.93248864956182,71.44444444444444,p04
2020-02-20,1425.0,1066.0,1309.0,93.0,24.0,0.0,0.0,24.0,1426.0,38.166666666666664,139.0,24.0,746.0,86.18585952573655,74.92857142857143,p04
2020-02-21,1433.0,1078.0,1271.0,141.0,16.0,0.0,0.0,16.0,1428.0,0.0,123.0,9.0,946.0,90.04535600645538,79.11111111111111,p04
2020-02-22,1439.0,1079.0,1246.0,189.0,3.0,0.0,0.0,3.0,1438.0,0.0,,0.0,966.0,92.60937876248434,80.22222222222223,p04
2020-02-23,687.0,331.0,648.0,39.0,0.0,0.0,0.0,0.0,687.0,0.0,,0.0,217.0,,,p04
2020-02-24,1440.0,1080.0,1227.0,181.0,32.0,0.0,0.0,32.0,1440.0,42.88333333333333,141.0,32.0,914.0,91.77059562830986,76.6,p04
2020-02-25,1430.0,1070.0,1314.0,113.0,3.0,0.0,0.0,3.0,1430.0,0.0,,0.0,921.0,85.75125134546958,73.25,p04
2020-02-26,1431.0,1072.0,1205.0,215.0,11.0,0.0,0.0,11.0,1431.0,73.0,105.0,9.0,929.0,89.69450425359571,75.18222222222222,p04
2020-02-27,1435.0,1075.0,1214.0,177.0,41.0,3.0,0.0,44.0,1435.0,43.81666666666667,157.0,41.0,981.0,92.42791153928484,76.7,p04
2020-02-28,1434.0,1074.0,1307.0,127.0,0.0,0.0,0.0,0.0,1434.0,0.0,,0.0,942.0,85.5352199581499,74.1452380952381,p04
2020-02-29,1432.0,1076.0,1167.0,262.0,3.0,0.0,0.0,3.0,1432.0,0.0,106.56462711549192,5.0,959.0,94.3179516376336,81.0,p04
2020-03-01,1112.0,752.0,928.0,173.0,11.0,0.0,0.0,11.0,1112.0,0.0,120.0,6.0,527.0,,,p04
2020-03-02,1431.0,1071.0,1417.0,14.0,0.0,0.0,0.0,0.0,1431.0,0.0,,0.0,491.0,,,p04
2020-03-03,1431.0,1071.0,1360.0,70.0,0.0,0.0,0.0,0.0,1430.0,0.0,,0.0,850.0,85.49521284271285,74.975,p04
2020-03-04,1424.0,1066.0,1314.0,99.0,11.0,0.0,0.0,11.0,1424.0,62.28333333333333,113.0,7.0,869.0,87.0247319778262,73.41785714285714,p04
2020-03-05,1432.0,1074.0,1381.0,51.0,0.0,0.0,0.0,0.0,1432.0,0.0,105.0,0.0,841.0,83.92336684322416,73.54545454545455,p04
2020-03-06,1428.0,1073.0,1318.0,105.0,4.0,0.0,0.0,4.0,1427.0,0.0,103.0,0.0,820.0,87.42004909724423,76.42571428571429,p04
2020-03-07,1438.0,1078.0,1354.0,83.0,0.0,0.0,0.0,0.0,1437.0,0.0,100.0,0.0,910.0,85.75009700616843,73.76666666666667,p04
2020-03-08,1259.0,902.0,1173.0,82.0,4.0,0.0,0.0,4.0,1259.0,31.083333333333332,103.0,2.0,748.0,86.23912050965627,73.66666666666667,p04
2020-03-09,1434.0,1074.0,1304.0,99.0,31.0,0.0,0.0,31.0,1434.0,31.566666666666666,154.0,30.0,935.0,87.71024956912758,72.46666666666667,p04
2020-03-10,1434.0,1076.0,1266.0,146.0,21.0,0.0,0.0,21.0,1433.0,128.68333333333334,108.0,21.0,962.0,88.33597056500892,72.18293650793652,p04
2020-03-11,1439.0,1080.0,1291.0,139.0,9.0,0.0,0.0,9.0,1439.0,46.6,121.99999999999999,8.0,1026.0,85.02954952935177,73.375,p04
2020-03-12,1438.0,1079.0,1367.0,71.0,0.0,0.0,0.0,0.0,1438.0,0.0,,0.0,895.0,82.37856102928728,69.56190476190476,p04
2020-03-13,1426.0,1071.0,1304.0,87.0,36.0,1.0,0.0,37.0,1428.0,45.7,146.0,37.0,1024.0,86.15398239472651,73.0,p04
2020-03-14,930.0,573.0,922.0,6.0,0.0,0.0,0.0,0.0,928.0,103.0,0.0,0.0,476.0,,,p04
2020-03-15,1430.0,1070.0,1382.0,50.0,0.0,0.0,0.0,0.0,1432.0,0.0,,0.0,919.0,82.08339468837293,69.725,p04
2020-03-16,1438.0,1078.0,1361.0,73.0,0.0,0.0,0.0,0.0,1434.0,45.0,103.0,0.0,803.0,84.35836549986612,73.17777777777778,p04
2020-03-17,1434.0,1076.0,1338.0,99.0,0.0,0.0,0.0,0.0,1437.0,0.0,,0.0,873.0,83.37907019797055,70.35111111111111,p04
2020-03-18,1417.0,1057.0,1224.0,165.0,28.0,1.0,0.0,29.0,1418.0,29.45,157.99999999999997,29.0,1005.0,90.47810247887789,78.0,p04
2020-03-19,1432.0,1074.0,1260.0,156.0,11.0,0.0,0.0,11.0,1427.0,28.283333333333335,97.0,0.0,902.0,87.1387244074279,69.83749999999999,p04
2020-03-20,1434.0,1074.0,1328.0,106.0,0.0,0.0,0.0,0.0,1434.0,54.483333333333334,107.0,0.0,878.0,87.89157124154916,77.6,p04
2020-03-21,930.0,577.0,866.0,64.0,0.0,0.0,0.0,0.0,930.0,0.0,,0.0,469.0,,,p04
2020-03-22,1433.0,1076.0,1342.0,93.0,0.0,0.0,0.0,0.0,1435.0,0.0,,0.0,934.0,83.88056602272341,72.6,p04
2020-03-23,1432.0,1073.0,1310.0,55.0,62.0,3.0,0.0,65.0,1430.0,66.81666666666666,151.38413569468696,61.0,900.0,87.36874593193679,70.32857142857142,p04
2020-03-24,1438.0,1078.0,1277.0,153.0,8.0,0.0,0.0,8.0,1438.0,57.45,115.0,3.0,1027.0,86.73093023062513,70.615,p04
2020-03-25,1415.0,1056.0,1298.0,79.0,35.0,3.0,0.0,38.0,1415.0,45.45,152.0,37.0,796.0,87.37085554743554,70.73333333333333,p04
2020-03-26,1433.0,1073.0,1332.0,56.0,43.0,1.0,0.0,44.0,1432.0,50.78333333333333,153.0,41.0,871.0,87.29246169725835,73.2,p04
2020-03-27,1439.0,1079.0,1366.0,73.0,0.0,0.0,0.0,0.0,1439.0,0.0,,0.0,905.0,81.8213119753175,69.4,p04
2020-03-28,1226.0,871.0,1040.0,182.0,5.0,0.0,0.0,5.0,1227.0,53.06666666666667,112.33473066443094,5.0,693.0,86.83452829328289,67.5,p04
2020-03-29,1435.0,1075.0,1289.0,85.0,0.0,0.0,0.0,0.0,1374.0,0.0,112.0,0.0,842.0,81.11261520875534,62.8875,p04
2020-03-30,1318.0,958.0,1322.0,104.0,8.0,0.0,0.0,8.0,1434.0,0.0,122.0,7.0,714.0,85.26196044074196,71.83333333333333,p04
2020-03-31,0.0,0.0,,,,,,,,0.0,,0.0,,,,p04
2019-11-01,1332.0,989.0,1196.0,136.0,0.0,0.0,0.0,0.0,1332.0,0.0,,0.0,1332.0,74.79863851947185,55.875,p05
2019-11-02,1362.0,1013.0,1270.0,89.0,3.0,0.0,0.0,3.0,1362.0,0.0,,0.0,1045.0,76.04668682726098,61.0,p05
2019-11-03,1371.0,1013.0,1240.0,123.0,4.0,3.0,0.0,7.0,1370.0,0.0,,0.0,1015.0,74.73230898001833,60.75,p05
2019-11-04,1367.0,1018.0,1228.0,126.0,0.0,0.0,0.0,0.0,1354.0,0.0,,0.0,1354.0,72.34287797792229,57.375,p05
2019-11-05,1344.0,991.0,1118.0,203.0,2.0,0.0,0.0,2.0,1323.0,0.0,108.00000000000001,2.0,1318.0,74.31372493633495,53.79333333333333,p05
2019-11-06,1372.0,1018.0,1263.0,102.0,0.0,0.0,0.0,0.0,1365.0,0.0,,0.0,984.0,75.94367499032133,64.40857142857143,p05
2019-11-07,1356.0,1001.0,1131.0,183.0,29.0,1.0,0.0,30.0,1344.0,28.6,129.3216045038705,30.0,1015.0,80.05982699181703,65.42857142857143,p05
2019-11-08,1362.0,1013.0,1231.0,118.0,0.0,0.0,0.0,0.0,1349.0,0.0,,0.0,910.0,79.60257100042814,68.75,p05
2019-11-09,1401.0,1042.0,1184.0,216.0,0.0,0.0,0.0,0.0,1400.0,0.0,,0.0,930.0,76.43654083073439,57.712857142857146,p05
2019-11-10,525.0,169.0,567.0,18.0,0.0,0.0,0.0,0.0,585.0,0.0,,0.0,165.0,,,p05
2019-11-11,0.0,0.0,,,,,,,,0.0,,0.0,,,,p05
2019-11-12,499.0,499.0,397.0,45.0,0.0,0.0,0.0,0.0,442.0,0.0,,0.0,499.0,,,p05
2019-11-13,1370.0,1021.0,1162.0,203.0,0.0,0.0,0.0,0.0,1365.0,0.0,106.0,0.0,1048.0,81.01654804588965,65.6,p05
2019-11-14,1374.0,1025.0,1250.0,113.0,2.0,0.0,0.0,2.0,1365.0,0.0,110.09229208924948,2.0,889.0,78.45913518115431,67.87142857142857,p05
2019-11-15,1375.0,1020.0,1167.0,202.0,5.0,0.0,0.0,5.0,1374.0,0.0,,5.0,983.0,80.65688244162303,67.64,p05
2019-11-16,1372.0,1015.0,1321.0,50.0,0.0,0.0,0.0,0.0,1371.0,0.0,,0.0,950.0,70.65091706539076,58.6,p05
2019-11-17,1376.0,1016.0,1186.0,186.0,0.0,0.0,0.0,0.0,1372.0,0.0,,0.0,949.0,76.2179676868033,58.38666666666667,p05
2019-11-18,1266.0,912.0,1214.0,51.0,0.0,0.0,0.0,0.0,1265.0,0.0,,0.0,922.0,72.07092172108442,55.85,p05
2019-11-19,1395.0,1042.0,1226.0,173.0,0.0,0.0,0.0,0.0,1399.0,0.0,,0.0,1305.0,74.64465514477008,52.61454545454546,p05
2019-11-20,1375.0,1020.0,1228.0,126.0,11.0,5.0,0.0,16.0,1370.0,0.0,114.49930264993027,15.0,920.0,78.24706274703557,63.66666666666666,p05
2019-11-21,1393.0,1040.0,1297.0,98.0,0.0,0.0,0.0,0.0,1395.0,0.0,,0.0,1002.0,76.03006929863217,64.01818181818182,p05
2019-11-22,1401.0,1044.0,1248.0,143.0,2.0,0.0,0.0,2.0,1393.0,0.0,,0.0,861.0,79.74102150591698,63.4,p05
2019-11-23,1376.0,1026.0,1267.0,108.0,0.0,0.0,0.0,0.0,1375.0,0.0,,0.0,991.0,76.32595094668757,63.285714285714285,p05
2019-11-24,1411.0,1055.0,1343.0,62.0,4.0,0.0,0.0,4.0,1409.0,0.0,,0.0,925.0,69.55853324753325,58.0,p05
2019-11-25,1343.0,989.0,1275.0,49.0,2.0,1.0,0.0,3.0,1327.0,0.0,,0.0,854.0,74.61868788250521,62.765,p05
2019-11-26,1203.0,861.0,1125.0,74.0,0.0,0.0,0.0,0.0,1199.0,0.0,,0.0,873.0,72.88489670886578,62.797222222222224,p05
2019-11-27,1413.0,1059.0,1170.0,239.0,0.0,0.0,0.0,0.0,1409.0,0.0,101.00056609114067,0.0,906.0,84.48567904685454,72.53571428571428,p05
2019-11-28,1371.0,1016.0,1226.0,129.0,3.0,0.0,0.0,3.0,1358.0,0.0,,0.0,906.0,81.14391251684299,71.05555555555556,p05
2019-11-29,1404.0,1047.0,1180.0,226.0,0.0,0.0,0.0,0.0,1406.0,0.0,,0.0,1003.0,83.03614851693116,70.17333333333333,p05
2019-11-30,1377.0,1019.0,1116.0,247.0,10.0,0.0,0.0,10.0,1373.0,0.0,,6.0,926.0,84.42279474784876,67.41428571428571,p05
2019-12-01,1364.0,1005.0,1200.0,154.0,1.0,0.0,0.0,1.0,1355.0,0.0,,0.0,965.0,78.75996269130984,61.68571428571428,p05
2019-12-02,1355.0,1003.0,1231.0,113.0,7.0,0.0,0.0,7.0,1351.0,0.0,,0.0,1014.0,80.12565699969547,67.5375,p05
2019-12-03,1364.0,1015.0,1265.0,102.0,0.0,0.0,0.0,0.0,1367.0,0.0,,0.0,1080.0,79.73914234942012,70.81636363636363,p05
2019-12-04,1410.0,1052.0,1094.0,303.0,6.0,0.0,0.0,6.0,1403.0,0.0,104.70979614949037,5.0,1070.0,84.67914738169411,70.56428571428572,p05
2019-12-05,905.0,559.0,749.0,152.0,0.0,0.0,0.0,0.0,901.0,0.0,,0.0,456.0,,,p05
2019-12-06,1351.0,998.0,1116.0,238.0,0.0,0.0,0.0,0.0,1354.0,0.0,,0.0,978.0,84.11875603094929,72.2,p05
2019-12-07,1318.0,967.0,1200.0,97.0,0.0,0.0,0.0,0.0,1297.0,0.0,,0.0,999.0,75.64652773263884,58.54444444444445,p05
2019-12-08,1319.0,967.0,1218.0,97.0,1.0,0.0,0.0,1.0,1316.0,0.0,,1.0,719.0,73.90896090850889,58.833333333333336,p05
2019-12-09,1393.0,1052.0,1094.0,285.0,1.0,0.0,0.0,1.0,1380.0,0.0,108.0,0.0,1006.0,82.47096651691582,66.6125,p05
2019-12-10,1366.0,1014.0,1179.0,178.0,1.0,0.0,0.0,1.0,1358.0,0.0,,0.0,1356.0,74.8803770160518,55.0625,p05
2019-12-11,1349.0,995.0,1142.0,194.0,2.0,0.0,0.0,2.0,1338.0,0.0,99.12196094061382,1.0,962.0,82.36235314985315,68.0125,p05
2019-12-12,1259.0,899.0,1057.0,198.0,2.0,0.0,0.0,2.0,1257.0,45.38333333333333,111.0,1.0,786.0,82.59980447881212,66.0,p05
2019-12-13,1366.0,1015.0,1262.0,96.0,0.0,0.0,0.0,0.0,1358.0,0.0,106.59725685785536,0.0,959.0,76.11035575477702,65.19333333333334,p05
2019-12-14,1359.0,1013.0,1082.0,270.0,0.0,0.0,0.0,0.0,1352.0,0.0,,0.0,840.0,85.18148805229163,67.0,p05
2019-12-15,1402.0,1053.0,874.0,524.0,0.0,0.0,0.0,0.0,1398.0,0.0,,0.0,917.0,88.83458156105375,73.8,p05
2019-12-16,1393.0,1035.0,1148.0,242.0,1.0,0.0,0.0,1.0,1391.0,0.0,100.72402327514547,1.0,955.0,83.84515011747996,69.66666666666667,p05
2019-12-17,1376.0,1019.0,1118.0,248.0,0.0,0.0,0.0,0.0,1366.0,0.0,105.69282763800224,0.0,931.0,85.40165565428724,71.85714285714286,p05
2019-12-18,1380.0,1035.0,1241.0,139.0,1.0,0.0,0.0,1.0,1381.0,0.0,,0.0,1091.0,79.24641623780029,70.33333333333333,p05
2019-12-19,1235.0,886.0,1086.0,145.0,0.0,0.0,0.0,0.0,1231.0,0.0,,0.0,838.0,79.30990982962939,66.66666666666667,p05
2019-12-20,1302.0,946.0,1162.0,191.0,0.0,0.0,0.0,0.0,1353.0,0.0,105.43775427176564,0.0,911.0,82.92291810214422,73.0,p05
2019-12-21,888.0,888.0,573.0,259.0,8.0,0.0,0.0,8.0,840.0,0.0,,3.0,886.0,85.40757156375102,66.31111111111112,p05
2019-12-22,1190.0,840.0,1081.0,90.0,0.0,0.0,0.0,0.0,1171.0,0.0,,0.0,862.0,74.31740381943398,59.85892857142857,p05
2019-12-23,1365.0,1011.0,1206.0,152.0,0.0,0.0,0.0,0.0,1358.0,0.0,,0.0,979.0,77.55266048784945,62.0,p05
2019-12-24,1386.0,1029.0,1279.0,107.0,0.0,0.0,0.0,0.0,1386.0,0.0,,0.0,1024.0,78.07502522434163,64.11285714285714,p05
2019-12-25,1367.0,1012.0,1321.0,45.0,0.0,0.0,0.0,0.0,1366.0,0.0,,0.0,789.0,75.55476620267494,67.74285714285715,p05
2019-12-26,1395.0,1041.0,1362.0,31.0,0.0,0.0,0.0,0.0,1393.0,0.0,,0.0,832.0,72.0383490207709,62.66666666666666,p05
2019-12-27,1392.0,1040.0,1292.0,99.0,0.0,0.0,0.0,0.0,1391.0,0.0,,0.0,812.0,81.09810601617868,71.17,p05
2019-12-28,1386.0,1034.0,1157.0,225.0,0.0,0.0,0.0,0.0,1382.0,0.0,,0.0,886.0,83.92497296408132,70.81666666666666,p05
2019-12-29,1213.0,902.0,1103.0,109.0,0.0,0.0,0.0,0.0,1212.0,0.0,,0.0,975.0,75.7418834868835,63.41142857142857,p05
2019-12-30,1405.0,1056.0,1240.0,169.0,0.0,0.0,0.0,0.0,1409.0,0.0,,0.0,947.0,81.46455142006884,67.72207792207793,p05
2019-12-31,1362.0,1010.0,1132.0,220.0,2.0,0.0,0.0,2.0,1354.0,0.0,,0.0,997.0,84.42721534010401,68.64,p05
2020-01-01,1343.0,989.0,1119.0,223.0,0.0,0.0,0.0,0.0,1342.0,0.0,,0.0,980.0,82.04399954354037,69.32222222222222,p05
2020-01-02,1408.0,1049.0,1113.0,266.0,24.0,0.0,0.0,24.0,1403.0,77.46666666666667,115.87005163511188,21.0,965.0,86.9265135241845,70.18,p05
2020-01-03,1427.0,1067.0,1200.0,227.0,0.0,0.0,0.0,0.0,1427.0,0.0,,0.0,1008.0,82.10327588526994,65.85555555555555,p05
2020-01-04,1426.0,1066.0,1294.0,130.0,0.0,0.0,0.0,0.0,1424.0,0.0,,0.0,1086.0,75.00216915272165,58.71428571428572,p05
2020-01-05,1195.0,840.0,1049.0,118.0,23.0,0.0,0.0,23.0,1190.0,30.366666666666667,133.0,22.0,779.0,79.70718500517808,60.67142857142858,p05
2020-01-06,1432.0,1072.0,1116.0,313.0,0.0,0.0,0.0,0.0,1429.0,0.0,,0.0,1050.0,83.09525053253624,63.6225,p05
2020-01-07,1291.0,933.0,1094.0,210.0,34.0,9.0,0.0,43.0,1347.0,44.78333333333333,144.0,41.0,886.0,86.21441684334391,71.0,p05
2020-01-08,1114.0,1063.0,787.0,262.0,0.0,0.0,0.0,0.0,1049.0,0.0,104.25669642857143,0.0,1079.0,82.55598059905289,68.0,p05
2020-01-09,1403.0,1044.0,1074.0,323.0,1.0,0.0,0.0,1.0,1398.0,0.0,111.00000000000001,0.0,929.0,88.57506811153205,75.86,p05
2020-01-10,1432.0,1072.0,1224.0,191.0,4.0,0.0,0.0,4.0,1419.0,0.0,109.09514807813484,4.0,1112.0,77.38778324742803,59.83571428571429,p05
2020-01-11,1422.0,1062.0,1296.0,123.0,0.0,0.0,0.0,0.0,1419.0,0.0,,0.0,1033.0,72.54378926172247,54.75,p05
2020-01-12,1132.0,772.0,1074.0,56.0,0.0,0.0,0.0,0.0,1130.0,0.0,,0.0,725.0,73.83365238592825,60.98214285714286,p05
2020-01-13,1403.0,1046.0,1229.0,163.0,1.0,0.0,0.0,1.0,1393.0,0.0,,1.0,984.0,79.31248526202795,65.0,p05
2020-01-14,1413.0,1057.0,1317.0,108.0,2.0,0.0,0.0,2.0,1427.0,0.0,,0.0,1033.0,78.27957021466219,68.0,p05
2020-01-15,1336.0,979.0,1210.0,96.0,12.0,0.0,0.0,12.0,1318.0,35.85,121.99999999999999,12.0,829.0,77.69247029167796,62.2,p05
2020-01-16,1398.0,1038.0,1199.0,193.0,2.0,0.0,0.0,2.0,1394.0,0.0,98.7432985006815,2.0,1023.0,80.92744506226911,67.0,p05
2020-01-17,1426.0,1069.0,1158.0,265.0,0.0,0.0,0.0,0.0,1423.0,0.0,,0.0,1067.0,82.37872624355755,63.94285714285714,p05
2020-01-18,1382.0,1022.0,1296.0,86.0,0.0,0.0,0.0,0.0,1382.0,0.0,,0.0,950.0,74.48207283359916,62.1125,p05
2020-01-19,1408.0,1048.0,1250.0,156.0,0.0,0.0,0.0,0.0,1406.0,0.0,,0.0,974.0,76.26629728644616,57.85,p05
2020-01-20,1368.0,1067.0,1088.0,279.0,0.0,0.0,0.0,0.0,1367.0,0.0,106.38973509933777,0.0,1084.0,83.07113854011916,61.0,p05
2020-01-21,1289.0,929.0,1191.0,151.0,0.0,0.0,0.0,0.0,1342.0,0.0,,0.0,1284.0,74.83637748760412,55.833333333333336,p05
2020-01-22,1130.0,1077.0,903.0,162.0,4.0,0.0,0.0,4.0,1069.0,0.0,108.43711843711844,2.0,1084.0,79.72598783698876,64.92222222222222,p05
2020-01-23,1421.0,1070.0,1326.0,91.0,0.0,0.0,0.0,0.0,1417.0,0.0,,0.0,964.0,74.07923717016041,61.84047619047619,p05
2020-01-24,1303.0,947.0,1068.0,232.0,0.0,0.0,0.0,0.0,1300.0,0.0,,0.0,892.0,79.22607768103845,59.58428571428571,p05
2020-01-25,1420.0,1060.0,1263.0,152.0,0.0,0.0,0.0,0.0,1415.0,40.13333333333333,104.0,0.0,1023.0,77.02424532435562,61.02222222222223,p05
2020-01-26,1264.0,904.0,1152.0,106.0,0.0,0.0,0.0,0.0,1258.0,0.0,,0.0,872.0,72.7692353995393,55.75277777777778,p05
2020-01-27,1410.0,1051.0,849.0,552.0,1.0,0.0,0.0,1.0,1402.0,0.0,102.0,0.0,995.0,90.58137400567048,68.75,p05
2020-01-28,1407.0,1050.0,1272.0,127.0,6.0,0.0,0.0,6.0,1405.0,0.0,106.99999999999999,0.0,996.0,78.13267902055553,57.66666666666666,p05
2020-01-29,1421.0,1061.0,1194.0,212.0,7.0,0.0,0.0,7.0,1413.0,0.0,113.0,4.0,1047.0,78.75703066963811,60.621428571428574,p05
2020-01-30,1178.0,819.0,978.0,252.0,6.0,0.0,0.0,6.0,1236.0,0.0,,0.0,1176.0,76.63217344116579,53.26785714285714,p05
2020-01-31,1089.0,1060.0,871.0,151.0,0.0,0.0,0.0,0.0,1022.0,0.0,104.0,0.0,1082.0,79.97192128573829,68.0,p05
2020-02-01,1376.0,1016.0,1273.0,102.0,0.0,0.0,0.0,0.0,1375.0,0.0,,0.0,1301.0,69.84731993815392,57.285714285714285,p05
2020-02-02,1410.0,1050.0,1338.0,57.0,6.0,5.0,0.0,11.0,1406.0,0.0,,0.0,1009.0,72.6707722274422,59.0,p05
2020-02-03,1430.0,1070.0,1069.0,355.0,2.0,0.0,0.0,2.0,1426.0,0.0,101.0,1.0,1030.0,84.8345818798246,64.21666666666667,p05
2020-02-04,1391.0,1033.0,1209.0,167.0,6.0,0.0,0.0,6.0,1382.0,0.0,112.7002928734136,5.0,966.0,78.64457130458683,60.41428571428571,p05
2020-02-05,1430.0,1071.0,1287.0,143.0,3.0,0.0,0.0,3.0,1433.0,0.0,92.52144373673036,0.0,998.0,78.12156018385978,64.34,p05
2020-02-06,1374.0,1014.0,1270.0,95.0,6.0,0.0,0.0,6.0,1371.0,0.0,101.0,0.0,1039.0,73.84358728908776,58.333333333333336,p05
2020-02-07,1420.0,1062.0,1235.0,174.0,0.0,0.0,0.0,0.0,1409.0,0.0,111.66927083333334,0.0,997.0,79.45395200753777,65.14444444444445,p05
2020-02-08,1309.0,951.0,1136.0,168.0,0.0,0.0,0.0,0.0,1304.0,0.0,,0.0,1303.0,74.70837497328287,56.2,p05
2020-02-09,1403.0,1044.0,1348.0,55.0,0.0,0.0,0.0,0.0,1403.0,0.0,,0.0,1403.0,69.84074447766537,56.78888888888889,p05
2020-02-10,1417.0,1075.0,1152.0,264.0,0.0,0.0,0.0,0.0,1416.0,0.0,,0.0,1417.0,77.27197814927173,57.14,p05
2020-02-11,1416.0,1059.0,1197.0,216.0,0.0,0.0,0.0,0.0,1413.0,0.0,,0.0,1413.0,76.37063298029328,56.016666666666666,p05
2020-02-12,1431.0,1071.0,1336.0,93.0,1.0,0.0,0.0,1.0,1430.0,0.0,,0.0,1429.0,73.88034920331981,57.0,p05
2020-02-13,1420.0,1063.0,1206.0,198.0,13.0,0.0,0.0,13.0,1417.0,25.483333333333334,125.64355788096795,11.0,1417.0,76.34348620646664,56.417142857142856,p05
2020-02-14,1405.0,1045.0,1301.0,103.0,0.0,0.0,0.0,0.0,1404.0,0.0,,0.0,1405.0,74.4064621045226,58.24761904761905,p05
2020-02-15,1318.0,960.0,1167.0,152.0,1.0,0.0,0.0,1.0,1320.0,0.0,,1.0,973.0,76.80933679772323,64.0,p05
2020-02-16,1432.0,1072.0,1266.0,163.0,0.0,0.0,0.0,0.0,1429.0,0.0,,0.0,1065.0,77.43836879865049,58.554545454545455,p05
2020-02-17,1423.0,1063.0,1273.0,146.0,2.0,0.0,0.0,2.0,1421.0,0.0,89.5,0.0,984.0,79.167991397717,65.87916666666666,p05
2020-02-18,1393.0,1034.0,1240.0,152.0,0.0,0.0,0.0,0.0,1392.0,0.0,95.04744186046513,0.0,990.0,80.46821483230575,68.39333333333335,p05
2020-02-19,1420.0,1061.0,1196.0,211.0,9.0,0.0,0.0,9.0,1416.0,0.0,101.95570994355188,7.0,929.0,81.66538664361592,64.78999999999999,p05
2020-02-20,913.0,554.0,881.0,90.0,0.0,0.0,0.0,0.0,971.0,0.0,86.0,0.0,604.0,78.61754572690002,68.63428571428571,p05
2020-02-21,25.0,25.0,24.0,0.0,0.0,0.0,0.0,0.0,24.0,0.0,,0.0,24.0,,,p05
2020-02-22,0.0,0.0,,,,,,,,0.0,,0.0,,,,p05
2020-02-23,0.0,0.0,,,,,,,,0.0,,0.0,,,,p05
2020-02-24,0.0,0.0,,,,,,,,0.0,,0.0,,,,p05
2020-02-25,0.0,0.0,,,,,,,,0.0,,0.0,,,,p05
2020-02-26,0.0,0.0,,,,,,,,0.0,,0.0,,,,p05
2020-02-27,0.0,0.0,,,,,,,,0.0,,0.0,,,,p05
2020-02-28,194.0,194.0,123.0,12.0,0.0,0.0,0.0,0.0,135.0,0.0,,0.0,194.0,,,p05
2020-02-29,861.0,505.0,794.0,68.0,0.0,0.0,0.0,0.0,862.0,0.0,,0.0,861.0,68.08101099764863,54.55555555555556,p05
2020-03-01,1407.0,1047.0,1168.0,235.0,0.0,0.0,0.0,0.0,1403.0,0.0,,0.0,1405.0,73.77366976834949,55.26428571428571,p05
2020-03-02,1424.0,1064.0,1238.0,181.0,0.0,0.0,0.0,0.0,1419.0,0.0,,0.0,1419.0,73.32317969791544,54.85714285714285,p05
2020-03-03,1427.0,1071.0,1267.0,134.0,12.0,4.0,0.0,16.0,1417.0,0.0,,0.0,1417.0,73.28457011897379,52.833333333333336,p05
2020-03-04,1437.0,1077.0,1012.0,409.0,18.0,0.0,0.0,18.0,1439.0,0.0,,0.0,1437.0,82.62552325120176,55.0,p05
2020-03-05,1430.0,1071.0,721.0,689.0,3.0,7.0,0.0,10.0,1420.0,0.0,,0.0,1322.0,89.1265873015873,69.125,p05
2020-03-06,1392.0,1035.0,1121.0,271.0,0.0,0.0,0.0,0.0,1392.0,0.0,,0.0,925.0,88.12202999102999,80.7,p05
2020-03-07,1242.0,889.0,1050.0,188.0,1.0,0.0,0.0,1.0,1239.0,0.0,,0.0,861.0,83.22190207198918,73.42857142857143,p05
2020-03-08,1433.0,1073.0,1265.0,169.0,1.0,0.0,0.0,1.0,1435.0,0.0,,0.0,978.0,84.1263016522219,71.26666666666667,p05
2020-03-09,1422.0,1062.0,1288.0,132.0,0.0,0.0,0.0,0.0,1420.0,0.0,,0.0,906.0,80.53016131832356,67.27922077922078,p05
2020-03-10,1434.0,1076.0,1271.0,159.0,2.0,0.0,0.0,2.0,1432.0,0.0,,0.0,875.0,82.49476817151103,69.22,p05
2020-03-11,1404.0,1047.0,1261.0,136.0,3.0,0.0,0.0,3.0,1400.0,0.0,,0.0,977.0,80.9982891866464,69.625,p05
2020-03-12,1430.0,1075.0,1287.0,134.0,0.0,0.0,0.0,0.0,1421.0,0.0,,0.0,1015.0,79.98362914862915,68.0,p05
2020-03-13,1423.0,1063.0,1281.0,139.0,3.0,0.0,0.0,3.0,1423.0,0.0,,1.0,1068.0,78.64714142495042,64.90636363636364,p05
2020-03-14,1276.0,925.0,780.0,482.0,2.0,0.0,0.0,2.0,1264.0,0.0,,0.0,918.0,91.25974002395571,76.72500000000001,p05
2020-03-15,1438.0,1078.0,1187.0,250.0,0.0,0.0,0.0,0.0,1437.0,0.0,,0.0,998.0,84.58974370096614,73.86964285714286,p05
2020-03-16,1428.0,1070.0,1203.0,224.0,0.0,0.0,0.0,0.0,1427.0,0.0,,0.0,984.0,84.78347433393165,74.125,p05
2020-03-17,1434.0,1076.0,1210.0,221.0,3.0,0.0,0.0,3.0,1434.0,0.0,,3.0,1012.0,82.85267507799622,69.01,p05
2020-03-18,1423.0,1066.0,1204.0,212.0,1.0,0.0,0.0,1.0,1417.0,0.0,,1.0,1049.0,80.7893802865919,67.625,p05
2020-03-19,1430.0,1075.0,1284.0,143.0,0.0,0.0,0.0,0.0,1427.0,0.0,,0.0,1048.0,77.18503061558881,64.71428571428571,p05
2020-03-20,1427.0,1073.0,1278.0,146.0,0.0,0.0,0.0,0.0,1424.0,0.0,,0.0,990.0,80.0549457781276,68.44444444444444,p05
2020-03-21,1112.0,752.0,963.0,149.0,0.0,0.0,0.0,0.0,1112.0,0.0,,0.0,711.0,80.52735192998907,65.42857142857143,p05
2020-03-22,1439.0,1080.0,1256.0,182.0,1.0,0.0,0.0,1.0,1439.0,0.0,,1.0,973.0,80.93730388601921,65.85714285714286,p05
2020-03-23,1432.0,1075.0,1302.0,125.0,0.0,0.0,0.0,0.0,1427.0,0.0,,0.0,1030.0,78.65549748525477,66.32,p05
2020-03-24,1429.0,1070.0,1306.0,121.0,0.0,0.0,0.0,0.0,1427.0,0.0,,0.0,1019.0,81.54839467859586,71.31666666666666,p05
2020-03-25,1430.0,1070.0,1235.0,190.0,0.0,0.0,0.0,0.0,1425.0,0.0,,0.0,962.0,84.7939392064392,74.57678571428572,p05
2020-03-26,1438.0,1078.0,1310.0,124.0,1.0,0.0,0.0,1.0,1435.0,0.0,105.0,1.0,989.0,80.83403309419487,69.97777777777777,p05
2020-03-27,1337.0,979.0,1168.0,167.0,0.0,0.0,0.0,0.0,1335.0,0.0,,0.0,944.0,82.53486789810943,70.84583333333333,p05
2020-03-28,1434.0,1074.0,1179.0,250.0,0.0,0.0,0.0,0.0,1429.0,0.0,,0.0,1049.0,81.6246659706145,66.4888888888889,p05
2020-03-29,1432.0,1074.0,1257.0,114.0,0.0,0.0,0.0,0.0,1371.0,0.0,,0.0,917.0,78.0085184686875,65.78,p05
2020-03-30,1431.0,1073.0,1369.0,54.0,0.0,0.0,0.0,0.0,1423.0,0.0,,0.0,1037.0,76.98836839256319,66.25142857142858,p05
2020-03-31,325.0,0.0,442.0,3.0,0.0,0.0,0.0,0.0,445.0,0.0,,0.0,,,,p05
2019-11-01,258.0,258.0,198.0,0.0,0.0,0.0,0.0,0.0,198.0,0.0,,0.0,208.0,,,p06
2019-11-02,1386.0,1045.0,1287.0,62.0,8.0,28.0,0.0,36.0,1385.0,40.0,150.0,35.0,926.0,66.95856682440663,51.64583333333333,p06
2019-11-03,1400.0,1053.0,1353.0,45.0,1.0,0.0,0.0,1.0,1399.0,0.0,,1.0,998.0,58.78860849404436,47.0875,p06
2019-11-04,1342.0,985.0,1220.0,80.0,25.0,17.0,0.0,42.0,1342.0,39.21666666666667,137.8499862372695,41.0,903.0,69.53820301136085,53.63,p06
2019-11-05,1392.0,1048.0,1090.0,251.0,2.0,41.0,0.0,43.0,1384.0,43.68333333333333,147.06298372030957,41.0,972.0,75.08909144296636,49.016666666666666,p06
2019-11-06,1409.0,1058.0,1326.0,80.0,5.0,0.0,0.0,5.0,1411.0,0.0,106.49831017649267,5.0,984.0,63.95352123881088,47.03,p06
2019-11-07,1414.0,1060.0,1269.0,142.0,0.0,0.0,0.0,0.0,1411.0,0.0,85.16573705179283,0.0,1015.0,66.39679714100896,49.333333333333336,p06
2019-11-08,1400.0,1047.0,1258.0,133.0,12.0,0.0,0.0,12.0,1403.0,0.0,92.45176110260337,11.0,1004.0,68.84648415716643,50.43,p06
2019-11-09,1399.0,1051.0,1398.0,9.0,0.0,0.0,0.0,0.0,1407.0,0.0,,0.0,972.0,57.81758015932399,49.5,p06
2019-11-10,1353.0,1000.0,1333.0,1.0,0.0,0.0,0.0,0.0,1334.0,0.0,,0.0,912.0,57.1907569586846,47.0,p06
2019-11-11,1395.0,1064.0,1361.0,25.0,16.0,17.0,0.0,33.0,1419.0,29.983333333333334,147.0,30.0,951.0,60.00409367735236,44.25,p06
2019-11-12,1422.0,1063.0,1354.0,30.0,27.0,5.0,0.0,32.0,1416.0,32.233333333333334,142.0,32.0,944.0,61.83043532982168,47.0,p06
2019-11-13,1408.0,1057.0,1308.0,69.0,16.0,13.0,0.0,29.0,1406.0,35.28333333333333,143.0,29.0,974.0,62.51640281454504,46.333333333333336,p06
2019-11-14,1403.0,1052.0,1311.0,67.0,29.0,0.0,0.0,29.0,1407.0,50.36666666666667,123.0,29.0,1020.0,60.37638842583564,46.333333333333336,p06
2019-11-15,1414.0,1059.0,1390.0,23.0,0.0,0.0,0.0,0.0,1413.0,0.0,,0.0,1058.0,56.196476546452914,45.15416666666667,p06
2019-11-16,1417.0,1068.0,1308.0,81.0,33.0,0.0,0.0,33.0,1422.0,46.03333333333333,135.0,33.0,882.0,64.44200819561829,44.875,p06
2019-11-17,1289.0,930.0,1213.0,51.0,8.0,13.0,0.0,21.0,1285.0,35.81666666666667,133.0,21.0,709.0,60.41894943750579,42.49090909090909,p06
2019-11-18,1424.0,1069.0,1330.0,80.0,12.0,0.0,0.0,12.0,1422.0,45.483333333333334,118.0,10.0,964.0,61.83188966419998,44.40857142857143,p06
2019-11-19,1404.0,1053.0,1389.0,16.0,0.0,0.0,0.0,0.0,1405.0,0.0,,0.0,974.0,54.27546582723688,42.17666666666667,p06
2019-11-20,1409.0,1056.0,1299.0,67.0,36.0,4.0,0.0,40.0,1406.0,40.05,142.0,39.0,964.0,65.19274810301764,49.34583333333334,p06
2019-11-21,1402.0,1060.0,1369.0,30.0,0.0,0.0,0.0,0.0,1399.0,0.0,,0.0,937.0,53.52928003160128,43.85714285714285,p06
2019-11-22,1409.0,1060.0,1063.0,8.0,0.0,0.0,0.0,0.0,1071.0,0.0,,0.0,981.0,56.422548552365065,44.625,p06
2019-11-23,1385.0,1039.0,1354.0,30.0,0.0,0.0,0.0,0.0,1384.0,0.0,,0.0,1150.0,57.6297692452475,49.55555555555556,p06
2019-11-24,1270.0,926.0,1162.0,79.0,20.0,9.0,0.0,29.0,1270.0,30.233333333333334,144.0,29.0,780.0,67.37256507428684,48.55873015873016,p06
2019-11-25,1371.0,1031.0,1292.0,65.0,9.0,0.0,0.0,9.0,1366.0,0.0,100.999185999186,9.0,1027.0,62.13234139278443,50.0,p06
2019-11-26,1377.0,1035.0,1328.0,45.0,0.0,0.0,0.0,0.0,1373.0,0.0,,0.0,1258.0,60.2342316820258,45.8,p06
2019-11-27,1397.0,1045.0,1344.0,52.0,0.0,0.0,0.0,0.0,1396.0,0.0,,0.0,975.0,62.30148925148925,48.141666666666666,p06
2019-11-28,1398.0,1056.0,1282.0,103.0,9.0,1.0,0.0,10.0,1395.0,0.0,103.07773188133682,10.0,1064.0,66.51276761302607,52.230555555555554,p06
2019-11-29,1392.0,1043.0,1253.0,124.0,17.0,0.0,0.0,17.0,1394.0,0.0,,0.0,1121.0,67.01785511544655,48.5,p06
2019-11-30,1357.0,1005.0,1286.0,48.0,4.0,17.0,0.0,21.0,1355.0,15.016666666666667,147.0,12.0,926.0,66.09454882220376,53.12698412698413,p06
2019-12-01,1397.0,1049.0,1323.0,44.0,6.0,24.0,0.0,30.0,1397.0,23.316666666666666,162.0,23.0,927.0,68.17832224185163,51.23,p06
2019-12-02,1353.0,998.0,1279.0,48.0,15.0,3.0,0.0,18.0,1345.0,0.0,,0.0,986.0,62.92594504886594,49.225,p06
2019-12-03,1283.0,942.0,1161.0,108.0,4.0,0.0,0.0,4.0,1273.0,0.0,,0.0,917.0,62.33338884246736,47.25,p06
2019-12-04,1385.0,1028.0,1314.0,36.0,27.0,5.0,0.0,32.0,1382.0,30.033333333333335,141.0,30.0,990.0,61.993606366161046,47.0,p06
2019-12-05,1419.0,1060.0,1299.0,99.0,18.0,0.0,0.0,18.0,1416.0,0.0,,0.0,977.0,65.02415720296989,46.26888888888889,p06
2019-12-06,1383.0,1036.0,1270.0,98.0,13.0,1.0,0.0,14.0,1382.0,0.0,,0.0,1030.0,64.75174371706946,49.9875,p06
2019-12-07,1406.0,1053.0,1386.0,18.0,0.0,0.0,0.0,0.0,1404.0,0.0,,0.0,908.0,58.21032492959805,47.125,p06
2019-12-08,1321.0,961.0,1252.0,33.0,27.0,10.0,0.0,37.0,1322.0,0.0,,0.0,889.0,67.3128476582639,49.11428571428572,p06
2019-12-09,1440.0,1080.0,1347.0,48.0,27.0,17.0,0.0,44.0,1439.0,39.31666666666667,150.0,38.0,1075.0,69.07241000441577,51.49714285714286,p06
2019-12-10,1422.0,1069.0,1240.0,170.0,12.0,0.0,0.0,12.0,1422.0,0.0,,0.0,1058.0,70.42355004268993,53.53333333333333,p06
2019-12-11,1430.0,1070.0,1336.0,83.0,6.0,0.0,0.0,6.0,1425.0,0.0,,0.0,1040.0,67.26889114357864,51.746428571428574,p06
2019-12-12,1422.0,1063.0,1224.0,190.0,6.0,1.0,0.0,7.0,1421.0,0.0,,0.0,1026.0,68.07452655910258,48.0,p06
2019-12-13,1425.0,1070.0,1256.0,165.0,4.0,0.0,0.0,4.0,1425.0,0.0,,0.0,1062.0,67.29662599902713,51.285714285714285,p06
2019-12-14,1342.0,982.0,1284.0,55.0,2.0,0.0,0.0,2.0,1341.0,0.0,,2.0,940.0,69.79529324399005,58.5,p06
2019-12-15,1436.0,1076.0,1419.0,17.0,0.0,0.0,0.0,0.0,1436.0,0.0,,0.0,884.0,65.9640842001136,54.8625,p06
2019-12-16,1437.0,1077.0,1233.0,193.0,10.0,0.0,0.0,10.0,1436.0,0.0,,0.0,1039.0,70.70364184259756,50.16190476190476,p06
2019-12-17,1431.0,1073.0,1172.0,248.0,9.0,0.0,0.0,9.0,1429.0,0.0,,0.0,1052.0,71.6175446754344,51.06666666666667,p06
2019-12-18,1432.0,1072.0,1230.0,189.0,4.0,0.0,0.0,4.0,1423.0,0.0,,0.0,1029.0,68.6194702473857,49.42857142857143,p06
2019-12-19,1412.0,1054.0,1312.0,93.0,1.0,0.0,0.0,1.0,1406.0,0.0,,0.0,1037.0,65.36373216946988,49.471428571428575,p06
2019-12-20,1425.0,1067.0,1104.0,260.0,24.0,0.0,0.0,24.0,1388.0,0.0,,0.0,977.0,73.37151563891584,50.66666666666666,p06
2019-12-21,1378.0,1019.0,1357.0,21.0,0.0,0.0,0.0,0.0,1378.0,0.0,,0.0,866.0,62.59533319836437,53.41428571428571,p06
2019-12-22,1428.0,1068.0,1362.0,39.0,26.0,3.0,0.0,29.0,1430.0,30.016666666666666,135.0,29.0,986.0,65.1197966460983,50.13392857142857,p06
2019-12-23,1425.0,1068.0,1284.0,139.0,0.0,0.0,0.0,0.0,1423.0,0.0,,0.0,946.0,66.7936019612288,49.80555555555556,p06
2019-12-24,1411.0,1053.0,1351.0,33.0,23.0,2.0,0.0,25.0,1409.0,39.46666666666667,128.0,25.0,979.0,63.83863825431574,51.27301587301587,p06
2019-12-25,1431.0,1071.0,1428.0,5.0,0.0,0.0,0.0,0.0,1433.0,0.0,,0.0,1015.0,62.75035939976826,52.61,p06
2019-12-26,1283.0,928.0,1274.0,8.0,0.0,0.0,0.0,0.0,1282.0,0.0,,0.0,735.0,58.78333190996456,51.0,p06
2019-12-27,1435.0,1076.0,1325.0,108.0,0.0,0.0,0.0,0.0,1433.0,0.0,,0.0,1047.0,64.18455089164259,49.65,p06
2019-12-28,1437.0,1077.0,1416.0,20.0,0.0,0.0,0.0,0.0,1436.0,0.0,,0.0,844.0,60.04573318663958,49.84583333333334,p06
2019-12-29,1436.0,1077.0,1389.0,49.0,0.0,0.0,0.0,0.0,1438.0,30.016666666666666,106.0,0.0,956.0,62.50657975577658,50.13392857142857,p06
2019-12-30,1434.0,1074.0,1356.0,69.0,6.0,0.0,0.0,6.0,1431.0,0.0,99.0,4.0,1059.0,64.3450103694438,52.080000000000005,p06
2019-12-31,1434.0,1076.0,1396.0,37.0,0.0,0.0,0.0,0.0,1433.0,0.0,,0.0,1100.0,62.15860379771743,50.8547619047619,p06
2020-01-01,1368.0,1008.0,1368.0,1.0,0.0,0.0,0.0,0.0,1369.0,0.0,,0.0,1007.0,60.3045866524516,50.08571428571429,p06
2020-01-02,1434.0,1074.0,1336.0,64.0,33.0,0.0,0.0,33.0,1433.0,30.266666666666666,122.34763266603113,30.0,1019.0,68.52421755021042,54.647619047619045,p06
2020-01-03,1435.0,1075.0,1286.0,97.0,43.0,8.0,0.0,51.0,1434.0,37.983333333333334,135.1470506784824,50.0,1008.0,73.8862486924547,58.6,p06
2020-01-04,1367.0,1008.0,1353.0,14.0,0.0,0.0,0.0,0.0,1367.0,0.0,,0.0,997.0,62.188462031114994,52.0,p06
2020-01-05,1433.0,1073.0,1381.0,32.0,21.0,0.0,0.0,21.0,1434.0,30.066666666666666,126.0,21.0,1007.0,64.40297785561218,51.23888888888889,p06
2020-01-06,1428.0,1068.0,1332.0,52.0,38.0,4.0,0.0,42.0,1426.0,38.86666666666667,124.2037617554859,38.0,1034.0,65.32954074455526,54.4,p06
2020-01-07,1432.0,1074.0,1234.0,152.0,38.0,8.0,0.0,46.0,1432.0,37.03333333333333,120.21158367172472,46.0,1101.0,70.20550275149986,50.4,p06
2020-01-08,1429.0,1071.0,1331.0,86.0,9.0,0.0,0.0,9.0,1426.0,0.0,107.49999999999999,9.0,1041.0,63.517126112226975,47.66666666666666,p06
2020-01-09,1375.0,1015.0,1304.0,68.0,3.0,0.0,0.0,3.0,1375.0,0.0,92.79914028917544,3.0,999.0,63.22819265874821,49.285714285714285,p06
2020-01-10,1428.0,1071.0,1253.0,169.0,6.0,0.0,0.0,6.0,1428.0,0.0,100.68606431852986,4.0,1029.0,66.11677958959301,49.96666666666667,p06
2020-01-11,1434.0,1074.0,1425.0,8.0,0.0,0.0,0.0,0.0,1433.0,0.0,,0.0,935.0,59.31893561281262,51.61,p06
2020-01-12,1433.0,1073.0,1395.0,35.0,3.0,0.0,0.0,3.0,1433.0,0.0,,0.0,969.0,64.74231996360479,53.82666666666667,p06
2020-01-13,1431.0,1075.0,1344.0,82.0,5.0,0.0,0.0,5.0,1431.0,0.0,90.8989558773998,5.0,1038.0,63.62807788176285,50.42,p06
2020-01-14,1294.0,936.0,1080.0,187.0,18.0,4.0,0.0,22.0,1289.0,20.066666666666666,136.0,14.0,912.0,73.03117730824849,53.6,p06
2020-01-15,1436.0,1078.0,1263.0,168.0,2.0,0.0,0.0,2.0,1433.0,30.066666666666666,103.02390967456277,2.0,1088.0,68.92884565026328,51.333333333333336,p06
2020-01-16,1440.0,1080.0,1342.0,93.0,4.0,0.0,0.0,4.0,1439.0,0.0,99.85546875,4.0,1043.0,65.13403961543942,51.4,p06
2020-01-17,1429.0,1071.0,1274.0,151.0,3.0,0.0,0.0,3.0,1428.0,0.0,99.58805513016846,3.0,1041.0,69.05225176147367,54.333333333333336,p06
2020-01-18,1437.0,1077.0,1380.0,52.0,4.0,0.0,0.0,4.0,1436.0,0.0,,4.0,946.0,64.38613410608653,51.833333333333336,p06
2020-01-19,1351.0,992.0,1257.0,90.0,4.0,0.0,0.0,4.0,1351.0,30.033333333333335,116.0,4.0,909.0,67.31832271089566,52.0,p06
2020-01-20,1436.0,1076.0,1354.0,75.0,6.0,0.0,0.0,6.0,1435.0,0.0,99.53679804673877,6.0,1001.0,65.75097081850329,54.3,p06
2020-01-21,1437.0,1078.0,1269.0,163.0,3.0,0.0,0.0,3.0,1435.0,0.0,95.4,3.0,1037.0,70.65658353753822,54.142857142857146,p06
2020-01-22,1431.0,1071.0,1345.0,81.0,3.0,0.0,0.0,3.0,1429.0,0.0,87.04280964256027,3.0,985.0,62.95895056438204,49.77,p06
2020-01-23,1432.0,1072.0,1360.0,71.0,1.0,0.0,0.0,1.0,1432.0,0.0,84.92028135990621,1.0,1032.0,66.5797005212703,53.57142857142857,p06
2020-01-24,1435.0,1075.0,1325.0,110.0,0.0,0.0,0.0,0.0,1435.0,0.0,,0.0,1004.0,67.13299256078142,53.333333333333336,p06
2020-01-25,1293.0,935.0,1227.0,46.0,15.0,4.0,0.0,19.0,1292.0,20.15,138.0,19.0,841.0,69.99619144988046,53.142857142857146,p06
2020-01-26,1436.0,1076.0,1396.0,39.0,1.0,0.0,0.0,1.0,1436.0,0.0,,1.0,1005.0,60.64220965877682,48.84090909090909,p06
2020-01-27,1430.0,1072.0,1320.0,83.0,19.0,10.0,0.0,29.0,1432.0,19.983333333333334,106.29653259361996,21.0,1042.0,71.37224906804278,55.57142857142857,p06
2020-01-28,1438.0,1080.0,1326.0,96.0,7.0,1.0,0.0,8.0,1430.0,2.4833333333333334,114.0,0.0,1053.0,65.37860198786124,52.74285714285714,p06
2020-01-29,1367.0,1007.0,1267.0,96.0,3.0,0.0,0.0,3.0,1366.0,0.0,97.12454212454212,3.0,956.0,64.62481551166175,49.73863636363636,p06
2020-01-30,1433.0,1074.0,1217.0,187.0,27.0,0.0,0.0,27.0,1431.0,12.716666666666667,106.93247081098137,25.0,1013.0,70.92624662514808,53.43174603174603,p06
2020-01-31,1438.0,1080.0,1309.0,98.0,6.0,22.0,0.0,28.0,1435.0,24.616666666666667,114.6893342877595,25.0,1048.0,71.727184239268,54.957142857142856,p06
2020-02-01,1427.0,1067.0,1383.0,44.0,0.0,0.0,0.0,0.0,1427.0,0.0,,0.0,964.0,60.47183909336399,48.71428571428572,p06
2020-02-02,1434.0,1074.0,1360.0,67.0,8.0,0.0,0.0,8.0,1435.0,0.0,,8.0,910.0,63.90187447473161,49.56428571428571,p06
2020-02-03,1435.0,1075.0,1333.0,84.0,15.0,0.0,0.0,15.0,1432.0,7.366666666666667,108.25627118644069,12.0,1066.0,64.72310708723474,50.05555555555556,p06
2020-02-04,1250.0,890.0,1109.0,129.0,13.0,0.0,0.0,13.0,1251.0,0.0,105.66509945750452,13.0,857.0,66.98984182548944,48.215873015873015,p06
2020-02-05,1439.0,1079.0,1291.0,129.0,18.0,0.0,0.0,18.0,1438.0,9.15,123.0,6.0,1002.0,64.06425224878296,46.8,p06
2020-02-06,1433.0,1073.0,1267.0,122.0,42.0,2.0,0.0,44.0,1433.0,25.0,118.28097091825052,43.0,1063.0,70.39760482424947,51.0,p06
2020-02-07,1434.0,1074.0,1326.0,105.0,5.0,0.0,0.0,5.0,1436.0,0.0,101.45099484156228,5.0,972.0,65.7669812098053,53.85892857142857,p06
2020-02-08,1437.0,1078.0,1428.0,7.0,0.0,0.0,0.0,0.0,1435.0,0.0,,0.0,968.0,59.76031716217666,50.48333333333333,p06
2020-02-09,1353.0,994.0,1288.0,45.0,19.0,0.0,0.0,19.0,1352.0,29.85,130.0,18.0,898.0,68.43560060328507,52.5875,p06
2020-02-10,1431.0,1073.0,1344.0,69.0,14.0,3.0,0.0,17.0,1430.0,0.0,117.73176564368275,17.0,1053.0,67.66520091705277,52.83809523809524,p06
2020-02-11,1436.0,1077.0,1260.0,135.0,20.0,20.0,0.0,40.0,1435.0,23.633333333333333,145.725,39.0,1069.0,73.89260650889666,53.4,p06
2020-02-12,1432.0,1073.0,1365.0,65.0,1.0,1.0,0.0,2.0,1432.0,0.0,,0.0,1007.0,63.16380036712708,48.73571428571429,p06
2020-02-13,1440.0,1080.0,1374.0,63.0,0.0,0.0,0.0,0.0,1437.0,0.0,,0.0,1013.0,65.14295115874583,50.833333333333336,p06
2020-02-14,1433.0,1077.0,1332.0,99.0,1.0,0.0,0.0,1.0,1432.0,0.0,,0.0,1063.0,64.51436085081428,51.375,p06
2020-02-15,1434.0,1076.0,1418.0,16.0,0.0,0.0,0.0,0.0,1434.0,0.0,,0.0,989.0,61.67371439368407,49.98,p06
2020-02-16,1385.0,1025.0,1337.0,47.0,0.0,0.0,0.0,0.0,1384.0,0.0,,0.0,925.0,65.36927834327834,51.22,p06
2020-02-17,1435.0,1075.0,1340.0,52.0,43.0,0.0,0.0,43.0,1435.0,41.03333333333333,123.68436738011378,41.0,1047.0,65.83748023690447,49.86785714285714,p06
2020-02-18,1432.0,1074.0,1320.0,98.0,14.0,0.0,0.0,14.0,1432.0,0.0,109.54293854293853,14.0,991.0,67.709411470915,52.42857142857143,p06
2020-02-19,1438.0,1078.0,1354.0,71.0,12.0,1.0,0.0,13.0,1438.0,0.0,107.46113146113144,10.0,1050.0,62.85731306259878,49.66666666666666,p06
2020-02-20,1372.0,1014.0,1284.0,72.0,15.0,0.0,0.0,15.0,1371.0,0.0,113.94104134762635,15.0,974.0,65.35475171930511,47.69166666666666,p06
2020-02-21,1429.0,1069.0,1245.0,132.0,44.0,8.0,0.0,52.0,1429.0,26.4,138.95530726256982,42.0,1026.0,71.91664042230563,54.43055555555556,p06
2020-02-22,1439.0,1079.0,1394.0,44.0,1.0,0.0,0.0,1.0,1439.0,0.0,,1.0,982.0,64.0254150833326,53.71785714285714,p06
2020-02-23,1436.0,1077.0,1395.0,40.0,1.0,0.0,0.0,1.0,1436.0,0.0,,0.0,1002.0,62.65088758269896,48.40285714285714,p06
2020-02-24,1436.0,1076.0,1336.0,69.0,31.0,0.0,0.0,31.0,1436.0,29.733333333333334,123.58377054914304,29.0,956.0,69.06627091051504,52.3125,p06
2020-02-25,1357.0,1000.0,1223.0,114.0,12.0,7.0,0.0,19.0,1356.0,0.0,115.21222410865875,19.0,908.0,70.0838292061585,51.68,p06
2020-02-26,1435.0,1075.0,1327.0,55.0,37.0,17.0,0.0,54.0,1436.0,36.03333333333333,143.61694818207843,54.0,1008.0,66.62926032910568,48.42,p06
2020-02-27,1435.0,1077.0,1353.0,41.0,38.0,2.0,0.0,40.0,1434.0,38.78333333333333,123.19543509272468,39.0,1055.0,63.420969701132485,50.22,p06
2020-02-28,1434.0,1075.0,1388.0,43.0,2.0,0.0,0.0,2.0,1433.0,0.0,,0.0,1079.0,63.05790166994986,53.27857142857143,p06
2020-02-29,1435.0,1076.0,1361.0,72.0,0.0,0.0,0.0,0.0,1433.0,0.0,,0.0,885.0,63.28283431571567,51.35,p06
2020-03-01,1423.0,1065.0,1412.0,11.0,0.0,0.0,0.0,0.0,1423.0,0.0,,0.0,866.0,61.64644798363044,50.833333333333336,p06
2020-03-02,1434.0,1076.0,1337.0,86.0,9.0,0.0,0.0,9.0,1432.0,0.0,105.00104638995467,9.0,1009.0,65.86683863983171,50.88611111111111,p06
2020-03-03,1165.0,805.0,1157.0,53.0,14.0,0.0,0.0,14.0,1224.0,0.0,104.2280701754386,14.0,789.0,68.85172314307295,55.8,p06
2020-03-04,1117.0,1073.0,887.0,147.0,15.0,10.0,0.0,25.0,1059.0,31.783333333333335,135.0,20.0,1117.0,71.3922132273457,52.82,p06
2020-03-05,1433.0,1073.0,1336.0,88.0,7.0,0.0,0.0,7.0,1431.0,0.0,,0.0,989.0,63.606743368977945,50.0,p06
2020-03-06,1436.0,1076.0,1318.0,118.0,0.0,0.0,0.0,0.0,1436.0,0.0,,0.0,1026.0,66.92212563535664,53.2,p06
2020-03-07,1422.0,1064.0,1388.0,35.0,0.0,0.0,0.0,0.0,1423.0,0.0,,0.0,1013.0,66.11466818801469,54.464646464646464,p06
2020-03-08,1436.0,1076.0,1426.0,7.0,0.0,0.0,0.0,0.0,1433.0,0.0,,0.0,854.0,64.81693330089114,56.3,p06
2020-03-09,1438.0,1080.0,1270.0,144.0,14.0,10.0,0.0,24.0,1438.0,27.5,139.62181818181818,22.0,1031.0,71.90177410559943,55.4,p06
2020-03-10,1409.0,1077.0,1322.0,81.0,5.0,0.0,0.0,5.0,1408.0,0.0,,0.0,1050.0,66.69895798117227,53.55555555555556,p06
2020-03-11,1432.0,1072.0,1279.0,121.0,18.0,16.0,0.0,34.0,1434.0,28.283333333333335,152.0,27.0,1061.0,71.67755817108048,56.5,p06
2020-03-12,1356.0,1001.0,1244.0,105.0,5.0,0.0,0.0,5.0,1354.0,0.0,,0.0,943.0,67.4911949750497,52.2,p06
2020-03-13,1438.0,1078.0,1283.0,148.0,7.0,0.0,0.0,7.0,1438.0,0.0,,2.0,1070.0,71.47189781661744,55.14107142857143,p06
2020-03-14,1435.0,1075.0,1369.0,65.0,1.0,0.0,0.0,1.0,1435.0,5.7,105.0,2.0,853.0,68.05954708661235,55.6,p06
2020-03-15,1425.0,1066.0,1418.0,8.0,0.0,0.0,0.0,0.0,1426.0,0.0,,0.0,954.0,58.98677558756175,50.765,p06
2020-03-16,1428.0,1069.0,1344.0,83.0,0.0,0.0,0.0,0.0,1427.0,0.0,,0.0,1019.0,65.39802996316736,51.193333333333335,p06
2020-03-17,1437.0,1077.0,1374.0,65.0,0.0,0.0,0.0,0.0,1439.0,0.0,,0.0,1060.0,65.29549344523402,51.85416666666666,p06
2020-03-18,1288.0,928.0,1127.0,132.0,10.0,17.0,0.0,27.0,1286.0,27.05,153.00000000000003,27.0,850.0,76.15896385814897,56.2,p06
2020-03-19,1435.0,1078.0,1344.0,91.0,0.0,0.0,0.0,0.0,1435.0,0.0,,0.0,1085.0,66.46698489170839,51.833333333333336,p06
2020-03-20,1432.0,1074.0,1358.0,74.0,0.0,0.0,0.0,0.0,1432.0,0.0,,0.0,1115.0,65.10065912164566,51.5,p06
2020-03-21,1431.0,1073.0,1304.0,102.0,4.0,22.0,0.0,26.0,1432.0,24.666666666666668,157.0,24.0,1027.0,72.12315750124316,52.67857142857143,p06
2020-03-22,1432.0,1078.0,1419.0,13.0,0.0,0.0,0.0,0.0,1432.0,0.0,,0.0,976.0,63.51459309133489,50.25,p06
2020-03-23,1433.0,1079.0,1322.0,106.0,4.0,0.0,0.0,4.0,1432.0,0.0,,0.0,1035.0,69.5641427386355,53.05,p06
2020-03-24,1358.0,998.0,1303.0,54.0,0.0,0.0,0.0,0.0,1357.0,0.0,,0.0,955.0,61.26039905411633,47.4,p06
2020-03-25,1435.0,1076.0,1367.0,66.0,2.0,0.0,0.0,2.0,1435.0,0.0,,0.0,1037.0,63.43744564393069,49.251428571428576,p06
2020-03-26,1436.0,1076.0,1299.0,107.0,20.0,9.0,0.0,29.0,1435.0,27.716666666666665,144.0,27.0,1053.0,69.31330989083152,50.605,p06
2020-03-27,1436.0,1076.0,1411.0,25.0,0.0,0.0,0.0,0.0,1436.0,0.0,,0.0,1011.0,58.12293162656664,45.5,p06
2020-03-28,1435.0,1075.0,1400.0,35.0,0.0,0.0,0.0,0.0,1435.0,0.0,,0.0,964.0,61.42228501673522,48.0,p06
2020-03-29,1434.0,1077.0,1372.0,2.0,0.0,0.0,0.0,0.0,1374.0,0.0,,0.0,939.0,56.95993120002704,46.0,p06
2020-03-30,1357.0,998.0,1260.0,71.0,5.0,23.0,0.0,28.0,1359.0,26.183333333333334,152.0,26.0,1017.0,66.52077429550816,50.0,p06
2020-03-31,1319.0,960.0,1390.0,43.0,0.0,0.0,0.0,0.0,1433.0,0.0,,0.0,961.0,61.56019072845295,48.71428571428572,p06
2019-11-05,0.0,0.0,,,,,,,,0.0,,0.0,,,,p07
2019-11-06,469.0,469.0,302.0,85.0,13.0,0.0,0.0,13.0,400.0,39.03333333333333,131.0,13.0,373.0,,,p07
2019-11-07,1316.0,962.0,1167.0,115.0,29.0,0.0,0.0,29.0,1311.0,76.68333333333334,134.0,29.0,805.0,78.00302236831983,59.06666666666667,p07
2019-11-08,1230.0,876.0,1166.0,55.0,0.0,0.0,0.0,0.0,1221.0,0.0,,0.0,827.0,68.643314035152,55.52727272727273,p07
2019-11-09,1245.0,895.0,936.0,173.0,116.0,55.0,0.0,171.0,1280.0,293.23333333333335,140.4112765715585,162.0,821.0,97.40817992582164,63.0,p07
2019-11-10,877.0,877.0,782.0,14.0,2.0,0.0,0.0,2.0,798.0,0.0,,0.0,794.0,64.16343218074957,53.25714285714287,p07
2019-11-11,1355.0,996.0,1221.0,80.0,30.0,21.0,0.0,51.0,1352.0,57.9,155.0,50.0,835.0,74.89341998260585,57.84285714285714,p07
2019-11-12,1345.0,993.0,1294.0,19.0,0.0,0.0,0.0,0.0,1313.0,0.0,,0.0,840.0,65.17462159863946,56.375,p07
2019-11-13,1333.0,975.0,1226.0,42.0,55.0,0.0,0.0,55.0,1323.0,57.166666666666664,148.0,55.0,808.0,75.10098510839565,56.13333333333334,p07
2019-11-14,1270.0,910.0,1150.0,62.0,19.0,20.0,0.0,39.0,1251.0,50.15,152.0,38.0,681.0,77.39517805550702,59.6,p07
2019-11-15,1180.0,825.0,1053.0,103.0,10.0,8.0,0.0,18.0,1174.0,32.6,137.65337423312883,18.0,767.0,79.7839464047021,63.42,p07
2019-11-16,1340.0,984.0,1166.0,138.0,35.0,0.0,0.0,35.0,1339.0,135.25,128.0,35.0,875.0,83.65810457515946,63.68571428571428,p07
2019-11-17,1386.0,1034.0,1242.0,54.0,61.0,17.0,0.0,78.0,1374.0,102.05,145.0,72.0,982.0,76.83318454319,60.2,p07
2019-11-18,1391.0,1033.0,1287.0,69.0,16.0,0.0,0.0,16.0,1372.0,50.11666666666667,129.0,16.0,878.0,69.9692728606735,55.3,p07
2019-11-19,1420.0,1061.0,1331.0,57.0,19.0,14.0,0.0,33.0,1421.0,19.733333333333334,170.0,19.0,866.0,78.29323054685267,62.94444444444444,p07
2019-11-20,1403.0,1045.0,1282.0,59.0,41.0,19.0,0.0,60.0,1401.0,67.98333333333333,152.0,60.0,835.0,77.38296465874717,57.56190476190476,p07
2019-11-21,1363.0,1008.0,1240.0,81.0,23.0,16.0,0.0,39.0,1360.0,51.983333333333334,148.0,39.0,816.0,80.25665490976935,62.142857142857146,p07
2019-11-22,1331.0,1021.0,1282.0,37.0,0.0,0.0,0.0,0.0,1319.0,0.0,,0.0,1033.0,67.91308905679671,56.55873015873016,p07
2019-11-23,1389.0,1037.0,1313.0,39.0,13.0,8.0,0.0,21.0,1373.0,42.266666666666666,124.0,19.0,860.0,78.86267241228809,65.0,p07
2019-11-24,1411.0,1052.0,1305.0,85.0,10.0,12.0,0.0,22.0,1412.0,85.08333333333333,136.0,21.0,1019.0,79.89794964607928,63.8,p07
2019-11-25,1309.0,951.0,1219.0,27.0,43.0,0.0,0.0,43.0,1289.0,46.5,142.0,43.0,724.0,76.2136121895183,59.416363636363634,p07
2019-11-26,1273.0,914.0,1142.0,82.0,15.0,19.0,0.0,34.0,1258.0,55.61666666666667,140.53041654180402,34.0,738.0,81.49833720577779,63.27,p07
2019-11-27,1376.0,1021.0,1300.0,20.0,48.0,0.0,0.0,48.0,1368.0,60.55,137.0,48.0,793.0,75.65852556587656,61.2,p07
2019-11-28,1361.0,1006.0,1251.0,71.0,17.0,12.0,0.0,29.0,1351.0,50.2,144.0,29.0,885.0,74.4577630062266,59.42857142857143,p07
2019-11-29,1292.0,956.0,1239.0,39.0,0.0,0.0,0.0,0.0,1278.0,0.0,,0.0,933.0,74.8272085809867,63.0,p07
2019-11-30,1382.0,1036.0,1237.0,95.0,21.0,0.0,0.0,21.0,1353.0,60.68333333333333,130.0,21.0,984.0,77.5752543754155,62.11527777777778,p07
2019-12-01,1391.0,1034.0,1177.0,127.0,86.0,0.0,0.0,86.0,1390.0,104.85000000000001,135.0512486427796,85.0,751.0,88.07788517904119,61.8,p07
2019-12-02,1380.0,1025.0,1160.0,136.0,52.0,0.0,0.0,52.0,1348.0,60.416666666666664,126.26901408450706,51.0,896.0,78.55926913232194,56.8,p07
2019-12-03,1305.0,945.0,1206.0,63.0,8.0,23.0,0.0,31.0,1300.0,37.5,160.0,29.0,755.0,76.45258621442886,57.385,p07
2019-12-04,1405.0,1048.0,1319.0,39.0,47.0,0.0,0.0,47.0,1405.0,51.46666666666667,145.0,47.0,890.0,77.12747463738744,62.2,p07
2019-12-05,1417.0,1057.0,1292.0,64.0,58.0,0.0,0.0,58.0,1414.0,56.166666666666664,142.0,56.0,874.0,80.41631562679413,62.260714285714286,p07
2019-12-06,1354.0,1010.0,1213.0,52.0,35.0,38.0,0.0,73.0,1338.0,68.1,164.0,62.0,925.0,83.80337512045537,60.77,p07
2019-12-07,1418.0,1064.0,1330.0,34.0,47.0,0.0,0.0,47.0,1411.0,88.55,118.99999999999999,47.0,1023.0,80.36100134382713,67.8,p07
2019-12-08,1426.0,1068.0,1218.0,75.0,104.0,23.0,0.0,127.0,1420.0,144.5,151.0,125.0,953.0,87.96539304524103,64.47619047619048,p07
2019-12-09,1357.0,997.0,1197.0,130.0,25.0,0.0,0.0,25.0,1352.0,86.56666666666666,129.0,23.0,903.0,77.18263896947549,59.025,p07
2019-12-10,1430.0,1070.0,1284.0,90.0,17.0,28.0,0.0,45.0,1419.0,50.333333333333336,161.0,45.0,966.0,75.85635176060038,56.0,p07
2019-12-11,1413.0,1053.0,1324.0,25.0,44.0,0.0,0.0,44.0,1393.0,57.583333333333336,136.0,44.0,791.0,73.96818354829927,59.66666666666666,p07
2019-12-12,1411.0,1054.0,1185.0,171.0,36.0,16.0,0.0,52.0,1408.0,118.19999999999999,122.32261703327694,43.0,906.0,86.43048780942799,64.28571428571429,p07
2019-12-13,1430.0,1072.0,1278.0,139.0,7.0,0.0,0.0,7.0,1424.0,174.01666666666665,99.32372378124701,6.0,952.0,78.41083682701367,60.755,p07
2019-12-14,1386.0,1026.0,1283.0,37.0,48.0,0.0,0.0,48.0,1368.0,61.3,138.0,47.0,862.0,71.86875090936711,54.40444444444445,p07
2019-12-15,1377.0,1017.0,1228.0,88.0,24.0,25.0,0.0,49.0,1365.0,112.31666666666666,99.15951921650097,13.0,824.0,82.0240988334457,61.58,p07
2019-12-16,1429.0,1069.0,1303.0,64.0,60.0,0.0,0.0,60.0,1427.0,61.416666666666664,147.0,60.0,909.0,81.67796448487171,63.693333333333335,p07
2019-12-17,1396.0,1037.0,1228.0,116.0,21.0,20.0,0.0,41.0,1385.0,33.96666666666667,164.0,32.0,941.0,84.21257505586327,63.75,p07
2019-12-18,1425.0,1069.0,1303.0,63.0,51.0,0.0,0.0,51.0,1417.0,57.21666666666667,142.0,51.0,902.0,75.14850249580334,58.45909090909091,p07
2019-12-19,1409.0,1049.0,1236.0,104.0,20.0,26.0,0.0,46.0,1386.0,40.56666666666667,142.5799823891987,35.0,978.0,85.46830327249717,69.31904761904762,p07
2019-12-20,1261.0,901.0,1119.0,88.0,40.0,0.0,0.0,40.0,1247.0,43.4,138.0,40.0,894.0,76.42427786716163,58.38311688311688,p07
2019-12-21,1419.0,1060.0,1302.0,73.0,12.0,19.0,0.0,31.0,1406.0,47.46666666666667,144.0,31.0,895.0,75.13174569650903,55.18,p07
2019-12-22,1420.0,1060.0,1396.0,11.0,0.0,0.0,0.0,0.0,1407.0,0.0,,0.0,933.0,65.99238538346256,56.885714285714286,p07
2019-12-23,1422.0,1062.0,1334.0,70.0,0.0,0.0,0.0,0.0,1404.0,154.03333333333333,95.0,0.0,896.0,72.51170599029315,59.266666666666666,p07
2019-12-24,1418.0,1059.0,1331.0,43.0,7.0,30.0,0.0,37.0,1411.0,65.26666666666667,147.0,35.0,884.0,81.41624330655699,65.84583333333333,p07
2019-12-25,1316.0,956.0,1214.0,93.0,0.0,0.0,0.0,0.0,1307.0,146.48333333333332,,0.0,869.0,75.55886177566155,59.55714285714286,p07
2019-12-26,1295.0,936.0,1138.0,150.0,0.0,0.0,0.0,0.0,1288.0,216.46666666666667,97.0,0.0,821.0,83.36102178028234,71.0,p07
2019-12-27,1416.0,1056.0,1320.0,39.0,50.0,0.0,0.0,50.0,1409.0,51.833333333333336,146.0,49.0,854.0,80.83174674672763,64.1375,p07
2019-12-28,1422.0,1062.0,1300.0,58.0,24.0,24.0,0.0,48.0,1406.0,47.0,157.0,37.0,903.0,75.52025943037344,56.625,p07
2019-12-29,1422.0,1066.0,1380.0,12.0,12.0,0.0,0.0,12.0,1404.0,22.2,118.99999999999999,12.0,913.0,65.40235972127755,53.142857142857146,p07
2019-12-30,1423.0,1063.0,1249.0,108.0,35.0,16.0,0.0,51.0,1408.0,67.9,141.0,48.0,870.0,83.20414052581226,65.59714285714286,p07
2019-12-31,1406.0,1048.0,1280.0,62.0,17.0,28.0,0.0,45.0,1387.0,48.31666666666667,163.0,42.0,923.0,82.88957614253273,64.34666666666666,p07
2020-01-01,1376.0,1016.0,1289.0,42.0,40.0,0.0,0.0,40.0,1371.0,41.766666666666666,144.0,40.0,957.0,80.99750656513639,68.2,p07
2020-01-02,1329.0,969.0,1232.0,54.0,41.0,0.0,0.0,41.0,1327.0,42.56666666666667,142.0,41.0,797.0,80.49521646877602,63.95,p07
2020-01-03,1420.0,1062.0,1371.0,21.0,0.0,0.0,0.0,0.0,1392.0,0.0,,0.0,800.0,71.07876253607503,60.70952380952381,p07
2020-01-04,1023.0,664.0,924.0,92.0,19.0,48.0,0.0,67.0,1083.0,546.2833333333333,114.0,62.0,511.0,,,p07
2020-01-05,1060.0,1060.0,986.0,3.0,0.0,0.0,0.0,0.0,989.0,0.0,,0.0,762.0,67.01137523529255,58.16666666666666,p07
2020-01-06,1408.0,1049.0,1378.0,10.0,0.0,0.0,0.0,0.0,1388.0,0.0,,0.0,707.0,67.64697240132178,58.75,p07
2020-01-07,1414.0,1056.0,1379.0,26.0,1.0,0.0,0.0,1.0,1406.0,0.0,,0.0,895.0,69.46141587462816,59.75,p07
2020-01-08,1289.0,930.0,1180.0,76.0,22.0,0.0,0.0,22.0,1278.0,22.35,145.0,21.0,627.0,79.51091438419658,59.6,p07
2020-01-09,1396.0,1040.0,1309.0,38.0,27.0,0.0,0.0,27.0,1374.0,26.983333333333334,145.0,26.0,795.0,72.13132380618298,57.72857142857143,p07
2020-01-10,1292.0,934.0,1224.0,42.0,0.0,0.0,0.0,0.0,1266.0,0.0,,0.0,799.0,76.46904080136245,65.0,p07
2020-01-11,1395.0,1037.0,1269.0,105.0,0.0,0.0,0.0,0.0,1374.0,0.0,104.0,0.0,895.0,76.95145900344225,63.5,p07
2020-01-12,1399.0,1041.0,1304.0,28.0,0.0,0.0,0.0,0.0,1332.0,0.0,,0.0,750.0,72.56975194805194,62.66666666666666,p07
2020-01-13,1412.0,1053.0,1236.0,152.0,13.0,0.0,0.0,13.0,1401.0,0.0,112.0,8.0,774.0,85.04750266601042,68.78444444444445,p07
2020-01-14,1416.0,1056.0,1301.0,64.0,40.0,0.0,0.0,40.0,1405.0,40.31666666666667,147.0,39.0,984.0,79.65045860796495,64.0,p07
2020-01-15,1198.0,839.0,1145.0,101.0,0.0,0.0,0.0,0.0,1246.0,0.0,92.41189142610945,0.0,686.0,80.14971050572362,65.0,p07
2020-01-16,1002.0,1002.0,801.0,72.0,24.0,30.0,0.0,54.0,927.0,51.65,161.57599225556632,47.0,935.0,80.61269605157224,63.406666666666666,p07
2020-01-17,1431.0,1071.0,1314.0,56.0,45.0,0.0,0.0,45.0,1415.0,59.583333333333336,133.0,45.0,795.0,78.86697755225632,61.0,p07
2020-01-18,1418.0,1059.0,1279.0,81.0,7.0,41.0,0.0,48.0,1408.0,45.0,167.0,42.0,1041.0,79.97225630312273,63.333333333333336,p07
2020-01-19,1420.0,1060.0,1278.0,109.0,0.0,0.0,0.0,0.0,1387.0,0.0,,0.0,955.0,78.18106257035576,62.05,p07
2020-01-20,1420.0,1060.0,1242.0,110.0,26.0,23.0,0.0,49.0,1401.0,36.53333333333333,164.0,31.0,807.0,82.73804595081174,59.285714285714285,p07
2020-01-21,1357.0,997.0,1201.0,76.0,60.0,0.0,0.0,60.0,1337.0,62.13333333333333,146.72424892703862,60.0,824.0,79.42874932939898,62.81,p07
2020-01-22,1420.0,1060.0,1276.0,94.0,16.0,23.0,0.0,39.0,1409.0,39.61666666666667,162.0,37.0,954.0,76.32527998736576,58.0969696969697,p07
2020-01-23,1428.0,1070.0,1221.0,159.0,28.0,2.0,0.0,30.0,1410.0,36.53333333333333,106.71811023622048,30.0,916.0,82.56407743014948,63.26785714285714,p07
2020-01-24,1390.0,1031.0,1262.0,83.0,2.0,1.0,0.0,3.0,1348.0,0.0,0.0,0.0,869.0,77.6666592773037,65.66666666666667,p07
2020-01-25,1406.0,1047.0,1251.0,110.0,25.0,1.0,0.0,26.0,1387.0,148.85000000000002,90.79879072892173,14.0,878.0,78.23772829204457,61.0875,p07
2020-01-26,1390.0,1034.0,1270.0,107.0,0.0,0.0,0.0,0.0,1377.0,0.0,97.0,0.0,789.0,74.81356169882785,55.754285714285714,p07
2020-01-27,1287.0,928.0,1140.0,69.0,46.0,8.0,0.0,54.0,1263.0,55.833333333333336,151.0,53.0,795.0,81.80557972596884,62.16666666666666,p07
2020-01-28,1421.0,1065.0,1254.0,99.0,60.0,0.0,0.0,60.0,1413.0,64.03333333333333,146.0,60.0,944.0,78.4267964097276,59.25,p07
2020-01-29,1433.0,1075.0,1283.0,88.0,17.0,29.0,0.0,46.0,1417.0,45.35,163.0,40.0,983.0,76.44301093997962,59.4,p07
2020-01-30,1407.0,1052.0,1299.0,37.0,43.0,4.0,0.0,47.0,1383.0,46.516666666666666,154.0,46.0,926.0,73.87971188359745,57.22619047619048,p07
2020-01-31,1422.0,1066.0,1279.0,80.0,54.0,0.0,0.0,54.0,1413.0,109.8,114.0,54.0,952.0,78.2784739911533,60.6025,p07
2020-02-01,1422.0,1063.0,1288.0,69.0,33.0,33.0,0.0,66.0,1423.0,62.766666666666666,161.0,60.0,869.0,82.3502489203724,63.333333333333336,p07
2020-02-02,1391.0,1031.0,1263.0,69.0,27.0,0.0,0.0,27.0,1359.0,45.03333333333333,136.0,27.0,820.0,74.08678507117783,59.70952380952381,p07
2020-02-03,1235.0,876.0,1131.0,73.0,22.0,3.0,0.0,25.0,1229.0,23.4,141.0,16.0,736.0,83.27341056005007,65.6125,p07
2020-02-04,1419.0,1061.0,1268.0,83.0,23.0,37.0,0.0,60.0,1411.0,59.833333333333336,161.0,57.0,1018.0,80.83800324005693,61.0,p07
2020-02-05,1438.0,1078.0,1296.0,75.0,23.0,21.0,0.0,44.0,1415.0,24.25,172.0,24.0,911.0,80.08788650238199,62.0,p07
2020-02-06,1434.0,1075.0,1280.0,143.0,1.0,1.0,0.0,2.0,1425.0,0.0,99.0,0.0,917.0,80.58905199368668,62.84761904761905,p07
2020-02-07,1435.0,1075.0,1246.0,122.0,61.0,0.0,0.0,61.0,1429.0,83.85,133.0,60.0,960.0,83.7061505783819,65.0,p07
2020-02-08,1429.0,1070.0,1254.0,97.0,18.0,46.0,0.0,64.0,1415.0,62.18333333333333,161.0,54.0,975.0,83.27345366510116,62.75333333333334,p07
2020-02-09,1435.0,1075.0,1263.0,150.0,7.0,0.0,0.0,7.0,1420.0,354.6666666666667,91.0,3.0,845.0,83.07933266071825,64.91428571428571,p07
2020-02-10,1363.0,1007.0,1225.0,72.0,61.0,1.0,0.0,62.0,1359.0,62.416666666666664,152.0,61.0,868.0,82.51200498641356,63.81666666666667,p07
2020-02-11,1434.0,1078.0,1241.0,118.0,30.0,29.0,0.0,59.0,1418.0,43.983333333333334,157.0,31.0,1001.0,80.19069855608343,60.0,p07
2020-02-12,1432.0,1073.0,1318.0,54.0,57.0,0.0,0.0,57.0,1429.0,59.0,145.0,57.0,907.0,78.67827511195529,60.5,p07
2020-02-13,1429.0,1074.0,1245.0,116.0,50.0,0.0,0.0,50.0,1411.0,120.4,117.65669988925802,46.0,825.0,84.11908958337068,62.22222222222222,p07
2020-02-14,1432.0,1072.0,1296.0,93.0,28.0,15.0,0.0,43.0,1432.0,34.5,157.0,29.0,952.0,80.78854060613162,63.755,p07
2020-02-15,1435.0,1077.0,1258.0,147.0,5.0,0.0,0.0,5.0,1410.0,174.6,97.00000000000001,2.0,990.0,80.2539018135338,64.0,p07
2020-02-16,1437.0,1077.0,1301.0,122.0,1.0,3.0,0.0,4.0,1427.0,82.96666666666667,98.0,0.0,1067.0,78.99536567622442,64.70222222222222,p07
2020-02-17,1040.0,718.0,864.0,108.0,52.0,0.0,0.0,52.0,1024.0,48.25,151.0,48.0,600.0,87.353975941875,59.59,p07
2020-02-18,1422.0,1069.0,1272.0,76.0,49.0,7.0,0.0,56.0,1404.0,56.266666666666666,151.0,56.0,871.0,79.21582324372378,59.42857142857143,p07
2020-02-19,1437.0,1078.0,1268.0,151.0,0.0,0.0,0.0,0.0,1419.0,0.0,100.60380469245403,0.0,931.0,77.06418578139845,59.333333333333336,p07
2020-02-20,788.0,431.0,743.0,55.0,38.0,5.0,0.0,43.0,841.0,56.93333333333333,136.0,34.0,333.0,,,p07
2020-02-21,729.0,729.0,546.0,86.0,35.0,0.0,0.0,35.0,667.0,66.63333333333334,125.50700350175087,31.0,668.0,79.58842520910632,58.35,p07
2020-02-22,1431.0,1071.0,1301.0,58.0,34.0,20.0,0.0,54.0,1413.0,42.8,158.0,37.0,892.0,81.65341616151407,58.00909090909091,p07
2020-02-23,1439.0,1079.0,1318.0,49.0,62.0,0.0,0.0,62.0,1429.0,60.06666666666667,142.0,59.0,925.0,75.63320931124574,58.46666666666667,p07
2020-02-24,1436.0,1078.0,1277.0,98.0,51.0,0.0,0.0,51.0,1426.0,50.5,150.0,50.0,884.0,79.13073653517118,59.5,p07
2020-02-25,1436.0,1076.0,1243.0,134.0,23.0,27.0,0.0,50.0,1427.0,44.6,159.0,37.0,983.0,82.57315179850208,61.0,p07
2020-02-26,1431.0,1071.0,1286.0,108.0,20.0,1.0,0.0,21.0,1415.0,67.23333333333333,129.0,21.0,870.0,74.96773602464462,56.5,p07
2020-02-27,1432.0,1073.0,1205.0,171.0,21.0,19.0,0.0,40.0,1416.0,42.68333333333333,150.0,28.0,799.0,84.99470102760633,60.38666666666667,p07
2020-02-28,1351.0,996.0,1185.0,108.0,38.0,0.0,0.0,38.0,1331.0,66.91666666666667,130.0,38.0,797.0,79.84173794344022,60.373333333333335,p07
2020-02-29,1440.0,1080.0,1197.0,197.0,31.0,0.0,0.0,31.0,1425.0,17.166666666666668,122.66804312915806,20.0,953.0,88.97391852201663,72.92,p07
2020-03-01,1433.0,1075.0,1301.0,109.0,4.0,0.0,0.0,4.0,1414.0,0.0,,0.0,993.0,74.72721521792519,59.582142857142856,p07
2020-03-02,1435.0,1075.0,1335.0,52.0,0.0,0.0,0.0,0.0,1387.0,0.0,,0.0,890.0,69.52085720771115,54.66,p07
2020-03-03,1434.0,1077.0,1283.0,118.0,2.0,0.0,0.0,2.0,1403.0,0.0,,0.0,918.0,76.14525998390377,58.766666666666666,p07
2020-03-04,1435.0,1075.0,1343.0,85.0,3.0,0.0,0.0,3.0,1431.0,110.0,87.0,0.0,883.0,78.33109926786837,62.642857142857146,p07
2020-03-05,1437.0,1078.0,1320.0,108.0,4.0,0.0,0.0,4.0,1432.0,31.366666666666667,95.0,4.0,1056.0,77.03892215016057,61.763888888888886,p07
2020-03-06,1433.0,1073.0,1373.0,46.0,0.0,0.0,0.0,0.0,1419.0,0.0,,0.0,961.0,69.57650291378178,55.0,p07
2020-03-07,1333.0,973.0,1279.0,44.0,0.0,0.0,0.0,0.0,1323.0,0.0,,0.0,934.0,72.823782061978,57.32,p07
2020-03-08,1436.0,1077.0,1205.0,226.0,0.0,0.0,0.0,0.0,1431.0,274.95,96.93380614657211,0.0,1020.0,85.01249595587097,67.37083333333334,p07
2020-03-09,1435.0,1075.0,1344.0,62.0,1.0,0.0,0.0,1.0,1407.0,0.0,,0.0,849.0,74.44024112911038,60.18857142857143,p07
2020-03-10,1435.0,1075.0,1364.0,60.0,2.0,0.0,0.0,2.0,1426.0,0.0,,0.0,863.0,74.93650509397902,61.5,p07
2020-03-11,1438.0,1079.0,1289.0,86.0,53.0,0.0,0.0,53.0,1428.0,57.416666666666664,144.0,53.0,892.0,83.58693059167958,63.83571428571429,p07
2020-03-12,1433.0,1073.0,1296.0,100.0,28.0,0.0,0.0,28.0,1424.0,50.63333333333333,132.0,28.0,971.0,73.92210108249888,54.16666666666666,p07
2020-03-13,1436.0,1076.0,1352.0,73.0,0.0,0.0,0.0,0.0,1425.0,0.0,102.0,0.0,1055.0,74.12237435287199,56.675,p07
2020-03-14,1359.0,999.0,1223.0,95.0,17.0,9.0,0.0,26.0,1344.0,52.31666666666667,139.0,26.0,794.0,81.22772152129713,60.36,p07
2020-03-15,1440.0,1080.0,1374.0,57.0,0.0,0.0,0.0,0.0,1431.0,0.0,,0.0,972.0,75.00010622093956,62.16666666666666,p07
2020-03-16,1431.0,1074.0,1287.0,89.0,31.0,18.0,0.0,49.0,1425.0,61.3,150.0,49.0,904.0,83.48187350837019,62.775,p07
2020-03-17,1434.0,1074.0,1272.0,67.0,26.0,45.0,0.0,71.0,1410.0,76.11666666666666,154.89511714473394,64.0,836.0,86.30034461143116,66.1547619047619,p07
2020-03-18,1428.0,1071.0,1271.0,84.0,24.0,26.0,0.0,50.0,1405.0,65.51666666666667,150.7417959806665,48.0,955.0,81.8369626422608,62.425,p07
2020-03-19,1432.0,1075.0,1269.0,163.0,0.0,0.0,0.0,0.0,1432.0,0.0,105.0,0.0,918.0,79.341095989462,63.439682539682536,p07
2020-03-20,1256.0,896.0,1052.0,92.0,13.0,40.0,0.0,53.0,1197.0,41.31666666666667,171.0,41.0,676.0,83.77871724445076,53.91666666666667,p07
2020-03-21,1431.0,1073.0,1235.0,103.0,19.0,51.0,0.0,70.0,1408.0,70.41666666666667,163.0,69.0,917.0,85.16734029494842,61.05,p07
2020-03-22,1437.0,1077.0,1381.0,45.0,0.0,0.0,0.0,0.0,1426.0,0.0,,0.0,997.0,67.99955302415182,53.625,p07
2020-03-23,1433.0,1073.0,1272.0,89.0,31.0,33.0,0.0,64.0,1425.0,70.43333333333334,155.0,63.0,853.0,83.53761959278582,63.0,p07
2020-03-24,1437.0,1079.0,1235.0,126.0,27.0,44.0,0.0,71.0,1432.0,234.96666666666667,103.82522343594836,61.0,902.0,84.49919921534132,61.40285714285714,p07
2020-03-25,1433.0,1075.0,1231.0,139.0,0.0,0.0,0.0,0.0,1370.0,0.0,,0.0,894.0,79.517859927172,61.84583333333334,p07
2020-03-26,1429.0,1070.0,1248.0,100.0,36.0,12.0,0.0,48.0,1396.0,56.15,146.0,46.0,901.0,82.02438452394009,63.66666666666666,p07
2020-03-27,1429.0,1071.0,1226.0,190.0,2.0,0.0,0.0,2.0,1418.0,0.0,,0.0,993.0,81.48140878646922,63.8,p07
2020-03-28,1433.0,1078.0,1311.0,104.0,1.0,0.0,0.0,1.0,1416.0,0.0,,0.0,942.0,77.54279173291913,59.75833333333333,p07
2020-03-29,1102.0,742.0,986.0,48.0,0.0,0.0,0.0,0.0,1034.0,0.0,,0.0,1044.0,63.60354005296534,48.5,p07
2020-03-30,1428.0,1068.0,1334.0,82.0,1.0,1.0,0.0,2.0,1418.0,0.0,,0.0,874.0,72.58912585317047,54.175,p07
2020-03-31,998.0,641.0,998.0,51.0,56.0,7.0,0.0,63.0,1112.0,0.0,,0.0,489.0,,,p07
2019-11-10,0.0,0.0,,,,,,,,0.0,,0.0,,,,p08
2019-11-11,834.0,834.0,670.0,60.0,41.0,0.0,0.0,41.0,771.0,63.96666666666667,138.0,41.0,773.0,73.93918478171642,53.72698412698413,p08
2019-11-12,1383.0,1025.0,1194.0,75.0,61.0,45.0,0.0,106.0,1375.0,106.4,152.8815789473684,101.0,894.0,79.11674702547627,54.725,p08
2019-11-13,1391.0,1034.0,1343.0,47.0,0.0,0.0,0.0,0.0,1390.0,0.0,,0.0,957.0,67.49139280549939,53.0,p08
2019-11-14,1352.0,998.0,1218.0,71.0,28.0,33.0,0.0,61.0,1350.0,63.3,159.0,57.0,877.0,76.67070944113999,56.285714285714285,p08
2019-11-15,1339.0,983.0,1193.0,148.0,3.0,0.0,0.0,3.0,1344.0,95.35,110.0,3.0,865.0,74.28770504151437,57.42777777777778,p08
2019-11-16,1371.0,1011.0,1240.0,104.0,23.0,0.0,0.0,23.0,1367.0,0.016666666666666666,78.0,0.0,755.0,75.06856563040537,55.864285714285714,p08
2019-11-17,1415.0,1056.0,1280.0,84.0,46.0,0.0,0.0,46.0,1410.0,104.15,133.0,46.0,845.0,74.61890092817148,54.45,p08
2019-11-18,1408.0,1048.0,1294.0,64.0,29.0,21.0,0.0,50.0,1408.0,50.5,157.0,49.0,901.0,72.45479158018203,52.85714285714285,p08
2019-11-19,1403.0,1045.0,1318.0,60.0,25.0,0.0,1.0,25.0,1403.0,51.88333333333333,135.0,25.0,899.0,73.23160345862985,57.3,p08
2019-11-20,1399.0,1041.0,1260.0,126.0,11.0,0.0,1.0,11.0,1397.0,24.133333333333333,126.91377186499138,11.0,926.0,76.08649944478631,55.775,p08
2019-11-21,1296.0,938.0,1204.0,47.0,20.0,22.0,1.0,42.0,1293.0,12.283333333333333,160.3694581280788,42.0,824.0,77.59491301724809,55.93,p08
2019-11-22,1403.0,1051.0,1295.0,106.0,0.0,0.0,1.0,0.0,1401.0,75.88333333333333,109.99253239622226,0.0,922.0,73.04744613769721,58.6025,p08
2019-11-23,1406.0,1046.0,1094.0,294.0,18.0,0.0,1.0,18.0,1406.0,80.18333333333334,119.51735605903137,19.0,761.0,97.53511165435674,69.44444444444444,p08
2019-11-24,1353.0,1007.0,1063.0,213.0,74.0,0.0,1.0,74.0,1350.0,0.0,146.0,72.0,967.0,85.32405699698336,61.28888888888889,p08
2019-11-25,1418.0,1060.0,1304.0,59.0,52.0,0.0,1.0,52.0,1415.0,0.0,146.99999999999997,47.0,924.0,75.7379907392176,57.03,p08
2019-11-26,1381.0,1021.0,1266.0,71.0,29.0,14.0,1.0,43.0,1380.0,70.91666666666667,148.0,43.0,889.0,75.63684793906795,55.975,p08
2019-11-27,1381.0,1021.0,1244.0,125.0,10.0,1.0,1.0,11.0,1380.0,16.15,134.24458204334366,7.0,847.0,76.12790825751274,57.285714285714285,p08
2019-11-28,1239.0,894.0,1066.0,130.0,22.0,17.0,1.0,39.0,1235.0,76.43333333333334,134.0,30.0,805.0,81.94597536167169,57.75,p08
2019-11-29,1422.0,1065.0,1339.0,81.0,0.0,0.0,1.0,0.0,1420.0,43.81666666666667,116.0,0.0,975.0,79.45036602635514,60.35,p08
2019-11-30,1416.0,1074.0,1283.0,84.0,32.0,13.0,1.0,45.0,1412.0,83.60000000000001,133.95454545454544,47.0,862.0,81.75746022705815,60.91,p08
2019-12-01,1423.0,1063.0,1243.0,109.0,72.0,0.0,1.0,72.0,1424.0,123.61666666666666,134.65215046514763,72.0,877.0,84.24551436133585,58.86785714285714,p08
2019-12-02,1362.0,1002.0,1238.0,67.0,53.0,0.0,1.0,53.0,1358.0,68.48333333333333,139.63640788513018,52.0,898.0,80.0941425172486,57.65416666666667,p08
2019-12-03,1378.0,1018.0,1259.0,83.0,21.0,14.0,1.0,35.0,1377.0,52.18333333333333,151.0,33.0,846.0,75.45652352631836,56.25,p08
2019-12-04,1230.0,870.0,1101.0,77.0,49.0,0.0,1.0,49.0,1227.0,29.566666666666666,137.2160749292093,44.0,755.0,76.3301715542679,56.4,p08
2019-12-05,1305.0,945.0,1202.0,77.0,19.0,6.0,1.0,25.0,1304.0,21.033333333333335,146.0,11.0,813.0,70.76999558313666,54.20444444444445,p08
2019-12-06,1396.0,1036.0,1291.0,93.0,7.0,0.0,1.0,7.0,1391.0,64.46666666666667,122.0,7.0,906.0,70.48650108404125,55.0,p08
2019-12-07,1401.0,1043.0,1225.0,169.0,5.0,0.0,1.0,5.0,1399.0,0.0,119.02611764705881,5.0,990.0,77.25310299969391,54.74166666666667,p08
2019-12-08,1408.0,1049.0,1222.0,69.0,114.0,3.0,1.0,117.0,1408.0,140.93333333333334,148.80475402081362,117.0,827.0,86.54814325103303,59.17142857142857,p08
2019-12-09,1428.0,1068.0,1294.0,128.0,3.0,0.0,1.0,3.0,1425.0,0.0,126.00000000000001,0.0,934.0,77.89939299693847,58.46111111111111,p08
2019-12-10,1427.0,1067.0,1320.0,50.0,43.0,14.0,1.0,57.0,1427.0,74.23333333333333,148.0,57.0,936.0,77.73996156832713,60.55555555555556,p08
2019-12-11,1422.0,1065.0,1275.0,88.0,59.0,0.0,1.0,59.0,1422.0,125.4,123.62679425837321,49.0,889.0,77.9912410926459,57.84571428571428,p08
2019-12-12,1423.0,1066.0,1303.0,47.0,32.0,40.0,1.0,72.0,1422.0,39.55,164.0,34.0,959.0,81.40903293813766,57.88253968253968,p08
2019-12-13,553.0,193.0,607.0,5.0,0.0,0.0,1.0,0.0,612.0,0.0,,0.0,89.0,,,p08
2019-12-14,0.0,0.0,,,,,,,,0.0,,0.0,,,,p08
2019-12-15,0.0,0.0,,,,,,,,0.0,,0.0,,,,p08
2019-12-16,0.0,0.0,,,,,,,,0.0,,0.0,,,,p08
2019-12-17,406.0,406.0,275.0,41.0,21.0,16.0,1.0,37.0,353.0,66.03333333333333,145.0,37.0,406.0,,,p08
2019-12-18,1374.0,1014.0,1289.0,37.0,43.0,0.0,1.0,43.0,1369.0,51.166666666666664,145.0,43.0,898.0,73.8541068984019,56.125,p08
2019-12-19,1426.0,1066.0,1150.0,271.0,0.0,0.0,1.0,0.0,1421.0,0.0,106.37912457912459,0.0,943.0,89.63218130402649,62.746428571428574,p08
2019-12-20,1356.0,998.0,1212.0,144.0,0.0,0.0,1.0,0.0,1356.0,0.0,,0.0,831.0,73.82563680469818,52.9,p08
2019-12-21,1360.0,1002.0,1088.0,226.0,44.0,0.0,1.0,44.0,1358.0,65.23333333333333,121.86317384715308,41.0,872.0,91.91701694997964,71.75277777777778,p08
2019-12-22,1419.0,1059.0,1297.0,88.0,32.0,0.0,1.0,32.0,1417.0,44.266666666666666,142.0,32.0,838.0,74.69184694676497,54.82333333333334,p08
2019-12-23,1399.0,1040.0,1250.0,77.0,26.0,43.0,1.0,69.0,1396.0,81.76666666666667,162.0,69.0,812.0,83.72421454511749,58.14857142857143,p08
2019-12-24,1398.0,1038.0,1282.0,96.0,19.0,1.0,1.0,20.0,1398.0,0.0,0.0,0.0,972.0,79.8625051588786,62.760714285714286,p08
2019-12-25,1035.0,675.0,1084.0,5.0,0.0,0.0,1.0,0.0,1089.0,0.0,,0.0,434.0,,,p08
2019-12-26,622.0,622.0,509.0,15.0,32.0,5.0,1.0,37.0,561.0,36.63333333333333,160.0,35.0,621.0,81.38325226520135,59.85714285714285,p08
2019-12-27,1377.0,1021.0,1307.0,19.0,51.0,0.0,1.0,51.0,1377.0,51.36666666666667,156.0,50.0,752.0,76.08523279069793,55.86031746031746,p08
2019-12-28,1409.0,1050.0,1350.0,62.0,1.0,0.0,1.0,1.0,1413.0,0.0,,0.0,926.0,77.65151184009176,59.0,p08
2019-12-29,1403.0,1049.0,1248.0,93.0,29.0,30.0,1.0,59.0,1400.0,65.13333333333334,162.0,57.0,813.0,82.03802320292135,59.102222222222224,p08
2019-12-30,1352.0,993.0,1276.0,54.0,17.0,2.0,1.0,19.0,1349.0,56.13333333333333,133.9204275534442,18.0,751.0,71.24378914085479,56.6,p08
2019-12-31,1380.0,1021.0,1312.0,42.0,16.0,7.0,1.0,23.0,1377.0,31.733333333333334,151.0,23.0,817.0,75.79381189854811,54.40714285714286,p08
2020-01-01,1423.0,1065.0,1234.0,155.0,36.0,3.0,1.0,39.0,1428.0,41.53333333333333,123.53536170901441,39.0,973.0,80.20724225256153,57.388888888888886,p08
2020-01-02,1207.0,850.0,1185.0,29.0,42.0,1.0,1.0,43.0,1257.0,46.233333333333334,150.0,42.0,708.0,69.70416083405668,54.142857142857146,p08
2020-01-03,930.0,930.0,852.0,18.0,0.0,0.0,1.0,0.0,870.0,0.0,,0.0,930.0,67.16503557076138,55.0,p08
2020-01-04,1419.0,1059.0,1257.0,65.0,8.0,88.0,1.0,96.0,1418.0,90.1,180.0,89.0,882.0,89.06890561865359,59.23333333333333,p08
2020-01-05,1366.0,1009.0,1308.0,42.0,17.0,0.0,1.0,17.0,1367.0,83.51666666666667,110.32249052085412,16.0,862.0,68.49135998061678,53.6,p08
2020-01-06,1410.0,1050.0,1338.0,52.0,15.0,2.0,1.0,17.0,1407.0,62.93333333333334,118.85222457627117,17.0,938.0,68.64435299705033,54.190000000000005,p08
2020-01-07,1425.0,1065.0,1329.0,50.0,46.0,0.0,1.0,46.0,1425.0,62.416666666666664,140.0,47.0,976.0,71.2335369824404,54.58571428571429,p08
2020-01-08,1418.0,1061.0,1324.0,89.0,4.0,0.0,1.0,4.0,1417.0,88.8,118.0,4.0,916.0,68.28203929863328,53.64583333333333,p08
2020-01-09,1263.0,904.0,1184.0,53.0,14.0,12.0,1.0,26.0,1263.0,61.483333333333334,138.0,26.0,724.0,72.99654505967096,55.142857142857146,p08
2020-01-10,1416.0,1056.0,1258.0,74.0,70.0,10.0,1.0,80.0,1412.0,126.44999999999999,138.83511269276394,78.0,958.0,75.21722929125481,55.3625,p08
2020-01-11,1416.0,1059.0,1361.0,55.0,0.0,0.0,1.0,0.0,1416.0,55.88333333333333,110.0,0.0,836.0,72.33488316218745,59.92857142857143,p08
2020-01-12,1401.0,1048.0,1399.0,1.0,0.0,0.0,1.0,0.0,1400.0,0.0,,0.0,1017.0,75.25438111271446,65.5,p08
2020-01-13,1327.0,970.0,1321.0,4.0,0.0,0.0,1.0,0.0,1325.0,0.0,,0.0,666.0,62.03871723455056,54.0,p08
2020-01-14,1371.0,1012.0,1366.0,1.0,0.0,0.0,1.0,0.0,1367.0,0.0,,0.0,842.0,61.191560840848254,52.516666666666666,p08
2020-01-15,1389.0,1030.0,1367.0,13.0,1.0,0.0,1.0,1.0,1381.0,0.0,,0.0,759.0,67.18567811561883,55.475,p08
2020-01-16,1385.0,1026.0,1375.0,7.0,0.0,0.0,1.0,0.0,1382.0,0.0,,0.0,829.0,60.013335709324856,48.8,p08
2020-01-17,1392.0,1035.0,1388.0,15.0,0.0,0.0,1.0,0.0,1403.0,0.0,,0.0,895.0,64.73064939095666,51.81333333333333,p08
2020-01-18,1428.0,1070.0,1350.0,65.0,0.0,0.0,1.0,0.0,1415.0,0.0,120.0,0.0,665.0,66.23540783777625,50.0,p08
2020-01-19,1420.0,1062.0,1406.0,12.0,0.0,0.0,1.0,0.0,1418.0,0.0,,0.0,810.0,59.15603357205209,49.285714285714285,p08
2020-01-20,1014.0,656.0,1005.0,6.0,0.0,0.0,1.0,0.0,1011.0,0.0,,0.0,587.0,,,p08
2020-01-21,1405.0,1045.0,1312.0,50.0,37.0,4.0,1.0,41.0,1403.0,181.41666666666669,107.3176848874598,41.0,835.0,77.29763177491887,59.080000000000005,p08
2020-01-22,1409.0,1051.0,1381.0,26.0,0.0,0.0,1.0,0.0,1407.0,0.0,,0.0,928.0,68.85627989407624,55.275,p08
2020-01-23,1388.0,1028.0,1279.0,82.0,19.0,1.0,1.0,20.0,1381.0,12.25,144.0,10.0,892.0,74.48349714417101,58.50555555555555,p08
2020-01-24,1429.0,1069.0,1408.0,21.0,0.0,0.0,1.0,0.0,1429.0,0.0,,0.0,952.0,70.9573463855239,59.760714285714286,p08
2020-01-25,1409.0,1050.0,1350.0,57.0,0.0,0.0,1.0,0.0,1407.0,0.0,,0.0,831.0,78.80506370217562,64.16666666666667,p08
2020-01-26,1420.0,1062.0,1060.0,361.0,0.0,0.0,1.0,0.0,1421.0,0.0,113.76470588235294,0.0,1075.0,95.41578432162152,79.11666666666667,p08
2020-01-27,1350.0,990.0,1293.0,53.0,1.0,0.0,1.0,1.0,1347.0,0.0,100.0,0.0,918.0,74.9647660467105,59.957142857142856,p08
2020-01-28,1408.0,1055.0,1062.0,346.0,1.0,0.0,1.0,1.0,1409.0,0.0,,0.0,1006.0,93.90951086410828,77.76388888888889,p08
2020-01-29,1411.0,1052.0,1221.0,178.0,11.0,0.0,1.0,11.0,1410.0,0.0,114.34279515458326,5.0,946.0,86.37298307752853,69.61904761904762,p08
2020-01-30,1345.0,991.0,1299.0,42.0,0.0,0.0,1.0,0.0,1341.0,0.0,,0.0,962.0,71.43394184644185,55.67,p08
2020-01-31,1377.0,1023.0,1307.0,36.0,33.0,0.0,1.0,33.0,1376.0,58.65,139.0,32.0,881.0,73.0589263986038,58.0,p08
2020-02-01,1412.0,1053.0,1301.0,84.0,21.0,5.0,1.0,26.0,1411.0,86.1,122.15795586527294,26.0,860.0,79.73991009988113,60.59555555555556,p08
2020-02-02,1320.0,961.0,1206.0,56.0,57.0,0.0,1.0,57.0,1319.0,73.71666666666667,141.5885145828623,56.0,676.0,83.67477831110477,59.81746031746032,p08
2020-02-03,1408.0,1049.0,1281.0,88.0,23.0,15.0,1.0,38.0,1407.0,89.3,136.0,38.0,962.0,78.3922282573671,58.72063492063492,p08
2020-02-04,1407.0,1048.0,1279.0,100.0,28.0,0.0,1.0,28.0,1407.0,105.93333333333334,122.81843926998113,28.0,880.0,79.45030793224846,58.86527777777778,p08
2020-02-05,1376.0,1020.0,1286.0,83.0,2.0,0.0,1.0,2.0,1371.0,0.0,107.0,2.0,881.0,74.92194430931661,58.285714285714285,p08
2020-02-06,1385.0,1026.0,1266.0,99.0,18.0,0.0,1.0,18.0,1383.0,81.88333333333334,122.00101770812131,17.0,866.0,76.90422707569577,58.20833333333333,p08
2020-02-07,1397.0,1039.0,1233.0,140.0,22.0,0.0,1.0,22.0,1395.0,83.38333333333334,131.0,22.0,940.0,78.87030295962744,61.0,p08
2020-02-08,1312.0,952.0,1137.0,162.0,11.0,0.0,1.0,11.0,1310.0,38.86666666666667,127.23508043591075,12.0,694.0,86.65344340097703,63.02727272727273,p08
2020-02-09,1413.0,1054.0,1166.0,162.0,84.0,0.0,1.0,84.0,1412.0,175.31666666666666,133.54482365243842,84.0,884.0,89.10300929504544,64.73333333333333,p08
2020-02-10,1390.0,1033.0,1280.0,70.0,27.0,10.0,1.0,37.0,1387.0,60.11666666666667,147.0,37.0,887.0,78.41614759457316,58.86785714285714,p08
2020-02-11,1385.0,1026.0,1252.0,103.0,27.0,0.0,1.0,27.0,1382.0,58.199999999999996,130.57789232531502,26.0,897.0,80.27526814055335,61.34,p08
2020-02-12,1406.0,1047.0,1273.0,68.0,33.0,31.0,1.0,64.0,1405.0,88.61666666666666,152.9561782960316,64.0,904.0,82.72043069838683,60.71428571428572,p08
2020-02-13,1124.0,764.0,1013.0,76.0,32.0,0.0,1.0,32.0,1121.0,42.15,143.0,32.0,678.0,86.1646735166542,69.24285714285715,p08
2020-02-14,1425.0,1065.0,1295.0,86.0,23.0,20.0,1.0,43.0,1424.0,56.516666666666666,153.0,43.0,979.0,76.62027092454258,57.11111111111112,p08
2020-02-15,1297.0,940.0,1198.0,51.0,48.0,0.0,1.0,48.0,1297.0,66.7,141.30484757621187,48.0,778.0,75.48200875214138,54.6175,p08
2020-02-16,1391.0,1038.0,1235.0,150.0,2.0,0.0,1.0,2.0,1387.0,0.75,115.80648944487882,2.0,822.0,81.0268875819574,60.71428571428572,p08
2020-02-17,1415.0,1057.0,1298.0,80.0,31.0,4.0,1.0,35.0,1413.0,155.03333333333333,110.00000000000001,35.0,916.0,83.44755625841316,64.0,p08
2020-02-18,1413.0,1055.0,1305.0,90.0,12.0,6.0,1.0,18.0,1413.0,86.86666666666667,119.93630084420568,19.0,931.0,74.38296026075696,58.77777777777778,p08
2020-02-19,1397.0,1040.0,1340.0,57.0,0.0,0.0,1.0,0.0,1397.0,0.0,,0.0,919.0,72.82422385678643,58.78285714285714,p08
2020-02-20,1410.0,1050.0,1273.0,90.0,49.0,0.0,1.0,49.0,1412.0,63.68333333333333,142.2991363517404,49.0,979.0,84.9398824040095,64.85,p08
2020-02-21,1395.0,1043.0,1132.0,199.0,63.0,0.0,1.0,63.0,1394.0,111.2,136.1869004796163,63.0,1004.0,88.92553048967399,65.17,p08
2020-02-22,1126.0,771.0,1085.0,39.0,0.0,0.0,1.0,0.0,1124.0,0.0,,0.0,647.0,72.54688494572575,59.35833333333333,p08
2020-02-23,1408.0,1050.0,1195.0,169.0,38.0,5.0,1.0,43.0,1407.0,162.76666666666665,127.69107106287119,46.0,789.0,86.78809077315593,62.46666666666667,p08
2020-02-24,1397.0,1041.0,1256.0,100.0,23.0,17.0,1.0,40.0,1396.0,56.833333333333336,152.00000000000003,40.0,936.0,80.63539882125299,60.5,p08
2020-02-25,1386.0,1028.0,1218.0,97.0,67.0,0.0,1.0,67.0,1382.0,126.65,134.21976575865244,65.0,844.0,79.81084086443386,56.66666666666666,p08
2020-02-26,1369.0,1013.0,1268.0,44.0,53.0,0.0,1.0,53.0,1365.0,59.65,144.0,53.0,990.0,74.00942266338458,56.8547619047619,p08
2020-02-27,1390.0,1032.0,1289.0,71.0,10.0,19.0,1.0,29.0,1389.0,136.5,115.0,29.0,982.0,78.44530945230764,60.5,p08
2020-02-28,1396.0,1037.0,1220.0,147.0,26.0,1.0,1.0,27.0,1394.0,123.75,120.13414141414141,25.0,908.0,78.80144330503902,59.07,p08
2020-02-29,1302.0,944.0,1185.0,118.0,0.0,0.0,1.0,0.0,1303.0,0.0,118.0,0.0,752.0,76.32027277908263,57.67272727272727,p08
2020-03-01,1414.0,1054.0,1253.0,143.0,14.0,0.0,1.0,14.0,1410.0,0.0,35.984490155098456,3.0,760.0,80.17757646958304,60.6225,p08
2020-03-02,1411.0,1051.0,1303.0,85.0,16.0,4.0,1.0,20.0,1408.0,47.25,132.0,16.0,939.0,75.25410707630067,57.5,p08
2020-03-03,1366.0,1006.0,1270.0,67.0,29.0,0.0,1.0,29.0,1366.0,53.38333333333333,132.39244458320326,16.0,883.0,74.35439161444813,57.0,p08
2020-03-04,1408.0,1048.0,1277.0,87.0,41.0,0.0,1.0,41.0,1405.0,69.58333333333333,137.0,41.0,906.0,78.95163640904158,60.58571428571429,p08
2020-03-05,1405.0,1047.0,1303.0,97.0,3.0,0.0,1.0,3.0,1403.0,55.583333333333336,123.5031484257871,4.0,861.0,74.00378347902635,55.875,p08
2020-03-06,1334.0,975.0,1242.0,85.0,5.0,0.0,1.0,5.0,1332.0,15.066666666666666,118.28408501814411,5.0,913.0,74.32611303967131,56.355555555555554,p08
2020-03-07,1413.0,1054.0,1256.0,146.0,7.0,0.0,1.0,7.0,1409.0,0.0,118.0,6.0,901.0,82.34641015354111,59.875,p08
2020-03-08,1408.0,1051.0,1164.0,194.0,49.0,0.0,1.0,49.0,1407.0,304.53333333333336,115.78891199649738,49.0,878.0,82.28478799269395,54.5,p08
2020-03-09,1405.0,1047.0,1289.0,104.0,10.0,0.0,1.0,10.0,1403.0,0.0,116.0,0.0,856.0,76.5565036209896,56.8,p08
2020-03-10,1350.0,995.0,1245.0,84.0,18.0,1.0,1.0,19.0,1348.0,61.21666666666667,131.0,18.0,894.0,74.40845479059298,56.3825,p08
2020-03-11,1412.0,1054.0,1361.0,49.0,0.0,0.0,1.0,0.0,1410.0,0.0,,0.0,800.0,70.00694291125541,56.32857142857143,p08
2020-03-12,1384.0,1025.0,1227.0,120.0,35.0,0.0,1.0,35.0,1382.0,47.3,143.45665961945033,35.0,898.0,79.43278570051946,57.266666666666666,p08
2020-03-13,998.0,638.0,991.0,31.0,15.0,19.0,1.0,34.0,1056.0,62.31666666666667,145.0,34.0,427.0,,,p08
2020-03-14,891.0,891.0,741.0,87.0,0.0,0.0,1.0,0.0,828.0,0.0,20.03601606870758,0.0,832.0,76.32072658244533,61.67142857142857,p08
2020-03-15,1375.0,1017.0,1273.0,61.0,29.0,0.0,1.0,29.0,1363.0,70.41666666666667,136.0,28.0,806.0,74.07697055741198,54.4,p08
2020-03-16,1419.0,1063.0,1363.0,37.0,14.0,5.0,1.0,19.0,1419.0,52.78333333333333,137.0,19.0,940.0,68.64388505512875,55.16666666666666,p08
2020-03-17,1430.0,1071.0,1327.0,76.0,26.0,1.0,1.0,27.0,1430.0,88.16666666666667,130.0,28.0,947.0,71.41181372971532,53.71428571428572,p08
2020-03-18,1373.0,1016.0,1300.0,14.0,52.0,0.0,1.0,52.0,1366.0,58.083333333333336,142.0,50.0,847.0,67.69711560573865,52.56507936507936,p08
2020-03-19,1424.0,1066.0,1324.0,78.0,22.0,0.0,1.0,22.0,1424.0,94.45,128.0,20.0,877.0,70.47055618899134,52.39,p08
2020-03-20,1112.0,752.0,1103.0,40.0,29.0,0.0,1.0,29.0,1172.0,62.45,135.0,29.0,630.0,71.21983781657916,51.85714285714285,p08
2020-03-21,971.0,971.0,755.0,100.0,55.0,0.0,1.0,55.0,910.0,53.5,119.4973886620454,55.0,944.0,73.74430660914076,52.3825,p08
2020-03-22,1430.0,1070.0,1340.0,12.0,73.0,0.0,1.0,73.0,1425.0,79.73333333333333,146.0,72.0,811.0,70.75693994640666,52.0,p08
2020-03-23,1433.0,1073.0,1342.0,38.0,53.0,0.0,1.0,53.0,1433.0,0.0,,0.0,955.0,70.46667939681029,53.18888888888889,p08
2020-03-24,1425.0,1065.0,1338.0,40.0,19.0,26.0,1.0,45.0,1423.0,98.98333333333333,136.0,45.0,920.0,70.04948679849983,52.712857142857146,p08
2020-03-25,1423.0,1063.0,1294.0,31.0,98.0,0.0,1.0,98.0,1423.0,230.66666666666669,94.10628612716762,69.0,931.0,78.53089835026759,58.66666666666666,p08
2020-03-26,1437.0,1077.0,1361.0,19.0,53.0,0.0,1.0,53.0,1433.0,63.516666666666666,143.0,56.0,941.0,67.37637038124153,51.5,p08
2020-03-27,1025.0,665.0,888.0,31.0,101.0,0.0,1.0,101.0,1020.0,112.69999999999999,141.77580597456372,101.0,534.0,,,p08
2020-03-28,1425.0,1069.0,1307.0,17.0,99.0,2.0,1.0,101.0,1425.0,109.55,148.0,101.0,802.0,78.35528632500636,55.333333333333336,p08
2020-03-29,1419.0,1059.0,1226.0,18.0,113.0,0.0,1.0,113.0,1357.0,106.76666666666667,144.0,101.0,784.0,78.53208404220248,55.0,p08
2020-03-30,1427.0,1067.0,1286.0,48.0,89.0,0.0,1.0,89.0,1423.0,118.05,146.0,86.0,956.0,74.23729244869423,53.0,p08
2020-03-31,1425.0,1065.0,1324.0,67.0,32.0,0.0,1.0,32.0,1423.0,106.61666666666666,121.99999999999999,32.0,936.0,71.2491552439278,53.225,p08
2019-11-01,856.0,501.0,895.0,19.0,0.0,0.0,0.0,0.0,914.0,0.0,,0.0,511.0,,,p09
2019-11-02,262.0,262.0,201.0,6.0,0.0,0.0,0.0,0.0,207.0,0.0,,0.0,261.0,,,p09
2019-11-03,1234.0,881.0,1163.0,65.0,0.0,0.0,0.0,0.0,1228.0,0.0,,0.0,760.0,73.70330153034101,56.745,p09
2019-11-04,911.0,585.0,928.0,36.0,0.0,0.0,0.0,0.0,964.0,0.0,,0.0,629.0,78.01148883795943,67.25079365079365,p09
2019-11-05,1373.0,1025.0,1293.0,25.0,0.0,0.0,0.0,0.0,1318.0,0.0,,0.0,973.0,66.22278362838486,54.30357142857143,p09
2019-11-06,1367.0,1007.0,1333.0,33.0,0.0,0.0,0.0,0.0,1366.0,0.0,,0.0,830.0,75.22541664493471,63.0,p09
2019-11-07,1333.0,1028.0,1310.0,24.0,0.0,0.0,0.0,0.0,1334.0,0.0,,0.0,1027.0,72.99280410166486,60.43333333333334,p09
2019-11-08,1331.0,973.0,1321.0,10.0,0.0,0.0,0.0,0.0,1331.0,0.0,,0.0,531.0,,,p09
2019-11-09,1299.0,944.0,1093.0,200.0,3.0,0.0,0.0,3.0,1296.0,0.0,,0.0,773.0,89.84448485968537,72.26666666666667,p09
2019-11-10,872.0,802.0,763.0,91.0,17.0,0.0,0.0,17.0,871.0,0.0,,0.0,871.0,73.86119108917616,62.0,p09
2019-11-11,990.0,635.0,990.0,0.0,0.0,0.0,0.0,0.0,990.0,0.0,,0.0,283.0,,,p09
2019-11-12,1381.0,1054.0,1359.0,26.0,0.0,0.0,0.0,0.0,1385.0,0.0,,0.0,1109.0,75.71374343395308,63.142857142857146,p09
2019-11-13,1302.0,950.0,1272.0,26.0,0.0,0.0,0.0,0.0,1298.0,0.0,,0.0,787.0,66.22235602531028,58.15,p09
2019-11-14,1366.0,1017.0,1357.0,11.0,0.0,0.0,0.0,0.0,1368.0,0.0,,0.0,989.0,68.48957260018938,60.13928571428572,p09
2019-11-15,1374.0,1017.0,1296.0,76.0,0.0,0.0,0.0,0.0,1372.0,0.0,,0.0,871.0,81.95521050259856,65.85714285714286,p09
2019-11-16,1082.0,736.0,875.0,209.0,0.0,0.0,0.0,0.0,1084.0,0.0,,0.0,490.0,,,p09
2019-11-17,1195.0,842.0,1100.0,96.0,0.0,0.0,0.0,0.0,1196.0,0.0,,0.0,572.0,,,p09
2019-11-18,947.0,595.0,935.0,2.0,0.0,0.0,0.0,0.0,937.0,0.0,,0.0,435.0,,,p09
2019-11-19,1143.0,792.0,1137.0,0.0,0.0,0.0,0.0,0.0,1137.0,0.0,,0.0,541.0,,,p09
2019-11-20,1387.0,1031.0,1357.0,28.0,0.0,0.0,0.0,0.0,1385.0,0.0,,0.0,1056.0,69.14815846506187,58.0,p09
2019-11-21,1361.0,1009.0,1340.0,23.0,0.0,0.0,0.0,0.0,1363.0,0.0,,0.0,903.0,68.9535251262826,58.95,p09
2019-11-22,1354.0,1000.0,1209.0,143.0,0.0,0.0,0.0,0.0,1352.0,0.0,,0.0,862.0,85.16040463467958,71.83333333333333,p09
2019-11-23,1315.0,959.0,1285.0,29.0,0.0,0.0,0.0,0.0,1314.0,0.0,,0.0,755.0,72.57355069139838,65.40277777777777,p09
2019-11-24,1412.0,1054.0,1415.0,0.0,0.0,0.0,0.0,0.0,1415.0,0.0,,0.0,885.0,67.05425987070055,60.57142857142857,p09
2019-11-25,1386.0,1033.0,1367.0,17.0,0.0,0.0,0.0,0.0,1384.0,0.0,,0.0,1039.0,70.23190123425927,62.62,p09
2019-11-26,1388.0,1032.0,1353.0,36.0,0.0,0.0,0.0,0.0,1389.0,0.0,,0.0,888.0,69.85483844233845,60.25,p09
2019-11-27,1392.0,1036.0,1334.0,52.0,0.0,0.0,0.0,0.0,1386.0,0.0,,0.0,870.0,75.61448213663732,66.85142857142857,p09
2019-11-28,1298.0,951.0,1238.0,62.0,0.0,0.0,0.0,0.0,1300.0,0.0,,0.0,816.0,73.90804760666893,62.05555555555556,p09
2019-11-29,1384.0,1028.0,1257.0,129.0,0.0,0.0,0.0,0.0,1386.0,0.0,,0.0,866.0,80.66100555205637,64.75,p09
2019-11-30,1344.0,990.0,1217.0,125.0,3.0,0.0,0.0,3.0,1345.0,0.0,,0.0,887.0,82.17933954114811,63.31428571428572,p09
2019-12-01,774.0,612.0,750.0,17.0,0.0,0.0,0.0,0.0,767.0,0.0,,0.0,774.0,69.86736817231002,59.75,p09
2019-12-02,1351.0,1001.0,1321.0,32.0,0.0,0.0,0.0,0.0,1353.0,0.0,,0.0,923.0,68.02771039602025,57.5,p09
2019-12-03,1333.0,980.0,1257.0,68.0,25.0,4.0,0.0,29.0,1354.0,38.3,144.0,28.0,988.0,73.57800117864738,60.0875,p09
2019-12-04,1381.0,1026.0,1322.0,35.0,0.0,0.0,0.0,0.0,1357.0,0.0,,0.0,738.0,71.3027536299894,61.55,p09
2019-12-05,1154.0,797.0,1084.0,69.0,0.0,0.0,0.0,0.0,1153.0,0.0,,0.0,721.0,81.12494616263687,70.28571428571429,p09
2019-12-06,1128.0,804.0,1097.0,26.0,0.0,0.0,0.0,0.0,1123.0,0.0,,0.0,894.0,68.8741289129712,60.0,p09
2019-12-07,1386.0,1031.0,1299.0,83.0,0.0,0.0,0.0,0.0,1382.0,0.0,,0.0,649.0,82.48605530319706,62.895,p09
2019-12-08,1347.0,994.0,1227.0,120.0,0.0,0.0,0.0,0.0,1347.0,0.0,,0.0,817.0,83.21267355315703,74.17714285714285,p09
2019-12-09,1379.0,1024.0,1343.0,34.0,0.0,0.0,0.0,0.0,1377.0,0.0,,0.0,835.0,71.41018102323491,62.833333333333336,p09
2019-12-10,1227.0,886.0,1153.0,55.0,1.0,0.0,0.0,1.0,1209.0,0.0,,0.0,538.0,,,p09
2019-12-11,1284.0,925.0,1277.0,0.0,0.0,0.0,0.0,0.0,1277.0,0.0,,0.0,788.0,68.70808140322734,61.24166666666667,p09
2019-12-12,1386.0,1026.0,1363.0,19.0,0.0,0.0,0.0,0.0,1382.0,0.0,,0.0,786.0,76.60743558816078,64.125,p09
2019-12-13,1298.0,941.0,1207.0,90.0,0.0,0.0,0.0,0.0,1297.0,0.0,,0.0,914.0,81.70581857966978,66.11527777777778,p09
2019-12-14,1397.0,1040.0,1226.0,167.0,4.0,0.0,0.0,4.0,1397.0,0.0,,0.0,1028.0,86.31968728418146,73.57142857142857,p09
2019-12-15,1394.0,1035.0,1279.0,111.0,3.0,0.0,0.0,3.0,1393.0,0.0,,0.0,874.0,75.34857714114008,62.67666666666667,p09
2019-12-16,1083.0,727.0,1066.0,17.0,0.0,0.0,0.0,0.0,1083.0,0.0,,0.0,432.0,,,p09
2019-12-17,1411.0,1053.0,1371.0,40.0,0.0,0.0,0.0,0.0,1411.0,0.0,,0.0,1018.0,75.40462097114847,63.96666666666667,p09
2019-12-18,1348.0,995.0,1297.0,67.0,0.0,0.0,0.0,0.0,1364.0,0.0,,0.0,1069.0,76.2637341273216,65.33333333333333,p09
2019-12-19,1305.0,951.0,1251.0,33.0,2.0,0.0,0.0,2.0,1286.0,0.0,,0.0,813.0,72.81674241575372,62.63333333333333,p09
2019-12-20,1392.0,1034.0,1341.0,47.0,0.0,0.0,0.0,0.0,1388.0,0.0,,0.0,1073.0,68.42911665584079,59.44285714285714,p09
2019-12-21,1297.0,943.0,1116.0,179.0,0.0,0.0,0.0,0.0,1295.0,0.0,,0.0,938.0,78.08490659719337,60.86222222222222,p09
2019-12-22,1400.0,1040.0,1290.0,109.0,0.0,0.0,0.0,0.0,1399.0,0.0,,0.0,993.0,77.67062983452712,66.44285714285715,p09
2019-12-23,943.0,638.0,876.0,67.0,0.0,0.0,0.0,0.0,943.0,0.0,,0.0,759.0,73.92812098968226,60.71428571428572,p09
2019-12-24,1396.0,1039.0,1294.0,101.0,0.0,0.0,0.0,0.0,1395.0,0.0,,0.0,659.0,85.29671399667606,74.5111111111111,p09
2019-12-25,1424.0,1070.0,1359.0,65.0,0.0,0.0,0.0,0.0,1424.0,0.0,,0.0,938.0,73.58148412236898,58.5,p09
2019-12-26,1375.0,1015.0,1216.0,158.0,0.0,0.0,0.0,0.0,1374.0,0.0,,0.0,712.0,86.95506991058255,68.615,p09
2019-12-27,1395.0,1039.0,1318.0,79.0,0.0,0.0,0.0,0.0,1397.0,0.0,,0.0,850.0,76.70032327476446,64.1125,p09
2019-12-28,1395.0,1035.0,1330.0,61.0,1.0,0.0,0.0,1.0,1392.0,0.0,,0.0,699.0,80.27343540658991,68.53015873015873,p09
2019-12-29,1358.0,999.0,1332.0,25.0,0.0,0.0,0.0,0.0,1357.0,0.0,,0.0,833.0,73.77004321209003,65.71428571428571,p09
2019-12-30,1203.0,845.0,1177.0,84.0,0.0,0.0,0.0,0.0,1261.0,0.0,,0.0,461.0,,,p09
2019-12-31,601.0,601.0,434.0,104.0,2.0,0.0,0.0,2.0,540.0,0.0,,0.0,600.0,90.52523725348723,74.8675,p09
2020-01-01,878.0,519.0,784.0,152.0,0.0,0.0,0.0,0.0,936.0,0.0,,0.0,490.0,,,p09
2020-01-02,260.0,260.0,198.0,2.0,0.0,0.0,0.0,0.0,200.0,0.0,,0.0,260.0,,,p09
2020-01-03,1336.0,984.0,1248.0,90.0,0.0,0.0,0.0,0.0,1338.0,0.0,,0.0,882.0,78.43887036055403,67.50454545454545,p09
2020-01-04,1383.0,1025.0,1341.0,40.0,0.0,0.0,0.0,0.0,1381.0,0.0,,0.0,1057.0,75.5370101201227,63.0,p09
2020-01-05,1427.0,1071.0,1386.0,41.0,0.0,0.0,0.0,0.0,1427.0,0.0,,0.0,872.0,75.65949327812861,67.80571428571429,p09
2020-01-06,1003.0,647.0,983.0,15.0,0.0,0.0,0.0,0.0,998.0,0.0,,0.0,381.0,,,p09
2020-01-07,1169.0,834.0,1024.0,98.0,23.0,23.0,0.0,46.0,1168.0,35.13333333333333,166.0,35.0,833.0,84.60986472856385,67.54747474747475,p09
2020-01-08,1359.0,1003.0,1235.0,126.0,0.0,0.0,0.0,0.0,1361.0,0.0,,0.0,907.0,79.9532240820554,65.37333333333333,p09
2020-01-09,1001.0,645.0,940.0,58.0,0.0,0.0,0.0,0.0,998.0,0.0,,0.0,605.0,78.90116364351901,67.05714285714285,p09
2020-01-10,1426.0,1072.0,1356.0,70.0,1.0,0.0,0.0,1.0,1427.0,0.0,,0.0,860.0,81.12879580690627,68.39750000000001,p09
2020-01-11,1411.0,1051.0,887.0,492.0,26.0,2.0,0.0,28.0,1407.0,0.0,,0.0,988.0,97.98962411857148,82.3,p09
2020-01-12,1403.0,1043.0,1156.0,243.0,1.0,0.0,0.0,1.0,1400.0,0.0,,0.0,1010.0,83.77042093495064,65.65,p09
2020-01-13,1252.0,892.0,1210.0,41.0,0.0,0.0,0.0,0.0,1251.0,0.0,,0.0,487.0,,,p09
2020-01-14,750.0,596.0,762.0,2.0,0.0,0.0,0.0,0.0,764.0,0.0,,0.0,329.0,,,p09
2020-01-15,1411.0,1051.0,1298.0,97.0,0.0,0.0,0.0,0.0,1395.0,0.0,,0.0,1009.0,77.98723337008768,66.5,p09
2020-01-16,1226.0,868.0,1201.0,21.0,0.0,0.0,0.0,0.0,1222.0,0.0,,0.0,736.0,72.11962182971014,60.07142857142857,p09
2020-01-17,1371.0,1011.0,1221.0,148.0,0.0,0.0,0.0,0.0,1369.0,0.0,,0.0,1017.0,79.03624051301043,62.93333333333334,p09
2020-01-18,1332.0,973.0,1220.0,114.0,0.0,0.0,0.0,0.0,1334.0,0.0,,0.0,741.0,83.60476555608135,61.4,p09
2020-01-19,1389.0,1030.0,1067.0,298.0,19.0,0.0,0.0,19.0,1384.0,0.0,127.0,19.0,913.0,85.51444882244445,60.92,p09
2020-01-20,1096.0,736.0,1086.0,3.0,0.0,0.0,0.0,0.0,1089.0,0.0,,0.0,539.0,,,p09
2020-01-21,834.0,556.0,845.0,43.0,3.0,0.0,0.0,3.0,891.0,0.0,,0.0,598.0,,,p09
2020-01-22,942.0,942.0,842.0,47.0,0.0,0.0,0.0,0.0,889.0,0.0,,0.0,939.0,72.11974191942242,61.38666666666667,p09
2020-01-23,416.0,416.0,368.0,37.0,0.0,0.0,0.0,0.0,405.0,0.0,,0.0,415.0,,,p09
2020-01-24,1393.0,1033.0,1346.0,38.0,2.0,6.0,0.0,8.0,1392.0,0.0,,0.0,1119.0,69.68082722372071,57.42857142857143,p09
2020-01-25,1369.0,1012.0,1315.0,54.0,0.0,0.0,0.0,0.0,1369.0,0.0,,0.0,883.0,75.5315592831731,61.0,p09
2020-01-26,1423.0,1066.0,1340.0,84.0,0.0,0.0,0.0,0.0,1424.0,0.0,,0.0,961.0,73.56541023434885,61.5,p09
2020-01-27,1380.0,1025.0,1349.0,30.0,0.0,0.0,0.0,0.0,1379.0,0.0,,0.0,974.0,70.80759668405973,58.45,p09
2020-01-28,530.0,213.0,555.0,6.0,4.0,8.0,0.0,12.0,573.0,0.0,,0.0,,,,p09
2020-01-29,1341.0,994.0,1271.0,8.0,1.0,0.0,0.0,1.0,1280.0,0.0,,0.0,834.0,67.93675790968956,59.1375,p09
2020-01-30,1379.0,1019.0,1323.0,55.0,0.0,0.0,0.0,0.0,1378.0,0.0,,0.0,1159.0,73.84838866913931,59.48,p09
2020-01-31,1071.0,711.0,1071.0,0.0,0.0,0.0,0.0,0.0,1071.0,0.0,,0.0,513.0,,,p09
2020-02-01,1388.0,1029.0,1245.0,139.0,3.0,0.0,0.0,3.0,1387.0,0.0,,0.0,996.0,80.2154838328784,57.44155844155844,p09
2020-02-02,1181.0,825.0,1075.0,163.0,2.0,0.0,0.0,2.0,1240.0,0.0,125.0,2.0,728.0,78.65027076098504,62.65416666666667,p09
2020-02-03,1291.0,1029.0,1217.0,17.0,0.0,0.0,0.0,0.0,1234.0,0.0,,0.0,827.0,69.21771777194994,60.54285714285714,p09
2020-02-04,1422.0,1062.0,1387.0,32.0,0.0,0.0,0.0,0.0,1419.0,0.0,,0.0,1005.0,63.23672998643148,55.448484848484846,p09
2020-02-05,1385.0,1025.0,1336.0,47.0,0.0,0.0,0.0,0.0,1383.0,0.0,,0.0,1060.0,72.37016659179396,57.71428571428572,p09
2020-02-06,1378.0,1074.0,1330.0,46.0,0.0,0.0,0.0,0.0,1376.0,0.0,,0.0,1120.0,74.41230029890744,65.11,p09
2020-02-07,893.0,533.0,930.0,21.0,0.0,0.0,0.0,0.0,951.0,0.0,,0.0,437.0,,,p09
2020-02-08,31.0,31.0,,,,,,,,0.0,,0.0,31.0,,,p09
2020-02-09,1429.0,1072.0,1360.0,36.0,3.0,0.0,0.0,3.0,1399.0,0.0,,0.0,962.0,62.198670361170365,54.43015873015873,p09
2020-02-10,1060.0,702.0,1070.0,41.0,0.0,0.0,0.0,0.0,1111.0,0.0,,0.0,741.0,67.0993472414525,57.66666666666666,p09
2020-02-11,1256.0,946.0,1162.0,34.0,0.0,0.0,0.0,0.0,1196.0,0.0,,0.0,806.0,65.43864437533793,51.2,p09
2020-02-12,1377.0,1019.0,1323.0,53.0,0.0,0.0,0.0,0.0,1376.0,0.0,,0.0,959.0,71.16117498536684,60.55555555555556,p09
2020-02-13,1397.0,1037.0,1370.0,26.0,0.0,0.0,0.0,0.0,1396.0,0.0,,0.0,1046.0,66.53532653080931,57.81666666666666,p09
2020-02-14,1397.0,1042.0,1305.0,89.0,0.0,0.0,0.0,0.0,1394.0,0.0,,0.0,1023.0,76.70816198572797,62.02222222222223,p09
2020-02-15,815.0,458.0,842.0,31.0,0.0,0.0,0.0,0.0,873.0,0.0,,0.0,482.0,,,p09
2020-02-16,490.0,133.0,489.0,0.0,0.0,0.0,0.0,0.0,489.0,0.0,,0.0,59.0,,,p09
2020-02-17,785.0,505.0,785.0,0.0,0.0,0.0,0.0,0.0,785.0,0.0,,0.0,92.0,,,p09
2020-02-18,1143.0,895.0,1113.0,28.0,0.0,0.0,0.0,0.0,1141.0,0.0,,0.0,694.0,69.89215866986041,57.34583333333333,p09
2020-02-19,808.0,808.0,720.0,27.0,0.0,0.0,0.0,0.0,747.0,0.0,,0.0,807.0,67.48278813985134,57.0,p09
2020-02-20,698.0,623.0,687.0,26.0,0.0,0.0,0.0,0.0,713.0,0.0,,0.0,695.0,68.05140350057617,58.25,p09
2020-02-21,1214.0,855.0,1216.0,35.0,0.0,0.0,0.0,0.0,1251.0,0.0,,0.0,750.0,65.2800694083694,53.86527777777778,p09
2020-02-22,632.0,632.0,440.0,135.0,0.0,0.0,0.0,0.0,575.0,0.0,,0.0,632.0,87.1957336703381,64.10428571428571,p09
2020-02-23,1391.0,1031.0,1232.0,158.0,0.0,0.0,0.0,0.0,1390.0,0.0,,0.0,1046.0,78.26965544546806,65.66666666666667,p09
2020-02-24,1322.0,965.0,1277.0,34.0,0.0,0.0,0.0,0.0,1311.0,0.0,,0.0,958.0,70.45485706302512,54.86964285714286,p09
2020-02-25,1412.0,1052.0,1292.0,117.0,0.0,0.0,0.0,0.0,1409.0,0.0,,0.0,943.0,80.42953700005661,63.28,p09
2020-02-26,1064.0,704.0,1093.0,28.0,0.0,0.0,0.0,0.0,1121.0,0.0,,0.0,590.0,,,p09
2020-02-27,719.0,393.0,695.0,14.0,0.0,0.0,0.0,0.0,709.0,0.0,,0.0,60.0,,,p09
2020-02-28,642.0,642.0,509.0,72.0,1.0,0.0,0.0,1.0,582.0,0.0,,0.0,642.0,83.10176379954417,72.4,p09
2020-02-29,1414.0,1069.0,1131.0,281.0,0.0,0.0,0.0,0.0,1412.0,0.0,,0.0,1010.0,89.81905079793694,73.74642857142857,p09
2020-03-01,1174.0,814.0,1144.0,67.0,0.0,0.0,0.0,0.0,1211.0,0.0,,0.0,654.0,76.87927185794157,65.715,p09
2020-03-02,1191.0,833.0,1114.0,93.0,0.0,0.0,0.0,0.0,1207.0,0.0,,0.0,726.0,74.41969980203451,59.55555555555556,p09
2020-03-03,1344.0,1072.0,1262.0,20.0,0.0,0.0,0.0,0.0,1282.0,0.0,,0.0,952.0,69.63556809087271,58.12678571428572,p09
2020-03-04,1404.0,1044.0,1319.0,108.0,0.0,0.0,0.0,0.0,1427.0,0.0,,0.0,876.0,78.20111321960637,63.5,p09
2020-03-05,1217.0,857.0,1168.0,25.0,0.0,0.0,0.0,0.0,1193.0,0.0,,0.0,718.0,74.23002658900987,64.82333333333332,p09
2020-03-06,1371.0,1012.0,1360.0,8.0,0.0,0.0,0.0,0.0,1368.0,0.0,,0.0,890.0,64.71381917084165,56.725974025974025,p09
2020-03-07,1414.0,1056.0,1163.0,233.0,10.0,6.0,0.0,16.0,1412.0,0.0,124.58381771681005,12.0,821.0,83.94538340601069,55.57142857142857,p09
2020-03-08,1223.0,864.0,1003.0,218.0,2.0,0.0,0.0,2.0,1223.0,0.0,,0.0,790.0,84.0859943467222,68.99,p09
2020-03-09,866.0,508.0,922.0,3.0,0.0,0.0,0.0,0.0,925.0,0.0,,0.0,296.0,,,p09
2020-03-10,587.0,587.0,548.0,39.0,0.0,0.0,0.0,0.0,587.0,0.0,,0.0,587.0,,,p09
2020-03-11,634.0,400.0,634.0,0.0,0.0,0.0,0.0,0.0,634.0,0.0,,0.0,60.0,,,p09
2020-03-12,1301.0,1072.0,1239.0,1.0,0.0,0.0,0.0,0.0,1240.0,0.0,,0.0,753.0,63.999527287674695,56.81142857142857,p09
2020-03-13,1168.0,813.0,1169.0,59.0,0.0,0.0,0.0,0.0,1228.0,0.0,,0.0,626.0,76.49310724773983,60.3125,p09
2020-03-14,0.0,0.0,,,,,,,,0.0,,0.0,,,,p09
2020-03-15,446.0,446.0,343.0,44.0,1.0,0.0,0.0,1.0,388.0,0.0,,0.0,446.0,,,p09
2020-03-16,1428.0,1076.0,1400.0,26.0,0.0,0.0,0.0,0.0,1426.0,0.0,,0.0,754.0,73.99717232001714,65.45,p09
2020-03-17,1278.0,922.0,1274.0,64.0,0.0,0.0,0.0,0.0,1338.0,0.0,,0.0,804.0,75.61655157653293,59.9,p09
2020-03-18,932.0,932.0,858.0,14.0,0.0,0.0,0.0,0.0,872.0,0.0,,0.0,929.0,68.74467409758044,61.13650793650794,p09
2020-03-19,1431.0,1072.0,1384.0,43.0,0.0,0.0,0.0,0.0,1427.0,0.0,,0.0,858.0,74.82166827280463,64.8625,p09
2020-03-20,1412.0,1054.0,1076.0,334.0,2.0,0.0,0.0,2.0,1412.0,0.0,,0.0,829.0,87.8147145677001,64.8457142857143,p09
2020-03-21,1426.0,1073.0,1371.0,54.0,0.0,0.0,0.0,0.0,1425.0,0.0,,0.0,940.0,72.0791341991342,63.16428571428571,p09
2020-03-22,1430.0,1072.0,1427.0,1.0,0.0,0.0,0.0,0.0,1428.0,0.0,,0.0,660.0,68.67228939831213,61.333333333333336,p09
2020-03-23,894.0,538.0,949.0,4.0,0.0,0.0,0.0,0.0,953.0,0.0,,0.0,245.0,,,p09
2020-03-24,778.0,778.0,714.0,2.0,0.0,0.0,0.0,0.0,716.0,0.0,,0.0,555.0,,,p09
2020-03-25,712.0,352.0,764.0,8.0,0.0,0.0,0.0,0.0,772.0,0.0,,0.0,227.0,,,p09
2020-03-26,1336.0,1049.0,1219.0,56.0,0.0,0.0,0.0,0.0,1275.0,0.0,,0.0,748.0,70.47615107337701,58.235,p09
2020-03-27,1146.0,789.0,1196.0,10.0,0.0,0.0,0.0,0.0,1206.0,0.0,,0.0,604.0,63.38447083178043,57.175,p09
2020-03-28,692.0,692.0,420.0,137.0,11.0,63.0,0.0,74.0,631.0,0.0,,0.0,583.0,,,p09
2020-03-29,1430.0,1070.0,1330.0,36.0,3.0,0.0,0.0,3.0,1369.0,0.0,,0.0,887.0,73.39403749200818,64.72207792207793,p09
2020-03-30,1312.0,952.0,1309.0,4.0,0.0,0.0,0.0,0.0,1313.0,0.0,,0.0,692.0,61.936952253751386,54.0125,p09
2020-03-31,726.0,368.0,840.0,3.0,0.0,0.0,0.0,0.0,843.0,0.0,,0.0,347.0,,,p09
2019-11-05,0.0,0.0,,,,,,,,0.0,,0.0,,,,p10
2019-11-06,0.0,0.0,,,,,,,,0.0,,0.0,,,,p10
2019-11-07,300.0,300.0,122.0,74.0,16.0,28.0,0.0,44.0,240.0,30.25,167.0,31.0,210.0,,,p10
2019-11-08,1428.0,1068.0,1265.0,158.0,5.0,0.0,0.0,5.0,1428.0,0.0,,5.0,942.0,81.13293654623273,70.17,p10
2019-11-09,1403.0,1049.0,1112.0,280.0,6.0,4.0,0.0,10.0,1402.0,7.0,150.0,6.0,888.0,82.98039646012472,62.25,p10
2019-11-10,1387.0,1027.0,1125.0,224.0,14.0,27.0,0.0,41.0,1390.0,26.733333333333334,168.0,30.0,779.0,88.54287424701585,67.88888888888889,p10
2019-11-11,1267.0,909.0,1046.0,213.0,0.0,0.0,0.0,0.0,1259.0,0.0,,0.0,840.0,81.06555130385487,67.37083333333334,p10
2019-11-12,1371.0,1012.0,1122.0,218.0,19.0,9.0,0.0,28.0,1368.0,11.5,158.0,11.0,876.0,83.02045420769794,64.73015873015873,p10
2019-11-13,1423.0,1065.0,1269.0,151.0,3.0,0.0,0.0,3.0,1423.0,0.0,,2.0,973.0,79.81524494689963,69.68333333333334,p10
2019-11-14,1425.0,1065.0,1319.0,105.0,0.0,0.0,0.0,0.0,1424.0,0.0,,0.0,935.0,75.72022887391871,62.641666666666666,p10
2019-11-15,1396.0,1037.0,1266.0,120.0,3.0,5.0,0.0,8.0,1394.0,0.0,,6.0,978.0,77.66129487985316,65.5,p10
2019-11-16,1418.0,1061.0,1145.0,272.0,3.0,0.0,0.0,3.0,1420.0,0.0,,0.0,849.0,84.8283511541462,64.4888888888889,p10
2019-11-17,1418.0,1064.0,1279.0,132.0,3.0,0.0,0.0,3.0,1414.0,0.0,116.00000000000001,2.0,894.0,77.98768658944833,64.66666666666667,p10
2019-11-18,1410.0,1051.0,1126.0,281.0,3.0,0.0,0.0,3.0,1410.0,0.0,,3.0,864.0,86.3958661098418,74.5875,p10
2019-11-19,1383.0,1028.0,1096.0,268.0,14.0,4.0,0.0,18.0,1382.0,5.283333333333333,156.0,8.0,921.0,84.56956469005169,70.375,p10
2019-11-20,1419.0,1061.0,936.0,483.0,0.0,0.0,0.0,0.0,1419.0,0.0,,0.0,998.0,89.38064957476281,78.28571428571429,p10
2019-11-21,1417.0,1060.0,1185.0,232.0,1.0,0.0,0.0,1.0,1418.0,0.0,,0.0,908.0,83.1186886962768,70.5,p10
2019-11-22,1214.0,856.0,918.0,284.0,0.0,9.0,0.0,9.0,1211.0,0.0,,9.0,816.0,88.22767463677391,74.69047619047619,p10
2019-11-23,1254.0,896.0,760.0,452.0,20.0,18.0,0.0,38.0,1250.0,17.6,174.0,18.0,841.0,96.45158368804393,77.44444444444444,p10
2019-11-24,1384.0,1025.0,1172.0,211.0,0.0,0.0,0.0,0.0,1383.0,0.0,,0.0,764.0,82.08873665601415,66.20238095238096,p10
2019-11-25,1416.0,1058.0,1202.0,210.0,2.0,0.0,0.0,2.0,1414.0,0.0,,1.0,969.0,82.21320037318489,68.68888888888888,p10
2019-11-26,1371.0,1013.0,982.0,382.0,7.0,4.0,0.0,11.0,1375.0,5.366666666666666,150.0,5.0,940.0,89.66240434681119,77.0,p10
2019-11-27,1399.0,1045.0,1335.0,60.0,0.0,0.0,0.0,0.0,1395.0,0.0,,0.0,919.0,75.94851440724672,66.38666666666667,p10
2019-11-28,1417.0,1059.0,1138.0,278.0,1.0,0.0,0.0,1.0,1417.0,0.0,,1.0,942.0,82.045561928046,64.13472222222222,p10
2019-11-29,1274.0,917.0,1085.0,188.0,0.0,0.0,0.0,0.0,1273.0,0.0,,0.0,790.0,83.83549578059072,70.42857142857143,p10
2019-11-30,1248.0,893.0,763.0,415.0,62.0,6.0,0.0,68.0,1246.0,0.0,,0.0,543.0,,,p10
2019-12-01,1422.0,1064.0,663.0,681.0,73.0,1.0,0.0,74.0,1418.0,0.0,,0.0,1346.0,90.4479662363392,67.5,p10
2019-12-02,1398.0,1042.0,1206.0,194.0,0.0,0.0,0.0,0.0,1400.0,0.0,,0.0,965.0,79.14054632184167,63.76111111111111,p10
2019-12-03,1355.0,997.0,1138.0,195.0,6.0,11.0,0.0,17.0,1350.0,11.933333333333334,159.0,11.0,897.0,81.99785618125253,68.74666666666667,p10
2019-12-04,1423.0,1063.0,1155.0,266.0,0.0,0.0,0.0,0.0,1421.0,0.0,,0.0,957.0,85.17999252866025,73.75,p10
2019-12-05,1432.0,1072.0,1038.0,390.0,6.0,0.0,0.0,6.0,1434.0,0.0,,1.0,909.0,89.36569573624028,75.0,p10
2019-12-06,1413.0,1056.0,942.0,450.0,22.0,0.0,0.0,22.0,1414.0,0.0,,0.0,935.0,91.24996261314442,77.15238095238095,p10
2019-12-07,1423.0,1068.0,1037.0,384.0,2.0,0.0,0.0,2.0,1423.0,0.0,,0.0,740.0,90.94936805311804,73.6225,p10
2019-12-08,1379.0,1024.0,956.0,369.0,24.0,26.0,0.0,50.0,1375.0,30.166666666666668,169.0,30.0,871.0,91.60326145603204,69.85714285714286,p10
2019-12-09,1401.0,1046.0,1229.0,164.0,1.0,1.0,0.0,2.0,1395.0,0.0,,0.0,991.0,77.79626694361811,63.16666666666666,p10
2019-12-10,1420.0,1060.0,1136.0,245.0,21.0,19.0,0.0,40.0,1421.0,35.86666666666667,150.0,27.0,894.0,87.13509965831905,69.69166666666668,p10
2019-12-11,1420.0,1062.0,1326.0,91.0,0.0,0.0,0.0,0.0,1417.0,0.0,,0.0,955.0,76.90930928582762,67.87792207792208,p10
2019-12-12,1266.0,907.0,1117.0,141.0,6.0,0.0,0.0,6.0,1264.0,0.0,,0.0,796.0,80.21559157620716,66.30952380952381,p10
2019-12-13,1427.0,1068.0,1075.0,351.0,2.0,0.0,0.0,2.0,1428.0,0.0,,1.0,895.0,85.43446584762226,70.11111111111111,p10
2019-12-14,1422.0,1064.0,929.0,479.0,8.0,2.0,0.0,10.0,1418.0,0.0,,1.0,812.0,91.27326115660476,73.17857142857143,p10
2019-12-15,1411.0,1056.0,982.0,427.0,2.0,0.0,0.0,2.0,1411.0,0.0,,0.0,862.0,90.63226987307614,78.50714285714285,p10
2019-12-16,1414.0,1056.0,1255.0,159.0,0.0,0.0,0.0,0.0,1414.0,0.0,,0.0,709.0,84.25814359594331,74.24,p10
2019-12-17,1381.0,1037.0,1219.0,159.0,1.0,0.0,0.0,1.0,1379.0,0.0,,0.0,863.0,79.98118513390818,67.025,p10
2019-12-18,1368.0,1016.0,1158.0,207.0,0.0,0.0,0.0,0.0,1365.0,0.0,,0.0,890.0,80.3755239392318,65.74642857142857,p10
2019-12-19,1404.0,1047.0,1130.0,270.0,1.0,0.0,0.0,1.0,1401.0,0.0,,0.0,909.0,84.01674667466747,71.85238095238095,p10
2019-12-20,1411.0,1051.0,1203.0,202.0,1.0,0.0,0.0,1.0,1406.0,0.0,,1.0,845.0,81.70357407549716,69.45714285714286,p10
2019-12-21,1413.0,1057.0,947.0,469.0,0.0,0.0,0.0,0.0,1416.0,0.0,,0.0,891.0,90.11088931644488,71.16666666666667,p10
2019-12-22,1297.0,937.0,997.0,325.0,1.0,0.0,0.0,1.0,1323.0,0.0,,1.0,815.0,86.71442974884692,68.5,p10
2019-12-23,876.0,876.0,363.0,482.0,1.0,0.0,0.0,1.0,846.0,0.0,,0.0,875.0,92.86940713255,76.04444444444445,p10
2019-12-24,925.0,571.0,674.0,305.0,2.0,0.0,0.0,2.0,981.0,0.0,,1.0,347.0,,,p10
2019-12-25,555.0,555.0,296.0,218.0,0.0,0.0,0.0,0.0,514.0,0.0,,0.0,554.0,,,p10
2019-12-26,780.0,778.0,561.0,199.0,0.0,0.0,0.0,0.0,760.0,0.0,,0.0,778.0,83.35498433657175,71.61749999999999,p10
2019-12-27,1383.0,1028.0,1133.0,247.0,0.0,0.0,0.0,0.0,1380.0,0.0,,0.0,851.0,83.19462753267102,68.4,p10
2019-12-28,1409.0,1054.0,1096.0,306.0,6.0,0.0,0.0,6.0,1408.0,0.0,106.0,1.0,903.0,86.76392200760972,71.53333333333333,p10
2019-12-29,1424.0,1068.0,949.0,459.0,17.0,0.0,0.0,17.0,1425.0,0.0,,0.0,929.0,91.87487554306716,77.0,p10
2019-12-30,1420.0,1062.0,974.0,440.0,5.0,0.0,0.0,5.0,1419.0,0.0,,0.0,793.0,90.77350973252612,76.85714285714286,p10
2019-12-31,1423.0,1068.0,1033.0,377.0,13.0,0.0,0.0,13.0,1423.0,0.0,0.0,0.0,787.0,91.87962374699984,74.7030303030303,p10
2020-01-01,1015.0,657.0,883.0,129.0,1.0,0.0,0.0,1.0,1013.0,0.0,,0.0,232.0,,,p10
2020-01-02,1240.0,883.0,933.0,352.0,14.0,0.0,0.0,14.0,1299.0,0.0,,9.0,657.0,93.33142992218336,74.0,p10
2020-01-03,871.0,871.0,140.0,658.0,37.0,29.0,0.0,66.0,864.0,29.783333333333335,174.0,29.0,864.0,102.30899043622482,83.75909090909092,p10
2020-01-04,732.0,732.0,375.0,301.0,2.0,0.0,0.0,2.0,678.0,0.0,,1.0,731.0,89.46995354167036,72.66666666666667,p10
2020-01-05,6.0,6.0,53.0,6.0,0.0,0.0,0.0,0.0,59.0,0.0,,0.0,6.0,,,p10
2020-01-06,899.0,899.0,597.0,224.0,15.0,31.0,0.0,46.0,867.0,29.966666666666665,177.0,29.0,897.0,88.98880839416151,73.0,p10
2020-01-07,1385.0,1028.0,1125.0,235.0,0.0,0.0,0.0,0.0,1360.0,0.0,,0.0,950.0,83.47980219488115,71.4232142857143,p10
2020-01-08,1383.0,1025.0,968.0,401.0,8.0,0.0,0.0,8.0,1377.0,0.0,,0.0,974.0,88.9284246839175,71.0,p10
2020-01-09,1247.0,887.0,1180.0,122.0,1.0,0.0,0.0,1.0,1303.0,0.0,,0.0,761.0,79.38625180849228,70.28571428571429,p10
2020-01-10,907.0,907.0,354.0,464.0,25.0,1.0,0.0,26.0,844.0,0.0,,7.0,904.0,96.76080475264656,82.6075,p10
2020-01-11,836.0,477.0,621.0,270.0,0.0,0.0,0.0,0.0,891.0,0.0,,0.0,325.0,,,p10
2020-01-12,821.0,808.0,445.0,312.0,5.0,0.0,0.0,5.0,762.0,0.0,,4.0,817.0,88.08755583461826,70.75,p10
2020-01-13,1366.0,1012.0,1044.0,268.0,29.0,17.0,0.0,46.0,1358.0,21.85,161.0,22.0,902.0,88.76900254224317,73.21333333333334,p10
2020-01-14,1404.0,1047.0,1212.0,184.0,5.0,0.0,0.0,5.0,1401.0,0.0,,1.0,878.0,82.51757519878248,72.33333333333333,p10
2020-01-15,1389.0,1033.0,1213.0,170.0,3.0,1.0,0.0,4.0,1387.0,0.0,,0.0,902.0,81.63805876311419,70.0,p10
2020-01-16,1184.0,824.0,1027.0,132.0,10.0,14.0,0.0,24.0,1183.0,20.783333333333335,154.0,20.0,751.0,82.71541404293501,69.44444444444444,p10
2020-01-17,1397.0,1041.0,1117.0,272.0,2.0,0.0,0.0,2.0,1391.0,0.0,,0.0,892.0,86.23869229611942,73.43015873015874,p10
2020-01-18,1411.0,1058.0,830.0,579.0,1.0,0.0,0.0,1.0,1410.0,0.0,,0.0,868.0,88.53125203649398,74.86964285714286,p10
2020-01-19,1295.0,935.0,994.0,330.0,24.0,1.0,0.0,25.0,1349.0,0.0,,0.0,803.0,90.77937554696584,76.0,p10
2020-01-20,847.0,847.0,499.0,283.0,5.0,0.0,0.0,5.0,787.0,0.0,,2.0,837.0,87.39331012807716,73.83428571428571,p10
2020-01-21,1407.0,1049.0,1032.0,344.0,10.0,15.0,0.0,25.0,1401.0,6.783333333333333,143.0,9.0,900.0,87.59189184108074,66.16428571428573,p10
2020-01-22,1386.0,1027.0,1180.0,210.0,0.0,0.0,0.0,0.0,1390.0,0.0,,0.0,900.0,82.43308986692321,68.4875,p10
2020-01-23,1337.0,981.0,1104.0,222.0,2.0,0.0,0.0,2.0,1328.0,0.0,,2.0,926.0,83.50636354286463,71.29285714285714,p10
2020-01-24,1392.0,1036.0,1159.0,219.0,6.0,0.0,0.0,6.0,1384.0,0.0,,5.0,910.0,84.84310261167404,70.86022727272727,p10
2020-01-25,1401.0,1046.0,1066.0,332.0,3.0,0.0,0.0,3.0,1401.0,0.0,,2.0,857.0,88.18102095298711,74.73571428571428,p10
2020-01-26,1389.0,1041.0,1089.0,280.0,7.0,0.0,0.0,7.0,1376.0,0.0,,6.0,919.0,84.13498057679233,66.1,p10
2020-01-27,1374.0,1015.0,1044.0,297.0,12.0,19.0,0.0,31.0,1372.0,0.0,,0.0,966.0,89.42493094954276,76.0,p10
2020-01-28,1408.0,1053.0,1180.0,211.0,15.0,0.0,0.0,15.0,1406.0,0.0,,0.0,986.0,83.55136284737019,70.78571428571428,p10
2020-01-29,1184.0,833.0,1028.0,155.0,1.0,0.0,0.0,1.0,1184.0,0.0,,1.0,762.0,80.3281479019668,65.73174603174603,p10
2020-01-30,1416.0,1057.0,1214.0,198.0,2.0,0.0,0.0,2.0,1414.0,0.0,,1.0,929.0,80.53258057275819,68.54444444444445,p10
2020-01-31,1394.0,1034.0,1219.0,160.0,8.0,0.0,0.0,8.0,1387.0,0.0,,0.0,980.0,79.28616533409901,64.6,p10
2020-02-01,1374.0,1018.0,1014.0,340.0,14.0,0.0,0.0,14.0,1368.0,0.0,,6.0,838.0,88.61434533710786,71.0,p10
2020-02-02,1379.0,1025.0,1130.0,235.0,7.0,0.0,0.0,7.0,1372.0,0.0,,6.0,844.0,83.7537406478461,70.0,p10
2020-02-03,1413.0,1056.0,1123.0,265.0,5.0,14.0,0.0,19.0,1407.0,0.0,,0.0,946.0,83.6920108667466,66.05,p10
2020-02-04,1368.0,1008.0,1120.0,215.0,21.0,1.0,0.0,22.0,1357.0,0.0,,2.0,874.0,81.80487491786118,65.87916666666666,p10
2020-02-05,1230.0,871.0,1039.0,184.0,4.0,0.0,0.0,4.0,1227.0,0.0,,3.0,767.0,82.9278819579667,70.89555555555556,p10
2020-02-06,1418.0,1061.0,1125.0,291.0,1.0,0.0,0.0,1.0,1417.0,0.0,,0.0,846.0,87.04371846632485,73.83333333333333,p10
2020-02-07,1390.0,1033.0,1064.0,304.0,23.0,0.0,0.0,23.0,1391.0,0.0,,18.0,928.0,88.43469059842373,73.81428571428572,p10
2020-02-08,1069.0,716.0,881.0,174.0,10.0,1.0,0.0,11.0,1066.0,0.0,,0.0,607.0,87.14874486213036,74.37333333333333,p10
2020-02-09,1375.0,1024.0,967.0,363.0,17.0,10.0,0.0,27.0,1357.0,80.36666666666666,114.0,13.0,865.0,90.23963450308034,68.0,p10
2020-02-10,1240.0,905.0,785.0,434.0,18.0,0.0,0.0,18.0,1237.0,0.0,,0.0,859.0,91.56654643054527,70.96666666666667,p10
2020-02-11,933.0,577.0,750.0,237.0,1.0,0.0,0.0,1.0,988.0,0.0,,0.0,530.0,,,p10
2020-02-12,876.0,876.0,480.0,297.0,22.0,12.0,0.0,34.0,811.0,22.066666666666666,148.0,23.0,827.0,90.88030003913278,71.28,p10
2020-02-13,1012.0,656.0,868.0,173.0,17.0,3.0,0.0,20.0,1061.0,0.0,,14.0,592.0,,,p10
2020-02-14,919.0,632.0,597.0,311.0,10.0,0.0,0.0,10.0,918.0,0.0,,2.0,588.0,,,p10
2020-02-15,656.0,651.0,344.0,279.0,4.0,0.0,0.0,4.0,627.0,0.0,,3.0,654.0,91.64415380321344,78.0,p10
2020-02-16,1349.0,991.0,1059.0,221.0,13.0,14.0,0.0,27.0,1307.0,0.0,,13.0,750.0,86.14125754355146,67.0,p10
2020-02-17,1381.0,1024.0,1134.0,242.0,0.0,0.0,0.0,0.0,1376.0,0.0,,0.0,822.0,84.20932236862895,73.25,p10
2020-02-18,1367.0,1011.0,1020.0,315.0,6.0,18.0,0.0,24.0,1359.0,19.166666666666668,159.0,20.0,854.0,88.05606538938308,69.17121212121212,p10
2020-02-19,1393.0,1033.0,1051.0,303.0,9.0,27.0,0.0,36.0,1390.0,0.0,166.0,35.0,872.0,87.28915832883781,71.0,p10
2020-02-20,1379.0,1019.0,1192.0,156.0,21.0,2.0,0.0,23.0,1371.0,32.95,134.0,23.0,851.0,82.40641875306201,69.42857142857143,p10
2020-02-21,1302.0,943.0,995.0,290.0,14.0,0.0,0.0,14.0,1299.0,0.0,,10.0,919.0,84.01820293719096,68.3,p10
2020-02-22,1334.0,976.0,1053.0,287.0,11.0,13.0,0.0,24.0,1364.0,0.0,163.0,18.0,793.0,89.25408657948407,70.33333333333333,p10
2020-02-23,1015.0,1015.0,719.0,253.0,6.0,0.0,0.0,6.0,978.0,0.0,,1.0,1013.0,85.54867637024597,73.2,p10
2020-02-24,1382.0,1026.0,847.0,505.0,19.0,2.0,0.0,21.0,1373.0,0.0,,0.0,1008.0,88.7937386907625,68.55,p10
2020-02-25,1410.0,1055.0,1070.0,319.0,19.0,0.0,0.0,19.0,1408.0,0.0,,1.0,915.0,88.89834184940743,74.0,p10
2020-02-26,1201.0,844.0,857.0,330.0,12.0,0.0,0.0,12.0,1199.0,0.0,,0.0,703.0,89.01187253555675,68.64285714285714,p10
2020-02-27,1267.0,910.0,964.0,288.0,15.0,0.0,0.0,15.0,1267.0,0.0,,0.0,712.0,89.38127209089288,71.35555555555555,p10
2020-02-28,429.0,75.0,470.0,18.0,0.0,0.0,0.0,0.0,488.0,0.0,,0.0,13.0,,,p10
2020-02-29,0.0,0.0,,,,,,,,0.0,,0.0,,,,p10
2020-03-01,0.0,0.0,,,,,,,,0.0,,0.0,,,,p10
2020-03-02,0.0,0.0,,,,,,,,0.0,,0.0,,,,p10
2020-03-03,0.0,0.0,,,,,,,,0.0,,0.0,,,,p10
2020-03-04,0.0,0.0,,,,,,,,0.0,,0.0,,,,p10
2020-03-05,0.0,0.0,,,,,,,,0.0,,0.0,,,,p10
2020-03-06,0.0,0.0,,,,,,,,0.0,,0.0,,,,p10
2020-03-07,0.0,0.0,,,,,,,,0.0,,0.0,,,,p10
2020-03-08,0.0,0.0,,,,,,,,0.0,,0.0,,,,p10
2020-03-09,0.0,0.0,,,,,,,,0.0,,0.0,,,,p10
2020-03-10,0.0,0.0,,,,,,,,0.0,,0.0,,,,p10
2020-03-11,0.0,0.0,,,,,,,,0.0,,0.0,,,,p10
2020-03-12,0.0,0.0,,,,,,,,0.0,,0.0,,,,p10
2020-03-13,0.0,0.0,,,,,,,,0.0,,0.0,,,,p10
2020-03-14,0.0,0.0,,,,,,,,0.0,,0.0,,,,p10
2020-03-15,0.0,0.0,,,,,,,,0.0,,0.0,,,,p10
2020-03-16,0.0,0.0,,,,,,,,0.0,,0.0,,,,p10
2020-03-17,0.0,0.0,,,,,,,,0.0,,0.0,,,,p10
2020-03-18,0.0,0.0,,,,,,,,0.0,,0.0,,,,p10
2020-03-19,0.0,0.0,,,,,,,,0.0,,0.0,,,,p10
2020-03-20,0.0,0.0,,,,,,,,0.0,,0.0,,,,p10
2020-03-21,0.0,0.0,,,,,,,,0.0,,0.0,,,,p10
2020-03-22,0.0,0.0,,,,,,,,0.0,,0.0,,,,p10
2020-03-23,0.0,0.0,,,,,,,,0.0,,0.0,,,,p10
2020-03-24,0.0,0.0,,,,,,,,0.0,,0.0,,,,p10
2020-03-25,0.0,0.0,,,,,,,,0.0,,0.0,,,,p10
2020-03-26,0.0,0.0,,,,,,,,0.0,,0.0,,,,p10
2020-03-27,0.0,0.0,,,,,,,,0.0,,0.0,,,,p10
2020-03-28,0.0,0.0,,,,,,,,0.0,,0.0,,,,p10
2020-03-29,0.0,0.0,,,,,,,,0.0,,0.0,,,,p10
2020-03-30,0.0,0.0,,,,,,,,0.0,,0.0,,,,p10
2020-03-31,0.0,0.0,,,,,,,,0.0,,0.0,,,,p10
2019-11-01,0.0,0.0,,,,,,,,0.0,,0.0,,,,p11
2019-11-02,0.0,0.0,,,,,,,,0.0,,0.0,,,,p11
2019-11-03,0.0,0.0,,,,,,,,0.0,,0.0,,,,p11
2019-11-04,0.0,0.0,,,,,,,,0.0,,0.0,,,,p11
2019-11-05,0.0,0.0,,,,,,,,0.0,,0.0,,,,p11
2019-11-06,0.0,0.0,,,,,,,,0.0,,0.0,,,,p11
2019-11-07,0.0,0.0,,,,,,,,0.0,,0.0,,,,p11
2019-11-08,0.0,0.0,,,,,,,,0.0,,0.0,,,,p11
2019-11-09,0.0,0.0,,,,,,,,0.0,,0.0,,,,p11
2019-11-10,0.0,0.0,,,,,,,,0.0,,0.0,,,,p11
2019-11-11,5.0,5.0,1.0,0.0,0.0,0.0,0.0,0.0,1.0,0.0,,0.0,1.0,,,p11
2019-11-12,3.0,3.0,3.0,0.0,0.0,0.0,0.0,0.0,3.0,0.0,,0.0,3.0,,,p11
2019-11-13,0.0,0.0,,,,,,,,0.0,,0.0,,,,p11
2019-11-14,1.0,1.0,1.0,0.0,0.0,0.0,0.0,0.0,1.0,0.0,,0.0,1.0,,,p11
2019-11-15,1114.0,1072.0,958.0,96.0,0.0,0.0,0.0,0.0,1054.0,0.0,,0.0,1113.0,84.10244956949808,65.25,p11
2019-11-16,1434.0,1075.0,1254.0,175.0,3.0,0.0,0.0,3.0,1432.0,0.0,123.0,2.0,878.0,95.36403314794543,76.85714285714286,p11
2019-11-17,1423.0,1069.0,1246.0,175.0,2.0,0.0,0.0,2.0,1423.0,0.0,,0.0,921.0,81.91801526980679,64.66666666666667,p11
2019-11-18,1421.0,1061.0,1221.0,163.0,15.0,16.0,0.0,31.0,1415.0,43.916666666666664,154.0,30.0,986.0,89.1057389185827,68.75,p11
2019-11-19,1425.0,1070.0,1274.0,139.0,12.0,0.0,0.0,12.0,1425.0,51.016666666666666,128.0,7.0,1008.0,83.18546580666207,65.31904761904762,p11
2019-11-20,1431.0,1071.0,1238.0,186.0,7.0,0.0,0.0,7.0,1431.0,90.0,119.0,7.0,983.0,87.73535085633254,70.5,p11
2019-11-21,1435.0,1077.0,1123.0,312.0,0.0,0.0,0.0,0.0,1435.0,0.0,,0.0,1041.0,92.71116451325383,71.66666666666667,p11
2019-11-22,1322.0,962.0,1235.0,88.0,0.0,0.0,0.0,0.0,1323.0,0.0,,0.0,949.0,84.86812133832682,66.54666666666667,p11
2019-11-23,1431.0,1072.0,1329.0,101.0,0.0,0.0,0.0,0.0,1430.0,0.0,,0.0,930.0,84.97930107526882,67.37083333333334,p11
2019-11-24,1432.0,1075.0,1259.0,119.0,19.0,35.0,0.0,54.0,1432.0,63.88333333333333,164.0,52.0,895.0,90.68632065192192,68.25333333333333,p11
2019-11-25,1406.0,1054.0,1325.0,78.0,0.0,0.0,0.0,0.0,1403.0,0.0,,0.0,921.0,75.16040586569903,59.0,p11
2019-11-26,1432.0,1073.0,1266.0,150.0,13.0,3.0,0.0,16.0,1432.0,44.199999999999996,139.48868778280544,14.0,936.0,83.4941812635367,63.5,p11
2019-11-27,1418.0,1061.0,1307.0,106.0,0.0,0.0,0.0,0.0,1413.0,0.0,,0.0,998.0,81.42612450731188,65.87222222222222,p11
2019-11-28,1327.0,1004.0,1092.0,216.0,17.0,0.0,0.0,17.0,1325.0,34.016666666666666,141.0,16.0,923.0,89.0524921565672,69.45555555555555,p11
2019-11-29,1423.0,1065.0,1328.0,97.0,0.0,0.0,0.0,0.0,1425.0,0.0,,0.0,1005.0,79.92114514010036,63.5,p11
2019-11-30,1417.0,1073.0,1346.0,68.0,0.0,0.0,0.0,0.0,1414.0,0.0,,0.0,880.0,78.98915596713891,63.0,p11
2019-12-01,1433.0,1076.0,1292.0,135.0,6.0,0.0,0.0,6.0,1433.0,0.0,,0.0,886.0,87.48020319284429,69.6125,p11
2019-12-02,1428.0,1068.0,1295.0,106.0,27.0,0.0,0.0,27.0,1428.0,31.466666666666665,153.0,27.0,1009.0,81.543206039399,60.0,p11
2019-12-03,1259.0,915.0,1172.0,67.0,20.0,0.0,0.0,20.0,1259.0,23.316666666666666,153.0,20.0,863.0,81.4061647261886,67.01666666666667,p11
2019-12-04,1206.0,846.0,1033.0,139.0,27.0,5.0,0.0,32.0,1204.0,32.78333333333333,160.0,31.0,748.0,89.51986421817708,68.73928571428571,p11
2019-12-05,1424.0,1069.0,1115.0,309.0,0.0,0.0,0.0,0.0,1424.0,0.0,,0.0,1042.0,90.10949870933077,67.01,p11
2019-12-06,1429.0,1072.0,1412.0,17.0,0.0,0.0,0.0,0.0,1429.0,0.0,,0.0,943.0,73.52116082044502,63.5,p11
2019-12-07,1430.0,1072.0,1353.0,73.0,4.0,0.0,0.0,4.0,1430.0,0.0,,0.0,862.0,81.08972003763186,68.30333333333333,p11
2019-12-08,1431.0,1074.0,1375.0,56.0,0.0,0.0,0.0,0.0,1431.0,0.0,,0.0,848.0,77.07223324042309,62.5,p11
2019-12-09,1394.0,1037.0,1292.0,102.0,0.0,0.0,0.0,0.0,1394.0,45.6,118.0,0.0,918.0,79.11560866837645,65.64666666666668,p11
2019-12-10,1425.0,1068.0,1376.0,49.0,0.0,0.0,0.0,0.0,1425.0,0.0,,0.0,928.0,77.37567757314524,65.66666666666667,p11
2019-12-11,1428.0,1069.0,1303.0,126.0,1.0,0.0,0.0,1.0,1430.0,0.0,,0.0,1066.0,86.89076878406146,72.81746031746032,p11
2019-12-12,1431.0,1073.0,1067.0,354.0,7.0,0.0,0.0,7.0,1428.0,0.0,,0.0,927.0,96.52930082921992,74.9,p11
2019-12-13,1424.0,1070.0,1340.0,84.0,0.0,0.0,0.0,0.0,1424.0,0.0,,0.0,872.0,80.6971390262388,60.6375,p11
2019-12-14,1300.0,983.0,1094.0,205.0,0.0,0.0,0.0,0.0,1299.0,0.0,142.0,13.0,1037.0,89.27734035491991,68.6952380952381,p11
2019-12-15,1433.0,1078.0,1275.0,140.0,17.0,0.0,0.0,17.0,1432.0,0.0,,0.0,998.0,82.49795789269737,65.5,p11
2019-12-16,1422.0,1062.0,1326.0,96.0,0.0,0.0,0.0,0.0,1422.0,0.0,,0.0,1006.0,82.5363980259855,64.0,p11
2019-12-17,1432.0,1073.0,1295.0,119.0,6.0,13.0,0.0,19.0,1433.0,28.9,157.0,17.0,978.0,83.36745003250604,63.3525,p11
2019-12-18,1430.0,1071.0,1355.0,75.0,0.0,0.0,0.0,0.0,1430.0,0.0,,0.0,980.0,81.31414126689637,65.28214285714286,p11
2019-12-19,1430.0,1070.0,1245.0,182.0,1.0,0.0,0.0,1.0,1428.0,0.0,,0.0,928.0,90.85393562030076,72.0875,p11
2019-12-20,1425.0,1066.0,1260.0,164.0,0.0,0.0,0.0,0.0,1424.0,0.0,,0.0,813.0,90.59906382397156,72.18095238095238,p11
2019-12-21,1362.0,1005.0,1244.0,120.0,0.0,0.0,0.0,0.0,1364.0,0.0,,0.0,925.0,88.865603993604,74.0,p11
2019-12-22,1432.0,1073.0,1362.0,65.0,0.0,0.0,0.0,0.0,1427.0,0.0,,0.0,887.0,77.78205232385052,62.0,p11
2019-12-23,1095.0,738.0,1056.0,68.0,0.0,0.0,0.0,0.0,1124.0,0.0,,0.0,648.0,80.19349146224145,59.5,p11
2019-12-24,1428.0,1069.0,1332.0,64.0,0.0,0.0,0.0,0.0,1396.0,0.0,,0.0,950.0,77.00304188501558,63.419047619047625,p11
2019-12-25,1426.0,1069.0,1403.0,24.0,0.0,0.0,0.0,0.0,1427.0,0.0,,0.0,950.0,74.84860693400167,59.70952380952381,p11
2019-12-26,1408.0,1048.0,1331.0,74.0,0.0,0.0,0.0,0.0,1405.0,0.0,,0.0,900.0,80.29802328843995,67.5,p11
2019-12-27,1420.0,1060.0,1413.0,9.0,0.0,0.0,0.0,0.0,1422.0,0.0,,0.0,886.0,71.97382369323678,60.13392857142857,p11
2019-12-28,1413.0,1056.0,1248.0,161.0,3.0,0.0,0.0,3.0,1412.0,0.0,,0.0,936.0,87.09024046940714,69.275,p11
2019-12-29,1413.0,1053.0,1300.0,113.0,0.0,0.0,0.0,0.0,1413.0,0.0,,0.0,918.0,80.38335176382562,61.785,p11
2019-12-30,1425.0,1065.0,1296.0,128.0,0.0,0.0,0.0,0.0,1424.0,0.0,,0.0,890.0,87.69137806637806,72.59714285714286,p11
2019-12-31,1392.0,1034.0,1314.0,82.0,0.0,0.0,0.0,0.0,1396.0,0.0,,0.0,873.0,91.33380309394056,80.22222222222223,p11
2020-01-01,1428.0,1069.0,1314.0,110.0,0.0,0.0,0.0,0.0,1424.0,0.0,,0.0,902.0,82.38434043475618,68.62916666666666,p11
2020-01-02,1431.0,1071.0,1250.0,179.0,2.0,0.0,0.0,2.0,1431.0,0.0,,0.0,1011.0,89.28245898512961,71.28571428571429,p11
2020-01-03,1324.0,965.0,1177.0,142.0,6.0,0.0,0.0,6.0,1325.0,0.0,,0.0,910.0,87.42104185497043,70.71428571428571,p11
2020-01-04,1427.0,1068.0,1330.0,97.0,0.0,0.0,0.0,0.0,1427.0,0.0,,0.0,960.0,83.93692554262866,64.41666666666667,p11
2020-01-05,1431.0,1071.0,1402.0,28.0,0.0,0.0,0.0,0.0,1430.0,0.0,,0.0,798.0,76.58136394376996,62.400000000000006,p11
2020-01-06,1430.0,1070.0,1223.0,192.0,15.0,0.0,0.0,15.0,1430.0,30.133333333333333,136.0,12.0,975.0,87.1319710631744,68.16571428571429,p11
2020-01-07,1426.0,1068.0,1379.0,47.0,0.0,0.0,0.0,0.0,1426.0,0.0,,0.0,988.0,79.6158477487425,67.37159090909091,p11
2020-01-08,1418.0,1061.0,1309.0,109.0,0.0,0.0,0.0,0.0,1418.0,0.0,,0.0,966.0,85.37020993729068,71.26785714285714,p11
2020-01-09,1424.0,1065.0,1253.0,144.0,14.0,12.0,0.0,26.0,1423.0,0.0,170.0,22.0,930.0,88.63217692375092,70.19666666666667,p11
2020-01-10,1320.0,961.0,1217.0,102.0,0.0,0.0,0.0,0.0,1319.0,0.0,,0.0,902.0,86.37995563810419,69.12678571428572,p11
2020-01-11,1426.0,1070.0,1346.0,82.0,0.0,0.0,0.0,0.0,1428.0,0.0,,0.0,885.0,81.16447742151132,67.58333333333333,p11
2020-01-12,1420.0,1064.0,1348.0,68.0,2.0,0.0,0.0,2.0,1418.0,0.0,,0.0,857.0,81.91737747537047,68.0,p11
2020-01-13,1427.0,1069.0,1278.0,123.0,18.0,6.0,0.0,24.0,1425.0,22.016666666666666,155.0,18.0,990.0,85.27955370580557,66.8875,p11
2020-01-14,1431.0,1071.0,1334.0,97.0,0.0,0.0,0.0,0.0,1431.0,0.0,,0.0,980.0,79.75545642282887,66.25,p11
2020-01-15,1421.0,1062.0,1335.0,84.0,0.0,0.0,0.0,0.0,1419.0,0.0,,0.0,910.0,80.6715972123115,64.0,p11
2020-01-16,1428.0,1070.0,1305.0,110.0,8.0,5.0,0.0,13.0,1428.0,12.683333333333334,166.0,13.0,996.0,82.44614907945142,67.56349206349206,p11
2020-01-17,1416.0,1057.0,1201.0,190.0,10.0,17.0,0.0,27.0,1418.0,33.583333333333336,163.0,27.0,978.0,93.63759455860244,74.41818181818182,p11
2020-01-18,1376.0,1016.0,1282.0,91.0,0.0,0.0,0.0,0.0,1373.0,0.0,,0.0,816.0,87.0484814001358,68.95,p11
2020-01-19,1413.0,1055.0,1360.0,53.0,0.0,0.0,0.0,0.0,1413.0,0.0,,0.0,813.0,76.6330543619289,63.0,p11
2020-01-20,1406.0,1047.0,1228.0,161.0,17.0,0.0,0.0,17.0,1406.0,0.0,,0.0,972.0,84.22309466653601,65.43015873015874,p11
2020-01-21,1429.0,1070.0,1292.0,87.0,24.0,26.0,0.0,50.0,1429.0,50.0,169.0,49.0,952.0,81.82967414565772,63.54805194805195,p11
2020-01-22,1410.0,1053.0,1352.0,55.0,1.0,0.0,0.0,1.0,1408.0,0.0,,1.0,876.0,76.02738890041972,61.1,p11
2020-01-23,1431.0,1072.0,1242.0,182.0,6.0,0.0,0.0,6.0,1430.0,0.0,,0.0,971.0,89.84816319108286,70.14285714285714,p11
2020-01-24,1377.0,1053.0,1283.0,91.0,3.0,0.0,0.0,3.0,1377.0,0.0,,0.0,1054.0,82.86004809548453,70.22222222222223,p11
2020-01-25,1428.0,1073.0,1222.0,202.0,4.0,0.0,0.0,4.0,1428.0,330.0,102.0,4.0,990.0,90.37938960310171,75.28571428571429,p11
2020-01-26,1425.0,1067.0,1221.0,199.0,3.0,0.0,0.0,3.0,1423.0,0.0,108.65796032299869,3.0,853.0,89.44400879503459,69.43333333333334,p11
2020-01-27,1422.0,1064.0,1348.0,72.0,0.0,0.0,0.0,0.0,1420.0,0.0,,0.0,948.0,79.3689326584105,62.675,p11
2020-01-28,1424.0,1066.0,1370.0,52.0,0.0,0.0,0.0,0.0,1422.0,0.0,,0.0,912.0,77.19648932938406,64.83571428571429,p11
2020-01-29,1429.0,1071.0,1339.0,87.0,3.0,0.0,0.0,3.0,1429.0,0.0,,0.0,946.0,79.84377160307393,64.8,p11
2020-01-30,1420.0,1066.0,1258.0,160.0,3.0,0.0,0.0,3.0,1421.0,0.0,,0.0,1002.0,88.27814832096269,71.0125,p11
2020-01-31,1243.0,883.0,1117.0,123.0,2.0,0.0,0.0,2.0,1242.0,0.0,,0.0,866.0,87.31481650246084,68.63492063492063,p11
2020-02-01,1428.0,1072.0,1372.0,56.0,0.0,0.0,0.0,0.0,1428.0,0.0,,0.0,890.0,81.95400416686934,66.1125,p11
2020-02-02,1427.0,1069.0,1321.0,102.0,3.0,0.0,0.0,3.0,1426.0,0.0,,1.0,890.0,80.35116104868915,67.35227272727272,p11
2020-02-03,1435.0,1076.0,1357.0,79.0,0.0,0.0,0.0,0.0,1436.0,0.0,,0.0,1012.0,82.73812058330338,65.45,p11
2020-02-04,1427.0,1068.0,1295.0,96.0,20.0,10.0,0.0,30.0,1421.0,25.450000000000003,156.0,31.0,917.0,85.01108408206017,68.3,p11
2020-02-05,1418.0,1059.0,1345.0,73.0,0.0,0.0,0.0,0.0,1418.0,0.0,,0.0,875.0,74.8584299319728,60.66666666666666,p11
2020-02-06,1398.0,1038.0,1332.0,66.0,0.0,0.0,0.0,0.0,1398.0,0.0,,0.0,973.0,79.86307881338713,63.0,p11
2020-02-07,1415.0,1061.0,1341.0,74.0,0.0,0.0,0.0,0.0,1415.0,0.0,,0.0,912.0,80.58607112003494,67.205,p11
2020-02-08,1306.0,949.0,995.0,259.0,43.0,10.0,0.0,53.0,1307.0,57.93333333333333,161.0,51.0,872.0,102.13957048483896,81.43015873015874,p11
2020-02-09,1422.0,1069.0,1300.0,119.0,1.0,0.0,0.0,1.0,1420.0,0.0,,0.0,984.0,80.31622702049532,64.31,p11
2020-02-10,1428.0,1069.0,1147.0,225.0,30.0,26.0,0.0,56.0,1428.0,57.13333333333333,168.0,56.0,957.0,96.49244455837844,72.06666666666666,p11
2020-02-11,1418.0,1058.0,1351.0,67.0,0.0,0.0,0.0,0.0,1418.0,0.0,,0.0,1003.0,76.78996563699954,62.2952380952381,p11
2020-02-12,1418.0,1068.0,1320.0,98.0,0.0,0.0,0.0,0.0,1418.0,75.0,94.0,0.0,979.0,79.19843370226414,63.971428571428575,p11
2020-02-13,1427.0,1069.0,1275.0,118.0,29.0,4.0,0.0,33.0,1426.0,46.1,151.0,21.0,942.0,83.51618741488689,63.43015873015873,p11
2020-02-14,1428.0,1068.0,1371.0,57.0,0.0,0.0,0.0,0.0,1428.0,0.0,,0.0,1037.0,79.77679877713628,64.81090909090909,p11
2020-02-15,1366.0,1007.0,1264.0,100.0,1.0,0.0,0.0,1.0,1365.0,0.0,,0.0,823.0,88.55598924499289,65.52,p11
2020-02-16,1423.0,1064.0,1351.0,72.0,0.0,0.0,0.0,0.0,1423.0,0.0,,0.0,825.0,77.46582920110193,62.0,p11
2020-02-17,1421.0,1063.0,1237.0,136.0,32.0,16.0,0.0,48.0,1421.0,60.016666666666666,161.0,48.0,878.0,87.83417867087074,65.31904761904762,p11
2020-02-18,1425.0,1065.0,1371.0,54.0,0.0,0.0,0.0,0.0,1425.0,0.0,,0.0,924.0,76.40226921347052,64.26071428571429,p11
2020-02-19,1423.0,1066.0,1329.0,94.0,0.0,0.0,0.0,0.0,1423.0,0.0,,0.0,1022.0,81.89101308020095,61.72619047619048,p11
2020-02-20,1422.0,1063.0,1231.0,144.0,29.0,19.0,0.0,48.0,1423.0,60.0,160.0,48.0,1010.0,87.2788598080517,63.5,p11
2020-02-21,1160.0,800.0,1014.0,120.0,20.0,16.0,0.0,36.0,1170.0,34.06666666666667,171.0,33.0,732.0,85.06131723975686,63.25,p11
2020-02-22,1423.0,1067.0,1353.0,58.0,0.0,0.0,0.0,0.0,1411.0,0.0,,0.0,913.0,74.0280568950339,62.03333333333333,p11
2020-02-23,1431.0,1071.0,1274.0,116.0,25.0,16.0,0.0,41.0,1431.0,57.35,169.0,40.0,868.0,86.49002708122724,64.21555555555557,p11
2020-02-24,1429.0,1070.0,1313.0,95.0,20.0,1.0,0.0,21.0,1429.0,41.7,137.0,18.0,944.0,82.67123331769145,64.18333333333334,p11
2020-02-25,1419.0,1061.0,1367.0,52.0,0.0,0.0,0.0,0.0,1419.0,0.0,,0.0,963.0,77.84894783017836,66.14761904761905,p11
2020-02-26,1424.0,1064.0,1399.0,24.0,0.0,0.0,0.0,0.0,1423.0,0.0,,0.0,918.0,77.56211865778859,65.24166666666667,p11
2020-02-27,1398.0,1044.0,1243.0,145.0,8.0,1.0,0.0,9.0,1397.0,0.0,,0.0,957.0,88.98342723397582,70.8,p11
2020-02-28,1424.0,1069.0,1419.0,4.0,0.0,0.0,0.0,0.0,1423.0,0.0,,0.0,809.0,66.83928473325878,57.29714285714285,p11
2020-02-29,1417.0,1057.0,1312.0,105.0,0.0,0.0,0.0,0.0,1417.0,0.0,,0.0,886.0,87.80728153837634,70.13392857142857,p11
2020-03-01,1417.0,1060.0,1191.0,180.0,29.0,16.0,0.0,45.0,1416.0,52.583333333333336,162.0,44.0,882.0,92.83316294192564,67.50714285714285,p11
2020-03-02,1392.0,1062.0,1349.0,44.0,0.0,0.0,0.0,0.0,1393.0,0.0,,0.0,973.0,76.62158232597595,61.26,p11
2020-03-03,1422.0,1067.0,1354.0,66.0,1.0,0.0,0.0,1.0,1421.0,0.0,,0.0,963.0,80.59921946059018,65.8607142857143,p11
2020-03-04,1424.0,1064.0,1222.0,200.0,1.0,0.0,0.0,1.0,1423.0,0.0,,0.0,961.0,89.43578572254431,74.66666666666667,p11
2020-03-05,1406.0,1049.0,1223.0,183.0,0.0,0.0,0.0,0.0,1406.0,0.0,,0.0,981.0,87.83137542602374,71.0,p11
2020-03-06,1433.0,1075.0,1347.0,84.0,1.0,0.0,0.0,1.0,1432.0,0.0,,0.0,847.0,82.0581838370209,68.64,p11
2020-03-07,1403.0,1045.0,1274.0,128.0,0.0,0.0,0.0,0.0,1402.0,0.0,,0.0,924.0,90.32882223596508,78.16,p11
2020-03-08,1425.0,1068.0,1415.0,13.0,0.0,0.0,0.0,0.0,1428.0,0.0,,0.0,942.0,75.56856665686283,64.12678571428572,p11
2020-03-09,1362.0,1044.0,1321.0,36.0,1.0,0.0,0.0,1.0,1358.0,0.0,,0.0,938.0,75.81211809689954,63.30833333333334,p11
2020-03-10,1425.0,1065.0,1365.0,56.0,3.0,0.0,0.0,3.0,1424.0,0.0,,0.0,972.0,75.09842654202221,62.23,p11
2020-03-11,1416.0,1064.0,1271.0,145.0,0.0,0.0,0.0,0.0,1416.0,0.0,,0.0,971.0,83.76858247028176,65.0,p11
2020-03-12,1430.0,1070.0,1208.0,221.0,3.0,0.0,0.0,3.0,1432.0,0.0,,0.0,1014.0,88.3527673537289,67.45,p11
2020-03-13,667.0,308.0,670.0,55.0,0.0,0.0,0.0,0.0,725.0,0.0,,0.0,168.0,,,p11
2020-03-14,0.0,0.0,,,,,,,,0.0,,0.0,,,,p11
2020-03-15,0.0,0.0,,,,,,,,0.0,,0.0,,,,p11
2020-03-16,0.0,0.0,,,,,,,,0.0,,0.0,,,,p11
2020-03-17,0.0,0.0,,,,,,,,0.0,,0.0,,,,p11
2020-03-18,0.0,0.0,,,,,,,,0.0,,0.0,,,,p11
2020-03-19,0.0,0.0,,,,,,,,0.0,,0.0,,,,p11
2020-03-20,0.0,0.0,,,,,,,,0.0,,0.0,,,,p11
2020-03-21,0.0,0.0,,,,,,,,0.0,,0.0,,,,p11
2020-03-22,0.0,0.0,,,,,,,,0.0,,0.0,,,,p11
2020-03-23,0.0,0.0,,,,,,,,0.0,,0.0,,,,p11
2020-03-24,0.0,0.0,,,,,,,,0.0,,0.0,,,,p11
2020-03-25,0.0,0.0,,,,,,,,0.0,,0.0,,,,p11
2020-03-26,0.0,0.0,,,,,,,,0.0,,0.0,,,,p11
2020-03-27,0.0,0.0,,,,,,,,0.0,,0.0,,,,p11
2020-03-28,0.0,0.0,,,,,,,,0.0,,0.0,,,,p11
2020-03-29,0.0,0.0,,,,,,,,0.0,,0.0,,,,p11
2020-03-30,0.0,0.0,,,,,,,,0.0,,0.0,,,,p11
2020-03-31,0.0,0.0,,,,,,,,0.0,,0.0,,,,p11
2019-11-01,897.0,869.0,785.0,112.0,0.0,0.0,0.0,0.0,897.0,0.0,,0.0,897.0,79.32637362637362,68.42666666666666,p12
2019-11-02,0.0,0.0,,,,,,,,0.0,,0.0,,,,p12
2019-11-03,663.0,663.0,579.0,83.0,0.0,0.0,0.0,0.0,662.0,0.0,,0.0,662.0,78.94964649734287,67.0,p12
2019-11-04,835.0,768.0,700.0,117.0,7.0,5.0,0.0,12.0,829.0,0.0,,0.0,829.0,81.79107838080697,68.16666666666667,p12
2019-11-05,634.0,618.0,565.0,63.0,2.0,1.0,0.0,3.0,631.0,0.0,,0.0,631.0,79.42592891788613,64.57142857142857,p12
2019-11-06,833.0,829.0,776.0,50.0,3.0,0.0,0.0,3.0,829.0,0.0,,0.0,829.0,74.36454946675092,64.44126984126984,p12
2019-11-07,495.0,495.0,402.0,93.0,0.0,0.0,0.0,0.0,495.0,8.0,108.0,0.0,484.0,,,p12
2019-11-08,1100.0,1049.0,971.0,71.0,0.0,0.0,0.0,0.0,1042.0,0.0,,0.0,1100.0,76.6203228059819,66.5,p12
2019-11-09,768.0,408.0,408.0,361.0,38.0,17.0,0.0,55.0,824.0,0.0,177.0,25.0,766.0,100.00241575834706,78.07142857142857,p12
2019-11-10,678.0,678.0,627.0,50.0,0.0,0.0,0.0,0.0,677.0,0.0,,0.0,677.0,73.06445084949516,62.0,p12
2019-11-11,671.0,671.0,611.0,58.0,2.0,0.0,0.0,2.0,671.0,0.0,,0.0,467.0,,,p12
2019-11-12,641.0,641.0,550.0,89.0,0.0,0.0,0.0,0.0,639.0,0.0,,0.0,639.0,81.51048750414948,68.08888888888889,p12
2019-11-13,1069.0,1027.0,895.0,96.0,7.0,11.0,0.0,18.0,1009.0,0.0,,0.0,1068.0,83.49013628841594,69.1,p12
2019-11-14,1230.0,874.0,800.0,448.0,40.0,0.0,0.0,40.0,1288.0,0.0,,0.0,1052.0,85.94247897223183,66.0,p12
2019-11-15,932.0,932.0,590.0,330.0,10.0,0.0,0.0,10.0,930.0,0.0,,0.0,639.0,82.30851647483104,68.61666666666666,p12
2019-11-16,627.0,627.0,555.0,71.0,0.0,0.0,0.0,0.0,626.0,0.0,,0.0,626.0,76.99205657672113,62.86607142857143,p12
2019-11-17,740.0,740.0,611.0,120.0,9.0,0.0,0.0,9.0,740.0,94.95,113.0,6.0,740.0,82.06591940172741,67.5,p12
2019-11-18,861.0,788.0,762.0,56.0,8.0,30.0,0.0,38.0,856.0,34.75,171.0,33.0,856.0,78.13775107015438,60.0,p12
2019-11-19,825.0,825.0,755.0,69.0,0.0,0.0,0.0,0.0,824.0,0.0,,0.0,824.0,80.85238362298435,70.34583333333333,p12
2019-11-20,831.0,829.0,705.0,124.0,0.0,0.0,0.0,0.0,829.0,0.0,,0.0,829.0,84.11991842429116,69.65333333333334,p12
2019-11-21,1059.0,1026.0,943.0,83.0,0.0,0.0,0.0,0.0,1026.0,0.0,,0.0,1056.0,78.03517804533429,66.69047619047619,p12
2019-11-22,876.0,815.0,755.0,148.0,2.0,0.0,0.0,2.0,905.0,22.966666666666665,123.0,2.0,875.0,83.39116153251894,70.14285714285714,p12
2019-11-23,498.0,498.0,432.0,54.0,10.0,0.0,0.0,10.0,496.0,0.0,,0.0,496.0,,,p12
2019-11-24,756.0,756.0,620.0,136.0,0.0,0.0,0.0,0.0,756.0,0.0,,0.0,368.0,,,p12
2019-11-25,923.0,854.0,755.0,125.0,13.0,28.0,0.0,41.0,921.0,32.96666666666667,172.0,33.0,921.0,83.9802494282483,67.66666666666667,p12
2019-11-26,784.0,763.0,715.0,67.0,0.0,0.0,0.0,0.0,782.0,0.0,,0.0,782.0,79.70067380048198,67.75,p12
2019-11-27,910.0,847.0,775.0,109.0,9.0,15.0,0.0,24.0,908.0,33.96666666666667,148.29342492639842,21.0,908.0,83.04027592952045,69.25,p12
2019-11-28,844.0,844.0,778.0,65.0,1.0,0.0,0.0,1.0,844.0,0.0,,0.0,844.0,77.06874196432845,65.0,p12
2019-11-29,1093.0,1020.0,882.0,111.0,13.0,28.0,0.0,41.0,1034.0,0.0,175.0,33.0,1089.0,85.46857897092417,71.27857142857144,p12
2019-11-30,1374.0,1020.0,914.0,421.0,38.0,0.0,0.0,38.0,1373.0,0.0,,0.0,1373.0,90.0229794301353,69.84444444444443,p12
2019-12-01,542.0,507.0,536.0,48.0,2.0,0.0,0.0,2.0,586.0,0.0,,0.0,531.0,,,p12
2019-12-02,874.0,829.0,736.0,90.0,23.0,22.0,0.0,45.0,871.0,1.65,105.99999999999999,0.0,871.0,79.94077201075878,62.0,p12
2019-12-03,521.0,512.0,404.0,116.0,0.0,0.0,0.0,0.0,520.0,0.0,,0.0,520.0,,,p12
2019-12-04,976.0,948.0,844.0,128.0,0.0,0.0,0.0,0.0,972.0,0.0,,0.0,972.0,79.42736217257821,67.71428571428571,p12
2019-12-05,735.0,735.0,675.0,42.0,8.0,1.0,0.0,9.0,726.0,0.0,,0.0,726.0,76.32947459641674,65.24285714285715,p12
2019-12-06,592.0,592.0,496.0,70.0,7.0,18.0,0.0,25.0,591.0,25.766666666666666,170.0,27.0,591.0,,,p12
2019-12-07,669.0,669.0,585.0,83.0,0.0,0.0,0.0,0.0,668.0,0.0,,0.0,668.0,76.7100202733062,62.825,p12
2019-12-08,610.0,610.0,461.0,131.0,0.0,0.0,0.0,0.0,592.0,0.0,,0.0,592.0,,,p12
2019-12-09,890.0,837.0,787.0,97.0,0.0,0.0,0.0,0.0,884.0,0.0,,0.0,884.0,76.95825379685674,65.0,p12
2019-12-10,871.0,859.0,763.0,105.0,0.0,0.0,0.0,0.0,868.0,0.0,,0.0,868.0,78.79148516933654,64.275,p12
2019-12-11,675.0,675.0,546.0,102.0,13.0,11.0,0.0,24.0,672.0,0.0,,0.0,672.0,84.3289326084687,67.1452380952381,p12
2019-12-12,782.0,774.0,677.0,101.0,0.0,0.0,0.0,0.0,778.0,0.0,,0.0,778.0,78.67804579025659,65.0,p12
2019-12-13,471.0,471.0,396.0,25.0,0.0,0.0,0.0,0.0,421.0,0.0,,0.0,471.0,,,p12
2019-12-14,461.0,446.0,437.0,67.0,0.0,0.0,0.0,0.0,504.0,0.0,,0.0,454.0,,,p12
2019-12-15,694.0,694.0,609.0,80.0,0.0,0.0,0.0,0.0,689.0,0.0,,0.0,689.0,78.87113520651256,67.0,p12
2019-12-16,837.0,837.0,799.0,32.0,0.0,0.0,0.0,0.0,831.0,0.0,,0.0,831.0,74.26608390940521,65.16666666666667,p12
2019-12-17,849.0,779.0,718.0,89.0,18.0,14.0,0.0,32.0,839.0,0.0,162.0,31.0,839.0,77.99287892135848,62.6,p12
2019-12-18,861.0,844.0,761.0,88.0,1.0,0.0,0.0,1.0,850.0,0.0,,0.0,850.0,77.32212049062049,62.66,p12
2019-12-19,1061.0,1052.0,697.0,296.0,6.0,0.0,0.0,6.0,999.0,0.0,,0.0,1059.0,87.12745793971007,69.0,p12
2019-12-20,1210.0,851.0,716.0,530.0,22.0,0.0,0.0,22.0,1268.0,0.0,,0.0,1208.0,90.03704180523303,65.97,p12
2019-12-21,547.0,547.0,439.0,49.0,0.0,0.0,0.0,0.0,488.0,0.0,,0.0,546.0,,,p12
2019-12-22,1398.0,1049.0,1124.0,261.0,11.0,0.0,0.0,11.0,1396.0,0.0,,0.0,1398.0,82.10062194600822,64.0,p12
2019-12-23,973.0,618.0,685.0,339.0,8.0,0.0,0.0,8.0,1032.0,0.0,,0.0,972.0,83.53113156847725,62.5,p12
2019-12-24,0.0,0.0,,,,,,,,0.0,,0.0,,,,p12
2019-12-25,0.0,0.0,,,,,,,,0.0,,0.0,,,,p12
2019-12-26,0.0,0.0,,,,,,,,0.0,,0.0,,,,p12
2019-12-27,0.0,0.0,,,,,,,,0.0,,0.0,,,,p12
2019-12-28,0.0,0.0,,,,,,,,0.0,,0.0,,,,p12
2019-12-29,829.0,829.0,752.0,14.0,0.0,0.0,0.0,0.0,766.0,0.0,,0.0,826.0,67.93035495913826,58.75,p12
2019-12-30,1401.0,1049.0,1158.0,234.0,6.0,0.0,0.0,6.0,1398.0,0.0,,0.0,1398.0,79.03128123664605,61.400000000000006,p12
2019-12-31,1346.0,988.0,1011.0,324.0,11.0,0.0,0.0,11.0,1346.0,0.0,,0.0,1345.0,87.76304199724274,74.68571428571428,p12
2020-01-01,306.0,232.0,308.0,56.0,0.0,0.0,0.0,0.0,364.0,0.0,,0.0,305.0,,,p12
2020-01-02,881.0,873.0,804.0,77.0,0.0,0.0,0.0,0.0,881.0,0.0,,0.0,881.0,74.57005088177053,61.85714285714285,p12
2020-01-03,862.0,862.0,804.0,54.0,0.0,0.0,0.0,0.0,858.0,0.0,,0.0,858.0,71.3513135854045,60.25,p12
2020-01-04,377.0,377.0,175.0,195.0,1.0,0.0,0.0,1.0,371.0,0.0,,0.0,371.0,,,p12
2020-01-05,574.0,574.0,488.0,82.0,0.0,0.0,0.0,0.0,570.0,0.0,,0.0,570.0,,,p12
2020-01-06,883.0,820.0,733.0,124.0,4.0,12.0,0.0,16.0,873.0,0.0,,0.0,873.0,79.48249079776795,63.55873015873016,p12
2020-01-07,954.0,932.0,832.0,58.0,0.0,0.0,0.0,0.0,890.0,0.0,,0.0,950.0,77.08363237639554,62.833333333333336,p12
2020-01-08,1203.0,875.0,885.0,363.0,15.0,0.0,0.0,15.0,1263.0,0.0,,0.0,1203.0,83.4220139286224,65.86349206349206,p12
2020-01-09,1088.0,1072.0,776.0,243.0,9.0,0.0,0.0,9.0,1028.0,0.0,,0.0,1088.0,85.64063435033104,69.07,p12
2020-01-10,1230.0,879.0,759.0,499.0,14.0,17.0,0.0,31.0,1289.0,0.0,175.0,21.0,1229.0,91.80894555242912,72.25,p12
2020-01-11,723.0,723.0,592.0,69.0,0.0,0.0,0.0,0.0,661.0,0.0,,0.0,719.0,74.88478170338392,62.97142857142857,p12
2020-01-12,1230.0,871.0,857.0,421.0,7.0,0.0,0.0,7.0,1285.0,0.0,,0.0,1227.0,88.94044217351063,69.27142857142857,p12
2020-01-13,873.0,808.0,736.0,108.0,10.0,14.0,0.0,24.0,868.0,0.0,174.0,21.0,868.0,81.17887649056829,66.85000000000001,p12
2020-01-14,525.0,518.0,458.0,66.0,0.0,0.0,0.0,0.0,524.0,0.0,,0.0,524.0,,,p12
2020-01-15,915.0,904.0,797.0,110.0,0.0,0.0,0.0,0.0,907.0,0.0,,0.0,897.0,81.0641831196179,68.33333333333333,p12
2020-01-16,725.0,725.0,575.0,92.0,0.0,0.0,0.0,0.0,667.0,0.0,,0.0,720.0,78.13535689233606,65.56984126984126,p12
2020-01-17,742.0,740.0,585.0,155.0,0.0,0.0,0.0,0.0,740.0,0.0,,0.0,740.0,81.33693128193129,65.0,p12
2020-01-18,676.0,676.0,424.0,247.0,1.0,0.0,0.0,1.0,672.0,0.0,,1.0,672.0,87.82442322888751,67.58095238095238,p12
2020-01-19,773.0,773.0,549.0,222.0,0.0,0.0,0.0,0.0,771.0,0.0,,0.0,771.0,86.13172577170631,68.66666666666667,p12
2020-01-20,449.0,449.0,401.0,47.0,0.0,0.0,0.0,0.0,448.0,0.0,,0.0,447.0,,,p12
2020-01-21,858.0,858.0,778.0,79.0,0.0,0.0,0.0,0.0,857.0,0.0,,0.0,857.0,78.267774805902,65.41714285714286,p12
2020-01-22,868.0,854.0,692.0,175.0,1.0,0.0,0.0,1.0,868.0,0.0,,0.0,868.0,84.75322642986814,70.16666666666667,p12
2020-01-23,1072.0,1066.0,947.0,63.0,0.0,0.0,0.0,0.0,1010.0,0.0,,0.0,1070.0,79.311753887338,67.0,p12
2020-01-24,869.0,512.0,521.0,397.0,10.0,0.0,0.0,10.0,928.0,0.0,,0.0,868.0,89.737216968899,70.6,p12
2020-01-25,369.0,369.0,138.0,228.0,2.0,0.0,0.0,2.0,368.0,0.0,,0.0,368.0,,,p12
2020-01-26,566.0,566.0,469.0,94.0,0.0,0.0,0.0,0.0,563.0,0.0,,0.0,563.0,,,p12
2020-01-27,934.0,862.0,785.0,136.0,9.0,0.0,0.0,9.0,930.0,0.0,,7.0,930.0,80.94208773603935,67.245,p12
2020-01-28,850.0,850.0,730.0,117.0,0.0,0.0,0.0,0.0,847.0,0.0,,0.0,847.0,79.23006456025936,66.0,p12
2020-01-29,836.0,762.0,672.0,152.0,2.0,8.0,0.0,10.0,834.0,0.0,,10.0,834.0,80.89306208712684,64.45,p12
2020-01-30,1004.0,1004.0,706.0,230.0,7.0,0.0,0.0,7.0,943.0,0.0,,0.0,1003.0,86.16106561268575,68.67333333333333,p12
2020-01-31,1126.0,766.0,529.0,612.0,43.0,1.0,0.0,44.0,1185.0,0.0,,0.0,1125.0,97.4873801827802,74.0,p12
2020-02-01,800.0,800.0,695.0,103.0,0.0,0.0,0.0,0.0,798.0,0.0,92.66174223127865,0.0,798.0,76.66618100988401,63.88472222222222,p12
2020-02-02,789.0,789.0,554.0,235.0,0.0,0.0,0.0,0.0,789.0,0.0,105.0,0.0,789.0,89.04397208551201,74.27857142857144,p12
2020-02-03,813.0,798.0,710.0,96.0,5.0,0.0,0.0,5.0,811.0,0.0,,0.0,811.0,81.61303087240202,67.5,p12
2020-02-04,524.0,519.0,424.0,99.0,1.0,0.0,0.0,1.0,524.0,0.0,,0.0,524.0,,,p12
2020-02-05,939.0,861.0,686.0,236.0,14.0,1.0,0.0,15.0,937.0,0.0,,7.0,937.0,86.20806625486455,69.31428571428572,p12
2020-02-06,890.0,870.0,838.0,48.0,0.0,0.0,0.0,0.0,886.0,0.0,,0.0,886.0,74.10253050498535,63.0,p12
2020-02-07,871.0,802.0,738.0,124.0,3.0,2.0,0.0,5.0,867.0,0.0,,5.0,867.0,82.6097729228352,68.39,p12
2020-02-08,674.0,674.0,557.0,116.0,0.0,0.0,0.0,0.0,673.0,0.0,,0.0,673.0,80.90690319668775,64.87777777777778,p12
2020-02-09,543.0,543.0,405.0,131.0,2.0,0.0,0.0,2.0,538.0,0.0,,0.0,538.0,,,p12
2020-02-10,870.0,806.0,760.0,100.0,4.0,4.0,0.0,8.0,868.0,0.0,,2.0,868.0,81.1289698332901,68.72500000000001,p12
2020-02-11,799.0,775.0,679.0,118.0,1.0,0.0,0.0,1.0,798.0,0.0,,1.0,798.0,78.88021994018234,64.0,p12
2020-02-12,932.0,868.0,756.0,161.0,6.0,6.0,0.0,12.0,929.0,0.0,,12.0,929.0,84.36365647867262,68.87142857142857,p12
2020-02-13,820.0,770.0,727.0,92.0,0.0,0.0,0.0,0.0,819.0,0.0,,0.0,819.0,78.81455629908011,66.4888888888889,p12
2020-02-14,789.0,789.0,590.0,122.0,4.0,12.0,0.0,16.0,728.0,0.0,,0.0,651.0,86.72142077384314,67.11111111111111,p12
2020-02-15,1253.0,893.0,1200.0,110.0,0.0,0.0,0.0,0.0,1310.0,0.0,,0.0,789.0,79.53839874391205,65.975,p12
2020-02-16,688.0,688.0,548.0,123.0,5.0,9.0,0.0,14.0,685.0,0.0,,0.0,685.0,84.05556788586779,67.37142857142857,p12
2020-02-17,665.0,602.0,393.0,247.0,9.0,7.0,0.0,16.0,656.0,0.0,,0.0,656.0,92.83562826505302,72.5,p12
2020-02-18,784.0,761.0,638.0,143.0,0.0,0.0,0.0,0.0,781.0,0.0,,0.0,781.0,82.08506230218778,68.0,p12
2020-02-19,1124.0,1065.0,729.0,304.0,30.0,1.0,0.0,31.0,1064.0,0.0,,0.0,1124.0,88.74595734929365,69.73409090909091,p12
2020-02-20,1290.0,931.0,993.0,318.0,37.0,0.0,0.0,37.0,1348.0,0.0,,0.0,1288.0,84.54558663386302,66.73928571428571,p12
2020-02-21,782.0,782.0,533.0,188.0,0.0,0.0,0.0,0.0,721.0,0.0,,0.0,781.0,89.78358276380044,76.66666666666667,p12
2020-02-22,1265.0,907.0,647.0,600.0,20.0,0.0,0.0,20.0,1267.0,0.0,,0.0,1265.0,93.6947136526188,72.75,p12
2020-02-23,1394.0,1035.0,858.0,505.0,27.0,0.0,0.0,27.0,1390.0,0.0,,0.0,1272.0,91.1226660699538,67.85892857142858,p12
2020-02-24,1220.0,861.0,865.0,382.0,33.0,0.0,0.0,33.0,1280.0,0.0,,0.0,1220.0,87.46384107468124,67.98571428571428,p12
2020-02-25,604.0,541.0,400.0,179.0,17.0,3.0,0.0,20.0,599.0,0.0,,10.0,599.0,,,p12
2020-02-26,886.0,886.0,774.0,109.0,3.0,0.0,0.0,3.0,886.0,0.0,,0.0,886.0,79.09665108844003,64.74603174603175,p12
2020-02-27,1109.0,1079.0,781.0,260.0,6.0,0.0,0.0,6.0,1047.0,0.0,,0.0,1107.0,85.63094716685502,67.54285714285714,p12
2020-02-28,1239.0,879.0,812.0,466.0,16.0,0.0,0.0,16.0,1294.0,0.0,,0.0,1234.0,88.70065002303657,70.33333333333333,p12
2020-02-29,330.0,330.0,286.0,43.0,0.0,0.0,0.0,0.0,329.0,0.0,,0.0,329.0,,,p12
2020-03-01,780.0,780.0,736.0,42.0,0.0,0.0,0.0,0.0,778.0,0.0,,0.0,778.0,80.76143230876522,72.06363636363636,p12
2020-03-02,913.0,847.0,702.0,210.0,0.0,0.0,0.0,0.0,912.0,0.0,,0.0,912.0,84.69304950349358,67.5,p12
2020-03-03,933.0,904.0,835.0,92.0,3.0,0.0,0.0,3.0,930.0,0.0,,0.0,930.0,81.00223401449207,71.0,p12
2020-03-04,464.0,464.0,407.0,51.0,4.0,0.0,0.0,4.0,462.0,0.0,,0.0,462.0,,,p12
2020-03-05,879.0,846.0,794.0,82.0,3.0,0.0,0.0,3.0,879.0,0.0,,0.0,879.0,80.88708632727403,69.65333333333334,p12
2020-03-06,101.0,35.0,38.0,61.0,0.0,0.0,0.0,0.0,99.0,0.0,,0.0,99.0,,,p12
2020-03-07,308.0,308.0,287.0,18.0,0.0,0.0,0.0,0.0,305.0,0.0,,0.0,305.0,,,p12
2020-03-08,592.0,592.0,518.0,73.0,0.0,0.0,0.0,0.0,591.0,0.0,,0.0,591.0,,,p12
2020-03-09,948.0,883.0,722.0,210.0,8.0,0.0,0.0,8.0,940.0,0.0,,0.0,940.0,85.62190541432562,68.4,p12
2020-03-10,4.0,4.0,4.0,0.0,0.0,0.0,0.0,0.0,4.0,0.0,,0.0,4.0,,,p12
2020-03-11,920.0,897.0,829.0,91.0,0.0,0.0,0.0,0.0,920.0,0.0,,0.0,920.0,78.5589144943221,66.75714285714285,p12
2020-03-12,283.0,283.0,177.0,46.0,0.0,0.0,0.0,0.0,223.0,0.0,,0.0,283.0,,,p12
2020-03-13,1436.0,1076.0,843.0,577.0,14.0,0.0,0.0,14.0,1434.0,0.0,,0.0,1434.0,91.58063910171651,73.125,p12
2020-03-14,299.0,296.0,237.0,120.0,1.0,0.0,0.0,1.0,358.0,0.0,,0.0,298.0,,,p12
2020-03-15,795.0,795.0,255.0,451.0,29.0,0.0,0.0,29.0,735.0,0.0,,0.0,795.0,101.59845403722764,84.20454545454545,p12
2020-03-16,1437.0,1079.0,905.0,491.0,36.0,0.0,0.0,36.0,1432.0,0.0,,0.0,1432.0,90.31474325255748,71.17,p12
2020-03-17,534.0,177.0,251.0,315.0,28.0,0.0,0.0,28.0,594.0,0.0,,0.0,534.0,,,p12
2020-03-18,0.0,0.0,,,,,,,,0.0,,0.0,,,,p12
2020-03-19,0.0,0.0,,,,,,,,0.0,,0.0,,,,p12
2020-03-20,0.0,0.0,,,,,,,,0.0,,0.0,,,,p12
2020-03-21,6.0,6.0,5.0,0.0,0.0,0.0,0.0,0.0,5.0,0.0,,0.0,5.0,,,p12
2020-03-22,8.0,8.0,1.0,0.0,0.0,0.0,0.0,0.0,1.0,0.0,,0.0,1.0,,,p12
2020-03-23,0.0,0.0,,,,,,,,0.0,,0.0,,,,p12
2020-03-24,0.0,0.0,,,,,,,,0.0,,0.0,,,,p12
2020-03-25,0.0,0.0,,,,,,,,0.0,,0.0,,,,p12
2020-03-26,0.0,0.0,,,,,,,,0.0,,0.0,,,,p12
2020-03-27,0.0,0.0,,,,,,,,0.0,,0.0,,,,p12
2020-03-28,0.0,0.0,,,,,,,,0.0,,0.0,,,,p12
2020-03-29,0.0,0.0,,,,,,,,0.0,,0.0,,,,p12
2020-03-30,0.0,0.0,,,,,,,,0.0,,0.0,,,,p12
2020-03-31,0.0,0.0,,,,,,,,0.0,,0.0,,,,p12
2019-11-01,0.0,0.0,,,,,,,,0.0,,0.0,,,,p13
2019-11-02,0.0,0.0,,,,,,,,0.0,,0.0,,,,p13
2019-11-03,0.0,0.0,,,,,,,,0.0,,0.0,,,,p13
2019-11-04,0.0,0.0,,,,,,,,0.0,,0.0,,,,p13
2019-11-05,0.0,0.0,,,,,,,,0.0,,0.0,,,,p13
2019-11-06,0.0,0.0,,,,,,,,0.0,,0.0,,,,p13
2019-11-07,0.0,0.0,,,,,,,,0.0,,0.0,,,,p13
2019-11-08,0.0,0.0,,,,,,,,0.0,,0.0,,,,p13
2019-11-09,0.0,0.0,,,,,,,,0.0,,0.0,,,,p13
2019-11-10,0.0,0.0,,,,,,,,0.0,,0.0,,,,p13
2019-11-11,562.0,562.0,315.0,156.0,14.0,16.0,0.0,30.0,501.0,30.266666666666666,154.0,28.0,531.0,,,p13
2019-11-12,1392.0,1035.0,1177.0,210.0,2.0,0.0,0.0,2.0,1389.0,0.0,,0.0,950.0,76.39685505430242,61.8547619047619,p13
2019-11-13,1104.0,763.0,1012.0,86.0,2.0,0.0,0.0,2.0,1100.0,0.0,,0.0,751.0,72.64344313402236,60.285714285714285,p13
2019-11-14,1378.0,1019.0,1313.0,60.0,0.0,0.0,0.0,0.0,1373.0,0.0,,0.0,882.0,68.36136089596974,57.0,p13
2019-11-15,1395.0,1036.0,1304.0,92.0,0.0,0.0,0.0,0.0,1396.0,0.0,,0.0,934.0,72.47474098587588,59.16666666666666,p13
2019-11-16,1030.0,670.0,841.0,179.0,8.0,0.0,0.0,8.0,1028.0,0.0,112.22322720694646,8.0,594.0,,,p13
2019-11-17,1404.0,1047.0,1264.0,137.0,0.0,0.0,0.0,0.0,1401.0,0.0,85.0,0.0,861.0,77.14664724229185,64.0,p13
2019-11-18,1420.0,1060.0,1253.0,168.0,0.0,0.0,0.0,0.0,1421.0,0.0,,0.0,998.0,77.60311550228884,61.0,p13
2019-11-19,1420.0,1060.0,1282.0,136.0,0.0,0.0,0.0,0.0,1418.0,0.0,,0.0,976.0,78.35515736256002,62.15476190476191,p13
2019-11-20,1400.0,1041.0,1269.0,132.0,0.0,0.0,0.0,0.0,1401.0,0.0,,0.0,942.0,77.48104080691661,61.803333333333335,p13
2019-11-21,1266.0,907.0,1028.0,233.0,1.0,0.0,0.0,1.0,1262.0,0.0,,0.0,812.0,80.69800845364269,61.1452380952381,p13
2019-11-22,1378.0,1018.0,1145.0,232.0,7.0,0.0,0.0,7.0,1384.0,0.0,,0.0,951.0,80.7302191586892,61.333333333333336,p13
2019-11-23,496.0,142.0,544.0,2.0,0.0,0.0,0.0,0.0,546.0,0.0,,0.0,59.0,,,p13
2019-11-24,1429.0,1070.0,1209.0,159.0,0.0,0.0,0.0,0.0,1368.0,0.0,,0.0,945.0,80.63823762950747,65.5,p13
2019-11-25,1407.0,1047.0,1231.0,175.0,0.0,0.0,0.0,0.0,1406.0,0.0,,0.0,964.0,76.91321648614179,58.260714285714286,p13
2019-11-26,1367.0,1010.0,1239.0,120.0,0.0,0.0,0.0,0.0,1359.0,0.0,,0.0,944.0,75.0105833608482,57.0,p13
2019-11-27,1369.0,1017.0,1203.0,171.0,0.0,0.0,0.0,0.0,1374.0,0.0,,0.0,955.0,77.50273312783784,60.885,p13
2019-11-28,1389.0,1036.0,1099.0,274.0,4.0,0.0,0.0,4.0,1377.0,0.0,107.0,0.0,871.0,80.1864868669522,57.0,p13
2019-11-29,1350.0,1004.0,1298.0,47.0,0.0,0.0,0.0,0.0,1345.0,0.0,,0.0,934.0,68.57421816822246,57.6,p13
2019-11-30,1345.0,988.0,1154.0,250.0,1.0,0.0,0.0,1.0,1405.0,0.0,110.0,0.0,802.0,86.27953857240017,71.0125,p13
2019-12-01,0.0,0.0,,,,,,,,0.0,,0.0,,,,p13
2019-12-02,0.0,0.0,,,,,,,,0.0,,0.0,,,,p13
2019-12-03,0.0,0.0,,,,,,,,0.0,,0.0,,,,p13
2019-12-04,0.0,0.0,,,,,,,,0.0,,0.0,,,,p13
2019-12-05,0.0,0.0,,,,,,,,0.0,,0.0,,,,p13
2019-12-06,0.0,0.0,,,,,,,,0.0,,0.0,,,,p13
2019-12-07,0.0,0.0,,,,,,,,0.0,,0.0,,,,p13
2019-12-08,0.0,0.0,,,,,,,,0.0,,0.0,,,,p13
2019-12-09,667.0,667.0,577.0,29.0,0.0,0.0,0.0,0.0,606.0,0.0,,0.0,608.0,68.11694256949191,54.235,p13
2019-12-10,1412.0,1053.0,1320.0,87.0,0.0,0.0,0.0,0.0,1407.0,0.0,,0.0,919.0,70.04576842574666,56.59111111111111,p13
2019-12-11,1398.0,1042.0,1403.0,17.0,0.0,0.0,0.0,0.0,1420.0,0.0,,0.0,955.0,67.4905497382199,57.375,p13
2019-12-12,1427.0,1070.0,1307.0,112.0,0.0,0.0,0.0,0.0,1419.0,0.0,,0.0,944.0,72.71781029116833,58.5875,p13
2019-12-13,1416.0,1065.0,1225.0,195.0,0.0,0.0,0.0,0.0,1420.0,0.0,,0.0,1010.0,74.69722897289729,61.775,p13
2019-12-14,1424.0,1069.0,1302.0,122.0,0.0,0.0,0.0,0.0,1424.0,0.0,,0.0,1084.0,69.91052881876222,55.67666666666667,p13
2019-12-15,1429.0,1074.0,1284.0,107.0,0.0,0.0,0.0,0.0,1391.0,0.0,,0.0,897.0,72.51936779001996,58.0,p13
2019-12-16,1086.0,730.0,1106.0,36.0,0.0,0.0,0.0,0.0,1142.0,0.0,,0.0,1084.0,68.70586196040531,54.56031746031746,p13
2019-12-17,759.0,759.0,575.0,120.0,0.0,0.0,0.0,0.0,695.0,0.0,,0.0,647.0,77.84749125166437,62.66666666666666,p13
2019-12-18,1418.0,1059.0,1237.0,175.0,0.0,0.0,0.0,0.0,1412.0,0.0,,0.0,834.0,82.25222358909409,62.66666666666666,p13
2019-12-19,1427.0,1071.0,1003.0,424.0,0.0,0.0,0.0,0.0,1427.0,0.0,,0.0,796.0,88.68168815759897,69.33333333333333,p13
2019-12-20,1341.0,981.0,1047.0,292.0,0.0,0.0,0.0,0.0,1339.0,0.0,,0.0,925.0,85.09720631020632,66.37142857142857,p13
2019-12-21,1409.0,1052.0,1225.0,167.0,0.0,0.0,0.0,0.0,1392.0,0.0,,0.0,880.0,79.32394813868349,63.16666666666666,p13
2019-12-22,1432.0,1073.0,1306.0,121.0,0.0,0.0,0.0,0.0,1427.0,0.0,,0.0,843.0,74.79391752639083,58.20444444444445,p13
2019-12-23,1068.0,709.0,948.0,170.0,1.0,0.0,0.0,1.0,1119.0,0.0,,1.0,515.0,,,p13
2019-12-24,0.0,0.0,,,,,,,,0.0,,0.0,,,,p13
2019-12-25,0.0,0.0,,,,,,,,0.0,,0.0,,,,p13
2019-12-26,0.0,0.0,,,,,,,,0.0,,0.0,,,,p13
2019-12-27,1358.0,1071.0,1276.0,24.0,0.0,0.0,0.0,0.0,1300.0,0.0,,0.0,816.0,75.46119223573268,63.0,p13
2019-12-28,1376.0,1017.0,1317.0,56.0,0.0,0.0,0.0,0.0,1373.0,0.0,,0.0,946.0,71.72654905289683,60.0,p13
2019-12-29,686.0,326.0,746.0,0.0,0.0,0.0,0.0,0.0,746.0,0.0,,0.0,27.0,,,p13
2019-12-30,0.0,0.0,,,,,,,,0.0,,0.0,,,,p13
2019-12-31,0.0,0.0,,,,,,,,0.0,,0.0,,,,p13
2020-01-01,343.0,343.0,282.0,4.0,0.0,0.0,0.0,0.0,286.0,0.0,,0.0,342.0,,,p13
2020-01-02,1431.0,1071.0,1294.0,114.0,14.0,7.0,0.0,21.0,1429.0,21.85,128.26623036649215,21.0,953.0,75.25230845406054,59.5,p13
2020-01-03,919.0,560.0,959.0,18.0,0.0,0.0,0.0,0.0,977.0,0.0,,0.0,449.0,,,p13
2020-01-04,479.0,479.0,410.0,9.0,0.0,0.0,0.0,0.0,419.0,0.0,,0.0,477.0,,,p13
2020-01-05,1029.0,670.0,990.0,35.0,0.0,0.0,0.0,0.0,1025.0,0.0,,0.0,510.0,,,p13
2020-01-06,1434.0,1074.0,1229.0,196.0,7.0,0.0,0.0,7.0,1432.0,0.0,106.8843410852713,3.0,902.0,80.90938375632454,64.9,p13
2020-01-07,1423.0,1063.0,1295.0,89.0,8.0,23.0,0.0,31.0,1415.0,25.466666666666665,165.0,26.0,930.0,79.3313694143285,65.0,p13
2020-01-08,1431.0,1071.0,1386.0,42.0,0.0,0.0,0.0,0.0,1428.0,0.0,,0.0,966.0,72.15421977091232,61.13392857142857,p13
2020-01-09,1311.0,951.0,1255.0,51.0,2.0,0.0,0.0,2.0,1308.0,0.0,,0.0,901.0,68.13997138020446,58.0,p13
2020-01-10,1425.0,1065.0,1350.0,72.0,0.0,0.0,0.0,0.0,1422.0,0.0,,0.0,961.0,73.01134347788873,61.16666666666666,p13
2020-01-11,812.0,453.0,804.0,64.0,0.0,0.0,0.0,0.0,868.0,0.0,,0.0,334.0,,,p13
2020-01-12,0.0,0.0,,,,,,,,0.0,,0.0,,,,p13
2020-01-13,0.0,0.0,,,,,,,,0.0,,0.0,,,,p13
2020-01-14,0.0,0.0,,,,,,,,0.0,,0.0,,,,p13
2020-01-15,0.0,0.0,,,,,,,,0.0,,0.0,,,,p13
2020-01-16,0.0,0.0,,,,,,,,0.0,,0.0,,,,p13
2020-01-17,0.0,0.0,,,,,,,,0.0,,0.0,,,,p13
2020-01-18,0.0,0.0,,,,,,,,0.0,,0.0,,,,p13
2020-01-19,381.0,381.0,374.0,6.0,0.0,0.0,0.0,0.0,380.0,0.0,,0.0,380.0,,,p13
2020-01-20,0.0,0.0,,,,,,,,0.0,,0.0,,,,p13
2020-01-21,0.0,0.0,,,,,,,,0.0,,0.0,,,,p13
2020-01-22,0.0,0.0,,,,,,,,0.0,,0.0,,,,p13
2020-01-23,0.0,0.0,,,,,,,,0.0,,0.0,,,,p13
2020-01-24,73.0,73.0,13.0,0.0,0.0,0.0,0.0,0.0,13.0,0.0,,0.0,73.0,,,p13
2020-01-25,1429.0,1070.0,1279.0,144.0,6.0,0.0,0.0,6.0,1429.0,0.0,116.00000000000001,6.0,927.0,79.30924184746787,61.56,p13
2020-01-26,1432.0,1075.0,1292.0,128.0,7.0,0.0,0.0,7.0,1427.0,0.0,113.0,7.0,926.0,78.05440653059443,64.64583333333334,p13
2020-01-27,1433.0,1078.0,1360.0,73.0,0.0,0.0,0.0,0.0,1433.0,0.0,,0.0,1020.0,73.44070526695526,58.5,p13
2020-01-28,1427.0,1068.0,1414.0,17.0,0.0,0.0,0.0,0.0,1431.0,0.0,,0.0,898.0,65.80635539293668,57.97,p13
2020-01-29,1412.0,1066.0,1347.0,61.0,0.0,0.0,0.0,0.0,1408.0,0.0,,0.0,900.0,69.04427869969537,59.6,p13
2020-01-30,1016.0,659.0,1071.0,5.0,0.0,0.0,0.0,0.0,1076.0,0.0,,0.0,495.0,,,p13
2020-01-31,400.0,400.0,295.0,43.0,0.0,0.0,0.0,0.0,338.0,0.0,,0.0,398.0,,,p13
2020-02-01,643.0,283.0,630.0,15.0,0.0,0.0,0.0,0.0,645.0,0.0,,0.0,642.0,63.3667741612835,55.0,p13
2020-02-02,1437.0,1077.0,1377.0,49.0,0.0,0.0,0.0,0.0,1426.0,0.0,,0.0,1429.0,67.49842958728543,54.16666666666666,p13
2020-02-03,1428.0,1070.0,1319.0,107.0,1.0,0.0,0.0,1.0,1427.0,0.0,,0.0,1427.0,65.95009439676573,51.5,p13
2020-02-04,1426.0,1066.0,1379.0,40.0,0.0,0.0,0.0,0.0,1419.0,0.0,,0.0,1418.0,60.34815048022031,47.71428571428572,p13
2020-02-05,1423.0,1064.0,1401.0,18.0,0.0,0.0,0.0,0.0,1419.0,0.0,,0.0,1415.0,62.88068886747333,47.0,p13
2020-02-06,1425.0,1070.0,1365.0,55.0,0.0,0.0,0.0,0.0,1420.0,0.0,,0.0,1425.0,67.41910693400166,59.78666666666667,p13
2020-02-07,1428.0,1069.0,1385.0,37.0,0.0,0.0,0.0,0.0,1422.0,0.0,,0.0,1420.0,62.0310582942097,50.875,p13
2020-02-08,321.0,0.0,374.0,5.0,0.0,0.0,0.0,0.0,379.0,0.0,,0.0,321.0,,,p13
2020-02-09,496.0,496.0,402.0,31.0,0.0,0.0,0.0,0.0,433.0,0.0,,0.0,493.0,,,p13
2020-02-10,917.0,560.0,921.0,30.0,0.0,0.0,0.0,0.0,951.0,0.0,,0.0,913.0,62.90950018096787,52.12857142857143,p13
2020-02-11,73.0,73.0,26.0,7.0,0.0,0.0,0.0,0.0,33.0,0.0,,0.0,71.0,,,p13
2020-02-12,1435.0,1075.0,1410.0,25.0,0.0,0.0,0.0,0.0,1435.0,0.0,,0.0,1435.0,60.23491480258031,48.457142857142856,p13
2020-02-13,1435.0,1077.0,1406.0,29.0,0.0,0.0,0.0,0.0,1435.0,0.0,,0.0,1434.0,62.81674825058716,48.5,p13
2020-02-14,1011.0,652.0,1014.0,55.0,0.0,0.0,0.0,0.0,1069.0,0.0,,0.0,1010.0,66.38043561499008,51.4,p13
2020-02-15,2.0,0.0,,,,,,,,0.0,,0.0,,,,p13
2020-02-16,770.0,770.0,687.0,23.0,0.0,0.0,0.0,0.0,710.0,0.0,,0.0,770.0,69.91237373737374,60.90568181818182,p13
2020-02-17,875.0,516.0,911.0,24.0,0.0,0.0,0.0,0.0,935.0,0.0,,0.0,875.0,62.83604502164502,49.7,p13
2020-02-18,885.0,849.0,802.0,47.0,23.0,10.0,0.0,33.0,882.0,34.833333333333336,150.0,33.0,882.0,69.44218874676521,52.016666666666666,p13
2020-02-19,1024.0,1012.0,889.0,114.0,0.0,0.0,0.0,0.0,1003.0,0.0,,0.0,1021.0,67.51721015952162,53.0,p13
2020-02-20,0.0,0.0,18.0,0.0,0.0,0.0,0.0,0.0,18.0,0.0,,0.0,,,,p13
2020-02-21,0.0,0.0,,,,,,,,0.0,,0.0,,,,p13
2020-02-22,0.0,0.0,,,,,,,,0.0,,0.0,,,,p13
2020-02-23,0.0,0.0,,,,,,,,0.0,,0.0,,,,p13
2020-02-24,0.0,0.0,,,,,,,,0.0,,0.0,,,,p13
2020-02-25,0.0,0.0,,,,,,,,0.0,,0.0,,,,p13
2020-02-26,0.0,0.0,,,,,,,,0.0,,0.0,,,,p13
2020-02-27,0.0,0.0,,,,,,,,0.0,,0.0,,,,p13
2020-02-28,0.0,0.0,,,,,,,,0.0,,0.0,,,,p13
2020-02-29,0.0,0.0,,,,,,,,0.0,,0.0,,,,p13
2020-03-01,0.0,0.0,,,,,,,,0.0,,0.0,,,,p13
2020-03-02,0.0,0.0,,,,,,,,0.0,,0.0,,,,p13
2020-03-03,0.0,0.0,,,,,,,,0.0,,0.0,,,,p13
2020-03-04,0.0,0.0,,,,,,,,0.0,,0.0,,,,p13
2020-03-05,0.0,0.0,,,,,,,,0.0,,0.0,,,,p13
2020-03-06,0.0,0.0,,,,,,,,0.0,,0.0,,,,p13
2020-03-07,0.0,0.0,,,,,,,,0.0,,0.0,,,,p13
2020-03-08,0.0,0.0,,,,,,,,0.0,,0.0,,,,p13
2020-03-09,0.0,0.0,,,,,,,,0.0,,0.0,,,,p13
2020-03-10,0.0,0.0,,,,,,,,0.0,,0.0,,,,p13
2020-03-11,0.0,0.0,,,,,,,,0.0,,0.0,,,,p13
2020-03-12,0.0,0.0,,,,,,,,0.0,,0.0,,,,p13
2020-03-13,0.0,0.0,,,,,,,,0.0,,0.0,,,,p13
2020-03-14,0.0,0.0,,,,,,,,0.0,,0.0,,,,p13
2020-03-15,0.0,0.0,,,,,,,,0.0,,0.0,,,,p13
2020-03-16,0.0,0.0,,,,,,,,0.0,,0.0,,,,p13
2020-03-17,0.0,0.0,,,,,,,,0.0,,0.0,,,,p13
2020-03-18,0.0,0.0,,,,,,,,0.0,,0.0,,,,p13
2020-03-19,0.0,0.0,,,,,,,,0.0,,0.0,,,,p13
2020-03-20,616.0,616.0,447.0,108.0,0.0,0.0,0.0,0.0,555.0,0.0,,0.0,612.0,73.61145423657679,59.0125,p13
2020-03-21,499.0,146.0,546.0,3.0,0.0,0.0,0.0,0.0,549.0,0.0,,0.0,56.0,,,p13
2020-03-22,0.0,0.0,,,,,,,,0.0,,0.0,,,,p13
2020-03-23,0.0,0.0,,,,,,,,0.0,,0.0,,,,p13
2020-03-24,0.0,0.0,,,,,,,,0.0,,0.0,,,,p13
2020-03-25,0.0,0.0,,,,,,,,0.0,,0.0,,,,p13
2020-03-26,8.0,8.0,8.0,0.0,0.0,0.0,0.0,0.0,8.0,0.0,,0.0,8.0,,,p13
2020-03-27,0.0,0.0,,,,,,,,0.0,,0.0,,,,p13
2020-03-28,0.0,0.0,,,,,,,,0.0,,0.0,,,,p13
2020-03-29,0.0,0.0,,,,,,,,0.0,,0.0,,,,p13
2020-03-30,0.0,0.0,,,,,,,,0.0,,0.0,,,,p13
2020-03-31,0.0,0.0,,,,,,,,0.0,,0.0,,,,p13
2019-11-13,0.0,0.0,,,,,,,,0.0,,0.0,,,,p14
2019-11-14,1064.0,1053.0,906.0,95.0,1.0,0.0,0.0,1.0,1002.0,0.0,,1.0,807.0,72.88541670019364,63.0,p14
2019-11-15,1386.0,1045.0,1116.0,217.0,20.0,21.0,0.0,41.0,1374.0,0.0,,36.0,899.0,82.19801109778862,65.41785714285714,p14
2019-11-16,1310.0,959.0,1241.0,59.0,3.0,1.0,0.0,4.0,1304.0,0.0,,0.0,520.0,,,p14
2019-11-17,1388.0,1037.0,1341.0,39.0,0.0,0.0,1.0,0.0,1380.0,0.0,,0.0,906.0,70.04282090854939,59.0,p14
2019-11-18,1407.0,1050.0,1342.0,64.0,1.0,0.0,1.0,1.0,1407.0,0.0,,0.0,788.0,75.69828391785879,64.83333333333333,p14
2019-11-19,1375.0,1037.0,1180.0,139.0,41.0,5.0,1.0,46.0,1365.0,70.25,140.92170818505338,44.0,815.0,83.76084895055943,65.03999999999999,p14
2019-11-20,1416.0,1060.0,1355.0,59.0,0.0,0.0,1.0,0.0,1414.0,0.0,,0.0,768.0,69.7289600807179,59.2,p14
2019-11-21,1315.0,961.0,1286.0,28.0,0.0,0.0,1.0,0.0,1314.0,0.0,,0.0,722.0,71.6757110579479,62.51,p14
2019-11-22,1121.0,766.0,1115.0,1.0,0.0,0.0,1.0,0.0,1116.0,0.0,,0.0,578.0,,,p14
2019-11-23,1391.0,1044.0,1268.0,117.0,2.0,0.0,1.0,2.0,1387.0,0.0,,2.0,710.0,77.74565133223584,62.9875,p14
2019-11-24,1408.0,1050.0,1232.0,166.0,2.0,0.0,1.0,2.0,1400.0,0.0,,4.0,1038.0,78.34720776440429,63.53888888888889,p14
2019-11-25,1160.0,803.0,1103.0,49.0,1.0,1.0,1.0,2.0,1154.0,0.0,,0.0,530.0,,,p14
2019-11-26,1264.0,909.0,1178.0,85.0,1.0,0.0,1.0,1.0,1264.0,42.28333333333333,115.0,1.0,719.0,78.27743410878327,65.42285714285714,p14
2019-11-27,1354.0,1001.0,1283.0,57.0,3.0,5.0,1.0,8.0,1348.0,0.0,,8.0,842.0,72.85104163453332,61.8875,p14
2019-11-28,1399.0,1058.0,1315.0,73.0,4.0,4.0,1.0,8.0,1396.0,0.0,,8.0,897.0,74.17932602823907,63.06,p14
2019-11-29,465.0,109.0,525.0,0.0,0.0,0.0,1.0,0.0,525.0,0.0,,0.0,79.0,,,p14
2019-11-30,0.0,0.0,,,,,,,,0.0,,0.0,,,,p14
2019-12-01,0.0,0.0,,,,,,,,0.0,,0.0,,,,p14
2019-12-02,1124.0,1029.0,844.0,189.0,29.0,0.0,1.0,29.0,1062.0,33.266666666666666,137.0,28.0,929.0,88.23001861173422,72.8,p14
2019-12-03,1393.0,1045.0,1283.0,106.0,0.0,0.0,1.0,0.0,1389.0,0.0,,0.0,1033.0,81.06371347271637,71.83333333333333,p14
2019-12-04,1386.0,1042.0,1314.0,68.0,1.0,0.0,1.0,1.0,1383.0,0.0,,1.0,947.0,79.51188925763898,70.13571428571429,p14
2019-12-05,1372.0,1025.0,1260.0,110.0,0.0,0.0,1.0,0.0,1370.0,0.0,,0.0,762.0,86.65147183306632,76.57428571428571,p14
2019-12-06,1410.0,1058.0,1299.0,106.0,0.0,0.0,1.0,0.0,1405.0,0.0,,0.0,932.0,79.43470124296304,68.75,p14
2019-12-07,1371.0,1014.0,1258.0,105.0,1.0,1.0,1.0,2.0,1365.0,0.0,,2.0,821.0,79.36617835743901,63.125,p14
2019-12-08,1058.0,701.0,1048.0,5.0,0.0,0.0,1.0,0.0,1053.0,0.0,,0.0,474.0,,,p14
2019-12-09,1382.0,1040.0,1245.0,107.0,23.0,4.0,1.0,27.0,1379.0,49.86666666666667,130.0,21.0,800.0,84.21521784857296,69.375,p14
2019-12-10,992.0,764.0,745.0,208.0,27.0,11.0,1.0,38.0,991.0,50.46666666666667,144.0,38.0,700.0,93.98116346558956,72.74166666666667,p14
2019-12-11,1360.0,1008.0,1290.0,67.0,0.0,0.0,1.0,0.0,1357.0,0.0,,0.0,831.0,77.30312980240778,64.75,p14
2019-12-12,1261.0,916.0,1224.0,36.0,0.0,0.0,1.0,0.0,1260.0,0.0,,0.0,619.0,73.66864793795328,62.5,p14
2019-12-13,1332.0,1060.0,1148.0,163.0,21.0,0.0,1.0,21.0,1332.0,10.7,131.0,4.0,1052.0,81.34409641310317,64.0111111111111,p14
2019-12-14,152.0,0.0,212.0,0.0,0.0,0.0,1.0,0.0,212.0,0.0,,0.0,,,,p14
2019-12-15,0.0,0.0,,,,,,,,0.0,,0.0,,,,p14
2019-12-16,1350.0,1021.0,1231.0,48.0,3.0,0.0,1.0,3.0,1282.0,0.0,,2.0,908.0,73.34819062276134,63.0,p14
2019-12-17,1398.0,1061.0,1352.0,46.0,0.0,0.0,1.0,0.0,1398.0,0.0,,0.0,1019.0,71.82470986201626,62.75,p14
2019-12-18,1394.0,1037.0,1209.0,181.0,0.0,0.0,1.0,0.0,1390.0,0.0,,0.0,726.0,90.60006395120033,81.79166666666666,p14
2019-12-19,1367.0,1009.0,1307.0,51.0,1.0,3.0,1.0,4.0,1362.0,0.0,,4.0,511.0,,,p14
2019-12-20,1398.0,1062.0,1098.0,290.0,4.0,0.0,1.0,4.0,1392.0,0.0,,0.0,903.0,92.03830601538242,77.71555555555555,p14
2019-12-21,1382.0,1056.0,1243.0,137.0,0.0,0.0,1.0,0.0,1380.0,0.0,,0.0,895.0,78.84867687247576,65.2,p14
2019-12-22,1145.0,789.0,1064.0,80.0,0.0,0.0,1.0,0.0,1144.0,0.0,,0.0,594.0,,,p14
2019-12-23,1383.0,1030.0,1325.0,58.0,0.0,0.0,1.0,0.0,1383.0,0.0,,0.0,829.0,77.86688568434649,67.48571428571428,p14
2019-12-24,1389.0,1033.0,1356.0,28.0,0.0,0.0,1.0,0.0,1384.0,0.0,,0.0,824.0,77.42730096562013,68.35333333333334,p14
2019-12-25,1390.0,1036.0,1371.0,18.0,0.0,0.0,1.0,0.0,1389.0,0.0,,0.0,833.0,79.16659235122621,67.92,p14
2019-12-26,1383.0,1027.0,1301.0,80.0,0.0,0.0,1.0,0.0,1381.0,0.0,,0.0,890.0,82.03837706924786,69.99,p14
2019-12-27,1387.0,1027.0,1264.0,94.0,24.0,1.0,1.0,25.0,1383.0,37.45,139.0,23.0,781.0,87.39051701643616,74.0,p14
2019-12-28,1073.0,721.0,1041.0,91.0,0.0,0.0,1.0,0.0,1132.0,0.0,,0.0,679.0,81.35433256401592,70.1392857142857,p14
2019-12-29,1243.0,1066.0,1123.0,52.0,8.0,0.0,1.0,8.0,1183.0,0.0,,8.0,1241.0,80.29399855002191,70.11111111111111,p14
2019-12-30,1405.0,1050.0,1293.0,111.0,0.0,0.0,1.0,0.0,1404.0,0.0,,0.0,984.0,83.31406875080656,74.9125,p14
2019-12-31,1407.0,1049.0,1283.0,127.0,0.0,0.0,1.0,0.0,1410.0,0.0,,0.0,967.0,86.19110409009582,76.06,p14
2020-01-01,1413.0,1056.0,1271.0,136.0,1.0,0.0,1.0,1.0,1408.0,0.0,,0.0,1072.0,86.12474804683295,76.30333333333333,p14
2020-01-02,1405.0,1051.0,1259.0,146.0,1.0,0.0,1.0,1.0,1406.0,0.0,,2.0,1047.0,84.44064746937241,73.075,p14
2020-01-03,1335.0,981.0,1200.0,131.0,1.0,0.0,1.0,1.0,1332.0,0.0,,0.0,691.0,83.90997874131014,70.63636363636364,p14
2020-01-04,761.0,404.0,781.0,31.0,3.0,1.0,1.0,4.0,816.0,0.0,,0.0,234.0,,,p14
2020-01-05,671.0,671.0,517.0,65.0,10.0,17.0,1.0,27.0,609.0,23.6,161.0,22.0,557.0,,,p14
2020-01-06,1373.0,1018.0,1200.0,151.0,19.0,4.0,1.0,23.0,1374.0,46.900000000000006,132.7107320540156,20.0,804.0,86.220987585902,70.6,p14
2020-01-07,1382.0,1038.0,1261.0,103.0,2.0,3.0,1.0,5.0,1369.0,0.0,,3.0,761.0,79.72498833842461,69.6,p14
2020-01-08,1375.0,1021.0,1227.0,120.0,21.0,6.0,1.0,27.0,1374.0,23.75,154.0,23.0,851.0,85.85816212742343,71.125,p14
2020-01-09,1339.0,984.0,1146.0,173.0,2.0,2.0,1.0,4.0,1323.0,0.0,,4.0,759.0,86.00470985974938,68.5942857142857,p14
2020-01-10,1383.0,1026.0,1273.0,80.0,6.0,20.0,1.0,26.0,1379.0,22.833333333333332,166.0,22.0,804.0,78.61704754237088,60.0,p14
2020-01-11,1387.0,1027.0,1258.0,73.0,54.0,0.0,1.0,54.0,1385.0,63.95,141.0,49.0,866.0,83.37903978433671,65.16666666666667,p14
2020-01-12,957.0,599.0,898.0,58.0,0.0,0.0,1.0,0.0,956.0,0.0,,0.0,446.0,,,p14
2020-01-13,1388.0,1056.0,1347.0,38.0,0.0,0.0,1.0,0.0,1385.0,0.0,,0.0,943.0,71.42670004085699,60.67333333333333,p14
2020-01-14,1398.0,1043.0,1202.0,137.0,42.0,15.0,1.0,57.0,1396.0,51.71666666666667,149.37512085078956,44.0,773.0,90.19411635430676,70.57142857142857,p14
2020-01-15,1363.0,1008.0,1234.0,101.0,28.0,0.0,1.0,28.0,1363.0,28.116666666666667,146.0,26.0,774.0,84.12884972186647,69.725,p14
2020-01-16,1387.0,1028.0,1243.0,104.0,33.0,1.0,1.0,34.0,1381.0,27.75,149.0,32.0,959.0,80.12072681596882,61.44126984126984,p14
2020-01-17,1398.0,1042.0,1240.0,146.0,11.0,0.0,1.0,11.0,1397.0,56.88333333333333,118.84266041605625,11.0,881.0,78.3827472215727,61.5,p14
2020-01-18,1357.0,999.0,1158.0,135.0,60.0,3.0,1.0,63.0,1356.0,59.7,145.0,57.0,458.0,,,p14
2020-01-19,1048.0,688.0,943.0,80.0,19.0,1.0,1.0,20.0,1043.0,28.166666666666668,142.0,19.0,451.0,,,p14
2020-01-20,1240.0,956.0,1209.0,29.0,0.0,0.0,1.0,0.0,1238.0,0.0,,0.0,871.0,71.14984754051919,59.0,p14
2020-01-21,1359.0,1000.0,1172.0,147.0,29.0,11.0,1.0,40.0,1359.0,60.11666666666666,137.94177987247022,33.0,843.0,86.24421063506442,67.87777777777778,p14
2020-01-22,1367.0,1063.0,1241.0,82.0,30.0,11.0,1.0,41.0,1364.0,31.15,148.0,39.0,1098.0,78.44109338330104,64.57142857142857,p14
2020-01-23,1402.0,1054.0,1276.0,96.0,26.0,2.0,1.0,28.0,1400.0,29.533333333333335,140.0,26.0,1008.0,75.80882224312283,65.21555555555557,p14
2020-01-24,1297.0,937.0,1236.0,55.0,1.0,2.0,1.0,3.0,1294.0,0.0,,3.0,731.0,75.12967323951979,61.90909090909091,p14
2020-01-25,1331.0,972.0,1283.0,30.0,18.0,0.0,1.0,18.0,1331.0,19.316666666666666,143.0,18.0,586.0,,,p14
2020-01-26,1335.0,975.0,1244.0,58.0,26.0,2.0,1.0,28.0,1330.0,27.883333333333333,152.0,26.0,750.0,78.71359820312749,64.83333333333333,p14
2020-01-27,1360.0,1049.0,1293.0,65.0,0.0,0.0,1.0,0.0,1358.0,0.0,,0.0,898.0,73.59445203707453,63.439682539682536,p14
2020-01-28,1232.0,876.0,1061.0,163.0,34.0,8.0,1.0,42.0,1266.0,46.71666666666667,148.0,40.0,653.0,94.70727754911474,77.41428571428571,p14
2020-01-29,520.0,520.0,463.0,58.0,2.0,2.0,1.0,4.0,525.0,0.0,,4.0,310.0,,,p14
2020-01-30,621.0,621.0,571.0,64.0,0.0,0.0,1.0,0.0,635.0,72.33333333333333,82.0,0.0,620.0,78.63489748763087,64.69250000000001,p14
2020-01-31,884.0,884.0,795.0,83.0,3.0,0.0,1.0,3.0,881.0,0.0,,3.0,791.0,76.42902523678096,64.57142857142857,p14
2020-02-01,682.0,682.0,587.0,35.0,0.0,0.0,1.0,0.0,622.0,0.0,,0.0,494.0,,,p14
2020-02-02,1284.0,924.0,1275.0,8.0,0.0,0.0,1.0,0.0,1283.0,0.0,,0.0,650.0,68.51323015873015,61.49,p14
2020-02-03,1214.0,857.0,1230.0,43.0,0.0,0.0,1.0,0.0,1273.0,0.0,,0.0,802.0,73.71347368803728,63.161904761904765,p14
2020-02-04,1013.0,1013.0,826.0,114.0,27.0,0.0,1.0,27.0,967.0,38.233333333333334,141.0,24.0,909.0,83.14602115491545,69.48571428571428,p14
2020-02-05,1236.0,1069.0,1126.0,80.0,4.0,11.0,1.0,15.0,1221.0,0.0,,15.0,1082.0,75.12651260136091,64.0,p14
2020-02-06,1389.0,1031.0,1291.0,54.0,44.0,0.0,1.0,44.0,1389.0,48.333333333333336,140.0,41.0,989.0,83.05799524922926,68.75,p14
2020-02-07,1344.0,1041.0,1325.0,18.0,0.0,0.0,1.0,0.0,1343.0,0.0,,0.0,950.0,75.56547026657553,66.98571428571428,p14
2020-02-08,1342.0,982.0,1076.0,212.0,53.0,0.0,1.0,53.0,1341.0,47.45,147.0,43.0,661.0,91.31215403930678,67.3,p14
2020-02-09,1368.0,1009.0,1320.0,47.0,0.0,0.0,1.0,0.0,1367.0,0.0,,0.0,911.0,80.36620521508009,66.6,p14
2020-02-10,1235.0,980.0,1153.0,80.0,1.0,0.0,1.0,1.0,1234.0,0.0,,0.0,1014.0,71.79558938212784,60.16666666666666,p14
2020-02-11,1343.0,984.0,1165.0,135.0,32.0,11.0,1.0,43.0,1343.0,38.38333333333333,153.0,34.0,770.0,86.97899649954623,66.4875,p14
2020-02-12,1338.0,979.0,1298.0,42.0,0.0,0.0,1.0,0.0,1340.0,0.0,,0.0,747.0,75.21895967709222,64.83333333333333,p14
2020-02-13,970.0,808.0,978.0,47.0,0.0,2.0,1.0,2.0,1027.0,0.0,,0.0,835.0,72.33323214445865,62.285714285714285,p14
2020-02-14,1084.0,1074.0,921.0,58.0,43.0,2.0,1.0,45.0,1024.0,45.78333333333333,147.0,43.0,888.0,79.70347779399573,65.125,p14
2020-02-15,1224.0,865.0,1259.0,25.0,0.0,0.0,1.0,0.0,1284.0,0.0,90.0,0.0,832.0,73.76099607857421,63.0,p14
2020-02-16,1016.0,1016.0,913.0,41.0,0.0,0.0,1.0,0.0,954.0,0.0,,0.0,817.0,72.74093845431055,63.79111111111111,p14
2020-02-17,1337.0,978.0,1287.0,49.0,1.0,0.0,1.0,1.0,1337.0,0.0,,1.0,816.0,71.3525937706824,60.0,p14
2020-02-18,921.0,908.0,768.0,114.0,32.0,7.0,1.0,39.0,921.0,58.88333333333333,138.5819416926125,32.0,700.0,84.62795758855594,63.22,p14
2020-02-19,1304.0,946.0,1287.0,16.0,0.0,0.0,1.0,0.0,1303.0,0.0,,0.0,773.0,65.14435157339426,57.625,p14
2020-02-20,1192.0,979.0,1067.0,96.0,20.0,8.0,1.0,28.0,1191.0,27.683333333333334,155.0,25.0,796.0,80.08772608440283,62.142857142857146,p14
2020-02-21,613.0,395.0,604.0,41.0,22.0,6.0,1.0,28.0,673.0,28.766666666666666,149.0,27.0,395.0,,,p14
2020-02-22,533.0,533.0,429.0,27.0,16.0,0.0,1.0,16.0,472.0,20.783333333333335,136.0,15.0,362.0,,,p14
2020-02-23,1209.0,849.0,1168.0,22.0,11.0,7.0,1.0,18.0,1208.0,20.316666666666666,149.0,17.0,537.0,,,p14
2020-02-24,1293.0,933.0,1256.0,37.0,0.0,0.0,1.0,0.0,1293.0,0.0,,0.0,655.0,71.55127022680458,61.16666666666666,p14
2020-02-25,1397.0,1042.0,1316.0,80.0,0.0,0.0,1.0,0.0,1396.0,0.0,,0.0,834.0,75.28409471556954,62.67666666666667,p14
2020-02-26,1002.0,642.0,975.0,59.0,19.0,9.0,1.0,28.0,1062.0,27.833333333333332,154.0,26.0,614.0,80.37998482600254,61.92222222222222,p14
2020-02-27,1011.0,1011.0,920.0,31.0,0.0,0.0,1.0,0.0,951.0,0.0,,0.0,815.0,71.86087398967767,61.75,p14
2020-02-28,1380.0,1022.0,1242.0,105.0,30.0,3.0,1.0,33.0,1380.0,47.96666666666667,142.0,30.0,755.0,80.73233714882232,64.10444444444444,p14
2020-02-29,1267.0,907.0,1202.0,37.0,27.0,0.0,1.0,27.0,1266.0,30.816666666666666,142.99999999999997,26.0,628.0,77.18268622514198,60.71428571428572,p14
2020-03-01,270.0,0.0,329.0,0.0,0.0,0.0,1.0,0.0,329.0,0.0,,0.0,,,,p14
2020-03-02,0.0,0.0,,,,,,,,0.0,,0.0,,,,p14
2020-03-03,996.0,996.0,757.0,125.0,45.0,9.0,1.0,54.0,936.0,58.13333333333333,145.0,49.0,779.0,84.82540384859094,65.5,p14
2020-03-04,1343.0,1076.0,1293.0,47.0,1.0,0.0,1.0,1.0,1341.0,0.0,,1.0,910.0,69.99399414794642,59.82777777777778,p14
2020-03-05,422.0,62.0,482.0,0.0,0.0,0.0,1.0,0.0,482.0,0.0,,0.0,31.0,,,p14
2020-03-06,1019.0,1019.0,907.0,53.0,0.0,0.0,1.0,0.0,960.0,0.0,,0.0,876.0,78.23798643160045,65.9375,p14
2020-03-07,363.0,4.0,422.0,0.0,0.0,0.0,1.0,0.0,422.0,0.0,,0.0,,,,p14
2020-03-08,1121.0,1073.0,890.0,121.0,50.0,0.0,1.0,50.0,1061.0,57.05,142.0,50.0,1121.0,79.85790432789058,63.375,p14
2020-03-09,1394.0,1035.0,1288.0,86.0,20.0,0.0,1.0,20.0,1394.0,29.333333333333332,137.0,19.0,985.0,78.93177908104256,65.37142857142857,p14
2020-03-10,1393.0,1033.0,1334.0,57.0,0.0,0.0,1.0,0.0,1391.0,0.0,,0.0,1012.0,67.85166597510965,56.0,p14
2020-03-11,1347.0,989.0,1274.0,69.0,0.0,0.0,1.0,0.0,1343.0,0.0,,0.0,825.0,70.99052179806725,61.0,p14
2020-03-12,418.0,60.0,478.0,0.0,0.0,0.0,1.0,0.0,478.0,0.0,,0.0,1.0,,,p14
2020-03-13,867.0,867.0,748.0,37.0,17.0,6.0,1.0,23.0,808.0,25.866666666666667,151.0,23.0,681.0,72.22488286753345,54.0,p14
2020-03-14,1012.0,652.0,970.0,33.0,68.0,0.0,1.0,68.0,1071.0,71.36666666666666,145.0,65.0,583.0,,,p14
2020-03-15,482.0,482.0,364.0,20.0,38.0,0.0,1.0,38.0,422.0,37.88333333333333,146.0,36.0,320.0,,,p14
2020-03-16,293.0,0.0,353.0,0.0,0.0,0.0,1.0,0.0,353.0,0.0,,0.0,,,,p14
2020-03-17,588.0,588.0,468.0,32.0,22.0,4.0,1.0,26.0,526.0,25.083333333333332,152.0,25.0,381.0,,,p14
2020-03-18,1316.0,957.0,1306.0,10.0,0.0,0.0,1.0,0.0,1316.0,0.0,,0.0,744.0,67.94537376452699,61.10333333333333,p14
2020-03-19,1203.0,902.0,1092.0,55.0,44.0,11.0,1.0,55.0,1202.0,44.45,154.0,51.0,728.0,78.59871168817634,60.142857142857146,p14
2020-03-20,1017.0,990.0,1007.0,6.0,0.0,0.0,1.0,0.0,1013.0,0.0,,0.0,800.0,62.577499323593074,54.4,p14
2020-03-21,1139.0,779.0,1016.0,36.0,88.0,0.0,1.0,88.0,1140.0,86.3,148.0,83.0,613.0,84.68530079929845,59.23492063492064,p14
2020-03-22,698.0,397.0,710.0,18.0,16.0,12.0,1.0,28.0,756.0,26.516666666666666,158.0,25.0,396.0,,,p14
2020-03-23,961.0,961.0,866.0,29.0,4.0,0.0,1.0,4.0,899.0,0.0,,3.0,585.0,,,p14
2020-03-24,1202.0,956.0,1148.0,29.0,25.0,0.0,1.0,25.0,1202.0,25.766666666666666,143.0,25.0,719.0,73.21065082668805,61.42285714285715,p14
2020-03-25,984.0,645.0,937.0,21.0,25.0,0.0,1.0,25.0,983.0,24.866666666666667,146.0,22.0,437.0,,,p14
2020-03-26,1334.0,1007.0,1301.0,35.0,0.0,0.0,1.0,0.0,1336.0,0.0,,0.0,726.0,72.11875067081678,64.28571428571429,p14
2020-03-27,1211.0,998.0,1064.0,119.0,22.0,3.0,1.0,25.0,1208.0,25.733333333333334,149.0,25.0,834.0,82.05146894424703,65.5,p14
2020-03-28,719.0,523.0,704.0,14.0,0.0,0.0,1.0,0.0,718.0,0.0,,0.0,269.0,,,p14
2020-03-29,1000.0,800.0,779.0,61.0,99.0,0.0,1.0,99.0,939.0,104.71666666666667,146.0,98.0,723.0,86.66229024276697,63.285714285714285,p14
2020-03-30,1003.0,678.0,1003.0,0.0,0.0,0.0,1.0,0.0,1003.0,0.0,,0.0,584.0,,,p14
2020-03-31,1105.0,967.0,1155.0,35.0,24.0,0.0,1.0,24.0,1214.0,25.183333333333334,145.0,22.0,829.0,72.69012404803311,58.0,p14
2019-11-08,0.0,0.0,,,,,,,,0.0,,0.0,,,,p15
2019-11-09,651.0,651.0,465.0,115.0,9.0,1.0,0.0,10.0,590.0,0.0,,0.0,601.0,73.68235816688396,58.42857142857143,p15
2019-11-10,1360.0,1000.0,1094.0,191.0,63.0,0.0,0.0,63.0,1348.0,0.0,,24.0,720.0,79.75429092512425,59.42321428571429,p15
2019-11-11,1221.0,867.0,1065.0,120.0,25.0,0.0,0.0,25.0,1210.0,0.0,,20.0,747.0,70.92833150784958,57.71666666666667,p15
2019-11-12,1209.0,853.0,1019.0,132.0,25.0,29.0,0.0,54.0,1205.0,42.666666666666664,146.0,52.0,725.0,76.04381014858134,57.5,p15
2019-11-13,1327.0,990.0,1050.0,169.0,67.0,11.0,0.0,78.0,1297.0,80.76666666666667,123.99999999999999,76.0,874.0,76.88910109479046,57.0,p15
2019-11-14,1408.0,1050.0,1333.0,72.0,1.0,0.0,0.0,1.0,1406.0,0.0,,0.0,1027.0,64.60180761573167,53.93333333333334,p15
2019-11-15,1399.0,1043.0,1244.0,134.0,22.0,1.0,0.0,23.0,1401.0,54.03333333333333,114.00000000000001,21.0,931.0,70.49168440149128,58.5,p15
2019-11-16,1365.0,1011.0,1179.0,151.0,32.0,0.0,0.0,32.0,1362.0,567.1666666666666,63.19905965324714,27.0,863.0,73.2603299397355,60.0,p15
2019-11-17,1399.0,1039.0,1142.0,207.0,43.0,5.0,0.0,48.0,1397.0,0.0,117.81134856300663,47.0,837.0,78.89624220529238,61.23888888888889,p15
2019-11-18,1233.0,878.0,982.0,231.0,17.0,0.0,0.0,17.0,1230.0,0.0,,16.0,805.0,75.90893867692004,58.25333333333333,p15
2019-11-19,1406.0,1048.0,1276.0,97.0,14.0,18.0,0.0,32.0,1405.0,23.966666666666665,108.67454798331016,10.0,829.0,72.0940667184271,59.625,p15
2019-11-20,1388.0,1039.0,1213.0,110.0,61.0,2.0,0.0,63.0,1386.0,73.16666666666667,119.99999999999999,62.0,856.0,72.08991099106436,54.57142857142857,p15
2019-11-21,1378.0,1023.0,1209.0,115.0,28.0,20.0,0.0,48.0,1372.0,22.116666666666667,113.0,46.0,915.0,70.92133370820467,57.05714285714286,p15
2019-11-22,1387.0,1033.0,1229.0,101.0,44.0,7.0,0.0,51.0,1381.0,75.83333333333333,111.0,51.0,949.0,71.70301839293843,55.42857142857143,p15
2019-11-23,1407.0,1048.0,1240.0,150.0,14.0,4.0,0.0,18.0,1408.0,86.78333333333333,99.0,18.0,918.0,74.89156859988914,63.06363636363636,p15
2019-11-24,1136.0,777.0,1044.0,90.0,1.0,0.0,0.0,1.0,1135.0,0.0,,1.0,695.0,67.19697109844591,54.46666666666667,p15
2019-11-25,1395.0,1040.0,1231.0,133.0,30.0,0.0,0.0,30.0,1394.0,68.15,111.0,29.0,861.0,69.53851777713787,55.875,p15
2019-11-26,1390.0,1042.0,1223.0,122.0,12.0,30.0,0.0,42.0,1387.0,45.06666666666667,128.0,38.0,873.0,72.45762865198395,57.721428571428575,p15
2019-11-27,1383.0,1030.0,1250.0,135.0,0.0,0.0,0.0,0.0,1385.0,0.0,,0.0,1008.0,68.17143401131496,56.7,p15
2019-11-28,1395.0,1045.0,1209.0,151.0,32.0,0.0,0.0,32.0,1392.0,63.0,115.0,32.0,838.0,72.66027743043128,58.957142857142856,p15
2019-11-29,1102.0,756.0,918.0,112.0,68.0,3.0,0.0,71.0,1101.0,81.7,124.00000000000001,68.0,521.0,,,p15
2019-11-30,1390.0,1036.0,1163.0,166.0,48.0,16.0,0.0,64.0,1393.0,69.08333333333333,128.0,58.0,915.0,76.48804004619016,58.6,p15
2019-12-01,1404.0,1052.0,1222.0,136.0,39.0,2.0,0.0,41.0,1399.0,60.05,118.0,37.0,916.0,72.45941239536337,58.8,p15
2019-12-02,1414.0,1057.0,1202.0,168.0,33.0,7.0,0.0,40.0,1410.0,33.71666666666667,115.0,33.0,929.0,73.30546287331454,56.0,p15
2019-12-03,1415.0,1057.0,1289.0,94.0,32.0,0.0,0.0,32.0,1415.0,38.95,124.0,32.0,921.0,68.80615291292474,55.22222222222222,p15
2019-12-04,1387.0,1029.0,1346.0,39.0,1.0,0.0,0.0,1.0,1386.0,0.0,,0.0,873.0,62.778123651835,54.285714285714285,p15
2019-12-05,1416.0,1058.0,1250.0,141.0,19.0,3.0,0.0,22.0,1413.0,0.0,,10.0,957.0,68.77598714416895,56.39,p15
2019-12-06,1334.0,976.0,1178.0,146.0,7.0,0.0,0.0,7.0,1331.0,73.3,100.0,8.0,860.0,68.61954439996958,57.333333333333336,p15
2019-12-07,1362.0,1006.0,1253.0,81.0,27.0,0.0,0.0,27.0,1361.0,82.0,109.0,28.0,799.0,69.44993257782669,58.088888888888896,p15
2019-12-08,1398.0,1038.0,1227.0,144.0,25.0,1.0,0.0,26.0,1397.0,70.33333333333333,112.0,28.0,777.0,73.41539299424677,59.0,p15
2019-12-09,1385.0,1029.0,1190.0,191.0,1.0,0.0,0.0,1.0,1382.0,80.0,81.0,0.0,924.0,70.32263649950339,57.775,p15
2019-12-10,1408.0,1059.0,1248.0,104.0,24.0,32.0,0.0,56.0,1408.0,53.36666666666667,130.0,44.0,937.0,71.74043249437653,59.333333333333336,p15
2019-12-11,1312.0,953.0,1165.0,103.0,41.0,1.0,0.0,42.0,1310.0,20.616666666666667,117.0,41.0,787.0,70.90627491364326,56.5,p15
2019-12-12,1407.0,1047.0,1274.0,93.0,14.0,23.0,0.0,37.0,1404.0,56.56666666666667,126.0,36.0,922.0,69.28847947281272,57.625,p15
2019-12-13,1153.0,796.0,1104.0,49.0,0.0,0.0,0.0,0.0,1153.0,0.0,,0.0,781.0,65.24965329165073,56.0,p15
2019-12-14,1393.0,1036.0,1258.0,114.0,11.0,9.0,0.0,20.0,1392.0,836.6833333333333,72.0,22.0,883.0,69.11111808473603,55.82333333333333,p15
2019-12-15,1391.0,1031.0,1305.0,58.0,19.0,4.0,0.0,23.0,1386.0,81.83333333333333,102.0,24.0,810.0,65.64712163002501,55.0,p15
2019-12-16,1372.0,1013.0,1179.0,110.0,74.0,7.0,0.0,81.0,1370.0,84.76666666666667,118.0,81.0,753.0,73.9161748376917,55.43174603174603,p15
2019-12-17,1323.0,967.0,1166.0,90.0,33.0,0.0,0.0,33.0,1289.0,723.1666666666666,58.0,33.0,890.0,68.90227063559522,52.91666666666666,p15
2019-12-18,1363.0,1003.0,1177.0,153.0,32.0,0.0,0.0,32.0,1362.0,43.5,120.0,31.0,913.0,69.20876116828765,54.44285714285714,p15
2019-12-19,1385.0,1028.0,1153.0,209.0,13.0,5.0,0.0,18.0,1380.0,31.533333333333335,116.0,18.0,910.0,70.12346123486711,54.70285714285714,p15
2019-12-20,1094.0,737.0,910.0,114.0,55.0,7.0,0.0,62.0,1086.0,104.4,112.0,62.0,615.0,73.76233770426694,54.457142857142856,p15
2019-12-21,1383.0,1027.0,1149.0,190.0,26.0,23.0,0.0,49.0,1388.0,85.26666666666667,121.0,50.0,890.0,73.28537910774611,53.36607142857143,p15
2019-12-22,1392.0,1038.0,1216.0,82.0,80.0,8.0,0.0,88.0,1386.0,134.18333333333334,119.0,85.0,791.0,74.7616365533523,58.25,p15
2019-12-23,1325.0,971.0,1011.0,200.0,95.0,22.0,0.0,117.0,1328.0,161.71666666666667,120.0,112.0,740.0,83.89937650644315,60.37083333333334,p15
2019-12-24,1383.0,1024.0,1311.0,64.0,0.0,0.0,0.0,0.0,1375.0,0.0,,0.0,846.0,66.49923410907454,56.125,p15
2019-12-25,1395.0,1041.0,1163.0,115.0,109.0,7.0,0.0,116.0,1394.0,180.05,118.0,117.0,764.0,78.0305663217529,57.46111111111111,p15
2019-12-26,1387.0,1030.0,1240.0,119.0,26.0,1.0,0.0,27.0,1386.0,57.166666666666664,113.0,28.0,782.0,68.08885246887053,51.803333333333335,p15
2019-12-27,1383.0,1034.0,1142.0,169.0,55.0,17.0,0.0,72.0,1383.0,162.11666666666667,115.99999999999999,73.0,842.0,74.52687207581366,54.62916666666667,p15
2019-12-28,1353.0,1004.0,1168.0,104.0,60.0,14.0,0.0,74.0,1346.0,4.55,121.97215035763202,68.0,819.0,72.25532200335513,54.24,p15
2019-12-29,1120.0,767.0,1027.0,81.0,28.0,0.0,0.0,28.0,1136.0,74.08333333333333,110.0,30.0,535.0,,,p15
2019-12-30,1389.0,1031.0,1207.0,72.0,76.0,15.0,0.0,91.0,1370.0,131.8,121.0,88.0,900.0,72.92823685852431,55.77777777777778,p15
2019-12-31,1384.0,1036.0,1228.0,56.0,83.0,17.0,0.0,100.0,1384.0,123.7,129.0,102.0,889.0,74.17473765750076,57.78285714285714,p15
2020-01-01,1402.0,1043.0,1187.0,119.0,90.0,22.0,0.0,112.0,1418.0,147.68333333333334,122.00000000000001,109.0,916.0,75.65699430602734,56.12698412698413,p15
2020-01-02,1387.0,1028.0,1316.0,70.0,3.0,0.0,0.0,3.0,1389.0,0.0,,3.0,852.0,62.37391275260994,52.0,p15
2020-01-03,1396.0,1040.0,1258.0,63.0,28.0,26.0,0.0,54.0,1375.0,79.45,128.0,54.0,917.0,68.28045145164292,51.16,p15
2020-01-04,1383.0,1038.0,1248.0,133.0,0.0,0.0,0.0,0.0,1381.0,0.0,,0.0,717.0,67.23630783829528,53.95,p15
2020-01-05,1276.0,928.0,1153.0,121.0,0.0,0.0,0.0,0.0,1274.0,141.43333333333334,88.0,0.0,679.0,67.2758865737911,52.0,p15
2020-01-06,1382.0,1035.0,1168.0,161.0,52.0,2.0,0.0,54.0,1383.0,92.03333333333333,119.00000000000001,53.0,966.0,71.80862488380468,52.87857142857143,p15
2020-01-07,1356.0,999.0,1209.0,111.0,29.0,1.0,0.0,30.0,1350.0,46.9,116.0,30.0,868.0,68.2437611775117,53.739285714285714,p15
2020-01-08,1387.0,1034.0,1236.0,91.0,51.0,2.0,0.0,53.0,1380.0,79.76666666666667,115.0,50.0,924.0,67.70636044082126,53.333333333333336,p15
2020-01-09,1399.0,1043.0,1263.0,112.0,22.0,0.0,0.0,22.0,1397.0,34.11666666666667,105.0,20.0,906.0,66.91523525454241,54.0,p15
2020-01-10,1401.0,1049.0,1311.0,45.0,19.0,25.0,0.0,44.0,1400.0,71.08333333333333,126.99999999999999,42.0,883.0,67.11238102615098,55.5,p15
2020-01-11,1387.0,1033.0,1110.0,223.0,41.0,15.0,0.0,56.0,1389.0,128.81666666666666,115.0,54.0,774.0,78.968005020846,57.285714285714285,p15
2020-01-12,1402.0,1048.0,1223.0,100.0,31.0,48.0,0.0,79.0,1402.0,131.78333333333333,134.0,80.0,783.0,76.82209481764208,57.25714285714286,p15
2020-01-13,1161.0,805.0,962.0,137.0,59.0,1.0,0.0,60.0,1159.0,96.66666666666667,118.0,60.0,747.0,72.41622986289076,55.873333333333335,p15
2020-01-14,1393.0,1039.0,1231.0,123.0,24.0,13.0,0.0,37.0,1391.0,112.45,96.0,36.0,969.0,67.99875771385713,52.65833333333333,p15
2020-01-15,1372.0,1015.0,1203.0,117.0,46.0,0.0,0.0,46.0,1366.0,66.83333333333333,116.0,46.0,969.0,68.97604117902108,56.0,p15
2020-01-16,1373.0,1021.0,1144.0,92.0,112.0,20.0,0.0,132.0,1368.0,165.36666666666667,125.00000000000001,131.0,879.0,77.69127988483807,57.217777777777776,p15
2020-01-17,1405.0,1045.0,1233.0,120.0,39.0,12.0,0.0,51.0,1404.0,54.45,131.0,48.0,917.0,73.89051601546979,59.5,p15
2020-01-18,1417.0,1060.0,1263.0,61.0,77.0,14.0,0.0,91.0,1415.0,117.55,126.0,91.0,878.0,74.52342062900867,58.32333333333334,p15
2020-01-19,1311.0,954.0,1138.0,79.0,84.0,8.0,0.0,92.0,1309.0,116.95,123.0,91.0,756.0,76.66461136926806,57.30952380952381,p15
2020-01-20,1340.0,983.0,1134.0,143.0,54.0,1.0,0.0,55.0,1332.0,85.11666666666666,118.0,55.0,945.0,70.35445597370077,53.44,p15
2020-01-21,1396.0,1036.0,1276.0,49.0,22.0,49.0,0.0,71.0,1396.0,83.23333333333333,139.0,68.0,793.0,70.45936881035696,52.75,p15
2020-01-22,1403.0,1049.0,1176.0,163.0,58.0,4.0,0.0,62.0,1401.0,72.46666666666667,124.0,58.0,943.0,71.84110258652574,54.43174603174603,p15
2020-01-23,1379.0,1027.0,1196.0,140.0,34.0,5.0,0.0,39.0,1375.0,5.283333333333333,140.0,5.0,950.0,69.6244559174792,54.5,p15
2020-01-24,1405.0,1048.0,1244.0,153.0,0.0,3.0,0.0,3.0,1400.0,0.0,,0.0,1003.0,68.59076827957686,55.42857142857143,p15
2020-01-25,1407.0,1052.0,1213.0,168.0,18.0,0.0,0.0,18.0,1399.0,0.0,,15.0,949.0,68.91488519091259,53.23333333333333,p15
2020-01-26,1400.0,1045.0,1271.0,114.0,14.0,0.0,0.0,14.0,1399.0,164.83333333333334,90.0,13.0,743.0,66.0756940015193,53.17333333333333,p15
2020-01-27,1311.0,958.0,1168.0,79.0,63.0,1.0,0.0,64.0,1311.0,79.56666666666666,122.0,64.0,847.0,69.06445410333372,53.0,p15
2020-01-28,1389.0,1035.0,1273.0,46.0,31.0,35.0,0.0,66.0,1385.0,71.3,142.0,65.0,779.0,70.66797739473887,56.48,p15
2020-01-29,1376.0,1031.0,1185.0,116.0,61.0,6.0,0.0,67.0,1368.0,67.71666666666667,117.0,66.0,937.0,71.71732327372887,54.833333333333336,p15
2020-01-30,1379.0,1030.0,1234.0,82.0,58.0,2.0,0.0,60.0,1376.0,92.65,117.0,60.0,864.0,70.60088078257492,56.71428571428572,p15
2020-01-31,1381.0,1026.0,1247.0,59.0,56.0,16.0,0.0,72.0,1378.0,78.8,126.0,66.0,817.0,71.809932890879,55.54285714285714,p15
2020-02-01,1290.0,935.0,1149.0,64.0,63.0,13.0,0.0,76.0,1289.0,101.8,123.99999999999999,74.0,787.0,72.35782281459842,55.333333333333336,p15
2020-02-02,1360.0,1002.0,1096.0,153.0,91.0,11.0,0.0,102.0,1351.0,126.21666666666667,120.0,89.0,785.0,78.13928019431224,56.5,p15
2020-02-03,1338.0,985.0,1159.0,153.0,8.0,0.0,0.0,8.0,1320.0,0.0,,6.0,827.0,67.81165638070112,52.0,p15
2020-02-04,1333.0,982.0,1110.0,181.0,28.0,8.0,0.0,36.0,1327.0,202.36666666666667,88.0,33.0,786.0,73.19348081425694,54.28260869565217,p15
2020-02-05,1297.0,949.0,1148.0,105.0,0.0,0.0,0.0,0.0,1253.0,0.0,,0.0,874.0,64.89144637780221,54.620000000000005,p15
2020-02-06,1280.0,936.0,1083.0,106.0,66.0,10.0,0.0,76.0,1265.0,155.35,112.00000000000001,75.0,866.0,72.4794631997413,55.9375,p15
2020-02-07,1390.0,1033.0,1201.0,95.0,95.0,5.0,0.0,100.0,1396.0,169.36666666666667,111.0,98.0,970.0,73.03947449829052,55.875,p15
2020-02-08,1368.0,1012.0,1204.0,114.0,18.0,0.0,0.0,18.0,1336.0,32.71666666666667,113.0,13.0,713.0,68.2358280107396,55.2,p15
2020-02-09,1324.0,972.0,1230.0,83.0,6.0,0.0,0.0,6.0,1319.0,114.36666666666666,91.0,8.0,733.0,64.1289196589873,51.8,p15
2020-02-10,1315.0,967.0,1298.0,4.0,0.0,0.0,0.0,0.0,1302.0,0.0,,0.0,855.0,56.96060036454773,49.0,p15
2020-02-11,1368.0,1011.0,1161.0,191.0,6.0,0.0,0.0,6.0,1358.0,0.0,,0.0,797.0,67.42782240762165,51.17714285714286,p15
2020-02-12,1317.0,965.0,1148.0,119.0,3.0,0.0,0.0,3.0,1270.0,0.0,,0.0,777.0,64.77019500948072,51.833333333333336,p15
2020-02-13,1239.0,881.0,1121.0,109.0,5.0,0.0,0.0,5.0,1235.0,0.0,,5.0,778.0,64.21637588703784,49.61666666666667,p15
2020-02-14,1295.0,940.0,1194.0,46.0,9.0,6.0,0.0,15.0,1255.0,0.0,,11.0,801.0,61.26583522941201,52.0,p15
2020-02-15,1372.0,1014.0,1231.0,86.0,30.0,22.0,0.0,52.0,1369.0,119.43333333333334,113.0,51.0,768.0,71.53157921468478,55.0,p15
2020-02-16,1295.0,937.0,1233.0,30.0,0.0,0.0,0.0,0.0,1263.0,0.0,,0.0,802.0,62.16124596517365,54.16666666666666,p15
2020-02-17,1368.0,1010.0,1199.0,121.0,35.0,7.0,0.0,42.0,1362.0,108.9,109.07958564931785,42.0,792.0,72.02309218499134,55.0,p15
2020-02-18,1318.0,968.0,1093.0,128.0,75.0,7.0,0.0,82.0,1303.0,157.65,114.00000000000001,76.0,779.0,75.21658393149366,54.21111111111111,p15
2020-02-19,1375.0,1015.0,1213.0,59.0,98.0,6.0,0.0,104.0,1376.0,123.28333333333333,121.0,100.0,832.0,73.9153951041911,57.0,p15
2020-02-20,1295.0,941.0,1125.0,102.0,48.0,0.0,0.0,48.0,1275.0,84.78333333333333,110.0,38.0,871.0,68.28704576081313,53.833333333333336,p15
2020-02-21,1339.0,985.0,1124.0,85.0,106.0,0.0,0.0,106.0,1315.0,167.83333333333334,111.3612334801762,103.0,769.0,74.74579464365006,54.07272727272728,p15
2020-02-22,1375.0,1019.0,1103.0,203.0,54.0,0.0,0.0,54.0,1360.0,124.73333333333333,109.0,51.0,794.0,74.85674327032979,55.40857142857143,p15
2020-02-23,1362.0,1003.0,1222.0,133.0,0.0,0.0,0.0,0.0,1355.0,165.25,88.0,0.0,712.0,66.0055517602388,54.5,p15
2020-02-24,1345.0,990.0,1198.0,86.0,27.0,2.0,0.0,29.0,1313.0,0.0,,23.0,945.0,64.97252605419273,53.0,p15
2020-02-25,1309.0,954.0,1213.0,58.0,2.0,0.0,0.0,2.0,1273.0,0.0,,0.0,759.0,62.72505789116461,53.625,p15
2020-02-26,1338.0,982.0,1082.0,186.0,26.0,2.0,0.0,28.0,1296.0,0.0,,14.0,802.0,72.07701291504284,55.29047619047619,p15
2020-02-27,1188.0,839.0,1089.0,66.0,6.0,0.0,0.0,6.0,1161.0,0.0,,3.0,764.0,64.02692109010826,53.66666666666666,p15
2020-02-28,1341.0,982.0,1123.0,175.0,11.0,17.0,0.0,28.0,1326.0,1.4833333333333334,109.19131751640586,24.0,900.0,73.61187121212122,57.0,p15
2020-02-29,1348.0,993.0,1101.0,148.0,90.0,1.0,0.0,91.0,1340.0,173.18333333333334,112.0,91.0,885.0,75.99778208723916,57.86,p15
2020-03-01,1351.0,1002.0,1166.0,136.0,35.0,0.0,0.0,35.0,1337.0,167.2,99.0,36.0,866.0,70.47704479379198,55.6875,p15
2020-03-02,1309.0,962.0,1174.0,112.0,14.0,0.0,0.0,14.0,1300.0,0.0,,11.0,950.0,64.9022511202248,53.14107142857143,p15
2020-03-03,1370.0,1021.0,1228.0,136.0,0.0,0.0,0.0,0.0,1364.0,0.0,,0.0,1319.0,62.13156699673,51.5,p15
2020-03-04,1394.0,1038.0,1279.0,102.0,10.0,3.0,0.0,13.0,1394.0,0.0,,10.0,749.0,67.27593506108192,53.77222222222223,p15
2020-03-05,1352.0,1020.0,1039.0,209.0,31.0,6.0,0.0,37.0,1285.0,121.71666666666667,108.0,33.0,999.0,70.40457329250808,53.2,p15
2020-03-06,1308.0,962.0,971.0,210.0,99.0,21.0,0.0,120.0,1301.0,192.8,120.0,120.0,752.0,79.9786565493211,55.66666666666666,p15
2020-03-07,1360.0,1021.0,1232.0,120.0,0.0,0.0,0.0,0.0,1352.0,0.0,,0.0,963.0,62.65982229954192,52.25,p15
2020-03-08,1353.0,1013.0,1257.0,88.0,2.0,0.0,0.0,2.0,1347.0,0.0,67.0,0.0,907.0,62.40003794441501,52.0,p15
2020-03-09,1388.0,1032.0,1315.0,73.0,0.0,0.0,0.0,0.0,1388.0,0.0,,0.0,994.0,62.508766669279744,53.16666666666666,p15
2020-03-10,1380.0,1032.0,1242.0,126.0,2.0,4.0,0.0,6.0,1374.0,0.0,,0.0,912.0,63.63954230682172,51.755,p15
2020-03-11,1185.0,840.0,1030.0,139.0,10.0,0.0,0.0,10.0,1179.0,0.0,96.0,9.0,1130.0,63.51903286978508,49.5,p15
2020-03-12,1342.0,983.0,1120.0,185.0,48.0,0.0,0.0,48.0,1353.0,346.23333333333335,83.0,43.0,861.0,72.49480837912894,51.285714285714285,p15
2020-03-13,1412.0,1052.0,1133.0,152.0,117.0,2.0,0.0,119.0,1404.0,119.88333333333334,122.0,103.0,939.0,76.47521191844505,54.27857142857143,p15
2020-03-14,1417.0,1057.0,1041.0,259.0,105.0,0.0,0.0,105.0,1405.0,159.65,115.0,81.0,844.0,81.64207494663353,56.3,p15
2020-03-15,1422.0,1062.0,1168.0,227.0,24.0,1.0,0.0,25.0,1420.0,0.0,,4.0,870.0,70.28811232190543,50.5,p15
2020-03-16,1423.0,1063.0,1205.0,121.0,58.0,37.0,0.0,95.0,1421.0,943.1,129.0,45.0,962.0,71.65363514396572,52.66666666666666,p15
2020-03-17,1419.0,1059.0,1189.0,158.0,68.0,1.0,0.0,69.0,1416.0,170.85,121.0,68.0,892.0,71.70521744313281,52.67142857142857,p15
2020-03-18,1415.0,1056.0,1138.0,190.0,31.0,55.0,0.0,86.0,1414.0,114.73333333333333,146.0,84.0,892.0,76.14985078532544,51.18333333333333,p15
2020-03-19,1223.0,867.0,961.0,154.0,53.0,50.0,0.0,103.0,1218.0,473.78333333333336,141.0,99.0,670.0,80.01183346992522,48.12857142857143,p15
2020-03-20,1422.0,1063.0,1201.0,214.0,5.0,0.0,0.0,5.0,1420.0,151.13333333333333,,4.0,841.0,68.9594237918196,50.6,p15
2020-03-21,1315.0,959.0,1183.0,112.0,11.0,1.0,0.0,12.0,1307.0,98.78333333333333,113.0,92.0,886.0,65.40678618532083,50.52272727272727,p15
2020-03-22,1411.0,1051.0,1068.0,238.0,74.0,23.0,0.0,97.0,1403.0,129.2,122.0,88.0,871.0,77.3967558433872,51.66666666666666,p15
2020-03-23,1410.0,1050.0,1223.0,183.0,6.0,0.0,0.0,6.0,1412.0,0.0,,4.0,949.0,64.53536269666407,48.2,p15
2020-03-24,1402.0,1042.0,1188.0,102.0,36.0,47.0,0.0,83.0,1373.0,109.7,138.0,91.0,888.0,72.62906109668276,52.190000000000005,p15
2020-03-25,1416.0,1062.0,1192.0,208.0,7.0,0.0,0.0,7.0,1407.0,0.0,,6.0,852.0,68.9806398576645,50.57428571428572,p15
2020-03-26,1041.0,682.0,946.0,59.0,7.0,4.0,0.0,11.0,1016.0,105.63333333333334,127.0,17.0,486.0,,,p15
2020-03-27,1426.0,1066.0,1100.0,289.0,31.0,1.0,0.0,32.0,1421.0,0.0,,12.0,842.0,75.53762651969303,52.8875,p15
2020-03-28,1402.0,1045.0,1187.0,83.0,13.0,103.0,0.0,116.0,1386.0,116.1,150.0,111.0,887.0,73.64217232276259,50.31428571428572,p15
2020-03-29,1407.0,1047.0,1129.0,182.0,18.0,1.0,0.0,19.0,1330.0,0.0,109.99999999999999,8.0,779.0,68.67818150327778,51.0,p15
2020-03-30,1410.0,1052.0,1147.0,148.0,51.0,52.0,0.0,103.0,1398.0,94.18333333333334,133.0,77.0,862.0,74.10246693668262,45.0,p15
2020-03-31,1409.0,1049.0,1192.0,189.0,3.0,0.0,0.0,3.0,1384.0,0.0,,0.0,855.0,67.08682400445558,49.6,p15
2019-11-01,1333.0,1049.0,1294.0,36.0,0.0,0.0,0.0,0.0,1330.0,0.0,,0.0,910.0,78.5093894597466,65.98333333333333,p16
2019-11-02,1257.0,967.0,1308.0,6.0,0.0,0.0,0.0,0.0,1314.0,0.0,,0.0,811.0,73.46315724623369,67.0,p16
2019-11-03,1123.0,876.0,1117.0,3.0,0.0,0.0,0.0,0.0,1120.0,0.0,,0.0,735.0,73.5716539545111,65.04444444444445,p16
2019-11-04,1077.0,735.0,1060.0,14.0,0.0,0.0,0.0,0.0,1074.0,0.0,,0.0,489.0,,,p16
2019-11-05,1133.0,939.0,1080.0,14.0,0.0,0.0,0.0,0.0,1094.0,0.0,,0.0,618.0,75.35905354983025,65.48333333333333,p16
2019-11-06,1228.0,928.0,1200.0,3.0,0.0,0.0,0.0,0.0,1203.0,0.0,,0.0,640.0,73.33534778589465,62.0,p16
2019-11-07,1342.0,986.0,1272.0,67.0,0.0,0.0,0.0,0.0,1339.0,0.0,,0.0,975.0,75.76917086617087,62.91428571428571,p16
2019-11-08,1371.0,1016.0,1302.0,86.0,0.0,0.0,0.0,0.0,1388.0,0.0,,0.0,938.0,76.69135945196712,66.0,p16
2019-11-09,1200.0,841.0,1181.0,3.0,0.0,0.0,0.0,0.0,1184.0,0.0,,0.0,522.0,,,p16
2019-11-10,966.0,762.0,952.0,1.0,0.0,0.0,0.0,0.0,953.0,0.0,,0.0,597.0,,,p16
2019-11-11,956.0,598.0,953.0,0.0,0.0,0.0,0.0,0.0,953.0,0.0,,0.0,422.0,,,p16
2019-11-12,1119.0,761.0,1104.0,68.0,2.0,0.0,0.0,2.0,1174.0,0.0,,0.0,689.0,81.44403023601137,68.48,p16
2019-11-13,1128.0,821.0,1105.0,0.0,0.0,0.0,0.0,0.0,1105.0,0.0,,0.0,567.0,,,p16
2019-11-14,1179.0,925.0,1130.0,61.0,7.0,0.0,0.0,7.0,1198.0,0.0,,0.0,830.0,79.53959352561762,70.26825396825397,p16
2019-11-15,1278.0,986.0,1221.0,46.0,0.0,0.0,0.0,0.0,1267.0,0.0,,0.0,849.0,75.34767165173525,64.97142857142858,p16
2019-11-16,1307.0,994.0,1195.0,62.0,0.0,0.0,0.0,0.0,1257.0,0.0,,0.0,817.0,73.92478350562806,65.06,p16
2019-11-17,1231.0,948.0,1217.0,15.0,0.0,0.0,0.0,0.0,1232.0,0.0,,0.0,711.0,75.28565664683808,67.28571428571429,p16
2019-11-18,1312.0,1044.0,1277.0,30.0,1.0,0.0,0.0,1.0,1308.0,0.0,,0.0,776.0,73.83123828491097,65.33333333333333,p16
2019-11-19,1306.0,1072.0,1282.0,17.0,0.0,0.0,0.0,0.0,1299.0,0.0,,0.0,895.0,74.55202814255887,67.6,p16
2019-11-20,1230.0,947.0,1215.0,15.0,0.0,0.0,0.0,0.0,1230.0,0.0,,0.0,753.0,76.89363828955462,69.33333333333333,p16
2019-11-21,1290.0,977.0,1212.0,67.0,0.0,0.0,0.0,0.0,1279.0,0.0,,0.0,853.0,77.51719734609534,68.0,p16
2019-11-22,1223.0,911.0,1131.0,92.0,0.0,0.0,0.0,0.0,1223.0,0.0,,0.0,684.0,83.95413148823236,69.6075,p16
2019-11-23,1265.0,975.0,1269.0,18.0,2.0,0.0,0.0,2.0,1289.0,0.0,,0.0,785.0,75.15159566548103,67.28571428571429,p16
2019-11-24,1215.0,941.0,1179.0,0.0,0.0,0.0,0.0,0.0,1179.0,0.0,,0.0,750.0,74.55530913900914,68.5,p16
2019-11-25,1266.0,980.0,1263.0,10.0,0.0,0.0,0.0,0.0,1273.0,0.0,,0.0,802.0,75.97544428071235,67.85,p16
2019-11-26,1270.0,985.0,1261.0,4.0,0.0,0.0,0.0,0.0,1265.0,0.0,,0.0,760.0,75.12651035733273,66.795,p16
2019-11-27,1276.0,1004.0,1232.0,49.0,0.0,0.0,0.0,0.0,1281.0,0.0,,0.0,1031.0,75.0881353370199,64.83333333333333,p16
2019-11-28,1162.0,948.0,1123.0,50.0,0.0,0.0,0.0,0.0,1173.0,0.0,,0.0,760.0,76.8142888471178,64.6,p16
2019-11-29,1280.0,922.0,1213.0,44.0,0.0,0.0,0.0,0.0,1257.0,0.0,,0.0,670.0,77.10869284529733,67.19666666666667,p16
2019-11-30,1248.0,943.0,1210.0,37.0,0.0,0.0,0.0,0.0,1247.0,0.0,,0.0,705.0,75.62435351488543,65.36,p16
2019-12-01,1257.0,956.0,1247.0,2.0,0.0,0.0,0.0,0.0,1249.0,0.0,,0.0,813.0,70.0224022424207,64.0,p16
2019-12-02,1269.0,991.0,1231.0,34.0,0.0,0.0,0.0,0.0,1265.0,0.0,,0.0,836.0,75.6053807901296,64.88888888888889,p16
2019-12-03,1165.0,938.0,1149.0,9.0,0.0,0.0,0.0,0.0,1158.0,0.0,,0.0,697.0,71.98438737653228,65.08571428571429,p16
2019-12-04,1236.0,973.0,1180.0,51.0,1.0,0.0,0.0,1.0,1232.0,0.0,,0.0,701.0,77.2320707070707,63.75,p16
2019-12-05,1293.0,1019.0,1132.0,152.0,0.0,0.0,0.0,0.0,1284.0,0.0,,0.0,845.0,82.71453520838135,66.5,p16
2019-12-06,1250.0,961.0,1220.0,32.0,0.0,0.0,0.0,0.0,1252.0,0.0,,0.0,848.0,79.3240033845871,70.53888888888889,p16
2019-12-07,1074.0,973.0,1066.0,0.0,0.0,0.0,0.0,0.0,1066.0,0.0,,0.0,628.0,73.81851407615738,68.0,p16
2019-12-08,1217.0,932.0,1226.0,0.0,0.0,0.0,0.0,0.0,1226.0,0.0,,0.0,739.0,73.36226453594519,64.27857142857144,p16
2019-12-09,1107.0,792.0,1014.0,69.0,0.0,0.0,0.0,0.0,1083.0,0.0,,0.0,909.0,77.17686693272502,64.23333333333333,p16
2019-12-10,1344.0,1075.0,1258.0,83.0,0.0,0.0,0.0,0.0,1341.0,0.0,,0.0,804.0,77.2107044593052,66.33333333333333,p16
2019-12-11,1217.0,980.0,1152.0,61.0,0.0,0.0,0.0,0.0,1213.0,0.0,,0.0,714.0,79.85637724786883,67.75,p16
2019-12-12,1212.0,915.0,1186.0,23.0,0.0,0.0,0.0,0.0,1209.0,0.0,,0.0,665.0,77.01897167160325,64.03333333333333,p16
2019-12-13,985.0,726.0,957.0,78.0,1.0,0.0,0.0,1.0,1036.0,0.0,,0.0,519.0,,,p16
2019-12-14,1411.0,1055.0,1315.0,34.0,1.0,0.0,0.0,1.0,1350.0,0.0,,1.0,816.0,75.58973174497072,67.11805555555556,p16
2019-12-15,1375.0,1073.0,1369.0,1.0,0.0,0.0,0.0,0.0,1370.0,0.0,,0.0,822.0,69.39199419464018,63.57142857142857,p16
2019-12-16,1161.0,864.0,1188.0,0.0,0.0,0.0,0.0,0.0,1188.0,0.0,,0.0,1157.0,69.59054369475717,63.0,p16
2019-12-17,1426.0,1072.0,1388.0,0.0,0.0,0.0,0.0,0.0,1388.0,0.0,,0.0,619.0,68.47965822545791,63.0,p16
2019-12-18,1407.0,1051.0,1280.0,127.0,0.0,0.0,0.0,0.0,1407.0,0.0,,0.0,986.0,79.17757219397686,65.19642857142857,p16
2019-12-19,1248.0,1002.0,1220.0,20.0,0.0,0.0,0.0,0.0,1240.0,0.0,,0.0,869.0,73.15696024024562,62.5,p16
2019-12-20,1350.0,1050.0,1301.0,42.0,3.0,0.0,0.0,3.0,1346.0,0.0,,0.0,965.0,76.34290716192271,68.13214285714285,p16
2019-12-21,1429.0,1074.0,1410.0,20.0,0.0,0.0,0.0,0.0,1430.0,0.0,,0.0,860.0,73.99749689586899,66.5409090909091,p16
2019-12-22,1431.0,1071.0,1427.0,3.0,0.0,0.0,0.0,0.0,1430.0,0.0,,0.0,865.0,75.36016748825998,67.68,p16
2019-12-23,1361.0,1056.0,1339.0,19.0,0.0,0.0,0.0,0.0,1358.0,0.0,,0.0,889.0,77.91921224944285,65.61111111111111,p16
2019-12-24,1428.0,1070.0,1390.0,38.0,0.0,0.0,0.0,0.0,1428.0,0.0,101.0,0.0,1015.0,81.34268060620276,69.68,p16
2019-12-25,1294.0,945.0,1275.0,12.0,0.0,0.0,0.0,0.0,1287.0,0.0,,0.0,726.0,77.90852339808951,69.66666666666667,p16
2019-12-26,1432.0,1075.0,1425.0,6.0,0.0,0.0,0.0,0.0,1431.0,0.0,,0.0,881.0,75.18252825809579,68.0,p16
2019-12-27,1410.0,1061.0,1262.0,145.0,0.0,0.0,0.0,0.0,1407.0,0.0,102.0,0.0,1011.0,83.16707112812453,70.0,p16
2019-12-28,1413.0,1061.0,1385.0,30.0,0.0,0.0,0.0,0.0,1415.0,0.0,,0.0,928.0,75.69609126206647,65.18285714285715,p16
2019-12-29,1405.0,1045.0,1388.0,12.0,0.0,0.0,0.0,0.0,1400.0,0.0,,0.0,964.0,73.97525869992155,64.51666666666667,p16
2019-12-30,1375.0,1071.0,1119.0,255.0,0.0,0.0,0.0,0.0,1374.0,0.0,,0.0,1050.0,88.14403174603174,72.71428571428571,p16
2019-12-31,1282.0,977.0,1233.0,45.0,0.0,0.0,0.0,0.0,1278.0,0.0,,0.0,764.0,84.0291202035312,70.215,p16
2020-01-01,1433.0,1073.0,1068.0,362.0,0.0,0.0,0.0,0.0,1430.0,0.0,,0.0,898.0,88.627482388312,68.82333333333332,p16
2020-01-02,1266.0,1044.0,1232.0,28.0,0.0,0.0,0.0,0.0,1260.0,0.0,,0.0,995.0,73.09190700979646,65.62666666666667,p16
2020-01-03,1323.0,1068.0,1315.0,0.0,0.0,0.0,0.0,0.0,1315.0,0.0,,0.0,788.0,74.06780719632877,67.79333333333334,p16
2020-01-04,1188.0,945.0,1171.0,16.0,0.0,0.0,0.0,0.0,1187.0,0.0,,0.0,783.0,74.56454616406724,65.17333333333333,p16
2020-01-05,1245.0,949.0,1243.0,1.0,0.0,0.0,0.0,0.0,1244.0,0.0,,0.0,924.0,72.56082122242836,66.68484848484849,p16
2020-01-06,1007.0,712.0,1028.0,0.0,0.0,0.0,0.0,0.0,1028.0,0.0,,0.0,591.0,,,p16
2020-01-07,1251.0,942.0,1224.0,2.0,0.0,0.0,0.0,0.0,1226.0,0.0,,0.0,877.0,73.72293014852877,66.67857142857143,p16
2020-01-08,1362.0,1054.0,1344.0,11.0,0.0,0.0,0.0,0.0,1355.0,0.0,,0.0,953.0,72.67256457545021,64.56944444444444,p16
2020-01-09,1323.0,1023.0,1316.0,0.0,0.0,0.0,0.0,0.0,1316.0,0.0,,0.0,883.0,72.48835532153765,66.0,p16
2020-01-10,1311.0,1013.0,1277.0,35.0,0.0,0.0,0.0,0.0,1312.0,0.0,,0.0,787.0,73.02335892964864,62.5,p16
2020-01-11,1297.0,1022.0,1273.0,19.0,0.0,0.0,0.0,0.0,1292.0,0.0,,0.0,950.0,74.87775947444369,67.55,p16
2020-01-12,1168.0,1073.0,1165.0,0.0,0.0,0.0,0.0,0.0,1165.0,0.0,,0.0,604.0,72.56455436579608,63.19166666666666,p16
2020-01-13,1292.0,998.0,1291.0,0.0,0.0,0.0,0.0,0.0,1291.0,0.0,,0.0,883.0,72.58832929685138,65.0,p16
2020-01-14,1312.0,1016.0,1307.0,3.0,0.0,0.0,0.0,0.0,1310.0,0.0,,0.0,866.0,71.24042382751966,64.94444444444444,p16
2020-01-15,1304.0,1019.0,1292.0,8.0,0.0,0.0,0.0,0.0,1300.0,0.0,,0.0,869.0,73.0064074494742,65.2,p16
2020-01-16,1306.0,989.0,1297.0,11.0,0.0,0.0,0.0,0.0,1308.0,0.0,,0.0,931.0,72.7608843924902,66.42857142857143,p16
2020-01-17,1269.0,966.0,1184.0,78.0,0.0,0.0,0.0,0.0,1262.0,0.0,,0.0,768.0,78.99848799565596,67.84,p16
2020-01-18,1185.0,1029.0,1111.0,78.0,0.0,0.0,0.0,0.0,1189.0,0.0,,0.0,847.0,78.85133332822234,65.6,p16
2020-01-19,1324.0,999.0,1343.0,0.0,0.0,0.0,0.0,0.0,1343.0,0.0,,0.0,910.0,71.19778943278943,64.0,p16
2020-01-20,1274.0,997.0,1228.0,19.0,0.0,0.0,0.0,0.0,1247.0,0.0,,0.0,847.0,73.94926606254823,64.06,p16
2020-01-21,1346.0,1051.0,1282.0,61.0,4.0,0.0,0.0,4.0,1347.0,0.0,,0.0,1040.0,79.24318677849928,68.83333333333333,p16
2020-01-22,1282.0,1025.0,1244.0,33.0,1.0,0.0,0.0,1.0,1278.0,0.0,,0.0,753.0,78.24582708128524,67.33333333333333,p16
2020-01-23,1266.0,1006.0,1238.0,23.0,0.0,0.0,0.0,0.0,1261.0,0.0,,0.0,914.0,75.86279538902625,66.9,p16
2020-01-24,1336.0,1074.0,1333.0,2.0,0.0,0.0,0.0,0.0,1335.0,0.0,,0.0,793.0,74.13902076975847,66.28571428571429,p16
2020-01-25,1377.0,1069.0,1345.0,31.0,0.0,0.0,0.0,0.0,1376.0,0.0,,0.0,973.0,76.00948495378094,67.0,p16
2020-01-26,1352.0,1060.0,1348.0,2.0,0.0,0.0,0.0,0.0,1350.0,0.0,,0.0,918.0,75.86019874279678,67.28571428571429,p16
2020-01-27,1276.0,984.0,1243.0,33.0,0.0,0.0,0.0,0.0,1276.0,0.0,,0.0,823.0,76.58833925963332,65.0,p16
2020-01-28,1371.0,1056.0,1367.0,2.0,0.0,0.0,0.0,0.0,1369.0,0.0,,0.0,1021.0,74.36970438963583,66.625,p16
2020-01-29,1211.0,1070.0,1176.0,32.0,0.0,0.0,0.0,0.0,1208.0,0.0,,0.0,791.0,77.68870947145284,66.88888888888889,p16
2020-01-30,1324.0,1049.0,1322.0,0.0,0.0,0.0,0.0,0.0,1322.0,0.0,,0.0,882.0,74.26323757497227,67.5,p16
2020-01-31,1250.0,989.0,1220.0,27.0,0.0,0.0,0.0,0.0,1247.0,0.0,,0.0,755.0,79.53753423544813,68.62666666666667,p16
2020-02-01,1255.0,994.0,1243.0,11.0,0.0,0.0,0.0,0.0,1254.0,0.0,,0.0,840.0,77.36608371126229,68.28214285714286,p16
2020-02-02,1291.0,987.0,1308.0,1.0,0.0,0.0,0.0,0.0,1309.0,0.0,,0.0,872.0,73.1491593109999,66.5,p16
2020-02-03,1429.0,1073.0,1399.0,6.0,0.0,0.0,0.0,0.0,1405.0,0.0,,0.0,932.0,74.99983386903988,67.0125,p16
2020-02-04,1036.0,756.0,1029.0,4.0,0.0,0.0,0.0,0.0,1033.0,0.0,,0.0,598.0,,,p16
2020-02-05,1299.0,996.0,1260.0,36.0,0.0,0.0,0.0,0.0,1296.0,0.0,,0.0,888.0,76.00556758056757,66.72500000000001,p16
2020-02-06,1342.0,984.0,1356.0,8.0,0.0,0.0,0.0,0.0,1364.0,0.0,,0.0,900.0,73.52432251082251,66.55873015873016,p16
2020-02-07,1269.0,1010.0,1210.0,31.0,0.0,0.0,0.0,0.0,1241.0,0.0,,0.0,765.0,75.76464297503513,64.73968253968253,p16
2020-02-08,1342.0,1053.0,1332.0,4.0,0.0,0.0,0.0,0.0,1336.0,0.0,,0.0,780.0,72.71447543197543,64.59714285714286,p16
2020-02-09,1371.0,1015.0,1369.0,4.0,0.0,0.0,0.0,0.0,1373.0,0.0,,0.0,948.0,75.21382514871438,68.0,p16
2020-02-10,528.0,172.0,524.0,1.0,0.0,0.0,0.0,0.0,525.0,0.0,,0.0,527.0,,,p16
2020-02-11,1412.0,1054.0,1407.0,22.0,0.0,0.0,0.0,0.0,1429.0,0.0,,0.0,565.0,,,p16
2020-02-12,1293.0,1077.0,1269.0,1.0,0.0,0.0,0.0,0.0,1270.0,0.0,,0.0,891.0,74.95450367066528,67.16666666666667,p16
2020-02-13,1353.0,1063.0,1306.0,42.0,0.0,0.0,0.0,0.0,1348.0,0.0,,0.0,970.0,74.14583701521846,64.33333333333333,p16
2020-02-14,1276.0,1044.0,1201.0,72.0,0.0,0.0,0.0,0.0,1273.0,0.0,73.0,0.0,816.0,79.09498473000312,65.0,p16
2020-02-15,1244.0,997.0,1240.0,2.0,0.0,0.0,0.0,0.0,1242.0,0.0,,0.0,895.0,73.85104637758269,65.53999999999999,p16
2020-02-16,1170.0,902.0,1227.0,2.0,0.0,0.0,0.0,0.0,1229.0,0.0,,0.0,884.0,72.31294751000634,64.7,p16
2020-02-17,1078.0,1013.0,964.0,53.0,0.0,0.0,0.0,0.0,1017.0,0.0,,0.0,526.0,,,p16
2020-02-18,1266.0,945.0,1254.0,9.0,0.0,0.0,0.0,0.0,1263.0,0.0,,0.0,930.0,73.60662023460411,61.36607142857143,p16
2020-02-19,1241.0,992.0,1225.0,13.0,0.0,0.0,0.0,0.0,1238.0,0.0,,0.0,730.0,73.12941850006918,64.0,p16
2020-02-20,1354.0,1070.0,1338.0,13.0,1.0,0.0,0.0,1.0,1352.0,0.0,,0.0,897.0,75.66846153041804,64.16666666666667,p16
2020-02-21,1265.0,998.0,1262.0,1.0,0.0,0.0,0.0,0.0,1263.0,0.0,,0.0,870.0,72.46762787978305,65.8875,p16
2020-02-22,1317.0,1056.0,1049.0,257.0,4.0,0.0,0.0,4.0,1310.0,0.0,,2.0,837.0,85.83367917095516,63.88333333333333,p16
2020-02-23,931.0,653.0,905.0,83.0,0.0,0.0,0.0,0.0,988.0,0.0,,0.0,494.0,,,p16
2020-02-24,1243.0,1077.0,1167.0,13.0,0.0,0.0,0.0,0.0,1180.0,0.0,,0.0,763.0,73.6898460357176,63.4,p16
2020-02-25,1341.0,1045.0,1345.0,9.0,0.0,0.0,0.0,0.0,1354.0,0.0,,0.0,1027.0,74.88760715374639,66.2388888888889,p16
2020-02-26,1047.0,937.0,1000.0,30.0,0.0,0.0,0.0,0.0,1030.0,0.0,,0.0,500.0,,,p16
2020-02-27,1124.0,909.0,1112.0,10.0,0.0,0.0,0.0,0.0,1122.0,0.0,,0.0,742.0,74.12648243116573,64.69000000000001,p16
2020-02-28,1243.0,963.0,1215.0,27.0,0.0,0.0,0.0,0.0,1242.0,0.0,,0.0,804.0,77.0809665596979,68.03333333333333,p16
2020-02-29,1159.0,1026.0,1156.0,2.0,0.0,0.0,0.0,0.0,1158.0,0.0,,0.0,732.0,73.59662639273296,67.50714285714285,p16
2020-03-01,518.0,450.0,510.0,9.0,0.0,0.0,0.0,0.0,519.0,0.0,,0.0,517.0,,,p16
2020-03-02,1332.0,1074.0,1328.0,1.0,0.0,0.0,0.0,0.0,1329.0,0.0,,0.0,793.0,74.14466903770182,66.5,p16
2020-03-03,1239.0,1005.0,1159.0,67.0,0.0,0.0,0.0,0.0,1226.0,0.0,,0.0,764.0,80.28110664422837,64.75,p16
2020-03-04,1177.0,897.0,1163.0,12.0,0.0,0.0,0.0,0.0,1175.0,0.0,,0.0,1005.0,76.29808177726088,69.0,p16
2020-03-05,1311.0,963.0,1301.0,8.0,0.0,0.0,0.0,0.0,1309.0,0.0,,0.0,1012.0,74.81494126755985,67.62916666666666,p16
2020-03-06,1272.0,915.0,1253.0,17.0,0.0,0.0,0.0,0.0,1270.0,0.0,,0.0,697.0,76.15573091025028,67.125,p16
2020-03-07,888.0,621.0,887.0,4.0,0.0,0.0,0.0,0.0,891.0,0.0,,0.0,466.0,,,p16
2020-03-08,1353.0,1021.0,1340.0,5.0,0.0,0.0,0.0,0.0,1345.0,0.0,,0.0,894.0,72.50219714724749,64.0,p16
2020-03-09,1103.0,798.0,1035.0,68.0,0.0,0.0,0.0,0.0,1103.0,0.0,,0.0,842.0,78.4051845225242,66.205,p16
2020-03-10,1174.0,950.0,1127.0,44.0,0.0,0.0,0.0,0.0,1171.0,0.0,,0.0,882.0,78.73808145432295,70.205,p16
2020-03-11,1302.0,1007.0,1255.0,46.0,0.0,0.0,0.0,0.0,1301.0,0.0,,0.0,872.0,78.3190474535658,67.82,p16
2020-03-12,1252.0,943.0,1195.0,54.0,0.0,0.0,0.0,0.0,1249.0,0.0,,0.0,923.0,79.03233499677161,68.5,p16
2020-03-13,1259.0,995.0,1247.0,9.0,0.0,0.0,0.0,0.0,1256.0,0.0,,0.0,634.0,74.83198273860735,66.1939393939394,p16
2020-03-14,1065.0,706.0,1040.0,23.0,0.0,0.0,0.0,0.0,1063.0,0.0,,0.0,936.0,73.88659531055364,66.225,p16
2020-03-15,1372.0,1012.0,1333.0,38.0,0.0,0.0,0.0,0.0,1371.0,0.0,,0.0,833.0,79.30818275362093,70.51428571428572,p16
2020-03-16,1380.0,1020.0,1325.0,53.0,0.0,0.0,0.0,0.0,1378.0,0.0,,0.0,814.0,78.8980729105729,68.6375,p16
2020-03-17,1368.0,1008.0,1359.0,9.0,0.0,0.0,0.0,0.0,1368.0,0.0,,0.0,1006.0,75.23062598435362,67.57142857142857,p16
2020-03-18,1368.0,1011.0,1320.0,49.0,0.0,0.0,0.0,0.0,1369.0,0.0,,0.0,810.0,80.6078744232448,70.825,p16
2020-03-19,1233.0,937.0,1222.0,8.0,0.0,0.0,0.0,0.0,1230.0,0.0,,0.0,774.0,76.80239749842464,68.43333333333334,p16
2020-03-20,1379.0,1019.0,1342.0,36.0,0.0,0.0,0.0,0.0,1378.0,0.0,,0.0,826.0,79.56869499212114,70.0,p16
2020-03-21,1335.0,975.0,1347.0,15.0,0.0,0.0,0.0,0.0,1362.0,0.0,,0.0,970.0,75.1334825426578,65.77499999999999,p16
2020-03-22,1298.0,980.0,1227.0,42.0,0.0,0.0,0.0,0.0,1269.0,0.0,,0.0,743.0,79.19319264554797,67.19047619047619,p16
2020-03-23,1419.0,1060.0,1372.0,57.0,0.0,0.0,0.0,0.0,1429.0,0.0,,0.0,967.0,78.33523053701441,68.66666666666667,p16
2020-03-24,1398.0,1070.0,1356.0,28.0,0.0,0.0,0.0,0.0,1384.0,0.0,,0.0,849.0,76.80944282128029,67.56825396825397,p16
2020-03-25,1436.0,1078.0,1307.0,127.0,0.0,0.0,0.0,0.0,1434.0,0.0,,0.0,863.0,83.12072910030615,71.025,p16
2020-03-26,1026.0,668.0,1010.0,17.0,0.0,0.0,0.0,0.0,1027.0,0.0,,0.0,712.0,77.46059673784393,69.875,p16
2020-03-27,1369.0,1067.0,1317.0,49.0,2.0,0.0,0.0,2.0,1368.0,0.0,,0.0,857.0,79.88054835738617,70.54285714285714,p16
2020-03-28,1431.0,1073.0,1426.0,7.0,0.0,0.0,0.0,0.0,1433.0,0.0,,0.0,965.0,72.874821045391,64.5,p16
2020-03-29,1347.0,1056.0,1268.0,17.0,0.0,0.0,0.0,0.0,1285.0,0.0,71.0,0.0,827.0,73.91711518362062,61.333333333333336,p16
2020-03-30,1349.0,1077.0,1310.0,37.0,0.0,0.0,0.0,0.0,1347.0,0.0,,0.0,806.0,74.0057893271603,64.25,p16
2020-03-31,1345.0,1055.0,1333.0,15.0,0.0,0.0,0.0,0.0,1348.0,0.0,,0.0,906.0,74.00948582322755,61.71428571428572,p16
