pid,date,logId,start,end,sleep_h,sleep_type,minutesAsleep,wake_min,min_to_fall,min_after_wake,awake_in_bed,deep_min,rem_min,light_min,wake_count,wake_long_n,wake_pct,stage_check,deep_pct,rem_pct,wake_per_h,ss_overall,ss_composition,ss_revitalization,ss_duration,ss_deep,ss_restless,hr_cover,hr_sleep_mean,hr_sleep_p5,classic_restless_min,classic_awake_min
p01,2019-12-02,24883896361,2019-12-02 00:26:00,2019-12-02 03:59:30,3.1666666666666665,stages,190,23,0,0,23,10.0,30.0,150.0,12.0,2.0,10.7981220657277,0.0,5.2631578947368425,15.789473684210526,3.7894736842105265,65.0,15.0,22.0,28.0,10.0,0.0564705882352941,0.7072599531615925,49.79520847070516,46.701388888888886,,
p01,2019-12-12,24977378510,2019-12-12 00:24:00,2019-12-12 04:33:00,3.6666666666666665,stages,220,29,0,0,29,18.0,17.0,185.0,16.0,2.0,11.646586345381525,0.0,8.181818181818182,7.7272727272727275,4.363636363636364,53.0,13.0,12.0,28.0,18.0,0.1079429735234216,0.7911646586345381,56.53160429530988,52.94285714285714,,
p01,2020-02-14,25894489382,2020-02-14 01:37:30,2020-02-14 06:24:00,4.116666666666666,stages,247,39,0,0,39,22.0,27.0,198.0,20.0,1.0,13.636363636363637,0.0,8.906882591093117,10.931174089068826,4.858299595141701,55.0,14.0,12.0,29.0,22.0,0.0951526032315978,0.9424083769633508,59.12430776014109,53.0,,
p01,2020-02-21,26002023337,2020-02-21 01:29:00,2020-02-21 06:35:30,4.383333333333334,stages,263,43,0,0,43,0.0,25.0,238.0,23.0,2.0,14.052287581699346,0.0,0.0,9.505703422053232,5.247148288973383,58.0,12.0,17.0,29.0,0.0,0.199021207177814,0.9853181076672104,52.77988064180117,47.336666666666666,,
p01,2020-02-25,26058384481,2020-02-25 01:42:00,2020-02-25 06:46:30,4.4,stages,264,40,0,0,40,12.0,14.0,238.0,21.0,1.0,13.157894736842104,0.0,4.545454545454546,5.303030303030303,4.7727272727272725,59.0,12.0,17.0,30.0,12.0,0.0623946037099494,1.0016420361247949,54.078018948264855,49.169696969696965,,
p01,2019-12-20,25083130865,2019-12-20 01:48:30,2019-12-20 06:43:00,4.45,stages,267,27,0,0,27,14.0,43.0,210.0,12.0,0.0,9.183673469387756,0.0,5.2434456928838955,16.10486891385768,2.696629213483146,65.0,16.0,14.0,35.0,14.0,0.0711743772241993,0.9745331069609507,61.49495414573812,53.817142857142855,,
p01,2020-02-17,25945567481,2020-02-17 00:22:00,2020-02-17 06:06:30,4.816666666666666,stages,289,55,0,0,55,39.0,12.0,238.0,26.0,3.0,15.988372093023257,0.0,13.494809688581315,4.1522491349480966,5.397923875432526,66.0,14.0,21.0,31.0,39.0,0.1037037037037037,0.969521044992743,56.06246349292757,48.62777777777778,,
p01,2019-12-06,24907589731,2019-12-06 00:27:00,2019-12-06 06:26:30,4.833333333333333,stages,290,69,0,0,69,24.0,87.0,179.0,23.0,4.0,19.220055710306408,0.0,8.275862068965518,30.0,4.758620689655173,54.0,19.0,10.0,25.0,24.0,0.1946778711484593,0.965229485396384,59.37036326625664,53.47678571428572,,
p01,2020-02-26,26074956254,2020-02-26 01:52:30,2020-02-26 07:15:00,4.933333333333334,stages,296,26,0,3,26,38.0,53.0,205.0,25.0,0.0,8.074534161490684,0.0,12.837837837837839,17.905405405405407,5.0675675675675675,69.0,19.0,14.0,36.0,38.0,0.0555555555555555,0.9953488372093025,69.77882375921936,56.0,,
p01,2020-02-05,25763452796,2020-02-05 00:16:30,2020-02-05 05:54:30,5.0,stages,300,38,0,0,38,7.0,37.0,256.0,21.0,0.0,11.242603550295858,0.0,2.3333333333333335,12.333333333333334,4.2,62.0,14.0,15.0,33.0,7.0,0.0605612998522895,0.940828402366864,59.648915593491054,51.707142857142856,,
p01,2020-03-04,26174144202,2020-03-04 00:36:30,2020-03-04 06:18:30,5.0,stages,300,42,0,3,42,43.0,43.0,214.0,15.0,2.0,12.280701754385966,0.0,14.333333333333334,14.333333333333334,3.0,67.0,17.0,19.0,31.0,43.0,0.1080291970802919,0.9736842105263158,56.00411959578626,49.86666666666667,,
p01,2020-03-15,26331393044,2020-03-15 00:46:00,2020-03-15 06:38:30,5.016666666666667,stages,301,51,0,0,51,57.0,49.0,195.0,23.0,4.0,14.488636363636363,0.0,18.93687707641196,16.27906976744186,4.584717607973422,64.0,18.0,15.0,31.0,57.0,0.0866477272727272,0.998581560283688,55.05859313508461,49.142857142857146,,
p01,2020-01-22,25549335117,2020-01-22 00:31:00,2020-01-22 06:02:00,5.033333333333333,stages,302,29,0,0,29,30.0,21.0,251.0,21.0,0.0,8.761329305135952,0.0,9.933774834437086,6.953642384105961,4.172185430463577,68.0,14.0,20.0,34.0,30.0,0.0552995391705069,0.972809667673716,54.414665286404414,47.8,,
p01,2020-01-13,25412360367,2020-01-13 00:06:30,2020-01-13 05:35:00,5.033333333333333,stages,302,26,0,0,26,45.0,24.0,233.0,18.0,1.0,7.926829268292683,0.0,14.900662251655628,7.947019867549669,3.576158940397351,68.0,15.0,19.0,34.0,44.0,0.0410958904109589,0.989345509893455,53.585036741036745,50.66666666666666,,
p01,2020-01-27,25619836798,2020-01-27 00:28:00,2020-01-27 06:18:30,5.116666666666666,stages,307,43,0,0,43,54.0,17.0,236.0,19.0,1.0,12.285714285714286,0.0,17.58957654723127,5.537459283387622,3.713355048859935,69.0,15.0,21.0,33.0,53.0,0.074820143884892,0.9614835948644792,54.588379128290114,47.71428571428572,,
p01,2020-03-27,26491780871,2020-03-27 02:27:00,2020-03-27 08:12:30,5.116666666666666,stages,307,38,0,0,38,59.0,52.0,196.0,18.0,1.0,11.014492753623188,0.0,19.218241042345277,16.938110749185668,3.5179153094462543,72.0,19.0,20.0,33.0,59.0,0.0969609261939218,0.9956584659913168,52.50663843585356,46.13625,,
p01,2019-12-17,25037232327,2019-12-17 00:29:30,2019-12-17 06:19:00,5.15,stages,309,40,0,0,40,52.0,17.0,240.0,24.0,1.0,11.461318051575931,0.0,16.828478964401295,5.501618122977346,4.660194174757281,66.0,15.0,17.0,34.0,52.0,0.1411935953420669,0.9556509298998568,57.81426562459496,50.58125,,
p01,2019-11-29,24833913565,2019-11-29 00:12:00,2019-11-29 06:13:00,5.15,stages,309,52,0,0,52,43.0,83.0,183.0,23.0,2.0,14.404432132963988,0.0,13.915857605177994,26.86084142394822,4.466019417475728,67.0,20.0,13.0,34.0,42.0,0.0947521865889212,0.9722991689750692,59.34543738154849,53.25396825396825,,
p01,2019-12-19,25067390084,2019-12-19 00:54:00,2019-12-19 06:38:30,5.166666666666667,stages,310,34,0,5,34,22.0,70.0,218.0,14.0,0.0,9.883720930232558,0.0,7.096774193548387,22.580645161290324,2.7096774193548385,71.0,19.0,18.0,34.0,21.0,0.09720176730486,0.995645863570392,56.36099562892566,50.5,,
p01,2020-01-18,25491307048,2020-01-18 00:48:30,2020-01-18 06:50:30,5.183333333333334,stages,311,51,0,0,51,47.0,7.0,257.0,19.0,2.0,14.088397790055248,0.0,15.112540192926046,2.2508038585209005,3.665594855305466,66.0,14.0,20.0,32.0,47.0,0.056551724137931,1.0,53.84297005174077,49.7525,,
p01,2019-11-07,24544805751,2019-11-06 23:45:30,2019-11-07 05:52:00,5.2,stages,312,54,0,0,54,44.0,28.0,240.0,19.0,1.0,14.754098360655737,0.0,14.102564102564102,8.974358974358974,3.6538461538461537,71.0,15.0,22.0,34.0,44.0,0.0681818181818181,0.9877216916780356,57.06721745872298,49.28809523809524,,
p01,2019-12-05,24896517693,2019-12-05 00:40:00,2019-12-05 06:33:30,5.233333333333333,stages,314,39,0,0,39,36.0,59.0,219.0,22.0,2.0,11.048158640226628,0.0,11.464968152866241,18.78980891719745,4.203821656050955,66.0,19.0,13.0,34.0,36.0,0.0829756795422031,0.958981612446959,58.386719917250886,51.37428571428571,,
p01,2020-02-24,26041241322,2020-02-24 00:14:00,2020-02-24 06:18:00,5.25,stages,315,49,0,9,49,19.0,69.0,227.0,21.0,3.0,13.461538461538462,0.0,6.031746031746032,21.904761904761905,4.0,71.0,19.0,18.0,34.0,19.0,0.0910384068278805,0.9642857142857144,55.44169441669442,47.66964285714286,,
p01,2020-01-07,25313751473,2020-01-07 00:05:00,2020-01-07 05:57:30,5.25,stages,315,37,0,0,37,12.0,61.0,242.0,17.0,1.0,10.511363636363637,0.0,3.8095238095238093,19.365079365079364,3.238095238095238,66.0,17.0,15.0,34.0,12.0,0.0573888091822094,0.9957446808510638,58.211535480979926,51.73214285714286,,
p01,2019-11-16,24652788470,2019-11-16 00:47:30,2019-11-16 06:47:00,5.283333333333333,stages,317,42,0,0,42,20.0,46.0,251.0,19.0,1.0,11.699164345403899,0.0,6.309148264984227,14.511041009463723,3.5962145110410098,67.0,15.0,18.0,34.0,20.0,0.1079545454545454,0.9819193324061196,54.95212178441641,47.18666666666667,,
p01,2020-02-06,25781305187,2020-02-06 00:21:00,2020-02-06 06:19:00,5.283333333333333,stages,317,41,0,1,41,32.0,30.0,255.0,23.0,2.0,11.452513966480447,0.0,10.094637223974763,9.46372239747634,4.353312302839117,72.0,15.0,23.0,34.0,32.0,0.0754985754985755,1.0,55.23101405112577,48.485,,
p01,2019-11-26,24784535316,2019-11-25 23:49:00,2019-11-26 06:00:30,5.3,stages,318,53,0,0,53,41.0,31.0,246.0,24.0,4.0,14.285714285714286,0.0,12.89308176100629,9.748427672955975,4.528301886792453,66.0,15.0,19.0,32.0,41.0,0.1345895020188425,0.9959623149394348,53.94384979134979,47.0,,
p01,2019-11-11,24590226936,2019-11-11 00:09:00,2019-11-11 06:05:00,5.3,stages,318,38,0,0,38,38.0,24.0,256.0,24.0,0.0,10.674157303370787,0.0,11.949685534591195,7.547169811320755,4.528301886792453,66.0,15.0,16.0,35.0,38.0,0.1253602305475504,0.9775280898876404,56.27709224842845,50.15119047619048,,
p01,2019-11-19,24688967886,2019-11-19 00:17:00,2019-11-19 06:18:30,5.3,stages,318,43,0,0,43,43.0,63.0,212.0,27.0,2.0,11.911357340720222,0.0,13.522012578616351,19.81132075471698,5.09433962264151,67.0,20.0,13.0,34.0,43.0,0.0853146853146853,0.8437067773167358,57.000782177749386,52.0,,
p01,2020-01-06,25295313689,2020-01-06 00:35:30,2020-01-06 06:25:00,5.3,stages,318,31,0,0,31,65.0,36.0,217.0,16.0,1.0,8.882521489971346,0.0,20.440251572327043,11.320754716981131,3.018867924528302,72.0,17.0,18.0,37.0,64.0,0.1743666169895678,0.9670958512160228,54.76764517533748,47.22222222222222,,
p01,2020-02-20,25980514519,2020-02-20 01:22:00,2020-02-20 07:05:30,5.3,stages,318,25,0,0,25,35.0,65.0,218.0,23.0,0.0,7.288629737609329,0.0,11.0062893081761,20.440251572327043,4.339622641509434,75.0,20.0,19.0,36.0,34.0,0.1099706744868035,0.9956331877729258,52.69746377728834,47.629464285714285,,
p01,2020-02-28,26104885444,2020-02-28 00:37:30,2020-02-28 06:36:00,5.3,stages,318,40,0,0,40,57.0,68.0,193.0,21.0,1.0,11.1731843575419,0.0,17.92452830188679,21.38364779874214,3.9622641509433962,71.0,21.0,15.0,35.0,57.0,0.0827389443651925,0.99023709902371,62.31091589943703,52.42857142857143,,
p01,2020-02-27,26089770765,2020-02-27 00:13:00,2020-02-27 06:14:30,5.316666666666666,stages,319,42,0,1,42,36.0,66.0,217.0,19.0,3.0,11.634349030470915,0.0,11.285266457680251,20.689655172413794,3.573667711598746,68.0,20.0,14.0,34.0,36.0,0.0671328671328671,0.9681881051175656,59.08176406926407,53.14375,,
p01,2019-11-13,24618615466,2019-11-13 00:28:00,2019-11-13 06:29:00,5.333333333333333,stages,320,41,0,0,41,28.0,82.0,210.0,17.0,1.0,11.357340720221607,0.0,8.75,25.625,3.1875,76.0,19.0,22.0,35.0,28.0,0.056768558951965,0.9722991689750692,55.344294697072485,48.41428571428571,,
p01,2020-01-29,25653433523,2020-01-29 00:26:30,2020-01-29 06:27:30,5.416666666666667,stages,325,36,0,4,36,57.0,57.0,211.0,16.0,1.0,9.97229916897507,0.0,17.53846153846154,17.53846153846154,2.9538461538461536,72.0,19.0,18.0,35.0,57.0,0.0484094052558782,0.9584487534626038,56.53933617763098,49.66666666666666,,
p01,2019-11-14,24628844253,2019-11-14 00:22:00,2019-11-14 06:29:30,5.416666666666667,stages,325,42,0,1,42,42.0,45.0,238.0,19.0,3.0,11.444141689373296,0.0,12.923076923076923,13.846153846153847,3.5076923076923077,65.0,17.0,13.0,35.0,42.0,0.1075862068965517,0.9659863945578232,57.41285927687336,51.72337662337662,,
p01,2019-11-05,24521896102,2019-11-05 00:22:30,2019-11-05 06:25:00,5.433333333333334,stages,326,36,0,1,36,27.0,39.0,260.0,24.0,2.0,9.94475138121547,0.0,8.282208588957054,11.963190184049079,4.417177914110429,73.0,15.0,22.0,36.0,26.0,0.0931849791376912,0.9793103448275862,53.11198514318232,47.22222222222222,,
p01,2020-01-28,25635799766,2020-01-28 00:03:00,2020-01-28 06:07:00,5.433333333333334,stages,326,38,0,1,38,27.0,38.0,261.0,18.0,1.0,10.43956043956044,0.0,8.282208588957054,11.656441717791411,3.312883435582822,66.0,15.0,16.0,35.0,27.0,0.0633802816901408,0.9532967032967034,56.44592643187743,50.0375,,
p01,2020-03-10,26261658925,2020-03-09 23:53:00,2020-03-10 06:03:00,5.433333333333334,stages,326,44,0,0,44,22.0,54.0,250.0,20.0,1.0,11.891891891891891,0.0,6.748466257668712,16.56441717791411,3.680981595092024,70.0,17.0,17.0,36.0,22.0,0.0431654676258992,0.991891891891892,55.98319974757305,49.93,,
p01,2020-02-01,25710158098,2020-02-01 00:02:30,2020-02-01 06:19:00,5.433333333333334,stages,326,50,0,0,50,15.0,36.0,275.0,23.0,1.0,13.297872340425531,0.0,4.601226993865031,11.042944785276074,4.233128834355828,64.0,14.0,16.0,34.0,15.0,0.1166219839142091,0.99867197875166,55.97861297242946,50.0,,
p01,2020-02-10,25837553456,2020-02-10 00:28:00,2020-02-10 06:30:30,5.45,stages,327,35,0,12,35,25.0,78.0,224.0,21.0,0.0,9.668508287292818,0.0,7.6452599388379205,23.853211009174313,3.853211009174312,70.0,19.0,15.0,36.0,25.0,0.0808926080892608,0.9544827586206897,57.442509946700696,50.8,,
p01,2020-01-08,25335178948,2020-01-07 23:51:00,2020-01-08 06:20:30,5.45,stages,327,62,0,5,62,21.0,88.0,218.0,13.0,5.0,15.938303341902314,0.0,6.422018348623853,26.91131498470948,2.385321100917431,69.0,19.0,19.0,31.0,21.0,0.1492146596858638,0.9602053915275996,55.049521378799454,48.0,,
p01,2019-11-21,24717053033,2019-11-21 00:04:00,2019-11-21 06:15:30,5.45,stages,327,44,0,3,44,33.0,58.0,236.0,24.0,2.0,11.859838274932615,0.0,10.091743119266056,17.737003058103976,4.4036697247706424,70.0,18.0,18.0,34.0,32.0,0.0942126514131897,0.9582772543741588,56.11078603044896,49.38333333333333,,
p01,2019-12-18,25054810997,2019-12-18 00:23:00,2019-12-18 06:40:00,5.483333333333333,stages,329,48,0,0,48,30.0,46.0,253.0,29.0,2.0,12.73209549071618,0.0,9.118541033434651,13.98176291793313,5.288753799392097,68.0,16.0,17.0,35.0,29.0,0.1021505376344086,0.9946949602122016,56.16056296296296,49.266666666666666,,
p01,2020-02-13,25878895600,2020-02-13 00:13:00,2020-02-13 06:19:00,5.5,stages,330,36,0,4,36,42.0,24.0,264.0,26.0,1.0,9.836065573770492,0.0,12.727272727272727,7.2727272727272725,4.7272727272727275,74.0,15.0,23.0,36.0,42.0,0.061711079943899,0.907103825136612,54.40941140049315,46.142857142857146,,
p01,2019-11-18,24676261766,2019-11-18 00:23:30,2019-11-18 06:36:00,5.5,stages,330,42,0,0,42,8.0,60.0,262.0,20.0,1.0,11.290322580645162,0.0,2.4242424242424243,18.181818181818183,3.6363636363636362,72.0,16.0,21.0,35.0,8.0,0.0916552667578659,0.9583892617449664,52.01488726803852,46.85238095238095,,
p01,2020-03-12,26288429936,2020-03-12 00:44:00,2020-03-12 06:59:00,5.516666666666667,stages,331,44,0,0,44,37.0,6.0,288.0,19.0,1.0,11.733333333333333,0.0,11.178247734138973,1.8126888217522659,3.4441087613293053,64.0,13.0,15.0,36.0,37.0,0.0883590462833099,0.968,56.56684356353777,50.85714285714285,,
p01,2020-02-04,25751096973,2020-02-04 00:09:00,2020-02-04 06:18:30,5.516666666666667,stages,331,38,0,0,38,39.0,19.0,273.0,21.0,1.0,10.29810298102981,0.0,11.782477341389727,5.740181268882175,3.806646525679758,70.0,14.0,21.0,35.0,39.0,0.0663058186738836,0.9553450608930988,56.6354051441162,48.875,,
p01,2020-03-19,26387142685,2020-03-19 01:02:00,2020-03-19 07:20:00,5.533333333333333,stages,332,46,0,0,46,30.0,69.0,233.0,21.0,4.0,12.16931216931217,0.0,9.036144578313253,20.783132530120483,3.7951807228915664,74.0,19.0,21.0,34.0,30.0,0.0728476821192053,0.9708994708994708,48.83432357832903,44.8,,
p01,2019-11-25,24784535315,2019-11-25 00:31:30,2019-11-25 06:39:00,5.533333333333333,stages,332,35,0,0,35,22.0,33.0,277.0,28.0,0.0,9.536784741144414,0.0,6.626506024096385,9.939759036144578,5.0602409638554215,71.0,14.0,21.0,36.0,22.0,0.0854341736694677,0.963265306122449,54.38963678349271,48.16666666666666,,
p01,2019-12-09,24939299803,2019-12-08 23:49:30,2019-12-09 06:11:30,5.533333333333333,stages,332,50,0,1,50,38.0,35.0,259.0,32.0,2.0,13.089005235602095,0.0,11.44578313253012,10.542168674698795,5.783132530120482,62.0,15.0,12.0,35.0,38.0,0.1254901960784313,0.9659685863874344,57.21604420120681,51.0,,
p01,2019-11-22,24738250860,2019-11-22 00:18:30,2019-11-22 06:30:30,5.55,stages,333,39,0,4,39,41.0,49.0,243.0,25.0,2.0,10.483870967741936,0.0,12.312312312312311,14.714714714714715,4.504504504504505,66.0,17.0,14.0,35.0,41.0,0.0939597315436241,0.956989247311828,57.63274427663474,51.42857142857143,,
p01,2020-03-09,26244404402,2020-03-09 00:15:00,2020-03-09 06:29:30,5.566666666666666,stages,334,40,0,0,40,60.0,37.0,237.0,29.0,2.0,10.695187165775401,0.0,17.964071856287426,11.077844311377245,5.209580838323354,73.0,16.0,21.0,36.0,59.0,0.0832214765100671,0.958611481975968,53.95037602447073,47.5,,
p01,2019-12-04,24884748604,2019-12-04 00:08:30,2019-12-04 06:26:00,5.583333333333333,stages,335,42,0,0,42,42.0,42.0,251.0,20.0,2.0,11.140583554376658,0.0,12.537313432835822,12.537313432835822,3.582089552238806,67.0,16.0,15.0,36.0,42.0,0.0885200553250345,0.9536423841059604,55.752227232643904,49.66666666666666,,
p01,2019-12-10,24959428562,2019-12-10 00:22:30,2019-12-10 06:22:30,5.6,stages,336,24,0,4,24,20.0,91.0,225.0,20.0,0.0,6.666666666666667,0.0,5.9523809523809526,27.083333333333332,3.5714285714285716,78.0,19.0,22.0,37.0,20.0,0.0638002773925104,0.95,52.49470245479018,45.67333333333333,,
p01,2020-01-19,25505680297,2020-01-19 02:44:30,2020-01-19 09:01:00,5.616666666666666,stages,337,39,0,0,39,66.0,33.0,238.0,19.0,1.0,10.372340425531915,0.0,19.584569732937684,9.792284866468842,3.382789317507419,66.0,16.0,14.0,36.0,66.0,0.0602409638554216,0.99601593625498,57.04561558441558,52.44444444444444,,
p01,2019-12-13,24993382413,2019-12-13 00:17:00,2019-12-13 06:26:00,5.616666666666666,stages,337,32,0,0,32,58.0,17.0,262.0,14.0,1.0,8.672086720867208,0.0,17.2106824925816,5.044510385756676,2.4925816023738876,68.0,15.0,16.0,37.0,57.0,0.0394366197183098,0.986449864498645,58.768047626976205,52.5,,
p01,2019-11-17,24664385870,2019-11-17 00:30:00,2019-11-17 06:47:30,5.616666666666666,stages,337,40,0,6,40,49.0,67.0,221.0,22.0,2.0,10.610079575596817,0.0,14.540059347181009,19.881305637982194,3.9169139465875373,71.0,20.0,15.0,36.0,49.0,0.1495327102803738,0.9854304635761588,53.34428559791463,48.721428571428575,,
p01,2020-02-12,25864331492,2020-02-11 23:50:00,2020-02-12 05:57:30,5.633333333333334,stages,338,29,0,5,29,45.0,78.0,215.0,20.0,1.0,7.901907356948229,0.0,13.31360946745562,23.076923076923077,3.5502958579881656,74.0,21.0,16.0,37.0,45.0,0.1037344398340249,0.9659863945578232,55.998764404609474,50.24166666666667,,
p01,2019-12-30,25200382694,2019-12-30 02:03:30,2019-12-30 08:21:30,5.633333333333334,stages,338,40,0,0,40,43.0,42.0,253.0,29.0,2.0,10.582010582010582,0.0,12.721893491124261,12.42603550295858,5.147928994082839,65.0,16.0,13.0,36.0,43.0,0.095112285336856,0.9973544973544972,57.63781276195069,52.333333333333336,,
p01,2020-02-07,25797449251,2020-02-07 00:13:00,2020-02-07 06:37:00,5.666666666666667,stages,340,44,0,0,44,20.0,87.0,233.0,20.0,2.0,11.458333333333334,0.0,5.882352941176471,25.58823529411765,3.5294117647058822,69.0,19.0,14.0,36.0,19.0,0.0756756756756756,0.9765625,59.39687994227994,52.80833333333334,,
p01,2019-11-06,24534036899,2019-11-06 00:25:30,2019-11-06 06:29:30,5.683333333333334,stages,341,23,0,1,23,66.0,38.0,237.0,21.0,0.0,6.318681318681318,0.0,19.35483870967742,11.143695014662757,3.695014662756598,67.0,17.0,13.0,37.0,65.0,0.0644718792866941,0.9807692307692308,60.28979440260953,53.62,,
p01,2020-03-20,26403965072,2020-03-20 00:23:00,2020-03-20 06:43:30,5.683333333333334,stages,341,39,0,0,39,37.0,74.0,230.0,25.0,0.0,10.263157894736842,0.0,10.850439882697946,21.700879765395893,4.39882697947214,72.0,20.0,16.0,36.0,37.0,0.062251655629139,0.9697766097240472,52.06327698197617,47.22,,
p01,2019-11-28,24814208773,2019-11-27 23:57:30,2019-11-28 06:28:30,5.683333333333334,stages,341,50,0,0,50,25.0,27.0,289.0,18.0,2.0,12.787723785166241,0.0,7.331378299120234,7.9178885630498534,3.167155425219941,70.0,14.0,22.0,34.0,25.0,0.0817369093231162,0.9744245524296676,52.74112336336745,45.71428571428572,,
p01,2019-11-15,24641842224,2019-11-15 00:14:00,2019-11-15 06:39:00,5.7,stages,342,43,0,2,43,58.0,86.0,198.0,20.0,1.0,11.168831168831169,0.0,16.95906432748538,25.146198830409357,3.508771929824561,74.0,21.0,16.0,37.0,58.0,0.1108108108108108,0.9558441558441558,55.42583472535918,48.5,,
p01,2020-01-30,25674732632,2020-01-30 00:09:00,2020-01-30 06:34:30,5.716666666666667,stages,343,42,0,0,42,44.0,30.0,269.0,21.0,2.0,10.909090909090908,0.0,12.82798833819242,8.746355685131196,3.673469387755102,73.0,15.0,22.0,36.0,43.0,0.0524246395806028,0.9961089494163424,53.33149294282108,45.16666666666666,,
p01,2020-01-10,25371920891,2020-01-10 00:26:00,2020-01-10 06:50:30,5.733333333333333,stages,344,40,0,0,40,44.0,62.0,238.0,15.0,1.0,10.416666666666666,0.0,12.790697674418604,18.023255813953487,2.6162790697674416,71.0,19.0,16.0,36.0,44.0,0.0806241872561768,0.9752925877763328,57.86304184704185,48.42,,
p01,2019-11-09,24568877484,2019-11-09 00:31:30,2019-11-09 07:02:30,5.733333333333333,stages,344,47,0,0,47,36.0,64.0,244.0,22.0,1.0,12.020460358056265,0.0,10.465116279069768,18.6046511627907,3.8372093023255816,74.0,18.0,21.0,35.0,36.0,0.0664112388250319,1.0,57.09501592468344,49.0,,
p01,2019-12-03,24883896362,2019-12-03 00:01:00,2019-12-03 06:21:30,5.75,stages,345,35,0,0,35,21.0,62.0,262.0,20.0,1.0,9.210526315789474,0.0,6.086956521739131,17.971014492753625,3.4782608695652173,76.0,17.0,22.0,37.0,21.0,0.0517928286852589,0.9960578186596584,54.00579037643681,46.99,,
p01,2020-03-16,26344100947,2020-03-15 23:55:00,2020-03-16 06:37:00,5.75,stages,345,57,0,0,57,25.0,71.0,249.0,27.0,2.0,14.17910447761194,0.0,7.246376811594203,20.579710144927535,4.695652173913044,76.0,19.0,21.0,36.0,25.0,0.0860495436766623,0.9825870646766168,51.221460901967234,46.333333333333336,,
p01,2020-03-31,26540075740,2020-03-31 00:44:30,2020-03-31 07:06:00,5.75,stages,345,36,0,0,36,44.0,67.0,234.0,22.0,2.0,9.448818897637794,0.0,12.753623188405797,19.420289855072465,3.8260869565217392,,,,,,,0.9986893840104848,55.82780741422475,49.16666666666666,,
p01,2020-03-01,26132199697,2020-03-01 01:30:30,2020-03-01 07:48:30,5.766666666666667,stages,346,32,0,3,32,21.0,57.0,268.0,18.0,1.0,8.465608465608465,0.0,6.069364161849711,16.473988439306357,3.121387283236994,73.0,16.0,20.0,37.0,20.0,0.1228533685601056,0.8624338624338624,54.114860591010896,49.525,,
p01,2020-03-25,26467322684,2020-03-25 00:50:00,2020-03-25 07:33:30,5.783333333333333,stages,347,56,0,0,56,67.0,40.0,240.0,26.0,1.0,13.895781637717121,0.0,19.30835734870317,11.527377521613833,4.495677233429395,71.0,17.0,19.0,35.0,66.0,0.0674157303370786,0.976456009913259,53.24335944653204,47.85714285714285,,
p01,2020-01-09,25356549170,2020-01-08 23:58:30,2020-01-09 06:40:30,5.8,stages,348,54,0,0,54,48.0,64.0,236.0,29.0,3.0,13.432835820895523,0.0,13.793103448275861,18.39080459770115,5.0,67.0,19.0,13.0,35.0,48.0,0.1130434782608695,0.9751243781094528,57.485040455576176,50.37,,
p01,2020-03-29,26516647751,2020-03-29 00:46:30,2020-03-29 08:40:30,5.816666666666666,stages,349,65,0,0,125,55.0,38.0,256.0,22.0,3.0,13.713080168776372,0.0,15.759312320916905,10.888252148997134,3.7822349570200573,62.0,16.0,14.0,32.0,55.0,0.0569620253164556,0.981012658227848,58.27245217148443,53.0,,
p01,2020-01-31,25696136875,2020-01-30 23:55:00,2020-01-31 06:23:00,5.816666666666666,stages,349,39,0,0,39,40.0,86.0,223.0,19.0,1.0,10.051546391752577,0.0,11.461318051575931,24.64183381088825,3.2664756446991405,70.0,20.0,13.0,37.0,40.0,0.0785619174434087,0.9716494845360824,59.56212465695224,52.29714285714285,,
p01,2020-01-23,25563369863,2020-01-23 00:05:30,2020-01-23 06:39:00,5.816666666666666,stages,349,44,0,4,44,9.0,66.0,274.0,22.0,1.0,11.195928753180661,0.0,2.5787965616045847,18.911174785100286,3.7822349570200573,71.0,17.0,17.0,37.0,9.0,0.0571049136786188,0.9758576874205844,57.00715159406565,49.87857142857143,,
p01,2020-01-17,25476657499,2020-01-16 23:33:00,2020-01-17 06:11:00,5.833333333333333,stages,350,48,0,3,48,76.0,93.0,181.0,20.0,2.0,12.06030150753769,0.0,21.714285714285715,26.571428571428573,3.428571428571429,73.0,21.0,15.0,37.0,75.0,0.071523178807947,0.9623115577889448,57.35953501821648,49.84,,
p01,2020-01-16,25459709394,2020-01-15 23:16:30,2020-01-16 05:49:30,5.85,stages,351,42,0,0,42,35.0,53.0,263.0,23.0,0.0,10.687022900763358,0.0,9.971509971509972,15.0997150997151,3.931623931623932,73.0,16.0,21.0,36.0,35.0,0.0546378653113087,0.9669211195928752,54.85437523733576,47.42857142857143,,
p01,2020-02-19,25964084676,2020-02-19 00:54:00,2020-02-19 07:19:00,5.866666666666666,stages,352,33,0,4,33,15.0,22.0,315.0,26.0,0.0,8.571428571428571,0.0,4.261363636363637,6.25,4.4318181818181825,74.0,13.0,22.0,39.0,15.0,0.0749665327978581,0.987012987012987,55.62540517961571,46.66666666666666,,
p01,2020-03-28,26502379603,2020-03-28 01:03:30,2020-03-28 07:46:00,5.9,stages,354,48,0,0,48,5.0,59.0,290.0,20.0,1.0,11.940298507462687,0.0,1.4124293785310735,16.666666666666668,3.389830508474576,67.0,16.0,14.0,37.0,5.0,0.0871261378413524,0.9987577639751553,56.6390894553208,50.80166666666666,,
p01,2019-11-23,24748626099,2019-11-22 23:58:00,2019-11-23 06:48:00,5.933333333333334,stages,356,54,0,0,54,74.0,25.0,257.0,26.0,3.0,13.170731707317072,0.0,20.786516853932586,7.022471910112359,4.382022471910112,71.0,16.0,18.0,37.0,74.0,0.1027918781725888,0.9926829268292684,55.77558455740274,50.6375,,
p01,2020-03-05,26188840139,2020-03-04 23:45:30,2020-03-05 06:31:00,5.966666666666667,stages,358,47,0,3,47,29.0,68.0,261.0,18.0,1.0,11.604938271604938,0.0,8.100558659217876,18.99441340782123,3.016759776536313,75.0,19.0,18.0,38.0,29.0,0.0508474576271186,0.969173859432799,56.68775835417056,50.5,,
p01,2020-01-20,25517965824,2020-01-19 23:34:00,2020-01-20 06:26:00,5.983333333333333,stages,359,53,0,0,53,41.0,49.0,269.0,22.0,3.0,12.864077669902912,0.0,11.420612813370473,13.649025069637883,3.6768802228412256,73.0,16.0,20.0,37.0,41.0,0.079345088161209,0.9684466019417476,54.68890525375488,47.830000000000005,,
p01,2020-02-11,25851281547,2020-02-11 00:04:00,2020-02-11 06:35:30,5.983333333333333,stages,359,32,0,5,32,74.0,96.0,189.0,16.0,1.0,8.184143222506394,0.0,20.61281337047354,26.740947075208915,2.6740947075208914,73.0,21.0,14.0,38.0,74.0,0.0716145833333333,0.983397190293742,56.46975581417139,50.23492063492064,,
p01,2020-01-01,25228401016,2020-01-01 01:57:00,2020-01-01 08:34:00,6.0,stages,360,37,0,0,37,47.0,62.0,251.0,22.0,0.0,9.319899244332493,0.0,13.055555555555555,17.22222222222222,3.6666666666666665,75.0,19.0,17.0,39.0,47.0,0.0600522193211488,1.0,53.302366595061805,49.23333333333333,,
p01,2019-11-08,24557456459,2019-11-07 23:48:30,2019-11-08 06:21:00,6.0,stages,360,32,0,1,32,34.0,82.0,244.0,24.0,1.0,8.16326530612245,0.0,9.444444444444445,22.77777777777778,4.0,74.0,20.0,16.0,38.0,34.0,0.0564826700898587,0.9656050955414012,59.74374740621442,52.29857142857143,,
p01,2019-11-04,24507914069,2019-11-03 23:55:30,2019-11-04 06:35:00,6.016666666666667,stages,361,38,0,0,38,37.0,35.0,289.0,27.0,0.0,9.523809523809524,0.0,10.249307479224377,9.695290858725762,4.487534626038781,68.0,15.0,15.0,38.0,37.0,0.0648508430609598,0.9912390488110138,59.102200486102,53.0,,
p01,2020-02-29,26118440483,2020-02-29 00:44:00,2020-02-29 07:38:00,6.033333333333333,stages,362,52,0,1,52,40.0,55.0,267.0,27.0,1.0,12.560386473429952,0.0,11.049723756906078,15.193370165745856,4.475138121546961,69.0,17.0,15.0,37.0,40.0,0.0887792848335388,0.9903381642512076,61.92219142645972,54.0,,
p01,2019-12-31,25214134078,2019-12-31 01:09:30,2019-12-31 07:55:30,6.066666666666666,stages,364,42,0,0,42,62.0,71.0,231.0,25.0,2.0,10.344827586206897,0.0,17.032967032967033,19.505494505494507,4.120879120879121,78.0,20.0,21.0,37.0,62.0,0.078720787207872,0.9926108374384236,54.85044623834946,49.0,,
p01,2020-01-14,25430218066,2020-01-13 23:29:30,2020-01-14 06:06:00,6.066666666666666,stages,364,32,0,0,32,19.0,62.0,283.0,25.0,0.0,8.080808080808081,0.0,5.21978021978022,17.032967032967033,4.120879120879121,75.0,17.0,20.0,38.0,19.0,0.1047979797979797,0.9987389659520808,54.24629629629629,47.59285714285714,,
p01,2020-01-21,25532323736,2020-01-20 23:37:00,2020-01-21 06:22:00,6.083333333333333,stages,365,40,0,0,40,47.0,62.0,256.0,19.0,2.0,9.876543209876543,0.0,12.876712328767123,16.986301369863014,3.1232876712328768,77.0,19.0,20.0,38.0,47.0,0.0668348045397225,0.9753086419753086,52.25887199298592,45.333333333333336,,
p01,2019-11-27,24814208772,2019-11-26 23:34:30,2019-11-27 06:25:00,6.083333333333333,stages,365,45,0,0,45,27.0,58.0,280.0,25.0,3.0,10.975609756097562,0.0,7.397260273972603,15.89041095890411,4.109589041095891,75.0,16.0,22.0,37.0,27.0,0.0816077953714981,0.9671132764920828,52.449067864685,47.0,,
p01,2020-03-02,26144800797,2020-03-01 23:44:00,2020-03-02 06:32:00,6.1,stages,366,42,0,5,42,37.0,96.0,233.0,26.0,1.0,10.294117647058824,0.0,10.109289617486338,26.229508196721312,4.262295081967213,77.0,20.0,19.0,38.0,37.0,0.0726114649681528,0.9705882352941176,57.30060917617736,52.16666666666666,,
p01,2019-12-16,25024072567,2019-12-15 23:41:30,2019-12-16 06:18:30,6.116666666666666,stages,367,30,0,10,30,30.0,69.0,268.0,22.0,0.0,7.5566750629722925,0.0,8.174386920980927,18.80108991825613,3.596730245231608,75.0,19.0,18.0,38.0,30.0,0.1169811320754717,0.9622166246851386,57.79569753254308,50.75,,
p01,2020-01-03,25272136869,2020-01-02 23:19:30,2020-01-03 06:21:30,6.133333333333334,stages,368,54,0,0,54,43.0,86.0,239.0,22.0,1.0,12.796208530805687,0.0,11.684782608695652,23.369565217391305,3.5869565217391304,73.0,21.0,16.0,36.0,43.0,0.0887573964497041,1.0,55.739446684174176,50.0,,
p01,2020-02-03,25737094234,2020-02-02 23:15:30,2020-02-03 06:15:00,6.15,stages,369,50,0,0,50,37.0,99.0,233.0,26.0,2.0,11.933174224343675,0.0,10.02710027100271,26.829268292682926,4.227642276422764,78.0,20.0,21.0,37.0,37.0,0.0948379351740696,0.9702026221692492,55.21077704032249,49.15,,
p01,2020-03-06,26204846577,2020-03-05 23:45:00,2020-03-06 06:44:00,6.15,stages,369,50,0,5,50,58.0,59.0,252.0,22.0,2.0,11.933174224343675,0.0,15.718157181571815,15.989159891598916,3.5772357723577235,71.0,18.0,16.0,37.0,57.0,0.0872235872235872,0.9761336515513126,58.18562661191023,48.75,,
p01,2019-12-15,25013252574,2019-12-15 00:40:30,2019-12-15 07:21:30,6.15,stages,369,32,0,0,32,28.0,85.0,256.0,24.0,1.0,7.980049875311721,0.0,7.588075880758808,23.035230352303522,3.902439024390244,74.0,20.0,16.0,38.0,28.0,0.1357409713574097,1.0,57.81224886916908,51.66666666666666,,
p01,2019-12-24,25146907268,2019-12-24 00:33:00,2019-12-24 07:23:00,6.15,stages,369,41,0,0,41,17.0,37.0,315.0,25.0,3.0,10.0,0.0,4.607046070460704,10.02710027100271,4.0650406504065035,71.0,14.0,19.0,38.0,17.0,0.1433868974042027,0.9878048780487804,50.443211212655655,45.721428571428575,,
p01,2020-03-08,26229880685,2020-03-08 00:12:00,2020-03-08 07:05:30,6.183333333333334,stages,371,42,0,1,42,32.0,54.0,285.0,24.0,3.0,10.169491525423728,0.0,8.625336927223719,14.555256064690028,3.8814016172506736,71.0,16.0,18.0,37.0,32.0,0.0713422007255139,0.989117291414752,56.55976345713509,49.44,,
p01,2020-02-02,25723889168,2020-02-02 00:18:00,2020-02-02 07:05:30,6.2,stages,372,35,0,10,35,32.0,52.0,288.0,23.0,0.0,8.5995085995086,0.0,8.602150537634408,13.978494623655914,3.7096774193548385,69.0,16.0,15.0,38.0,32.0,0.072570725707257,0.8834355828220859,56.65580276976111,52.66666666666666,,
p01,2020-03-03,26160067834,2020-03-02 23:35:00,2020-03-03 06:19:00,6.233333333333333,stages,374,30,0,0,30,93.0,113.0,168.0,17.0,2.0,7.425742574257426,0.0,24.86631016042781,30.21390374331551,2.727272727272727,84.0,22.0,23.0,39.0,93.0,0.0406091370558375,0.9653465346534652,53.89816748066748,49.0,,
p01,2020-03-23,26439963894,2020-03-23 00:28:00,2020-03-23 07:31:30,6.25,stages,375,48,0,0,48,45.0,61.0,269.0,28.0,1.0,11.347517730496454,0.0,12.0,16.266666666666666,4.48,73.0,18.0,18.0,37.0,45.0,0.0782918149466192,0.9846517119244392,52.78573444274883,47.75,,
p01,2019-11-02,24486013387,2019-11-02 00:09:30,2019-11-02 07:19:30,6.3,stages,378,52,0,0,52,36.0,83.0,259.0,26.0,1.0,12.093023255813954,0.0,9.523809523809524,21.95767195767196,4.126984126984127,79.0,20.0,22.0,37.0,36.0,0.0789779326364692,0.9767441860465116,54.19916159898303,48.42857142857143,,
p01,2019-11-12,24604556303,2019-11-11 23:19:00,2019-11-12 06:22:00,6.3,stages,378,45,0,0,45,51.0,38.0,289.0,24.0,2.0,10.638297872340425,0.0,13.492063492063492,10.052910052910052,3.8095238095238098,70.0,16.0,16.0,38.0,50.0,0.0809523809523809,0.9692671394799054,57.87085823390701,48.05,,
p01,2019-11-03,24497341340,2019-11-03 00:32:00,2019-11-03 07:34:30,6.3,stages,378,44,0,0,44,38.0,51.0,289.0,29.0,3.0,10.42654028436019,0.0,10.052910052910052,13.492063492063492,4.603174603174604,71.0,16.0,17.0,38.0,38.0,0.093491124260355,0.9964497041420118,53.99915142260748,50.71428571428572,,
p01,2020-02-22,26015459375,2020-02-22 00:57:00,2020-02-22 07:55:00,6.3,stages,378,40,0,0,40,35.0,66.0,277.0,31.0,1.0,9.569377990430622,0.0,9.25925925925926,17.46031746031746,4.920634920634921,72.0,18.0,15.0,39.0,35.0,0.0761789600967352,0.9808612440191388,55.88657964664062,50.58428571428571,,
p01,2020-02-09,25825902413,2020-02-09 00:37:00,2020-02-09 07:44:30,6.316666666666666,stages,379,48,0,0,48,37.0,61.0,281.0,24.0,2.0,11.241217798594848,0.0,9.762532981530343,16.094986807387862,3.799472295514512,76.0,17.0,22.0,37.0,37.0,0.0930506478209658,0.991812865497076,50.88200732050968,46.0,,
p01,2020-01-26,25605534656,2020-01-25 23:57:30,2020-01-26 07:18:00,6.35,stages,381,59,0,0,59,33.0,68.0,280.0,18.0,4.0,13.409090909090908,0.0,8.661417322834646,17.84776902887139,2.834645669291339,71.0,18.0,17.0,36.0,33.0,0.1237230419977298,0.9943246311010216,52.0346117733104,48.16309523809524,,
p01,2020-03-21,26416876464,2020-03-21 00:25:00,2020-03-21 07:38:30,6.35,stages,381,52,0,0,52,40.0,80.0,261.0,23.0,2.0,12.009237875288683,0.0,10.498687664041995,20.99737532808399,3.6220472440944884,74.0,20.0,17.0,37.0,40.0,0.0490081680280046,0.9711649365628604,52.75496241683891,48.833333333333336,,
p01,2020-01-15,25446511879,2020-01-14 23:11:00,2020-01-15 06:23:00,6.366666666666666,stages,382,50,0,5,50,34.0,40.0,308.0,19.0,0.0,11.574074074074074,0.0,8.900523560209423,10.471204188481675,2.984293193717278,78.0,15.0,21.0,42.0,34.0,0.0630517023959646,0.9814814814814816,53.41222824607258,47.85982142857143,,
p01,2019-11-10,24579324569,2019-11-10 00:15:30,2019-11-10 07:18:00,6.366666666666666,stages,382,40,0,0,40,52.0,81.0,249.0,28.0,1.0,9.47867298578199,0.0,13.612565445026178,21.20418848167539,4.397905759162304,81.0,21.0,22.0,38.0,52.0,0.0616113744075829,0.98698224852071,55.60877159744066,48.8,,
p01,2019-11-20,24703157234,2019-11-19 23:28:00,2019-11-20 06:30:30,6.383333333333334,stages,383,39,0,0,39,39.0,66.0,278.0,24.0,2.0,9.24170616113744,0.0,10.182767624020888,17.232375979112273,3.7597911227154044,74.0,18.0,18.0,38.0,39.0,0.0733727810650887,0.9727810650887574,57.75233179904713,51.14583333333333,,
p01,2019-12-21,25107850649,2019-12-21 01:00:30,2019-12-21 07:55:30,6.416666666666667,stages,385,30,0,0,30,29.0,99.0,257.0,19.0,0.0,7.228915662650603,0.0,7.532467532467533,25.714285714285715,2.9610389610389607,79.0,20.0,20.0,39.0,28.0,0.1227436823104693,1.0,52.44184069611781,47.55,,
p01,2019-12-14,25002949972,2019-12-14 00:14:00,2019-12-14 07:21:00,6.433333333333334,stages,386,41,0,0,41,34.0,30.0,322.0,22.0,2.0,9.601873536299765,0.0,8.808290155440414,7.772020725388601,3.419689119170984,71.0,14.0,18.0,39.0,34.0,0.0656324582338902,1.0,57.97951951769282,52.285714285714285,,
p01,2020-03-30,26528257996,2020-03-30 00:17:00,2020-03-30 07:20:00,6.433333333333334,stages,386,37,0,3,37,35.0,70.0,281.0,19.0,2.0,8.747044917257684,0.0,9.067357512953368,18.134715025906736,2.9533678756476682,78.0,19.0,20.0,39.0,34.0,0.1364734299516908,0.9385342789598108,56.48405410710196,48.48,,
p01,2019-12-01,24844211484,2019-12-01 00:03:30,2019-12-01 07:11:30,6.45,stages,387,41,0,0,41,35.0,54.0,298.0,16.0,4.0,9.57943925233645,0.0,9.043927648578812,13.953488372093023,2.4806201550387597,72.0,16.0,18.0,38.0,34.0,0.1435239206534422,0.9883177570093458,53.85298177656333,47.57428571428572,,
p01,2020-01-25,25596279820,2020-01-24 23:37:30,2020-01-25 06:55:00,6.45,stages,387,50,0,3,50,73.0,94.0,220.0,26.0,2.0,11.441647597254004,0.0,18.863049095607234,24.289405684754524,4.0310077519379846,74.0,21.0,14.0,39.0,73.0,0.0931603773584905,0.9965714285714286,56.96493779538503,50.5,,
p01,2020-02-18,25948956323,2020-02-18 00:21:30,2020-02-18 07:30:00,6.483333333333333,stages,389,39,0,0,39,30.0,22.0,337.0,30.0,0.0,9.11214953271028,0.0,7.712082262210797,5.655526992287918,4.627249357326478,68.0,14.0,15.0,39.0,30.0,0.1070588235294117,0.998833138856476,55.534024574854016,52.25,,
p01,2020-03-13,26307254456,2020-03-13 00:09:00,2020-03-13 07:22:30,6.483333333333333,stages,389,44,0,0,44,80.0,94.0,215.0,25.0,2.0,10.161662817551964,0.0,20.565552699228792,24.164524421593832,3.8560411311053984,82.0,21.0,22.0,39.0,80.0,0.0682080924855491,1.0011534025374855,51.98516135682034,45.56587301587302,,
p01,2020-01-24,25578218713,2020-01-23 23:09:00,2020-01-24 06:37:00,6.533333333333333,stages,392,56,0,0,56,59.0,75.0,258.0,22.0,2.0,12.5,0.0,15.051020408163266,19.132653061224488,3.36734693877551,73.0,20.0,15.0,38.0,59.0,0.1206496519721577,0.9955357142857144,55.22172995166268,47.40714285714286,,
p01,2020-03-07,26218265953,2020-03-07 00:17:30,2020-03-07 07:48:30,6.533333333333333,stages,392,59,0,12,59,40.0,36.0,316.0,24.0,1.0,13.082039911308204,0.0,10.204081632653061,9.183673469387756,3.673469387755102,68.0,15.0,16.0,37.0,39.0,0.0996677740863787,1.0,57.40928936178383,50.3875,,
p01,2019-11-30,24833913567,2019-11-30 00:31:00,2019-11-30 07:46:00,6.7,stages,402,33,0,1,33,41.0,43.0,318.0,27.0,0.0,7.586206896551724,0.0,10.199004975124378,10.696517412935323,4.029850746268656,74.0,16.0,17.0,41.0,40.0,0.0646298472385428,0.9885057471264368,52.33066461961811,48.85714285714285,,
p01,2019-12-08,24928897739,2019-12-08 00:02:00,2019-12-08 07:22:30,6.7,stages,402,38,0,7,38,21.0,105.0,276.0,22.0,2.0,8.636363636363637,0.0,5.223880597014926,26.119402985074625,3.2835820895522385,80.0,19.0,21.0,40.0,21.0,0.0909090909090909,0.9988649262202044,53.696068804932445,47.59857142857143,,
p01,2019-12-22,25107850650,2019-12-22 00:26:30,2019-12-22 07:50:30,6.716666666666667,stages,403,41,0,0,41,37.0,61.0,305.0,24.0,2.0,9.234234234234235,0.0,9.181141439205955,15.136476426799007,3.5732009925558312,78.0,17.0,22.0,39.0,36.0,0.0753655793025871,0.9977477477477478,51.36381616878231,48.09181818181818,,
p01,2019-12-26,25148279961,2019-12-26 00:19:30,2019-12-26 07:50:00,6.766666666666667,stages,406,44,0,0,44,23.0,95.0,288.0,29.0,3.0,9.777777777777779,0.0,5.665024630541872,23.399014778325125,4.285714285714286,78.0,19.0,20.0,39.0,22.0,0.0700778642936596,0.9988901220865704,53.18407198973865,47.4,,
p01,2020-03-22,26429247233,2020-03-22 00:28:00,2020-03-22 08:02:00,6.8,stages,408,46,0,0,46,36.0,58.0,314.0,21.0,1.0,10.13215859030837,0.0,8.823529411764707,14.215686274509803,3.088235294117647,74.0,16.0,18.0,40.0,35.0,0.0809898762654668,0.9955947136563876,53.4350146534881,47.58714285714286,,
p01,2020-02-23,26027506188,2020-02-23 00:35:30,2020-02-23 08:11:30,6.833333333333333,stages,410,46,0,0,46,55.0,61.0,294.0,28.0,1.0,10.087719298245615,0.0,13.414634146341463,14.878048780487806,4.097560975609756,75.0,17.0,19.0,39.0,55.0,0.1500547645125958,0.9846491228070176,53.22536709763882,47.5,,
p01,2020-01-12,25399900721,2020-01-12 00:12:00,2020-01-12 07:55:30,6.9,stages,414,49,0,0,49,19.0,39.0,356.0,26.0,1.0,10.583153347732182,0.0,4.5893719806763285,9.420289855072463,3.7681159420289854,72.0,14.0,18.0,40.0,19.0,0.0825082508250825,0.9967637540453076,54.534648900882665,49.25178571428572,,
p01,2020-03-26,26479066869,2020-03-26 00:13:00,2020-03-26 07:52:00,6.916666666666667,stages,415,44,0,0,44,54.0,37.0,324.0,33.0,1.0,9.586056644880175,0.0,13.012048192771084,8.91566265060241,4.771084337349397,76.0,16.0,20.0,40.0,54.0,0.0583058305830583,0.9629629629629628,52.35347854759619,47.55634920634921,,
p01,2019-12-11,24965365261,2019-12-10 22:41:00,2019-12-11 06:34:30,6.933333333333334,stages,416,57,0,1,57,54.0,110.0,252.0,28.0,2.0,12.050739957716702,0.0,12.98076923076923,26.442307692307693,4.038461538461538,76.0,21.0,16.0,39.0,53.0,0.1375266524520255,0.969376979936642,54.778807448905496,49.2,,
p01,2019-12-27,25158984013,2019-12-27 00:44:30,2019-12-27 08:25:00,6.95,stages,417,43,0,0,43,69.0,78.0,270.0,24.0,2.0,9.347826086956522,0.0,16.546762589928058,18.705035971223023,3.4532374100719423,78.0,20.0,18.0,40.0,69.0,0.1411509229098805,0.992399565689468,53.12619860688788,46.4,,
p01,2020-02-16,25921424543,2020-02-15 23:24:00,2020-02-16 07:24:00,6.95,stages,417,63,0,3,63,65.0,41.0,311.0,31.0,5.0,13.125,0.0,15.587529976019185,9.832134292565947,4.460431654676259,71.0,16.0,16.0,39.0,65.0,0.0810526315789473,0.8770833333333333,55.41635741534792,52.0,,
p01,2019-12-29,25184652035,2019-12-29 00:06:00,2019-12-29 07:58:30,6.966666666666667,stages,418,54,0,0,54,56.0,84.0,278.0,24.0,3.0,11.440677966101696,0.0,13.397129186602871,20.095693779904305,3.4449760765550237,74.0,20.0,15.0,39.0,56.0,0.0991471215351812,0.9925925925925926,56.05346351113942,49.25,,
p01,2019-11-24,24784535314,2019-11-24 00:45:30,2019-11-24 08:53:30,7.016666666666667,stages,421,67,0,0,67,56.0,83.0,282.0,34.0,3.0,13.729508196721312,0.0,13.30166270783848,19.71496437054632,4.845605700712589,80.0,20.0,19.0,41.0,55.0,0.0736949846468782,0.9918032786885246,58.94856996806279,50.25535714285714,,
p01,2019-12-25,25146907269,2019-12-25 01:26:00,2019-12-25 09:26:00,7.05,stages,423,57,0,1,57,57.0,87.0,279.0,29.0,5.0,11.875,0.0,13.47517730496454,20.56737588652482,4.113475177304965,82.0,21.0,19.0,42.0,57.0,0.0706006322444678,0.9958333333333332,54.41224181443847,47.188750000000006,,
p01,2020-02-15,25909204074,2020-02-15 00:17:00,2020-02-15 08:16:30,7.05,stages,423,56,0,0,56,39.0,14.0,370.0,38.0,1.0,11.691022964509395,0.0,9.21985815602837,3.309692671394799,5.390070921985815,69.0,14.0,13.0,42.0,38.0,0.0950888192267502,0.9885297184567258,58.10786047637313,52.42857142857143,,
p01,2019-12-07,24918333423,2019-12-06 23:29:00,2019-12-07 07:21:00,7.066666666666666,stages,424,48,0,1,48,74.0,62.0,288.0,32.0,2.0,10.169491525423728,0.0,17.452830188679247,14.622641509433961,4.528301886792453,81.0,18.0,20.0,43.0,74.0,0.0818083961248654,0.9851694915254238,55.6404775869292,48.71428571428572,,
p01,2020-02-08,25813865962,2020-02-08 00:03:30,2020-02-08 07:56:00,7.083333333333333,stages,425,47,0,0,47,35.0,35.0,355.0,29.0,1.0,9.957627118644067,0.0,8.235294117647058,8.235294117647058,4.094117647058824,80.0,15.0,22.0,43.0,35.0,0.0597826086956521,0.9968253968253968,53.38515293977077,50.18333333333334,,
p01,2020-03-18,26376122349,2020-03-18 00:10:00,2020-03-18 07:58:30,7.116666666666666,stages,427,41,0,0,41,56.0,82.0,289.0,32.0,2.0,8.760683760683762,0.0,13.114754098360656,19.20374707259953,4.49648711943794,81.0,20.0,18.0,43.0,56.0,0.0513368983957219,0.9690501600853788,52.5313748720687,48.41857142857143,,
p01,2020-01-05,25284389027,2020-01-05 00:03:30,2020-01-05 08:04:30,7.166666666666667,stages,430,51,0,5,51,46.0,16.0,368.0,34.0,2.0,10.602910602910603,0.0,10.69767441860465,3.7209302325581395,4.7441860465116275,69.0,14.0,13.0,42.0,46.0,0.122533748701973,0.9916839916839916,54.88433965289311,50.725,,
p01,2019-12-23,25115046163,2019-12-23 00:50:30,2019-12-23 08:49:00,7.166666666666667,stages,430,48,0,0,48,37.0,64.0,329.0,32.0,2.0,10.0418410041841,0.0,8.604651162790697,14.883720930232558,4.465116279069767,79.0,17.0,20.0,42.0,37.0,0.1201671891327063,0.9989550679205852,55.65251544132297,48.66041666666666,,
p01,2020-03-24,26454824841,2020-03-23 23:45:30,2020-03-24 07:57:30,7.3,stages,438,54,0,1,54,43.0,68.0,327.0,28.0,1.0,10.975609756097562,0.0,9.817351598173516,15.525114155251142,3.8356164383561646,76.0,17.0,17.0,42.0,42.0,0.0588832487309644,0.975609756097561,53.69789043710919,47.57142857142857,,
p01,2019-12-28,25174124398,2019-12-28 00:00:30,2019-12-28 08:06:30,7.316666666666666,stages,439,47,0,0,47,39.0,69.0,331.0,25.0,2.0,9.670781893004115,0.0,8.883826879271071,15.71753986332574,3.416856492027335,75.0,17.0,16.0,42.0,38.0,0.1233299075025693,1.0,55.76160324586251,49.0,,
p01,2020-03-14,26319462688,2020-03-14 00:28:30,2020-03-14 08:37:00,7.433333333333334,stages,446,42,0,0,42,64.0,62.0,320.0,31.0,1.0,8.60655737704918,0.0,14.349775784753364,13.90134529147982,4.170403587443946,76.0,17.0,16.0,43.0,64.0,0.0634595701125895,0.9825997952917092,59.2072352113737,49.21944444444444,,
p01,2020-01-04,25272136870,2020-01-03 23:44:00,2020-01-04 08:24:00,7.65,stages,459,61,0,0,61,16.0,75.0,368.0,38.0,3.0,11.73076923076923,0.0,3.485838779956427,16.33986928104575,4.967320261437909,78.0,16.0,20.0,42.0,16.0,0.0674373795761079,1.0,57.83295140727199,47.99444444444445,,
p01,2020-03-17,26359380653,2020-03-16 21:46:00,2020-03-17 06:41:30,7.883333333333334,stages,473,62,0,0,62,36.0,59.0,378.0,28.0,3.0,11.588785046728972,0.0,7.6109936575052854,12.473572938689218,3.551797040169133,76.0,16.0,19.0,41.0,36.0,0.0737628384687208,0.8851540616246498,49.80528415560061,45.7375,,
p01,2020-01-11,25385814738,2020-01-10 23:44:00,2020-01-11 08:40:00,7.916666666666667,stages,475,61,0,1,61,0.0,112.0,363.0,27.0,3.0,11.380597014925373,0.0,0.0,23.57894736842105,3.4105263157894736,80.0,18.0,20.0,42.0,0.0,0.0858490566037735,0.9906716417910448,55.3091696491414,48.2,,
p01,2020-01-02,25239060912,2020-01-01 20:22:30,2020-01-02 05:42:30,8.5,stages,510,50,0,1,50,73.0,106.0,331.0,26.0,2.0,8.928571428571429,0.0,14.313725490196079,20.784313725490197,3.0588235294117645,88.0,21.0,21.0,46.0,73.0,0.0660124888492417,0.9892857142857144,52.4163296190372,47.13,,
p02,2020-02-25,26081648909,2020-02-25 03:34:00,2020-02-25 06:13:00,2.5,classic,150,9,0,0,9,,,,,,,,,,,,,,,,,0.9622641509433962,48.0432832055381,39.0,7.0,2.0
p02,2020-03-20,26414503649,2020-03-20 03:06:00,2020-03-20 06:53:00,3.0,classic,180,46,0,1,47,,,,,,,,,,,,,,,,,0.9823788546255506,61.69882359792674,49.65138888888889,47.0,0.0
p02,2020-03-01,26130044118,2020-02-29 23:48:00,2020-03-01 03:28:00,3.15,stages,189,31,0,2,31,7.0,10.0,172.0,10.0,1.0,14.090909090909092,0.0,3.7037037037037037,5.291005291005291,3.174603174603175,66.0,12.0,22.0,32.0,7.0,0.1017369727047146,0.9863636363636364,43.1583519527068,40.66666666666666,,
p02,2019-12-06,24914622967,2019-12-05 23:10:00,2019-12-06 03:03:00,3.3833333333333333,stages,203,30,0,0,30,10.0,22.0,171.0,9.0,1.0,12.875536480686696,0.0,4.926108374384237,10.83743842364532,2.6600985221674875,58.0,14.0,15.0,29.0,10.0,0.091533180778032,0.9742489270386266,46.17542574899404,41.5,,
p02,2019-12-23,25114886084,2019-12-23 00:30:00,2019-12-23 04:24:00,3.6166666666666663,stages,217,17,0,0,17,25.0,72.0,120.0,9.0,1.0,7.264957264957265,0.0,11.52073732718894,33.17972350230415,2.488479262672811,70.0,18.0,17.0,35.0,24.0,0.066079295154185,0.9871794871794872,47.33139558853844,43.64583333333333,,
p02,2019-11-12,24614327984,2019-11-11 23:21:00,2019-11-12 03:43:30,3.6666666666666665,stages,220,42,0,0,42,4.0,28.0,188.0,15.0,2.0,16.03053435114504,0.0,1.8181818181818181,12.727272727272727,4.090909090909091,59.0,14.0,17.0,28.0,4.0,0.1536885245901639,0.9866666666666668,44.866772106057816,41.13857142857143,,
p02,2020-03-29,26517964044,2020-03-29 03:00:00,2020-03-29 07:14:30,3.716666666666667,stages,223,31,0,0,31,29.0,39.0,155.0,13.0,2.0,12.204724409448819,0.0,13.004484304932735,17.48878923766816,3.497757847533632,59.0,18.0,14.0,27.0,29.0,0.1003937007874015,0.5304518664047151,51.00306424028646,48.5,,
p02,2020-01-17,25473326563,2020-01-16 23:27:00,2020-01-17 03:49:30,3.883333333333333,stages,233,29,0,0,29,27.0,33.0,173.0,10.0,2.0,11.068702290076336,0.0,11.587982832618026,14.163090128755364,2.575107296137339,62.0,16.0,18.0,28.0,26.0,0.1957364341085271,1.001904761904762,44.373557547226746,41.0,,
p02,2020-02-28,26111929586,2020-02-28 02:25:00,2020-02-28 07:08:00,3.933333333333333,stages,236,47,0,0,47,31.0,25.0,180.0,18.0,4.0,16.607773851590107,0.0,13.135593220338983,10.59322033898305,4.576271186440678,61.0,16.0,21.0,24.0,31.0,0.1256732495511669,0.9858657243816256,47.26974817297398,40.5,,
p02,2019-11-24,24781797201,2019-11-24 04:55:30,2019-11-24 09:39:00,4.083333333333333,stages,245,38,0,0,38,21.0,57.0,167.0,11.0,3.0,13.42756183745583,0.0,8.571428571428571,23.26530612244898,2.6938775510204085,58.0,19.0,13.0,26.0,20.0,0.0687830687830687,0.9911816578483243,56.73770303441122,50.5,,
p02,2019-12-09,24959885733,2019-12-08 22:59:00,2019-12-09 03:41:00,4.116666666666666,stages,247,35,0,0,35,49.0,53.0,145.0,10.0,3.0,12.411347517730496,0.0,19.838056680161944,21.45748987854251,2.4291497975708505,64.0,21.0,16.0,27.0,49.0,0.096947935368043,0.9929078014184396,48.06832070707071,41.33095238095238,,
p02,2019-11-09,24575663643,2019-11-09 00:41:00,2019-11-09 05:49:00,4.5,stages,270,38,0,0,38,35.0,73.0,162.0,12.0,3.0,12.337662337662337,0.0,12.962962962962964,27.037037037037038,2.6666666666666665,67.0,21.0,17.0,29.0,35.0,0.0755336617405583,0.9805194805194806,47.08957252276789,42.83452380952381,,
p02,2020-01-23,25571573772,2020-01-22 23:15:00,2020-01-23 04:38:00,4.633333333333334,stages,278,45,0,0,45,33.0,42.0,203.0,17.0,3.0,13.93188854489164,0.0,11.870503597122303,15.107913669064748,3.6690647482014387,66.0,17.0,19.0,30.0,33.0,0.1778471138845553,1.0,46.18879049227347,41.40285714285714,,
p02,2020-01-04,25271432662,2020-01-04 03:29:00,2020-01-04 09:10:00,4.833333333333333,stages,290,51,0,0,51,34.0,78.0,178.0,17.0,4.0,14.956011730205278,0.0,11.724137931034482,26.896551724137932,3.517241379310345,66.0,21.0,16.0,29.0,34.0,0.2393538913362702,0.9589442815249268,45.228444448857296,41.75,,
p02,2020-01-26,25607778677,2020-01-26 02:14:30,2020-01-26 07:41:30,4.85,stages,291,36,0,0,36,45.0,76.0,170.0,16.0,1.0,11.009174311926605,0.0,15.463917525773196,26.116838487972508,3.2989690721649487,71.0,21.0,18.0,32.0,45.0,0.1053435114503816,1.0,48.38341828066599,42.52142857142857,,
p02,2020-01-11,25387970382,2020-01-11 01:52:30,2020-01-11 07:50:30,4.933333333333334,stages,296,62,0,0,62,10.0,60.0,226.0,20.0,3.0,17.318435754189945,0.0,3.3783783783783785,20.27027027027027,4.0540540540540535,57.0,17.0,13.0,27.0,10.0,0.2217573221757322,0.9916201117318436,46.509731317196106,42.79333333333333,,
p02,2020-02-05,25765502411,2020-02-05 01:14:00,2020-02-05 07:01:30,4.95,stages,297,50,0,0,50,57.0,80.0,160.0,14.0,2.0,14.409221902017292,0.0,19.19191919191919,26.936026936026938,2.8282828282828283,65.0,21.0,14.0,30.0,56.0,0.1001451378809869,0.966906474820144,50.27247925685426,45.142857142857146,,
p02,2020-02-16,25923302916,2020-02-16 03:51:00,2020-02-16 09:50:30,5.1,stages,306,53,0,0,53,69.0,71.0,166.0,19.0,3.0,14.763231197771587,0.0,22.54901960784314,23.202614379084967,3.7254901960784315,66.0,22.0,13.0,31.0,69.0,0.0824022346368715,1.0013908205841446,55.75497284351451,50.14196428571429,,
p02,2020-03-09,26256913420,2020-03-09 00:15:00,2020-03-09 06:46:00,5.216666666666667,stages,313,78,0,0,78,58.0,62.0,193.0,18.0,5.0,19.948849104859335,0.0,18.53035143769968,19.808306709265175,3.450479233226837,67.0,19.0,23.0,25.0,58.0,0.1086675291073738,1.0,41.68771991009842,37.8,,
p02,2019-12-10,24959885735,2019-12-10 01:17:30,2019-12-10 07:31:30,5.283333333333333,stages,317,57,0,0,57,50.0,64.0,203.0,16.0,4.0,15.240641711229946,0.0,15.772870662460567,20.189274447949526,3.0283911671924293,71.0,20.0,20.0,31.0,50.0,0.1081441922563418,0.983957219251337,47.91629091771754,40.63958333333333,,
p02,2019-11-17,24683395962,2019-11-17 02:38:30,2019-11-17 08:41:30,5.333333333333333,stages,320,43,0,1,43,40.0,67.0,213.0,23.0,1.0,11.845730027548209,0.0,12.5,20.9375,4.3125,69.0,21.0,14.0,34.0,39.0,0.0715268225584594,0.977961432506887,54.48172743531898,47.215555555555554,,
p02,2020-01-03,25266471756,2020-01-03 00:44:30,2020-01-03 06:43:00,5.333333333333333,stages,320,38,0,0,38,25.0,74.0,221.0,20.0,2.0,10.614525139664805,0.0,7.8125,23.125,3.75,62.0,20.0,8.0,34.0,25.0,0.2468619246861924,0.9511854951185496,51.25098227774181,46.2,,
p02,2019-11-20,24707845505,2019-11-19 23:27:00,2019-11-20 05:42:30,5.366666666666666,stages,322,53,0,6,53,62.0,31.0,229.0,15.0,4.0,14.133333333333333,0.0,19.25465838509317,9.627329192546584,2.7950310559006213,65.0,16.0,17.0,32.0,62.0,0.1610738255033557,0.9906790945406124,46.46120168660491,41.875,,
p02,2019-12-25,25164862609,2019-12-25 04:01:30,2019-12-25 09:58:30,5.45,stages,327,30,0,0,30,32.0,88.0,207.0,17.0,3.0,8.403361344537815,0.0,9.785932721712538,26.91131498470948,3.1192660550458715,65.0,21.0,9.0,35.0,31.0,0.2027972027972027,0.9831932773109244,51.54998108886998,44.17142857142858,,
p02,2020-03-21,26416569739,2020-03-21 02:53:00,2020-03-21 09:08:00,5.466666666666667,stages,328,47,0,1,47,65.0,52.0,211.0,21.0,3.0,12.533333333333333,0.0,19.817073170731707,15.853658536585366,3.841463414634146,63.0,18.0,11.0,34.0,64.0,0.1244979919678714,0.992,61.6045383753045,53.84642857142857,,
p02,2020-01-06,25307582501,2020-01-05 23:27:30,2020-01-06 06:14:00,5.5,stages,330,76,0,0,76,55.0,77.0,198.0,18.0,6.0,18.7192118226601,0.0,16.666666666666668,23.333333333333332,3.272727272727273,60.0,21.0,12.0,27.0,55.0,0.2484624846248462,0.9028290282902828,45.9229219992844,43.0,,
p02,2020-03-26,26476119722,2020-03-25 22:07:30,2020-03-26 04:18:30,5.516666666666667,stages,331,40,0,0,40,14.0,79.0,238.0,14.0,3.0,10.78167115902965,0.0,4.229607250755287,23.867069486404834,2.5377643504531724,70.0,19.0,17.0,34.0,14.0,0.1991924629878869,0.8221024258760108,46.15885517942895,42.833333333333336,,
p02,2020-01-14,25430307582,2020-01-13 23:25:00,2020-01-14 06:21:00,5.583333333333333,stages,335,81,0,0,81,44.0,55.0,236.0,20.0,5.0,19.471153846153847,0.0,13.134328358208956,16.417910447761194,3.582089552238806,68.0,18.0,18.0,32.0,44.0,0.2037974683544303,0.9855769230769232,42.9444807834442,38.75,,
p02,2019-11-21,24745400642,2019-11-20 23:41:30,2019-11-21 06:45:00,5.583333333333333,stages,335,88,0,0,88,27.0,5.0,303.0,21.0,2.0,20.803782505910167,0.0,8.059701492537313,1.492537313432836,3.7611940298507465,58.0,13.0,17.0,28.0,27.0,0.1820388349514563,0.987012987012987,46.06655240028445,39.7925,,
p02,2020-01-16,25461142287,2020-01-16 00:00:30,2020-01-16 07:01:00,5.616666666666666,stages,337,83,0,0,83,48.0,22.0,267.0,20.0,6.0,19.761904761904763,0.0,14.243323442136498,6.528189910979228,3.560830860534125,59.0,15.0,17.0,27.0,48.0,0.200956937799043,0.9892984542211652,46.42370624167499,41.2,,
p02,2019-11-18,24683395963,2019-11-17 23:37:00,2019-11-18 06:06:30,5.633333333333334,stages,338,51,0,3,51,75.0,76.0,187.0,22.0,1.0,13.110539845758355,0.0,22.189349112426036,22.485207100591715,3.9053254437869818,79.0,22.0,22.0,35.0,75.0,0.0883905013192612,0.975609756097561,43.76216981848561,41.16666666666666,,
p02,2019-11-15,24659721258,2019-11-14 23:29:30,2019-11-15 06:09:30,5.7,stages,342,58,0,0,58,51.0,55.0,236.0,20.0,4.0,14.5,0.0,14.912280701754385,16.08187134502924,3.508771929824561,69.0,18.0,18.0,33.0,50.0,0.0961298377028714,0.9775,47.49921963515314,43.34285714285714,,
p02,2020-02-12,25874822659,2020-02-11 23:28:00,2020-02-12 06:02:30,5.766666666666667,stages,346,48,0,0,48,62.0,68.0,216.0,18.0,3.0,12.182741116751268,0.0,17.91907514450867,19.653179190751445,3.121387283236994,75.0,21.0,19.0,35.0,62.0,0.159438775510204,0.9759188846641318,44.10497460692265,40.0,,
p02,2020-03-30,26530518810,2020-03-29 23:52:30,2020-03-30 06:21:00,5.766666666666667,stages,346,42,0,0,42,46.0,84.0,216.0,14.0,3.0,10.824742268041238,0.0,13.294797687861271,24.277456647398843,2.4277456647398843,77.0,21.0,21.0,35.0,46.0,0.134020618556701,0.9755469755469756,44.72484722840924,40.833333333333336,,
p02,2020-02-15,25908960378,2020-02-15 01:18:30,2020-02-15 07:49:30,5.783333333333333,stages,347,44,0,0,44,57.0,96.0,194.0,16.0,2.0,11.253196930946292,0.0,16.42651296829971,27.665706051873197,2.76657060518732,67.0,21.0,11.0,35.0,56.0,0.1392081736909323,0.9948849104859336,52.045325361585,47.28333333333333,,
p02,2020-02-04,25751178715,2020-02-03 23:35:00,2020-02-04 06:34:30,5.8,stages,348,71,0,0,71,14.0,78.0,256.0,17.0,8.0,16.94510739856802,0.0,4.022988505747127,22.413793103448278,2.931034482758621,68.0,19.0,19.0,30.0,14.0,0.1859356376638855,0.9606674612634089,42.97114874372938,37.6,,
p02,2019-12-19,25067580603,2019-12-19 00:15:30,2019-12-19 06:57:00,5.816666666666666,stages,349,52,0,0,52,18.0,97.0,234.0,22.0,3.0,12.967581047381547,0.0,5.157593123209169,27.793696275071632,3.7822349570200573,63.0,19.0,9.0,35.0,18.0,0.1768368617683686,0.9838107098381071,59.191395418927065,53.42,,
p02,2020-02-14,25894543060,2020-02-13 23:45:30,2020-02-14 06:58:00,5.816666666666666,stages,349,83,0,0,83,57.0,67.0,225.0,21.0,5.0,19.212962962962962,0.0,16.332378223495702,19.197707736389685,3.6103151862464187,67.0,19.0,20.0,28.0,56.0,0.1263035921205098,0.9895953757225432,45.281563549378966,39.34791666666667,,
p02,2019-12-08,24935403285,2019-12-08 02:19:00,2019-12-08 09:13:30,5.85,stages,351,63,0,0,63,43.0,70.0,238.0,27.0,3.0,15.217391304347826,0.0,12.250712250712251,19.943019943019944,4.615384615384616,68.0,20.0,15.0,33.0,43.0,0.1097708082026538,0.9746682750301568,51.29968452202364,44.02142857142857,,
p02,2019-11-26,24792764705,2019-11-25 23:20:30,2019-11-26 06:33:00,5.9,stages,354,78,0,0,78,46.0,68.0,240.0,23.0,4.0,18.055555555555557,0.0,12.994350282485875,19.2090395480226,3.8983050847457625,74.0,20.0,20.0,34.0,46.0,0.0974421437271619,0.9757225433526012,45.27867025023423,40.66666666666666,,
p02,2019-12-12,24977862184,2019-12-11 23:27:00,2019-12-12 06:40:00,5.916666666666667,stages,355,78,0,2,78,70.0,27.0,258.0,23.0,5.0,18.013856812933025,0.0,19.718309859154928,7.605633802816901,3.8873239436619715,66.0,16.0,18.0,32.0,69.0,0.171021377672209,0.97459584295612,47.034486110256246,42.142857142857146,,
p02,2020-03-15,26342688077,2020-03-14 23:28:00,2020-03-15 06:34:00,5.95,stages,357,69,0,0,69,25.0,104.0,228.0,21.0,7.0,16.197183098591548,0.0,7.002801120448179,29.131652661064425,3.5294117647058822,64.0,20.0,12.0,32.0,25.0,0.1739130434782608,0.9953051643192488,49.00834311783604,43.40428571428571,,
p02,2020-03-13,26306338653,2020-03-12 23:42:30,2020-03-13 06:45:00,5.95,stages,357,65,0,0,65,58.0,60.0,239.0,27.0,1.0,15.402843601895734,0.0,16.246498599439775,16.80672268907563,4.53781512605042,75.0,19.0,20.0,36.0,58.0,0.1596534653465346,0.9940828402366864,45.40780371744657,40.496428571428574,,
p02,2020-01-21,25529945029,2020-01-20 23:25:00,2020-01-21 06:43:30,5.966666666666667,stages,358,80,0,0,80,69.0,64.0,225.0,20.0,6.0,18.264840182648403,0.0,19.273743016759777,17.877094972067038,3.35195530726257,68.0,19.0,18.0,31.0,69.0,0.1983852364475201,0.992018244013683,44.8120182946045,40.0,,
p02,2020-03-16,26349024331,2020-03-16 00:16:30,2020-03-16 07:39:30,5.966666666666667,stages,358,85,0,0,85,62.0,55.0,241.0,21.0,5.0,19.187358916478555,0.0,17.318435754189945,15.363128491620111,3.519553072625698,66.0,18.0,20.0,28.0,62.0,0.1488162344983089,0.9909706546275396,45.25855561800892,39.5,,
p02,2020-01-22,25557259037,2020-01-21 23:26:00,2020-01-22 06:43:00,5.966666666666667,stages,358,79,0,0,79,40.0,74.0,244.0,19.0,6.0,18.07780320366133,0.0,11.1731843575419,20.670391061452513,3.184357541899441,72.0,20.0,20.0,32.0,39.0,0.1364705882352941,0.988558352402746,45.98964646464646,41.0,,
p02,2019-11-13,24636780923,2019-11-12 23:18:30,2019-11-13 06:39:00,5.983333333333333,stages,359,81,0,0,81,28.0,61.0,270.0,23.0,6.0,18.40909090909091,0.0,7.7994428969359335,16.991643454038996,3.8440111420612815,67.0,17.0,19.0,31.0,28.0,0.1695501730103806,0.94211123723042,44.22227064100558,39.66666666666666,,
p02,2020-02-23,26036022643,2020-02-23 01:02:00,2020-02-23 07:53:30,5.983333333333333,stages,359,52,0,0,52,88.0,80.0,191.0,20.0,3.0,12.652068126520682,0.0,24.512534818941504,22.284122562674096,3.3426183844011144,76.0,22.0,18.0,36.0,87.0,0.1401985111662531,1.0012150668286757,50.85262533448214,46.87,,
p02,2019-12-11,24972773659,2019-12-10 23:31:00,2019-12-11 06:24:30,5.983333333333333,stages,359,54,0,0,54,37.0,78.0,244.0,22.0,3.0,13.075060532687651,0.0,10.30640668523677,21.72701949860724,3.6768802228412256,77.0,21.0,21.0,35.0,37.0,0.1451219512195121,0.989117291414752,43.86698014020752,40.0,,
p02,2020-03-08,26256913419,2020-03-08 00:49:30,2020-03-08 08:13:30,6.05,stages,363,81,0,0,81,54.0,86.0,223.0,25.0,7.0,18.243243243243242,0.0,14.87603305785124,23.691460055096417,4.132231404958678,69.0,21.0,18.0,30.0,54.0,0.0978627671541057,0.9752252252252251,48.6096050408406,43.477777777777774,,
p02,2020-02-19,25968544430,2020-02-18 23:21:30,2020-02-19 06:43:30,6.066666666666666,stages,364,78,0,0,78,57.0,73.0,234.0,19.0,5.0,17.647058823529413,0.0,15.659340659340659,20.054945054945055,3.131868131868132,70.0,20.0,20.0,30.0,57.0,0.151412429378531,0.997737556561086,44.81277686158639,40.333333333333336,,
p02,2020-02-07,25797324044,2020-02-06 23:23:00,2020-02-07 06:52:00,6.066666666666666,stages,364,85,0,0,85,69.0,72.0,223.0,21.0,4.0,18.93095768374165,0.0,18.956043956043956,19.78021978021978,3.4615384615384617,74.0,20.0,21.0,33.0,69.0,0.1290697674418604,0.9643652561247216,43.20333381655553,39.5,,
p02,2020-01-28,25645293844,2020-01-27 23:20:00,2020-01-28 06:08:00,6.066666666666666,stages,364,44,0,0,44,68.0,77.0,219.0,15.0,4.0,10.784313725490197,0.0,18.681318681318682,21.153846153846153,2.4725274725274726,76.0,22.0,17.0,37.0,68.0,0.1891223733003708,0.9754901960784312,45.27978683098029,41.5,,
p02,2020-03-28,26504002101,2020-03-28 00:21:00,2020-03-28 07:44:30,6.1,stages,366,77,0,0,77,81.0,62.0,223.0,22.0,5.0,17.381489841986458,0.0,22.131147540983605,16.939890710382514,3.6065573770491803,62.0,19.0,11.0,32.0,81.0,0.1732729331823329,0.9898534385569336,49.97407067748754,43.54090909090909,,
p02,2020-01-24,25586069832,2020-01-24 00:01:30,2020-01-24 07:04:30,6.133333333333334,stages,368,55,0,0,55,82.0,86.0,200.0,18.0,1.0,13.002364066193854,0.0,22.282608695652176,23.369565217391305,2.934782608695652,72.0,22.0,15.0,35.0,81.0,0.0802833530106257,1.0,48.804316467614335,45.755,,
p02,2019-12-14,25009042355,2019-12-14 02:55:00,2019-12-14 10:22:00,6.133333333333334,stages,368,79,0,0,79,25.0,71.0,272.0,17.0,4.0,17.67337807606264,0.0,6.793478260869565,19.293478260869566,2.7717391304347823,58.0,18.0,9.0,31.0,25.0,0.1702127659574468,0.9843400447427292,56.347133018496656,50.42714285714286,,
p02,2020-02-27,26098207996,2020-02-27 00:04:30,2020-02-27 07:18:30,6.133333333333334,stages,368,66,0,0,66,6.0,86.0,276.0,18.0,5.0,15.2073732718894,0.0,1.6304347826086956,23.369565217391305,2.934782608695652,65.0,18.0,14.0,33.0,5.0,0.1139240506329113,0.9930875576036866,58.29384993628417,45.333333333333336,,
p02,2019-12-13,24999289340,2019-12-12 23:21:00,2019-12-13 06:46:30,6.15,stages,369,76,0,0,76,63.0,60.0,246.0,15.0,4.0,17.078651685393258,0.0,17.073170731707318,16.260162601626018,2.4390243902439024,69.0,18.0,19.0,32.0,63.0,0.2015945330296127,0.98989898989899,44.14524185816703,39.333333333333336,,
p02,2020-01-13,25418134167,2020-01-12 23:28:00,2020-01-13 06:28:00,6.166666666666667,stages,370,50,0,0,50,72.0,103.0,195.0,17.0,3.0,11.904761904761905,0.0,19.45945945945946,27.83783783783784,2.7567567567567566,79.0,22.0,20.0,37.0,72.0,0.1445929526123937,0.9976190476190476,43.829096712091946,39.0,,
p02,2020-01-29,25653539379,2020-01-28 23:19:00,2020-01-29 06:43:30,6.166666666666667,stages,370,74,0,0,74,44.0,70.0,256.0,18.0,5.0,16.666666666666668,0.0,11.891891891891891,18.91891891891892,2.918918918918919,75.0,19.0,23.0,33.0,44.0,0.0961098398169336,0.9786276715410572,43.47108332918677,38.64666666666667,,
p02,2019-11-27,24814910760,2019-11-26 23:20:30,2019-11-27 06:26:30,6.183333333333334,stages,371,55,0,0,55,63.0,67.0,241.0,26.0,5.0,12.910798122065728,0.0,16.9811320754717,18.059299191374663,4.204851752021563,74.0,19.0,19.0,36.0,63.0,0.1395076201641266,0.9859154929577464,45.89125996358139,41.0,,
p02,2020-02-18,25968544429,2020-02-17 23:21:00,2020-02-18 06:47:30,6.183333333333334,stages,371,75,0,0,75,57.0,24.0,290.0,29.0,4.0,16.816143497757846,0.0,15.36388140161725,6.46900269541779,4.690026954177897,70.0,15.0,20.0,35.0,57.0,0.1546391752577319,0.9966405375139976,44.26850673670898,40.21,,
p02,2020-03-03,26161648714,2020-03-03 00:13:00,2020-03-03 07:26:00,6.2,stages,372,61,0,0,61,38.0,87.0,247.0,25.0,2.0,14.087759815242494,0.0,10.21505376344086,23.387096774193548,4.032258064516129,75.0,21.0,16.0,38.0,38.0,0.1625916870415648,0.907621247113164,46.0294288761846,41.6,,
p02,2019-12-20,25086862747,2019-12-20 00:09:30,2019-12-20 06:57:00,6.2,stages,372,35,0,0,35,72.0,79.0,221.0,20.0,1.0,8.5995085995086,0.0,19.35483870967742,21.236559139784948,3.225806451612903,75.0,22.0,15.0,38.0,72.0,0.0932515337423312,0.9840490797546012,50.26726752742961,43.833333333333336,,
p02,2019-12-07,24923252420,2019-12-06 23:59:30,2019-12-07 07:05:30,6.2,stages,372,54,0,0,54,74.0,94.0,204.0,22.0,3.0,12.67605633802817,0.0,19.892473118279568,25.268817204301076,3.5483870967741935,71.0,22.0,13.0,36.0,74.0,0.1652989449003517,0.9788732394366196,47.68150354175535,40.833333333333336,,
p02,2020-03-18,26380705349,2020-03-17 23:23:00,2020-03-18 07:13:00,6.2,stages,372,98,0,0,98,81.0,69.0,222.0,23.0,3.0,20.851063829787233,0.0,21.774193548387096,18.548387096774192,3.7096774193548385,74.0,20.0,19.0,35.0,81.0,0.1946697566628041,0.9936170212765958,45.41030927197951,41.0,,
p02,2020-02-21,26011356895,2020-02-20 23:51:30,2020-02-21 06:43:30,6.216666666666667,stages,373,39,0,0,39,57.0,68.0,248.0,24.0,1.0,9.466019417475728,0.0,15.281501340482574,18.230563002680967,3.8605898123324396,73.0,20.0,15.0,38.0,57.0,0.2387878787878788,0.9805825242718448,48.32216346634664,42.430952380952384,,
p02,2019-12-18,25060150828,2019-12-17 23:27:30,2019-12-18 06:53:30,6.216666666666667,stages,373,73,0,0,73,61.0,74.0,238.0,19.0,4.0,16.367713004484305,0.0,16.353887399463808,19.839142091152816,3.0563002680965146,71.0,20.0,18.0,33.0,61.0,0.1903695408734602,0.9730941704035876,44.70939713128653,39.95,,
p02,2020-02-20,25978422161,2020-02-19 23:11:00,2020-02-20 06:59:00,6.233333333333333,stages,374,94,0,0,94,70.0,79.0,225.0,21.0,5.0,20.085470085470085,0.0,18.71657754010695,21.122994652406415,3.3689839572192515,67.0,21.0,14.0,32.0,70.0,0.2367256637168141,0.9786324786324786,47.37844800153752,43.22222222222222,,
p02,2020-01-10,25380278163,2020-01-09 23:36:00,2020-01-10 06:53:30,6.25,stages,375,62,0,0,62,78.0,98.0,199.0,15.0,3.0,14.187643020594965,0.0,20.8,26.133333333333333,2.4,76.0,22.0,18.0,36.0,78.0,0.1738623103850641,0.9988571428571428,46.61998697336226,42.55714285714286,,
p02,2019-11-14,24636780924,2019-11-13 23:21:00,2019-11-14 06:30:30,6.25,stages,375,54,0,0,54,57.0,70.0,248.0,24.0,2.0,12.587412587412587,0.0,15.2,18.666666666666668,3.84,69.0,20.0,12.0,37.0,57.0,0.160377358490566,0.9639115250291036,49.35056665690724,43.84880952380952,,
p02,2019-12-02,24857203229,2019-12-01 23:34:30,2019-12-02 06:39:30,6.266666666666667,stages,376,49,0,0,49,87.0,87.0,202.0,26.0,4.0,11.529411764705882,0.0,23.138297872340427,23.138297872340427,4.148936170212766,81.0,22.0,22.0,37.0,87.0,0.1104582843713278,0.9929411764705882,47.914807434534914,41.0,,
p02,2020-01-09,25363101741,2020-01-08 23:27:00,2020-01-09 06:53:30,6.283333333333333,stages,377,69,0,0,69,46.0,67.0,264.0,17.0,2.0,15.47085201793722,0.0,12.20159151193634,17.77188328912467,2.7055702917771884,71.0,19.0,18.0,34.0,46.0,0.1516853932584269,0.9988801791713324,47.51318583011408,42.66666666666666,,
p02,2019-11-22,24745400643,2019-11-21 23:37:00,2019-11-22 06:52:30,6.3,stages,378,57,0,0,57,38.0,87.0,253.0,17.0,6.0,13.10344827586207,0.0,10.052910052910052,23.015873015873016,2.6984126984126986,74.0,21.0,17.0,36.0,38.0,0.182237600922722,0.9919632606199772,48.9565287464593,43.38875,,
p02,2019-11-28,24814910761,2019-11-27 23:15:00,2019-11-28 06:32:00,6.316666666666666,stages,379,58,0,0,58,51.0,94.0,234.0,26.0,4.0,13.272311212814646,0.0,13.45646437994723,24.80211081794195,4.116094986807388,76.0,21.0,18.0,37.0,51.0,0.1746216530849825,0.9839816933638444,45.92494194436054,41.15357142857143,,
p02,2020-02-06,25783203957,2020-02-05 23:16:00,2020-02-06 06:50:00,6.35,stages,381,73,0,0,73,71.0,96.0,214.0,19.0,5.0,16.079295154185022,0.0,18.635170603674542,25.19685039370079,2.9921259842519685,76.0,22.0,21.0,33.0,71.0,0.1173864894795127,0.9713656387665198,43.16027066911421,38.2,,
p02,2020-01-07,25320954691,2020-01-06 23:39:00,2020-01-07 06:46:30,6.35,stages,381,46,0,0,46,50.0,86.0,245.0,29.0,2.0,10.772833723653395,0.0,13.123359580052494,22.57217847769029,4.566929133858268,77.0,21.0,18.0,38.0,50.0,0.1216374269005848,0.9824561403508772,45.62724549920978,41.83166666666667,,
p02,2019-12-03,24862298733,2019-12-02 23:20:30,2019-12-03 06:41:00,6.366666666666666,stages,382,58,0,0,58,73.0,78.0,231.0,24.0,4.0,13.181818181818182,0.0,19.10994764397906,20.418848167539267,3.7696335078534036,75.0,21.0,18.0,36.0,73.0,0.2088535754824063,0.9625425652667424,44.84777364276186,38.83690476190476,,
p02,2020-03-12,26288680064,2020-03-11 23:01:00,2020-03-12 06:22:00,6.366666666666666,stages,382,59,0,0,59,43.0,118.0,221.0,20.0,0.0,13.378684807256235,0.0,11.256544502617801,30.89005235602094,3.141361256544503,83.0,21.0,21.0,41.0,42.0,0.1090225563909774,0.9863945578231292,43.776730108971485,38.85714285714285,,
p02,2019-11-07,24550716102,2019-11-06 23:12:00,2019-11-07 06:09:30,6.383333333333334,stages,383,34,0,0,34,40.0,108.0,235.0,24.0,1.0,8.15347721822542,0.0,10.443864229765014,28.198433420365536,3.7597911227154044,75.0,21.0,15.0,39.0,40.0,0.1521472392638037,0.9892215568862276,45.72817591340594,41.0,,
p02,2019-12-05,24896643098,2019-12-04 23:20:00,2019-12-05 06:42:30,6.383333333333334,stages,383,59,0,0,59,63.0,47.0,273.0,24.0,5.0,13.34841628959276,0.0,16.449086161879894,12.27154046997389,3.7597911227154044,70.0,17.0,17.0,36.0,63.0,0.2020431328036322,0.9807909604519774,46.34550267321005,41.2,,
p02,2019-11-11,24590204015,2019-11-10 23:18:00,2019-11-11 06:32:30,6.383333333333334,stages,383,51,0,0,51,67.0,103.0,213.0,12.0,2.0,11.751152073732719,0.0,17.4934725848564,26.89295039164491,1.8798955613577022,79.0,22.0,19.0,38.0,67.0,0.1378091872791519,0.9643268124280784,43.84719484307789,38.25,,
p02,2020-03-27,26489620190,2020-03-26 23:31:00,2020-03-27 07:37:30,6.4,stages,384,102,0,0,102,58.0,77.0,249.0,19.0,5.0,20.987654320987655,0.0,15.104166666666666,20.052083333333332,2.96875,65.0,20.0,16.0,29.0,58.0,0.2201453790238837,0.8859198355601233,46.70510784008464,41.80909090909091,,
p02,2020-02-13,25878451698,2020-02-12 23:23:00,2020-02-13 06:58:00,6.416666666666667,stages,385,70,0,0,70,46.0,87.0,252.0,31.0,1.0,15.384615384615385,0.0,11.948051948051948,22.5974025974026,4.831168831168831,80.0,21.0,21.0,38.0,46.0,0.1206088992974238,1.0,45.527239902954186,40.38,,
p02,2020-01-31,25696447227,2020-01-30 23:22:00,2020-01-31 07:02:00,6.416666666666667,stages,385,75,0,0,75,43.0,72.0,270.0,27.0,3.0,16.304347826086957,0.0,11.168831168831169,18.7012987012987,4.207792207792208,73.0,19.0,18.0,36.0,42.0,0.1616161616161616,0.982608695652174,46.343726375640095,41.84642857142857,,
p02,2019-12-31,25234143557,2019-12-31 00:56:30,2019-12-31 08:33:00,6.45,stages,387,69,0,0,69,59.0,82.0,246.0,27.0,2.0,15.131578947368421,0.0,15.24547803617571,21.188630490956072,4.186046511627906,73.0,21.0,17.0,35.0,59.0,0.1905805038335158,0.9813800657174152,45.75509503517316,41.0,,
p02,2019-11-06,24541376912,2019-11-05 23:21:00,2019-11-06 06:54:00,6.45,stages,387,66,0,0,66,61.0,76.0,250.0,22.0,5.0,14.56953642384106,0.0,15.762273901808786,19.638242894056848,3.4108527131782944,,,,,,,0.9227373068432672,45.357832166504416,41.0,,
p02,2019-12-16,25033382891,2019-12-15 23:30:00,2019-12-16 06:43:00,6.466666666666667,stages,388,45,0,0,45,62.0,102.0,224.0,23.0,3.0,10.392609699769054,0.0,15.97938144329897,26.288659793814432,3.556701030927835,74.0,22.0,14.0,38.0,62.0,0.1939605110336817,0.9815242494226328,48.84013309566251,43.0,,
p02,2020-02-11,25861470136,2020-02-10 23:21:00,2020-02-11 06:39:30,6.466666666666667,stages,388,50,0,0,50,35.0,91.0,262.0,26.0,3.0,11.415525114155251,0.0,9.02061855670103,23.45360824742268,4.020618556701031,79.0,21.0,20.0,38.0,35.0,0.13203214695752,1.001140250855188,45.50674496346478,40.75,,
p02,2019-11-08,24554805106,2019-11-07 23:31:00,2019-11-08 07:29:00,6.483333333333333,stages,389,89,0,0,89,73.0,90.0,226.0,23.0,6.0,18.619246861924687,0.0,18.76606683804627,23.13624678663239,3.5475578406169666,72.0,22.0,18.0,32.0,72.0,0.2016895459345301,0.98744769874477,46.984924730678095,41.0,,
p02,2019-12-17,25036633149,2019-12-16 23:38:00,2019-12-17 06:53:30,6.516666666666667,stages,391,44,0,0,44,65.0,111.0,215.0,24.0,0.0,10.114942528735632,0.0,16.624040920716112,28.388746803069054,3.682864450127877,77.0,22.0,16.0,39.0,65.0,0.1833333333333333,0.9827784156142364,48.33221871586357,41.84166666666667,,
p02,2020-02-10,25840943219,2020-02-09 23:18:30,2020-02-10 06:55:30,6.533333333333333,stages,392,65,0,0,65,72.0,67.0,253.0,26.0,1.0,14.223194748358862,0.0,18.367346938775512,17.091836734693878,3.979591836734694,70.0,19.0,15.0,36.0,72.0,0.1617486338797814,0.9978118161925602,48.70839424951268,41.5,,
p02,2019-12-04,24895824299,2019-12-03 23:20:30,2019-12-04 06:44:00,6.533333333333333,stages,392,51,0,0,51,54.0,91.0,247.0,20.0,4.0,11.512415349887133,0.0,13.775510204081632,23.214285714285715,3.061224489795918,79.0,21.0,21.0,37.0,54.0,0.1354401805869074,0.9582863585118376,43.35819259825142,38.6,,
p02,2019-11-16,24659721260,2019-11-16 01:41:30,2019-11-16 09:49:30,6.55,stages,393,95,0,0,95,57.0,98.0,238.0,27.0,5.0,19.4672131147541,0.0,14.50381679389313,24.936386768447836,4.122137404580153,60.0,21.0,9.0,30.0,57.0,0.2077789150460593,0.9815573770491804,54.16086551467554,47.58285714285714,,
p02,2019-11-19,24698821500,2019-11-18 23:16:30,2019-11-19 06:27:00,6.55,stages,393,37,0,5,37,36.0,81.0,276.0,23.0,1.0,8.604651162790697,0.0,9.16030534351145,20.610687022900763,3.5114503816793894,80.0,21.0,19.0,40.0,36.0,0.1364175563463819,0.9314750290360048,45.52203482995253,42.0,,
p02,2020-03-31,26540871816,2020-03-31 00:04:30,2020-03-31 08:20:30,6.566666666666666,stages,394,102,0,0,102,70.0,64.0,260.0,27.0,6.0,20.56451612903226,0.0,17.766497461928935,16.243654822335024,4.111675126903553,,,,,,,0.941532258064516,46.03833725755568,39.25,,
p02,2020-01-30,25666164253,2020-01-29 23:22:00,2020-01-30 07:05:30,6.583333333333333,stages,395,68,0,0,68,59.0,68.0,268.0,28.0,3.0,14.68682505399568,0.0,14.936708860759493,17.21518987341772,4.253164556962026,74.0,19.0,18.0,37.0,59.0,0.1851851851851851,0.9730312837108952,44.24816321274193,40.0,,
p02,2020-02-22,26017338140,2020-02-21 23:54:30,2020-02-22 07:49:00,6.583333333333333,stages,395,79,0,0,79,46.0,75.0,274.0,24.0,2.0,16.666666666666668,0.0,11.645569620253164,18.9873417721519,3.645569620253165,64.0,19.0,11.0,34.0,46.0,0.1970495258166491,0.9736564805057956,51.69572253143682,47.28809523809524,,
p02,2019-12-21,25101486533,2019-12-21 00:41:00,2019-12-21 08:07:30,6.616666666666666,stages,397,49,0,0,49,77.0,83.0,237.0,25.0,2.0,10.986547085201794,0.0,19.395465994962215,20.906801007556677,3.7783375314861463,72.0,22.0,11.0,39.0,76.0,0.1786120591581342,0.992161254199328,49.64743639230095,44.60666666666667,,
p02,2020-03-06,26209452058,2020-03-05 23:16:30,2020-03-06 07:09:00,6.65,stages,399,73,0,0,73,59.0,85.0,255.0,23.0,3.0,15.466101694915254,0.0,14.786967418546366,21.303258145363408,3.4586466165413534,73.0,21.0,17.0,35.0,58.0,0.146031746031746,0.9904761904761904,45.76257569590903,41.525,,
p02,2019-12-01,24838154739,2019-12-01 01:33:30,2019-12-01 10:02:30,6.65,stages,399,110,0,0,110,43.0,70.0,286.0,30.0,7.0,21.611001964636543,0.0,10.776942355889725,17.54385964912281,4.511278195488722,58.0,18.0,12.0,28.0,43.0,0.1825318940137389,0.9960707269155208,49.79180940142479,42.22571428571429,,
p02,2020-01-12,25409084902,2020-01-12 02:28:30,2020-01-12 10:36:00,6.666666666666667,stages,400,87,0,0,87,50.0,67.0,283.0,20.0,6.0,17.864476386036962,0.0,12.5,16.75,3.0,60.0,18.0,10.0,32.0,50.0,0.201025641025641,0.9969230769230768,51.38299366385786,46.221428571428575,,
p02,2020-02-26,26081648910,2020-02-25 23:02:30,2020-02-26 07:03:30,6.666666666666667,stages,400,81,0,0,81,54.0,74.0,272.0,30.0,5.0,16.83991683991684,0.0,13.5,18.5,4.5,73.0,19.0,20.0,34.0,54.0,0.1557632398753894,0.9792099792099792,51.47022311331815,40.5,,
p02,2020-01-19,25510149237,2020-01-19 01:37:00,2020-01-19 09:33:00,6.7,stages,402,74,0,0,74,66.0,90.0,246.0,23.0,7.0,15.546218487394958,0.0,16.417910447761194,22.388059701492537,3.432835820895522,71.0,22.0,14.0,35.0,65.0,0.1583949313621964,0.9957983193277312,50.05507881710413,44.285714285714285,,
p02,2020-02-08,25819317393,2020-02-08 00:20:30,2020-02-08 08:15:30,6.716666666666667,stages,403,72,0,0,72,49.0,57.0,297.0,29.0,4.0,15.157894736842104,0.0,12.158808933002481,14.1439205955335,4.317617866004963,65.0,17.0,12.0,36.0,49.0,0.1398527865404837,0.9810526315789474,49.838271200663904,42.725,,
p02,2020-02-17,25933222245,2020-02-16 23:16:00,2020-02-17 06:46:30,6.733333333333333,stages,404,46,0,0,46,51.0,110.0,243.0,23.0,3.0,10.222222222222221,0.0,12.623762376237623,27.22772277227723,3.4158415841584158,77.0,21.0,17.0,39.0,51.0,0.2390078917700112,1.0011098779134295,45.91603179402514,40.84444444444444,,
p02,2019-11-29,24829495799,2019-11-28 23:21:30,2019-11-29 06:48:00,6.733333333333333,stages,404,42,0,1,42,86.0,84.0,234.0,25.0,2.0,9.417040358744394,0.0,21.287128712871286,20.792079207920793,3.712871287128713,82.0,22.0,20.0,40.0,86.0,0.1201814058956916,0.96976483762598,45.23746929872796,40.0,,
p02,2020-02-03,25737843221,2020-02-02 23:12:30,2020-02-03 06:45:30,6.75,stages,405,48,0,0,48,66.0,93.0,246.0,28.0,2.0,10.596026490066226,0.0,16.296296296296298,22.962962962962962,4.148148148148148,81.0,22.0,20.0,39.0,65.0,0.1334068357221609,0.9713024282560706,46.51114882592155,40.66666666666666,,
p02,2020-01-15,25453868774,2020-01-14 23:21:30,2020-01-15 06:50:00,6.75,stages,405,43,0,0,43,52.0,125.0,228.0,22.0,3.0,9.598214285714286,0.0,12.839506172839506,30.864197530864196,3.259259259259259,78.0,21.0,18.0,39.0,51.0,0.1928651059085841,0.9944258639910812,44.5909600489197,39.723214285714285,,
p02,2020-01-20,25518257560,2020-01-19 23:23:00,2020-01-20 07:01:30,6.766666666666667,stages,406,52,0,0,52,31.0,92.0,283.0,20.0,3.0,11.353711790393014,0.0,7.635467980295567,22.660098522167488,2.955665024630542,78.0,20.0,19.0,39.0,30.0,0.1832402234636871,0.9945474372955287,45.74354739436976,40.16666666666666,,
p02,2019-12-29,25189335380,2019-12-29 01:21:30,2019-12-29 08:49:30,6.783333333333333,stages,407,41,0,0,41,65.0,121.0,221.0,21.0,2.0,9.151785714285714,0.0,15.97051597051597,29.72972972972973,3.095823095823096,70.0,22.0,9.0,39.0,65.0,0.2508361204013378,0.96875,47.36757103623463,43.7825,,
p02,2020-03-07,26217515055,2020-03-06 23:21:00,2020-03-07 06:41:30,6.8,stages,408,32,0,1,32,34.0,82.0,292.0,17.0,1.0,7.2727272727272725,0.0,8.333333333333334,20.098039215686274,2.5,82.0,21.0,21.0,40.0,33.0,0.1196777905638665,0.9943246311010216,45.28856503719518,42.49166666666667,,
p02,2020-03-05,26196692623,2020-03-04 23:54:30,2020-03-05 08:14:00,6.816666666666666,stages,409,90,0,0,90,34.0,90.0,285.0,34.0,3.0,18.03607214428858,0.0,8.312958435207824,22.00488997555012,4.987775061124695,73.0,20.0,18.0,35.0,34.0,0.2012195121951219,0.998998998998999,45.74383868747597,40.6225,,
p02,2020-03-25,26473501698,2020-03-24 23:41:00,2020-03-25 07:55:30,6.816666666666666,stages,409,85,0,0,85,54.0,81.0,274.0,31.0,8.0,17.206477732793523,0.0,13.202933985330073,19.804400977995112,4.547677261613692,74.0,20.0,19.0,35.0,54.0,0.1810783316378433,0.9929221435793733,44.94405966855051,40.55,,
p02,2019-12-30,25206169676,2019-12-30 00:27:00,2019-12-30 08:28:30,6.883333333333334,stages,413,68,0,0,68,80.0,95.0,238.0,22.0,6.0,14.137214137214137,0.0,19.37046004842615,23.002421307506054,3.1961259079903144,73.0,22.0,14.0,37.0,80.0,0.1522419186652763,0.9844236760124612,47.79857739541284,42.18833333333333,,
p02,2020-03-19,26387234498,2020-03-19 00:02:00,2020-03-19 08:09:00,6.9,stages,414,73,0,0,73,43.0,59.0,312.0,25.0,4.0,14.989733059548255,0.0,10.38647342995169,14.251207729468598,3.623188405797101,74.0,17.0,20.0,37.0,43.0,0.1376433785192909,0.9630390143737166,43.10882261543242,38.0,,
p02,2019-12-28,25171974888,2019-12-28 01:16:00,2019-12-28 09:06:30,6.9,stages,414,56,0,0,56,68.0,94.0,252.0,32.0,4.0,11.914893617021276,0.0,16.42512077294686,22.705314009661837,4.63768115942029,80.0,22.0,18.0,40.0,68.0,0.198051948051948,0.9628055260361318,43.15771297013018,38.82,,
p02,2020-02-01,25712106444,2020-02-01 00:22:00,2020-02-01 08:28:00,6.933333333333334,stages,416,70,0,0,70,75.0,96.0,245.0,31.0,4.0,14.40329218106996,0.0,18.028846153846153,23.076923076923077,4.471153846153846,73.0,22.0,13.0,38.0,75.0,0.1925078043704474,0.9814814814814816,49.75520183869241,44.0,,
p02,2020-03-02,26148360023,2020-03-01 23:10:30,2020-03-02 07:13:30,6.933333333333334,stages,416,67,0,0,67,81.0,90.0,245.0,24.0,3.0,13.871635610766045,0.0,19.471153846153847,21.634615384615383,3.4615384615384612,76.0,22.0,17.0,37.0,81.0,0.1851085832471561,0.9917184265010353,45.117992781980256,38.0,,
p02,2020-02-24,26081648908,2020-02-23 22:57:30,2020-02-24 06:50:00,6.95,stages,417,55,0,0,55,57.0,123.0,237.0,25.0,3.0,11.652542372881356,0.0,13.66906474820144,29.496402877697843,3.597122302158273,82.0,21.0,22.0,39.0,57.0,0.1182795698924731,0.9883597883597884,45.02443369145725,39.75,,
p02,2019-12-24,25132043903,2019-12-24 00:11:00,2019-12-24 08:34:30,6.95,stages,417,86,0,0,86,64.0,101.0,252.0,28.0,5.0,17.09741550695825,0.0,15.347721822541967,24.22062350119904,4.028776978417266,74.0,22.0,17.0,35.0,64.0,0.2193419740777667,0.99304865938431,44.047120779220776,39.375,,
p02,2019-11-10,24586073757,2019-11-10 01:04:00,2019-11-10 08:53:00,6.95,stages,417,52,0,0,52,76.0,121.0,220.0,30.0,4.0,11.087420042643924,0.0,18.225419664268586,29.016786570743406,4.316546762589928,80.0,22.0,19.0,39.0,76.0,0.2017167381974249,0.9850746268656716,44.43579385381333,40.57142857142857,,
p02,2019-11-25,24781797203,2019-11-24 23:11:30,2019-11-25 06:39:30,6.966666666666667,stages,418,30,0,0,30,58.0,141.0,219.0,16.0,0.0,6.696428571428571,0.0,13.875598086124402,33.73205741626794,2.2966507177033493,82.0,20.0,21.0,41.0,58.0,0.124860646599777,0.9598214285714286,42.15323534346791,38.6,,
p02,2020-01-08,25333869511,2020-01-07 23:22:00,2020-01-08 07:15:00,6.983333333333333,stages,419,54,0,0,54,44.0,86.0,289.0,21.0,3.0,11.416490486257928,0.0,10.501193317422434,20.525059665871122,3.007159904534606,70.0,21.0,10.0,39.0,44.0,0.2467811158798283,0.9767441860465116,48.07587977799017,43.70071428571429,,
p02,2020-03-24,26473501697,2020-03-23 23:30:00,2020-03-24 08:13:00,7.066666666666666,stages,424,99,0,0,99,56.0,90.0,278.0,24.0,4.0,18.92925430210325,0.0,13.20754716981132,21.22641509433962,3.3962264150943398,72.0,20.0,15.0,37.0,56.0,0.1928982725527831,0.9674952198852772,49.4689025346634,43.86160714285714,,
p02,2020-01-02,25266471755,2020-01-01 23:44:30,2020-01-02 08:13:00,7.083333333333333,stages,425,83,0,0,83,56.0,90.0,279.0,20.0,4.0,16.338582677165356,0.0,13.176470588235293,21.176470588235293,2.823529411764706,72.0,21.0,13.0,38.0,56.0,0.1691248770894788,0.9852507374631267,48.203416687548426,43.0,,
p02,2020-01-25,25595523986,2020-01-24 23:17:00,2020-01-25 07:23:00,7.083333333333333,stages,425,61,0,0,61,39.0,91.0,295.0,29.0,3.0,12.551440329218106,0.0,9.176470588235293,21.41176470588235,4.094117647058824,78.0,21.0,16.0,41.0,38.0,0.0888429752066115,1.0,49.31114555312086,44.38125,,
p02,2019-12-27,25164862611,2019-12-27 02:34:00,2019-12-27 10:35:00,7.1,stages,426,55,0,0,55,75.0,64.0,287.0,31.0,2.0,11.434511434511435,0.0,17.6056338028169,15.023474178403756,4.366197183098592,72.0,18.0,12.0,42.0,74.0,0.1165966386554621,0.9896049896049895,56.7901750093977,51.66666666666666,,
p02,2020-03-23,26443230995,2020-03-22 23:32:00,2020-03-23 08:04:30,7.133333333333334,stages,428,84,0,0,84,57.0,76.0,295.0,32.0,6.0,16.40625,0.0,13.317757009345794,17.757009345794394,4.485981308411215,76.0,19.0,18.0,39.0,56.0,0.2060843964671246,0.9853658536585366,46.78094645178803,42.51428571428571,,
p02,2020-03-22,26434483581,2020-03-22 00:12:30,2020-03-22 09:05:00,7.133333333333334,stages,428,104,0,0,104,50.0,100.0,278.0,25.0,8.0,19.548872180451127,0.0,11.682242990654206,23.364485981308412,3.5046728971962615,76.0,21.0,19.0,36.0,50.0,0.1588345864661654,0.9990610328638496,47.41031135739782,42.0,,
p02,2019-12-22,25104998807,2019-12-22 00:28:00,2019-12-22 08:42:00,7.25,stages,435,59,0,0,59,51.0,170.0,214.0,18.0,2.0,11.94331983805668,0.0,11.724137931034482,39.08045977011494,2.4827586206896552,74.0,18.0,14.0,42.0,51.0,0.1675231243576567,0.9129554655870444,48.22631125957067,42.66666666666666,,
p02,2020-02-29,26119626219,2020-02-28 23:48:00,2020-02-29 08:02:30,7.333333333333333,stages,440,54,0,0,54,86.0,157.0,197.0,21.0,4.0,10.931174089068826,0.0,19.545454545454547,35.68181818181818,2.8636363636363638,79.0,20.0,17.0,42.0,86.0,0.2328205128205128,0.9888776541961576,45.58164319207264,39.76111111111111,,
p02,2020-02-09,25826709445,2020-02-09 00:24:30,2020-02-09 08:44:00,7.35,stages,441,58,0,0,58,44.0,152.0,245.0,29.0,2.0,11.623246492985972,0.0,9.977324263038549,34.467120181405896,3.9455782312925174,74.0,19.0,12.0,43.0,44.0,0.155299055613851,0.992992992992993,50.91659786226318,44.96875,,
p02,2020-03-04,26178778529,2020-03-03 23:23:00,2020-03-04 08:01:30,7.45,stages,447,71,0,0,71,107.0,147.0,193.0,29.0,5.0,13.706563706563706,0.0,23.937360178970916,32.88590604026846,3.8926174496644292,76.0,23.0,13.0,40.0,107.0,0.2027158098933074,0.995178399228544,48.34541259773818,41.0,,
p02,2019-11-23,24754368469,2019-11-23 00:25:30,2019-11-23 08:54:30,7.533333333333333,stages,452,57,0,0,57,55.0,113.0,284.0,29.0,3.0,11.198428290766207,0.0,12.168141592920353,25.0,3.849557522123894,79.0,21.0,16.0,42.0,55.0,0.169774288518155,0.9705304518664049,48.7598366545735,43.31666666666667,,
p02,2020-01-05,25282737909,2020-01-05 01:02:30,2020-01-05 10:06:30,7.733333333333333,stages,464,80,0,0,80,70.0,90.0,304.0,30.0,5.0,14.705882352941176,0.0,15.086206896551724,19.396551724137932,3.8793103448275863,74.0,20.0,15.0,39.0,70.0,0.1836547291092745,0.9963235294117648,47.82174026772736,41.4,,
p02,2020-01-18,25491342276,2020-01-18 00:07:00,2020-01-18 08:55:30,7.733333333333333,stages,464,64,0,0,64,88.0,142.0,234.0,24.0,1.0,12.121212121212121,0.0,18.96551724137931,30.603448275862068,3.103448275862069,75.0,22.0,12.0,41.0,88.0,0.1450381679389313,0.999053926206244,51.79620938825485,45.16285714285715,,
p02,2020-02-02,25732792765,2020-02-02 00:11:00,2020-02-02 09:28:30,7.916666666666667,stages,475,82,0,0,82,81.0,100.0,294.0,19.0,7.0,14.721723518850988,0.0,17.05263157894737,21.05263157894737,2.4,76.0,22.0,16.0,38.0,81.0,0.1162162162162162,0.9829596412556054,48.6178027669816,40.60875,,
p02,2020-03-11,26285343735,2020-03-10 22:50:00,2020-03-11 07:42:30,7.95,stages,477,55,0,0,55,45.0,109.0,323.0,33.0,2.0,10.338345864661655,0.0,9.433962264150944,22.851153039832287,4.150943396226415,78.0,21.0,15.0,42.0,45.0,0.0921919096895578,1.0009389671361502,49.68517052053637,43.333333333333336,,
p02,2019-12-15,25013611278,2019-12-14 23:32:00,2019-12-15 08:18:30,7.983333333333333,stages,479,47,0,0,47,102.0,99.0,278.0,29.0,3.0,8.935361216730039,0.0,21.29436325678497,20.668058455114824,3.6325678496868474,79.0,23.0,14.0,42.0,101.0,0.110792741165234,0.9990503323836656,50.07186421521023,44.285714285714285,,
p02,2019-12-26,25164862610,2019-12-25 23:44:00,2019-12-26 08:36:00,8.3,stages,498,34,0,0,34,62.0,162.0,274.0,25.0,1.0,6.390977443609023,0.0,12.449799196787149,32.53012048192771,3.012048192771084,78.0,21.0,10.0,47.0,61.0,0.1573986804901036,0.986842105263158,52.14212519755376,44.56444444444445,,
p02,2020-03-14,26319770221,2020-03-13 23:21:00,2020-03-14 08:44:30,8.4,stages,504,59,0,0,59,60.0,117.0,327.0,34.0,5.0,10.479573712255773,0.0,11.904761904761905,23.214285714285715,4.0476190476190474,80.0,21.0,13.0,46.0,60.0,0.1395348837209302,0.9991126885536824,51.81260851345221,44.0,,
p03,2019-11-01,24472351655,2019-11-01 01:48:00,2019-11-01 04:03:00,2.1,classic,126,9,0,0,9,,,,,,,,,,,,,,,,,0.9851851851851852,60.638827045969904,53.16,9.0,0.0
p03,2020-03-27,26509000926,2020-03-27 10:07:00,2020-03-27 12:59:30,2.6666666666666665,classic,160,12,0,0,12,,,,,,,,,,,,,,,,,0.991304347826087,61.92605271596499,55.33333333333333,10.0,2.0
p03,2020-01-21,25533571518,2020-01-20 23:45:30,2020-01-21 03:18:30,3.15,stages,189,24,0,0,24,31.0,52.0,106.0,8.0,1.0,11.267605633802816,0.0,16.402116402116402,27.513227513227513,2.5396825396825395,69.0,20.0,22.0,27.0,31.0,0.0444964871194379,0.7276995305164319,51.80299376250989,48.0,,
p03,2019-12-22,25149355675,2019-12-22 02:44:30,2019-12-22 06:45:30,3.2333333333333334,stages,194,47,0,0,47,41.0,18.0,135.0,14.0,1.0,19.502074688796682,0.0,21.1340206185567,9.278350515463918,4.329896907216495,56.0,15.0,21.0,20.0,41.0,0.0683229813664596,0.995850622406639,59.07308231120731,52.74107142857143,,
p03,2019-11-12,24604252564,2019-11-12 00:16:00,2019-11-12 04:00:30,3.2333333333333334,stages,194,30,0,0,30,23.0,42.0,129.0,8.0,1.0,13.392857142857142,0.0,11.855670103092784,21.649484536082475,2.4742268041237114,70.0,19.0,22.0,29.0,22.0,0.0578313253012048,0.9888641425389756,53.93855885105884,49.5,,
p03,2020-01-25,25699777733,2020-01-25 05:51:00,2020-01-25 09:42:30,3.333333333333333,stages,200,31,0,0,31,34.0,44.0,122.0,18.0,2.0,13.41991341991342,0.0,17.0,22.0,5.3999999999999995,66.0,19.0,21.0,26.0,33.0,0.0952380952380952,0.7429805615550756,49.83337339340248,44.76142857142857,,
p03,2019-12-21,25149355673,2019-12-21 00:45:00,2019-12-21 05:51:30,4.383333333333334,stages,263,43,0,3,43,79.0,42.0,142.0,15.0,4.0,14.052287581699346,0.0,30.03802281368821,15.96958174904943,3.422053231939163,59.0,17.0,16.0,26.0,79.0,0.0590163934426229,0.99510603588907,63.68220034064296,55.86666666666667,,
p03,2019-12-28,25173794790,2019-12-28 02:00:30,2019-12-28 07:12:30,4.433333333333334,stages,266,46,0,0,46,41.0,36.0,189.0,19.0,2.0,14.743589743589743,0.0,15.413533834586467,13.533834586466165,4.285714285714286,62.0,16.0,20.0,26.0,41.0,0.0736,0.9903846153846154,55.32860867108439,50.370000000000005,,
p03,2020-03-05,26189392113,2020-03-05 00:57:30,2020-03-05 06:33:30,4.85,stages,291,45,0,0,45,45.0,82.0,164.0,30.0,1.0,13.392857142857142,0.0,15.463917525773196,28.1786941580756,6.185567010309279,69.0,21.0,18.0,30.0,45.0,0.1040118870728083,0.9672619047619048,60.68039627039627,50.5,,
p03,2020-03-22,26509000922,2020-03-22 00:38:00,2020-03-22 06:36:00,5.05,stages,303,55,0,0,55,88.0,79.0,136.0,19.0,4.0,15.363128491620111,0.0,29.042904290429043,26.072607260726073,3.7623762376237626,73.0,22.0,20.0,31.0,88.0,0.0717360114777618,0.994413407821229,51.14403626959808,45.625,,
p03,2020-01-30,25699777738,2020-01-30 00:32:30,2020-01-30 06:39:00,5.15,stages,309,57,0,0,57,58.0,45.0,206.0,18.0,2.0,15.573770491803279,0.0,18.77022653721683,14.563106796116505,3.495145631067961,72.0,17.0,22.0,33.0,58.0,0.0455212922173274,0.9358799454297408,57.710961762565255,49.01428571428571,,
p03,2020-03-23,26509000923,2020-03-23 01:05:30,2020-03-23 06:51:00,5.166666666666667,stages,310,35,0,0,35,27.0,61.0,222.0,15.0,1.0,10.144927536231885,0.0,8.709677419354838,19.677419354838708,2.9032258064516125,67.0,18.0,16.0,33.0,26.0,0.0593342981186685,0.9956584659913168,59.03381227138494,51.18571428571429,,
p03,2019-12-20,25149355672,2019-12-19 23:38:30,2019-12-20 05:32:00,5.233333333333333,stages,314,39,0,1,39,75.0,69.0,170.0,21.0,0.0,11.048158640226628,0.0,23.88535031847134,21.97452229299363,4.012738853503184,69.0,21.0,14.0,34.0,74.0,0.0667634252539912,0.9844413012729843,68.5073241652983,60.66222222222223,,
p03,2020-01-28,25699777735,2020-01-27 22:40:30,2020-01-28 04:48:30,5.383333333333334,stages,323,45,0,0,45,64.0,47.0,212.0,33.0,1.0,12.228260869565217,0.0,19.814241486068113,14.551083591331269,6.130030959752322,62.0,17.0,11.0,34.0,64.0,0.1139755766621438,0.9565217391304348,63.25999842171717,54.94375,,
p03,2020-01-20,25517978451,2020-01-19 23:57:00,2020-01-20 06:24:00,5.416666666666667,stages,325,62,0,0,62,76.0,49.0,200.0,19.0,1.0,16.020671834625322,0.0,23.384615384615383,15.076923076923077,3.5076923076923077,77.0,17.0,24.0,36.0,76.0,0.0447330447330447,0.9276485788113696,50.72388991386205,43.2,,
p03,2020-03-30,26529030635,2020-03-30 01:48:00,2020-03-30 07:52:30,5.416666666666667,stages,325,39,0,0,39,73.0,58.0,194.0,31.0,1.0,10.714285714285714,0.0,22.46153846153846,17.846153846153847,5.723076923076923,73.0,18.0,21.0,34.0,73.0,0.0915395284327323,0.9986282578875172,55.63384452848739,48.68666666666667,,
p03,2019-12-30,25199491746,2019-12-30 01:06:00,2019-12-30 07:28:30,5.45,stages,327,55,0,0,55,60.0,52.0,215.0,27.0,3.0,14.397905759162304,0.0,18.34862385321101,15.902140672782874,4.954128440366972,71.0,17.0,21.0,33.0,59.0,0.0728476821192053,0.9934640522875816,58.1142732778917,49.5,,
p03,2020-02-12,25901485616,2020-02-11 23:58:30,2020-02-12 06:29:00,5.583333333333333,stages,335,55,0,0,55,37.0,40.0,258.0,22.0,4.0,14.102564102564102,0.0,11.044776119402986,11.940298507462687,3.940298507462687,71.0,15.0,24.0,32.0,37.0,0.057618437900128,0.9603072983354674,50.78275488215489,44.16666666666666,,
p03,2020-01-31,25699777739,2020-01-30 23:59:00,2020-01-31 06:17:30,5.616666666666666,stages,337,41,0,0,41,76.0,38.0,223.0,20.0,2.0,10.846560846560847,0.0,22.551928783382788,11.275964391691394,3.560830860534125,71.0,16.0,20.0,35.0,76.0,0.052,0.9960369881109644,56.38558462610187,50.0,,
p03,2020-01-22,25550742027,2020-01-22 01:16:30,2020-01-22 07:45:00,5.716666666666667,stages,343,45,0,0,45,56.0,62.0,225.0,25.0,1.0,11.597938144329897,0.0,16.3265306122449,18.075801749271136,4.373177842565598,73.0,18.0,20.0,35.0,56.0,0.0556994818652849,0.9806949806949808,53.16681863630683,46.0,,
p03,2020-03-29,26516780913,2020-03-29 01:06:00,2020-03-29 08:25:30,5.733333333333333,stages,344,35,0,0,95,69.0,83.0,192.0,20.0,2.0,7.972665148063781,0.0,20.058139534883722,24.127906976744185,3.488372093023256,77.0,20.0,21.0,36.0,68.0,0.0414746543778801,0.9988623435722412,58.81341794120837,52.0,,
p03,2020-02-21,26003278888,2020-02-21 01:30:00,2020-02-21 08:12:30,5.733333333333333,stages,344,58,0,0,58,43.0,71.0,230.0,28.0,2.0,14.427860696517413,0.0,12.5,20.63953488372093,4.883720930232558,74.0,19.0,21.0,34.0,42.0,0.0903387703889586,0.9788819875776398,57.09765988382739,48.24404761904762,,
p03,2020-03-26,26509000925,2020-03-26 01:34:30,2020-03-26 08:03:30,5.833333333333333,stages,350,39,0,1,39,96.0,71.0,183.0,23.0,2.0,10.025706940874036,0.0,27.428571428571427,20.285714285714285,3.942857142857143,72.0,20.0,16.0,36.0,95.0,0.0616174582798459,0.9820051413881749,62.43207316243965,50.16833333333333,,
p03,2020-01-08,25335384187,2020-01-08 00:28:00,2020-01-08 07:12:00,5.866666666666666,stages,352,52,0,0,52,72.0,57.0,223.0,34.0,1.0,12.871287128712872,0.0,20.454545454545453,16.193181818181817,5.795454545454546,75.0,17.0,22.0,36.0,72.0,0.0690954773869346,0.9554455445544554,56.958733336324016,47.22916666666666,,
p03,2019-12-24,25149355677,2019-12-24 00:06:30,2019-12-24 06:47:30,5.883333333333334,stages,353,48,0,0,48,62.0,72.0,219.0,21.0,2.0,11.970074812967582,0.0,17.56373937677054,20.39660056657224,3.5694050991501416,76.0,19.0,22.0,35.0,62.0,0.0846824408468244,0.9800498753117208,52.08719822727456,46.8,,
p03,2020-02-02,25723818906,2020-02-02 02:02:00,2020-02-02 08:57:30,5.9,stages,354,61,0,0,61,81.0,65.0,208.0,30.0,3.0,14.698795180722891,0.0,22.88135593220339,18.361581920903955,5.084745762711864,75.0,18.0,23.0,34.0,81.0,0.0784313725490196,0.9723225030084236,51.887253100310026,46.71964285714286,,
p03,2019-12-25,25149355678,2019-12-25 01:03:00,2019-12-25 07:51:00,5.916666666666667,stages,355,53,0,0,53,46.0,44.0,265.0,24.0,3.0,12.990196078431373,0.0,12.95774647887324,12.394366197183098,4.056338028169014,71.0,16.0,20.0,35.0,45.0,0.0720496894409937,0.9950980392156864,58.67650599947397,51.62857142857143,,
p03,2020-02-27,26176058395,2020-02-27 00:54:30,2020-02-27 07:28:00,5.916666666666667,stages,355,38,0,0,38,59.0,51.0,245.0,24.0,2.0,9.669211195928753,0.0,16.619718309859156,14.366197183098592,4.056338028169014,72.0,17.0,19.0,36.0,59.0,0.0762388818297331,0.960609911054638,58.38904120570788,49.56071428571428,,
p03,2020-03-31,26540927980,2020-03-31 01:05:00,2020-03-31 07:45:30,5.933333333333334,stages,356,44,0,0,44,66.0,66.0,224.0,29.0,1.0,11.0,0.0,18.53932584269663,18.53932584269663,4.887640449438202,,,,,,,0.99625468164794,54.4736289678019,45.325,,
p03,2020-01-23,25563505527,2020-01-23 00:30:00,2020-01-23 07:35:30,6.066666666666666,stages,364,61,0,0,61,84.0,48.0,232.0,31.0,0.0,14.352941176470589,0.0,23.076923076923077,13.186813186813186,5.10989010989011,75.0,17.0,22.0,36.0,83.0,0.0780487804878048,0.9494712103407756,50.93941545940308,45.0,,
p03,2020-02-07,25797208763,2020-02-06 21:46:30,2020-02-07 05:04:00,6.116666666666666,stages,367,70,0,0,70,54.0,98.0,215.0,21.0,3.0,16.018306636155607,0.0,14.713896457765667,26.70299727520436,3.433242506811989,70.0,21.0,16.0,33.0,53.0,0.0756693830034924,0.9211428571428572,59.03734357040808,52.2,,
p03,2020-03-09,26246001563,2020-03-09 00:58:00,2020-03-09 08:00:30,6.116666666666666,stages,367,55,0,1,55,64.0,54.0,249.0,38.0,1.0,13.033175355450236,0.0,17.438692098092645,14.713896457765667,6.212534059945504,75.0,17.0,22.0,36.0,64.0,0.0828402366863905,0.9751479289940828,54.85725992588857,46.41571428571429,,
p03,2019-11-02,24490223982,2019-11-02 00:36:00,2019-11-02 07:40:00,6.133333333333334,stages,368,56,0,4,56,60.0,58.0,250.0,26.0,2.0,13.20754716981132,0.0,16.304347826086957,15.76086956521739,4.239130434782608,65.0,17.0,13.0,35.0,59.0,0.0877403846153846,0.9575471698113208,75.81990817748208,67.32142857142858,,
p03,2019-12-31,25215074096,2019-12-31 00:55:30,2019-12-31 07:54:00,6.15,stages,369,49,0,1,49,84.0,76.0,209.0,24.0,2.0,11.722488038277511,0.0,22.764227642276424,20.59620596205962,3.902439024390244,71.0,20.0,15.0,36.0,84.0,0.0884109916367981,0.989247311827957,59.33561930554684,50.77,,
p03,2019-11-13,24624621242,2019-11-13 01:24:00,2019-11-13 08:11:30,6.183333333333334,stages,371,36,0,4,36,66.0,93.0,212.0,20.0,1.0,8.845208845208845,0.0,17.78975741239892,25.067385444743934,3.234501347708895,80.0,21.0,21.0,38.0,66.0,0.06375,0.8368098159509203,54.69661740996052,48.6,,
p03,2019-12-23,25149355676,2019-12-22 23:29:00,2019-12-23 06:37:30,6.333333333333333,stages,380,48,0,0,48,41.0,64.0,275.0,22.0,1.0,11.214953271028037,0.0,10.789473684210526,16.842105263157894,3.473684210526316,73.0,17.0,18.0,38.0,41.0,0.0583232077764277,1.0011668611435238,61.353993649448206,54.0,,
p03,2020-02-18,25981065833,2020-02-17 23:28:00,2020-02-18 06:28:30,6.366666666666666,stages,382,38,0,0,38,58.0,70.0,254.0,29.0,1.0,9.047619047619047,0.0,15.18324607329843,18.32460732984293,4.554973821989529,77.0,19.0,20.0,38.0,58.0,0.04778972520908,0.9702734839476812,56.49916249328015,49.42857142857143,,
p03,2020-01-15,25518354325,2020-01-15 00:59:30,2020-01-15 08:02:00,6.383333333333334,stages,383,39,0,0,39,65.0,81.0,237.0,25.0,0.0,9.24170616113744,0.0,16.971279373368148,21.148825065274153,3.9164490861618795,76.0,20.0,18.0,38.0,65.0,0.0433212996389891,0.970414201183432,59.27708276141202,50.71428571428572,,
p03,2020-02-04,25783721925,2020-02-03 22:20:30,2020-02-04 05:58:30,6.433333333333334,stages,386,72,0,0,72,55.0,64.0,267.0,21.0,4.0,15.720524017467248,0.0,14.248704663212436,16.580310880829014,3.2642487046632125,72.0,17.0,22.0,33.0,55.0,0.0905125408942202,0.9541484716157204,51.22456990632048,46.26857142857143,,
p03,2020-02-10,25901485614,2020-02-09 22:44:00,2020-02-10 06:11:00,6.433333333333334,stages,386,61,0,0,61,62.0,61.0,263.0,28.0,2.0,13.646532438478747,0.0,16.06217616580311,15.803108808290155,4.352331606217616,78.0,17.0,24.0,37.0,62.0,0.0695249130938586,0.9373601789709172,51.357410535632496,45.66,,
p03,2020-02-15,25981065830,2020-02-15 00:03:30,2020-02-15 07:18:00,6.45,stages,387,47,0,0,47,77.0,54.0,256.0,29.0,1.0,10.829493087557603,0.0,19.896640826873384,13.953488372093023,4.496124031007752,68.0,17.0,13.0,38.0,77.0,0.0748538011695906,0.998849252013809,67.66548574952954,55.465,,
p03,2020-01-13,25412819392,2020-01-12 23:19:30,2020-01-13 06:37:00,6.466666666666667,stages,388,49,0,0,49,41.0,88.0,259.0,27.0,0.0,11.212814645308924,0.0,10.56701030927835,22.68041237113402,4.175257731958763,81.0,20.0,23.0,38.0,41.0,0.058343057176196,0.9805714285714284,57.21808116126297,48.0,,
p03,2020-01-16,25518354326,2020-01-16 00:28:30,2020-01-16 07:49:00,6.466666666666667,stages,388,52,0,0,52,50.0,82.0,256.0,21.0,1.0,11.818181818181818,0.0,12.88659793814433,21.1340206185567,3.247422680412371,78.0,19.0,23.0,36.0,50.0,0.0646992054483541,0.9398410896708286,53.32697584889613,47.6,,
p03,2020-03-24,26509000924,2020-03-24 00:20:00,2020-03-24 07:31:30,6.533333333333333,stages,392,39,0,0,39,70.0,106.0,216.0,26.0,2.0,9.048723897911833,0.0,17.857142857142858,27.040816326530614,3.979591836734694,79.0,21.0,19.0,39.0,69.0,0.0558789289871944,0.9988412514484356,56.04773396878965,50.07142857142857,,
p03,2019-11-08,24559972016,2019-11-08 00:06:30,2019-11-08 07:25:00,6.583333333333333,stages,395,43,0,0,43,81.0,78.0,236.0,30.0,0.0,9.817351598173516,0.0,20.50632911392405,19.746835443037973,4.556962025316456,80.0,20.0,21.0,39.0,80.0,0.0714285714285714,0.9441277080957812,58.37769281845369,50.0,,
p03,2020-02-13,25901485617,2020-02-13 00:16:00,2020-02-13 07:50:30,6.6,stages,396,58,0,0,58,112.0,72.0,212.0,34.0,3.0,12.775330396475772,0.0,28.282828282828284,18.181818181818183,5.151515151515151,79.0,20.0,21.0,38.0,111.0,0.0758082497212932,0.9724972497249724,56.09185593817946,47.43214285714286,,
p03,2020-01-29,25699777736,2020-01-28 23:15:30,2020-01-29 06:48:00,6.65,stages,399,53,0,0,53,50.0,95.0,254.0,25.0,1.0,11.725663716814159,0.0,12.531328320802006,23.80952380952381,3.7593984962406015,76.0,21.0,18.0,37.0,50.0,0.0631229235880398,0.9569060773480664,57.54010602561411,49.73333333333333,,
p03,2020-02-11,25901485615,2020-02-10 22:11:00,2020-02-11 06:11:00,6.65,stages,399,81,0,0,81,86.0,89.0,224.0,26.0,4.0,16.875,0.0,21.55388471177945,22.305764411027567,3.9097744360902253,81.0,21.0,23.0,37.0,86.0,0.0686600221483942,0.96875,50.65022102747909,43.66666666666666,,
p03,2020-01-14,25518354324,2020-01-14 00:51:30,2020-01-14 08:12:30,6.683333333333334,stages,401,40,0,0,40,78.0,90.0,233.0,32.0,1.0,9.070294784580499,0.0,19.45137157107232,22.443890274314214,4.788029925187033,83.0,21.0,23.0,39.0,78.0,0.0577576443941109,0.909297052154195,52.93925647641358,46.75,,
p03,2020-02-19,25981065834,2020-02-19 00:47:30,2020-02-19 08:18:00,6.683333333333334,stages,401,49,0,0,49,95.0,51.0,255.0,24.0,0.0,10.88888888888889,0.0,23.69077306733167,12.718204488778055,3.591022443890274,76.0,17.0,20.0,39.0,94.0,0.0450346420323325,0.9589345172031076,59.003329174683344,51.28125,,
p03,2020-02-03,25783721924,2020-02-02 21:40:30,2020-02-03 06:17:30,6.75,stages,405,112,0,0,112,90.0,88.0,227.0,26.0,5.0,21.663442940038685,0.0,22.22222222222222,21.728395061728396,3.8518518518518516,67.0,19.0,20.0,28.0,90.0,0.1352657004830917,0.9574468085106383,54.72345409360561,45.29333333333334,,
p03,2020-01-18,25518354328,2020-01-18 01:05:30,2020-01-18 08:34:30,6.866666666666666,stages,412,37,0,1,37,54.0,60.0,298.0,25.0,0.0,8.240534521158128,0.0,13.106796116504855,14.563106796116505,3.6407766990291264,79.0,17.0,23.0,39.0,54.0,0.0533926585094549,0.9888641425389756,50.27120724620725,45.25,,
p03,2020-01-07,25317419702,2020-01-06 23:46:00,2020-01-07 07:32:00,6.916666666666667,stages,415,51,0,0,51,89.0,99.0,227.0,24.0,2.0,10.944206008583691,0.0,21.44578313253012,23.85542168674699,3.4698795180722892,75.0,22.0,14.0,39.0,89.0,0.0509209100758396,0.927038626609442,61.58843268999519,55.07857142857143,,
p03,2019-11-07,24559972015,2019-11-06 23:32:30,2019-11-07 07:26:00,6.916666666666667,stages,415,58,0,0,58,67.0,82.0,266.0,30.0,1.0,12.26215644820296,0.0,16.14457831325301,19.759036144578314,4.337349397590361,79.0,19.0,22.0,38.0,67.0,0.0897571277719113,0.9588173178458288,56.06585434267153,50.0,,
p03,2020-02-09,25901485613,2020-02-09 00:06:00,2020-02-09 08:12:00,6.933333333333334,stages,416,70,0,0,70,65.0,87.0,264.0,25.0,2.0,14.40329218106996,0.0,15.625,20.91346153846154,3.605769230769231,84.0,20.0,24.0,40.0,64.0,0.0518018018018018,0.9958847736625516,52.95395990602603,48.833333333333336,,
p03,2020-01-26,25699777734,2020-01-26 01:29:30,2020-01-26 09:24:30,6.983333333333333,stages,419,56,0,8,56,85.0,99.0,235.0,24.0,1.0,11.789473684210526,0.0,20.286396181384248,23.627684964200476,3.4367541766109784,81.0,21.0,22.0,38.0,84.0,0.0778128286014721,0.9284210526315788,49.06341132412561,45.16666666666666,,
p03,2020-01-04,25317419699,2020-01-04 02:05:30,2020-01-04 09:56:00,7.1,stages,426,44,0,0,44,94.0,100.0,232.0,25.0,3.0,9.361702127659575,0.0,22.065727699530516,23.474178403755868,3.5211267605633805,82.0,22.0,18.0,42.0,94.0,0.0648246546227417,0.9883103081827844,57.18886499402629,49.582142857142856,,
p03,2020-01-01,25228216350,2020-01-01 01:55:30,2020-01-01 09:53:30,7.1,stages,426,52,0,0,52,80.0,126.0,220.0,29.0,3.0,10.878661087866108,0.0,18.779342723004696,29.577464788732396,4.084507042253521,82.0,21.0,20.0,41.0,80.0,0.0752351097178683,0.98744769874477,56.36704652456771,49.142857142857146,,
p03,2020-02-05,25783721926,2020-02-04 22:10:00,2020-02-05 06:20:30,7.116666666666666,stages,427,63,0,0,63,66.0,64.0,297.0,29.0,2.0,12.857142857142858,0.0,15.456674473067915,14.988290398126464,4.074941451990632,81.0,17.0,23.0,41.0,66.0,0.0708418891170431,0.9724770642201837,54.679546286464536,45.80952380952381,,
p03,2020-01-06,25317419701,2020-01-05 22:46:30,2020-01-06 07:00:30,7.133333333333334,stages,428,66,0,0,66,84.0,85.0,259.0,31.0,2.0,13.360323886639677,0.0,19.626168224299064,19.85981308411215,4.345794392523365,75.0,19.0,16.0,40.0,84.0,0.0667340748230535,0.9736842105263158,61.442422817422816,51.2,,
p03,2020-01-17,25518354327,2020-01-16 23:01:00,2020-01-17 07:19:00,7.183333333333334,stages,431,67,0,0,67,69.0,113.0,249.0,27.0,2.0,13.453815261044177,0.0,16.009280742459396,26.218097447795824,3.7587006960556844,85.0,21.0,22.0,42.0,69.0,0.0618336886993603,0.9196787148594378,54.07302871194792,47.285714285714285,,
p03,2019-11-14,24630940989,2019-11-14 00:09:30,2019-11-14 08:10:30,7.2,stages,432,49,0,0,49,65.0,49.0,318.0,27.0,0.0,10.187110187110187,0.0,15.046296296296296,11.342592592592593,3.75,76.0,16.0,18.0,42.0,65.0,0.0612668743509865,0.9792099792099792,58.21258375382579,50.225,,
p03,2020-01-09,25355291573,2020-01-08 23:33:30,2020-01-09 07:50:00,7.216666666666667,stages,433,63,0,0,63,70.0,52.0,311.0,31.0,2.0,12.701612903225806,0.0,16.166281755196305,12.009237875288683,4.295612009237876,80.0,17.0,21.0,42.0,69.0,0.05741127348643,0.9607250755287008,57.849041326714286,49.0,,
p03,2020-02-16,25981065831,2020-02-16 01:18:00,2020-02-16 09:11:30,7.216666666666667,stages,433,40,0,0,40,68.0,133.0,232.0,25.0,2.0,8.456659619450317,0.0,15.704387990762125,30.71593533487298,3.464203233256351,82.0,21.0,19.0,42.0,68.0,0.0679405520169851,1.0010559662090812,56.64047284173866,49.0,,
p03,2020-01-02,25242381570,2020-01-02 01:42:00,2020-01-02 10:10:30,7.216666666666667,stages,433,75,0,0,75,56.0,90.0,287.0,29.0,3.0,14.763779527559056,0.0,12.933025404157044,20.785219399538107,4.018475750577367,82.0,19.0,23.0,40.0,55.0,0.0561685055165496,0.993117010816126,53.25004300430043,47.2,,
p03,2019-11-16,24654476587,2019-11-16 00:26:00,2019-11-16 08:49:30,7.233333333333333,stages,434,69,0,0,69,66.0,93.0,275.0,27.0,3.0,13.717693836978132,0.0,15.2073732718894,21.428571428571427,3.7327188940092166,79.0,20.0,18.0,41.0,65.0,0.0726714431934493,0.929493545183714,57.10110568443903,48.5,,
p03,2020-03-07,26219086089,2020-03-07 01:15:30,2020-03-07 09:22:30,7.366666666666666,stages,442,45,0,0,45,80.0,103.0,259.0,22.0,2.0,9.240246406570842,0.0,18.099547511312217,23.30316742081448,2.986425339366516,84.0,21.0,21.0,42.0,80.0,0.0564102564102564,0.9835728952772074,55.41382404419982,48.28214285714286,,
p03,2019-11-06,24533606348,2019-11-05 23:18:00,2019-11-06 07:29:30,7.383333333333334,stages,443,48,0,0,48,108.0,94.0,241.0,29.0,1.0,9.775967413441956,0.0,24.37923250564334,21.218961625282166,3.9277652370203158,86.0,22.0,22.0,42.0,107.0,0.0673575129533678,0.982706002034588,57.11082378054427,50.016666666666666,,
p03,2020-03-06,26205999431,2020-03-05 23:50:30,2020-03-06 08:19:30,7.466666666666667,stages,448,61,0,3,61,54.0,128.0,266.0,27.0,2.0,11.984282907662083,0.0,12.053571428571429,28.571428571428573,3.6160714285714284,82.0,21.0,20.0,41.0,54.0,0.0510304219823356,0.9921414538310412,58.39963267755347,50.721428571428575,,
p03,2020-03-08,26232590156,2020-03-08 00:47:00,2020-03-08 09:41:00,7.816666666666666,stages,469,65,0,1,65,36.0,97.0,336.0,33.0,0.0,12.172284644194757,0.0,7.67590618336887,20.68230277185501,4.221748400852879,84.0,19.0,22.0,43.0,36.0,0.0671342685370741,0.8895131086142322,53.15741209083314,48.0,,
p03,2020-01-19,25518354329,2020-01-19 00:42:30,2020-01-19 09:28:00,7.816666666666666,stages,469,56,0,1,56,53.0,66.0,350.0,33.0,0.0,10.666666666666666,0.0,11.300639658848613,14.072494669509595,4.221748400852879,80.0,17.0,21.0,42.0,53.0,0.0647342995169082,0.945765937202664,52.10210679662389,45.5,,
p03,2020-02-06,25783721927,2020-02-05 21:47:30,2020-02-06 06:45:00,7.933333333333334,stages,476,61,0,0,61,59.0,105.0,312.0,30.0,3.0,11.359404096834265,0.0,12.394957983193278,22.058823529411764,3.7815126050420167,82.0,20.0,21.0,41.0,59.0,0.0761278195488721,0.9804651162790696,57.138413211287975,47.71428571428572,,
p03,2019-12-29,25186719334,2019-12-28 23:52:00,2019-12-29 09:01:00,8.233333333333333,stages,494,55,0,0,55,97.0,86.0,311.0,28.0,3.0,10.018214936247723,0.0,19.635627530364374,17.408906882591094,3.400809716599191,80.0,19.0,15.0,46.0,97.0,0.0577451879010082,0.9799635701275046,62.16205818138903,53.833333333333336,,
p03,2020-01-10,25373846429,2020-01-09 23:06:30,2020-01-10 08:58:30,8.6,stages,516,76,0,0,76,129.0,139.0,248.0,31.0,2.0,12.837837837837839,0.0,25.0,26.93798449612403,3.604651162790698,87.0,24.0,19.0,44.0,129.0,0.0818565400843881,0.981418918918919,58.52377264158675,50.4,,
p03,2020-02-01,25711302809,2020-01-31 23:22:00,2020-02-01 09:22:30,8.633333333333333,stages,518,82,0,0,82,71.0,79.0,368.0,33.0,4.0,13.666666666666666,0.0,13.706563706563706,15.250965250965251,3.8223938223938227,82.0,17.0,21.0,44.0,71.0,0.0464135021097046,0.984179850124896,55.96690057451479,48.41428571428571,,
p03,2020-01-11,25389450043,2020-01-11 00:36:00,2020-01-11 10:39:00,8.933333333333334,stages,536,67,0,0,67,120.0,95.0,321.0,37.0,2.0,11.11111111111111,0.0,22.388059701492537,17.723880597014926,4.141791044776119,87.0,20.0,22.0,45.0,120.0,0.0785296574770259,0.8872305140961857,52.614501894782265,46.82678571428571,,
p04,2020-01-06,25297949174,2020-01-06 01:38:00,2020-01-06 04:41:00,2.65,stages,159,24,0,0,24,53.0,31.0,75.0,11.0,1.0,13.114754098360656,0.0,33.333333333333336,19.49685534591195,4.150943396226415,67.0,19.0,20.0,28.0,53.0,0.1088825214899713,1.0,67.60550154156711,58.78,,
p04,2020-02-16,25935918190,2020-02-16 11:36:00,2020-02-16 14:33:00,2.75,classic,165,12,0,0,12,,,,,,,,,,,,,,,,,1.0,91.50996262055584,69.95,10.0,2.0
p04,2020-01-31,25696518427,2020-01-31 03:05:00,2020-01-31 06:42:30,3.2333333333333334,stages,194,23,0,0,23,59.0,28.0,107.0,9.0,3.0,10.599078341013826,0.0,30.412371134020617,14.43298969072165,2.783505154639175,65.0,17.0,21.0,27.0,59.0,0.0827586206896551,1.0022988505747126,89.34044259766738,79.02777777777779,,
p04,2020-01-11,25382923176,2020-01-11 01:52:00,2020-01-11 06:08:30,3.75,stages,225,31,0,0,31,37.0,33.0,155.0,14.0,3.0,12.109375,0.0,16.444444444444443,14.666666666666666,3.7333333333333334,58.0,16.0,16.0,26.0,37.0,0.0587084148727984,1.0019493177387917,78.77715088629486,67.55714285714285,,
p04,2020-02-04,25749083436,2020-02-04 02:13:30,2020-02-04 06:28:00,3.7666666666666666,stages,226,28,0,0,28,43.0,43.0,140.0,12.0,1.0,11.023622047244094,0.0,19.02654867256637,19.02654867256637,3.185840707964602,58.0,18.0,14.0,26.0,43.0,0.0413385826771653,0.986247544204322,102.93873267665457,83.92857142857143,,
p04,2020-02-09,25836503170,2020-02-09 00:15:30,2020-02-09 04:34:30,3.883333333333333,stages,233,26,0,0,26,50.0,62.0,121.0,10.0,1.0,10.038610038610038,0.0,21.459227467811157,26.609442060085836,2.575107296137339,61.0,21.0,13.0,27.0,50.0,0.0770712909441233,0.2625482625482625,,,,
p04,2020-02-10,25836503172,2020-02-10 02:34:30,2020-02-10 06:52:30,4.016666666666667,stages,241,17,0,0,17,59.0,82.0,100.0,20.0,0.0,6.589147286821706,0.0,24.481327800829874,34.024896265560166,4.979253112033195,73.0,21.0,21.0,31.0,59.0,0.081237911025145,1.0,78.52213888609238,70.64166666666667,,
p04,2020-02-02,25723406286,2020-02-02 03:24:30,2020-02-02 08:50:00,4.883333333333334,stages,293,32,0,1,32,83.0,72.0,138.0,16.0,1.0,9.846153846153847,0.0,28.32764505119454,24.573378839590443,3.2764505119453924,67.0,21.0,13.0,33.0,82.0,0.057632398753894,0.7772657450076805,90.92327353147512,76.65974025974026,,
p04,2020-01-09,25342276643,2020-01-08 22:57:00,2020-01-09 04:43:00,4.933333333333334,stages,296,50,0,0,50,25.0,57.0,214.0,22.0,3.0,14.45086705202312,0.0,8.445945945945946,19.256756756756758,4.45945945945946,66.0,17.0,20.0,29.0,25.0,0.1729651162790697,0.9971098265895952,87.16522429261559,62.9,,
p04,2020-03-21,26415801258,2020-03-20 23:10:00,2020-03-21 04:52:00,4.933333333333334,stages,296,46,0,4,46,66.0,72.0,158.0,28.0,1.0,13.450292397660819,0.0,22.2972972972973,24.324324324324323,5.675675675675675,72.0,21.0,18.0,33.0,66.0,0.111791730474732,0.97953216374269,68.60284551269626,63.225,,
p04,2020-03-01,26131375313,2020-03-01 02:30:00,2020-03-01 08:22:30,5.0,stages,300,52,0,0,52,78.0,43.0,179.0,26.0,2.0,14.772727272727273,0.0,26.0,14.333333333333334,5.2,60.0,17.0,12.0,31.0,78.0,0.0892086330935251,1.001418439716312,83.96955788152671,75.67222222222222,,
p04,2019-12-19,25064894453,2019-12-19 00:18:30,2019-12-19 06:31:30,5.316666666666666,stages,319,54,0,0,54,55.0,73.0,191.0,24.0,2.0,14.47721179624665,0.0,17.24137931034483,22.884012539184955,4.514106583072101,69.0,20.0,18.0,31.0,55.0,0.0963855421686747,0.9571045576407506,69.65257993640347,58.897777777777776,,
p04,2020-03-14,26319194536,2020-03-14 00:59:00,2020-03-14 07:32:00,5.6,stages,336,57,0,0,57,107.0,56.0,173.0,30.0,4.0,14.50381679389313,0.0,31.845238095238095,16.666666666666668,5.357142857142858,71.0,19.0,19.0,33.0,107.0,0.1214470284237726,0.9516539440203562,68.56347180745577,61.54642857142857,,
p04,2020-02-23,26042446714,2020-02-23 01:23:30,2020-02-23 07:57:30,5.666666666666667,stages,340,54,0,0,54,83.0,86.0,171.0,24.0,3.0,13.705583756345177,0.0,24.41176470588235,25.294117647058822,4.235294117647059,67.0,22.0,12.0,33.0,83.0,0.1166032953105196,0.8451776649746193,78.95507303840637,73.26031746031747,,
p04,2020-01-15,25439779135,2020-01-14 22:25:00,2020-01-15 05:23:30,5.866666666666666,stages,352,66,0,0,66,88.0,114.0,150.0,30.0,3.0,15.789473684210526,0.0,25.0,32.38636363636363,5.113636363636364,77.0,22.0,19.0,36.0,88.0,0.1097099621689785,0.991636798088411,86.61321015664389,64.9125,,
p04,2019-11-17,24665677269,2019-11-17 03:29:30,2019-11-17 10:00:30,5.883333333333334,stages,353,38,0,0,38,81.0,73.0,199.0,20.0,3.0,9.718670076726342,0.0,22.946175637393768,20.679886685552407,3.3994334277620393,69.0,20.0,13.0,36.0,81.0,0.0600255427841634,0.9820971867007672,78.70600874819625,68.68666666666667,,
p04,2020-02-11,25849780413,2020-02-10 22:11:30,2020-02-11 04:56:00,5.966666666666667,stages,358,46,0,1,46,71.0,106.0,181.0,16.0,2.0,11.386138613861386,0.0,19.83240223463687,29.608938547486034,2.6815642458100557,76.0,21.0,20.0,35.0,71.0,0.107540173053152,0.9938195302843016,83.40344705046199,60.66904761904762,,
p04,2020-02-15,25935918189,2020-02-15 04:35:30,2020-02-15 11:22:30,6.033333333333333,stages,362,45,0,0,45,92.0,109.0,161.0,15.0,2.0,11.056511056511056,0.0,25.414364640883978,30.11049723756906,2.4861878453038675,69.0,22.0,11.0,36.0,91.0,0.112883435582822,0.9926289926289926,89.03746580015145,70.33333333333333,,
p04,2020-02-17,25935918191,2020-02-17 01:42:00,2020-02-17 08:35:30,6.1,stages,366,47,0,0,47,81.0,105.0,180.0,27.0,2.0,11.380145278450364,0.0,22.131147540983605,28.688524590163933,4.426229508196721,79.0,21.0,21.0,37.0,81.0,0.0876979293544458,0.9818621523579202,69.89746808336709,62.25,,
p04,2020-03-08,26231258246,2020-03-08 00:19:00,2020-03-08 07:25:30,6.15,stages,369,57,0,0,57,83.0,110.0,176.0,25.0,2.0,13.380281690140846,0.0,22.493224932249323,29.81029810298103,4.0650406504065035,80.0,22.0,22.0,36.0,83.0,0.1010830324909747,0.9894490035169988,65.71684464824276,60.80285714285714,,
p04,2020-03-22,26438065829,2020-03-22 03:50:30,2020-03-22 10:54:00,6.216666666666667,stages,373,50,0,0,50,83.0,99.0,191.0,18.0,3.0,11.82033096926714,0.0,22.25201072386059,26.541554959785522,2.89544235924933,74.0,22.0,17.0,35.0,83.0,0.1121605667060212,0.9964580873671782,69.37904690096632,60.50357142857143,,
p04,2020-03-12,26319194534,2020-03-11 23:53:00,2020-03-12 06:54:30,6.233333333333333,stages,374,47,0,0,47,69.0,102.0,203.0,31.0,1.0,11.163895486935868,0.0,18.449197860962567,27.272727272727273,4.973262032085562,79.0,21.0,20.0,38.0,69.0,0.08,0.9988137603795968,70.86476343002471,63.285714285714285,,
p04,2019-12-02,24852153957,2019-12-01 23:04:00,2019-12-02 06:39:00,6.333333333333333,stages,380,75,0,0,75,79.0,58.0,243.0,36.0,4.0,16.483516483516482,0.0,20.789473684210527,15.263157894736842,5.684210526315789,72.0,17.0,22.0,33.0,78.0,0.0972375690607734,0.9934065934065934,63.435046658110814,57.6,,
p04,2019-12-13,24991784521,2019-12-12 22:17:00,2019-12-13 06:18:30,6.4,stages,384,97,0,0,97,81.0,101.0,202.0,31.0,6.0,20.166320166320165,0.0,21.09375,26.302083333333332,4.84375,73.0,21.0,20.0,32.0,81.0,0.1054313099041533,0.9989615784008308,63.96147703647704,57.2,,
p04,2020-01-13,25408895181,2020-01-12 21:45:00,2020-01-13 05:18:00,6.416666666666667,stages,385,68,0,0,68,25.0,72.0,288.0,28.0,4.0,15.01103752759382,0.0,6.4935064935064934,18.7012987012987,4.363636363636363,75.0,17.0,21.0,37.0,24.0,0.0879629629629629,0.9911699779249448,78.64792256144304,62.98,,
p04,2020-03-24,26455360344,2020-03-23 23:29:00,2020-03-24 06:39:30,6.416666666666667,stages,385,45,0,0,45,84.0,85.0,216.0,26.0,3.0,10.465116279069768,0.0,21.818181818181817,22.07792207792208,4.0519480519480515,80.0,21.0,21.0,38.0,84.0,0.0665083135391924,0.9965156794425089,67.13274982593165,58.114285714285714,,
p04,2020-01-29,25646822181,2020-01-28 20:57:30,2020-01-29 04:13:30,6.433333333333334,stages,386,50,0,0,50,92.0,75.0,219.0,23.0,2.0,11.46788990825688,0.0,23.83419689119171,19.430051813471504,3.5751295336787563,77.0,19.0,21.0,37.0,92.0,0.0973654066437571,0.9977064220183486,92.88152174591872,70.29333333333334,,
p04,2019-12-27,25163295849,2019-12-27 03:50:00,2019-12-27 11:24:30,6.433333333333334,stages,386,68,0,0,68,83.0,91.0,212.0,27.0,3.0,14.977973568281937,0.0,21.502590673575128,23.575129533678755,4.196891191709844,70.0,21.0,13.0,36.0,83.0,0.139482564679415,1.001100110011001,70.77728144871001,62.690000000000005,,
p04,2020-01-01,25229279710,2020-01-01 04:20:00,2020-01-01 11:46:30,6.466666666666667,stages,388,58,0,0,58,86.0,87.0,215.0,32.0,2.0,13.004484304932735,0.0,22.164948453608247,22.422680412371133,4.948453608247423,70.0,21.0,13.0,36.0,86.0,0.1366181410974244,1.0011198208286674,71.80475165525502,59.260714285714286,,
p04,2020-01-26,25603613945,2020-01-26 01:53:30,2020-01-26 09:13:30,6.516666666666667,stages,391,49,0,0,49,79.0,88.0,224.0,23.0,2.0,11.136363636363637,0.0,20.20460358056266,22.506393861892583,3.5294117647058822,73.0,21.0,15.0,37.0,78.0,0.0896708286038592,0.9931818181818182,83.80688587410556,64.15555555555557,,
p04,2020-02-03,25734599170,2020-02-02 22:31:00,2020-02-03 05:45:00,6.516666666666667,stages,391,43,0,0,43,94.0,118.0,179.0,34.0,1.0,9.90783410138249,0.0,24.04092071611253,30.17902813299233,5.217391304347826,82.0,22.0,21.0,39.0,93.0,0.0952941176470588,0.988479262672811,89.26641811464022,56.78333333333333,,
p04,2019-12-06,24917457523,2019-12-05 23:06:00,2019-12-06 06:39:00,6.516666666666667,stages,391,62,0,0,62,90.0,70.0,231.0,33.0,3.0,13.686534216335541,0.0,23.017902813299234,17.902813299232736,5.063938618925831,74.0,18.0,20.0,36.0,90.0,0.1012235817575083,0.9955849889624724,68.91191348070505,61.0,,
p04,2019-11-29,24817530410,2019-11-28 23:05:30,2019-11-29 06:43:30,6.533333333333333,stages,392,66,0,0,66,75.0,92.0,225.0,26.0,5.0,14.410480349344978,0.0,19.132653061224488,23.46938775510204,3.979591836734694,75.0,21.0,19.0,35.0,75.0,0.0926935659760087,0.9716157205240176,65.50597443131151,58.605,,
p04,2020-02-18,25947923454,2020-02-17 22:03:30,2020-02-18 05:35:30,6.533333333333333,stages,392,60,0,0,60,87.0,86.0,219.0,30.0,5.0,13.274336283185841,0.0,22.193877551020407,21.93877551020408,4.591836734693878,76.0,20.0,20.0,36.0,87.0,0.1104972375690607,0.9889380530973452,66.90089937405374,61.833333333333336,,
p04,2019-11-24,24763238715,2019-11-24 04:09:30,2019-11-24 11:49:30,6.55,stages,393,67,0,0,67,50.0,55.0,288.0,21.0,3.0,14.565217391304348,0.0,12.72264631043257,13.994910941475826,3.2061068702290076,64.0,16.0,13.0,35.0,49.0,0.1140065146579804,0.982608695652174,77.15133118479358,67.18333333333334,,
p04,2020-03-19,26393281546,2020-03-19 01:33:30,2020-03-19 09:01:00,6.583333333333333,stages,395,52,0,0,52,69.0,95.0,231.0,24.0,1.0,11.6331096196868,0.0,17.468354430379748,24.050632911392405,3.645569620253165,78.0,21.0,19.0,38.0,68.0,0.0562571756601607,0.9921787709497206,67.87395406770406,61.0,,
p04,2019-12-03,24862670534,2019-12-02 23:04:30,2019-12-03 06:49:30,6.6,stages,396,69,0,1,69,97.0,100.0,199.0,34.0,1.0,14.838709677419354,0.0,24.494949494949495,25.252525252525253,5.151515151515151,77.0,22.0,19.0,36.0,96.0,0.1009667024704618,0.9913978494623656,65.57560114626276,57.22222222222222,,
p04,2020-01-10,25363900643,2020-01-09 22:02:30,2020-01-10 05:41:30,6.616666666666666,stages,397,62,0,0,62,56.0,98.0,243.0,30.0,5.0,13.507625272331154,0.0,14.105793450881611,24.68513853904282,4.534005037783375,76.0,21.0,19.0,36.0,56.0,0.132752992383025,0.9934640522875816,86.39608190298978,67.83333333333333,,
p04,2019-12-04,24885048516,2019-12-03 23:00:30,2019-12-04 06:43:30,6.616666666666666,stages,397,66,0,0,66,69.0,113.0,215.0,28.0,4.0,14.254859611231101,0.0,17.38035264483627,28.463476070528966,4.231738035264484,76.0,21.0,20.0,35.0,69.0,0.0938511326860841,0.9956803455723542,66.96707147395868,60.8,,
p04,2020-01-23,25559544688,2020-01-22 22:57:00,2020-01-23 06:37:30,6.616666666666666,stages,397,63,0,0,63,81.0,123.0,193.0,20.0,4.0,13.695652173913043,0.0,20.403022670025187,30.9823677581864,3.022670025188917,79.0,21.0,22.0,36.0,81.0,0.1102535832414553,0.998914223669924,81.8353466340423,67.33333333333333,,
p04,2019-12-21,25095429305,2019-12-21 02:56:00,2019-12-21 10:39:30,6.666666666666667,stages,400,63,0,0,63,67.0,79.0,254.0,27.0,2.0,13.606911447084233,0.0,16.75,19.75,4.05,74.0,19.0,18.0,37.0,67.0,0.0954994511525795,0.9967637540453076,66.06370531224427,57.01,,
p04,2019-11-08,24557100954,2019-11-07 23:11:30,2019-11-08 06:51:00,6.683333333333334,stages,401,58,0,0,58,91.0,117.0,193.0,32.0,2.0,12.636165577342048,0.0,22.693266832917704,29.17705735660848,4.788029925187033,79.0,22.0,20.0,37.0,91.0,0.1099020674646354,0.9880304678998912,64.91670345684663,58.09285714285714,,
p04,2020-02-06,25773439116,2020-02-05 20:36:30,2020-02-06 04:33:30,6.7,stages,402,75,0,1,75,80.0,90.0,232.0,15.0,2.0,15.723270440251572,0.0,19.90049751243781,22.388059701492537,2.2388059701492535,75.0,20.0,21.0,34.0,79.0,0.1214659685863874,1.0,76.92789364141565,56.58,,
p04,2019-11-22,24740600162,2019-11-21 23:01:30,2019-11-22 06:49:00,6.7,stages,402,65,0,0,65,82.0,94.0,226.0,31.0,3.0,13.9186295503212,0.0,20.398009950248756,23.383084577114428,4.626865671641791,71.0,21.0,14.0,36.0,82.0,0.1112299465240641,0.983957219251337,69.96960348829913,59.66458333333333,,
p04,2019-12-01,24840179252,2019-12-01 02:34:30,2019-12-01 09:57:30,6.716666666666667,stages,403,40,0,0,40,116.0,111.0,176.0,27.0,2.0,9.029345372460497,0.0,28.78411910669975,27.543424317617866,4.01985111662531,75.0,23.0,13.0,39.0,116.0,0.0698985343855693,0.9954853273137696,79.1858757644472,70.0,,
p04,2020-01-14,25420767873,2020-01-13 21:59:00,2020-01-14 05:45:00,6.733333333333333,stages,404,62,0,0,62,58.0,98.0,248.0,24.0,3.0,13.304721030042918,0.0,14.356435643564357,24.257425742574256,3.5643564356435644,80.0,21.0,22.0,37.0,58.0,0.0923076923076923,0.703862660944206,73.59719175641432,55.64,,
p04,2019-12-08,24931463868,2019-12-08 03:32:30,2019-12-08 11:13:30,6.783333333333333,stages,407,54,0,0,54,100.0,90.0,217.0,30.0,1.0,11.713665943600867,0.0,24.57002457002457,22.11302211302211,4.422604422604422,73.0,21.0,14.0,38.0,99.0,0.1180931744312026,0.9718004338394792,76.93280291756855,66.0,,
p04,2019-11-28,24806891340,2019-11-27 22:38:30,2019-11-28 06:50:30,6.8,stages,408,84,0,0,84,84.0,80.0,244.0,34.0,3.0,17.073170731707318,0.0,20.58823529411765,19.607843137254903,5.0,72.0,19.0,19.0,34.0,83.0,0.1035532994923857,0.9979674796747968,65.62947925575217,57.833333333333336,,
p04,2019-11-20,24703209588,2019-11-19 22:50:30,2019-11-20 06:44:30,6.816666666666666,stages,409,65,0,0,65,77.0,96.0,236.0,41.0,4.0,13.713080168776372,0.0,18.82640586797066,23.4718826405868,6.014669926650367,76.0,21.0,17.0,38.0,76.0,0.1138040042149631,0.989451476793249,64.498756988096,56.57142857142857,,
p04,2020-01-24,25575800770,2020-01-23 23:54:00,2020-01-24 07:21:00,6.833333333333333,stages,410,37,0,0,37,73.0,106.0,231.0,24.0,1.0,8.277404921700224,0.0,17.804878048780488,25.853658536585368,3.5121951219512195,77.0,21.0,16.0,40.0,73.0,0.0644067796610169,0.988814317673378,81.34012498453373,62.91214285714285,,
p04,2019-11-13,24619308629,2019-11-12 22:44:00,2019-11-13 06:50:30,6.833333333333333,stages,410,76,0,0,76,103.0,70.0,237.0,40.0,2.0,15.637860082304528,0.0,25.121951219512194,17.073170731707318,5.853658536585366,76.0,19.0,19.0,38.0,102.0,0.0986214209968186,0.9928057553956836,65.32359688275838,58.29047619047619,,
p04,2019-12-20,25083442326,2019-12-19 22:28:00,2019-12-20 06:28:30,6.866666666666666,stages,412,68,0,0,68,101.0,108.0,203.0,34.0,1.0,14.166666666666666,0.0,24.514563106796118,26.21359223300971,4.951456310679612,83.0,22.0,22.0,39.0,101.0,0.1102620087336244,1.001040582726327,60.79200004200004,53.333333333333336,,
p04,2020-02-19,25963402543,2020-02-18 22:18:30,2020-02-19 06:22:30,6.866666666666666,stages,412,72,0,0,72,89.0,114.0,209.0,30.0,6.0,14.87603305785124,0.0,21.601941747572816,27.66990291262136,4.368932038834951,77.0,22.0,19.0,36.0,89.0,0.110423116615067,0.993801652892562,67.42628977628978,61.142857142857146,,
p04,2019-12-05,24897262953,2019-12-04 22:47:30,2019-12-05 06:44:30,6.883333333333334,stages,413,64,0,1,64,79.0,98.0,236.0,24.0,2.0,13.417190775681341,0.0,19.128329297820823,23.728813559322035,3.486682808716707,79.0,21.0,21.0,37.0,79.0,0.094240837696335,0.9874213836477987,65.26806378924212,59.25,,
p04,2019-11-19,24698674030,2019-11-18 22:30:00,2019-11-19 06:43:30,6.916666666666667,stages,415,78,0,0,78,92.0,90.0,233.0,38.0,3.0,15.821501014198782,0.0,22.16867469879518,21.686746987951807,5.493975903614458,77.0,20.0,21.0,36.0,92.0,0.0963488843813387,0.9848024316109424,60.75318120950838,54.5,,
p04,2020-01-28,25629880781,2020-01-27 22:39:30,2020-01-28 06:26:30,6.933333333333334,stages,416,51,0,0,51,116.0,103.0,197.0,36.0,3.0,10.920770877944326,0.0,27.884615384615383,24.759615384615383,5.1923076923076925,80.0,23.0,18.0,39.0,116.0,0.1080213903743315,0.9935760171306208,79.30572644548938,65.16428571428571,,
p04,2019-11-07,24544498988,2019-11-06 22:35:30,2019-11-07 06:44:30,6.933333333333334,stages,416,73,0,0,73,105.0,91.0,220.0,31.0,3.0,14.928425357873211,0.0,25.240384615384617,21.875,4.471153846153846,77.0,21.0,20.0,36.0,105.0,0.1052093973442288,0.9754601226993864,63.35954649822575,58.0,,
p04,2020-01-16,25457288238,2020-01-15 22:42:30,2020-01-16 06:34:30,6.95,stages,417,55,0,0,55,80.0,134.0,203.0,27.0,3.0,11.652542372881356,0.0,19.18465227817746,32.13429256594724,3.884892086330935,79.0,21.0,20.0,38.0,80.0,0.0941798941798941,0.9957627118644068,87.26682549207305,57.02125,,
p04,2020-03-25,26467580134,2020-03-24 23:46:30,2020-03-25 07:52:00,6.966666666666667,stages,418,67,0,0,67,109.0,121.0,188.0,28.0,6.0,13.814432989690722,0.0,26.076555023923444,28.94736842105263,4.019138755980861,80.0,23.0,20.0,37.0,109.0,0.0854788877445932,0.9948506694129764,64.83470769511142,58.67142857142857,,
p04,2019-12-24,25136167610,2019-12-24 00:33:30,2019-12-24 08:27:30,7.0,stages,420,54,0,0,54,79.0,125.0,216.0,30.0,4.0,11.39240506329114,0.0,18.80952380952381,29.761904761904763,4.285714285714286,82.0,21.0,23.0,38.0,79.0,0.1022128556375131,0.9936708860759492,61.06398148914072,53.13392857142857,,
p04,2019-12-28,25173636067,2019-12-28 00:49:00,2019-12-28 09:07:30,7.0,stages,420,78,0,0,78,87.0,86.0,247.0,40.0,5.0,15.662650602409638,0.0,20.714285714285715,20.476190476190474,5.714285714285714,77.0,19.0,22.0,36.0,87.0,0.1252525252525252,1.0010030090270812,64.42208392253482,57.55,,
p04,2020-03-11,26319194532,2020-03-10 22:56:30,2020-03-11 06:47:00,7.033333333333333,stages,422,48,0,0,48,94.0,101.0,227.0,35.0,1.0,10.212765957446809,0.0,22.274881516587676,23.933649289099527,4.976303317535545,84.0,22.0,20.0,42.0,93.0,0.0884861407249466,0.9968119022316684,69.66848495617153,62.05,,
p04,2019-11-14,24628997447,2019-11-13 22:11:30,2019-11-14 06:42:30,7.05,stages,423,88,0,0,88,61.0,98.0,264.0,33.0,1.0,17.22113502935421,0.0,14.42080378250591,23.167848699763592,4.680851063829787,77.0,20.0,18.0,39.0,61.0,0.1104594330400782,0.9960861056751468,65.81149128103941,57.60952380952381,,
p04,2020-02-28,26105662997,2020-02-27 23:12:30,2020-02-28 07:14:30,7.066666666666666,stages,424,58,0,0,58,85.0,93.0,246.0,30.0,1.0,12.033195020746888,0.0,20.047169811320753,21.933962264150942,4.245283018867925,73.0,20.0,12.0,41.0,85.0,0.1575129533678756,1.0,78.21047006819829,68.20428571428572,,
p04,2020-01-05,25283681814,2020-01-05 00:18:00,2020-01-05 09:11:30,7.083333333333333,stages,425,108,0,0,108,36.0,73.0,316.0,42.0,6.0,20.26266416510319,0.0,8.470588235294118,17.176470588235293,5.929411764705883,75.0,16.0,21.0,38.0,36.0,0.1429961089494163,0.999062792877226,62.96120302461766,57.2,,
p04,2020-03-18,26393281545,2020-03-17 22:32:00,2020-03-18 06:51:30,7.133333333333334,stages,428,71,0,0,71,104.0,91.0,233.0,34.0,2.0,14.228456913827655,0.0,24.299065420560748,21.261682242990656,4.766355140186915,80.0,21.0,19.0,40.0,103.0,0.0910010111223458,0.994994994994995,66.04023324652097,58.48571428571429,,
p04,2019-11-27,24797096980,2019-11-26 22:59:00,2019-11-27 07:09:30,7.15,stages,429,61,0,18,61,99.0,101.0,229.0,30.0,0.0,12.448979591836734,0.0,23.076923076923077,23.543123543123542,4.195804195804196,83.0,22.0,19.0,42.0,99.0,0.1153439153439153,0.9908256880733946,66.2148890432841,58.25892857142857,,
p04,2020-02-12,25863960321,2020-02-11 21:30:30,2020-02-12 05:48:30,7.166666666666667,stages,430,68,0,0,68,74.0,76.0,280.0,21.0,2.0,13.654618473895582,0.0,17.209302325581394,17.674418604651162,2.9302325581395348,76.0,18.0,18.0,40.0,74.0,0.1424272818455366,0.9859437751004017,78.17269832453132,57.6,,
p04,2019-11-26,24785904019,2019-11-25 22:14:00,2019-11-26 06:46:30,7.166666666666667,stages,430,82,0,0,82,114.0,105.0,211.0,33.0,3.0,16.015625,0.0,26.511627906976745,24.41860465116279,4.604651162790698,83.0,23.0,21.0,39.0,114.0,0.0912659470068694,0.9931707317073172,61.61552140830137,55.0,,
p04,2019-11-11,24590721419,2019-11-10 22:21:30,2019-11-11 06:49:00,7.166666666666667,stages,430,77,0,0,77,97.0,50.0,283.0,38.0,5.0,15.187376725838265,0.0,22.558139534883722,11.627906976744185,5.3023255813953485,79.0,17.0,22.0,40.0,97.0,0.0778325123152709,0.9911330049261085,58.65685375481598,52.5,,
p04,2019-12-11,24966675576,2019-12-10 22:18:30,2019-12-11 06:46:30,7.183333333333334,stages,431,77,0,0,77,105.0,104.0,222.0,33.0,4.0,15.15748031496063,0.0,24.361948955916475,24.129930394431554,4.593967517401392,83.0,22.0,22.0,39.0,105.0,0.1012782694198623,1.0,64.19041646782789,57.57142857142857,,
p04,2020-03-15,26353709658,2020-03-14 22:40:00,2020-03-15 06:55:30,7.2,stages,432,63,0,0,63,111.0,119.0,202.0,39.0,3.0,12.727272727272727,0.0,25.694444444444443,27.546296296296298,5.416666666666667,84.0,23.0,20.0,41.0,111.0,0.1177664974619289,0.992936427850656,67.23986093513533,60.88071428571429,,
p04,2019-12-18,25054766403,2019-12-17 22:19:00,2019-12-18 06:47:30,7.216666666666667,stages,433,75,0,0,75,88.0,86.0,259.0,34.0,2.0,14.763779527559056,0.0,20.323325635103927,19.861431870669747,4.711316397228638,79.0,19.0,20.0,40.0,87.0,0.1162324649298597,0.9970501474926252,65.66073990112451,57.9125,,
p04,2020-01-30,25665963383,2020-01-29 22:30:00,2020-01-30 06:22:00,7.25,stages,435,37,0,4,37,131.0,127.0,177.0,33.0,1.0,7.838983050847458,0.0,30.114942528735632,29.195402298850574,4.551724137931035,85.0,24.0,18.0,43.0,131.0,0.0776699029126213,0.9936440677966102,79.06354967586311,63.40571428571429,,
p04,2020-03-09,26245194112,2020-03-08 22:31:00,2020-03-09 06:44:00,7.283333333333333,stages,437,56,0,0,56,124.0,92.0,221.0,36.0,3.0,11.359026369168356,0.0,28.37528604118993,21.05263157894737,4.94279176201373,83.0,22.0,19.0,42.0,124.0,0.0973360655737704,1.0,69.21052944688847,62.25,,
p04,2019-12-30,25200027033,2019-12-30 00:20:30,2019-12-30 09:00:30,7.283333333333333,stages,437,83,0,0,83,64.0,71.0,302.0,39.0,3.0,15.961538461538462,0.0,14.645308924485127,16.247139588100687,5.354691075514874,72.0,17.0,16.0,39.0,63.0,0.111431316042267,0.9942307692307693,65.93086746157344,56.65333333333333,,
p04,2020-01-22,25541501397,2020-01-21 21:44:30,2020-01-22 05:28:30,7.283333333333333,stages,437,27,0,0,27,92.0,107.0,238.0,22.0,1.0,5.818965517241379,0.0,21.05263157894737,24.48512585812357,3.0205949656750573,83.0,22.0,18.0,43.0,92.0,0.0635091496232508,0.9870689655172412,80.07793521119193,60.97,,
p04,2019-11-21,24719952653,2019-11-20 22:29:30,2019-11-21 06:46:30,7.3,stages,438,59,0,0,59,93.0,118.0,227.0,30.0,2.0,11.87122736418511,0.0,21.232876712328768,26.940639269406393,4.109589041095891,80.0,22.0,17.0,41.0,93.0,0.0964824120603015,0.9959758551307848,66.87977611613975,58.34,,
p04,2020-03-10,26260768443,2020-03-09 22:24:30,2020-03-10 06:49:30,7.316666666666666,stages,439,66,0,0,66,81.0,111.0,247.0,35.0,4.0,13.069306930693068,0.0,18.451025056947607,25.284738041002278,4.783599088838269,82.0,21.0,21.0,40.0,81.0,0.0900098911968348,0.996039603960396,69.13990981958179,61.333333333333336,,
p04,2020-02-27,26088133858,2020-02-26 22:18:30,2020-02-27 06:47:00,7.35,stages,441,67,0,0,67,89.0,97.0,255.0,40.0,2.0,13.188976377952756,0.0,20.18140589569161,21.99546485260771,5.442176870748299,81.0,20.0,20.0,41.0,89.0,0.1057312252964426,0.9990167158308751,67.75281030212133,59.71428571428572,,
p04,2019-11-18,24676854526,2019-11-17 22:24:00,2019-11-18 06:45:00,7.35,stages,441,60,0,0,60,123.0,91.0,227.0,39.0,3.0,11.976047904191617,0.0,27.891156462585034,20.634920634920636,5.306122448979592,86.0,22.0,23.0,41.0,123.0,0.0855130784708249,0.998003992015968,61.44194704184704,56.19909090909091,,
p04,2020-03-29,26516188492,2020-03-29 00:10:00,2020-03-29 09:18:00,7.366666666666666,stages,442,46,0,0,106,97.0,112.0,233.0,36.0,1.0,8.394160583941606,0.0,21.945701357466064,25.339366515837103,4.886877828054299,84.0,22.0,19.0,43.0,96.0,0.0836431226765799,1.0,68.72170835044922,59.74428571428572,,
p04,2019-11-12,24604581722,2019-11-11 21:31:00,2019-11-12 06:46:00,7.366666666666666,stages,442,113,0,0,113,116.0,90.0,236.0,31.0,4.0,20.36036036036036,0.0,26.244343891402714,20.361990950226243,4.208144796380091,81.0,21.0,19.0,41.0,116.0,0.0882647943831494,0.990990990990991,64.09157169093533,56.73035714285714,,
p04,2020-02-25,26064965963,2020-02-24 22:10:00,2020-02-25 06:42:00,7.366666666666666,stages,442,70,0,0,70,94.0,86.0,262.0,39.0,4.0,13.671875,0.0,21.266968325791854,19.457013574660632,5.294117647058824,82.0,19.0,23.0,40.0,93.0,0.0845624385447394,1.0,67.95511828666125,61.8,,
p04,2020-02-26,26074293698,2020-02-25 22:12:30,2020-02-26 06:42:00,7.4,stages,444,65,0,0,65,88.0,108.0,248.0,39.0,3.0,12.770137524557956,0.0,19.81981981981982,24.324324324324323,5.27027027027027,83.0,22.0,20.0,41.0,88.0,0.113837095191364,0.9970559371933267,69.47628137391918,62.623333333333335,,
p04,2019-12-22,25104446844,2019-12-22 01:42:30,2019-12-22 10:48:00,7.416666666666667,stages,445,100,0,0,100,101.0,141.0,203.0,28.0,4.0,18.34862385321101,0.0,22.696629213483146,31.685393258426966,3.7752808988764044,72.0,22.0,14.0,36.0,101.0,0.1393217231897341,0.995417048579285,72.29463505085052,62.75277777777778,,
p04,2020-03-31,26541848533,2020-03-30 23:28:30,2020-03-31 08:01:30,7.45,stages,447,66,0,0,66,77.0,109.0,261.0,35.0,5.0,12.865497076023392,0.0,17.225950782997764,24.384787472035793,4.697986577181208,,,,,,,0.0,,,,
p04,2020-02-13,25876041599,2020-02-12 22:49:30,2020-02-13 07:18:00,7.483333333333333,stages,449,59,0,0,59,63.0,119.0,267.0,32.0,3.0,11.614173228346457,0.0,14.031180400890868,26.50334075723831,4.276169265033407,77.0,21.0,15.0,41.0,62.0,0.119960668633235,0.993117010816126,79.80606067749632,64.24571428571429,,
p04,2020-01-18,25488142949,2020-01-17 21:51:00,2020-01-18 06:20:00,7.516666666666667,stages,451,58,0,0,58,128.0,155.0,168.0,31.0,2.0,11.394891944990176,0.0,28.38137472283814,34.368070953436806,4.124168514412417,87.0,24.0,21.0,42.0,127.0,0.0945273631840796,0.9901768172888016,86.29723171802739,61.46111111111111,,
p04,2020-01-25,25591120766,2020-01-24 22:53:00,2020-01-25 07:22:30,7.516666666666667,stages,451,58,0,0,58,73.0,110.0,268.0,30.0,2.0,11.394891944990176,0.0,16.186252771618626,24.390243902439025,3.991130820399113,85.0,21.0,22.0,42.0,73.0,0.0922920892494929,0.9990186457311088,84.83276456680188,67.28571428571429,,
p04,2020-03-16,26353709660,2020-03-16 00:01:00,2020-03-16 08:42:30,7.566666666666666,stages,454,67,0,0,67,108.0,110.0,236.0,38.0,5.0,12.859884836852208,0.0,23.788546255506606,24.229074889867842,5.022026431718062,85.0,23.0,22.0,40.0,108.0,0.090297790585975,1.000958772770853,65.01167055060733,59.6,,
p04,2019-11-25,24771196805,2019-11-24 21:53:00,2019-11-25 06:29:30,7.616666666666666,stages,457,59,0,0,59,82.0,111.0,264.0,47.0,3.0,11.434108527131784,0.0,17.943107221006564,24.288840262582056,6.170678336980306,85.0,21.0,22.0,42.0,81.0,0.1093901258470474,0.999031945788964,61.136339376601,53.833333333333336,,
p04,2020-01-19,25499959802,2020-01-18 23:40:30,2020-01-19 08:34:30,7.7,stages,462,72,0,0,72,80.0,119.0,263.0,26.0,4.0,13.48314606741573,0.0,17.316017316017316,25.757575757575758,3.3766233766233764,79.0,21.0,19.0,39.0,80.0,0.1206735266604303,0.9794007490636704,83.00030956933442,69.58095238095238,,
p04,2020-01-04,25272558302,2020-01-04 00:56:00,2020-01-04 09:50:30,7.716666666666667,stages,463,71,0,0,71,73.0,93.0,297.0,35.0,3.0,13.295880149812733,0.0,15.766738660907128,20.086393088552917,4.535637149028077,79.0,19.0,20.0,40.0,73.0,0.1272217025257249,1.000935453695042,62.946921417108335,57.0,,
p04,2019-12-07,24917457525,2019-12-06 22:13:00,2019-12-07 07:23:00,7.8,stages,468,82,0,1,82,126.0,142.0,200.0,37.0,5.0,14.909090909090908,0.0,26.923076923076923,30.34188034188034,4.743589743589744,82.0,24.0,18.0,40.0,126.0,0.0958525345622119,0.9890909090909092,67.75204606463798,60.60375,,
p04,2019-12-26,25150523713,2019-12-26 00:39:00,2019-12-26 09:35:00,7.8,stages,468,68,0,0,68,111.0,117.0,240.0,34.0,3.0,12.686567164179104,0.0,23.71794871794872,25.0,4.3589743589743595,84.0,23.0,20.0,41.0,111.0,0.1069063386944181,0.9981343283582088,61.91855841458646,57.0,,
p04,2019-11-15,24642844365,2019-11-14 21:41:30,2019-11-15 06:49:30,7.833333333333333,stages,470,78,0,0,78,109.0,84.0,277.0,39.0,3.0,14.233576642335766,0.0,23.19148936170213,17.872340425531913,4.9787234042553195,78.0,19.0,19.0,40.0,109.0,0.1066545123062898,0.9835766423357664,62.79004650266246,55.0,,
p04,2020-01-12,25395553240,2020-01-11 22:28:00,2020-01-12 07:34:30,7.833333333333333,stages,470,76,0,0,76,103.0,97.0,270.0,35.0,4.0,13.91941391941392,0.0,21.914893617021278,20.638297872340427,4.468085106382979,80.0,20.0,20.0,40.0,102.0,0.113573407202216,0.9935956084172004,79.27872444496677,61.5625,,
p04,2020-03-26,26485220347,2020-03-25 22:40:00,2020-03-26 07:57:00,7.85,stages,471,86,0,4,86,135.0,75.0,261.0,35.0,6.0,15.439856373429084,0.0,28.662420382165607,15.92356687898089,4.45859872611465,77.0,20.0,18.0,39.0,134.0,0.0980926430517711,1.0,68.56284608070963,59.23333333333333,,
p04,2020-03-05,26190816499,2020-03-04 23:12:00,2020-03-05 08:13:30,7.85,stages,471,70,0,0,70,123.0,115.0,233.0,45.0,4.0,12.939001848428836,0.0,26.11464968152866,24.416135881104033,5.7324840764331215,84.0,23.0,20.0,41.0,123.0,0.1058052434456928,0.997229916897507,69.00274731441398,61.5,,
p04,2019-11-09,24569260396,2019-11-08 23:50:00,2019-11-09 09:00:30,7.866666666666666,stages,472,78,0,0,78,139.0,145.0,188.0,34.0,3.0,14.181818181818182,0.0,29.449152542372882,30.720338983050848,4.322033898305085,83.0,24.0,19.0,40.0,139.0,0.1037998146431881,0.9791099000908264,64.73885830207722,59.14107142857143,,
p04,2019-12-16,25024877171,2019-12-15 21:24:00,2019-12-16 06:43:30,7.883333333333334,stages,473,86,0,0,86,86.0,92.0,295.0,42.0,3.0,15.384615384615385,0.0,18.181818181818183,19.45031712473573,5.3276955602537,78.0,19.0,20.0,39.0,86.0,0.1365678346810422,0.9973190348525468,63.5414243562093,56.36875,,
p04,2020-01-20,25513824138,2020-01-19 21:43:00,2020-01-20 06:24:30,7.883333333333334,stages,473,48,0,0,48,106.0,136.0,231.0,26.0,1.0,9.213051823416507,0.0,22.41014799154334,28.752642706131077,3.2980972515856237,84.0,22.0,19.0,43.0,105.0,0.1083499005964214,1.000958772770853,81.2909379094724,69.2525,,
p04,2019-12-17,25037273100,2019-12-16 21:26:30,2019-12-17 06:46:30,7.883333333333334,stages,473,87,0,0,87,93.0,88.0,292.0,35.0,2.0,15.535714285714286,0.0,19.661733615221987,18.6046511627907,4.439746300211416,77.0,18.0,21.0,38.0,93.0,0.1150758251561106,0.9875,63.273168979904966,56.25,,
p04,2020-03-13,26319194535,2020-03-12 21:50:30,2020-03-13 06:46:30,7.916666666666667,stages,475,61,0,1,61,110.0,102.0,263.0,29.0,3.0,11.380597014925373,0.0,23.157894736842106,21.473684210526315,3.663157894736842,84.0,21.0,22.0,41.0,109.0,0.0941286113699906,0.9906716417910448,62.98516860833245,56.142857142857146,,
p04,2020-02-29,26119068981,2020-02-28 23:02:30,2020-02-29 08:01:00,7.966666666666667,stages,478,60,0,0,60,81.0,139.0,258.0,39.0,0.0,11.152416356877323,0.0,16.94560669456067,29.07949790794979,4.895397489539749,85.0,21.0,22.0,42.0,81.0,0.0971428571428571,0.9842154131847726,69.41080923793189,63.945,,
p04,2020-01-27,25615559390,2020-01-26 22:19:00,2020-01-27 07:34:30,7.983333333333333,stages,479,76,0,0,76,98.0,154.0,227.0,41.0,2.0,13.693693693693694,0.0,20.45929018789144,32.150313152400834,5.135699373695198,85.0,22.0,21.0,42.0,98.0,0.1089201877934272,0.7038703870387039,89.52436363813493,72.69047619047619,,
p04,2019-11-23,24750341846,2019-11-22 23:58:30,2019-11-23 09:25:30,8.05,stages,483,84,0,0,84,112.0,86.0,285.0,41.0,5.0,14.814814814814815,0.0,23.18840579710145,17.805383022774325,5.093167701863353,79.0,19.0,16.0,44.0,112.0,0.1207048458149779,0.9964726631393298,69.29265116397859,61.51111111111111,,
p04,2019-12-10,24956254076,2019-12-10 00:58:00,2019-12-10 10:35:30,8.066666666666666,stages,484,93,0,0,93,34.0,68.0,382.0,33.0,5.0,16.11785095320624,0.0,7.024793388429752,14.049586776859504,4.090909090909091,80.0,16.0,21.0,43.0,34.0,0.1172893136403127,0.993939393939394,60.03349623663212,54.965,,
p04,2020-02-22,26016059200,2020-02-21 22:40:00,2020-02-22 07:52:00,8.066666666666666,stages,484,68,0,0,68,116.0,97.0,271.0,43.0,2.0,12.318840579710145,0.0,23.96694214876033,20.041322314049587,5.330578512396694,82.0,21.0,16.0,45.0,115.0,0.11,1.0,73.54040031526445,66.125,,
p04,2020-01-03,25257945582,2020-01-02 23:57:00,2020-01-03 09:15:30,8.083333333333334,stages,485,73,0,0,73,88.0,114.0,283.0,47.0,2.0,13.082437275985663,0.0,18.144329896907216,23.50515463917526,5.814432989690721,87.0,21.0,21.0,45.0,88.0,0.1013452914798206,0.9973142345568488,61.72791158572128,55.74285714285714,,
p04,2019-12-15,25014389068,2019-12-15 01:56:00,2019-12-15 11:34:30,8.1,stages,486,92,0,0,92,87.0,105.0,294.0,36.0,4.0,15.916955017301039,0.0,17.901234567901234,21.604938271604937,4.444444444444445,77.0,20.0,14.0,43.0,87.0,0.1268462206776716,0.9922212618841832,72.39261775294004,62.20138888888889,,
p04,2020-03-27,26492260577,2020-03-26 22:35:30,2020-03-27 07:39:30,8.1,stages,486,58,0,0,58,115.0,122.0,249.0,38.0,3.0,10.661764705882353,0.0,23.662551440329217,25.102880658436213,4.691358024691358,89.0,23.0,20.0,46.0,115.0,0.0918273645546372,1.0,63.41746469421102,57.20333333333333,,
p04,2020-02-01,25707926715,2020-01-31 21:51:30,2020-02-01 06:36:30,8.116666666666667,stages,487,38,0,0,38,111.0,142.0,234.0,26.0,1.0,7.238095238095238,0.0,22.792607802874745,29.15811088295688,3.2032854209445585,87.0,23.0,18.0,46.0,111.0,0.0466222645099904,0.9961904761904762,89.88562250837083,62.29047619047619,,
p04,2020-01-02,25243305727,2020-01-02 00:24:00,2020-01-02 10:25:30,8.116666666666667,stages,487,114,0,0,114,85.0,70.0,332.0,44.0,4.0,18.96838602329451,0.0,17.453798767967147,14.373716632443532,5.42094455852156,80.0,17.0,21.0,42.0,85.0,0.1282481139983235,0.9941812136325852,60.21347402597402,53.833333333333336,,
p04,2019-12-23,25114574456,2019-12-22 23:15:00,2019-12-23 08:45:30,8.15,stages,489,81,0,0,81,131.0,122.0,236.0,37.0,4.0,14.210526315789474,0.0,26.789366053169733,24.948875255623722,4.5398773006134965,90.0,24.0,22.0,44.0,130.0,0.1221033868092691,0.8992112182296231,60.95522518417255,54.93333333333334,,
p04,2019-12-25,25138586827,2019-12-25 00:35:30,2019-12-25 10:18:00,8.216666666666667,stages,493,89,0,0,89,86.0,141.0,266.0,31.0,4.0,15.292096219931272,0.0,17.44421906693712,28.600405679513184,3.7728194726166326,81.0,22.0,16.0,43.0,86.0,0.1381974248927038,0.9974248927038628,67.10458370277647,57.0,,
p04,2020-03-17,26368934160,2020-03-16 22:05:00,2020-03-17 07:58:00,8.233333333333333,stages,494,99,0,0,99,67.0,75.0,352.0,40.0,5.0,16.69477234401349,0.0,13.562753036437247,15.182186234817813,4.858299595141701,79.0,17.0,19.0,43.0,67.0,0.1210838272650296,0.9898819561551432,66.11891720809949,57.93,,
p04,2020-03-23,26444879883,2020-03-22 22:41:00,2020-03-23 08:21:30,8.25,stages,495,85,0,0,85,103.0,138.0,254.0,31.0,4.0,14.655172413793103,0.0,20.80808080808081,27.87878787878788,3.757575757575758,89.0,22.0,22.0,45.0,103.0,0.0919540229885057,0.9956933677863912,60.42028328265353,54.42857142857143,,
p04,2020-02-24,26042446715,2020-02-23 21:42:30,2020-02-24 06:55:30,8.35,stages,501,52,0,5,52,126.0,157.0,218.0,41.0,1.0,9.403254972875226,0.0,25.149700598802394,31.3373253493014,4.910179640718563,91.0,24.0,21.0,46.0,126.0,0.091237579042457,1.0,70.84896993703504,64.13571428571429,,
p04,2020-01-17,25469285399,2020-01-16 20:59:30,2020-01-17 06:53:00,8.383333333333333,stages,503,90,0,0,90,92.0,145.0,266.0,35.0,5.0,15.177065767284992,0.0,18.290258449304176,28.82703777335984,4.174950298210736,85.0,22.0,20.0,43.0,92.0,0.1351351351351351,0.9907329401853412,84.33885097328975,65.64365079365079,,
p04,2020-02-08,25836503169,2020-02-07 22:31:30,2020-02-08 07:53:30,8.45,stages,507,55,0,0,55,89.0,169.0,249.0,30.0,2.0,9.786476868327401,0.0,17.554240631163708,33.333333333333336,3.550295857988166,86.0,22.0,19.0,45.0,88.0,0.0968888888888888,0.9839857651245552,76.83146630343737,60.471428571428575,,
p04,2019-12-09,24940819749,2019-12-08 22:30:00,2019-12-09 08:24:30,8.45,stages,507,87,0,0,87,110.0,115.0,282.0,42.0,7.0,14.646464646464647,0.0,21.696252465483234,22.682445759368836,4.9704142011834325,88.0,22.0,22.0,44.0,110.0,0.1029535864978903,0.973927670311186,61.67395089558303,53.49285714285714,,
p04,2020-03-20,26413497095,2020-03-19 22:34:30,2020-03-20 08:26:00,8.466666666666667,stages,508,83,0,0,83,103.0,106.0,299.0,37.0,5.0,14.043993231810491,0.0,20.275590551181104,20.866141732283463,4.3700787401574805,82.0,21.0,16.0,45.0,102.0,0.1313043478260869,0.9991546914623838,70.09593054060059,62.12698412698413,,
p04,2020-03-07,26223106206,2020-03-06 23:00:30,2020-03-07 08:46:30,8.5,stages,510,76,0,0,76,128.0,132.0,250.0,51.0,2.0,12.969283276450511,0.0,25.098039215686274,25.88235294117647,6.0,87.0,24.0,18.0,45.0,128.0,0.1159420289855072,1.0,68.83970279341439,61.125,,
p04,2019-11-10,24580044770,2019-11-09 23:57:30,2019-11-10 10:02:00,8.683333333333334,stages,521,83,0,0,83,108.0,117.0,296.0,42.0,3.0,13.741721854304636,0.0,20.72936660268714,22.456813819577736,4.836852207293666,84.0,22.0,18.0,44.0,108.0,0.108354011579818,0.9710504549214226,66.11670175839681,58.0,,
p04,2019-12-29,25185943631,2019-12-28 23:54:30,2019-12-29 10:10:00,8.7,stages,522,93,0,0,93,100.0,121.0,301.0,49.0,2.0,15.121951219512194,0.0,19.157088122605366,23.18007662835249,5.6321839080459775,86.0,21.0,22.0,43.0,100.0,0.1218521527213647,0.9796913078797724,61.134109754259,54.142857142857146,,
p04,2020-01-21,25526604338,2020-01-20 19:30:00,2020-01-21 05:32:30,8.8,stages,528,74,0,0,74,143.0,157.0,228.0,38.0,3.0,12.29235880398671,0.0,27.083333333333332,29.734848484848484,4.3181818181818175,91.0,25.0,20.0,46.0,142.0,0.0883116883116883,0.8215767634854771,95.61673117238816,71.17500000000001,,
p04,2020-03-03,26159173890,2020-03-02 21:19:00,2020-03-03 07:31:30,8.866666666666667,stages,532,80,0,0,80,93.0,136.0,303.0,45.0,3.0,13.071895424836601,0.0,17.481203007518797,25.56390977443609,5.075187969924812,86.0,22.0,19.0,45.0,92.0,0.1287128712871287,0.9991836734693876,71.72179739741014,62.58,,
p04,2019-12-14,25002488967,2019-12-13 23:16:00,2019-12-14 09:21:30,8.95,stages,537,68,0,0,68,123.0,147.0,267.0,36.0,2.0,11.239669421487603,0.0,22.905027932960895,27.374301675977655,4.022346368715084,87.0,23.0,19.0,45.0,123.0,0.1180382377389858,0.9975227085053676,65.08563771585294,58.2625,,
p04,2020-03-28,26504210730,2020-03-27 22:45:30,2020-03-28 08:59:30,9.033333333333331,stages,542,72,0,0,72,124.0,121.0,297.0,51.0,4.0,11.726384364820847,0.0,22.878228782287824,22.324723247232473,5.645756457564576,88.0,23.0,20.0,45.0,124.0,0.0984540276647681,0.988599348534202,63.84818834378142,57.42857142857143,,
p04,2020-03-04,26174533009,2020-03-03 21:51:00,2020-03-04 08:28:30,9.083333333333334,stages,545,92,0,1,92,98.0,150.0,297.0,46.0,3.0,14.442700156985872,0.0,17.98165137614679,27.522935779816514,5.064220183486238,87.0,22.0,21.0,44.0,98.0,0.1098039215686274,0.9976470588235294,65.77717862588146,58.8,,
p04,2019-11-30,24829077079,2019-11-29 23:21:00,2019-11-30 09:50:00,9.166666666666666,stages,550,79,0,0,79,124.0,131.0,295.0,44.0,5.0,12.559618441971383,0.0,22.545454545454547,23.818181818181817,4.800000000000001,85.0,23.0,17.0,45.0,124.0,0.0914194065757818,0.9904610492845788,69.45914618197926,60.66666666666666,,
p04,2019-12-31,25216007744,2019-12-30 23:32:00,2019-12-31 10:33:00,9.2,stages,552,109,0,0,109,102.0,162.0,288.0,42.0,5.0,16.49016641452345,0.0,18.47826086956522,29.347826086956523,4.565217391304349,84.0,22.0,20.0,42.0,102.0,0.1581359816653934,0.9954614220877458,61.10442927977123,54.49166666666667,,
p04,2020-02-21,26001844532,2020-02-20 20:27:30,2020-02-21 06:50:30,9.2,stages,552,71,0,0,71,131.0,140.0,281.0,30.0,3.0,11.396468699839486,0.0,23.731884057971016,25.36231884057971,3.2608695652173916,85.0,24.0,17.0,44.0,131.0,0.1122694466720128,0.985553772070626,71.61963181136635,63.53611111111111,,
p04,2020-02-07,25793105126,2020-02-06 21:20:00,2020-02-07 08:33:30,9.35,stages,561,112,0,0,112,104.0,123.0,334.0,34.0,4.0,16.641901931649333,0.0,18.538324420677363,21.925133689839573,3.6363636363636367,79.0,21.0,16.0,42.0,104.0,0.1437081161578555,0.9977728285077953,73.44271740577544,60.142857142857146,,
p04,2020-03-06,26208427837,2020-03-05 22:21:00,2020-03-06 09:12:30,9.6,stages,576,75,0,0,75,120.0,191.0,265.0,43.0,2.0,11.52073732718894,0.0,20.833333333333332,33.15972222222222,4.479166666666667,89.0,23.0,21.0,45.0,120.0,0.0803432137285491,0.9930928626247122,68.64202228734686,61.75833333333333,,
p04,2020-02-20,25986094786,2020-02-19 20:53:00,2020-02-20 07:48:30,9.65,stages,579,76,0,1,76,137.0,145.0,297.0,47.0,4.0,11.603053435114504,0.0,23.66148531951641,25.043177892918827,4.870466321243523,88.0,24.0,19.0,45.0,137.0,0.1047400611620795,0.9992372234935164,68.12981455779165,59.8625,,
p04,2020-03-30,26530448366,2020-03-29 23:14:30,2020-03-30 10:01:30,9.816666666666666,stages,589,58,0,6,58,91.0,157.0,341.0,40.0,1.0,8.964451313755797,0.0,15.449915110356537,26.6553480475382,4.074702886247878,90.0,22.0,22.0,46.0,91.0,0.0849420849420849,0.9969088098918084,61.995817421166265,56.13333333333333,,
p04,2020-02-05,25762308512,2020-02-04 20:49:30,2020-02-05 08:27:30,9.833333333333334,stages,590,108,0,0,108,110.0,178.0,302.0,40.0,6.0,15.472779369627506,0.0,18.64406779661017,30.16949152542373,4.067796610169491,86.0,23.0,21.0,42.0,110.0,0.1181102362204724,0.995702005730659,73.24023736854672,56.77428571428571,,
p04,2020-03-02,26143014034,2020-03-01 21:28:30,2020-03-02 10:08:00,10.466666666666669,stages,628,131,0,0,131,121.0,107.0,400.0,48.0,5.0,17.25955204216074,0.0,19.26751592356688,17.038216560509554,4.585987261146497,70.0,19.0,10.0,41.0,121.0,0.1922317314022383,0.9953917050691244,79.75415111050032,74.19444444444446,,
p05,2019-11-03,24497617507,2019-11-03 01:49:00,2019-11-03 06:07:30,3.733333333333333,stages,224,34,0,1,34,51.0,66.0,107.0,14.0,2.0,13.178294573643411,0.0,22.767857142857142,29.464285714285715,3.75,66.0,21.0,20.0,25.0,51.0,0.1141199226305609,0.986460348162476,63.58192117250941,58.0,,
p05,2019-12-29,25185084737,2019-12-29 01:23:00,2019-12-29 06:02:00,4.216666666666667,stages,253,26,0,6,26,68.0,64.0,121.0,16.0,1.0,9.31899641577061,0.0,26.877470355731226,25.296442687747035,3.794466403162055,77.0,21.0,23.0,33.0,67.0,0.0543071161048689,0.8207885304659498,61.85692530419605,55.375,,
p05,2019-12-03,24915539331,2019-12-03 00:06:30,2019-12-03 04:52:30,4.316666666666666,stages,259,27,0,0,27,58.0,61.0,140.0,12.0,2.0,9.44055944055944,0.0,22.393822393822393,23.55212355212355,2.77992277992278,73.0,21.0,23.0,29.0,58.0,0.0575916230366492,0.9790209790209792,60.1057754844362,53.16458333333333,,
p05,2020-02-06,25801674018,2020-02-06 00:45:30,2020-02-06 05:41:30,4.483333333333333,stages,269,27,0,0,27,54.0,82.0,133.0,22.0,0.0,9.121621621621621,0.0,20.074349442379184,30.483271375464685,4.907063197026022,79.0,21.0,22.0,36.0,54.0,0.0758853288364249,1.0,57.87786321223821,51.96875,,
p05,2020-02-03,25801674015,2020-02-03 00:51:00,2020-02-03 05:42:00,4.516666666666667,stages,271,20,0,0,20,27.0,86.0,158.0,11.0,1.0,6.8728522336769755,0.0,9.96309963099631,31.73431734317343,2.4354243542435423,82.0,20.0,24.0,38.0,27.0,0.0373001776198934,0.9896907216494846,56.295775462962965,48.891666666666666,,
p05,2019-12-07,24941889525,2019-12-07 00:03:00,2019-12-07 05:15:00,4.65,stages,279,33,0,0,33,77.0,58.0,144.0,16.0,3.0,10.576923076923077,0.0,27.59856630824373,20.788530465949822,3.440860215053763,71.0,20.0,21.0,30.0,77.0,0.0706260032102728,0.971153846153846,60.47100579105529,54.20222222222223,,
p05,2019-12-18,25088880372,2019-12-17 23:49:00,2019-12-18 04:59:00,4.666666666666667,stages,280,30,0,0,30,46.0,64.0,170.0,16.0,0.0,9.67741935483871,0.0,16.428571428571427,22.857142857142858,3.4285714285714284,77.0,21.0,23.0,33.0,46.0,0.0489038785834738,0.964516129032258,66.17823215431912,57.87083333333334,,
p05,2020-01-01,25227445628,2020-01-01 01:52:30,2020-01-01 07:17:00,4.666666666666667,stages,280,44,0,1,44,71.0,32.0,177.0,17.0,2.0,13.580246913580247,0.0,25.357142857142858,11.428571428571429,3.642857142857143,59.0,16.0,15.0,28.0,70.0,0.1063174114021571,0.9738058551617874,70.88099804555502,62.767857142857146,,
p05,2019-11-13,24627152704,2019-11-13 00:22:00,2019-11-13 05:36:30,4.683333333333334,stages,281,33,0,4,33,57.0,72.0,152.0,19.0,1.0,10.509554140127388,0.0,20.284697508896798,25.622775800711743,4.056939501779359,76.0,21.0,23.0,32.0,57.0,0.0747967479674796,0.9761526232114468,58.49158664354105,48.5,,
p05,2020-01-04,25268306667,2020-01-04 00:41:00,2020-01-04 05:53:30,4.7,stages,282,30,0,0,30,32.0,55.0,195.0,13.0,2.0,9.615384615384615,0.0,11.347517730496454,19.50354609929078,2.7659574468085104,74.0,18.0,24.0,32.0,32.0,0.0358306188925081,1.0016,60.09870175972412,53.125,,
p05,2019-12-22,25104898389,2019-12-22 00:48:00,2019-12-22 06:21:00,4.733333333333333,stages,284,49,0,0,49,62.0,45.0,177.0,14.0,2.0,14.714714714714715,0.0,21.830985915492956,15.845070422535212,2.9577464788732395,68.0,17.0,21.0,30.0,62.0,0.053125,0.963963963963964,61.3091245116946,54.44444444444444,,
p05,2020-03-29,26515420272,2020-03-28 23:56:00,2020-03-29 06:20:00,4.75,stages,285,39,0,0,99,25.0,61.0,199.0,19.0,2.0,10.15625,0.0,8.771929824561404,21.403508771929825,4.0,75.0,16.0,23.0,36.0,25.0,0.0529801324503311,0.9947916666666666,62.20368711422376,54.00555555555555,,
p05,2019-12-11,25038452009,2019-12-11 00:35:00,2019-12-11 05:52:30,4.983333333333333,stages,299,18,0,0,18,44.0,62.0,193.0,14.0,1.0,5.678233438485805,0.0,14.715719063545151,20.735785953177256,2.809364548494983,77.0,20.0,23.0,34.0,44.0,0.0347551342812006,0.9826771653543308,60.041634407259394,54.29357142857143,,
p05,2020-02-16,26001437253,2020-02-16 00:46:30,2020-02-16 06:04:30,5.0,stages,300,18,0,0,18,60.0,92.0,148.0,17.0,0.0,5.660377358490566,0.0,20.0,30.666666666666668,3.4,78.0,21.0,19.0,38.0,60.0,0.0580847723704866,1.0,59.70582577799559,53.68214285714286,,
p05,2019-12-04,24915539332,2019-12-04 00:26:00,2019-12-04 06:02:30,5.033333333333333,stages,302,34,0,0,34,55.0,77.0,170.0,16.0,1.0,10.119047619047619,0.0,18.211920529801326,25.496688741721854,3.178807947019868,78.0,21.0,23.0,34.0,55.0,0.0352220520673813,0.9925705794947994,63.57565410304932,56.0,,
p05,2019-11-02,24492529243,2019-11-02 00:23:30,2019-11-02 05:48:30,5.05,stages,303,22,0,0,22,71.0,86.0,146.0,21.0,0.0,6.769230769230769,0.0,23.432343234323433,28.382838283828384,4.158415841584159,73.0,21.0,18.0,34.0,71.0,0.0568356374807987,0.9723076923076924,64.94804612581511,57.625,,
p05,2019-12-08,24941889526,2019-12-08 00:37:30,2019-12-08 05:59:30,5.183333333333334,stages,311,11,0,0,11,66.0,84.0,161.0,17.0,0.0,3.4161490683229814,0.0,21.221864951768488,27.009646302250804,3.2797427652733115,85.0,21.0,25.0,39.0,66.0,0.041860465116279,0.9720496894409938,57.84668766625635,52.50476190476191,,
p05,2020-02-15,26001437252,2020-02-15 00:58:00,2020-02-15 06:43:30,5.216666666666667,stages,313,32,0,0,32,43.0,89.0,181.0,13.0,2.0,9.27536231884058,0.0,13.738019169329073,28.43450479233227,2.4920127795527156,78.0,21.0,19.0,38.0,43.0,0.0764617691154422,0.9956584659913168,59.3499988464378,53.452777777777776,,
p05,2019-12-15,25038452016,2019-12-15 04:38:00,2019-12-15 10:27:00,5.316666666666666,stages,319,30,0,0,30,85.0,54.0,180.0,18.0,1.0,8.595988538681949,0.0,26.645768025078368,16.927899686520377,3.3855799373040756,66.0,18.0,13.0,35.0,85.0,0.0538573508005822,0.9742120343839542,80.51550377726848,70.32916666666667,,
p05,2019-11-18,24675145121,2019-11-17 23:54:00,2019-11-18 05:48:30,5.316666666666666,stages,319,35,0,6,35,84.0,68.0,167.0,18.0,0.0,9.887005649717514,0.0,26.33228840125392,21.316614420062695,3.3855799373040756,79.0,21.0,24.0,34.0,84.0,0.0544412607449856,0.9844851904090268,56.35089381328636,49.0,,
p05,2019-12-01,24915539329,2019-12-01 00:16:30,2019-12-01 05:59:00,5.316666666666666,stages,319,23,0,0,23,54.0,92.0,173.0,21.0,1.0,6.7251461988304095,0.0,16.927899686520377,28.84012539184953,3.949843260188088,78.0,21.0,22.0,35.0,53.0,0.0441826215022091,0.9956204379562044,60.30913639960561,54.25,,
p05,2020-01-17,25505101424,2020-01-17 00:50:00,2020-01-17 06:47:30,5.366666666666666,stages,322,35,0,0,35,62.0,96.0,164.0,19.0,2.0,9.803921568627452,0.0,19.25465838509317,29.81366459627329,3.5403726708074537,78.0,21.0,23.0,34.0,62.0,0.0533707865168539,0.9958041958041958,58.08408482902864,51.87053571428572,,
p05,2019-11-07,24610755463,2019-11-06 23:36:30,2019-11-07 05:33:00,5.383333333333334,stages,323,33,0,0,33,88.0,72.0,163.0,19.0,3.0,9.269662921348315,0.0,27.24458204334365,22.291021671826627,3.5294117647058822,78.0,21.0,23.0,34.0,88.0,0.0827489481065918,0.967741935483871,56.86293284815024,49.721428571428575,,
p05,2020-03-14,26362009391,2020-03-13 23:54:30,2020-03-14 05:49:30,5.4,stages,324,31,0,5,31,50.0,97.0,177.0,10.0,3.0,8.732394366197184,0.0,15.432098765432098,29.938271604938272,1.8518518518518516,82.0,21.0,23.0,38.0,50.0,0.050632911392405,0.9690140845070424,61.69318129383537,55.85833333333333,,
p05,2020-01-05,25282206791,2020-01-04 23:33:30,2020-01-05 06:02:30,5.433333333333334,stages,326,63,0,0,63,56.0,76.0,194.0,10.0,4.0,16.195372750642672,0.0,17.177914110429448,23.312883435582823,1.840490797546012,70.0,20.0,22.0,28.0,55.0,0.1091142490372272,0.987146529562982,57.1168654551467,50.67380952380952,,
p05,2020-01-25,25634666242,2020-01-24 23:55:00,2020-01-25 05:53:00,5.433333333333334,stages,326,32,0,0,32,82.0,83.0,161.0,19.0,2.0,8.938547486033519,0.0,25.153374233128833,25.460122699386503,3.496932515337423,80.0,21.0,24.0,35.0,82.0,0.0576652601969057,1.0,55.18908992156199,50.195,,
p05,2020-01-11,25385045103,2020-01-11 00:24:30,2020-01-11 06:42:00,5.433333333333334,stages,326,51,0,0,51,69.0,90.0,167.0,16.0,1.0,13.52785145888594,0.0,21.165644171779142,27.607361963190183,2.9447852760736195,76.0,21.0,24.0,31.0,68.0,0.0675496688741721,0.9933774834437086,53.70673862433863,48.5,,
p05,2019-12-24,25127453319,2019-12-24 00:38:00,2019-12-24 06:36:30,5.466666666666667,stages,328,30,0,0,30,58.0,59.0,211.0,14.0,1.0,8.379888268156424,0.0,17.682926829268293,17.98780487804878,2.5609756097560976,77.0,18.0,24.0,35.0,58.0,0.0567375886524822,0.99023709902371,58.99067282482775,52.5,,
p05,2020-01-13,25412377139,2020-01-12 23:53:30,2020-01-13 06:13:00,5.483333333333333,stages,329,50,0,2,50,38.0,94.0,197.0,10.0,2.0,13.192612137203167,0.0,11.55015197568389,28.571428571428573,1.8237082066869301,80.0,20.0,25.0,35.0,38.0,0.0255681818181818,0.9776021080368906,56.921606515676594,48.55,,
p05,2020-01-20,25516463514,2020-01-19 23:26:30,2020-01-20 05:27:30,5.5,stages,330,31,0,0,31,71.0,80.0,179.0,15.0,1.0,8.587257617728532,0.0,21.515151515151516,24.242424242424242,2.727272727272727,80.0,21.0,24.0,35.0,71.0,0.0567081604426002,0.8698060941828255,56.269166184134335,51.333333333333336,,
p05,2019-11-06,24610755462,2019-11-05 23:54:30,2019-11-06 06:05:30,5.533333333333333,stages,332,39,0,2,39,78.0,107.0,147.0,12.0,2.0,10.512129380053908,0.0,23.49397590361446,32.2289156626506,2.1686746987951806,78.0,21.0,23.0,34.0,78.0,0.0767160161507402,0.9838274932614556,60.83828154341853,52.51428571428571,,
p05,2020-03-06,26288393354,2020-03-05 23:35:00,2020-03-06 05:59:00,5.566666666666666,stages,334,50,0,1,50,29.0,15.0,290.0,23.0,3.0,13.020833333333334,0.0,8.682634730538922,4.491017964071856,4.131736526946108,62.0,13.0,12.0,37.0,28.0,0.0886571056062581,0.9921875,83.35198848250029,73.42857142857143,,
p05,2020-03-08,26288393357,2020-03-08 00:28:00,2020-03-08 06:35:30,5.583333333333333,stages,335,32,0,0,32,80.0,64.0,191.0,14.0,2.0,8.719346049046322,0.0,23.880597014925375,19.104477611940297,2.5074626865671643,79.0,19.0,21.0,39.0,80.0,0.0906593406593406,1.0013605442176872,62.83766184751239,56.7675,,
p05,2020-03-11,26288393363,2020-03-10 23:35:30,2020-03-11 06:07:30,5.633333333333334,stages,338,54,0,0,54,36.0,44.0,258.0,23.0,2.0,13.775510204081632,0.0,10.650887573964496,13.017751479289942,4.0828402366863905,75.0,16.0,22.0,37.0,35.0,0.0751592356687898,0.9923469387755102,64.06664626433265,55.66666666666666,,
p05,2019-11-14,24675145117,2019-11-13 23:47:00,2019-11-14 06:19:30,5.65,stages,339,53,0,0,53,74.0,78.0,187.0,17.0,5.0,13.520408163265307,0.0,21.828908554572273,23.008849557522122,3.0088495575221237,74.0,21.0,21.0,32.0,74.0,0.0713375796178343,0.9656050955414012,60.26170534976604,51.5,,
p05,2019-12-31,25215287457,2019-12-30 23:39:30,2019-12-31 06:09:30,5.683333333333334,stages,341,49,0,3,49,37.0,67.0,237.0,25.0,1.0,12.564102564102564,0.0,10.850439882697946,19.64809384164223,4.39882697947214,73.0,18.0,21.0,34.0,37.0,0.0704225352112676,0.9743589743589745,61.41549394319131,54.71190476190476,,
p05,2020-03-07,26288393356,2020-03-07 00:50:00,2020-03-07 07:17:30,5.683333333333334,stages,341,46,0,0,46,16.0,90.0,235.0,23.0,2.0,11.886304909560723,0.0,4.69208211143695,26.392961876832846,4.0469208211143695,72.0,19.0,14.0,39.0,15.0,0.0980132450331125,0.983225806451613,67.96118430271973,61.77777777777778,,
p05,2019-11-16,24675145119,2019-11-16 00:01:00,2019-11-16 06:34:30,5.7,stages,342,51,0,0,51,40.0,89.0,213.0,13.0,4.0,12.977099236641221,0.0,11.695906432748538,26.023391812865498,2.280701754385965,76.0,21.0,21.0,34.0,40.0,0.0717079530638852,0.9936467598475224,58.59323376254323,52.65151515151515,,
p05,2020-03-31,26540912429,2020-03-30 23:56:00,2020-03-31 06:14:00,5.75,stages,345,33,0,0,33,37.0,79.0,229.0,17.0,2.0,8.73015873015873,0.0,10.72463768115942,22.89855072463768,2.9565217391304346,,,,,,,0.8703703703703703,64.49846741404492,56.7,,
p05,2020-03-26,26478918358,2020-03-25 23:29:00,2020-03-26 05:56:30,5.766666666666667,stages,346,41,0,0,41,57.0,51.0,238.0,21.0,4.0,10.594315245478036,0.0,16.473988439306357,14.739884393063583,3.6416184971098264,79.0,17.0,23.0,39.0,57.0,0.0389610389610389,1.001290322580645,63.06066045209087,55.519444444444446,,
p05,2020-03-12,26288393364,2020-03-11 23:01:30,2020-03-12 05:31:30,5.783333333333333,stages,347,43,0,1,43,52.0,54.0,241.0,15.0,2.0,11.025641025641026,0.0,14.985590778097983,15.561959654178674,2.5936599423631126,79.0,17.0,24.0,38.0,52.0,0.0358514724711907,1.0,58.5671003996004,53.2225,,
p05,2019-11-26,24787002618,2019-11-25 23:05:30,2019-11-26 05:30:30,5.85,stages,351,34,0,0,34,54.0,91.0,206.0,24.0,2.0,8.831168831168831,0.0,15.384615384615385,25.925925925925927,4.102564102564103,78.0,21.0,21.0,36.0,54.0,0.0622568093385214,0.9532467532467532,59.86526563808581,50.62,,
p05,2020-01-29,25665675604,2020-01-28 23:45:00,2020-01-29 06:10:00,5.85,stages,351,34,0,0,34,67.0,118.0,166.0,13.0,3.0,8.831168831168831,0.0,19.08831908831909,33.61823361823362,2.2222222222222223,81.0,21.0,24.0,36.0,66.0,0.064388961892247,1.0,59.0412913925901,49.74285714285714,,
p05,2020-03-24,26454450459,2020-03-23 23:29:30,2020-03-24 06:16:30,5.883333333333334,stages,353,54,0,0,54,59.0,63.0,231.0,25.0,2.0,13.267813267813267,0.0,16.71388101983003,17.847025495750707,4.2492917847025495,78.0,18.0,22.0,38.0,59.0,0.0773006134969325,0.9926289926289926,62.52577364879346,55.0,,
p05,2020-03-15,26362009392,2020-03-14 23:51:30,2020-03-15 06:21:00,5.883333333333334,stages,353,36,0,0,36,66.0,52.0,235.0,22.0,2.0,9.254498714652957,0.0,18.69688385269122,14.73087818696884,3.7393767705382435,71.0,17.0,14.0,40.0,66.0,0.0449293966623876,0.9987163029525032,76.28757432941238,68.0,,
p05,2019-12-12,25038452011,2019-12-12 00:23:30,2019-12-12 06:49:00,5.883333333333334,stages,353,32,0,0,32,34.0,92.0,227.0,19.0,3.0,8.311688311688311,0.0,9.63172804532578,26.062322946175637,3.2294617563739374,78.0,20.0,21.0,37.0,34.0,0.0804150453955901,0.993514915693904,60.41914915661652,54.1452380952381,,
p05,2020-03-21,26417712766,2020-03-20 23:25:30,2020-03-21 05:56:00,5.916666666666667,stages,355,35,0,0,35,97.0,72.0,186.0,22.0,2.0,8.974358974358974,0.0,27.323943661971832,20.281690140845072,3.7183098591549295,84.0,21.0,23.0,40.0,96.0,0.0580645161290322,0.998719590268886,63.42063103563105,58.25,,
p05,2020-01-07,25313319038,2020-01-07 00:02:30,2020-01-07 06:45:30,5.95,stages,357,46,0,1,46,78.0,108.0,171.0,16.0,2.0,11.41439205955335,0.0,21.84873949579832,30.252100840336134,2.6890756302521006,79.0,21.0,23.0,35.0,78.0,0.0842627013630731,0.9950372208436724,61.400104176787465,53.888888888888886,,
p05,2019-11-09,24610755465,2019-11-08 23:16:30,2019-11-09 05:52:30,5.95,stages,357,39,0,0,39,78.0,112.0,167.0,17.0,1.0,9.848484848484848,0.0,21.84873949579832,31.372549019607842,2.857142857142857,79.0,21.0,22.0,36.0,78.0,0.0781841109709962,0.9974747474747476,57.659236396514885,51.0,,
p05,2019-12-19,25088880373,2019-12-19 00:16:30,2019-12-19 07:00:00,5.966666666666667,stages,358,45,0,0,45,89.0,101.0,168.0,13.0,4.0,11.166253101736972,0.0,24.860335195530727,28.212290502793294,2.17877094972067,77.0,22.0,20.0,35.0,88.0,0.053349875930521,0.9640644361833952,63.03197592895536,54.18571428571429,,
p05,2020-02-20,26001437257,2020-02-19 22:33:00,2020-02-20 05:08:00,5.983333333333333,stages,359,36,0,0,36,57.0,70.0,232.0,14.0,1.0,9.113924050632912,0.0,15.877437325905293,19.498607242339833,2.33983286908078,82.0,19.0,24.0,39.0,57.0,0.0418250950570342,0.9974683544303796,61.46946046762037,53.333333333333336,,
p05,2020-03-18,26373461658,2020-03-17 22:50:30,2020-03-18 05:26:00,6.0,stages,360,35,0,0,35,72.0,80.0,208.0,18.0,1.0,8.860759493670885,0.0,20.0,22.22222222222222,3.0,89.0,21.0,25.0,43.0,72.0,0.0275229357798165,0.9962073324905184,62.58836195530358,57.214444444444446,,
p05,2019-12-23,25116960703,2019-12-23 00:06:00,2019-12-23 06:33:00,6.0,stages,360,27,0,1,27,32.0,81.0,247.0,17.0,0.0,6.976744186046512,0.0,8.88888888888889,22.5,2.8333333333333335,82.0,20.0,24.0,38.0,32.0,0.0385126162018592,0.9819121447028424,56.65487630059998,50.66333333333333,,
p05,2020-03-19,26417712764,2020-03-18 23:17:00,2020-03-19 05:54:30,6.016666666666667,stages,361,36,0,0,36,88.0,67.0,206.0,20.0,0.0,9.06801007556675,0.0,24.37673130193906,18.559556786703602,3.32409972299169,86.0,19.0,24.0,43.0,88.0,0.0430247718383311,0.9861635220125786,60.33310666799186,54.0,,
p05,2019-12-02,24915539330,2019-12-01 23:09:00,2019-12-02 05:43:30,6.016666666666667,stages,361,33,0,10,33,91.0,80.0,190.0,17.0,1.0,8.375634517766498,0.0,25.20775623268698,22.1606648199446,2.8254847645429364,81.0,21.0,23.0,37.0,91.0,0.0570342205323193,0.9784537389100126,58.22763020658099,52.0,,
p05,2019-11-10,24610755467,2019-11-09 23:23:00,2019-11-10 06:04:00,6.033333333333333,stages,362,39,0,7,39,73.0,83.0,206.0,13.0,1.0,9.72568578553616,0.0,20.165745856353592,22.92817679558011,2.154696132596685,83.0,21.0,24.0,38.0,73.0,0.0354330708661417,0.9900249376558604,60.407617648234776,55.32380952380952,,
p05,2020-01-27,25634666244,2020-01-26 23:41:30,2020-01-27 06:22:00,6.033333333333333,stages,362,38,0,0,38,78.0,102.0,182.0,19.0,1.0,9.5,0.0,21.54696132596685,28.176795580110497,3.149171270718232,81.0,21.0,23.0,37.0,78.0,0.0542929292929292,0.9937578027465668,59.13169382264859,52.77361111111111,,
p05,2020-01-15,25505101422,2020-01-15 00:21:00,2020-01-15 06:57:30,6.033333333333333,stages,362,34,0,0,34,72.0,86.0,204.0,14.0,1.0,8.585858585858587,0.0,19.88950276243094,23.756906077348066,2.320441988950276,83.0,21.0,24.0,38.0,72.0,0.0450928381962864,0.9911727616645648,56.68326990368975,50.1,,
p05,2020-01-10,25373227429,2020-01-09 22:25:30,2020-01-10 05:10:00,6.05,stages,363,41,0,9,41,25.0,84.0,254.0,12.0,1.0,10.148514851485148,0.0,6.887052341597796,23.140495867768596,1.9834710743801653,77.0,19.0,21.0,37.0,25.0,0.0467762326169405,0.9913473423980222,60.96400422104912,55.5,,
p05,2019-12-05,24915539333,2019-12-04 23:54:30,2019-12-05 06:39:30,6.05,stages,363,42,0,0,42,107.0,73.0,183.0,17.0,1.0,10.37037037037037,0.0,29.47658402203857,20.110192837465565,2.809917355371901,80.0,21.0,23.0,36.0,106.0,0.033292231812577,0.9580246913580248,60.74058525237648,52.625,,
p05,2019-11-08,24610755464,2019-11-07 23:52:30,2019-11-08 06:53:30,6.083333333333333,stages,365,56,0,0,56,62.0,110.0,193.0,22.0,3.0,13.30166270783848,0.0,16.986301369863014,30.136986301369863,3.616438356164384,77.0,21.0,22.0,34.0,61.0,0.1008303677342823,0.9572446555819476,62.41144205257109,53.16666666666666,,
p05,2019-12-20,25088880374,2019-12-20 00:29:30,2019-12-20 07:02:30,6.133333333333334,stages,368,25,0,0,25,82.0,103.0,183.0,20.0,0.0,6.361323155216285,0.0,22.282608695652176,27.98913043478261,3.260869565217391,83.0,21.0,24.0,38.0,82.0,0.0495552731893265,0.989821882951654,60.65321642795936,51.235,,
p05,2020-01-09,25356622311,2020-01-08 23:29:30,2020-01-09 06:16:00,6.133333333333334,stages,368,38,0,0,38,52.0,62.0,254.0,20.0,0.0,9.35960591133005,0.0,14.130434782608695,16.847826086956523,3.260869565217391,79.0,18.0,23.0,38.0,51.0,0.056890012642225,0.996309963099631,59.05330883793846,51.227777777777774,,
p05,2020-01-23,25634666239,2020-01-22 23:15:00,2020-01-23 05:48:30,6.166666666666667,stages,370,23,0,0,23,50.0,83.0,237.0,19.0,1.0,5.852417302798982,0.0,13.513513513513514,22.43243243243243,3.081081081081081,83.0,21.0,24.0,38.0,49.0,0.0421994884910485,0.9783989834815756,56.04051235921366,49.21,,
p05,2020-01-19,25505101426,2020-01-18 23:39:00,2020-01-19 06:38:30,6.2,stages,372,47,0,0,47,52.0,80.0,240.0,23.0,3.0,11.217183770883056,0.0,13.978494623655914,21.50537634408602,3.7096774193548385,78.0,20.0,22.0,36.0,51.0,0.0882002383790226,1.00119189511323,56.79515263175978,51.28392857142857,,
p05,2020-03-16,26362009393,2020-03-15 23:02:00,2020-03-16 05:55:30,6.233333333333333,stages,374,39,0,0,39,46.0,75.0,253.0,18.0,1.0,9.443099273607748,0.0,12.29946524064171,20.053475935828878,2.8877005347593583,85.0,19.0,24.0,42.0,45.0,0.053204353083434,0.996372430471584,60.61687103349725,54.73392857142857,,
p05,2020-01-18,25505101425,2020-01-18 00:05:00,2020-01-18 06:56:00,6.233333333333333,stages,374,37,0,0,37,40.0,98.0,236.0,19.0,2.0,9.002433090024331,0.0,10.695187165775401,26.203208556149733,3.0481283422459895,82.0,21.0,23.0,38.0,40.0,0.055350553505535,1.0,57.71074965855987,53.0,,
p05,2020-01-26,25634666243,2020-01-25 23:20:30,2020-01-26 06:07:30,6.266666666666667,stages,376,31,0,0,31,54.0,82.0,240.0,14.0,3.0,7.616707616707616,0.0,14.361702127659575,21.80851063829787,2.2340425531914896,80.0,20.0,22.0,38.0,53.0,0.0588957055214723,1.0,57.769052759961845,51.12063492063493,,
p05,2019-11-17,24675145120,2019-11-16 23:33:00,2019-11-17 07:00:00,6.266666666666667,stages,376,71,0,0,71,19.0,109.0,248.0,20.0,3.0,15.883668903803132,0.0,5.053191489361702,28.98936170212766,3.1914893617021276,72.0,19.0,21.0,32.0,19.0,0.1041433370660694,1.0,56.81052358032224,49.9375,,
p05,2019-11-22,24787002613,2019-11-22 00:12:30,2019-11-22 07:15:00,6.3,stages,378,44,0,0,44,76.0,105.0,197.0,22.0,2.0,10.42654028436019,0.0,20.105820105820104,27.77777777777778,3.492063492063492,81.0,21.0,23.0,37.0,76.0,0.0653206650831353,0.9751479289940828,57.25667572045,50.25833333333333,,
p05,2020-01-28,25638548789,2020-01-27 23:32:30,2020-01-28 06:33:00,6.333333333333333,stages,380,40,0,0,40,98.0,72.0,210.0,16.0,3.0,9.523809523809524,0.0,25.789473684210527,18.94736842105263,2.5263157894736845,79.0,20.0,22.0,37.0,98.0,0.0404280618311533,0.9916765755053508,60.47028126416616,53.66666666666666,,
p05,2020-03-13,26362009390,2020-03-12 22:46:00,2020-03-13 05:48:30,6.35,stages,381,41,0,2,41,53.0,93.0,235.0,25.0,1.0,9.71563981042654,0.0,13.910761154855644,24.409448818897637,3.937007874015748,86.0,21.0,22.0,43.0,52.0,0.0463980463980464,1.001183431952663,62.98315491967975,57.803333333333335,,
p05,2019-11-25,24787002617,2019-11-25 00:39:00,2019-11-25 07:48:00,6.35,stages,381,48,0,0,48,36.0,82.0,263.0,23.0,3.0,11.188811188811188,0.0,9.448818897637794,21.522309711286088,3.6220472440944884,78.0,19.0,23.0,36.0,35.0,0.0886814469078179,0.9766899766899768,54.10106296514411,48.0,,
p05,2019-12-17,25038452019,2019-12-16 23:56:30,2019-12-17 07:09:30,6.366666666666666,stages,382,51,0,0,51,88.0,86.0,208.0,23.0,3.0,11.778290993071593,0.0,23.036649214659686,22.513089005235603,3.612565445026178,80.0,21.0,23.0,36.0,87.0,0.0668973471741637,0.9838337182448036,62.01457422989113,54.38125,,
p05,2020-03-28,26503722204,2020-03-27 23:27:00,2020-03-28 06:15:30,6.366666666666666,stages,382,26,0,1,26,80.0,80.0,222.0,24.0,0.0,6.372549019607843,0.0,20.94240837696335,20.94240837696335,3.7696335078534036,87.0,21.0,22.0,44.0,79.0,0.0435865504358655,1.0012239902080784,61.70760583480632,54.0,,
p05,2020-02-18,26001437255,2020-02-17 22:59:30,2020-02-18 06:07:30,6.416666666666667,stages,385,43,0,7,43,81.0,66.0,238.0,15.0,2.0,10.046728971962617,0.0,21.038961038961038,17.142857142857142,2.3376623376623376,81.0,18.0,21.0,42.0,81.0,0.0466744457409568,0.9976635514018692,60.27132820341252,53.45,,
p05,2020-01-06,25296480291,2020-01-05 23:06:30,2020-01-06 06:19:00,6.416666666666667,stages,385,47,0,0,47,96.0,63.0,226.0,14.0,3.0,10.87962962962963,0.0,24.935064935064936,16.363636363636363,2.1818181818181817,78.0,18.0,24.0,36.0,96.0,0.0566473988439306,0.998843930635838,60.2699847349153,51.94375,,
p05,2019-11-24,24787002615,2019-11-23 23:39:30,2019-11-24 06:56:30,6.45,stages,387,50,0,0,50,47.0,73.0,267.0,25.0,4.0,11.441647597254004,0.0,12.144702842377262,18.863049095607234,3.875968992248062,74.0,18.0,19.0,37.0,46.0,0.0925714285714285,0.988558352402746,59.69526247929026,53.53055555555556,,
p05,2020-01-12,25399907944,2020-01-11 23:49:00,2020-01-12 07:13:00,6.45,stages,387,57,0,0,57,76.0,101.0,210.0,14.0,3.0,12.837837837837839,0.0,19.638242894056848,26.098191214470283,2.1705426356589146,79.0,21.0,23.0,35.0,76.0,0.0935738444193912,0.9211711711711712,51.56048310559313,44.925,,
p05,2019-12-26,25176840830,2019-12-26 02:04:00,2019-12-26 09:16:30,6.466666666666667,stages,388,44,0,0,44,106.0,93.0,189.0,24.0,3.0,10.185185185185185,0.0,27.31958762886598,23.969072164948454,3.711340206185567,81.0,22.0,21.0,38.0,106.0,0.0573099415204678,0.9872832369942196,61.59544584351375,54.0,,
p05,2019-11-27,24802914398,2019-11-26 23:48:30,2019-11-27 07:16:00,6.466666666666667,stages,388,59,0,0,59,74.0,86.0,228.0,28.0,4.0,13.19910514541387,0.0,19.072164948453608,22.164948453608247,4.329896907216495,79.0,20.0,23.0,36.0,74.0,0.0818385650224215,0.9854748603351956,60.41812120230487,51.66666666666666,,
p05,2020-02-19,26001437256,2020-02-18 23:25:00,2020-02-19 06:42:30,6.483333333333333,stages,389,48,0,0,48,91.0,87.0,211.0,18.0,1.0,10.983981693363845,0.0,23.39331619537275,22.36503856041131,2.776349614395887,83.0,21.0,20.0,42.0,91.0,0.0394889663182346,0.9942857142857144,63.23967350019075,55.5,,
p05,2019-12-14,25038452014,2019-12-13 23:43:00,2019-12-14 07:21:30,6.5,stages,390,68,0,0,68,67.0,112.0,211.0,21.0,5.0,14.847161572052402,0.0,17.17948717948718,28.71794871794872,3.230769230769231,76.0,21.0,21.0,34.0,67.0,0.1352235550708833,0.9683751363140676,55.98316400816401,49.36904761904762,,
p05,2020-02-05,25801674017,2020-02-04 23:54:00,2020-02-05 07:12:30,6.55,stages,393,45,0,0,45,80.0,79.0,234.0,24.0,3.0,10.273972602739725,0.0,20.356234096692113,20.10178117048346,3.66412213740458,85.0,20.0,23.0,42.0,80.0,0.0468571428571428,0.998859749144812,59.30934491687916,50.66666666666666,,
p05,2020-03-22,26454450457,2020-03-21 23:14:30,2020-03-22 06:18:00,6.6,stages,396,27,0,0,27,87.0,91.0,218.0,23.0,0.0,6.382978723404255,0.0,21.96969696969697,22.97979797979798,3.484848484848485,89.0,22.0,24.0,43.0,87.0,0.0390995260663507,0.9964580873671782,61.03330503751119,53.33541666666667,,
p05,2020-03-20,26417712765,2020-03-19 23:30:00,2020-03-20 06:48:30,6.616666666666666,stages,397,41,0,0,41,75.0,90.0,232.0,26.0,2.0,9.360730593607306,0.0,18.89168765743073,22.670025188916878,3.9294710327455924,87.0,21.0,24.0,42.0,74.0,0.068649885583524,0.9806157354618016,61.58485343467901,53.815,,
p05,2020-01-03,25256382469,2020-01-02 23:17:00,2020-01-03 07:00:30,6.633333333333334,stages,398,65,0,0,65,75.0,100.0,223.0,20.0,6.0,14.038876889848812,0.0,18.844221105527637,25.12562814070352,3.015075376884422,80.0,21.0,23.0,36.0,75.0,0.0661521499448732,0.9946062567421792,61.97903476976145,56.0,,
p05,2020-01-24,25634666241,2020-01-23 23:15:00,2020-01-24 06:46:30,6.633333333333334,stages,398,53,0,0,53,78.0,80.0,240.0,18.0,2.0,11.751662971175167,0.0,19.597989949748744,20.100502512562816,2.7135678391959797,82.0,20.0,23.0,39.0,78.0,0.0485549132947976,0.992248062015504,57.464098172412896,49.66666666666666,,
p05,2020-01-14,25505101421,2020-01-13 23:14:30,2020-01-14 06:24:00,6.633333333333334,stages,398,31,0,0,31,78.0,88.0,232.0,17.0,2.0,7.226107226107226,0.0,19.597989949748744,22.110552763819097,2.5628140703517586,84.0,21.0,24.0,39.0,78.0,0.0384167636786961,0.9871944121071012,57.394565176699615,50.715,,
p05,2020-02-17,26001437254,2020-02-16 23:10:30,2020-02-17 06:18:30,6.633333333333334,stages,398,30,0,0,30,99.0,124.0,175.0,18.0,1.0,7.009345794392523,0.0,24.87437185929648,31.155778894472363,2.7135678391959797,85.0,22.0,20.0,43.0,99.0,0.0501750291715285,0.9953271028037384,59.96430468331877,53.02272727272727,,
p05,2019-12-06,24915539334,2019-12-05 22:54:00,2019-12-06 06:18:00,6.683333333333334,stages,401,43,0,0,43,61.0,102.0,238.0,23.0,2.0,9.684684684684685,0.0,15.211970074812967,25.43640897755611,3.4413965087281793,77.0,21.0,18.0,38.0,60.0,0.0665163472378805,0.9842342342342344,67.46823844855882,59.2,,
p05,2019-12-30,25212478077,2019-12-29 23:53:00,2019-12-30 07:33:00,6.716666666666667,stages,403,57,0,0,57,74.0,104.0,225.0,19.0,2.0,12.391304347826088,0.0,18.36228287841191,25.806451612903224,2.8287841191067,82.0,21.0,24.0,37.0,73.0,0.0609080841638981,0.9695652173913044,58.907612560583416,51.45833333333333,,
p05,2020-03-17,26362009394,2020-03-16 22:31:00,2020-03-17 05:54:30,6.733333333333333,stages,404,39,0,0,39,71.0,102.0,231.0,22.0,1.0,8.803611738148984,0.0,17.574257425742573,25.247524752475247,3.267326732673267,87.0,21.0,23.0,43.0,70.0,0.0624277456647398,0.9966178128523112,64.43184821714233,57.38125,,
p05,2019-11-30,24915539328,2019-11-30 00:51:00,2019-11-30 08:28:00,6.75,stages,405,52,0,0,52,81.0,86.0,238.0,27.0,2.0,11.37855579868709,0.0,20.0,21.234567901234566,4.0,79.0,20.0,21.0,38.0,81.0,0.0748074807480748,0.9824945295404814,60.9109290486796,53.05714285714286,,
p05,2020-01-02,25241213238,2020-01-01 23:13:00,2020-01-02 06:38:00,6.8,stages,408,37,0,0,37,63.0,145.0,200.0,20.0,1.0,8.314606741573034,0.0,15.441176470588236,35.53921568627451,2.9411764705882355,81.0,19.0,22.0,40.0,63.0,0.0498261877172653,0.9932584269662922,62.59396918441036,54.62708333333333,,
p05,2020-03-23,26454450458,2020-03-22 22:31:00,2020-03-23 06:13:30,6.916666666666667,stages,415,47,0,0,47,94.0,81.0,240.0,24.0,2.0,10.173160173160174,0.0,22.650602409638555,19.518072289156628,3.4698795180722892,86.0,20.0,23.0,43.0,94.0,0.0566666666666666,0.985945945945946,59.72761275031012,53.160714285714285,,
p05,2019-12-16,25038452018,2019-12-15 23:36:30,2019-12-16 07:23:00,6.95,stages,417,49,0,0,49,80.0,94.0,243.0,27.0,1.0,10.515021459227468,0.0,19.18465227817746,22.54196642685851,3.884892086330935,79.0,21.0,19.0,39.0,80.0,0.0857449088960343,0.977491961414791,64.2578615098352,55.364583333333336,,
p05,2019-11-20,24787002611,2019-11-19 22:25:00,2019-11-20 06:27:30,7.0,stages,420,62,0,0,62,78.0,92.0,250.0,18.0,5.0,12.863070539419088,0.0,18.571428571428573,21.904761904761905,2.5714285714285716,81.0,20.0,21.0,40.0,77.0,0.0774869109947644,0.9803108808290156,59.8251704602656,51.11944444444445,,
p05,2020-02-07,25801674019,2020-02-06 23:21:00,2020-02-07 07:00:30,7.0,stages,420,39,0,1,39,55.0,104.0,261.0,17.0,1.0,8.49673202614379,0.0,13.095238095238095,24.761904761904763,2.4285714285714284,91.0,21.0,23.0,47.0,54.0,0.0489432703003337,0.9815016322089228,56.26899274659807,48.701388888888886,,
p05,2019-11-21,24787002612,2019-11-20 22:49:00,2019-11-21 06:41:30,7.0,stages,420,52,0,0,52,82.0,107.0,231.0,18.0,4.0,11.016949152542374,0.0,19.523809523809526,25.476190476190474,2.5714285714285716,85.0,21.0,23.0,41.0,82.0,0.073015873015873,0.9735449735449736,54.70381509191292,47.4875,,
p05,2020-03-10,26288393361,2020-03-09 23:53:00,2020-03-10 07:34:30,7.016666666666667,stages,421,40,0,0,40,53.0,100.0,268.0,26.0,3.0,8.676789587852495,0.0,12.589073634204276,23.752969121140143,3.705463182897862,90.0,21.0,23.0,46.0,53.0,0.0628385698808234,0.9945828819068256,64.26933834139717,57.89888888888889,,
p05,2020-03-27,26491303914,2020-03-26 22:31:00,2020-03-27 06:22:30,7.066666666666666,stages,424,47,0,0,47,88.0,109.0,227.0,20.0,1.0,9.978768577494693,0.0,20.754716981132077,25.70754716981132,2.8301886792452833,91.0,22.0,23.0,46.0,88.0,0.0442286947141316,0.9480381760339344,61.288374557334286,53.83522727272727,,
p05,2019-11-29,24823985722,2019-11-28 22:49:00,2019-11-29 06:40:30,7.1,stages,426,45,0,0,45,80.0,95.0,251.0,21.0,4.0,9.554140127388536,0.0,18.779342723004696,22.300469483568076,2.9577464788732395,83.0,21.0,20.0,42.0,80.0,0.0593849416755037,0.9946977730646872,60.86757846512645,53.0,,
p05,2019-12-28,25176840832,2019-12-28 01:04:30,2019-12-28 09:28:30,7.1,stages,426,78,0,1,78,74.0,110.0,242.0,28.0,4.0,15.476190476190476,0.0,17.370892018779344,25.821596244131456,3.943661971830986,78.0,21.0,18.0,39.0,74.0,0.1446977205153617,0.984126984126984,62.95215221046874,55.66666666666666,,
p05,2020-03-25,26467007799,2020-03-24 23:26:00,2020-03-25 07:16:30,7.216666666666667,stages,433,37,0,0,37,79.0,94.0,260.0,17.0,2.0,7.872340425531915,0.0,18.244803695150114,21.709006928406467,2.355658198614319,89.0,21.0,22.0,46.0,79.0,0.064034151547492,0.9904357066950054,63.049140469687686,56.43253968253968,,
p05,2020-01-16,25505101423,2020-01-15 22:09:00,2020-01-16 06:12:00,7.233333333333333,stages,434,49,0,0,49,52.0,130.0,252.0,20.0,1.0,10.144927536231885,0.0,11.981566820276498,29.953917050691246,2.7649769585253456,88.0,21.0,24.0,43.0,51.0,0.0458015267175572,0.9979296066252588,55.85947508577176,49.66666666666666,,
p05,2019-11-15,24675145118,2019-11-14 22:09:30,2019-11-15 06:37:00,7.25,stages,435,72,0,1,72,52.0,81.0,302.0,22.0,5.0,14.201183431952662,0.0,11.954022988505747,18.620689655172413,3.0344827586206895,76.0,18.0,19.0,39.0,52.0,0.0901883052527254,0.987192118226601,60.76541440927669,53.77777777777778,,
p05,2020-02-02,25801674014,2020-02-01 22:45:30,2020-02-02 06:36:30,7.366666666666666,stages,442,29,0,0,29,115.0,109.0,218.0,19.0,0.0,6.1571125265392785,0.0,26.018099547511312,24.660633484162897,2.579185520361991,92.0,23.0,22.0,47.0,115.0,0.0424178154825026,1.0,57.50162038951848,52.29166666666667,,
p05,2019-11-23,24787002614,2019-11-22 21:55:30,2019-11-23 06:14:00,7.416666666666667,stages,445,53,0,0,53,44.0,99.0,302.0,18.0,3.0,10.642570281124499,0.0,9.887640449438202,22.247191011235955,2.426966292134831,81.0,20.0,20.0,41.0,44.0,0.0723618090452261,0.978936810431294,60.29114025205214,51.519444444444446,,
p05,2019-11-28,24823985721,2019-11-27 22:43:30,2019-11-28 06:54:00,7.416666666666667,stages,445,45,0,0,45,104.0,104.0,237.0,29.0,2.0,9.183673469387756,0.0,23.370786516853933,23.370786516853933,3.9101123595505616,84.0,22.0,19.0,43.0,104.0,0.0752351097178683,0.9296636085626911,61.54336100668337,55.0,,
p05,2019-12-13,25038452012,2019-12-12 22:31:30,2019-12-13 06:48:30,7.55,stages,453,44,0,0,44,94.0,129.0,230.0,25.0,2.0,8.853118712273641,0.0,20.750551876379692,28.47682119205298,3.3112582781456954,84.0,22.0,20.0,42.0,94.0,0.0633165829145728,0.9416498993963782,62.45596371221372,55.625,,
p05,2020-03-09,26288393358,2020-03-08 22:30:30,2020-03-09 06:55:00,7.666666666666667,stages,460,44,0,0,44,89.0,78.0,293.0,37.0,1.0,8.73015873015873,0.0,19.347826086956523,16.956521739130434,4.826086956521739,86.0,18.0,22.0,46.0,89.0,0.0693756194251734,0.9910802775024776,62.05135887445888,52.829166666666666,,
p05,2020-02-04,25801674016,2020-02-03 22:12:00,2020-02-04 06:51:30,7.733333333333333,stages,464,55,0,5,55,85.0,99.0,280.0,23.0,1.0,10.597302504816955,0.0,18.31896551724138,21.336206896551722,2.9741379310344827,91.0,21.0,23.0,47.0,85.0,0.0391173520561685,0.9971126082771896,57.2122948319377,51.39761904761905,,
p05,2020-03-30,26528244004,2020-03-29 21:43:30,2020-03-30 06:29:00,7.933333333333334,stages,476,49,0,0,49,63.0,125.0,288.0,26.0,3.0,9.333333333333334,0.0,13.235294117647058,26.26050420168067,3.277310924369748,88.0,21.0,21.0,46.0,62.0,0.077069457659372,0.9857278782112274,59.6382935115078,50.269318181818186,,
p05,2019-12-25,25176840829,2019-12-24 23:53:00,2019-12-25 09:45:30,8.833333333333334,stages,530,62,0,0,62,99.0,122.0,309.0,30.0,2.0,10.472972972972974,0.0,18.67924528301887,23.0188679245283,3.3962264150943393,87.0,22.0,20.0,45.0,99.0,0.0682011935208866,0.9856540084388186,61.231459099310136,53.015,,
p05,2019-12-09,24941889527,2019-12-08 19:09:00,2019-12-09 06:44:30,10.283333333333331,stages,617,78,0,5,78,105.0,155.0,357.0,29.0,2.0,11.223021582733812,0.0,17.01782820097245,25.12155591572123,2.820097244732577,88.0,22.0,22.0,44.0,105.0,0.0867678958785249,0.94608195542775,59.06108633008329,48.0,,
p05,2019-12-27,25176840831,2019-12-26 21:43:30,2019-12-27 10:01:30,10.466666666666669,stages,628,110,0,0,110,131.0,190.0,307.0,35.0,8.0,14.905149051490515,0.0,20.85987261146497,30.254777070063696,3.343949044585987,85.0,24.0,19.0,42.0,131.0,0.1266079891672308,0.967479674796748,59.65157305346381,51.375,,
p06,2019-11-10,24586868998,2019-11-09 22:18:00,2019-11-10 01:13:30,2.6166666666666667,classic,157,9,0,9,18,,,,,,,,,,,,,,,,,0.9914529914529916,55.253318903318906,47.84880952380952,12.0,6.0
p06,2019-11-23,24752041950,2019-11-23 09:44:00,2019-11-23 12:56:00,2.7666666666666666,stages,166,26,0,0,26,22.0,21.0,123.0,16.0,1.0,13.541666666666666,0.0,13.25301204819277,12.650602409638553,5.783132530120482,66.0,15.0,22.0,29.0,21.0,0.0783783783783783,0.96875,52.21854412015702,42.19642857142857,,
p06,2019-11-26,24783452020,2019-11-25 21:04:00,2019-11-26 00:21:00,2.8,stages,168,29,0,0,29,19.0,20.0,129.0,9.0,0.0,14.720812182741117,0.0,11.30952380952381,11.904761904761905,3.2142857142857144,65.0,15.0,15.0,35.0,19.0,0.0569800569800569,0.9847715736040608,53.63250769848709,47.66428571428571,,
p06,2019-11-29,24817501661,2019-11-29 01:43:30,2019-11-29 06:24:00,3.783333333333333,stages,227,53,0,0,53,37.0,36.0,154.0,8.0,0.0,18.928571428571427,0.0,16.29955947136564,15.859030837004406,2.1145374449339207,71.0,18.0,22.0,31.0,36.0,0.0266940451745379,0.966131907308378,55.06821483149897,44.88194444444444,,
p06,2019-12-15,25013700651,2019-12-15 04:02:00,2019-12-15 08:39:30,4.116666666666666,stages,247,30,0,0,30,51.0,62.0,134.0,10.0,1.0,10.830324909747292,0.0,20.647773279352226,25.101214574898787,2.4291497975708505,65.0,21.0,15.0,29.0,51.0,0.0369685767097966,1.0018018018018018,59.59814499050111,52.85357142857143,,
p06,2019-11-27,24797705507,2019-11-27 02:56:30,2019-11-27 07:48:30,4.266666666666667,stages,256,36,0,0,36,32.0,25.0,199.0,9.0,3.0,12.32876712328767,0.0,12.5,9.765625,2.109375,67.0,15.0,25.0,27.0,31.0,0.0153846153846153,0.9863013698630136,53.31194259058842,46.525,,
p06,2020-03-19,26387490904,2020-03-18 23:43:30,2020-03-19 04:34:00,4.433333333333334,stages,266,24,0,0,24,53.0,64.0,149.0,18.0,0.0,8.275862068965518,0.0,19.924812030075188,24.06015037593985,4.060150375939849,69.0,21.0,14.0,34.0,53.0,0.0551724137931034,0.9879518072289156,54.92154484114416,50.42857142857143,,
p06,2020-03-14,26319261854,2020-03-14 02:25:30,2020-03-14 07:30:00,4.45,stages,267,37,0,7,37,59.0,35.0,173.0,21.0,1.0,12.171052631578947,0.0,22.09737827715356,13.108614232209737,4.719101123595506,64.0,17.0,13.0,34.0,59.0,0.0576271186440678,0.9983579638752051,63.68353186469963,56.80857142857143,,
p06,2020-01-07,25312139850,2020-01-07 00:52:00,2020-01-07 06:24:30,5.016666666666667,stages,301,31,0,0,31,65.0,40.0,196.0,19.0,1.0,9.337349397590362,0.0,21.59468438538206,13.289036544850498,3.787375415282392,75.0,17.0,24.0,34.0,64.0,0.0474006116207951,0.9954887218045112,55.57153396284816,47.4,,
p06,2019-12-31,25214554128,2019-12-31 00:53:30,2019-12-31 06:26:30,5.033333333333333,stages,302,31,0,0,31,81.0,77.0,144.0,9.0,2.0,9.30930930930931,0.0,26.821192052980134,25.496688741721854,1.7880794701986755,78.0,21.0,24.0,33.0,81.0,0.032983508245877,1.0,51.86284412117746,45.15714285714286,,
p06,2020-02-05,25765650855,2020-02-05 00:26:30,2020-02-05 06:14:30,5.066666666666666,stages,304,44,0,0,44,70.0,39.0,195.0,15.0,2.0,12.64367816091954,0.0,23.026315789473685,12.828947368421053,2.960526315789474,71.0,17.0,20.0,34.0,70.0,0.0530846484935437,1.0,55.29721092157804,46.5,,
p06,2020-02-17,25934232287,2020-02-17 00:39:00,2020-02-17 06:18:30,5.083333333333333,stages,305,34,0,0,34,41.0,60.0,204.0,14.0,1.0,10.029498525073747,0.0,13.442622950819672,19.672131147540984,2.7540983606557377,74.0,20.0,18.0,36.0,40.0,0.0427098674521354,1.0014727540500736,60.28837642885639,48.19833333333334,,
p06,2019-11-24,24762453576,2019-11-24 05:38:00,2019-11-24 11:28:00,5.083333333333333,stages,305,45,0,0,45,34.0,46.0,225.0,12.0,0.0,12.857142857142858,0.0,11.147540983606557,15.081967213114755,2.360655737704918,77.0,17.0,21.0,39.0,34.0,0.0429252782193958,0.94,48.43879491835419,44.5,,
p06,2019-12-04,24885254393,2019-12-04 00:12:00,2019-12-04 06:16:30,5.216666666666667,stages,313,51,0,0,51,48.0,48.0,217.0,17.0,2.0,14.010989010989011,0.0,15.335463258785943,15.335463258785943,3.258785942492013,73.0,17.0,23.0,33.0,48.0,0.0587412587412587,0.9931412894375856,49.07208848548628,43.16666666666666,,
p06,2020-02-03,25736859885,2020-02-03 00:17:00,2020-02-03 06:25:30,5.233333333333333,stages,314,54,0,0,54,70.0,51.0,193.0,11.0,2.0,14.673913043478262,0.0,22.29299363057325,16.24203821656051,2.1019108280254777,76.0,18.0,23.0,35.0,70.0,0.0390516039051603,1.0013568521031209,52.33962935588952,45.5,,
p06,2020-01-15,25446013819,2020-01-15 00:34:00,2020-01-15 06:23:00,5.266666666666667,stages,316,33,0,0,33,76.0,77.0,163.0,17.0,2.0,9.455587392550143,0.0,24.050632911392405,24.367088607594937,3.2278481012658227,80.0,21.0,24.0,35.0,76.0,0.0439882697947214,0.994269340974212,51.83032985266415,43.8625,,
p06,2019-12-09,24939969481,2019-12-08 23:40:00,2019-12-09 05:37:30,5.283333333333333,stages,317,40,0,0,40,76.0,31.0,210.0,17.0,0.0,11.204481792717086,0.0,23.974763406940063,9.779179810725552,3.217665615141956,70.0,16.0,20.0,34.0,76.0,0.047008547008547,1.0013986013986014,51.48367393004264,46.0,,
p06,2019-12-11,24966405966,2019-12-10 23:52:30,2019-12-11 05:58:30,5.35,stages,321,45,0,0,45,67.0,42.0,212.0,18.0,1.0,12.295081967213115,0.0,20.87227414330218,13.08411214953271,3.3644859813084116,73.0,17.0,23.0,33.0,67.0,0.0504774897680764,1.0,52.4480327103519,45.83928571428572,,
p06,2020-01-08,25334660981,2020-01-08 00:34:30,2020-01-08 06:33:00,5.366666666666666,stages,322,36,0,0,36,82.0,55.0,185.0,15.0,0.0,10.05586592178771,0.0,25.46583850931677,17.080745341614907,2.7950310559006213,78.0,19.0,24.0,35.0,82.0,0.0514285714285714,0.99581589958159,55.525915012469625,46.614285714285714,,
p06,2019-12-02,24850322623,2019-12-02 00:17:00,2019-12-02 06:18:30,5.383333333333334,stages,323,38,0,0,38,47.0,50.0,226.0,18.0,0.0,10.526315789473685,0.0,14.551083591331269,15.479876160990711,3.3436532507739933,71.0,18.0,18.0,35.0,47.0,0.062586926286509,0.9875518672199172,52.42029266251956,45.1,,
p06,2020-02-28,26104665399,2020-02-27 23:53:00,2020-02-28 05:53:30,5.4,stages,324,36,0,0,36,61.0,74.0,189.0,19.0,1.0,10.0,0.0,18.82716049382716,22.839506172839506,3.518518518518518,81.0,21.0,23.0,37.0,61.0,0.0611961057023643,0.9986130374479888,47.19340718694885,41.59857142857143,,
p06,2019-11-03,24496661273,2019-11-03 01:42:00,2019-11-03 07:45:30,5.416666666666667,stages,325,38,0,0,38,65.0,41.0,219.0,20.0,2.0,10.46831955922865,0.0,20.0,12.615384615384615,3.692307692307692,69.0,17.0,17.0,35.0,65.0,0.0671328671328671,0.968363136176066,50.16402806473829,45.175,,
p06,2020-03-31,26542085533,2020-03-31 00:02:00,2020-03-31 05:58:00,5.416666666666667,stages,325,31,0,0,31,69.0,93.0,163.0,16.0,0.0,8.707865168539326,0.0,21.23076923076923,28.615384615384617,2.9538461538461536,,,,,,,0.9971910112359552,54.26724132674837,45.285714285714285,,
p06,2020-02-10,25838989593,2020-02-10 00:08:00,2020-02-10 06:23:30,5.433333333333334,stages,326,49,0,0,49,54.0,76.0,196.0,17.0,1.0,13.066666666666666,0.0,16.56441717791411,23.312883435582823,3.1288343558282206,76.0,21.0,19.0,36.0,54.0,0.0669344042838018,0.996005326231691,52.36689382364516,45.58444444444444,,
p06,2020-03-23,26440133624,2020-03-22 23:54:00,2020-03-23 05:47:30,5.45,stages,327,26,0,0,26,70.0,58.0,199.0,17.0,1.0,7.36543909348442,0.0,21.406727828746178,17.737003058103976,3.1192660550458715,80.0,20.0,22.0,38.0,70.0,0.0554765291607396,0.9844413012729843,52.816929247317184,46.42857142857143,,
p06,2019-12-19,25067461853,2019-12-18 23:47:00,2019-12-19 06:01:30,5.45,stages,327,47,0,4,47,52.0,69.0,206.0,18.0,2.0,12.566844919786096,0.0,15.902140672782874,21.10091743119266,3.3027522935779814,77.0,21.0,22.0,34.0,52.0,0.0713324360699865,0.9959946595460614,51.80155246451493,46.54285714285714,,
p06,2020-03-21,26416279906,2020-03-21 00:21:30,2020-03-21 06:23:00,5.483333333333333,stages,329,32,0,0,32,66.0,45.0,218.0,14.0,0.0,8.86426592797784,0.0,20.060790273556233,13.677811550151976,2.5531914893617023,77.0,17.0,23.0,37.0,66.0,0.0345781466113416,0.9930843706777316,51.46333379557613,47.49444444444445,,
p06,2019-12-03,24862152273,2019-12-02 23:58:30,2019-12-03 06:11:00,5.483333333333333,stages,329,43,0,0,43,32.0,84.0,213.0,18.0,2.0,11.559139784946236,0.0,9.72644376899696,25.53191489361702,3.282674772036474,78.0,20.0,23.0,35.0,32.0,0.0628415300546448,0.9476510067114094,52.17987615940874,43.4,,
p06,2020-01-10,25373253385,2020-01-10 00:28:30,2020-01-10 06:42:00,5.5,stages,330,43,0,6,43,75.0,65.0,190.0,21.0,1.0,11.528150134048257,0.0,22.727272727272727,19.696969696969695,3.8181818181818183,77.0,21.0,20.0,36.0,75.0,0.0567081604426002,0.9879518072289156,55.682199364922944,46.40681818181818,,
p06,2020-01-29,25653328354,2020-01-29 00:27:00,2020-01-29 06:38:30,5.516666666666667,stages,331,40,0,0,40,47.0,99.0,185.0,9.0,0.0,10.78167115902965,0.0,14.19939577039275,29.909365558912388,1.6314199395770392,79.0,21.0,22.0,36.0,46.0,0.0322128851540616,1.0013458950201883,55.90016835016836,47.55555555555556,,
p06,2019-12-30,25197759552,2019-12-30 00:20:00,2019-12-30 06:34:30,5.533333333333333,stages,332,42,0,4,42,63.0,52.0,217.0,21.0,1.0,11.229946524064172,0.0,18.97590361445783,15.662650602409638,3.7951807228915664,74.0,18.0,20.0,36.0,63.0,0.0554016620498614,0.9986648865153538,55.90975810434366,46.59,,
p06,2019-12-27,25161716370,2019-12-27 00:31:00,2019-12-27 06:40:00,5.6,stages,336,33,0,0,33,74.0,53.0,209.0,24.0,1.0,8.94308943089431,0.0,22.023809523809526,15.773809523809524,4.285714285714286,73.0,18.0,19.0,36.0,73.0,0.0477489768076398,0.997289972899729,54.5553134214819,46.7675,,
p06,2019-12-20,25082636142,2019-12-19 23:49:30,2019-12-20 06:13:00,5.6,stages,336,47,0,1,47,84.0,64.0,188.0,16.0,3.0,12.27154046997389,0.0,25.0,19.047619047619047,2.857142857142857,74.0,20.0,19.0,35.0,84.0,0.0529100529100529,0.9934810951760104,53.872240875193626,48.142857142857146,,
p06,2020-03-25,26467721578,2020-03-24 23:05:30,2020-03-25 05:30:30,5.616666666666666,stages,337,48,0,1,48,79.0,88.0,170.0,15.0,1.0,12.467532467532468,0.0,23.44213649851632,26.112759643916913,2.6706231454005938,79.0,21.0,22.0,36.0,79.0,0.0661478599221789,0.9974025974025974,51.56085792824074,44.25,,
p06,2020-03-11,26275655344,2020-03-10 23:55:00,2020-03-11 06:02:00,5.616666666666666,stages,337,30,0,0,30,74.0,72.0,191.0,24.0,1.0,8.174386920980927,0.0,21.958456973293767,21.364985163204746,4.27299703264095,83.0,21.0,24.0,38.0,73.0,0.0441379310344827,1.0,55.42134963885645,48.230555555555554,,
p06,2019-11-09,24568212410,2019-11-08 23:28:30,2019-11-09 05:37:30,5.616666666666666,stages,337,32,0,0,32,94.0,59.0,184.0,19.0,1.0,8.672086720867208,0.0,27.893175074183976,17.50741839762611,3.382789317507419,79.0,20.0,23.0,36.0,94.0,0.0554803788903924,0.948509485094851,49.13916738816739,43.88125,,
p06,2020-01-02,25239283106,2020-01-02 00:07:00,2020-01-02 06:13:30,5.633333333333334,stages,338,28,0,0,28,68.0,53.0,217.0,13.0,1.0,7.6502732240437155,0.0,20.118343195266274,15.680473372781066,2.3076923076923075,75.0,18.0,21.0,36.0,68.0,0.0559345156889495,1.0013642564802183,55.46502825058683,48.0,,
p06,2020-01-04,25271359837,2020-01-04 02:02:00,2020-01-04 08:13:30,5.65,stages,339,32,0,1,32,74.0,55.0,210.0,24.0,0.0,8.625336927223719,0.0,21.828908554572273,16.224188790560472,4.2477876106194685,78.0,19.0,22.0,37.0,74.0,0.0544217687074829,0.9959623149394348,53.44808646308646,48.2875,,
p06,2019-11-14,24631465096,2019-11-13 21:46:00,2019-11-14 03:53:30,5.65,stages,339,28,0,0,28,68.0,75.0,196.0,22.0,0.0,7.629427792915531,0.0,20.058997050147493,22.123893805309734,3.893805309734513,74.0,21.0,17.0,36.0,68.0,0.0530612244897959,0.982312925170068,57.61595845674794,46.42857142857143,,
p06,2020-02-13,25877131377,2020-02-12 23:28:00,2020-02-13 05:40:00,5.666666666666667,stages,340,32,0,0,32,65.0,91.0,184.0,16.0,1.0,8.602150537634408,0.0,19.11764705882353,26.764705882352942,2.8235294117647056,81.0,21.0,22.0,38.0,64.0,0.040983606557377,1.0,48.97478626510885,44.555,,
p06,2020-02-11,25850779123,2020-02-10 23:57:30,2020-02-11 06:04:30,5.666666666666667,stages,340,27,0,0,27,62.0,66.0,212.0,16.0,1.0,7.356948228882834,0.0,18.235294117647058,19.41176470588235,2.8235294117647056,78.0,20.0,20.0,38.0,62.0,0.0394557823129251,0.997275204359673,51.605010191690525,47.625,,
p06,2020-02-20,25980532848,2020-02-20 00:16:00,2020-02-20 06:31:30,5.666666666666667,stages,340,35,0,0,35,82.0,57.0,201.0,19.0,1.0,9.333333333333334,0.0,24.11764705882353,16.764705882352942,3.352941176470588,78.0,19.0,21.0,38.0,82.0,0.03485254691689,0.996005326231691,53.987642660369936,46.0,,
p06,2019-12-17,25037255114,2019-12-16 23:24:00,2019-12-17 06:00:30,5.683333333333334,stages,341,55,0,0,55,105.0,84.0,152.0,20.0,3.0,13.88888888888889,0.0,30.791788856304986,24.633431085043988,3.5190615835777126,80.0,22.0,24.0,34.0,105.0,0.0602564102564102,0.996216897856242,52.224813323104456,45.5,,
p06,2019-12-18,25052435147,2019-12-17 23:42:00,2019-12-18 06:19:30,5.683333333333334,stages,341,56,0,0,56,44.0,69.0,228.0,14.0,3.0,14.105793450881611,0.0,12.903225806451612,20.234604105571847,2.463343108504399,79.0,20.0,24.0,35.0,43.0,0.0421052631578947,1.00125786163522,50.27768287686629,43.707142857142856,,
p06,2020-03-05,26189121783,2020-03-05 00:10:30,2020-03-05 06:24:30,5.766666666666667,stages,346,28,0,0,28,100.0,80.0,166.0,17.0,1.0,7.4866310160427805,0.0,28.90173410404624,23.121387283236995,2.947976878612717,82.0,22.0,22.0,38.0,99.0,0.0387182910547396,1.0,54.84849208278353,48.09285714285714,,
p06,2020-03-12,26288295819,2020-03-11 23:51:00,2020-03-12 06:24:00,5.8,stages,348,45,0,0,45,65.0,79.0,204.0,18.0,1.0,11.450381679389313,0.0,18.67816091954023,22.701149425287355,3.103448275862069,83.0,21.0,24.0,38.0,65.0,0.0314547837483617,0.9872773536895676,54.26641618690587,48.45357142857143,,
p06,2020-01-28,25637478318,2020-01-28 00:18:00,2020-01-28 06:39:00,5.8,stages,348,33,0,1,33,67.0,94.0,187.0,17.0,1.0,8.661417322834646,0.0,19.25287356321839,27.011494252873565,2.931034482758621,79.0,21.0,21.0,37.0,66.0,0.031081081081081,0.994750656167979,53.97429353847559,48.10909090909091,,
p06,2020-02-07,25798353049,2020-02-07 00:03:00,2020-02-07 06:37:00,5.8,stages,348,46,0,0,46,89.0,71.0,188.0,19.0,2.0,11.6751269035533,0.0,25.57471264367816,20.402298850574713,3.2758620689655173,79.0,21.0,20.0,38.0,88.0,0.0498034076015727,1.0,53.470331029658446,45.142857142857146,,
p06,2020-01-14,25429485307,2020-01-14 00:05:00,2020-01-14 06:24:00,5.816666666666666,stages,349,30,0,1,30,36.0,61.0,252.0,25.0,0.0,7.915567282321899,0.0,10.315186246418339,17.478510028653297,4.2979942693409745,77.0,18.0,20.0,39.0,36.0,0.0365853658536585,0.9947229551451188,54.57731837128389,47.88253968253968,,
p06,2020-01-16,25461465565,2020-01-16 00:01:30,2020-01-16 06:29:00,5.833333333333333,stages,350,37,0,0,37,73.0,51.0,226.0,20.0,0.0,9.560723514211887,0.0,20.857142857142858,14.571428571428571,3.428571428571429,73.0,18.0,18.0,37.0,73.0,0.0517241379310344,0.9961290322580644,54.33884085114655,46.40714285714286,,
p06,2020-03-27,26490737722,2020-03-26 23:27:30,2020-03-27 05:59:30,5.833333333333333,stages,350,42,0,0,42,72.0,93.0,185.0,16.0,1.0,10.714285714285714,0.0,20.571428571428573,26.571428571428573,2.742857142857143,79.0,21.0,21.0,37.0,72.0,0.0445859872611464,1.0,49.403881471419744,43.8,,
p06,2019-12-13,24991429232,2019-12-12 23:41:30,2019-12-13 06:07:30,5.866666666666666,stages,352,34,0,5,34,96.0,46.0,210.0,17.0,0.0,8.808290155440414,0.0,27.272727272727273,13.068181818181818,2.897727272727273,77.0,18.0,22.0,37.0,96.0,0.0491591203104786,0.9870466321243524,50.32354052334368,42.77777777777778,,
p06,2020-01-13,25413802187,2020-01-12 23:54:00,2020-01-13 06:34:30,5.883333333333334,stages,353,47,0,0,47,74.0,48.0,231.0,18.0,3.0,11.75,0.0,20.96317280453258,13.597733711048159,3.0594900849858355,70.0,17.0,17.0,36.0,74.0,0.0455696202531645,0.9912609238451936,55.085413599834254,45.4,,
p06,2020-01-22,25548040573,2020-01-22 00:19:30,2020-01-22 06:42:00,5.9,stages,354,28,0,0,28,72.0,50.0,232.0,16.0,1.0,7.329842931937173,0.0,20.338983050847457,14.124293785310735,2.711864406779661,78.0,18.0,23.0,37.0,71.0,0.0287581699346405,0.9986928104575163,53.74430080536102,45.87569444444444,,
p06,2020-03-24,26453968121,2020-03-23 23:03:30,2020-03-24 05:48:00,5.933333333333334,stages,356,48,0,0,48,98.0,73.0,185.0,16.0,2.0,11.881188118811881,0.0,27.528089887640448,20.50561797752809,2.696629213483146,77.0,22.0,17.0,38.0,98.0,0.0331210191082802,0.9987639060568604,53.397069796265335,48.127678571428575,,
p06,2020-02-27,26089811250,2020-02-26 23:35:00,2020-02-27 06:14:30,5.966666666666667,stages,358,41,0,6,41,99.0,53.0,206.0,18.0,1.0,10.275689223057643,0.0,27.6536312849162,14.804469273743017,3.016759776536313,79.0,18.0,23.0,38.0,99.0,0.0670037926675094,0.9962453066332916,56.68761952710268,45.2425,,
p06,2019-12-10,24953593889,2019-12-09 23:33:00,2019-12-10 06:02:00,5.966666666666667,stages,358,31,0,0,31,96.0,90.0,172.0,17.0,2.0,7.969151670951157,0.0,26.81564245810056,25.139664804469273,2.8491620111731844,83.0,22.0,23.0,38.0,96.0,0.0328515111695138,0.9794344473007712,50.6586944950219,45.0,,
p06,2020-01-27,25617452062,2020-01-26 23:42:00,2020-01-27 06:29:30,5.966666666666667,stages,358,49,0,0,49,78.0,80.0,200.0,21.0,3.0,12.039312039312039,0.0,21.787709497206706,22.3463687150838,3.519553072625698,81.0,21.0,23.0,37.0,78.0,0.0641509433962264,0.996319018404908,52.79833370652335,46.67857142857143,,
p06,2020-02-04,25750584254,2020-02-04 00:01:00,2020-02-04 06:33:30,6.0,stages,360,32,0,0,32,89.0,64.0,207.0,26.0,0.0,8.16326530612245,0.0,24.72222222222222,17.77777777777778,4.333333333333333,84.0,20.0,24.0,40.0,88.0,0.0416124837451235,1.0012738853503185,53.7106928977158,44.39047619047619,,
p06,2020-01-06,25297391731,2020-01-06 00:16:00,2020-01-06 06:49:30,6.0,stages,360,33,0,0,33,82.0,76.0,202.0,19.0,1.0,8.396946564885496,0.0,22.77777777777778,21.11111111111111,3.1666666666666665,84.0,21.0,24.0,39.0,82.0,0.0288335517693315,1.0012706480304956,60.97083613686916,46.376666666666665,,
p06,2019-12-12,24977749065,2019-12-11 23:31:00,2019-12-12 06:17:30,6.033333333333333,stages,362,44,0,0,44,64.0,54.0,244.0,24.0,1.0,10.83743842364532,0.0,17.679558011049725,14.917127071823204,3.977900552486188,78.0,18.0,23.0,37.0,64.0,0.0547945205479452,0.998769987699877,51.1521316259001,45.333333333333336,,
p06,2020-03-29,26515610388,2020-03-28 23:06:00,2020-03-29 06:48:30,6.05,stages,363,39,0,1,99,91.0,114.0,158.0,19.0,0.0,8.441558441558442,0.0,25.068870523415978,31.40495867768595,3.1404958677685952,80.0,22.0,17.0,41.0,91.0,0.0383747178329571,0.9945945945945946,48.575597355543,43.71428571428572,,
p06,2020-01-17,25476917193,2020-01-16 23:49:30,2020-01-17 06:27:30,6.05,stages,363,35,0,0,35,27.0,118.0,218.0,20.0,1.0,8.793969849246231,0.0,7.43801652892562,32.5068870523416,3.3057851239669422,80.0,19.0,24.0,37.0,27.0,0.055207026348808,0.9949748743718592,52.367102117859694,45.72916666666666,,
p06,2020-01-20,25517888831,2020-01-19 23:58:00,2020-01-20 06:36:30,6.05,stages,363,35,0,2,35,47.0,79.0,237.0,12.0,0.0,8.793969849246231,0.0,12.947658402203857,21.763085399449036,1.9834710743801653,82.0,21.0,23.0,38.0,46.0,0.0292993630573248,1.001254705144291,54.5942787162712,47.1125,,
p06,2020-01-03,25256118203,2020-01-02 23:12:00,2020-01-03 06:02:30,6.066666666666666,stages,364,46,0,0,46,69.0,92.0,203.0,22.0,1.0,11.21951219512195,0.0,18.956043956043956,25.274725274725274,3.6263736263736264,75.0,21.0,17.0,37.0,68.0,0.0461346633416458,1.0012180267965896,55.81288949628366,49.225,,
p06,2020-02-23,26027975964,2020-02-23 00:48:00,2020-02-23 07:29:00,6.066666666666666,stages,364,37,0,0,37,71.0,58.0,235.0,31.0,1.0,9.226932668329177,0.0,19.505494505494507,15.934065934065934,5.10989010989011,76.0,19.0,18.0,39.0,70.0,0.0518331226295828,0.9950124688279302,51.15895040631882,46.87321428571428,,
p06,2020-02-29,26118756478,2020-02-29 00:56:30,2020-02-29 07:50:30,6.066666666666666,stages,364,50,0,0,50,94.0,60.0,210.0,22.0,2.0,12.077294685990339,0.0,25.824175824175825,16.483516483516482,3.6263736263736264,75.0,19.0,18.0,38.0,94.0,0.060313630880579,0.997584541062802,50.01622782651838,44.66666666666666,,
p06,2019-11-20,24707432044,2019-11-20 00:59:30,2019-11-20 07:57:30,6.066666666666666,stages,364,54,0,1,54,71.0,51.0,242.0,27.0,4.0,12.91866028708134,0.0,19.505494505494507,14.010989010989011,4.450549450549451,67.0,17.0,14.0,36.0,71.0,0.056152927120669,0.9760765550239234,56.47732445250828,48.19583333333333,,
p06,2019-12-14,25002803912,2019-12-14 00:13:00,2019-12-14 06:54:00,6.083333333333333,stages,365,36,0,0,36,76.0,70.0,219.0,19.0,0.0,8.977556109725686,0.0,20.82191780821918,19.17808219178082,3.1232876712328768,76.0,21.0,14.0,41.0,76.0,0.0433070866141732,1.0,53.79738604426883,49.5,,
p06,2020-03-17,26358832290,2020-03-16 23:11:30,2020-03-17 05:53:30,6.083333333333333,stages,365,37,0,0,37,56.0,93.0,216.0,16.0,1.0,9.203980099502488,0.0,15.342465753424657,25.47945205479452,2.63013698630137,84.0,21.0,24.0,39.0,56.0,0.0447204968944099,1.0,52.32843341014982,45.88125,,
p06,2020-03-13,26305611070,2020-03-12 23:26:00,2020-03-13 06:08:30,6.1,stages,366,36,0,0,36,97.0,97.0,172.0,16.0,1.0,8.955223880597014,0.0,26.502732240437158,26.502732240437158,2.6229508196721314,84.0,22.0,23.0,39.0,97.0,0.0436953807740324,0.9987577639751553,53.54558251311983,48.42936507936509,,
p06,2020-01-09,25356148165,2020-01-08 23:32:00,2020-01-09 06:15:30,6.133333333333334,stages,368,35,0,0,35,81.0,61.0,226.0,17.0,1.0,8.6848635235732,0.0,22.01086956521739,16.57608695652174,2.7717391304347823,81.0,19.0,24.0,38.0,81.0,0.0420918367346938,1.0012391573729864,49.982294122269366,45.285714285714285,,
p06,2020-02-12,25866071929,2020-02-11 23:57:00,2020-02-12 06:34:00,6.133333333333334,stages,368,29,0,0,29,54.0,62.0,252.0,28.0,1.0,7.30478589420655,0.0,14.673913043478262,16.847826086956523,4.565217391304348,81.0,19.0,22.0,40.0,54.0,0.0520304568527918,0.9974811083123426,51.40452222440858,46.42142857142857,,
p06,2019-12-08,24928573960,2019-12-08 00:29:00,2019-12-08 07:22:30,6.15,stages,369,44,0,0,44,67.0,47.0,255.0,20.0,1.0,10.653753026634382,0.0,18.15718157181572,12.737127371273713,3.252032520325203,75.0,17.0,21.0,37.0,67.0,0.0415647921760391,0.996372430471584,49.96919191919192,45.0,,
p06,2020-01-31,25696521519,2020-01-30 23:40:00,2020-01-31 06:28:30,6.15,stages,369,39,0,0,39,76.0,71.0,222.0,24.0,1.0,9.558823529411764,0.0,20.59620596205962,19.241192411924118,3.902439024390244,84.0,20.0,24.0,40.0,75.0,0.0531520395550061,0.996328029375765,52.12024093160458,44.71428571428572,,
p06,2020-03-30,26530022073,2020-03-29 22:30:30,2020-03-30 05:39:30,6.166666666666667,stages,370,59,0,0,59,93.0,52.0,225.0,14.0,1.0,13.752913752913752,0.0,25.135135135135137,14.054054054054054,2.27027027027027,74.0,18.0,20.0,36.0,93.0,0.0500582072176949,0.9976689976689976,54.72261297892139,44.20777777777778,,
p06,2020-03-20,26403243142,2020-03-19 22:41:00,2020-03-20 05:18:30,6.183333333333334,stages,371,26,0,0,26,80.0,120.0,171.0,16.0,0.0,6.54911838790932,0.0,21.5633423180593,32.34501347708895,2.5876010781671157,82.0,20.0,22.0,40.0,80.0,0.0229885057471264,0.9962264150943396,51.72535501115046,47.48863636363636,,
p06,2019-11-16,24656738399,2019-11-15 23:50:30,2019-11-16 07:02:00,6.183333333333334,stages,371,60,0,0,60,74.0,77.0,220.0,20.0,4.0,13.921113689095128,0.0,19.946091644204852,20.754716981132077,3.234501347708895,77.0,21.0,19.0,37.0,73.0,0.067065868263473,0.9710312862108922,55.80646845199351,46.825,,
p06,2019-11-08,24557853408,2019-11-07 23:27:00,2019-11-08 06:15:00,6.2,stages,372,36,0,1,36,70.0,70.0,232.0,28.0,2.0,8.823529411764707,0.0,18.817204301075268,18.817204301075268,4.516129032258064,75.0,20.0,17.0,38.0,70.0,0.0585305105853051,0.982843137254902,54.45844191829229,45.142857142857146,,
p06,2020-02-21,26002337682,2020-02-20 23:36:30,2020-02-21 06:24:00,6.216666666666667,stages,373,34,0,0,34,98.0,47.0,228.0,20.0,1.0,8.353808353808354,0.0,26.273458445040216,12.600536193029491,3.2171581769436997,77.0,18.0,19.0,40.0,98.0,0.0380368098159509,0.9987730061349692,53.43953176907723,46.0,,
p06,2020-01-01,25227582714,2020-01-01 01:24:00,2020-01-01 08:08:00,6.216666666666667,stages,373,31,0,1,31,65.0,52.0,256.0,27.0,1.0,7.673267326732673,0.0,17.42627345844504,13.941018766756033,4.343163538873995,75.0,17.0,20.0,38.0,64.0,0.05125,0.8935643564356436,52.24614906484713,47.2,,
p06,2020-01-26,25605264731,2020-01-26 00:49:30,2020-01-26 07:44:00,6.25,stages,375,39,0,0,39,83.0,88.0,204.0,22.0,1.0,9.420289855072463,0.0,22.133333333333333,23.466666666666665,3.52,75.0,21.0,16.0,38.0,82.0,0.0475609756097561,0.9963811821471652,54.90583245111091,49.40714285714286,,
p06,2020-03-03,26161004333,2020-03-02 23:19:30,2020-03-03 06:15:00,6.266666666666667,stages,376,39,0,0,39,71.0,63.0,242.0,20.0,1.0,9.397590361445783,0.0,18.882978723404257,16.75531914893617,3.1914893617021276,81.0,19.0,23.0,39.0,71.0,0.0481347773766546,0.9987966305655837,51.21422721187781,46.333333333333336,,
p06,2019-12-05,24895268147,2019-12-04 23:28:00,2019-12-05 06:27:30,6.266666666666667,stages,376,43,0,0,43,73.0,45.0,258.0,22.0,1.0,10.262529832935561,0.0,19.414893617021278,11.96808510638298,3.5106382978723403,72.0,17.0,17.0,38.0,72.0,0.0689238210399032,0.99880810488677,52.428455282452894,46.5,,
p06,2020-03-16,26343602207,2020-03-15 23:15:30,2020-03-16 06:02:00,6.3,stages,378,28,0,5,28,70.0,90.0,218.0,17.0,1.0,6.896551724137931,0.0,18.51851851851852,23.80952380952381,2.6984126984126986,87.0,21.0,24.0,42.0,70.0,0.0290037831021437,0.996309963099631,52.22828986514171,46.5,,
p06,2019-11-07,24545763802,2019-11-06 23:14:00,2019-11-07 06:11:00,6.316666666666666,stages,379,38,0,3,38,113.0,63.0,203.0,25.0,1.0,9.112709832134293,0.0,29.815303430079155,16.622691292875988,3.95778364116095,83.0,21.0,23.0,39.0,113.0,0.042997542997543,0.9808153477218226,47.26565488979914,42.0,,
p06,2019-12-25,25138404147,2019-12-25 00:52:00,2019-12-25 07:50:30,6.316666666666666,stages,379,39,0,0,39,65.0,95.0,219.0,21.0,3.0,9.330143540669857,0.0,17.150395778364118,25.065963060686016,3.324538258575198,77.0,21.0,18.0,38.0,65.0,0.0538922155688622,0.994026284348865,51.600567921661664,45.29642857142857,,
p06,2020-03-10,26259993350,2020-03-09 23:30:30,2020-03-10 06:21:00,6.383333333333334,stages,383,27,0,5,27,85.0,92.0,206.0,20.0,0.0,6.585365853658536,0.0,22.193211488250654,24.02088772845953,3.1331592689295036,87.0,21.0,24.0,42.0,85.0,0.0460772104607721,0.9305724725943972,54.10443874043351,48.5,,
p06,2020-01-21,25531174764,2020-01-20 23:21:30,2020-01-21 06:39:00,6.4,stages,384,53,0,0,53,79.0,90.0,215.0,18.0,3.0,12.128146453089245,0.0,20.572916666666668,23.4375,2.8125,81.0,21.0,22.0,38.0,79.0,0.0338785046728971,0.9965714285714286,54.39299093490607,45.64285714285714,,
p06,2020-03-26,26480033361,2020-03-25 22:52:00,2020-03-26 05:50:00,6.4,stages,384,34,0,0,34,52.0,79.0,253.0,16.0,1.0,8.133971291866029,0.0,13.541666666666666,20.572916666666668,2.5,81.0,21.0,20.0,40.0,52.0,0.0438489646772229,1.0,52.06791945428309,45.85357142857143,,
p06,2020-02-24,26041229849,2020-02-23 23:25:00,2020-02-24 06:20:30,6.416666666666667,stages,385,30,0,0,30,80.0,63.0,242.0,21.0,1.0,7.228915662650603,0.0,20.77922077922078,16.363636363636363,3.2727272727272725,83.0,19.0,23.0,41.0,79.0,0.0267965895249695,1.0012033694344165,51.62570337271424,45.333333333333336,,
p06,2020-01-23,25562547490,2020-01-22 22:58:00,2020-01-23 06:05:30,6.45,stages,387,40,0,0,40,69.0,30.0,288.0,21.0,0.0,9.36768149882904,0.0,17.829457364341085,7.751937984496124,3.255813953488372,79.0,16.0,24.0,39.0,69.0,0.0309892729439809,1.001169590643275,49.44004008711952,46.0,,
p06,2020-03-07,26217116872,2020-03-06 23:31:00,2020-03-07 06:40:30,6.466666666666667,stages,388,41,0,0,41,79.0,143.0,166.0,23.0,1.0,9.557109557109557,0.0,20.36082474226804,36.855670103092784,3.556701030927835,76.0,19.0,17.0,40.0,79.0,0.0477855477855477,0.9965075669383004,54.18994846664239,49.525,,
p06,2020-01-19,25504567259,2020-01-19 00:39:30,2020-01-19 07:59:30,6.5,stages,390,50,0,0,50,85.0,82.0,223.0,27.0,1.0,11.363636363636363,0.0,21.794871794871796,21.025641025641026,4.153846153846154,74.0,21.0,15.0,38.0,84.0,0.061293984108967,0.9977272727272728,55.78129776449822,49.42857142857143,,
p06,2019-11-04,24507282488,2019-11-03 23:10:00,2019-11-04 06:19:30,6.516666666666667,stages,391,38,0,6,38,76.0,52.0,263.0,17.0,1.0,8.857808857808857,0.0,19.437340153452684,13.29923273657289,2.608695652173913,74.0,17.0,18.0,39.0,76.0,0.0571761960326721,0.9941792782305006,55.2658423478681,47.0,,
p06,2020-02-15,25908407009,2020-02-15 01:04:30,2020-02-15 08:11:30,6.533333333333333,stages,392,35,0,5,35,51.0,100.0,241.0,26.0,0.0,8.19672131147541,0.0,13.010204081632653,25.510204081632654,3.979591836734694,77.0,21.0,13.0,43.0,50.0,0.0619883040935672,1.0,57.76904440862286,50.25,,
p06,2019-12-06,24906930424,2019-12-05 23:04:30,2019-12-06 06:04:00,6.533333333333333,stages,392,27,0,0,27,86.0,71.0,235.0,18.0,1.0,6.443914081145585,0.0,21.93877551020408,18.112244897959183,2.7551020408163267,84.0,20.0,24.0,40.0,85.0,0.0312876052948255,0.9678188319427892,49.62065997767968,43.57142857142857,,
p06,2019-11-05,24521264019,2019-11-04 22:57:00,2019-11-05 06:00:00,6.566666666666666,stages,394,29,0,0,29,48.0,79.0,267.0,26.0,0.0,6.855791962174941,0.0,12.182741116751268,20.050761421319798,3.9593908629441628,80.0,21.0,19.0,40.0,48.0,0.0417661097852028,0.9456264775413712,55.259187793969325,45.0,,
p06,2019-12-24,25126883184,2019-12-23 23:50:30,2019-12-24 07:15:00,6.616666666666666,stages,397,47,0,0,47,74.0,59.0,264.0,29.0,0.0,10.585585585585585,0.0,18.639798488664987,14.861460957178842,4.38287153652393,78.0,18.0,20.0,40.0,74.0,0.0455607476635514,0.9921259842519684,49.68642228897331,46.42857142857143,,
p06,2020-01-05,25282098546,2020-01-05 00:39:00,2020-01-05 07:43:30,6.633333333333334,stages,398,26,0,0,26,98.0,67.0,233.0,24.0,0.0,6.132075471698113,0.0,24.623115577889447,16.834170854271356,3.618090452261306,80.0,20.0,20.0,40.0,97.0,0.0437869822485207,1.0011778563015312,54.33578117307529,48.02,,
p06,2019-12-23,25117004319,2019-12-22 23:57:30,2019-12-23 07:50:30,6.633333333333334,stages,398,75,0,0,75,102.0,64.0,232.0,22.0,4.0,15.856236786469344,0.0,25.628140703517587,16.08040201005025,3.316582914572864,71.0,19.0,18.0,34.0,102.0,0.1087645195353748,0.9936575052854124,50.45636762764422,44.71428571428572,,
p06,2019-11-15,24646187589,2019-11-14 22:33:00,2019-11-15 05:52:00,6.633333333333334,stages,398,41,0,0,41,88.0,113.0,197.0,27.0,1.0,9.339407744874716,0.0,22.110552763819097,28.391959798994975,4.0703517587939695,82.0,22.0,20.0,40.0,88.0,0.0457209847596717,0.9886104783599088,58.343288879579205,48.31666666666667,,
p06,2020-02-26,26073888409,2020-02-25 22:53:00,2020-02-26 06:42:00,6.633333333333334,stages,398,71,0,0,71,86.0,74.0,238.0,19.0,2.0,15.138592750533048,0.0,21.608040201005025,18.592964824120603,2.8643216080402008,85.0,20.0,23.0,42.0,86.0,0.0338600451467268,1.0,54.471018208278345,45.33142857142857,,
p06,2020-03-18,26374126410,2020-03-17 23:35:00,2020-03-18 07:01:30,6.666666666666667,stages,400,46,0,0,46,61.0,127.0,212.0,24.0,2.0,10.31390134529148,0.0,15.25,31.75,3.5999999999999996,87.0,21.0,23.0,43.0,61.0,0.0420932878270762,0.9966405375139976,50.88828185547287,46.6,,
p06,2020-01-30,25674502121,2020-01-29 23:21:30,2020-01-30 06:38:30,6.7,stages,402,35,0,0,35,83.0,86.0,233.0,22.0,0.0,8.009153318077804,0.0,20.64676616915423,21.393034825870647,3.2835820895522385,85.0,21.0,24.0,40.0,83.0,0.0342857142857142,0.9977116704805492,53.4827853402968,45.0,,
p06,2020-02-18,25948396113,2020-02-17 23:11:30,2020-02-18 06:33:30,6.716666666666667,stages,403,39,0,0,39,84.0,97.0,222.0,17.0,0.0,8.823529411764707,0.0,20.843672456575682,24.069478908188586,2.531017369727047,83.0,21.0,20.0,42.0,84.0,0.047457627118644,0.995475113122172,55.15676898858717,46.0,,
p06,2020-02-06,25781693555,2020-02-05 22:31:00,2020-02-06 06:09:30,6.733333333333333,stages,404,54,0,0,54,88.0,50.0,266.0,24.0,0.0,11.790393013100436,0.0,21.782178217821784,12.376237623762377,3.5643564356435644,79.0,17.0,20.0,42.0,88.0,0.0559210526315789,1.0010905125408942,51.15553944361134,45.25,,
p06,2020-02-19,25963905307,2020-02-18 23:11:00,2020-02-19 06:28:00,6.733333333333333,stages,404,33,0,0,33,88.0,56.0,260.0,21.0,2.0,7.551487414187643,0.0,21.782178217821784,13.861386138613861,3.118811881188119,83.0,18.0,22.0,43.0,87.0,0.04959630911188,1.0,51.3729849987287,44.0,,
p06,2020-03-09,26244084601,2020-03-08 22:41:30,2020-03-09 06:19:30,6.75,stages,405,53,0,0,53,65.0,95.0,245.0,20.0,1.0,11.572052401746724,0.0,16.049382716049383,23.45679012345679,2.962962962962963,82.0,21.0,20.0,41.0,65.0,0.0752453653217012,0.9956331877729258,57.58305160143314,51.13839285714286,,
p06,2019-11-12,24607479239,2019-11-11 21:23:00,2019-11-12 04:55:30,6.783333333333333,stages,407,45,0,0,45,95.0,104.0,208.0,24.0,2.0,9.955752212389381,0.0,23.34152334152334,25.552825552825553,3.538083538083538,79.0,22.0,18.0,39.0,95.0,0.0625698324022346,0.9966850828729282,58.2828712369178,47.0,,
p06,2020-03-02,26144614961,2020-03-01 22:36:00,2020-03-02 06:25:00,6.816666666666666,stages,409,60,0,0,60,94.0,65.0,250.0,16.0,2.0,12.793176972281449,0.0,22.982885085574573,15.89242053789731,2.34718826405868,81.0,19.0,20.0,42.0,94.0,0.0573318632855567,0.9957356076759062,52.89817114244309,45.66666666666666,,
p06,2020-02-01,25711766631,2020-02-01 00:12:00,2020-02-01 07:47:00,6.866666666666666,stages,412,43,0,0,43,87.0,65.0,260.0,17.0,1.0,9.45054945054945,0.0,21.116504854368934,15.776699029126213,2.475728155339806,77.0,19.0,15.0,43.0,87.0,0.0323299888517279,1.0,52.90377860235004,47.7,,
p06,2020-01-12,25399136780,2020-01-11 23:49:00,2020-01-12 07:40:00,6.933333333333334,stages,416,55,0,0,55,85.0,55.0,276.0,27.0,1.0,11.67728237791932,0.0,20.432692307692307,13.221153846153847,3.894230769230769,76.0,17.0,20.0,39.0,84.0,0.0595111583421891,0.9957537154989384,48.24051541919346,44.75,,
p06,2019-12-22,25105870834,2019-12-21 23:23:30,2019-12-22 07:21:30,6.966666666666667,stages,418,60,0,0,60,107.0,57.0,254.0,21.0,1.0,12.552301255230125,0.0,25.598086124401913,13.636363636363637,3.014354066985646,76.0,18.0,20.0,38.0,107.0,0.0595611285266457,0.99581589958159,50.04585516024592,44.833333333333336,,
p06,2020-01-24,25578275833,2020-01-23 23:26:00,2020-01-24 07:10:30,6.983333333333333,stages,419,45,0,0,45,52.0,102.0,265.0,27.0,1.0,9.698275862068966,0.0,12.410501193317423,24.343675417661096,3.8663484486873507,84.0,21.0,23.0,40.0,52.0,0.04004329004329,1.0010764262648009,50.55296831603283,45.2952380952381,,
p06,2020-02-14,25894169430,2020-02-13 22:35:30,2020-02-14 06:13:00,6.983333333333333,stages,419,38,0,0,38,87.0,118.0,214.0,21.0,1.0,8.315098468271335,0.0,20.763723150357997,28.162291169451073,3.007159904534606,83.0,21.0,19.0,43.0,87.0,0.0484581497797356,0.9901639344262296,51.43799505620698,47.0,,
p06,2020-03-06,26204886334,2020-03-05 22:50:00,2020-03-06 06:21:00,7.0,stages,420,31,0,6,31,80.0,76.0,264.0,22.0,0.0,6.873614190687362,0.0,19.047619047619047,18.095238095238095,3.142857142857143,86.0,20.0,21.0,45.0,80.0,0.0365714285714285,1.0,54.12597482586396,47.8875,,
p06,2020-03-28,26502679753,2020-03-27 22:55:00,2020-03-28 07:00:00,7.0,stages,420,65,0,0,65,84.0,59.0,277.0,21.0,4.0,13.402061855670103,0.0,20.0,14.047619047619047,3.0,80.0,17.0,22.0,41.0,84.0,0.067778936392075,0.9938144329896909,46.7045405896547,43.888888888888886,,
p06,2020-02-22,26015155891,2020-02-21 23:41:00,2020-02-22 07:37:00,7.05,stages,423,53,0,0,53,100.0,74.0,249.0,20.0,3.0,11.134453781512605,0.0,23.64066193853428,17.494089834515368,2.8368794326241136,78.0,20.0,16.0,42.0,99.0,0.0362860192102454,1.0,51.68818102998776,46.57142857142857,,
p06,2019-11-18,24679261464,2019-11-17 22:47:00,2019-11-18 06:37:30,7.05,stages,423,47,0,0,47,79.0,62.0,282.0,28.0,1.0,10.0,0.0,18.67612293144208,14.657210401891254,3.971631205673759,79.0,18.0,19.0,42.0,79.0,0.0425985090521831,0.9861849096705632,58.04938827934517,48.6,,
p06,2019-11-06,24533091206,2019-11-05 22:44:30,2019-11-06 06:30:00,7.05,stages,423,42,0,0,42,61.0,47.0,315.0,19.0,1.0,9.03225806451613,0.0,14.42080378250591,11.11111111111111,2.6950354609929077,83.0,17.0,23.0,43.0,61.0,0.0353200883002207,0.979591836734694,49.29170875420876,43.13839285714286,,
p06,2020-01-25,25594019790,2020-01-25 00:42:00,2020-01-25 08:30:30,7.083333333333333,stages,425,43,0,0,43,86.0,129.0,210.0,19.0,1.0,9.188034188034187,0.0,20.235294117647058,30.352941176470587,2.682352941176471,83.0,21.0,20.0,42.0,86.0,0.0408602150537634,0.9626467449306296,52.93624677244412,46.763888888888886,,
p06,2020-02-09,25824329417,2020-02-08 23:35:30,2020-02-09 07:38:00,7.1,stages,426,56,0,0,56,81.0,71.0,274.0,30.0,1.0,11.618257261410788,0.0,19.014084507042252,16.666666666666668,4.225352112676057,76.0,19.0,14.0,43.0,81.0,0.0576923076923076,0.9906735751295336,53.92659681090644,48.85357142857143,,
p06,2019-11-22,24741602840,2019-11-21 23:16:30,2019-11-22 07:16:30,7.116666666666666,stages,427,53,0,0,53,46.0,102.0,279.0,24.0,1.0,11.041666666666666,0.0,10.772833723653395,23.88758782201405,3.3723653395784545,84.0,21.0,21.0,42.0,46.0,0.0530697190426638,0.975,56.80264835473169,47.02916666666667,,
p06,2020-02-25,26057650721,2020-02-24 22:21:00,2020-02-25 06:23:30,7.183333333333334,stages,431,51,0,0,51,44.0,66.0,321.0,20.0,1.0,10.58091286307054,0.0,10.208816705336426,15.31322505800464,2.7842227378190256,82.0,17.0,23.0,42.0,44.0,0.0379346680716543,0.9948186528497408,50.82003051346801,45.12375,,
p06,2019-11-28,24805899784,2019-11-27 21:44:00,2019-11-28 05:46:30,7.216666666666667,stages,433,49,0,0,49,109.0,93.0,231.0,13.0,1.0,10.16597510373444,0.0,25.17321016166282,21.478060046189377,1.8013856812933025,88.0,22.0,24.0,42.0,109.0,0.0323928944618599,0.9678756476683936,48.40023120467446,44.0,,
p06,2019-11-19,24693510220,2019-11-18 22:50:30,2019-11-19 07:20:30,7.216666666666667,stages,433,77,0,0,77,73.0,61.0,299.0,25.0,3.0,15.098039215686274,0.0,16.859122401847575,14.087759815242494,3.464203233256351,76.0,17.0,20.0,39.0,73.0,0.0714985308521057,0.9784313725490196,57.21656726150714,46.80714285714286,,
p06,2019-12-29,25187701481,2019-12-29 00:54:30,2019-12-29 08:56:00,7.216666666666667,stages,433,48,0,0,48,84.0,87.0,262.0,25.0,3.0,9.97920997920998,0.0,19.399538106235564,20.092378752886837,3.464203233256351,82.0,21.0,19.0,42.0,84.0,0.0519210799584631,0.9968847352024922,50.6620444023569,45.99375,,
p06,2019-11-21,24722175987,2019-11-20 23:24:00,2019-11-21 07:20:30,7.266666666666667,stages,436,40,0,0,40,89.0,95.0,252.0,32.0,1.0,8.403361344537815,0.0,20.412844036697248,21.788990825688074,4.4036697247706424,86.0,22.0,21.0,43.0,89.0,0.0455991516436903,0.9611752360965372,58.79431463732774,46.0,,
p06,2020-02-08,25811026084,2020-02-07 22:49:30,2020-02-08 07:26:00,7.316666666666666,stages,439,77,0,0,77,100.0,111.0,228.0,28.0,3.0,14.922480620155039,0.0,22.779043280182233,25.284738041002278,3.826879271070615,80.0,22.0,17.0,41.0,100.0,0.0575396825396825,0.9932236205227492,50.79294033343741,45.0,,
p06,2019-12-01,24839914629,2019-12-01 00:55:30,2019-12-01 08:57:30,7.316666666666666,stages,439,43,0,0,43,101.0,124.0,214.0,23.0,1.0,8.921161825726141,0.0,23.006833712984054,28.246013667425967,3.143507972665148,87.0,22.0,23.0,42.0,100.0,0.0393782383419689,0.975103734439834,47.24939747014216,42.35208333333333,,
p06,2020-03-22,26428919224,2020-03-21 23:15:00,2020-03-22 07:35:30,7.333333333333333,stages,440,60,0,0,60,92.0,127.0,221.0,15.0,1.0,12.0,0.0,20.90909090909091,28.863636363636363,2.0454545454545454,84.0,22.0,21.0,41.0,92.0,0.0495449949443882,0.989010989010989,50.20260541927208,45.9625,,
p06,2019-11-30,24829064419,2019-11-30 00:25:00,2019-11-30 08:27:30,7.366666666666666,stages,442,40,0,0,40,57.0,146.0,239.0,16.0,2.0,8.298755186721992,0.0,12.895927601809955,33.0316742081448,2.1719457013574663,87.0,20.0,25.0,42.0,56.0,0.0219206680584551,0.8932642487046633,46.41842229052206,43.40178571428572,,
p06,2020-03-08,26232195412,2020-03-07 23:51:30,2020-03-08 08:24:00,7.383333333333334,stages,443,69,0,0,69,84.0,108.0,251.0,35.0,4.0,13.4765625,0.0,18.96162528216704,24.37923250564334,4.74040632054176,78.0,21.0,16.0,41.0,84.0,0.0790243902439024,0.9990243902439024,56.35816641583244,51.0,,
p06,2020-01-18,25492090464,2020-01-18 00:00:00,2020-01-18 08:10:30,7.416666666666667,stages,445,45,0,1,45,105.0,81.0,259.0,25.0,2.0,9.183673469387756,0.0,23.59550561797753,18.202247191011235,3.3707865168539324,82.0,21.0,19.0,42.0,105.0,0.0502049180327868,1.001019367991845,51.62245961212356,46.142857142857146,,
p06,2020-03-01,26128930957,2020-02-29 22:57:30,2020-03-01 07:54:30,7.583333333333333,stages,455,82,0,0,82,116.0,79.0,260.0,35.0,5.0,15.270018621973929,0.0,25.494505494505493,17.36263736263736,4.615384615384616,82.0,20.0,18.0,44.0,116.0,0.081860465116279,0.9962756052141528,51.34588077032002,46.0,,
p06,2019-11-13,24621015054,2019-11-12 20:54:00,2019-11-13 05:07:30,7.633333333333334,stages,458,35,0,5,35,79.0,121.0,258.0,24.0,0.0,7.099391480730223,0.0,17.24890829694323,26.419213973799128,3.1441048034934496,84.0,21.0,20.0,43.0,78.0,0.0539714867617108,0.9807497467071936,56.557319878239305,47.113194444444446,,
p06,2019-12-07,24919092741,2019-12-07 00:23:00,2019-12-07 08:59:30,7.7,stages,462,54,0,0,54,106.0,139.0,217.0,28.0,2.0,10.465116279069768,0.0,22.943722943722943,30.086580086580085,3.6363636363636362,83.0,22.0,19.0,42.0,106.0,0.0698131760078662,0.9622458857696032,49.359731404298806,44.66666666666666,,
p06,2020-01-11,25387470221,2020-01-10 23:29:30,2020-01-11 08:06:30,7.866666666666666,stages,472,45,0,0,45,108.0,88.0,276.0,30.0,2.0,8.704061895551257,0.0,22.88135593220339,18.64406779661017,3.8135593220338984,88.0,21.0,24.0,43.0,108.0,0.0444444444444444,1.0,46.71769190942305,43.5,,
p06,2020-02-16,25921923357,2020-02-15 23:42:00,2020-02-16 08:28:30,7.883333333333334,stages,473,53,0,7,53,92.0,98.0,283.0,34.0,1.0,10.076045627376425,0.0,19.45031712473573,20.718816067653275,4.312896405919662,89.0,21.0,22.0,46.0,91.0,0.0618458610846812,0.905982905982906,50.34235398307725,46.5,,
p06,2019-12-21,25092965569,2019-12-20 23:19:30,2019-12-21 07:56:30,7.933333333333334,stages,476,41,0,0,41,107.0,95.0,274.0,23.0,1.0,7.93036750483559,0.0,22.478991596638654,19.95798319327731,2.899159663865546,86.0,22.0,21.0,43.0,107.0,0.0570048309178743,0.9980657640232108,48.94838438370415,44.48214285714286,,
p06,2019-12-16,25024964804,2019-12-15 21:16:30,2019-12-16 06:01:00,8.016666666666667,stages,481,43,0,1,43,53.0,100.0,328.0,20.0,1.0,8.206106870229007,0.0,11.018711018711018,20.79002079002079,2.4948024948024945,90.0,21.0,22.0,47.0,52.0,0.0302439024390243,0.9990467111534796,52.94609088430653,46.833333333333336,,
p06,2019-11-02,24485702526,2019-11-01 23:10:00,2019-11-02 08:00:30,8.05,stages,483,47,0,2,47,110.0,91.0,282.0,32.0,0.0,8.867924528301886,0.0,22.77432712215321,18.840579710144926,3.975155279503105,,,,,,,0.9557021677662584,47.37735640427948,41.8,,
p06,2019-12-26,25149224051,2019-12-26 00:24:00,2019-12-26 09:36:30,8.116666666666667,stages,487,65,0,1,65,82.0,89.0,316.0,34.0,1.0,11.77536231884058,0.0,16.83778234086242,18.275154004106778,4.1889117043121145,83.0,20.0,17.0,46.0,82.0,0.0711030082041932,0.9918552036199096,51.67600332048325,46.5,,
p06,2019-11-11,24592858496,2019-11-10 19:20:30,2019-11-11 05:12:30,8.116666666666667,stages,487,105,0,0,105,119.0,77.0,291.0,29.0,2.0,17.736486486486488,0.0,24.435318275154003,15.811088295687885,3.572895277207392,82.0,19.0,21.0,42.0,119.0,0.1037974683544303,0.847972972972973,51.63610155338243,43.71607142857143,,
p06,2020-02-02,25724583482,2020-02-01 23:52:00,2020-02-02 08:41:30,8.133333333333333,stages,488,41,0,0,41,116.0,82.0,290.0,26.0,2.0,7.750472589792061,0.0,23.770491803278688,16.80327868852459,3.19672131147541,90.0,21.0,23.0,46.0,115.0,0.0538243626062322,1.0009442870632672,48.58827636200278,43.23857142857143,,
p06,2019-12-28,25173570962,2019-12-27 23:41:00,2019-12-28 08:44:30,8.15,stages,489,54,0,0,54,86.0,136.0,267.0,27.0,2.0,9.94475138121547,0.0,17.586912065439673,27.811860940695297,3.312883435582822,91.0,21.0,24.0,46.0,86.0,0.0392156862745098,0.997240110395584,49.24658698210359,45.71493506493507,,
p06,2019-11-17,24665542206,2019-11-16 21:55:00,2019-11-17 08:31:30,8.516666666666667,stages,511,125,0,1,125,110.0,51.0,350.0,39.0,8.0,19.654088050314467,0.0,21.52641878669276,9.980430528375734,4.579256360078277,77.0,17.0,19.0,41.0,110.0,0.123719464144996,0.992930086410055,52.75181750826529,45.0,,
p06,2020-03-15,26330880526,2020-03-14 21:12:30,2020-03-15 07:08:30,8.55,stages,513,83,0,0,83,120.0,143.0,250.0,21.0,5.0,13.926174496644295,0.0,23.391812865497077,27.87524366471735,2.4561403508771926,88.0,23.0,21.0,44.0,119.0,0.085498742665549,0.9966442953020134,51.70407228854199,46.8,,
p07,2020-03-01,26132654905,2020-03-01 04:34:30,2020-03-01 07:45:30,2.7,stages,162,29,0,8,29,57.0,31.0,74.0,5.0,1.0,15.18324607329843,0.0,35.18518518518518,19.135802469135804,1.8518518518518516,57.0,18.0,14.0,25.0,56.0,0.0652741514360313,1.0,66.71410042836744,59.388888888888886,,
p07,2020-02-16,25921511175,2020-02-16 04:39:00,2020-02-16 08:07:00,2.933333333333333,stages,176,32,0,0,32,33.0,18.0,125.0,6.0,2.0,15.384615384615385,0.0,18.75,10.227272727272727,2.0454545454545454,57.0,15.0,14.0,28.0,33.0,0.0361757105943152,0.9951923076923076,69.98021467260598,64.43333333333334,,
p07,2020-01-05,25287210896,2020-01-05 08:25:00,2020-01-05 12:36:30,3.566666666666667,stages,214,37,0,0,37,17.0,37.0,160.0,14.0,2.0,14.741035856573705,0.0,7.94392523364486,17.289719626168225,3.925233644859813,55.0,15.0,16.0,24.0,16.0,0.0974155069582504,1.0019880715705765,63.41565126892509,55.69285714285714,,
p07,2020-03-08,26232597244,2020-03-08 05:12:00,2020-03-08 09:28:30,3.75,stages,225,31,0,1,31,49.0,38.0,138.0,14.0,1.0,12.109375,0.0,21.77777777777778,16.88888888888889,3.7333333333333334,57.0,17.0,14.0,26.0,48.0,0.0610236220472441,0.9824561403508772,68.73959678989442,62.247142857142855,,
p07,2019-11-24,24762389261,2019-11-24 04:56:30,2019-11-24 09:38:30,3.9166666666666665,stages,235,47,0,10,47,51.0,30.0,154.0,12.0,2.0,16.666666666666668,0.0,21.70212765957447,12.76595744680851,3.0638297872340425,48.0,16.0,12.0,20.0,51.0,0.0973451327433628,0.9893617021276596,72.47152179759708,64.23928571428571,,
p07,2019-11-17,24665658497,2019-11-17 05:16:00,2019-11-17 10:32:30,3.966666666666667,stages,238,78,0,0,78,49.0,32.0,157.0,22.0,5.0,24.68354430379747,0.0,20.58823529411765,13.445378151260504,5.546218487394958,55.0,18.0,12.0,25.0,39.0,0.1159737417943107,0.9889415481832544,76.55307198356608,60.69,,
p07,2020-01-01,25229351887,2020-01-01 06:20:00,2020-01-01 10:56:30,4.066666666666666,stages,244,32,0,0,32,55.0,67.0,122.0,19.0,0.0,11.594202898550725,0.0,22.540983606557376,27.459016393442624,4.672131147540984,62.0,21.0,14.0,27.0,55.0,0.0589318600368324,1.0018083182640145,72.3161708628315,64.15555555555557,,
p07,2019-12-08,24929281012,2019-12-08 04:30:30,2019-12-08 09:25:30,4.1,stages,246,49,0,0,49,59.0,88.0,99.0,11.0,2.0,16.610169491525422,0.0,23.983739837398375,35.77235772357724,2.682926829268293,54.0,21.0,13.0,20.0,59.0,0.065989847715736,0.9966101694915256,66.32625256451789,60.25,,
p07,2019-11-22,24739496011,2019-11-21 23:30:00,2019-11-22 05:21:00,5.1,stages,306,45,0,1,45,68.0,40.0,198.0,20.0,1.0,12.820512820512821,0.0,22.22222222222222,13.071895424836601,3.9215686274509807,67.0,17.0,17.0,33.0,68.0,0.0645645645645645,0.8803418803418803,57.22214948841162,52.11666666666667,,
p07,2020-01-19,25505039645,2020-01-19 02:40:00,2020-01-19 08:27:00,5.116666666666666,stages,307,40,0,0,40,44.0,74.0,189.0,17.0,2.0,11.527377521613833,0.0,14.332247557003257,24.104234527687296,3.3224755700325734,68.0,21.0,13.0,34.0,44.0,0.0492537313432835,0.9942363112391932,73.62853880419098,64.63333333333334,,
p07,2020-03-13,26306676546,2020-03-13 01:43:00,2020-03-13 07:52:30,5.15,stages,309,60,0,0,60,81.0,28.0,200.0,25.0,2.0,16.260162601626018,0.0,26.21359223300971,9.06148867313916,4.854368932038835,68.0,16.0,22.0,30.0,80.0,0.0983379501385041,0.993234100135318,52.9957386240765,46.333333333333336,,
p07,2019-12-06,24906019321,2019-12-05 22:09:00,2019-12-06 04:25:30,5.283333333333333,stages,317,59,0,3,59,29.0,19.0,269.0,17.0,1.0,15.691489361702128,0.0,9.14826498422713,5.993690851735016,3.217665615141956,63.0,14.0,18.0,31.0,28.0,0.0804911323328785,0.9747675962815404,56.534059060830174,48.0,,
p07,2019-12-20,25083460566,2019-12-20 02:12:30,2019-12-20 08:07:30,5.45,stages,327,28,0,0,28,80.0,52.0,195.0,15.0,1.0,7.887323943661972,0.0,24.464831804281346,15.902140672782874,2.7522935779816513,67.0,18.0,14.0,35.0,80.0,0.0365682137834036,1.0,65.8871863504258,57.29571428571428,,
p07,2020-01-06,25296670417,2020-01-05 23:25:00,2020-01-06 06:32:30,5.55,stages,333,94,0,0,94,55.0,41.0,237.0,25.0,6.0,22.014051522248245,0.0,16.516516516516518,12.312312312312311,4.504504504504505,59.0,16.0,22.0,21.0,55.0,0.1029239766081871,0.9988304093567252,54.68884580160927,49.87,,
p07,2020-02-26,26073401124,2020-02-25 23:10:30,2020-02-26 05:48:30,5.616666666666666,stages,337,61,0,1,61,65.0,58.0,214.0,23.0,2.0,15.326633165829145,0.0,19.287833827893174,17.2106824925816,4.094955489614244,71.0,17.0,23.0,31.0,65.0,0.0614805520702634,0.9899497487437184,58.50025321853903,48.57142857142857,,
p07,2019-11-30,24832789478,2019-11-30 03:38:30,2019-11-30 10:07:30,5.95,stages,357,32,0,0,32,105.0,91.0,161.0,16.0,1.0,8.226221079691516,0.0,29.41176470588235,25.49019607843137,2.6890756302521006,74.0,22.0,15.0,37.0,105.0,0.0385109114249037,0.9665809768637532,63.14778042583893,56.833333333333336,,
p07,2020-01-30,25676420525,2020-01-30 00:51:30,2020-01-30 07:40:30,6.033333333333333,stages,362,47,0,0,47,72.0,98.0,192.0,17.0,2.0,11.491442542787286,0.0,19.88950276243094,27.07182320441989,2.81767955801105,77.0,21.0,21.0,35.0,72.0,0.0537240537240537,0.980440097799511,55.78809262917743,49.85714285714285,,
p07,2019-12-07,24920178889,2019-12-07 03:09:00,2019-12-07 09:40:00,6.05,stages,363,28,0,4,28,69.0,60.0,234.0,21.0,1.0,7.161125319693094,0.0,19.00826446280992,16.52892561983471,3.4710743801652892,70.0,18.0,14.0,38.0,69.0,0.0312907431551499,0.9923273657289002,66.53415320361196,59.71428571428572,,
p07,2020-03-07,26217176441,2020-03-06 23:25:30,2020-03-07 06:32:30,6.1,stages,366,61,0,0,61,76.0,39.0,251.0,15.0,2.0,14.285714285714286,0.0,20.76502732240437,10.655737704918034,2.459016393442623,72.0,16.0,23.0,33.0,76.0,0.0491228070175438,0.990632318501171,54.65866252869799,47.85714285714285,,
p07,2020-03-06,26206247505,2020-03-06 01:23:30,2020-03-06 08:29:00,6.116666666666666,stages,367,58,0,7,58,74.0,62.0,231.0,13.0,2.0,13.647058823529411,0.0,20.16348773841962,16.893732970027248,2.125340599455041,74.0,18.0,22.0,34.0,74.0,0.074074074074074,0.9988249118683902,55.5417654698243,50.113888888888894,,
p07,2019-11-09,24568088329,2019-11-09 00:07:30,2019-11-09 06:58:00,6.116666666666666,stages,367,43,0,3,43,74.0,39.0,254.0,17.0,0.0,10.487804878048781,0.0,20.16348773841962,10.626702997275205,2.779291553133515,76.0,16.0,23.0,37.0,74.0,0.0525,0.9403166869671132,52.35365666285355,47.75694444444444,,
p07,2020-03-27,26491324901,2020-03-26 23:47:30,2020-03-27 06:55:00,6.133333333333334,stages,368,59,0,5,59,97.0,90.0,181.0,16.0,2.0,13.817330210772834,0.0,26.358695652173914,24.456521739130434,2.608695652173913,76.0,22.0,21.0,33.0,96.0,0.0502923976608187,0.9894736842105264,55.42173849266048,48.3775,,
p07,2020-02-15,25908450486,2020-02-15 01:13:30,2020-02-15 08:25:30,6.15,stages,369,63,0,9,63,56.0,54.0,259.0,21.0,2.0,14.583333333333334,0.0,15.176151761517616,14.634146341463415,3.4146341463414633,71.0,17.0,20.0,34.0,56.0,0.0670520231213872,0.9629629629629628,55.51201021201021,48.8,,
p07,2020-02-23,26028613587,2020-02-22 23:15:00,2020-02-23 06:19:30,6.233333333333333,stages,374,50,0,0,50,78.0,50.0,246.0,31.0,1.0,11.79245283018868,0.0,20.855614973262032,13.368983957219251,4.973262032085562,76.0,17.0,22.0,37.0,78.0,0.05973715651135,1.0011778563015312,54.21770774976657,48.0,,
p07,2020-03-15,26330434754,2020-03-14 22:59:30,2020-03-15 06:22:30,6.25,stages,375,68,0,7,68,50.0,44.0,281.0,22.0,4.0,15.349887133182845,0.0,13.333333333333334,11.733333333333333,3.52,71.0,16.0,22.0,33.0,50.0,0.0721533258173618,1.0,55.8012506555396,49.29047619047619,,
p07,2019-12-25,25137393783,2019-12-25 01:28:00,2019-12-25 08:19:00,6.266666666666667,stages,376,35,0,4,35,79.0,69.0,228.0,24.0,1.0,8.51581508515815,0.0,21.01063829787234,18.351063829787233,3.8297872340425534,78.0,19.0,21.0,38.0,79.0,0.0644361833952912,0.9951338199513382,55.993378069906186,49.523809523809526,,
p07,2020-01-18,25490575439,2020-01-17 21:54:00,2020-01-18 06:05:30,6.333333333333333,stages,380,111,0,0,111,66.0,49.0,265.0,21.0,7.0,22.60692464358452,0.0,17.36842105263158,12.894736842105264,3.3157894736842106,68.0,16.0,23.0,29.0,65.0,0.0761904761904762,0.9969481180061036,56.11303935860058,50.53214285714286,,
p07,2020-02-02,25724963332,2020-02-02 03:40:00,2020-02-02 11:08:00,6.333333333333333,stages,380,68,0,0,68,84.0,107.0,189.0,14.0,3.0,15.178571428571429,0.0,22.105263157894736,28.157894736842106,2.210526315789474,67.0,22.0,12.0,33.0,84.0,0.1719101123595505,0.9933035714285714,62.29343936961914,53.89111111111111,,
p07,2020-02-06,25782616438,2020-02-06 00:17:00,2020-02-06 07:38:30,6.45,stages,387,54,0,0,54,67.0,67.0,253.0,17.0,3.0,12.244897959183673,0.0,17.31266149870801,17.31266149870801,2.635658914728682,78.0,18.0,23.0,37.0,67.0,0.0488372093023255,0.9966024915062288,55.6806978059819,50.71190476190476,,
p07,2020-02-08,25812210490,2020-02-08 01:52:30,2020-02-08 09:15:30,6.45,stages,387,56,0,0,56,86.0,83.0,218.0,21.0,3.0,12.641083521444695,0.0,22.22222222222222,21.44702842377261,3.255813953488372,76.0,20.0,20.0,36.0,86.0,0.0574971815107102,0.9909706546275396,57.90784948410233,51.419047619047625,,
p07,2020-03-22,26428306841,2020-03-21 23:33:30,2020-03-22 06:48:30,6.466666666666667,stages,388,47,0,0,47,86.0,76.0,226.0,23.0,0.0,10.804597701149426,0.0,22.164948453608247,19.587628865979383,3.556701030927835,79.0,19.0,23.0,37.0,86.0,0.0849598163030998,0.9908045977011494,53.0485681307607,44.92857142857143,,
p07,2020-01-25,25594100410,2020-01-25 00:27:00,2020-01-25 08:19:30,6.533333333333333,stages,392,80,0,0,80,121.0,94.0,177.0,24.0,4.0,16.949152542372882,0.0,30.867346938775512,23.979591836734695,3.673469387755102,77.0,23.0,19.0,35.0,121.0,0.0613362541073384,0.9904761904761904,57.036922336922345,50.625,,
p07,2020-01-28,25636026784,2020-01-27 22:42:30,2020-01-28 06:53:30,6.6,stages,396,95,0,0,95,103.0,44.0,249.0,26.0,9.0,19.34826883910387,0.0,26.01010101010101,11.11111111111111,3.9393939393939394,68.0,17.0,21.0,30.0,103.0,0.0579857578840284,0.9816700610997964,55.3160301892667,48.5,,
p07,2019-11-28,24813192830,2019-11-27 22:32:00,2019-11-28 06:14:00,6.616666666666666,stages,397,65,0,0,65,110.0,56.0,231.0,21.0,1.0,14.069264069264069,0.0,27.707808564231737,14.105793450881611,3.173803526448363,78.0,18.0,22.0,38.0,110.0,0.0412371134020618,0.9891774891774892,55.7542822725536,48.27857142857143,,
p07,2019-12-10,24955222875,2019-12-10 01:45:30,2019-12-10 09:22:30,6.616666666666666,stages,397,60,0,0,60,72.0,85.0,240.0,30.0,2.0,13.12910284463895,0.0,18.1360201511335,21.410579345088163,4.534005037783375,80.0,20.0,23.0,37.0,71.0,0.0601092896174863,0.9956236323851204,55.37947045018473,48.6,,
p07,2020-01-15,25447432922,2020-01-15 00:06:00,2020-01-15 07:30:30,6.633333333333334,stages,398,46,0,0,46,96.0,83.0,219.0,19.0,3.0,10.36036036036036,0.0,24.12060301507538,20.85427135678392,2.8643216080402008,81.0,21.0,22.0,38.0,95.0,0.061293984108967,0.983127109111361,57.95443780729822,51.66666666666666,,
p07,2019-12-05,24897470664,2019-12-04 23:10:00,2019-12-05 07:08:30,6.733333333333333,stages,404,74,0,0,74,103.0,71.0,230.0,25.0,5.0,15.481171548117155,0.0,25.495049504950494,17.574257425742573,3.712871287128713,75.0,19.0,20.0,36.0,103.0,0.0556745182012847,1.0010449320794148,54.88322894919972,49.0,,
p07,2020-01-24,25578081183,2020-01-23 23:26:30,2020-01-24 06:54:30,6.75,stages,405,43,0,0,43,55.0,91.0,259.0,24.0,1.0,9.598214285714286,0.0,13.580246913580247,22.469135802469136,3.5555555555555554,80.0,21.0,21.0,38.0,55.0,0.060200668896321,0.9955357142857144,56.86110350785239,51.44444444444444,,
p07,2020-01-27,25618667722,2020-01-26 23:05:00,2020-01-27 06:45:30,6.75,stages,405,55,0,0,55,92.0,107.0,206.0,22.0,2.0,11.956521739130435,0.0,22.71604938271605,26.419753086419753,3.259259259259259,83.0,22.0,23.0,38.0,91.0,0.0509413067552602,0.968512486427796,53.28119487637425,49.0,,
p07,2020-01-29,25654029950,2020-01-28 22:54:00,2020-01-29 07:18:30,6.816666666666666,stages,409,95,0,0,95,86.0,81.0,242.0,29.0,2.0,18.849206349206348,0.0,21.026894865525673,19.804400977995112,4.254278728606357,75.0,19.0,20.0,36.0,86.0,0.0592515592515592,0.9871159563924676,54.88689433056902,49.36875,,
p07,2020-01-11,25384935788,2020-01-10 23:08:00,2020-01-11 06:57:30,6.816666666666666,stages,409,60,0,0,60,72.0,84.0,253.0,17.0,1.0,12.793176972281449,0.0,17.6039119804401,20.537897310513447,2.4938875305623474,78.0,20.0,20.0,38.0,71.0,0.0517621145374449,0.9691160809371672,59.821572395858105,52.2,,
p07,2020-03-26,26480264755,2020-03-26 00:19:00,2020-03-26 08:26:30,6.9,stages,414,73,0,0,73,89.0,62.0,263.0,19.0,3.0,14.989733059548255,0.0,21.497584541062803,14.97584541062802,2.753623188405797,78.0,17.0,24.0,37.0,88.0,0.0527983104540654,0.9928205128205128,54.05870138814354,47.16666666666666,,
p07,2019-11-18,24677959808,2019-11-17 23:56:30,2019-11-18 08:12:00,6.933333333333334,stages,416,79,0,1,79,74.0,46.0,296.0,27.0,3.0,15.95959595959596,0.0,17.78846153846154,11.057692307692308,3.894230769230769,74.0,16.0,22.0,36.0,74.0,0.0524152106885919,0.9909182643794148,54.66881037609144,49.52777777777778,,
p07,2020-01-12,25398649912,2020-01-11 22:43:30,2020-01-12 06:59:30,6.95,stages,417,79,0,0,79,89.0,85.0,243.0,24.0,4.0,15.92741935483871,0.0,21.34292565947242,20.38369304556355,3.4532374100719423,75.0,19.0,21.0,35.0,89.0,0.0523665659617321,0.995967741935484,56.21809017006385,51.41857142857143,,
p07,2019-11-29,24816794063,2019-11-28 22:20:00,2019-11-29 06:06:30,6.95,stages,417,49,0,0,49,71.0,79.0,267.0,27.0,2.0,10.515021459227468,0.0,17.026378896882495,18.94484412470024,3.884892086330935,80.0,19.0,21.0,40.0,70.0,0.0490730643402399,0.930332261521972,55.62760721101735,49.529545454545456,,
p07,2019-12-19,25069236727,2019-12-18 23:03:30,2019-12-19 06:51:30,6.966666666666667,stages,418,50,0,0,50,67.0,76.0,275.0,33.0,2.0,10.683760683760683,0.0,16.028708133971293,18.181818181818183,4.7368421052631575,80.0,18.0,23.0,39.0,67.0,0.0608324439701173,0.9871794871794872,53.02204379915419,47.37625,,
p07,2019-12-31,25217353110,2019-12-31 01:22:00,2019-12-31 09:10:30,7.0,stages,420,48,0,0,48,110.0,83.0,227.0,23.0,3.0,10.256410256410257,0.0,26.19047619047619,19.761904761904763,3.2857142857142856,86.0,21.0,23.0,42.0,110.0,0.0533188248095756,0.9882604055496264,53.98239257742498,49.11428571428572,,
p07,2019-11-16,24653443687,2019-11-15 23:36:30,2019-11-16 07:44:30,7.1,stages,426,62,0,5,62,106.0,89.0,231.0,27.0,6.0,12.704918032786885,0.0,24.88262910798122,20.892018779342724,3.802816901408451,80.0,21.0,19.0,40.0,106.0,0.0696008188331627,0.9877049180327868,54.34734736218139,48.37625,,
p07,2019-12-26,25149562053,2019-12-25 23:31:00,2019-12-26 07:54:30,7.116666666666666,stages,427,76,0,6,76,76.0,74.0,277.0,33.0,2.0,15.109343936381709,0.0,17.798594847775174,17.330210772833723,4.637002341920375,80.0,18.0,22.0,40.0,75.0,0.0737373737373737,0.9851042701092354,53.47038414094866,47.13839285714286,,
p07,2020-03-19,26388009851,2020-03-19 00:00:30,2020-03-19 08:27:30,7.116666666666666,stages,427,80,0,0,80,107.0,86.0,234.0,30.0,3.0,15.779092702169626,0.0,25.05854800936768,20.140515222482435,4.215456674473068,80.0,20.0,21.0,39.0,107.0,0.0857142857142857,0.9940828402366864,60.28778645296503,52.50833333333333,,
p07,2019-12-16,25024291416,2019-12-15 22:38:30,2019-12-16 06:50:30,7.116666666666666,stages,427,65,0,0,65,71.0,54.0,302.0,27.0,3.0,13.211382113821138,0.0,16.627634660421545,12.646370023419204,3.7939110070257613,77.0,17.0,20.0,40.0,70.0,0.0578680203045685,0.9878048780487804,56.62051311171682,49.71753246753247,,
p07,2019-12-12,24977713670,2019-12-11 22:53:30,2019-12-12 07:01:00,7.116666666666666,stages,427,60,0,1,60,70.0,84.0,273.0,17.0,4.0,12.320328542094456,0.0,16.39344262295082,19.672131147540984,2.388758782201405,83.0,19.0,24.0,40.0,70.0,0.0515995872033023,0.9743589743589745,52.92934814308499,45.85,,
p07,2019-12-13,24992472662,2019-12-12 22:27:00,2019-12-13 06:51:30,7.133333333333334,stages,428,76,0,0,76,93.0,83.0,252.0,30.0,3.0,15.079365079365079,0.0,21.72897196261682,19.39252336448598,4.205607476635514,79.0,19.0,19.0,41.0,93.0,0.0614124872057318,0.9871159563924676,56.6271140840418,48.61696428571429,,
p07,2019-12-28,25173332208,2019-12-28 00:55:30,2019-12-28 09:02:30,7.15,stages,429,58,0,8,58,100.0,94.0,235.0,32.0,3.0,11.90965092402464,0.0,23.31002331002331,21.91142191142191,4.475524475524475,85.0,21.0,23.0,41.0,100.0,0.0605128205128205,1.0,55.68423587591965,49.40857142857143,,
p07,2020-01-14,25430231153,2020-01-13 22:35:00,2020-01-14 07:00:30,7.166666666666667,stages,430,75,0,0,75,67.0,56.0,307.0,27.0,2.0,14.851485148514852,0.0,15.581395348837209,13.023255813953488,3.7674418604651163,77.0,17.0,19.0,41.0,66.0,0.0671414038657172,1.0009891196834817,58.47339180911315,52.44285714285714,,
p07,2020-02-12,25866923863,2020-02-11 23:52:00,2020-02-12 08:11:00,7.166666666666667,stages,430,69,0,1,69,81.0,82.0,267.0,27.0,4.0,13.827655310621243,0.0,18.837209302325583,19.069767441860463,3.7674418604651163,80.0,19.0,20.0,41.0,80.0,0.0754332313965341,0.9899799599198396,57.23370649818018,50.333333333333336,,
p07,2020-01-10,25371912665,2020-01-09 22:34:00,2020-01-10 07:04:30,7.166666666666667,stages,430,80,0,0,80,75.0,56.0,299.0,27.0,6.0,15.686274509803921,0.0,17.441860465116278,13.023255813953488,3.7674418604651163,78.0,17.0,22.0,39.0,75.0,0.0876847290640394,0.9813907933398628,54.282557540042575,49.0,,
p07,2019-12-02,24850225725,2019-12-01 21:39:00,2019-12-02 06:12:00,7.183333333333334,stages,431,82,0,0,82,91.0,86.0,254.0,33.0,4.0,15.984405458089668,0.0,21.11368909512761,19.953596287703018,4.593967517401392,80.0,19.0,21.0,40.0,91.0,0.0502008032128514,0.9395711500974658,53.50957156029771,45.80166666666666,,
p07,2020-01-21,25531200031,2020-01-20 23:18:00,2020-01-21 07:27:30,7.2,stages,432,57,0,0,57,120.0,97.0,215.0,25.0,1.0,11.656441717791411,0.0,27.77777777777778,22.453703703703702,3.4722222222222223,89.0,23.0,24.0,42.0,120.0,0.0618336886993603,1.0010214504596526,54.35974394086639,49.30714285714286,,
p07,2019-12-24,25127634557,2019-12-24 00:36:00,2019-12-24 09:28:30,7.266666666666667,stages,436,96,0,0,96,80.0,83.0,273.0,30.0,5.0,18.045112781954888,0.0,18.34862385321101,19.03669724770642,4.128440366972477,78.0,18.0,23.0,37.0,79.0,0.0744580584354382,0.9953051643192488,53.09439632170765,46.68809523809524,,
p07,2020-03-05,26188191473,2020-03-04 22:24:00,2020-03-05 06:18:30,7.266666666666667,stages,436,38,0,6,38,133.0,110.0,193.0,23.0,0.0,8.016877637130802,0.0,30.504587155963304,25.229357798165136,3.165137614678899,88.0,24.0,21.0,43.0,132.0,0.0585048754062838,0.9926238145416229,54.17684534149502,48.8,,
p07,2020-01-31,25698593538,2020-01-30 23:03:30,2020-01-31 07:21:30,7.283333333333333,stages,437,61,0,0,61,69.0,99.0,269.0,23.0,2.0,12.248995983935743,0.0,15.789473684210526,22.65446224256293,3.1578947368421053,84.0,21.0,23.0,40.0,69.0,0.0531594784353059,0.9839357429718876,54.16804554289248,48.2,,
p07,2019-11-27,24797261032,2019-11-26 23:48:00,2019-11-27 08:19:30,7.283333333333333,stages,437,74,0,1,74,82.0,105.0,250.0,29.0,3.0,14.481409001956948,0.0,18.76430205949657,24.02745995423341,3.9816933638443937,81.0,21.0,20.0,40.0,81.0,0.0691699604743083,0.9775171065493646,54.740697330447325,48.0,,
p07,2020-03-28,26503441818,2020-03-27 23:45:30,2020-03-28 08:01:00,7.283333333333333,stages,437,58,0,0,58,64.0,60.0,313.0,23.0,4.0,11.717171717171718,0.0,14.645308924485127,13.729977116704806,3.1578947368421053,81.0,17.0,23.0,41.0,64.0,0.0494450050454086,0.98284561049445,54.72168531901591,48.42857142857143,,
p07,2019-12-22,25104272160,2019-12-21 23:32:30,2019-12-22 07:47:00,7.3,stages,438,56,0,0,56,104.0,132.0,202.0,22.0,1.0,11.336032388663968,0.0,23.744292237442924,30.136986301369863,3.0136986301369864,87.0,22.0,24.0,41.0,103.0,0.0546006066734074,0.9929221435793733,53.191858136206406,46.57777777777778,,
p07,2019-12-15,25013421504,2019-12-14 23:40:00,2019-12-15 08:15:30,7.316666666666666,stages,439,76,0,0,76,86.0,83.0,270.0,31.0,2.0,14.757281553398059,0.0,19.58997722095672,18.906605922551254,4.236902050113895,83.0,19.0,23.0,41.0,86.0,0.0531062124248497,0.9311348205625606,50.58781836219336,45.995,,
p07,2019-12-23,25117434287,2019-12-22 23:51:00,2019-12-23 08:25:30,7.316666666666666,stages,439,75,0,0,75,76.0,100.0,263.0,33.0,2.0,14.591439688715953,0.0,17.312072892938495,22.779043280182233,4.510250569476082,87.0,21.0,24.0,42.0,76.0,0.054054054054054,1.000971817298348,52.81651991482089,47.235,,
p07,2020-01-22,25547728178,2020-01-21 22:54:30,2020-01-22 07:08:30,7.333333333333333,stages,440,54,0,0,54,82.0,91.0,267.0,25.0,2.0,10.931174089068826,0.0,18.636363636363637,20.681818181818183,3.409090909090909,80.0,20.0,19.0,41.0,82.0,0.0566228513650151,1.0,58.24165563968195,51.54642857142857,,
p07,2020-01-23,25562874196,2020-01-22 23:35:30,2020-01-23 08:00:00,7.35,stages,441,63,0,0,63,107.0,99.0,235.0,26.0,2.0,12.5,0.0,24.263038548752835,22.448979591836736,3.537414965986395,84.0,22.0,22.0,40.0,107.0,0.0693756194251734,0.9653121902874132,55.42727865335667,49.24,,
p07,2020-02-13,25879492138,2020-02-12 23:24:00,2020-02-13 07:56:30,7.35,stages,441,71,0,0,71,103.0,77.0,261.0,21.0,4.0,13.8671875,0.0,23.356009070294785,17.46031746031746,2.857142857142857,80.0,19.0,21.0,40.0,103.0,0.0840751730959446,0.991219512195122,53.982740864778265,47.72678571428572,,
p07,2020-02-20,25981039894,2020-02-19 22:58:00,2020-02-20 07:30:30,7.35,stages,441,71,0,0,71,97.0,49.0,295.0,28.0,5.0,13.8671875,0.0,21.99546485260771,11.11111111111111,3.8095238095238098,79.0,17.0,22.0,40.0,97.0,0.0532019704433497,0.9951219512195122,53.017769643210826,47.53214285714286,,
p07,2019-11-13,24620397192,2019-11-12 22:39:30,2019-11-13 07:17:30,7.383333333333334,stages,443,75,0,0,75,71.0,63.0,309.0,32.0,4.0,14.478764478764479,0.0,16.02708803611738,14.221218961625283,4.334085778781038,76.0,17.0,20.0,39.0,71.0,0.0626808100289296,0.9922779922779924,51.45085288684511,45.5,,
p07,2019-11-07,24544274440,2019-11-06 22:32:30,2019-11-07 07:18:00,7.383333333333334,stages,443,82,0,0,82,109.0,78.0,256.0,25.0,5.0,15.619047619047619,0.0,24.604966139954854,17.607223476297968,3.386004514672686,,,,,,,0.9476688867745005,55.25984002610509,49.707142857142856,,
p07,2019-11-20,24704811691,2019-11-20 00:50:30,2019-11-20 09:22:00,7.4,stages,444,67,0,7,67,105.0,101.0,238.0,27.0,4.0,13.111545988258317,0.0,23.64864864864865,22.74774774774775,3.6486486486486487,85.0,22.0,22.0,41.0,105.0,0.056547619047619,0.9833822091886608,52.67983477203159,47.42857142857143,,
p07,2020-01-09,25355306338,2020-01-08 22:19:00,2020-01-09 07:15:30,7.4,stages,444,92,0,0,92,106.0,94.0,244.0,29.0,3.0,17.16417910447761,0.0,23.873873873873872,21.17117117117117,3.918918918918919,80.0,21.0,20.0,39.0,105.0,0.0726040658276863,0.9655172413793104,55.824942335656615,49.16666666666666,,
p07,2020-03-04,26174036989,2020-03-03 23:09:00,2020-03-04 07:31:30,7.4,stages,444,58,0,0,58,95.0,56.0,293.0,30.0,1.0,11.55378486055777,0.0,21.396396396396398,12.612612612612613,4.0540540540540535,82.0,17.0,24.0,41.0,94.0,0.0552763819095477,1.000995024875622,53.1085114134816,45.755,,
p07,2019-12-18,25054524296,2019-12-17 23:26:00,2019-12-18 07:45:30,7.416666666666667,stages,445,54,0,0,54,121.0,140.0,184.0,31.0,2.0,10.821643286573146,0.0,27.191011235955056,31.46067415730337,4.179775280898876,86.0,23.0,21.0,42.0,120.0,0.0730223123732251,0.992992992992993,52.99092647383978,46.2,,
p07,2020-02-10,25838092062,2020-02-09 22:40:30,2020-02-10 06:49:30,7.416666666666667,stages,445,44,0,0,44,99.0,145.0,201.0,27.0,2.0,8.997955010224949,0.0,22.247191011235955,32.58426966292135,3.640449438202247,85.0,22.0,21.0,42.0,99.0,0.0582226762002042,0.9918200408997956,55.58074872435697,49.34666666666667,,
p07,2019-12-29,25185510805,2019-12-28 23:44:00,2019-12-29 08:02:30,7.416666666666667,stages,445,53,0,0,53,104.0,80.0,261.0,25.0,3.0,10.642570281124499,0.0,23.370786516853933,17.97752808988764,3.3707865168539324,85.0,20.0,23.0,42.0,104.0,0.0503597122302158,0.9729187562688064,54.1592355811428,49.42,,
p07,2019-12-21,25095207998,2019-12-21 00:50:00,2019-12-21 09:00:30,7.433333333333334,stages,446,44,0,0,44,81.0,108.0,257.0,24.0,2.0,8.979591836734693,0.0,18.161434977578477,24.2152466367713,3.2286995515695067,88.0,21.0,25.0,42.0,81.0,0.0432543769309989,0.9867482161060144,51.69808176213135,47.510714285714286,,
p07,2019-11-14,24629313502,2019-11-13 22:39:00,2019-11-14 07:10:30,7.45,stages,447,64,0,0,64,67.0,56.0,324.0,30.0,2.0,12.524461839530332,0.0,14.988814317673379,12.527964205816556,4.026845637583892,78.0,17.0,19.0,42.0,66.0,0.0548223350253807,0.959921798631476,52.36501625213437,47.5,,
p07,2020-02-11,25851374525,2020-02-10 22:35:00,2020-02-11 07:05:30,7.45,stages,447,63,0,0,63,99.0,97.0,251.0,27.0,5.0,12.352941176470589,0.0,22.14765100671141,21.700223713646533,3.6241610738255035,83.0,21.0,22.0,40.0,99.0,0.0666013712047012,0.9676787463271302,54.49857269923059,48.272777777777776,,
p07,2020-02-03,25737280538,2020-02-02 22:18:00,2020-02-03 06:58:30,7.45,stages,447,73,0,0,73,117.0,120.0,210.0,21.0,5.0,14.038461538461538,0.0,26.174496644295303,26.845637583892618,2.8187919463087248,88.0,23.0,23.0,42.0,117.0,0.0489296636085626,0.8856868395773295,51.45352533703944,45.8,,
p07,2020-02-25,26057469565,2020-02-24 22:12:00,2020-02-25 06:39:30,7.466666666666667,stages,448,59,0,0,59,86.0,113.0,249.0,27.0,4.0,11.637080867850099,0.0,19.196428571428573,25.223214285714285,3.6160714285714284,83.0,22.0,20.0,41.0,86.0,0.0555004955401387,0.9911330049261085,54.12146507678317,47.17,,
p07,2020-03-18,26374029513,2020-03-17 22:11:00,2020-03-18 06:42:30,7.483333333333333,stages,449,62,0,0,62,132.0,70.0,247.0,29.0,2.0,12.13307240704501,0.0,29.398663697104677,15.590200445434299,3.8752783964365256,82.0,20.0,20.0,42.0,132.0,0.0553319919517102,0.9853372434017597,58.786145683020685,54.0,,
p07,2020-03-20,26405074529,2020-03-19 23:50:00,2020-03-20 08:22:30,7.5,stages,450,62,0,0,62,137.0,96.0,217.0,28.0,4.0,12.109375,0.0,30.444444444444443,21.333333333333332,3.7333333333333334,86.0,23.0,22.0,41.0,136.0,0.0625620655412115,0.9053658536585366,55.12429801400707,48.57142857142857,,
p07,2019-12-03,24863363675,2019-12-02 23:10:00,2019-12-03 07:42:30,7.516666666666667,stages,451,61,0,0,61,143.0,114.0,194.0,21.0,1.0,11.9140625,0.0,31.70731707317073,25.277161862527716,2.7937915742793793,88.0,25.0,21.0,42.0,142.0,0.0526849037487335,0.991219512195122,52.07586374146413,46.41555555555556,,
p07,2019-11-12,24620397191,2019-11-11 22:28:00,2019-11-12 07:02:00,7.533333333333333,stages,452,62,0,0,62,95.0,82.0,275.0,27.0,4.0,12.062256809338521,0.0,21.01769911504425,18.141592920353983,3.584070796460177,78.0,19.0,18.0,41.0,95.0,0.0540806293018682,0.9416342412451362,53.04724458278177,46.55555555555556,,
p07,2020-03-11,26276301388,2020-03-10 22:06:00,2020-03-11 07:03:30,7.533333333333333,stages,452,85,0,0,85,133.0,127.0,192.0,23.0,6.0,15.828677839851025,0.0,29.424778761061948,28.097345132743364,3.0530973451327434,86.0,24.0,23.0,39.0,133.0,0.0669856459330143,0.9990697674418604,55.4044283618306,47.871428571428574,,
p07,2020-02-17,25935644860,2020-02-16 21:21:00,2020-02-17 06:19:30,7.533333333333333,stages,452,86,0,0,86,66.0,52.0,334.0,23.0,3.0,15.985130111524164,0.0,14.601769911504425,11.504424778761061,3.0530973451327434,80.0,16.0,23.0,41.0,66.0,0.0442477876106194,0.8895078922934077,51.99774263662572,45.5,,
p07,2020-01-04,25269683889,2020-01-03 23:42:00,2020-01-04 08:46:30,7.55,stages,453,91,0,0,91,61.0,67.0,325.0,26.0,5.0,16.727941176470587,0.0,13.465783664459162,14.79028697571744,3.4437086092715234,76.0,17.0,21.0,38.0,61.0,0.0897317298797409,0.9733700642791552,55.25545679163604,49.285714285714285,,
p07,2020-02-05,25765893059,2020-02-05 00:03:30,2020-02-05 08:32:30,7.566666666666666,stages,454,55,0,0,55,87.0,134.0,233.0,33.0,3.0,10.805500982318271,0.0,19.162995594713657,29.515418502202643,4.361233480176211,83.0,22.0,20.0,41.0,86.0,0.0628066732090284,0.9901768172888016,58.06278645296503,51.67380952380952,,
p07,2020-02-04,25749725664,2020-02-03 21:46:00,2020-02-04 06:37:30,7.566666666666666,stages,454,77,0,0,77,111.0,107.0,236.0,29.0,4.0,14.500941619585687,0.0,24.449339207048457,23.568281938325992,3.8325991189427313,80.0,22.0,18.0,40.0,111.0,0.0645773979107312,0.991533396048918,57.7690253031809,49.333333333333336,,
p07,2020-02-09,25825785735,2020-02-09 00:25:30,2020-02-09 08:47:30,7.566666666666666,stages,454,48,0,0,48,122.0,89.0,243.0,26.0,0.0,9.56175298804781,0.0,26.87224669603524,19.60352422907489,3.436123348017621,84.0,21.0,21.0,42.0,122.0,0.0507462686567164,0.9900398406374502,56.153476123697445,50.41785714285714,,
p07,2020-02-28,26100050551,2020-02-27 22:53:30,2020-02-28 07:39:30,7.566666666666666,stages,454,72,0,0,72,117.0,131.0,206.0,21.0,4.0,13.688212927756654,0.0,25.770925110132158,28.854625550660792,2.775330396475771,81.0,23.0,19.0,39.0,117.0,0.0930674264007597,0.9866920152091256,57.400183920126125,51.0,,
p07,2019-11-08,24557669295,2019-11-07 22:24:30,2019-11-08 07:02:30,7.566666666666666,stages,454,64,0,0,64,104.0,109.0,241.0,29.0,5.0,12.355212355212355,0.0,22.90748898678414,24.008810572687224,3.8325991189427313,82.0,22.0,20.0,40.0,104.0,0.0540019286403085,0.944015444015444,54.47677129164859,48.125,,
p07,2019-12-01,24840278233,2019-11-30 23:59:00,2019-12-01 08:31:30,7.6,stages,456,56,0,1,56,112.0,110.0,234.0,27.0,3.0,10.9375,0.0,24.56140350877193,24.12280701754386,3.5526315789473686,85.0,23.0,21.0,41.0,112.0,0.0404738400789733,0.9892682926829268,57.84962992847608,48.765,,
p07,2019-11-11,24591118909,2019-11-10 22:55:30,2019-11-11 07:22:00,7.6,stages,456,50,0,0,50,97.0,138.0,221.0,21.0,2.0,9.881422924901186,0.0,21.271929824561404,30.263157894736842,2.763157894736842,86.0,22.0,23.0,41.0,96.0,0.0424481737413622,0.9674234945705824,49.34395323497364,38.8,,
p07,2020-03-31,26542097498,2020-03-30 23:57:00,2020-03-31 08:27:00,7.616666666666666,stages,457,53,0,0,53,92.0,84.0,281.0,36.0,3.0,10.392156862745098,0.0,20.13129102844639,18.38074398249453,4.7264770240700225,,,,,,,0.9941176470588236,55.36650528958221,46.03333333333333,,
p07,2020-02-19,25963994903,2020-02-18 22:26:00,2020-02-19 07:08:30,7.666666666666667,stages,460,62,0,1,62,89.0,80.0,291.0,34.0,4.0,11.877394636015326,0.0,19.347826086956523,17.391304347826086,4.434782608695652,81.0,18.0,22.0,41.0,89.0,0.0578034682080924,0.9952153110047848,51.51328581141082,46.66666666666666,,
p07,2020-03-03,26161486964,2020-03-02 22:58:00,2020-03-03 07:35:30,7.7,stages,462,55,0,0,55,68.0,40.0,354.0,35.0,3.0,10.638297872340425,0.0,14.718614718614718,8.658008658008658,4.545454545454545,79.0,16.0,22.0,41.0,68.0,0.0708050436469447,0.9545893719806764,50.48049333707228,45.66666666666666,,
p07,2020-03-14,26319805852,2020-03-13 23:55:00,2020-03-14 08:45:30,7.733333333333333,stages,464,66,0,0,66,140.0,73.0,251.0,29.0,4.0,12.452830188679245,0.0,30.17241379310345,15.732758620689655,3.75,80.0,20.0,19.0,41.0,140.0,0.0478927203065134,0.9330819981149858,58.340585144373016,51.53888888888889,,
p07,2020-01-20,25518056227,2020-01-19 22:26:30,2020-01-20 07:47:30,7.733333333333333,stages,464,97,0,0,97,99.0,84.0,281.0,25.0,5.0,17.29055258467023,0.0,21.336206896551722,18.103448275862068,3.2327586206896552,77.0,18.0,23.0,36.0,99.0,0.0872662511130899,0.962566844919786,53.204971874832985,48.496428571428574,,
p07,2019-12-11,24968864039,2019-12-11 00:09:00,2019-12-11 09:10:30,7.766666666666667,stages,466,75,0,0,75,133.0,135.0,198.0,29.0,3.0,13.863216266173753,0.0,28.540772532188843,28.969957081545065,3.7339055793991416,85.0,24.0,21.0,40.0,133.0,0.0566572237960339,0.989843028624192,53.993491888501225,47.59285714285714,,
p07,2020-02-29,26118719654,2020-02-28 22:39:00,2020-02-29 07:57:30,7.766666666666667,stages,466,92,0,0,92,61.0,76.0,329.0,31.0,4.0,16.487455197132615,0.0,13.090128755364807,16.30901287553648,3.9914163090128754,77.0,17.0,21.0,39.0,60.0,0.0971843778383288,0.990152193375112,56.73943314571705,45.15714285714286,,
p07,2020-03-17,26359894201,2020-03-16 23:11:30,2020-03-17 07:45:30,7.783333333333333,stages,467,47,0,1,47,132.0,125.0,210.0,31.0,0.0,9.14396887159533,0.0,28.265524625267666,26.76659528907923,3.982869379014989,87.0,24.0,21.0,42.0,132.0,0.0583090379008746,0.9980544747081712,57.114474317105895,51.2,,
p07,2020-02-22,26016150425,2020-02-21 23:01:00,2020-02-22 08:05:00,7.8,stages,468,76,0,0,76,70.0,67.0,331.0,30.0,1.0,13.970588235294118,0.0,14.957264957264957,14.316239316239317,3.8461538461538463,81.0,17.0,22.0,42.0,70.0,0.073170731707317,0.9834558823529412,51.56799099135548,47.285714285714285,,
p07,2019-12-17,25037523694,2019-12-16 22:07:00,2019-12-17 06:54:30,7.8,stages,468,59,0,0,59,117.0,81.0,270.0,29.0,1.0,11.195445920303605,0.0,25.0,17.307692307692307,3.717948717948718,82.0,20.0,20.0,42.0,117.0,0.0482160077145612,0.985781990521327,56.35168414918415,47.42857142857143,,
p07,2019-12-27,25161934339,2019-12-27 02:02:00,2019-12-27 11:24:30,7.866666666666666,stages,472,90,0,0,90,123.0,93.0,256.0,24.0,3.0,16.01423487544484,0.0,26.059322033898304,19.703389830508474,3.050847457627119,70.0,21.0,11.0,38.0,123.0,0.1333930170098478,0.9866666666666668,66.36813085813084,56.125,,
p07,2019-11-23,24750473684,2019-11-23 00:40:30,2019-11-23 09:31:30,7.9,stages,474,57,0,0,57,113.0,114.0,247.0,18.0,1.0,10.734463276836157,0.0,23.839662447257385,24.050632911392405,2.2784810126582276,85.0,23.0,21.0,41.0,113.0,0.0921919096895578,0.9792843691148776,54.33015484515485,48.0,,
p07,2020-03-21,26417013188,2020-03-20 22:52:30,2020-03-21 07:50:30,7.933333333333334,stages,476,62,0,0,62,80.0,62.0,334.0,30.0,2.0,11.524163568773234,0.0,16.80672268907563,13.025210084033613,3.7815126050420167,80.0,17.0,23.0,40.0,79.0,0.0714948932219127,0.9888475836431226,52.06154374030313,45.8,,
p07,2020-02-18,25948680681,2020-02-17 22:18:00,2020-02-18 07:30:30,8.0,stages,480,72,0,0,72,117.0,151.0,212.0,28.0,3.0,13.043478260869565,0.0,24.375,31.458333333333332,3.5,89.0,23.0,21.0,45.0,117.0,0.065018315018315,0.9791855203619908,54.27601570230959,45.75,,
p07,2020-02-07,25799440967,2020-02-06 22:51:30,2020-02-07 07:49:30,8.016666666666667,stages,481,57,0,0,57,82.0,96.0,303.0,28.0,2.0,10.594795539033457,0.0,17.04781704781705,19.95841995841996,3.4927234927234925,85.0,20.0,20.0,45.0,82.0,0.0575673166202414,0.9981412639405204,56.83110084618464,50.98181818181818,,
p07,2019-12-14,25003613866,2019-12-13 22:53:00,2019-12-14 08:07:30,8.033333333333333,stages,482,72,0,0,72,95.0,146.0,241.0,24.0,3.0,12.99638989169675,0.0,19.70954356846473,30.29045643153527,2.987551867219917,88.0,22.0,21.0,45.0,95.0,0.0439560439560439,0.9972948602344456,52.65194452925012,46.42857142857143,,
p07,2019-12-04,24885180630,2019-12-03 22:33:00,2019-12-04 07:54:30,8.033333333333333,stages,482,79,0,0,79,64.0,106.0,312.0,30.0,5.0,14.081996434937611,0.0,13.278008298755188,21.991701244813278,3.7344398340248963,84.0,20.0,20.0,44.0,63.0,0.0671441360787824,0.9830810329474622,53.07726305498044,46.833333333333336,,
p07,2020-02-24,26042341074,2020-02-23 21:55:30,2020-02-24 07:16:30,8.033333333333333,stages,482,79,0,0,79,61.0,57.0,364.0,30.0,4.0,14.081996434937611,0.0,12.655601659751037,11.825726141078839,3.7344398340248963,82.0,16.0,22.0,44.0,61.0,0.0632235084594835,0.9946524064171124,53.4679210823028,46.75,,
p07,2020-01-17,25480489361,2020-01-16 23:08:00,2020-01-17 08:15:30,8.033333333333333,stages,482,65,0,0,65,126.0,97.0,259.0,27.0,2.0,11.882998171846435,0.0,26.141078838174273,20.12448132780083,3.3609958506224067,87.0,22.0,19.0,46.0,126.0,0.0451552210724365,0.9972602739726028,61.340424852924855,54.0,,
p07,2019-12-30,25199464785,2019-12-29 23:38:00,2019-12-30 09:03:30,8.033333333333333,stages,482,83,0,0,83,98.0,69.0,315.0,38.0,3.0,14.690265486725664,0.0,20.33195020746888,14.315352697095436,4.730290456431535,85.0,18.0,23.0,44.0,98.0,0.0595555555555555,0.9885057471264368,51.3342781249758,44.5,,
p07,2020-03-16,26344729203,2020-03-15 22:44:00,2020-03-16 07:55:30,8.066666666666666,stages,484,67,0,0,67,137.0,100.0,247.0,25.0,0.0,12.159709618874773,0.0,28.305785123966942,20.66115702479339,3.0991735537190084,94.0,23.0,24.0,47.0,137.0,0.0420332355816226,0.9954669084315504,54.018448734022506,47.385,,
p07,2020-03-24,26455193802,2020-03-23 23:28:30,2020-03-24 08:39:30,8.083333333333334,stages,485,66,0,0,66,90.0,99.0,296.0,31.0,3.0,11.978221415607985,0.0,18.556701030927837,20.412371134020617,3.8350515463917523,83.0,20.0,18.0,45.0,89.0,0.0652765185856754,0.9927404718693283,58.60315936856156,51.9,,
p07,2020-01-26,25606665471,2020-01-25 23:18:00,2020-01-26 09:02:30,8.1,stages,486,98,0,0,98,110.0,79.0,297.0,38.0,6.0,16.78082191780822,0.0,22.633744855967077,16.255144032921812,4.691358024691358,84.0,19.0,21.0,44.0,110.0,0.0755048287971905,0.9837467921300256,55.23703896103896,50.625,,
p07,2020-01-02,25240531257,2020-01-01 23:30:30,2020-01-02 08:52:30,8.1,stages,486,76,0,0,76,104.0,110.0,272.0,26.0,6.0,13.523131672597865,0.0,21.39917695473251,22.633744855967077,3.2098765432098766,84.0,21.0,19.0,44.0,104.0,0.0648888888888888,0.994661921708185,57.33586349051465,48.39333333333333,,
p07,2020-03-10,26260549766,2020-03-09 21:59:30,2020-03-10 07:29:30,8.116666666666667,stages,487,83,0,0,83,97.0,97.0,293.0,27.0,5.0,14.56140350877193,0.0,19.917864476386036,19.917864476386036,3.326488706365503,86.0,19.0,23.0,44.0,96.0,0.0709903593339176,0.9982456140350876,55.70551783209956,48.304761904761904,,
p07,2019-11-15,24642856054,2019-11-14 21:19:30,2019-11-15 06:42:00,8.133333333333333,stages,488,74,0,0,74,87.0,71.0,330.0,29.0,3.0,13.167259786476869,0.0,17.827868852459016,14.549180327868852,3.5655737704918034,80.0,17.0,19.0,44.0,87.0,0.0491510277033065,0.9671111111111113,55.23160365471946,48.55793650793651,,
p07,2020-03-25,26467281126,2020-03-24 23:47:00,2020-03-25 08:50:30,8.15,stages,489,54,0,0,54,68.0,55.0,366.0,43.0,1.0,9.94475138121547,0.0,13.905930470347649,11.247443762781186,5.276073619631902,83.0,16.0,21.0,46.0,68.0,0.0671015843429636,0.8997240110395585,57.33754326791136,51.625,,
p07,2019-11-19,24690222313,2019-11-18 23:54:00,2019-11-19 09:17:30,8.216666666666667,stages,493,70,0,0,70,132.0,90.0,271.0,30.0,2.0,12.433392539964476,0.0,26.774847870182555,18.255578093306287,3.6511156186612577,88.0,21.0,22.0,45.0,132.0,0.052064631956912,0.9937888198757764,52.97839375901876,47.375,,
p07,2019-11-21,24720082785,2019-11-20 22:56:00,2019-11-21 08:46:30,8.216666666666667,stages,493,97,0,0,97,122.0,101.0,270.0,33.0,2.0,16.440677966101696,0.0,24.746450304259636,20.4868154158215,4.016227180527383,84.0,21.0,20.0,43.0,121.0,0.0829769033361847,0.97883149872989,53.25805159853603,47.59571428571429,,
p07,2020-01-03,25255559440,2020-01-03 00:16:00,2020-01-03 10:06:30,8.233333333333333,stages,494,96,0,0,96,122.0,103.0,269.0,29.0,3.0,16.271186440677965,0.0,24.696356275303643,20.850202429149796,3.522267206477733,85.0,21.0,21.0,43.0,122.0,0.098976109215017,0.9720575783234549,54.40345057091572,49.09285714285714,,
p07,2020-03-23,26443543725,2020-03-22 23:36:00,2020-03-23 09:00:30,8.383333333333333,stages,503,61,0,0,61,92.0,86.0,325.0,27.0,2.0,10.815602836879433,0.0,18.290258449304176,17.09741550695825,3.2206759443339963,87.0,18.0,23.0,46.0,92.0,0.0596745027124773,1.00088573959256,52.87365283683867,46.0,,
p07,2020-02-27,26090818638,2020-02-26 22:22:30,2020-02-27 09:17:30,8.466666666666667,stages,508,147,0,0,147,79.0,47.0,382.0,34.0,6.0,22.442748091603054,0.0,15.551181102362206,9.251968503937007,4.015748031496063,75.0,16.0,19.0,40.0,78.0,0.13348588863463,0.9893129770992366,55.03328979833609,47.30238095238095,,
p07,2019-11-26,24787280516,2019-11-25 23:19:00,2019-11-26 08:42:30,8.5,stages,510,53,0,0,53,102.0,95.0,313.0,30.0,3.0,9.41385435168739,0.0,20.0,18.627450980392158,3.5294117647058822,87.0,20.0,21.0,46.0,102.0,0.0543187889581478,0.9724933451641526,54.50626428518764,48.85714285714285,,
p07,2020-01-07,25313286393,2020-01-06 20:40:30,2020-01-07 06:50:30,8.5,stages,510,100,0,0,100,80.0,109.0,321.0,33.0,5.0,16.39344262295082,0.0,15.686274509803921,21.372549019607842,3.8823529411764706,83.0,19.0,21.0,43.0,80.0,0.0819000819000819,0.99672131147541,54.321284805289736,48.623333333333335,,
p07,2020-03-12,26288677246,2020-03-11 22:07:00,2020-03-12 07:32:30,8.533333333333333,stages,512,53,0,1,53,119.0,120.0,273.0,27.0,2.0,9.380530973451327,0.0,23.2421875,23.4375,3.1640625,90.0,23.0,21.0,46.0,118.0,0.0559062218214607,0.9973474801061007,54.98584777614033,49.127678571428575,,
p07,2020-01-08,25335933537,2020-01-07 23:20:30,2020-01-08 09:10:30,8.55,stages,513,77,0,0,77,122.0,109.0,282.0,32.0,4.0,13.05084745762712,0.0,23.78167641325536,21.24756335282651,3.742690058479532,88.0,22.0,22.0,44.0,122.0,0.073666384419983,0.9983050847457628,54.74933294869627,50.25,,
p07,2020-03-30,26529472619,2020-03-29 23:08:30,2020-03-30 08:59:30,8.683333333333334,stages,521,70,0,0,70,126.0,93.0,302.0,28.0,5.0,11.844331641285956,0.0,24.18426103646833,17.850287907869482,3.224568138195777,88.0,20.0,24.0,44.0,125.0,0.0549450549450549,1.0,53.92948703862409,43.2,,
p07,2020-02-01,25711876439,2020-01-31 23:33:00,2020-02-01 09:14:30,8.7,stages,522,59,0,0,59,119.0,161.0,242.0,30.0,3.0,10.154905335628227,0.0,22.796934865900383,30.842911877394634,3.4482758620689657,90.0,23.0,21.0,46.0,119.0,0.0675324675324675,0.9853826311263972,53.93026613681064,48.96,,
p07,2019-12-09,24940595750,2019-12-08 22:16:00,2019-12-09 08:02:30,8.816666666666666,stages,529,57,0,0,57,132.0,129.0,268.0,31.0,4.0,9.726962457337883,0.0,24.95274102079395,24.38563327032136,3.516068052930057,93.0,24.0,23.0,46.0,132.0,0.0561797752808988,0.9394714407502132,52.93012985703549,47.81666666666666,,
p07,2020-02-14,25895293560,2020-02-13 22:05:30,2020-02-14 07:59:30,8.833333333333334,stages,530,64,0,0,64,127.0,150.0,253.0,30.0,4.0,10.774410774410775,0.0,23.962264150943398,28.30188679245283,3.3962264150943393,89.0,24.0,20.0,45.0,127.0,0.0580319596299411,1.0,55.2850252768182,48.5,,
p07,2020-03-09,26245291369,2020-03-08 21:20:30,2020-03-09 07:33:30,9.116666666666667,stages,547,66,0,0,66,112.0,103.0,332.0,29.0,3.0,10.766721044045678,0.0,20.47531992687386,18.82998171846435,3.1809872029250457,86.0,20.0,21.0,45.0,112.0,0.0513447432762836,0.9738988580750408,57.22022951457624,50.0,,
p07,2019-11-25,24773265387,2019-11-24 22:06:00,2019-11-25 08:52:30,9.816666666666666,stages,589,57,0,0,57,92.0,110.0,387.0,32.0,2.0,8.823529411764707,0.0,15.619694397283531,18.67572156196944,3.2597623089983023,89.0,19.0,24.0,46.0,92.0,0.0505130228887134,0.9868522815158546,51.369690127879785,45.656666666666666,,
p07,2020-01-13,25412247503,2020-01-12 21:13:30,2020-01-13 09:08:30,9.833333333333334,stages,590,125,0,0,125,115.0,113.0,362.0,41.0,9.0,17.482517482517483,0.0,19.491525423728813,19.152542372881356,4.169491525423728,82.0,20.0,21.0,41.0,115.0,0.0852550663871418,0.9874125874125874,55.84742702214373,50.44444444444444,,
p07,2020-03-02,26144839236,2020-03-01 20:09:30,2020-03-02 07:25:30,9.966666666666669,stages,598,78,0,0,78,137.0,92.0,369.0,27.0,3.0,11.538461538461538,0.0,22.909698996655518,15.384615384615385,2.709030100334448,87.0,20.0,23.0,44.0,136.0,0.0561714708056171,0.9866863905325444,51.20334069977998,43.58,,
p08,2020-01-12,25398758459,2020-01-12 00:20:00,2020-01-12 04:40:00,3.733333333333333,stages,224,36,0,1,36,33.0,11.0,180.0,23.0,0.0,13.846153846153847,0.0,14.732142857142858,4.910714285714286,6.160714285714286,52.0,14.0,11.0,27.0,33.0,0.1457085828343313,0.9846153846153848,76.28084274666305,66.61875,,
p08,2020-01-30,25676265651,2020-01-30 00:29:00,2020-01-30 05:59:30,4.7,stages,282,48,0,1,48,36.0,9.0,237.0,30.0,1.0,14.545454545454545,0.0,12.76595744680851,3.1914893617021276,6.382978723404255,63.0,14.0,18.0,31.0,35.0,0.0798122065727699,0.983358547655068,61.46675924075924,49.68888888888889,,
p08,2020-02-26,26073306584,2020-02-25 23:18:00,2020-02-26 04:44:00,4.95,stages,297,29,0,0,29,71.0,50.0,176.0,24.0,2.0,8.895705521472392,0.0,23.905723905723907,16.835016835016834,4.848484848484849,70.0,18.0,19.0,33.0,70.0,0.0721966205837173,0.9877300613496932,58.1782948159501,49.8189393939394,,
p08,2019-11-24,24759989126,2019-11-24 04:30:00,2019-11-24 10:36:30,5.4,stages,324,42,0,7,42,31.0,26.0,267.0,20.0,1.0,11.475409836065573,0.0,9.567901234567902,8.024691358024691,3.7037037037037033,60.0,14.0,12.0,34.0,31.0,0.0827586206896551,0.965893587994543,85.11789097594182,69.95,,
p08,2020-01-01,25235687156,2020-01-01 06:35:30,2020-01-01 12:53:30,5.4,stages,324,54,0,8,54,28.0,78.0,218.0,22.0,3.0,14.285714285714286,0.0,8.641975308641975,24.074074074074073,4.0740740740740735,63.0,19.0,13.0,31.0,27.0,0.095112285336856,1.0,72.3229800842896,59.141666666666666,,
p08,2020-01-28,25637442441,2020-01-28 00:19:30,2020-01-28 07:09:00,5.733333333333333,stages,344,65,0,0,65,46.0,36.0,262.0,32.0,2.0,15.89242053789731,0.0,13.372093023255815,10.465116279069768,5.5813953488372094,68.0,16.0,20.0,32.0,45.0,0.0723039215686274,0.9816849816849816,56.25391333376408,48.22361111111111,,
p08,2019-12-10,24955358947,2019-12-10 00:56:30,2019-12-10 07:32:00,5.783333333333333,stages,347,48,0,0,48,50.0,50.0,247.0,25.0,2.0,12.151898734177216,0.0,14.409221902017292,14.409221902017292,4.322766570605188,65.0,17.0,13.0,35.0,50.0,0.1008939974457215,0.9962073324905184,63.04621184652911,52.66666666666666,,
p08,2020-02-21,26002194338,2020-02-21 01:06:00,2020-02-21 07:39:30,5.966666666666667,stages,358,35,0,1,35,42.0,52.0,264.0,21.0,2.0,8.9058524173028,0.0,11.731843575418994,14.525139664804469,3.519553072625698,75.0,17.0,21.0,37.0,42.0,0.055627425614489,0.9936467598475224,60.35938403029196,51.05,,
p08,2019-12-24,25127024324,2019-12-23 23:56:30,2019-12-24 07:05:30,5.983333333333333,stages,359,70,0,0,70,68.0,40.0,251.0,28.0,2.0,16.317016317016318,0.0,18.941504178272982,11.142061281337048,4.67966573816156,62.0,16.0,14.0,32.0,68.0,0.1129220023282887,0.993006993006993,57.4655085394522,48.79166666666667,,
p08,2019-12-07,24919819656,2019-12-07 00:52:30,2019-12-07 07:44:30,6.1,stages,366,46,0,0,46,56.0,42.0,268.0,32.0,2.0,11.16504854368932,0.0,15.300546448087431,11.475409836065573,5.245901639344263,73.0,16.0,21.0,36.0,56.0,0.0715151515151515,0.9927184466019418,55.80741963822648,45.59285714285714,,
p08,2020-01-26,25605676430,2020-01-25 22:41:00,2020-01-26 05:45:30,6.3,stages,378,46,0,0,46,59.0,45.0,274.0,38.0,1.0,10.849056603773585,0.0,15.60846560846561,11.904761904761905,6.031746031746032,69.0,16.0,15.0,38.0,59.0,0.080722891566265,0.9964664310954064,58.89184115726668,47.72727272727273,,
p08,2019-11-29,24818660562,2019-11-29 00:01:30,2019-11-29 07:31:30,6.383333333333334,stages,383,67,0,0,67,15.0,54.0,314.0,34.0,2.0,14.88888888888889,0.0,3.91644908616188,14.099216710182768,5.326370757180157,68.0,14.0,19.0,35.0,15.0,0.0688124306326304,0.9911111111111112,55.522626408220574,48.40714285714286,,
p08,2020-01-27,25620684571,2020-01-27 00:37:00,2020-01-27 07:49:00,6.433333333333334,stages,386,46,0,0,46,64.0,5.0,317.0,29.0,2.0,10.648148148148149,0.0,16.580310880829014,1.2953367875647668,4.507772020725389,65.0,14.0,13.0,38.0,64.0,0.0751173708920187,0.9976851851851852,64.20720471201909,56.02976190476191,,
p08,2020-01-02,25241745366,2020-01-02 01:55:30,2020-01-02 09:09:00,6.45,stages,387,46,0,0,46,43.0,52.0,292.0,33.0,0.0,10.623556581986143,0.0,11.11111111111111,13.436692506459949,5.116279069767442,75.0,16.0,21.0,38.0,43.0,0.063437139561707,0.9896193771626296,54.54290229972048,47.457142857142856,,
p08,2020-01-07,25314381786,2020-01-06 23:30:00,2020-01-07 07:16:30,6.5,stages,390,76,0,0,76,47.0,49.0,294.0,32.0,3.0,16.30901287553648,0.0,12.051282051282051,12.564102564102564,4.923076923076923,66.0,16.0,16.0,34.0,47.0,0.0836047774158523,0.994640943193998,59.42644961001642,49.015,,
p08,2020-03-24,26455233345,2020-03-24 00:24:00,2020-03-24 08:08:30,6.516666666666667,stages,391,73,0,0,73,40.0,46.0,305.0,32.0,4.0,15.732758620689655,0.0,10.230179028132993,11.764705882352942,4.910485933503836,70.0,16.0,19.0,35.0,39.0,0.0783460282916213,1.0010764262648009,52.350277738987415,44.68888888888889,,
p08,2020-03-30,26529747076,2020-03-30 00:27:00,2020-03-30 08:08:30,6.533333333333333,stages,392,69,0,0,69,48.0,51.0,293.0,32.0,3.0,14.967462039045554,0.0,12.244897959183673,13.010204081632653,4.8979591836734695,72.0,16.0,20.0,36.0,48.0,0.0697674418604651,0.9967497291440952,55.289480754752496,47.55,,
p08,2020-02-14,25896043613,2020-02-13 23:52:00,2020-02-14 07:24:30,6.583333333333333,stages,395,57,0,8,57,12.0,14.0,369.0,29.0,2.0,12.610619469026549,0.0,3.037974683544304,3.5443037974683542,4.405063291139241,62.0,12.0,13.0,37.0,12.0,0.0709534368070953,1.0011049723756906,73.74495276001898,57.17714285714286,,
p08,2020-01-06,25297525148,2020-01-05 23:34:30,2020-01-06 07:19:30,6.65,stages,399,66,0,0,66,40.0,69.0,290.0,26.0,3.0,14.193548387096774,0.0,10.025062656641603,17.293233082706767,3.9097744360902253,70.0,17.0,18.0,35.0,40.0,0.0827067669172932,1.0,55.54739864078574,47.0,,
p08,2019-12-28,25173413607,2019-12-28 01:13:00,2019-12-28 09:19:30,6.65,stages,399,87,0,14,87,45.0,5.0,349.0,33.0,4.0,17.901234567901234,0.0,11.278195488721805,1.2531328320802004,4.962406015037594,63.0,14.0,16.0,33.0,45.0,0.0970072239422084,0.9928057553956836,55.67439658340279,48.57428571428572,,
p08,2020-03-03,26161394767,2020-03-02 23:16:00,2020-03-03 07:06:00,6.666666666666667,stages,400,70,0,0,70,72.0,47.0,281.0,32.0,3.0,14.893617021276595,0.0,18.0,11.75,4.8,69.0,16.0,16.0,37.0,71.0,0.0893246187363834,1.0,59.00878972091738,48.73035714285714,,
p08,2019-12-04,24884819051,2019-12-03 23:11:30,2019-12-04 07:07:30,6.666666666666667,stages,400,76,0,0,76,67.0,79.0,254.0,30.0,4.0,15.966386554621849,0.0,16.75,19.75,4.5,68.0,18.0,16.0,34.0,66.0,0.0996852046169989,1.0,60.60068322783659,49.48863636363636,,
p08,2020-01-24,25580502821,2020-01-24 00:22:00,2020-01-24 08:17:30,6.683333333333334,stages,401,74,0,0,74,72.0,74.0,255.0,22.0,2.0,15.578947368421053,0.0,17.955112219451372,18.453865336658353,3.2917705735660845,68.0,18.0,16.0,34.0,71.0,0.0675818373812038,1.0010515247108307,56.628300259497735,47.53333333333333,,
p08,2019-11-14,24629537286,2019-11-13 23:49:30,2019-11-14 07:36:00,6.7,stages,402,64,0,0,64,57.0,58.0,287.0,37.0,4.0,13.733905579399142,0.0,14.17910447761194,14.427860696517413,5.522388059701492,73.0,17.0,19.0,37.0,56.0,0.082529474812433,0.9839228295819936,52.02852600074822,44.88,,
p08,2019-12-19,25069701660,2019-12-19 00:24:00,2019-12-19 08:26:30,6.733333333333333,stages,404,78,0,0,78,68.0,43.0,293.0,28.0,5.0,16.182572614107883,0.0,16.831683168316832,10.643564356435643,4.158415841584159,70.0,16.0,19.0,35.0,67.0,0.0911949685534591,0.9968911917098444,56.80261555261555,47.0,,
p08,2020-01-29,25660670215,2020-01-29 00:47:30,2020-01-29 08:36:00,6.75,stages,405,63,0,6,63,67.0,30.0,308.0,32.0,3.0,13.461538461538462,0.0,16.54320987654321,7.407407407407407,4.7407407407407405,68.0,15.0,15.0,38.0,67.0,0.0818777292576419,0.9903948772678762,65.7598192516296,52.720000000000006,,
p08,2020-03-02,26144544457,2020-03-01 23:14:00,2020-03-02 07:08:00,6.783333333333333,stages,407,67,0,0,67,50.0,25.0,332.0,31.0,4.0,14.135021097046414,0.0,12.285012285012286,6.142506142506143,4.57002457002457,72.0,15.0,19.0,38.0,50.0,0.0752453653217012,0.9936708860759492,56.5585707698765,49.5,,
p08,2020-03-09,26244543950,2020-03-08 23:10:00,2020-03-09 07:34:30,6.8,stages,408,96,0,0,96,41.0,14.0,353.0,34.0,5.0,19.047619047619047,0.0,10.049019607843137,3.4313725490196076,5.0,67.0,14.0,20.0,33.0,40.0,0.071071071071071,0.9890981169474728,54.193665758645714,47.0,,
p08,2020-02-19,25964757873,2020-02-18 23:22:30,2020-02-19 07:25:30,6.816666666666666,stages,409,74,0,8,74,49.0,38.0,322.0,28.0,3.0,15.320910973084887,0.0,11.98044009779951,9.290953545232274,4.10757946210269,69.0,15.0,19.0,35.0,49.0,0.0868665977249224,0.9627329192546584,61.509184393861815,52.87777777777778,,
p08,2019-11-12,24605116778,2019-11-11 23:02:00,2019-11-12 07:07:30,6.816666666666666,stages,409,76,0,0,76,62.0,62.0,285.0,36.0,3.0,15.670103092783505,0.0,15.158924205378973,15.158924205378973,5.28117359413203,72.0,17.0,18.0,37.0,62.0,0.1076280041797283,0.9969104016477858,57.52758861547272,46.11944444444445,,
p08,2019-12-18,25055615665,2019-12-18 00:51:00,2019-12-18 08:49:30,6.833333333333333,stages,410,68,0,0,68,56.0,47.0,307.0,39.0,2.0,14.225941422594142,0.0,13.658536585365853,11.463414634146341,5.707317073170732,72.0,16.0,19.0,37.0,56.0,0.0844772967265047,0.992685475444096,56.896261638945845,47.63809523809524,,
p08,2019-12-13,24992858512,2019-12-12 23:43:00,2019-12-13 07:44:00,6.833333333333333,stages,410,71,0,3,71,76.0,44.0,290.0,38.0,1.0,14.76091476091476,0.0,18.536585365853657,10.731707317073171,5.560975609756098,77.0,16.0,23.0,38.0,76.0,0.0625674217907227,0.997920997920998,53.07666035353536,46.99375,,
p08,2019-12-02,24851379856,2019-12-01 23:20:30,2019-12-02 07:24:00,6.85,stages,411,72,0,5,72,62.0,48.0,301.0,27.0,3.0,14.906832298136646,0.0,15.085158150851582,11.678832116788321,3.9416058394160585,73.0,16.0,21.0,36.0,61.0,0.0785340314136125,0.9948293691830404,55.76340723840724,46.44444444444444,,
p08,2020-01-08,25336575804,2020-01-07 23:45:00,2020-01-08 07:55:30,6.883333333333334,stages,413,77,0,0,77,59.0,47.0,307.0,29.0,5.0,15.714285714285714,0.0,14.285714285714286,11.380145278450364,4.213075060532687,71.0,16.0,18.0,37.0,58.0,0.0770855332629355,0.982670744138634,56.10496338608372,48.0,,
p08,2020-02-04,25751665539,2020-02-03 23:46:00,2020-02-04 07:46:30,6.916666666666667,stages,415,65,0,0,65,66.0,38.0,311.0,29.0,6.0,13.541666666666666,0.0,15.903614457831326,9.156626506024097,4.192771084337349,74.0,16.0,21.0,37.0,66.0,0.0739176346356916,0.9989594172736732,55.80364102332853,48.19714285714286,,
p08,2020-02-20,25981209158,2020-02-19 23:10:00,2020-02-20 07:15:30,6.933333333333334,stages,416,69,0,4,69,68.0,93.0,255.0,37.0,3.0,14.22680412371134,0.0,16.346153846153847,22.35576923076923,5.336538461538462,76.0,20.0,19.0,37.0,68.0,0.0787564766839378,0.988671472708548,59.43957792207792,49.43650793650794,,
p08,2019-11-19,24689343230,2019-11-18 23:39:00,2019-11-19 07:48:30,6.933333333333334,stages,416,73,0,0,73,74.0,36.0,306.0,34.0,3.0,14.928425357873211,0.0,17.78846153846154,8.653846153846153,4.903846153846153,66.0,16.0,13.0,37.0,74.0,0.1134020618556701,0.992849846782431,60.73571243000255,49.04166666666666,,
p08,2020-02-13,25879353993,2020-02-12 23:32:30,2020-02-13 07:17:30,6.933333333333334,stages,416,49,0,0,49,84.0,27.0,305.0,30.0,1.0,10.53763440860215,0.0,20.192307692307693,6.490384615384615,4.326923076923077,72.0,15.0,18.0,39.0,83.0,0.0644468313641246,0.9935483870967742,61.99894726485635,53.0,,
p08,2020-03-18,26376446174,2020-03-18 00:07:00,2020-03-18 08:13:00,6.933333333333334,stages,416,70,0,0,70,94.0,43.0,279.0,38.0,3.0,14.40329218106996,0.0,22.596153846153847,10.336538461538462,5.480769230769231,70.0,17.0,16.0,37.0,94.0,0.0850622406639004,0.9917695473251028,58.14862533156101,50.08541666666667,,
p08,2019-11-22,24737364324,2019-11-21 23:55:30,2019-11-22 08:07:30,6.95,stages,417,75,0,11,75,67.0,70.0,280.0,29.0,3.0,15.24390243902439,0.0,16.06714628297362,16.786570743405274,4.172661870503597,71.0,17.0,19.0,35.0,66.0,0.1045685279187817,0.9817073170731708,56.51677481708538,48.57142857142857,,
p08,2019-12-03,24863076809,2019-12-02 23:42:00,2019-12-03 08:07:30,6.95,stages,417,88,0,6,88,62.0,50.0,305.0,36.0,4.0,17.425742574257427,0.0,14.86810551558753,11.990407673860911,5.179856115107913,69.0,16.0,16.0,37.0,61.0,0.0934579439252336,0.9910979228486648,60.22628077178975,49.72727272727273,,
p08,2020-02-10,25839200853,2020-02-09 23:21:30,2020-02-10 07:22:30,6.966666666666667,stages,418,63,0,0,63,75.0,40.0,303.0,37.0,3.0,13.097713097713097,0.0,17.942583732057415,9.569377990430622,5.311004784688995,73.0,16.0,19.0,38.0,75.0,0.0809968847352024,0.9937629937629938,58.70651290248571,51.12125,,
p08,2020-02-17,25935544067,2020-02-16 23:17:00,2020-02-17 07:18:30,7.0,stages,420,61,0,0,61,86.0,65.0,269.0,36.0,2.0,12.681912681912682,0.0,20.476190476190474,15.476190476190476,5.142857142857143,75.0,17.0,20.0,38.0,86.0,0.0795811518324607,0.9927310488058152,58.1543724000314,50.0,,
p08,2019-11-15,24642696271,2019-11-14 23:36:00,2019-11-15 07:56:30,7.0,stages,420,80,0,0,80,70.0,107.0,243.0,29.0,1.0,16.0,0.0,16.666666666666668,25.476190476190474,4.142857142857143,76.0,21.0,15.0,40.0,70.0,0.0826985854189336,0.991008991008991,60.61726095924684,48.975,,
p08,2020-02-03,25736970595,2020-02-02 23:10:00,2020-02-03 07:14:30,7.016666666666667,stages,421,63,0,0,63,49.0,77.0,295.0,32.0,4.0,13.016528925619834,0.0,11.63895486935867,18.28978622327791,4.5605700712589075,78.0,18.0,19.0,41.0,48.0,0.0694300518134715,0.9927760577915375,57.97955662955663,49.888888888888886,,
p08,2019-11-20,24703090834,2019-11-19 23:21:00,2019-11-20 07:30:00,7.05,stages,423,66,0,0,66,70.0,76.0,277.0,41.0,4.0,13.496932515337424,0.0,16.548463356973997,17.96690307328605,5.815602836879433,73.0,18.0,14.0,41.0,70.0,0.1015544041450777,0.9877300613496932,62.07080349487182,51.56,,
p08,2020-02-27,26089325653,2020-02-26 22:25:00,2020-02-27 06:35:30,7.05,stages,423,67,0,1,67,77.0,24.0,322.0,36.0,2.0,13.673469387755102,0.0,18.203309692671393,5.673758865248227,5.1063829787234045,76.0,15.0,20.0,41.0,77.0,0.0841995841995842,0.9928644240570846,57.44487927085463,47.8,,
p08,2019-11-13,24619240566,2019-11-12 23:05:00,2019-11-13 07:09:00,7.05,stages,423,61,0,0,61,73.0,47.0,303.0,29.0,2.0,12.603305785123966,0.0,17.257683215130022,11.11111111111111,4.113475177304965,74.0,16.0,16.0,42.0,72.0,0.0725720384204909,0.987603305785124,57.17414506692749,48.688750000000006,,
p08,2020-03-16,26345109700,2020-03-15 23:53:00,2020-03-16 08:05:00,7.066666666666666,stages,424,68,0,0,68,91.0,51.0,282.0,42.0,2.0,13.821138211382113,0.0,21.462264150943398,12.028301886792454,5.943396226415095,78.0,17.0,19.0,42.0,91.0,0.0864583333333333,0.9878048780487804,54.77181812243541,47.39236111111112,,
p08,2020-02-22,26016417132,2020-02-22 01:35:00,2020-02-22 09:39:00,7.066666666666666,stages,424,60,0,0,60,62.0,34.0,328.0,31.0,3.0,12.396694214876034,0.0,14.622641509433961,8.018867924528301,4.386792452830189,71.0,15.0,15.0,41.0,61.0,0.0764397905759162,0.987603305785124,67.66145729561002,55.695,,
p08,2019-12-09,24940641066,2019-12-08 23:54:00,2019-12-09 08:13:00,7.066666666666666,stages,424,75,0,0,75,68.0,54.0,302.0,34.0,5.0,15.030060120240481,0.0,16.037735849056602,12.735849056603774,4.811320754716982,74.0,17.0,16.0,41.0,67.0,0.0771637122002085,0.995991983967936,58.40994103147021,49.55353535353535,,
p08,2020-03-17,26360190581,2020-03-17 00:06:00,2020-03-17 08:10:30,7.083333333333333,stages,425,59,0,1,59,77.0,54.0,294.0,34.0,1.0,12.190082644628099,0.0,18.11764705882353,12.705882352941176,4.8,77.0,17.0,18.0,42.0,77.0,0.0613756613756613,0.9969040247678018,55.7629955275918,48.72063492063492,,
p08,2020-01-04,25271304800,2020-01-04 00:16:30,2020-01-04 09:15:00,7.1,stages,426,112,0,0,112,61.0,54.0,311.0,30.0,7.0,20.817843866171003,0.0,14.31924882629108,12.67605633802817,4.225352112676057,71.0,16.0,20.0,35.0,60.0,0.1130841121495327,0.9953574744661096,52.00448111175723,44.5,,
p08,2019-12-12,24978474292,2019-12-11 23:22:30,2019-12-12 07:29:00,7.116666666666666,stages,427,59,0,6,59,51.0,28.0,348.0,28.0,3.0,12.139917695473251,0.0,11.943793911007026,6.557377049180328,3.934426229508197,74.0,15.0,17.0,42.0,51.0,0.0695468914646996,0.9928057553956836,59.035312456119904,50.457142857142856,,
p08,2020-02-06,25782412752,2020-02-05 23:15:30,2020-02-06 07:35:30,7.116666666666666,stages,427,73,0,0,73,77.0,21.0,329.0,33.0,4.0,14.6,0.0,18.0327868852459,4.918032786885246,4.637002341920375,74.0,15.0,19.0,40.0,77.0,0.0739260739260739,0.982,59.81318487464109,50.0,,
p08,2019-11-25,24772750924,2019-11-24 23:29:00,2019-11-25 07:46:30,7.133333333333334,stages,428,69,0,0,69,39.0,46.0,343.0,31.0,4.0,13.883299798792757,0.0,9.11214953271028,10.74766355140187,4.345794392523365,77.0,15.0,22.0,40.0,39.0,0.0798786653185035,0.9909547738693468,54.9715891894898,44.785714285714285,,
p08,2019-12-20,25085069675,2019-12-20 03:16:30,2019-12-20 12:03:30,7.166666666666667,stages,430,97,0,0,97,82.0,44.0,304.0,18.0,3.0,18.40607210626186,0.0,19.069767441860463,10.232558139534884,2.511627906976744,62.0,16.0,10.0,36.0,82.0,0.166824644549763,0.9943074003795066,75.62063244219732,57.75416666666667,,
p08,2020-01-05,25284236029,2020-01-05 00:36:00,2020-01-05 08:40:00,7.166666666666667,stages,430,54,0,3,54,68.0,51.0,311.0,32.0,3.0,11.15702479338843,0.0,15.813953488372093,11.86046511627907,4.465116279069767,73.0,16.0,15.0,42.0,68.0,0.0819327731092437,0.9896694214876032,54.606639463528815,47.59,,
p08,2020-03-26,26479270124,2020-03-25 23:59:30,2020-03-26 08:01:30,7.166666666666667,stages,430,52,0,2,52,91.0,77.0,262.0,35.0,1.0,10.78838174273859,0.0,21.162790697674417,17.906976744186046,4.883720930232558,77.0,18.0,17.0,42.0,90.0,0.0715025906735751,0.9937759336099584,54.33975258098431,46.359722222222224,,
p08,2020-03-27,26491432162,2020-03-26 23:46:30,2020-03-27 08:05:30,7.166666666666667,stages,430,69,0,0,69,73.0,83.0,274.0,35.0,4.0,13.827655310621243,0.0,16.976744186046513,19.302325581395348,4.883720930232558,75.0,19.0,16.0,40.0,73.0,0.081081081081081,1.0,56.29879860731564,48.388571428571424,,
p08,2019-11-18,24676413873,2019-11-17 23:44:00,2019-11-18 08:07:30,7.183333333333334,stages,431,72,0,0,72,46.0,60.0,325.0,42.0,2.0,14.314115308151093,0.0,10.672853828306264,13.921113689095128,5.846867749419953,76.0,16.0,19.0,41.0,46.0,0.0959040959040959,0.997020854021847,54.02762535715723,45.44722222222222,,
p08,2020-03-06,26204725934,2020-03-05 22:51:30,2020-03-06 06:58:30,7.183333333333334,stages,431,56,0,4,56,75.0,53.0,303.0,31.0,2.0,11.498973305954825,0.0,17.40139211136891,12.296983758700696,4.315545243619489,77.0,17.0,19.0,41.0,74.0,0.0748717948717948,0.995893223819302,58.21667581559334,47.605,,
p08,2020-02-12,25866655841,2020-02-11 23:28:30,2020-02-12 07:54:30,7.183333333333334,stages,431,75,0,0,75,43.0,28.0,360.0,28.0,2.0,14.82213438735178,0.0,9.976798143851509,6.496519721577727,3.897911832946636,72.0,15.0,18.0,39.0,43.0,0.1036525172754195,0.9980237154150198,61.00208535139228,51.577777777777776,,
p08,2020-01-23,25564026334,2020-01-22 23:58:00,2020-01-23 08:11:00,7.183333333333334,stages,431,62,0,3,62,65.0,83.0,283.0,37.0,2.0,12.57606490872211,0.0,15.081206496519721,19.25754060324826,5.150812064965197,79.0,19.0,19.0,41.0,65.0,0.0712074303405572,0.995943204868154,55.053665326526826,44.88194444444444,,
p08,2020-01-20,25519957827,2020-01-19 22:49:30,2020-01-20 06:59:30,7.183333333333334,stages,431,59,0,0,59,71.0,48.0,312.0,32.0,3.0,12.040816326530612,0.0,16.473317865429234,11.136890951276103,4.454756380510441,77.0,16.0,20.0,41.0,71.0,0.0815494393476044,0.9877551020408164,50.10902822498897,42.220000000000006,,
p08,2019-11-26,24786762017,2019-11-25 23:31:00,2019-11-26 07:37:00,7.216666666666667,stages,433,53,0,0,53,58.0,75.0,300.0,38.0,2.0,10.905349794238683,0.0,13.394919168591224,17.321016166281755,5.265588914549653,81.0,18.0,21.0,42.0,57.0,0.0609884332281808,0.9979423868312756,55.81418559676291,48.15873015873016,,
p08,2019-12-21,25095243998,2019-12-21 00:06:00,2019-12-21 08:17:30,7.216666666666667,stages,433,58,0,0,58,41.0,57.0,335.0,33.0,4.0,11.812627291242363,0.0,9.468822170900692,13.163972286374134,4.572748267898383,78.0,16.0,21.0,41.0,41.0,0.0769230769230769,0.9908443540183112,59.355225983548,45.3,,
p08,2020-02-05,25766044861,2020-02-04 22:59:00,2020-02-05 07:31:30,7.233333333333333,stages,434,78,0,0,78,60.0,57.0,317.0,39.0,6.0,15.234375,0.0,13.824884792626728,13.133640552995391,5.3917050691244235,75.0,16.0,20.0,39.0,60.0,0.0664711632453567,0.9892682926829268,59.54555743401897,51.12777777777778,,
p08,2020-03-08,26230985507,2020-03-08 00:10:30,2020-03-08 08:15:30,7.266666666666667,stages,436,49,0,0,49,61.0,74.0,301.0,36.0,2.0,10.103092783505154,0.0,13.990825688073395,16.972477064220183,4.954128440366972,79.0,17.0,20.0,42.0,61.0,0.0638516992790937,0.9876288659793816,55.87943203282451,47.5,,
p08,2020-03-04,26173879486,2020-03-03 23:02:30,2020-03-04 07:25:30,7.266666666666667,stages,436,67,0,0,67,72.0,75.0,289.0,38.0,3.0,13.320079522862823,0.0,16.513761467889907,17.201834862385322,5.229357798165138,75.0,18.0,17.0,40.0,72.0,0.0873882820258192,0.9980119284294234,59.65083985845938,49.42361111111111,,
p08,2019-11-21,24718836569,2019-11-20 23:32:30,2019-11-21 07:48:00,7.283333333333333,stages,437,58,0,0,58,63.0,58.0,316.0,35.0,3.0,11.717171717171718,0.0,14.416475972540045,13.272311212814646,4.805491990846682,73.0,17.0,15.0,41.0,63.0,0.0827447023208879,0.992936427850656,63.31809815636036,51.89375,,
p08,2020-01-14,25432470191,2020-01-13 23:28:30,2020-01-14 08:05:30,7.283333333333333,stages,437,80,0,0,80,40.0,75.0,322.0,32.0,1.0,15.473887814313347,0.0,9.153318077803204,17.162471395881006,4.393592677345538,73.0,17.0,17.0,39.0,40.0,0.1497584541062802,0.9941972920696324,56.83452008972437,49.55555555555556,,
p08,2020-03-07,26219032446,2020-03-07 00:30:00,2020-03-07 09:02:30,7.3,stages,438,74,0,0,74,81.0,30.0,327.0,44.0,3.0,14.453125,0.0,18.493150684931507,6.8493150684931505,6.027397260273973,73.0,15.0,17.0,41.0,81.0,0.087215064420218,0.9951219512195122,57.243569872393394,48.25,,
p08,2020-02-24,26042561207,2020-02-23 23:28:00,2020-02-24 07:45:00,7.333333333333333,stages,440,57,0,3,57,90.0,69.0,281.0,42.0,1.0,11.46881287726358,0.0,20.454545454545453,15.681818181818182,5.7272727272727275,79.0,18.0,19.0,42.0,90.0,0.1041237113402061,0.9738430583501008,58.38905651855032,49.452777777777776,,
p08,2019-12-22,25113248449,2019-12-22 03:31:00,2019-12-22 12:12:30,7.333333333333333,stages,440,81,0,0,81,107.0,51.0,282.0,25.0,2.0,15.547024952015356,0.0,24.318181818181817,11.590909090909092,3.409090909090909,67.0,17.0,11.0,39.0,106.0,0.1388621022179363,0.9587727708533078,65.73767763347763,54.66666666666666,,
p08,2019-12-06,24908259986,2019-12-05 23:39:00,2019-12-06 08:08:00,7.333333333333333,stages,440,69,0,2,69,57.0,83.0,300.0,39.0,2.0,13.555992141453832,0.0,12.954545454545455,18.863636363636363,5.318181818181818,78.0,18.0,19.0,41.0,57.0,0.0844221105527638,0.9941060903732808,56.95472932315818,47.64375,,
p08,2019-11-28,24808113226,2019-11-27 23:04:30,2019-11-28 07:23:30,7.366666666666666,stages,442,57,0,0,57,87.0,77.0,278.0,35.0,3.0,11.422845691382765,0.0,19.683257918552037,17.420814479638008,4.751131221719457,77.0,18.0,18.0,41.0,87.0,0.076076076076076,0.969939879759519,59.14502089966965,49.50681818181818,,
p08,2020-03-23,26442087723,2020-03-22 23:29:00,2020-03-23 07:57:30,7.383333333333334,stages,443,65,0,0,65,71.0,53.0,319.0,48.0,1.0,12.795275590551181,0.0,16.02708803611738,11.963882618510159,6.501128668171557,78.0,16.0,20.0,42.0,71.0,0.0859140859140859,1.0009832841691249,52.11294144079017,45.85714285714285,,
p08,2020-01-09,25356162782,2020-01-08 23:26:00,2020-01-09 07:47:30,7.4,stages,444,57,0,0,57,67.0,66.0,311.0,38.0,2.0,11.377245508982035,0.0,15.09009009009009,14.864864864864865,5.135135135135135,77.0,17.0,18.0,42.0,67.0,0.0854271356783919,0.9950149551345964,55.556949468923406,47.6225,,
p08,2020-02-25,26060084602,2020-02-24 23:51:30,2020-02-25 08:24:30,7.433333333333334,stages,446,67,0,7,67,98.0,57.0,291.0,40.0,3.0,13.060428849902534,0.0,21.973094170403588,12.780269058295964,5.381165919282511,76.0,17.0,18.0,41.0,98.0,0.0895813047711781,0.9824561403508772,60.23488949872878,50.29285714285714,,
p08,2020-01-21,25532148446,2020-01-20 23:50:00,2020-01-21 08:10:30,7.45,stages,447,53,0,0,53,45.0,119.0,283.0,30.0,2.0,10.6,0.0,10.06711409395973,26.62192393736018,4.026845637583892,76.0,21.0,14.0,41.0,45.0,0.1088911088911089,0.993006993006993,55.86508255884514,45.62,,
p08,2019-12-05,24896338188,2019-12-04 23:16:00,2019-12-05 07:50:30,7.45,stages,447,67,0,0,67,45.0,63.0,339.0,41.0,3.0,13.035019455252918,0.0,10.06711409395973,14.093959731543624,5.503355704697986,74.0,17.0,15.0,42.0,45.0,0.0747756729810568,0.999028182701652,60.63350121560237,50.8,,
p08,2020-03-05,26190481933,2020-03-04 23:06:00,2020-03-05 07:56:30,7.466666666666667,stages,448,82,0,0,82,71.0,43.0,334.0,35.0,3.0,15.471698113207546,0.0,15.848214285714286,9.598214285714286,4.6875,75.0,16.0,19.0,40.0,70.0,0.0685990338164251,0.9952874646559848,59.72041826544668,49.035,,
p08,2020-02-28,26105794276,2020-02-27 23:44:30,2020-02-28 08:08:00,7.483333333333333,stages,449,54,0,0,54,64.0,50.0,335.0,35.0,3.0,10.73558648111332,0.0,14.25389755011136,11.135857461024498,4.677060133630289,72.0,16.0,14.0,42.0,64.0,0.0774577954319761,0.9950347567030784,60.37822608750753,53.18181818181818,,
p08,2019-12-01,24840185583,2019-12-01 00:19:00,2019-12-01 08:48:00,7.483333333333333,stages,449,60,0,0,60,48.0,93.0,308.0,42.0,1.0,11.787819253438114,0.0,10.690423162583519,20.71269487750557,5.612472160356347,78.0,19.0,17.0,42.0,48.0,0.0908173562058526,0.9980353634577604,60.214454372180754,50.7,,
p08,2019-11-27,24796686687,2019-11-26 23:25:00,2019-11-27 07:57:30,7.483333333333333,stages,449,63,0,0,63,63.0,67.0,319.0,36.0,3.0,12.3046875,0.0,14.031180400890868,14.922048997772828,4.810690423162583,76.0,17.0,18.0,41.0,63.0,0.0753221010901883,1.0009756097560976,59.12290624147349,50.0,,
p08,2020-03-31,26542825294,2020-03-30 23:51:00,2020-03-31 08:07:00,7.516666666666667,stages,451,45,0,0,45,79.0,92.0,280.0,33.0,2.0,9.07258064516129,0.0,17.516629711751662,20.39911308203991,4.390243902439025,,,,,,,1.0,58.4279369152353,48.90681818181818,,
p08,2020-03-12,26289851452,2020-03-11 23:28:30,2020-03-12 08:12:00,7.55,stages,453,70,0,0,70,77.0,66.0,310.0,37.0,2.0,13.38432122370937,0.0,16.997792494481235,14.56953642384106,4.900662251655629,76.0,17.0,19.0,40.0,77.0,0.0816522574447646,0.9818529130850048,56.6109726363131,47.0,,
p08,2020-03-25,26468262285,2020-03-24 23:22:00,2020-03-25 08:12:00,7.55,stages,453,77,0,0,77,83.0,86.0,284.0,42.0,6.0,14.528301886792454,0.0,18.322295805739515,18.984547461368653,5.562913907284768,74.0,19.0,15.0,40.0,83.0,0.0764818355640535,1.0,57.6137482643143,47.38333333333333,,
p08,2020-01-13,25411255861,2020-01-12 23:14:30,2020-01-13 08:26:30,7.566666666666666,stages,454,98,0,0,98,32.0,66.0,356.0,31.0,5.0,17.753623188405797,0.0,7.048458149779735,14.537444933920705,4.096916299559472,63.0,15.0,11.0,37.0,32.0,0.1701357466063348,0.9510869565217392,64.05398886827459,56.227777777777774,,
p08,2020-02-18,25947815256,2020-02-17 22:57:30,2020-02-18 07:27:30,7.566666666666666,stages,454,56,0,0,56,66.0,21.0,367.0,37.0,2.0,10.980392156862745,0.0,14.537444933920705,4.6255506607929515,4.889867841409692,70.0,15.0,14.0,41.0,65.0,0.0822722820763956,0.9941176470588236,64.16455609917148,55.3125,,
p08,2020-01-25,25593088473,2020-01-25 00:13:30,2020-01-25 08:40:30,7.633333333333334,stages,458,49,0,0,49,91.0,99.0,268.0,36.0,1.0,9.664694280078896,0.0,19.868995633187772,21.61572052401747,4.716157205240174,81.0,21.0,18.0,42.0,91.0,0.0660098522167487,0.9822485207100592,53.80549890760734,44.42428571428572,,
p08,2020-02-11,25852528540,2020-02-10 23:00:00,2020-02-11 07:40:30,7.683333333333334,stages,461,59,0,0,59,72.0,81.0,308.0,39.0,2.0,11.346153846153847,0.0,15.61822125813449,17.570498915401302,5.075921908893709,81.0,18.0,21.0,42.0,72.0,0.0724779627815866,0.9875120076849184,58.80335371502687,50.45625,,
p08,2020-03-20,26404954216,2020-03-19 23:06:00,2020-03-20 08:03:00,7.7,stages,462,75,0,2,75,72.0,59.0,331.0,43.0,2.0,13.966480446927374,0.0,15.584415584415584,12.770562770562771,5.584415584415584,75.0,17.0,16.0,42.0,72.0,0.0769230769230769,0.9981378026070764,58.68513688322457,49.48611111111112,,
p08,2020-02-07,25800076594,2020-02-06 22:49:30,2020-02-07 07:36:30,7.7,stages,462,65,0,0,65,87.0,45.0,330.0,29.0,3.0,12.333965844402277,0.0,18.83116883116883,9.74025974025974,3.766233766233766,74.0,16.0,18.0,40.0,86.0,0.0862559241706161,0.9962049335863378,64.00808053322339,51.75555555555555,,
p08,2020-01-10,25374341616,2020-01-09 22:46:00,2020-01-10 07:38:30,7.766666666666667,stages,466,66,0,2,66,75.0,59.0,332.0,31.0,3.0,12.406015037593985,0.0,16.09442060085837,12.660944206008583,3.9914163090128754,72.0,17.0,14.0,41.0,75.0,0.0777251184834123,0.991549295774648,63.73717050361879,48.10388888888889,,
p08,2020-03-10,26260917942,2020-03-09 22:21:30,2020-03-10 07:23:00,7.783333333333333,stages,467,74,0,1,74,47.0,36.0,384.0,38.0,2.0,13.67837338262477,0.0,10.06423982869379,7.708779443254818,4.882226980728052,75.0,15.0,19.0,41.0,47.0,0.0672985781990521,0.9879963065558632,55.74762376771723,47.5,,
p08,2020-01-31,25697740876,2020-01-30 23:05:00,2020-01-31 08:01:30,7.783333333333333,stages,467,69,0,0,69,57.0,24.0,386.0,32.0,2.0,12.873134328358208,0.0,12.205567451820128,5.139186295503212,4.1113490364025695,78.0,15.0,22.0,41.0,56.0,0.0765550239234449,0.97856477166822,53.11189411117982,44.61333333333334,,
p08,2020-01-16,25462227826,2020-01-15 23:38:00,2020-01-16 08:49:30,7.8,stages,468,83,0,8,83,52.0,76.0,340.0,31.0,2.0,15.063520871143377,0.0,11.11111111111111,16.23931623931624,3.9743589743589745,76.0,17.0,19.0,40.0,52.0,0.0993500464252553,0.99728014505893,56.01600334513971,45.5015873015873,,
p08,2020-02-09,25824381899,2020-02-08 23:25:00,2020-02-09 08:13:30,7.8,stages,468,60,0,0,60,64.0,55.0,349.0,39.0,1.0,11.363636363636363,0.0,13.675213675213675,11.752136752136753,5.0,78.0,16.0,20.0,42.0,64.0,0.0846812559467174,0.9933774834437086,58.567196935339794,50.388888888888886,,
p08,2020-03-19,26396185261,2020-03-18 23:22:30,2020-03-19 08:14:30,7.816666666666666,stages,469,63,0,0,63,100.0,44.0,325.0,40.0,2.0,11.842105263157896,0.0,21.321961620469082,9.381663113006397,5.11727078891258,76.0,17.0,18.0,41.0,100.0,0.072300469483568,0.9962406015037594,55.574337376460015,48.2225,,
p08,2020-01-19,25503882703,2020-01-18 22:53:30,2020-01-19 07:55:30,7.833333333333333,stages,470,72,0,0,72,31.0,111.0,328.0,39.0,4.0,13.284132841328413,0.0,6.595744680851064,23.617021276595743,4.9787234042553195,79.0,20.0,19.0,40.0,31.0,0.1096774193548387,0.9944649446494463,51.57325481156651,43.8547619047619,,
p08,2020-02-16,25921507449,2020-02-15 23:51:30,2020-02-16 08:52:00,7.983333333333333,stages,479,61,0,0,61,32.0,89.0,358.0,28.0,1.0,11.296296296296296,0.0,6.680584551148225,18.580375782881003,3.5073068893528183,81.0,17.0,23.0,41.0,31.0,0.081766917293233,0.9805735430157262,56.55827088529919,48.25,,
p08,2020-01-17,25479226191,2020-01-16 23:34:30,2020-01-17 08:23:30,8.0,stages,480,49,0,0,49,80.0,60.0,340.0,39.0,1.0,9.262759924385634,0.0,16.666666666666668,12.5,4.875,86.0,17.0,23.0,46.0,80.0,0.0698772426817752,0.9867674858223062,51.8753141016072,44.60333333333333,,
p08,2020-01-11,25387880415,2020-01-11 00:14:00,2020-01-11 10:01:00,8.0,stages,480,107,0,5,107,62.0,66.0,352.0,29.0,5.0,18.228279386712096,0.0,12.916666666666666,13.75,3.625,76.0,17.0,16.0,43.0,62.0,0.0669045495093666,0.9880749574105622,57.67684934318555,51.268181818181816,,
p08,2020-02-15,25909323567,2020-02-15 00:29:30,2020-02-15 09:31:00,8.116666666666667,stages,487,54,0,0,54,77.0,61.0,349.0,30.0,1.0,9.981515711645102,0.0,15.811088295687885,12.525667351129364,3.6960985626283365,86.0,17.0,23.0,46.0,77.0,0.0525821596244131,0.943674976915974,55.5509843331272,48.6125,,
p08,2019-11-17,24666667030,2019-11-17 00:23:30,2019-11-17 09:36:30,8.183333333333334,stages,491,62,0,0,62,84.0,96.0,311.0,33.0,3.0,11.211573236889693,0.0,17.10794297352342,19.55193482688391,4.032586558044806,83.0,19.0,19.0,45.0,84.0,0.1056910569105691,0.9981916817359856,54.36343468327164,46.625,,
p08,2019-12-31,25217621156,2019-12-31 02:05:00,2019-12-31 11:28:00,8.25,stages,495,68,0,6,68,77.0,68.0,350.0,38.0,3.0,12.078152753108348,0.0,15.555555555555555,13.737373737373737,4.606060606060606,85.0,17.0,22.0,46.0,76.0,0.065619223659889,0.9982238010657194,52.95321427287619,46.50357142857143,,
p08,2020-02-01,25712974113,2020-01-31 23:34:30,2020-02-01 09:04:00,8.25,stages,495,74,0,1,74,92.0,61.0,342.0,36.0,3.0,13.005272407732864,0.0,18.585858585858585,12.323232323232324,4.363636363636363,82.0,17.0,20.0,45.0,91.0,0.0814880425155004,0.9938542581211588,54.46754215552802,47.40714285714286,,
p08,2020-01-22,25550444788,2020-01-21 22:38:30,2020-01-22 08:02:30,8.266666666666667,stages,496,68,0,0,68,97.0,69.0,330.0,36.0,2.0,12.056737588652481,0.0,19.556451612903224,13.911290322580646,4.354838709677419,76.0,17.0,14.0,45.0,96.0,0.0735163861824623,0.9893617021276596,57.715359172886046,48.11111111111112,,
p08,2020-03-13,26308415189,2020-03-13 00:12:00,2020-03-13 09:42:30,8.283333333333333,stages,497,73,0,0,73,86.0,74.0,337.0,42.0,1.0,12.807017543859649,0.0,17.303822937625753,14.88933601609658,5.070422535211268,77.0,17.0,15.0,45.0,85.0,0.0909090909090909,0.9991235758106924,60.23585447203868,50.47625,,
p08,2019-11-30,24827636725,2019-11-30 01:30:30,2019-11-30 10:41:30,8.316666666666666,stages,499,52,0,3,52,94.0,55.0,350.0,40.0,1.0,9.437386569872958,0.0,18.837675350701403,11.022044088176353,4.809619238476954,76.0,17.0,13.0,46.0,93.0,0.0843155031731641,0.998185117967332,63.93106795224978,52.825,,
p08,2019-12-08,24929604298,2019-12-08 00:05:00,2019-12-08 09:43:30,8.366666666666667,stages,502,76,0,0,76,47.0,48.0,407.0,43.0,3.0,13.14878892733564,0.0,9.362549800796813,9.56175298804781,5.139442231075697,79.0,16.0,18.0,45.0,46.0,0.081952920662598,0.9939498703543648,54.52434054834056,47.15952380952381,,
p08,2020-03-22,26431025224,2020-03-21 23:34:00,2020-03-22 09:47:00,8.516666666666667,stages,511,102,0,1,102,86.0,32.0,393.0,48.0,5.0,16.6394779771615,0.0,16.829745596868886,6.262230919765166,5.636007827788649,78.0,15.0,19.0,44.0,86.0,0.0791007493755204,0.9934747145187602,55.03231807874664,47.0,,
p08,2020-03-11,26278465038,2020-03-10 23:45:00,2020-03-11 09:45:30,8.55,stages,513,87,0,1,87,58.0,61.0,394.0,47.0,5.0,14.5,0.0,11.306042884990253,11.89083820662768,5.497076023391813,77.0,16.0,17.0,44.0,58.0,0.0814441645675902,0.9925062447960034,56.927585660052095,48.57589285714286,,
p08,2019-12-29,25190947826,2019-12-29 03:21:00,2019-12-29 13:12:00,8.566666666666666,stages,514,77,0,4,77,56.0,46.0,412.0,51.0,2.0,13.028764805414552,0.0,10.894941634241246,8.949416342412452,5.953307392996109,74.0,16.0,13.0,45.0,56.0,0.0876288659793814,0.9966159052453468,67.10679153896471,53.62285714285714,,
p08,2019-11-16,24655696518,2019-11-16 00:33:30,2019-11-16 10:53:30,8.6,stages,516,104,0,0,104,62.0,72.0,382.0,38.0,3.0,16.774193548387096,0.0,12.015503875968992,13.953488372093023,4.4186046511627906,75.0,17.0,16.0,42.0,62.0,0.1023368251410153,0.9935483870967742,56.54894708916625,49.0,,
p08,2019-12-11,24967460099,2019-12-10 22:23:00,2019-12-11 08:19:30,8.6,stages,516,80,0,0,80,65.0,90.0,361.0,40.0,3.0,13.422818791946309,0.0,12.5968992248062,17.441860465116278,4.651162790697675,79.0,18.0,17.0,44.0,65.0,0.0954391891891891,0.9941324392288348,59.5739906898423,49.17714285714286,,
p08,2020-03-01,26133078910,2020-03-01 00:26:30,2020-03-01 10:33:00,8.616666666666667,stages,517,89,0,0,89,88.0,71.0,358.0,46.0,4.0,14.686468646864686,0.0,17.02127659574468,13.733075435203094,5.338491295938105,79.0,17.0,18.0,44.0,88.0,0.091887417218543,0.9991755976916736,56.54435294719948,49.125,,
p08,2019-12-23,25116910326,2019-12-23 00:24:30,2019-12-23 10:09:00,8.633333333333333,stages,518,66,0,7,66,80.0,72.0,366.0,35.0,1.0,11.301369863013699,0.0,15.444015444015443,13.8996138996139,4.054054054054054,85.0,17.0,22.0,46.0,80.0,0.0826086956521739,0.994011976047904,51.206117730042,44.4,,
p08,2019-12-25,25139986673,2019-12-25 02:01:30,2019-12-25 12:03:30,8.683333333333334,stages,521,81,0,0,81,93.0,31.0,397.0,43.0,5.0,13.455149501661129,0.0,17.850287907869482,5.950095969289827,4.952015355086372,75.0,15.0,16.0,44.0,92.0,0.0995850622406639,0.9933554817275748,57.29374948722775,50.626666666666665,,
p08,2020-02-23,26030621079,2020-02-23 00:25:30,2020-02-23 10:18:00,8.7,stages,522,70,0,3,70,60.0,74.0,388.0,44.0,1.0,11.824324324324325,0.0,11.494252873563218,14.17624521072797,5.057471264367816,84.0,17.0,21.0,46.0,60.0,0.071244635193133,0.9907172995780592,56.16008226583184,50.0,,
p08,2020-03-15,26332760431,2020-03-14 23:04:00,2020-03-15 09:27:00,8.7,stages,522,101,0,0,101,84.0,74.0,364.0,50.0,7.0,16.21187800963082,0.0,16.091954022988507,14.17624521072797,5.74712643678161,79.0,17.0,18.0,44.0,84.0,0.074074074074074,0.9727126805778492,57.177546266531415,49.0,,
p08,2019-12-27,25164708623,2019-12-27 01:37:30,2019-12-27 12:04:00,8.716666666666667,stages,523,103,0,0,103,92.0,77.0,354.0,47.0,5.0,16.45367412140575,0.0,17.590822179732314,14.722753346080307,5.3919694072657744,80.0,17.0,20.0,43.0,92.0,0.0898876404494382,0.997605746209098,55.04588987012988,47.86349206349206,,
p08,2019-12-30,25200786971,2019-12-30 01:31:30,2019-12-30 11:35:30,8.733333333333333,stages,524,80,0,15,80,83.0,127.0,314.0,45.0,2.0,13.245033112582782,0.0,15.83969465648855,24.236641221374047,5.1526717557251915,85.0,21.0,20.0,44.0,83.0,0.097601323407775,0.9900662251655628,54.748608034477606,47.489285714285714,,
p08,2020-02-08,25813542360,2020-02-08 00:04:00,2020-02-08 10:10:00,8.916666666666666,stages,535,71,0,0,71,111.0,110.0,314.0,33.0,4.0,11.716171617161717,0.0,20.747663551401867,20.560747663551403,3.7009345794392527,87.0,21.0,21.0,45.0,111.0,0.0728196443691786,0.9587458745874587,57.38145414061937,51.375,,
p08,2020-01-15,25446733264,2020-01-14 23:17:30,2020-01-15 10:12:30,8.933333333333334,stages,536,119,0,0,119,22.0,85.0,429.0,40.0,5.0,18.16793893129771,0.0,4.104477611940299,15.85820895522388,4.477611940298507,68.0,15.0,12.0,41.0,21.0,0.1823035850495804,0.9801526717557252,63.52220401612925,52.33809523809524,,
p08,2020-03-28,26510243451,2020-03-28 00:15:00,2020-03-28 10:42:00,9.116666666666667,stages,547,80,0,3,80,113.0,95.0,339.0,50.0,4.0,12.759170653907496,0.0,20.6581352833638,17.36745886654479,5.484460694698354,82.0,19.0,18.0,45.0,112.0,0.0799347471451876,0.9936204146730464,55.44633615448223,47.83888888888889,,
p08,2020-02-29,26119630601,2020-02-29 00:11:00,2020-02-29 10:21:30,9.15,stages,549,61,0,5,61,109.0,42.0,398.0,46.0,2.0,10.0,0.0,19.854280510018214,7.6502732240437155,5.027322404371584,82.0,17.0,19.0,46.0,109.0,0.0831960461285008,0.8992628992628993,55.58336060316935,49.385,,
p08,2020-02-02,25726409657,2020-02-01 23:50:00,2020-02-02 10:25:30,9.416666666666666,stages,565,70,0,0,70,101.0,111.0,353.0,41.0,2.0,11.023622047244094,0.0,17.876106194690266,19.646017699115045,4.353982300884956,85.0,20.0,20.0,45.0,101.0,0.0785091197462331,0.9488591660110148,55.351182280038,48.45,,
p08,2019-11-23,24751559045,2019-11-23 00:12:00,2019-11-23 10:56:00,9.45,stages,567,77,0,0,77,61.0,54.0,452.0,34.0,5.0,11.956521739130435,0.0,10.758377425044092,9.523809523809524,3.597883597883598,79.0,16.0,18.0,45.0,61.0,0.068308181096108,0.998447204968944,57.85299187161551,49.12678571428572,,
p08,2020-01-18,25493194532,2020-01-18 00:31:00,2020-01-18 12:07:30,10.35,stages,621,75,0,0,75,91.0,162.0,368.0,42.0,1.0,10.775862068965518,0.0,14.65378421900161,26.08695652173913,4.057971014492754,88.0,22.0,21.0,45.0,91.0,0.091970802919708,0.9978463747307968,49.73327945435858,44.1,,
p09,2020-03-24,26456421318,2020-03-24 08:06:30,2020-03-24 11:49:00,3.0,stages,180,42,0,0,42,24.0,12.0,144.0,16.0,2.0,18.91891891891892,0.0,13.333333333333334,6.666666666666667,5.333333333333333,54.0,13.0,18.0,23.0,24.0,0.195505617977528,0.9932584269662922,58.67820937232702,52.5,,
p09,2020-01-21,25531899749,2020-01-21 02:26:00,2020-01-21 06:51:30,3.4166666666666665,stages,205,60,0,1,60,26.0,25.0,154.0,22.0,5.0,22.641509433962263,0.0,12.682926829268293,12.195121951219512,6.439024390243903,52.0,14.0,21.0,17.0,26.0,0.1354961832061068,0.8775894538606404,58.20286897175309,48.72,,
p09,2020-01-30,25674733351,2020-01-30 02:27:30,2020-01-30 07:02:30,3.8666666666666663,stages,232,43,0,1,43,61.0,44.0,127.0,12.0,1.0,15.636363636363637,0.0,26.29310344827586,18.96551724137931,3.103448275862069,61.0,18.0,22.0,21.0,60.0,0.1070780399274047,0.7963636363636364,51.584745695704605,45.4,,
p09,2019-11-12,24605390218,2019-11-12 00:47:00,2019-11-12 05:52:00,3.933333333333333,stages,236,69,0,0,69,44.0,6.0,186.0,13.0,3.0,22.62295081967213,0.0,18.64406779661017,2.542372881355932,3.305084745762712,47.0,14.0,20.0,13.0,43.0,0.1029159519725557,0.8918032786885246,60.06199853047279,48.555,,
p09,2020-01-19,25505123442,2020-01-19 05:41:00,2020-01-19 10:20:30,3.933333333333333,stages,236,43,0,0,43,74.0,46.0,116.0,21.0,3.0,15.412186379928315,0.0,31.35593220338983,19.491525423728813,5.338983050847458,56.0,19.0,13.0,24.0,73.0,0.0795660036166365,0.8300536672629696,74.32440429541722,68.57142857142857,,
p09,2019-12-06,24906589461,2019-12-05 23:15:00,2019-12-06 04:20:30,4.0,stages,240,65,0,4,65,32.0,11.0,197.0,17.0,5.0,21.311475409836067,0.0,13.333333333333334,4.583333333333333,4.25,46.0,13.0,18.0,15.0,32.0,0.1762711864406779,0.8968903436988543,58.2336115324254,49.31666666666667,,
p09,2020-02-06,25779588114,2020-02-06 00:52:30,2020-02-06 06:03:00,4.166666666666667,stages,250,60,0,3,60,65.0,26.0,159.0,15.0,2.0,19.35483870967742,0.0,26.0,10.4,3.5999999999999996,45.0,16.0,12.0,17.0,65.0,0.1156351791530944,0.8148148148148148,64.36146544496347,59.4,,
p09,2019-12-18,25052330233,2019-12-18 01:16:00,2019-12-18 06:34:00,4.383333333333334,stages,263,55,0,0,55,57.0,40.0,166.0,21.0,4.0,17.29559748427673,0.0,21.673003802281368,15.209125475285171,4.7908745247148286,62.0,17.0,17.0,28.0,57.0,0.0831946755407653,0.8710691823899371,61.63636585035501,52.333333333333336,,
p09,2020-01-04,25272508177,2020-01-04 05:46:00,2020-01-04 11:12:00,4.583333333333333,stages,275,51,0,1,51,68.0,51.0,156.0,20.0,3.0,15.644171779141104,0.0,24.727272727272727,18.545454545454547,4.363636363636364,69.0,18.0,23.0,28.0,68.0,0.0977917981072555,0.9969325153374232,57.43702808302808,52.0,,
p09,2020-01-24,25580737742,2020-01-24 02:49:00,2020-01-24 07:58:30,4.616666666666666,stages,277,32,0,0,32,63.0,50.0,164.0,17.0,2.0,10.35598705501618,0.0,22.743682310469314,18.050541516245488,3.68231046931408,70.0,18.0,21.0,31.0,62.0,0.0776699029126213,0.8820678513731826,57.44250709607852,51.08571428571429,,
p09,2020-02-10,25840570771,2020-02-10 01:52:00,2020-02-10 08:02:30,4.8,stages,288,82,0,0,82,58.0,14.0,216.0,20.0,5.0,22.16216216216216,0.0,20.13888888888889,4.861111111111111,4.166666666666667,59.0,15.0,20.0,24.0,57.0,0.1054131054131054,0.8367071524966262,54.653690127077226,46.90833333333333,,
p09,2019-11-01,24473888347,2019-11-01 00:59:30,2019-11-01 07:28:00,4.85,stages,291,97,0,1,97,66.0,6.0,219.0,27.0,5.0,25.0,0.0,22.68041237113402,2.0618556701030926,5.567010309278351,35.0,14.0,18.0,3.0,66.0,0.1109677419354838,0.8828828828828829,59.17455290093774,52.1452380952381,,
p09,2020-02-11,25853553372,2020-02-11 02:19:00,2020-02-11 08:05:30,4.9,stages,294,52,0,1,52,106.0,62.0,126.0,23.0,2.0,15.028901734104046,0.0,36.054421768707485,21.08843537414966,4.693877551020408,70.0,21.0,20.0,29.0,106.0,0.1048034934497816,0.8831168831168831,55.91942664271096,50.4,,
p09,2019-11-20,24702983574,2019-11-20 00:59:00,2019-11-20 07:04:00,5.016666666666667,stages,301,64,0,9,64,46.0,36.0,219.0,28.0,4.0,17.534246575342465,0.0,15.282392026578073,11.960132890365449,5.5813953488372094,66.0,16.0,21.0,29.0,45.0,0.1095505617977528,0.9013698630136986,55.05910626017009,48.42857142857143,,
p09,2020-02-23,26031073232,2020-02-23 04:21:00,2020-02-23 10:16:00,5.033333333333333,stages,302,53,0,1,53,83.0,47.0,172.0,23.0,2.0,14.929577464788732,0.0,27.483443708609272,15.562913907284768,4.569536423841059,65.0,18.0,14.0,33.0,83.0,0.091317365269461,0.971830985915493,60.63991279252149,51.67333333333333,,
p09,2019-11-04,24507742742,2019-11-03 23:08:30,2019-11-04 05:15:30,5.066666666666666,stages,304,63,0,0,63,70.0,51.0,183.0,26.0,3.0,17.166212534059945,0.0,23.026315789473685,16.776315789473685,5.131578947368421,67.0,17.0,23.0,27.0,70.0,0.073469387755102,0.9073569482288828,55.47352179018846,49.18666666666667,,
p09,2020-02-05,25767105801,2020-02-05 01:52:00,2020-02-05 08:01:00,5.2,stages,312,57,0,0,57,71.0,46.0,195.0,22.0,2.0,15.447154471544716,0.0,22.756410256410255,14.743589743589743,4.230769230769231,71.0,17.0,22.0,32.0,71.0,0.0799438990182328,0.8726287262872628,51.69143968522851,45.00833333333333,,
p09,2020-03-03,26163697716,2020-03-03 02:39:00,2020-03-03 08:30:00,5.216666666666667,classic,313,26,12,0,38,,,,,,,,,,,64.0,17.0,21.0,26.0,56.0,0.1053412462908011,0.9971509971509972,58.15670500927643,48.204166666666666,33.0,3.0
p09,2019-11-25,24773286527,2019-11-25 02:56:30,2019-11-25 08:59:30,5.25,stages,315,48,0,0,48,52.0,80.0,183.0,21.0,2.0,13.223140495867769,0.0,16.50793650793651,25.396825396825395,4.0,74.0,21.0,22.0,31.0,51.0,0.0894085281980742,0.955922865013774,55.517672297283255,48.43,,
p09,2020-01-17,25479973778,2020-01-17 02:49:30,2020-01-17 09:42:00,5.266666666666667,stages,316,96,0,1,96,76.0,61.0,179.0,23.0,4.0,23.300970873786408,0.0,24.050632911392405,19.303797468354432,4.367088607594937,63.0,18.0,21.0,24.0,76.0,0.1171974522292993,0.8533333333333334,58.28726981667323,52.25,,
p09,2019-12-20,25086162415,2019-12-20 06:24:00,2019-12-20 12:22:00,5.3,stages,318,40,0,5,40,67.0,73.0,178.0,21.0,0.0,11.1731843575419,0.0,21.069182389937108,22.955974842767297,3.9622641509433962,78.0,21.0,22.0,35.0,67.0,0.0746705710102489,0.88268156424581,60.98379271923575,54.26428571428571,,
p09,2020-02-13,25878785670,2020-02-13 01:42:00,2020-02-13 08:11:30,5.3,stages,318,71,0,6,71,58.0,37.0,223.0,21.0,6.0,18.251928020565554,0.0,18.238993710691823,11.635220125786164,3.9622641509433962,61.0,16.0,19.0,26.0,58.0,0.1296534017971758,0.8985879332477535,53.7624850546279,46.833333333333336,,
p09,2019-12-03,24862638991,2019-12-03 00:41:00,2019-12-03 07:13:00,5.3,stages,318,74,0,3,74,61.0,56.0,201.0,21.0,5.0,18.877551020408163,0.0,19.18238993710692,17.61006289308176,3.9622641509433962,69.0,17.0,23.0,29.0,60.0,0.0878828229027962,0.8775510204081632,53.398670571999055,47.34333333333333,,
p09,2019-12-14,25005016350,2019-12-14 04:25:00,2019-12-14 10:34:30,5.316666666666666,stages,319,50,0,3,50,93.0,58.0,168.0,21.0,2.0,13.550135501355014,0.0,29.153605015673982,18.181818181818183,3.949843260188088,62.0,19.0,11.0,32.0,93.0,0.1050477489768076,0.9959404600811907,75.38818964097497,68.86825396825397,,
p09,2020-02-15,25910182110,2020-02-15 04:37:00,2020-02-15 10:49:30,5.316666666666666,stages,319,53,0,3,53,64.0,80.0,175.0,27.0,2.0,14.24731182795699,0.0,20.062695924764892,25.078369905956112,5.078369905956113,66.0,21.0,12.0,33.0,64.0,0.1,0.8885906040268456,73.89855307498811,66.23809523809524,,
p09,2019-12-21,25094992186,2019-12-21 05:34:30,2019-12-21 11:32:00,5.35,stages,321,36,0,0,36,63.0,90.0,168.0,26.0,2.0,10.084033613445378,0.0,19.626168224299064,28.037383177570092,4.85981308411215,77.0,21.0,22.0,34.0,63.0,0.1026722925457102,0.9986013986013986,57.52700858121027,51.833333333333336,,
p09,2019-12-23,25081670675,2019-12-23 05:30:00,2019-12-23 11:30:00,5.416666666666667,classic,325,0,35,0,35,,,,,,,,,,,,,,,,,0.0,,,27.0,8.0
p09,2020-03-31,26544481635,2020-03-31 05:48:30,2020-03-31 12:31:00,5.5,stages,330,72,0,0,72,63.0,35.0,232.0,28.0,6.0,17.91044776119403,0.0,19.09090909090909,10.606060606060606,5.090909090909091,,,,,,,0.941614906832298,55.942860093585686,48.0,,
p09,2019-11-07,24544462062,2019-11-06 23:01:00,2019-11-07 06:05:00,5.566666666666666,stages,334,90,0,1,90,66.0,61.0,207.0,29.0,4.0,21.22641509433962,0.0,19.760479041916167,18.263473053892216,5.209580838323354,59.0,17.0,16.0,26.0,66.0,0.1056422569027611,0.8584905660377359,61.23173027369456,54.0,,
p09,2020-02-14,25896607643,2020-02-14 01:21:00,2020-02-14 08:07:30,5.683333333333334,stages,341,65,0,2,65,55.0,55.0,231.0,24.0,3.0,16.00985221674877,0.0,16.129032258064516,16.129032258064516,4.222873900293255,72.0,17.0,21.0,34.0,55.0,0.0868454661558109,0.9126691266912668,54.052982365044365,47.95454545454545,,
p09,2020-01-12,25401236226,2020-01-12 03:52:00,2020-01-12 10:24:30,5.716666666666667,stages,343,49,0,0,49,72.0,63.0,208.0,33.0,1.0,12.5,0.0,20.99125364431487,18.367346938775512,5.772594752186589,66.0,18.0,13.0,35.0,71.0,0.1009055627425614,0.9936305732484076,79.01019684019684,68.15357142857142,,
p09,2020-02-01,25712890156,2020-02-01 03:36:00,2020-02-01 10:51:30,5.766666666666667,stages,346,89,0,0,89,57.0,33.0,256.0,28.0,1.0,20.45977011494253,0.0,16.473988439306357,9.53757225433526,4.855491329479769,66.0,16.0,19.0,31.0,57.0,0.1247002398081534,0.9001148105625718,54.55037455458374,49.63666666666666,,
p09,2020-01-07,25313144787,2020-01-06 23:01:30,2020-01-07 06:05:00,5.766666666666667,stages,346,77,0,0,77,76.0,34.0,236.0,31.0,6.0,18.203309692671393,0.0,21.965317919075144,9.826589595375722,5.375722543352601,67.0,16.0,21.0,30.0,76.0,0.1062573789846517,0.9279811097992916,58.3765008316535,50.66666666666666,,
p09,2019-11-14,24631012164,2019-11-14 03:03:30,2019-11-14 10:08:30,5.766666666666667,stages,346,79,0,9,79,72.0,70.0,204.0,30.0,5.0,18.58823529411765,0.0,20.809248554913296,20.23121387283237,5.202312138728324,68.0,18.0,21.0,29.0,71.0,0.1304347826086956,0.8870588235294118,54.88802844664913,48.15833333333333,,
p09,2020-02-24,26044250543,2020-02-24 02:19:30,2020-02-24 09:14:00,5.783333333333333,stages,347,67,0,0,67,77.0,66.0,204.0,38.0,2.0,16.183574879227052,0.0,22.19020172910663,19.020172910662826,6.5706051873198845,71.0,18.0,20.0,33.0,77.0,0.1221281741233373,0.8492159227985525,54.05806041338712,48.5,,
p09,2020-01-09,25358553178,2020-01-09 02:52:00,2020-01-09 10:05:30,5.8,stages,348,85,0,2,85,85.0,39.0,224.0,31.0,7.0,19.630484988452658,0.0,24.42528735632184,11.206896551724139,5.344827586206897,63.0,16.0,19.0,28.0,84.0,0.1487889273356401,0.9134948096885812,60.574446667249696,51.96428571428572,,
p09,2020-02-09,25829445321,2020-02-09 05:44:30,2020-02-09 13:32:00,5.816666666666666,stages,349,118,0,0,118,39.0,45.0,265.0,26.0,3.0,25.26766595289079,0.0,11.174785100286533,12.893982808022923,4.469914040114613,70.0,16.0,19.0,35.0,39.0,0.1115335868187579,0.9967914438502674,61.77939890938818,48.142857142857146,,
p09,2019-12-22,25107297557,2019-12-22 03:35:00,2019-12-22 10:20:30,5.833333333333333,stages,350,55,0,0,55,86.0,78.0,186.0,20.0,3.0,13.580246913580247,0.0,24.571428571428573,22.285714285714285,3.428571428571429,68.0,21.0,14.0,33.0,86.0,0.0831265508684863,1.001233045622688,72.91473087667669,60.80833333333333,,
p09,2020-01-15,25448079183,2020-01-15 00:42:30,2020-01-15 07:48:30,5.85,stages,351,75,0,0,75,100.0,41.0,210.0,23.0,5.0,17.6056338028169,0.0,28.49002849002849,11.68091168091168,3.931623931623932,67.0,17.0,20.0,30.0,99.0,0.1195779601406799,0.943661971830986,61.621762669337286,53.864285714285714,,
p09,2020-01-11,25386146109,2020-01-11 00:48:30,2020-01-11 07:51:30,5.866666666666666,stages,352,71,0,0,71,81.0,25.0,246.0,33.0,2.0,16.78486997635934,0.0,23.011363636363637,7.1022727272727275,5.625,62.0,15.0,15.0,32.0,81.0,0.1192443919716647,0.9929078014184396,69.34368059850202,59.14196428571429,,
p09,2019-12-17,25039372186,2019-12-17 02:09:30,2019-12-17 09:04:30,5.883333333333334,stages,353,62,0,0,62,71.0,39.0,243.0,41.0,3.0,14.939759036144578,0.0,20.113314447592067,11.048158640226628,6.96883852691218,72.0,16.0,22.0,34.0,70.0,0.1083032490974729,0.946987951807229,56.57365145456748,49.0,,
p09,2019-12-13,24993713797,2019-12-13 02:12:00,2019-12-13 09:13:00,5.883333333333334,stages,353,68,0,0,68,57.0,80.0,216.0,32.0,4.0,16.152019002375297,0.0,16.14730878186969,22.662889518413596,5.439093484419263,75.0,20.0,20.0,35.0,56.0,0.1209476309226932,0.9097387173396676,56.025039748473176,48.4,,
p09,2020-02-29,26118669941,2020-02-29 02:18:00,2020-02-29 08:57:30,5.9,stages,354,45,0,0,45,46.0,69.0,239.0,15.0,1.0,11.278195488721805,0.0,12.994350282485875,19.491525423728813,2.542372881355932,70.0,19.0,16.0,35.0,46.0,0.1239048811013767,1.0012515644555695,63.6275068056943,55.22111111111112,,
p09,2020-03-13,26309890938,2020-03-13 04:58:30,2020-03-13 11:59:00,6.033333333333333,stages,362,58,0,0,58,79.0,77.0,206.0,24.0,2.0,13.80952380952381,0.0,21.823204419889503,21.2707182320442,3.977900552486188,76.0,20.0,22.0,34.0,78.0,0.079667063020214,0.8680142687277052,53.21617159856886,48.66666666666666,,
p09,2019-12-04,24886989441,2019-12-04 00:52:00,2019-12-04 08:00:30,6.05,stages,363,65,0,0,65,57.0,79.0,227.0,29.0,4.0,15.186915887850468,0.0,15.702479338842975,21.763085399449036,4.793388429752066,78.0,20.0,22.0,36.0,56.0,0.0867970660146699,0.9288214702450408,56.759831806942366,50.14017857142857,,
p09,2020-01-27,25621290504,2020-01-27 03:19:00,2020-01-27 10:29:30,6.15,stages,369,61,0,3,61,82.0,71.0,216.0,29.0,3.0,14.186046511627907,0.0,22.22222222222222,19.241192411924118,4.715447154471544,72.0,19.0,18.0,35.0,82.0,0.0963572267920094,0.9337979094076656,56.92721852497972,49.377678571428575,,
p09,2019-11-03,24498326600,2019-11-03 03:02:00,2019-11-03 10:12:30,6.216666666666667,stages,373,57,0,10,57,93.0,92.0,188.0,15.0,2.0,13.255813953488373,0.0,24.932975871313673,24.664879356568363,2.4128686327077746,76.0,22.0,19.0,35.0,92.0,0.0765606595995288,0.9825783972125436,59.67007068319125,52.35,,
p09,2019-12-25,25139107976,2019-12-25 04:23:00,2019-12-25 11:34:00,6.266666666666667,stages,376,55,0,0,55,66.0,89.0,221.0,26.0,2.0,12.761020881670534,0.0,17.5531914893617,23.670212765957448,4.148936170212766,81.0,21.0,23.0,37.0,66.0,0.0845238095238095,0.9930394431554525,58.30431585548408,52.035,,
p09,2020-01-14,25435298920,2020-01-14 04:37:30,2020-01-14 12:00:30,6.333333333333333,stages,380,63,0,0,63,73.0,69.0,238.0,38.0,1.0,14.221218961625283,0.0,19.210526315789473,18.157894736842106,6.0,75.0,18.0,22.0,35.0,73.0,0.1149943630214205,0.948081264108352,58.37570380677524,53.4,,
p09,2020-01-01,25232910684,2020-01-01 03:41:30,2020-01-01 11:09:30,6.333333333333333,stages,380,68,0,0,68,76.0,87.0,217.0,34.0,5.0,15.178571428571429,0.0,20.0,22.894736842105264,5.368421052631579,66.0,20.0,12.0,34.0,76.0,0.1081382385730211,0.8616071428571429,78.52689347210072,69.53125,,
p09,2020-02-26,26076162078,2020-02-26 01:47:30,2020-02-26 09:41:00,6.333333333333333,stages,380,93,0,0,93,86.0,66.0,228.0,29.0,6.0,19.661733615221987,0.0,22.63157894736842,17.36842105263158,4.578947368421053,66.0,18.0,18.0,30.0,86.0,0.115138592750533,0.9989440337909188,58.7903727702882,49.62857142857143,,
p09,2019-11-28,24807495940,2019-11-27 23:47:00,2019-11-28 07:34:30,6.333333333333333,stages,380,87,0,0,87,55.0,55.0,270.0,26.0,2.0,18.629550321199144,0.0,14.473684210526315,14.473684210526315,4.105263157894737,73.0,17.0,21.0,35.0,55.0,0.0875,0.9732620320855616,61.958960959675245,50.11666666666667,,
p09,2019-11-05,24523832509,2019-11-05 01:02:00,2019-11-05 08:15:00,6.383333333333334,stages,383,50,0,0,50,69.0,77.0,237.0,31.0,3.0,11.547344110854503,0.0,18.01566579634465,20.10443864229765,4.856396866840731,80.0,19.0,24.0,37.0,69.0,0.0658823529411764,0.9053117782909932,54.59049303162824,48.66666666666666,,
p09,2020-03-08,26234110764,2020-03-08 04:45:30,2020-03-08 12:05:00,6.4,stages,384,55,0,6,55,73.0,90.0,221.0,30.0,3.0,12.528473804100228,0.0,19.010416666666668,23.4375,4.6875,70.0,21.0,12.0,37.0,73.0,0.0990783410138248,0.9852104664391352,74.21475960529078,64.33928571428572,,
p09,2019-12-02,24852793413,2019-12-02 01:07:00,2019-12-02 09:07:00,6.433333333333334,stages,386,94,0,0,94,90.0,38.0,258.0,24.0,4.0,19.583333333333332,0.0,23.316062176165804,9.844559585492227,3.7305699481865284,71.0,16.0,22.0,33.0,89.0,0.0835140997830802,0.8916666666666667,54.588467198689166,48.66666666666666,,
p09,2020-02-02,25726169094,2020-02-02 04:31:00,2020-02-02 12:08:30,6.45,stages,387,70,0,8,70,118.0,76.0,193.0,35.0,2.0,15.317286652078774,0.0,30.49095607235142,19.638242894056848,5.426356589147287,69.0,21.0,12.0,36.0,117.0,0.1098779134295227,0.9879781420765028,67.09778848855176,57.2375,,
p09,2020-01-26,25609374815,2020-01-26 02:51:30,2020-01-26 10:34:30,6.516666666666667,stages,391,72,0,1,72,88.0,65.0,238.0,33.0,4.0,15.550755939524837,0.0,22.506393861892583,16.624040920716112,5.063938618925831,71.0,18.0,19.0,34.0,88.0,0.1704422869471413,0.9956803455723542,55.71207785947482,48.375,,
p09,2020-02-07,25799607750,2020-02-06 23:57:00,2020-02-07 07:57:30,6.516666666666667,stages,391,89,0,6,89,94.0,78.0,219.0,26.0,3.0,18.541666666666668,0.0,24.04092071611253,19.948849104859335,3.989769820971867,70.0,19.0,18.0,33.0,94.0,0.0937167199148029,0.95525494276795,57.762003241251605,48.37083333333334,,
p09,2019-11-30,24829309862,2019-11-30 01:46:00,2019-11-30 09:25:00,6.566666666666666,stages,394,65,5,0,65,74.0,86.0,234.0,35.0,2.0,14.161220043572985,0.0,18.781725888324875,21.82741116751269,5.32994923857868,80.0,20.0,23.0,37.0,74.0,0.0849162011173184,0.9912854030501088,55.74323034108748,51.47857142857143,,
p09,2020-03-02,26147224125,2020-03-02 00:49:00,2020-03-02 09:08:30,6.666666666666667,stages,400,99,0,0,99,63.0,61.0,276.0,46.0,7.0,19.839679358717436,0.0,15.75,15.25,6.8999999999999995,70.0,17.0,21.0,32.0,62.0,0.1363636363636363,0.9209209209209208,57.68168980174415,50.5,,
p09,2020-03-17,26364134429,2020-03-17 04:52:00,2020-03-17 12:46:00,6.666666666666667,stages,400,74,0,10,74,82.0,59.0,259.0,31.0,2.0,15.611814345991561,0.0,20.5,14.75,4.6499999999999995,76.0,17.0,21.0,38.0,81.0,0.1438127090301003,1.0,54.84090581827923,47.86875,,
p09,2020-03-06,26207730335,2020-03-06 03:08:00,2020-03-06 11:22:30,6.733333333333333,stages,404,90,0,0,90,56.0,66.0,282.0,37.0,4.0,18.218623481781375,0.0,13.861386138613861,16.336633663366335,5.495049504950495,71.0,17.0,20.0,34.0,56.0,0.1289662231320368,0.9686552072800808,59.23758227970127,53.0,,
p09,2020-02-03,25739624751,2020-02-03 03:22:30,2020-02-03 11:08:30,6.783333333333333,stages,407,59,0,0,59,56.0,86.0,265.0,33.0,2.0,12.660944206008583,0.0,13.75921375921376,21.13022113022113,4.864864864864865,77.0,19.0,21.0,37.0,56.0,0.0696677384780278,0.9957081545064378,56.76480623662736,50.33958333333334,,
p09,2020-02-04,25757682461,2020-02-04 04:00:30,2020-02-04 11:09:30,6.783333333333333,classic,407,22,0,0,22,,,,,,,,,,,,,,,,,0.9696969696969696,60.94687014374514,48.32142857142857,17.0,5.0
p09,2019-12-11,24968736727,2019-12-11 01:39:00,2019-12-11 10:13:00,6.8,stages,408,106,0,5,106,103.0,62.0,243.0,48.0,4.0,20.622568093385215,0.0,25.245098039215687,15.196078431372548,7.0588235294117645,71.0,18.0,19.0,34.0,103.0,0.1283851554663992,0.95136186770428,57.78467674111846,51.9,,
p09,2020-02-25,26060648639,2020-02-25 01:08:30,2020-02-25 08:55:30,6.8,stages,408,59,0,0,59,109.0,79.0,220.0,29.0,3.0,12.633832976445396,0.0,26.715686274509803,19.362745098039216,4.264705882352941,78.0,20.0,21.0,37.0,109.0,0.0919786096256684,1.0,55.80073996310613,48.52142857142857,,
p09,2020-03-21,26420588240,2020-03-21 04:49:30,2020-03-21 12:55:00,6.8,stages,408,77,0,0,77,81.0,84.0,243.0,29.0,5.0,15.876288659793815,0.0,19.852941176470587,20.58823529411765,4.264705882352941,72.0,19.0,17.0,36.0,81.0,0.1046511627906976,0.9989701338825951,64.37018104461403,54.45555555555556,,
p09,2020-01-03,25263038117,2020-01-03 05:09:30,2020-01-03 13:34:30,6.883333333333334,stages,413,92,0,0,92,100.0,80.0,233.0,35.0,1.0,18.217821782178216,0.0,24.213075060532688,19.37046004842615,5.084745762711864,72.0,19.0,20.0,33.0,99.0,0.1473788328387734,0.899009900990099,59.62895705004736,53.0,,
p09,2019-11-26,24788504983,2019-11-26 02:10:30,2019-11-26 10:19:30,6.9,stages,414,75,0,1,75,96.0,78.0,240.0,33.0,5.0,15.337423312883436,0.0,23.18840579710145,18.840579710144926,4.782608695652174,70.0,19.0,16.0,35.0,96.0,0.1174668028600612,0.9304703476482618,62.84724910010624,52.235,,
p09,2020-02-18,25953036768,2020-02-18 03:26:00,2020-02-18 11:51:30,6.916666666666667,stages,415,90,0,0,90,86.0,82.0,247.0,34.0,3.0,17.821782178217823,0.0,20.72289156626506,19.759036144578314,4.9156626506024095,79.0,19.0,22.0,38.0,86.0,0.1170886075949367,0.884272997032641,53.07270201213154,47.725,,
p09,2020-03-25,26467716152,2020-03-24 23:59:30,2020-03-25 08:04:30,7.033333333333333,stages,422,63,0,1,63,103.0,106.0,213.0,32.0,2.0,12.989690721649485,0.0,24.407582938388625,25.118483412322274,4.549763033175355,85.0,22.0,22.0,41.0,103.0,0.0844490216271884,1.0,55.278085866024014,49.0,,
p09,2020-02-16,25927436029,2020-02-16 01:02:30,2020-02-16 09:13:30,7.05,stages,423,68,0,0,68,81.0,89.0,253.0,28.0,3.0,13.84928716904277,0.0,19.148936170212767,21.04018912529551,3.971631205673759,77.0,20.0,17.0,40.0,81.0,0.0773143438453713,0.8757637474541752,58.66899057015336,48.972159090909095,,
p09,2019-12-09,24941427929,2019-12-09 01:14:00,2019-12-09 10:28:30,7.066666666666666,stages,424,130,0,0,130,94.0,29.0,301.0,37.0,6.0,23.465703971119133,0.0,22.169811320754718,6.839622641509434,5.235849056603774,65.0,16.0,15.0,34.0,94.0,0.1577998196573489,0.975653742110009,64.35634480532818,53.8,,
p09,2020-03-12,26294259490,2020-03-12 03:22:00,2020-03-12 12:29:00,7.15,stages,429,118,0,0,118,88.0,50.0,291.0,43.0,8.0,21.572212065813527,0.0,20.512820512820515,11.655011655011656,6.013986013986013,72.0,16.0,20.0,36.0,87.0,0.1424606845513413,1.0,56.05392096731219,48.84444444444445,,
p09,2020-03-01,26132997238,2020-03-01 01:19:00,2020-03-01 10:00:00,7.166666666666667,stages,430,91,0,0,91,111.0,61.0,258.0,30.0,4.0,17.46641074856046,0.0,25.813953488372093,14.186046511627907,4.186046511627906,73.0,18.0,17.0,38.0,110.0,0.093113482056256,0.9980806142034548,65.44014214951716,56.09722222222223,,
p09,2020-01-25,25595684768,2020-01-25 02:02:00,2020-01-25 10:09:00,7.183333333333334,stages,431,56,0,0,56,84.0,103.0,244.0,30.0,1.0,11.498973305954825,0.0,19.48955916473318,23.897911832946637,4.176334106728538,87.0,22.0,22.0,43.0,83.0,0.0663764961915125,0.997946611909651,55.121912986419154,49.23809523809524,,
p09,2020-03-05,26191900916,2020-03-05 00:33:30,2020-03-05 09:53:30,7.266666666666667,stages,436,124,0,3,124,93.0,42.0,301.0,39.0,6.0,22.142857142857142,0.0,21.3302752293578,9.63302752293578,5.366972477064221,68.0,16.0,17.0,35.0,92.0,0.159678858162355,0.8910714285714286,59.82474226953185,54.1625,,
p09,2019-11-18,24677879780,2019-11-18 01:34:30,2019-11-18 10:58:30,7.366666666666666,stages,442,122,0,0,122,87.0,72.0,283.0,39.0,3.0,21.631205673758867,0.0,19.683257918552037,16.289592760180994,5.294117647058824,73.0,17.0,21.0,35.0,87.0,0.1071744906997342,0.8882978723404256,53.332635810629824,44.0,,
p09,2020-03-27,26499298294,2020-03-27 09:45:30,2020-03-27 18:49:30,7.366666666666666,stages,442,102,0,0,102,106.0,50.0,286.0,39.0,6.0,18.75,0.0,23.981900452488688,11.312217194570136,5.294117647058824,75.0,17.0,21.0,37.0,106.0,0.1138659320477502,0.9963235294117648,53.92799502670351,48.2,,
p09,2019-11-21,24719955186,2019-11-21 00:31:00,2019-11-21 09:09:00,7.5,stages,450,68,0,4,68,90.0,80.0,280.0,34.0,1.0,13.127413127413128,0.0,20.0,17.77777777777778,4.533333333333333,83.0,19.0,22.0,42.0,90.0,0.0841683366733467,0.8841698841698842,51.88529390914763,45.585,,
p09,2020-01-08,25337474498,2020-01-08 03:43:00,2020-01-08 12:13:30,7.583333333333333,stages,455,55,0,0,55,71.0,116.0,268.0,44.0,0.0,10.784313725490197,0.0,15.604395604395604,25.494505494505493,5.802197802197802,86.0,21.0,23.0,42.0,71.0,0.1000991080277502,0.8834476003917727,56.790197268855806,51.73333333333333,,
p09,2020-02-21,26004576430,2020-02-21 01:55:00,2020-02-21 10:29:30,7.616666666666666,stages,457,57,0,8,57,66.0,106.0,285.0,38.0,0.0,11.089494163424124,0.0,14.442013129102845,23.194748358862146,4.989059080962801,86.0,21.0,23.0,42.0,66.0,0.0893743793445878,0.892128279883382,50.18699420284387,44.39333333333333,,
p09,2019-11-24,24763312141,2019-11-24 03:59:30,2019-11-24 12:57:30,7.666666666666667,stages,460,78,0,0,78,93.0,92.0,275.0,37.0,1.0,14.49814126394052,0.0,20.217391304347824,20.0,4.826086956521739,79.0,19.0,21.0,39.0,93.0,0.1207056638811513,0.9795539033457248,55.83820079351389,49.67666666666667,,
p09,2019-12-27,25163531129,2019-12-27 02:42:30,2019-12-27 11:49:30,7.683333333333334,stages,461,86,0,0,86,96.0,110.0,255.0,38.0,4.0,15.722120658135283,0.0,20.824295010845987,23.86117136659436,4.945770065075922,74.0,21.0,14.0,39.0,96.0,0.1132420091324201,0.9945155393053016,69.85171124320941,57.805,,
p09,2019-11-09,24571478900,2019-11-09 00:59:30,2019-11-09 10:25:00,7.716666666666667,stages,463,102,0,1,102,89.0,60.0,314.0,32.0,5.0,18.053097345132745,0.0,19.22246220302376,12.958963282937365,4.146868250539956,74.0,17.0,21.0,36.0,89.0,0.1317418213969938,0.9283819628647216,53.1047898027898,48.38,,
p09,2020-03-29,26518392737,2020-03-29 03:22:30,2020-03-29 12:27:00,7.733333333333333,stages,464,80,0,0,80,105.0,95.0,264.0,33.0,5.0,14.705882352941176,0.0,22.629310344827587,20.474137931034484,4.267241379310345,76.0,20.0,17.0,39.0,105.0,0.1129476584022038,0.9972451790633609,61.77166070066623,52.0,,
p09,2020-01-16,25466223628,2020-01-16 04:43:00,2020-01-16 13:28:00,7.766666666666667,stages,466,59,0,0,59,66.0,97.0,303.0,39.0,3.0,11.238095238095237,0.0,14.163090128755364,20.815450643776824,5.021459227467811,83.0,20.0,21.0,42.0,66.0,0.0950095969289827,0.9257142857142856,57.51927705924619,52.333333333333336,,
p09,2020-01-10,25379228419,2020-01-10 05:10:30,2020-01-10 14:40:00,7.816666666666666,stages,469,100,0,0,100,107.0,104.0,258.0,42.0,2.0,17.57469244288225,0.0,22.81449893390192,22.174840085287848,5.373134328358209,81.0,22.0,18.0,41.0,107.0,0.107376283846872,0.9938542581211588,64.11848896588296,55.35,,
p09,2020-03-04,26175269143,2020-03-03 23:20:00,2020-03-04 08:48:00,7.833333333333333,stages,470,98,0,0,98,104.0,84.0,282.0,33.0,1.0,17.253521126760564,0.0,22.127659574468087,17.872340425531913,4.212765957446809,84.0,19.0,22.0,43.0,104.0,0.0785083415112855,0.9964788732394366,57.62387045620262,50.2,,
p09,2019-11-22,24739825092,2019-11-22 00:06:30,2019-11-22 09:17:30,7.833333333333333,stages,470,81,0,0,81,70.0,107.0,293.0,53.0,2.0,14.7005444646098,0.0,14.893617021276595,22.76595744680851,6.765957446808511,81.0,20.0,21.0,40.0,70.0,0.1187669990933816,0.8929219600725953,53.85707349335399,47.455,,
p09,2020-01-29,25657066828,2020-01-29 01:19:00,2020-01-29 10:23:30,7.85,stages,471,73,0,0,73,91.0,108.0,272.0,31.0,3.0,13.419117647058824,0.0,19.32059447983015,22.929936305732483,3.949044585987261,82.0,21.0,20.0,41.0,91.0,0.081208687440982,0.9292929292929292,57.06689031763142,51.42857142857143,,
p09,2019-12-29,25190868050,2019-12-29 05:07:30,2019-12-29 14:34:30,7.916666666666667,stages,475,92,0,0,92,117.0,98.0,260.0,49.0,8.0,16.225749559082892,0.0,24.63157894736842,20.63157894736842,6.189473684210526,80.0,21.0,20.0,39.0,117.0,0.1154185022026431,0.9241622574955908,58.82683363074584,54.231746031746034,,
p09,2020-01-06,25303124240,2020-01-06 04:36:30,2020-01-06 14:02:00,7.95,stages,477,88,0,0,88,116.0,109.0,252.0,47.0,7.0,15.575221238938052,0.0,24.31865828092243,22.851153039832287,5.911949685534591,80.0,22.0,19.0,39.0,115.0,0.1246684350132626,0.9938107869142352,60.64593899082334,54.14404761904762,,
p09,2019-11-06,24537211129,2019-11-05 23:53:30,2019-11-06 08:52:00,7.983333333333333,stages,479,59,0,0,59,86.0,130.0,263.0,47.0,3.0,10.966542750929367,0.0,17.954070981210855,27.139874739039666,5.887265135699374,84.0,22.0,20.0,42.0,86.0,0.0734883720930232,0.8969359331476323,57.78110474756438,52.142857142857146,,
p09,2019-12-08,24931156027,2019-12-08 02:04:30,2019-12-08 11:54:30,8.016666666666667,stages,481,109,0,4,109,135.0,119.0,227.0,39.0,8.0,18.47457627118644,0.0,28.066528066528065,24.74012474012474,4.864864864864864,79.0,24.0,13.0,42.0,134.0,0.1312447078746824,0.8983050847457628,69.19134525851506,56.66666666666666,,
p09,2020-01-31,25701485063,2020-01-31 02:53:30,2020-01-31 12:15:30,8.033333333333333,stages,482,80,0,7,80,93.0,124.0,265.0,33.0,5.0,14.234875444839858,0.0,19.29460580912863,25.726141078838175,4.1078838174273855,82.0,22.0,16.0,44.0,93.0,0.0968888888888888,0.9911032028469752,59.27169314328201,51.31111111111111,,
p09,2020-01-05,25286365460,2020-01-05 03:23:00,2020-01-05 12:37:00,8.066666666666666,stages,484,70,0,1,70,108.0,103.0,273.0,43.0,4.0,12.635379061371841,0.0,22.31404958677686,21.28099173553719,5.330578512396694,86.0,21.0,20.0,45.0,108.0,0.0971585701191567,0.9981949458483754,62.16077528057636,52.83428571428571,,
p09,2020-03-19,26395074862,2020-03-19 04:50:00,2020-03-19 14:27:00,8.133333333333333,stages,488,89,0,4,89,97.0,90.0,301.0,36.0,5.0,15.424610051993067,0.0,19.87704918032787,18.442622950819672,4.426229508196721,80.0,19.0,17.0,44.0,97.0,0.0951957295373665,0.9913344887348352,62.95175008072736,52.62708333333333,,
p09,2019-12-19,25070206392,2019-12-19 01:15:00,2019-12-19 10:16:30,8.15,stages,489,52,0,0,52,135.0,121.0,233.0,35.0,3.0,9.611829944547136,0.0,27.607361963190183,24.744376278118608,4.294478527607362,92.0,24.0,22.0,46.0,135.0,0.0758556891766882,0.9085872576177284,57.45667564143174,52.37,,
p09,2019-11-29,24819114873,2019-11-28 23:18:00,2019-11-29 09:12:00,8.166666666666666,stages,490,104,0,2,104,71.0,86.0,333.0,40.0,6.0,17.50841750841751,0.0,14.489795918367347,17.551020408163264,4.8979591836734695,83.0,18.0,22.0,43.0,71.0,0.0907519446845289,0.9393939393939394,55.27213837039106,48.66666666666666,,
p09,2019-11-23,24752243507,2019-11-23 01:59:00,2019-11-23 11:40:30,8.216666666666667,stages,493,88,0,10,88,91.0,142.0,260.0,51.0,4.0,15.146299483648882,0.0,18.45841784989858,28.803245436105477,6.206896551724138,78.0,22.0,12.0,44.0,90.0,0.1452031114952463,0.9613069647463456,62.93067804288735,57.8,,
p09,2020-03-09,26249022684,2020-03-09 02:27:30,2020-03-09 12:22:00,8.266666666666667,stages,496,98,0,0,98,99.0,93.0,304.0,45.0,3.0,16.4983164983165,0.0,19.95967741935484,18.75,5.443548387096774,83.0,19.0,21.0,43.0,98.0,0.1362489486963835,0.95878889823381,57.68986063643958,53.64375,,
p09,2020-03-26,26484493771,2020-03-26 04:05:00,2020-03-26 14:17:00,8.333333333333334,stages,500,112,0,0,112,116.0,62.0,322.0,39.0,7.0,18.30065359477124,0.0,23.2,12.4,4.68,82.0,18.0,21.0,43.0,115.0,0.128440366972477,0.9591503267973857,52.19110255634958,46.15,,
p09,2020-01-18,25494608252,2020-01-18 02:07:00,2020-01-18 12:02:00,8.366666666666667,stages,502,93,0,1,93,92.0,104.0,306.0,50.0,5.0,15.630252100840336,0.0,18.326693227091635,20.717131474103585,5.9760956175298805,86.0,20.0,21.0,45.0,92.0,0.1151202749140893,0.9932773109243698,55.832022790144606,50.2,,
p09,2019-11-13,24621434633,2019-11-13 00:55:30,2019-11-13 10:41:30,8.4,stages,504,82,0,0,82,63.0,113.0,328.0,41.0,4.0,13.993174061433447,0.0,12.5,22.42063492063492,4.8809523809523805,85.0,20.0,21.0,44.0,63.0,0.1236146632566069,0.878839590443686,53.59938168088654,47.31904761904762,,
p09,2019-11-27,24797565601,2019-11-26 23:13:00,2019-11-27 09:02:30,8.45,stages,507,82,0,1,82,128.0,114.0,265.0,32.0,3.0,13.921901528013583,0.0,25.2465483234714,22.485207100591715,3.7869822485207103,89.0,23.0,21.0,45.0,128.0,0.0974137931034482,0.9329940627650553,57.07359386068477,52.0,,
p09,2019-12-15,25016198916,2019-12-15 02:26:00,2019-12-15 11:50:00,8.45,stages,507,57,0,0,57,98.0,100.0,309.0,39.0,2.0,10.106382978723405,0.0,19.329388560157792,19.723865877712033,4.615384615384616,86.0,20.0,20.0,46.0,98.0,0.0806451612903225,0.9219858156028368,60.70161824286824,54.12430555555556,,
p09,2020-03-20,26410303072,2020-03-20 05:04:30,2020-03-20 14:49:30,8.516666666666667,stages,511,74,0,1,74,90.0,113.0,308.0,41.0,3.0,12.649572649572649,0.0,17.61252446183953,22.113502935420744,4.814090019569472,87.0,21.0,21.0,45.0,89.0,0.1093082835183603,0.9965811965811966,57.172273519314686,51.25357142857143,,
p09,2020-03-07,26220801790,2020-03-07 03:01:30,2020-03-07 12:56:00,8.6,stages,516,78,0,0,78,91.0,153.0,272.0,47.0,4.0,13.131313131313131,0.0,17.635658914728683,29.651162790697676,5.465116279069767,88.0,22.0,21.0,45.0,91.0,0.12636899747262,0.992430613961312,55.99141689289995,50.84404761904762,,
p09,2019-11-15,24643783757,2019-11-15 01:01:00,2019-11-15 10:00:00,8.633333333333333,classic,518,18,3,0,21,,,,,,,,,,,83.0,22.0,21.0,40.0,87.0,0.0943925233644859,0.9332096474953616,51.73996698022543,46.755,21.0,3.0
p09,2020-03-11,26281648081,2020-03-11 03:05:30,2020-03-11 13:11:30,8.666666666666666,stages,520,86,0,0,86,97.0,116.0,307.0,54.0,4.0,14.191419141914192,0.0,18.653846153846153,22.307692307692307,6.230769230769231,87.0,21.0,22.0,44.0,97.0,0.1170651277823578,0.9471947194719472,55.62320209310628,51.18833333333333,,
p09,2019-11-17,24667185737,2019-11-17 02:51:00,2019-11-17 13:15:00,8.733333333333333,stages,524,100,14,0,100,124.0,101.0,299.0,48.0,7.0,16.025641025641026,0.0,23.66412213740458,19.27480916030534,5.4961832061068705,79.0,21.0,14.0,44.0,124.0,0.1072298943948009,0.998397435897436,65.93788643138564,54.875,,
p09,2020-02-12,25865386432,2020-02-11 21:35:30,2020-02-12 07:49:30,8.75,stages,525,89,0,1,89,120.0,96.0,309.0,41.0,2.0,14.495114006514658,0.0,22.857142857142858,18.285714285714285,4.685714285714286,86.0,20.0,22.0,44.0,120.0,0.0854353132628153,0.9136807817589576,48.36634745725655,43.16666666666666,,
p09,2019-12-12,24980733296,2019-12-12 01:36:00,2019-12-12 12:14:30,8.866666666666667,stages,532,106,0,0,106,114.0,90.0,328.0,65.0,4.0,16.614420062695924,0.0,21.428571428571427,16.917293233082706,7.330827067669173,84.0,19.0,22.0,43.0,114.0,0.1221613155833985,0.9365700861393892,52.27703902377815,46.59571428571429,,
p09,2020-03-23,26448288074,2020-03-23 04:08:30,2020-03-23 15:24:00,8.9,stages,534,141,0,3,141,100.0,49.0,385.0,54.0,7.0,20.88888888888889,0.0,18.726591760299627,9.176029962546817,6.067415730337078,78.0,16.0,21.0,41.0,99.0,0.1334824757643549,0.9592894152479644,55.14563653510413,49.0,,
p09,2020-03-30,26535676981,2020-03-30 06:04:30,2020-03-30 16:29:30,8.9,stages,534,91,0,1,91,116.0,128.0,290.0,52.0,3.0,14.56,0.0,21.722846441947567,23.970037453183522,5.842696629213483,88.0,23.0,21.0,44.0,116.0,0.1151079136690647,0.9888,53.86845909394453,45.707142857142856,,
p09,2019-11-19,24694003172,2019-11-19 02:47:30,2019-11-19 13:29:30,8.983333333333333,stages,539,103,0,7,103,68.0,98.0,373.0,56.0,2.0,16.043613707165107,0.0,12.61595547309833,18.181818181818183,6.233766233766234,80.0,18.0,19.0,43.0,68.0,0.1252918287937743,0.9345794392523364,56.91327873977874,48.71428571428572,,
p09,2019-11-16,24656729323,2019-11-16 01:47:00,2019-11-16 12:42:30,9.166666666666666,stages,550,105,0,0,105,154.0,99.0,297.0,46.0,5.0,16.03053435114504,0.0,28.0,18.0,5.0181818181818185,81.0,21.0,17.0,43.0,154.0,0.1080459770114942,0.9031273836765829,59.55215475215475,50.75,,
p09,2020-03-16,26346845922,2020-03-16 04:15:00,2020-03-16 15:29:30,9.2,stages,552,122,0,2,122,103.0,107.0,342.0,48.0,4.0,18.100890207715132,0.0,18.659420289855074,19.384057971014492,5.217391304347826,81.0,19.0,20.0,42.0,103.0,0.1430711610486891,0.9992587101556708,56.27393803443508,50.72083333333333,,
p09,2019-12-16,25027910397,2019-12-16 00:56:00,2019-12-16 11:49:00,9.283333333333331,stages,557,96,0,0,96,110.0,115.0,332.0,45.0,3.0,14.701378254211333,0.0,19.748653500897667,20.646319569120287,4.847396768402154,88.0,21.0,22.0,45.0,110.0,0.0919354838709677,0.993874425727412,55.724481108687584,50.5,,
p09,2020-02-27,26094922886,2020-02-27 01:32:00,2020-02-27 13:32:00,9.683333333333334,stages,581,139,0,2,139,109.0,76.0,396.0,51.0,6.0,19.305555555555557,0.0,18.76075731497418,13.080895008605852,5.266781411359725,81.0,18.0,20.0,43.0,109.0,0.1336270190895741,0.9013888888888888,57.32834030376404,51.285714285714285,,
p09,2019-12-05,24896171622,2019-12-04 19:54:30,2019-12-05 07:32:30,9.816666666666666,stages,589,109,0,0,109,85.0,116.0,388.0,59.0,3.0,15.616045845272206,0.0,14.431239388794568,19.69439728353141,6.01018675721562,81.0,19.0,19.0,43.0,85.0,0.1302791696492483,0.9054441260744984,54.63275230834565,49.11375,,
p09,2020-02-17,25940470809,2020-02-17 02:52:00,2020-02-17 15:03:30,10.066666666666666,stages,604,127,0,0,127,107.0,111.0,386.0,59.0,5.0,17.3734610123119,0.0,17.71523178807947,18.37748344370861,5.860927152317881,81.0,19.0,20.0,42.0,107.0,0.1149346180316586,0.9473684210526316,56.45677304898084,51.56507936507936,,
p09,2019-12-28,25177901385,2019-12-28 00:46:00,2019-12-28 12:24:00,10.1,stages,606,92,0,0,92,104.0,132.0,370.0,47.0,3.0,13.180515759312321,0.0,17.16171617161716,21.782178217821784,4.653465346534654,86.0,21.0,21.0,44.0,103.0,0.1335247666905958,0.997134670487106,56.517319023569016,51.833333333333336,,
p09,2019-12-26,25149865558,2019-12-25 23:01:30,2019-12-26 11:01:30,10.583333333333334,stages,635,85,0,0,85,109.0,178.0,348.0,53.0,4.0,11.805555555555555,0.0,17.165354330708663,28.031496062992126,5.0078740157480315,89.0,23.0,22.0,44.0,109.0,0.0950728660652324,1.0,57.05778464205547,50.71428571428572,,
p09,2019-12-10,24958465459,2019-12-10 02:17:30,2019-12-10 14:46:30,10.6,stages,636,113,0,0,113,78.0,150.0,408.0,63.0,7.0,15.086782376502002,0.0,12.264150943396226,23.58490566037736,5.943396226415095,84.0,21.0,20.0,43.0,77.0,0.1174116077384923,0.8958611481975968,56.46627086276863,49.94444444444444,,
p09,2020-03-22,26434110091,2020-03-22 01:26:00,2020-03-22 14:16:30,10.683333333333334,stages,641,129,0,0,129,90.0,128.0,423.0,62.0,6.0,16.753246753246753,0.0,14.0405616224649,19.96879875195008,5.803432137285491,83.0,19.0,22.0,42.0,90.0,0.1108923884514435,0.9967553536664504,55.82282164088806,49.0,,
p09,2020-01-28,25635571778,2020-01-27 23:56:00,2020-01-28 11:08:30,10.75,classic,645,16,0,0,27,,,,,,,,,,,53.0,18.0,14.0,21.0,64.0,0.1116138763197586,0.7702602230483271,67.53325825825826,55.85357142857143,17.0,1.0
p09,2019-12-07,24920492450,2019-12-07 01:21:00,2019-12-07 13:47:00,11.183333333333334,classic,671,75,0,0,75,,,,,,,,,,,87.0,24.0,20.0,43.0,126.0,0.1041666666666666,0.9812332439678284,58.72676398055497,51.0,33.0,0.0
p09,2020-01-20,25519810016,2020-01-19 19:57:30,2020-01-20 09:14:00,11.216666666666669,stages,673,123,0,1,123,125.0,140.0,408.0,61.0,8.0,15.452261306532664,0.0,18.573551263001487,20.802377414561665,5.438335809806835,85.0,21.0,22.0,42.0,125.0,0.1106222501571338,0.9930947897049592,54.077030281139,45.9375,,
p09,2019-11-11,24598030074,2019-11-11 03:19:00,2019-11-11 16:07:00,11.316666666666666,stages,679,89,0,0,89,122.0,156.0,401.0,65.0,1.0,11.588541666666666,0.0,17.96759941089838,22.97496318114875,5.743740795287187,90.0,23.0,21.0,46.0,121.0,0.1002691790040376,0.9205729166666666,56.249560721378266,51.5,,
p09,2019-12-30,25202790992,2019-12-30 01:17:00,2019-12-30 14:01:30,11.383333333333333,classic,683,73,0,0,81,,,,,,,,,,,,,,,,,0.9679529103989536,61.76279396279397,51.42857142857143,40.0,4.0
p09,2019-11-08,24558120699,2019-11-08 00:55:00,2019-11-08 14:35:30,11.516666666666667,stages,691,129,0,0,129,163.0,167.0,361.0,54.0,8.0,15.731707317073171,0.0,23.589001447178003,24.167872648335745,4.688856729377713,87.0,25.0,21.0,41.0,163.0,0.1090686274509804,0.9750152346130408,56.45599386724387,49.62375,,
p09,2020-01-13,25418412275,2020-01-13 00:11:30,2020-01-13 13:26:00,11.633333333333333,stages,698,96,0,1,96,151.0,166.0,381.0,56.0,5.0,12.090680100755668,0.0,21.63323782234957,23.78223495702006,4.813753581661891,91.0,25.0,22.0,44.0,151.0,0.0803289057558507,0.960352422907489,59.89238901843751,53.67142857142857,,
p09,2019-12-24,25129907217,2019-12-23 20:56:00,2019-12-24 12:49:30,13.716666666666669,stages,823,130,0,0,130,167.0,101.0,555.0,67.0,4.0,13.641133263378803,0.0,20.29161603888214,12.272174969623329,4.88456865127582,82.0,20.0,20.0,42.0,167.0,0.0933052187664733,0.9648662821185108,61.78428355762595,52.99444444444445,,
p10,2020-02-14,25896735075,2020-02-14 02:24:30,2020-02-14 07:59:30,4.883333333333334,stages,293,42,0,0,42,79.0,72.0,142.0,20.0,2.0,12.537313432835822,0.0,26.962457337883958,24.573378839590443,4.09556313993174,64.0,21.0,13.0,30.0,78.0,0.1222056631892697,0.9850746268656716,85.02614521841794,68.375,,
p10,2019-11-20,24702317028,2019-11-19 23:49:30,2019-11-20 05:58:00,5.316666666666666,stages,319,49,0,0,49,52.0,44.0,223.0,18.0,3.0,13.315217391304348,0.0,16.300940438871475,13.793103448275861,3.3855799373040756,62.0,17.0,13.0,32.0,51.0,0.0827679782903663,0.9932157394843962,77.14906155623368,65.36647727272727,,
p10,2020-02-21,26003240102,2020-02-21 00:38:30,2020-02-21 06:57:30,5.316666666666666,stages,319,60,0,0,60,39.0,57.0,223.0,20.0,3.0,15.831134564643799,0.0,12.225705329153605,17.86833855799373,3.761755485893417,64.0,17.0,18.0,29.0,39.0,0.1185770750988142,0.9894459102902374,68.63726570466571,58.4625,,
p10,2020-02-24,26044112041,2020-02-24 02:25:30,2020-02-24 08:28:00,5.433333333333334,stages,326,36,0,0,36,73.0,92.0,161.0,22.0,2.0,9.94475138121547,0.0,22.392638036809817,28.220858895705522,4.049079754601227,71.0,21.0,15.0,35.0,73.0,0.0786206896551724,0.9627586206896552,73.9982597154517,61.864285714285714,,
p10,2020-02-03,25737225957,2020-02-03 01:11:00,2020-02-03 07:47:30,5.6,stages,336,60,0,0,60,56.0,77.0,203.0,21.0,4.0,15.151515151515152,0.0,16.666666666666668,22.916666666666668,3.7500000000000004,65.0,20.0,14.0,31.0,56.0,0.1223203026481715,0.9634300126103404,72.26697878183481,60.37625,,
p10,2019-11-25,24771882118,2019-11-25 00:13:00,2019-11-25 07:27:00,5.9,stages,354,80,0,0,80,36.0,55.0,263.0,27.0,7.0,18.433179723502302,0.0,10.169491525423728,15.536723163841808,4.576271186440677,66.0,16.0,20.0,30.0,36.0,0.1100811123986095,0.9953917050691244,70.52070631914383,59.84642857142857,,
p10,2020-01-28,25637358577,2020-01-28 00:19:30,2020-01-28 07:28:00,5.933333333333334,stages,356,72,0,0,72,61.0,96.0,199.0,21.0,5.0,16.822429906542055,0.0,17.134831460674157,26.96629213483146,3.539325842696629,69.0,21.0,18.0,30.0,61.0,0.1353558926487748,0.9801633605600932,70.05609676698963,61.57063492063492,,
p10,2019-11-15,24644451603,2019-11-15 00:51:30,2019-11-15 07:41:00,6.0,stages,360,49,0,0,49,28.0,90.0,242.0,18.0,4.0,11.98044009779951,0.0,7.777777777777778,25.0,3.0,75.0,20.0,20.0,35.0,28.0,0.1111111111111111,0.9914529914529916,64.8426038179117,56.44642857142857,,
p10,2019-12-09,24939944443,2019-12-09 00:52:00,2019-12-09 07:45:30,6.033333333333333,stages,362,51,0,0,51,50.0,77.0,235.0,23.0,4.0,12.34866828087167,0.0,13.812154696132596,21.2707182320442,3.812154696132597,75.0,20.0,20.0,35.0,50.0,0.123020706455542,0.9794437726723096,67.83122681844904,57.79365079365079,,
p10,2020-01-31,25697462530,2020-01-31 00:42:00,2020-01-31 07:28:30,6.15,stages,369,37,0,0,37,36.0,87.0,246.0,26.0,1.0,9.113300492610838,0.0,9.75609756097561,23.577235772357724,4.227642276422764,75.0,20.0,17.0,38.0,35.0,0.0927318295739348,0.998769987699877,70.04575709594182,61.025,,
p10,2020-02-10,25837152579,2020-02-09 23:26:30,2020-02-10 06:33:30,6.25,stages,375,52,0,0,52,58.0,59.0,258.0,20.0,4.0,12.177985948477751,0.0,15.466666666666667,15.733333333333333,3.2,73.0,17.0,21.0,35.0,57.0,0.07953216374269,0.936768149882904,70.29892983405483,62.71357142857143,,
p10,2020-02-11,25854512629,2020-02-10 23:49:00,2020-02-11 06:47:00,6.3,stages,378,40,0,0,40,81.0,84.0,213.0,15.0,3.0,9.569377990430622,0.0,21.428571428571427,22.22222222222222,2.380952380952381,81.0,21.0,22.0,38.0,81.0,0.0623471882640586,0.9784688995215312,69.72096894547995,59.83,,
p10,2020-01-08,25355080752,2020-01-08 00:22:00,2020-01-08 07:31:30,6.383333333333334,stages,383,46,0,0,46,62.0,118.0,203.0,25.0,1.0,10.722610722610723,0.0,16.18798955613577,30.80939947780679,3.9164490861618795,80.0,21.0,20.0,39.0,61.0,0.103030303030303,0.9359720605355064,68.60399338085905,61.1468253968254,,
p10,2020-01-07,25314193156,2020-01-07 00:54:30,2020-01-07 08:15:30,6.433333333333334,stages,386,55,0,0,55,18.0,81.0,287.0,19.0,4.0,12.471655328798185,0.0,4.66321243523316,20.984455958549223,2.9533678756476682,73.0,17.0,20.0,36.0,18.0,0.1223103057757644,0.9863945578231292,68.71113764906868,62.275,,
p10,2019-12-04,24884988764,2019-12-03 23:35:00,2019-12-04 07:14:30,6.45,stages,387,72,0,0,72,32.0,82.0,273.0,25.0,2.0,15.686274509803921,0.0,8.268733850129198,21.188630490956072,3.875968992248062,75.0,19.0,17.0,39.0,32.0,0.1099290780141844,0.998911860718172,68.44272282425878,58.888888888888886,,
p10,2019-11-22,24739614546,2019-11-21 23:31:00,2019-11-22 06:59:00,6.533333333333333,stages,392,56,0,0,56,76.0,108.0,208.0,18.0,3.0,12.5,0.0,19.387755102040817,27.551020408163264,2.7551020408163267,74.0,21.0,17.0,36.0,76.0,0.0980834272829763,0.9419642857142856,71.5956830491783,63.11111111111112,,
p10,2019-11-18,24675814270,2019-11-17 23:48:00,2019-11-18 07:08:00,6.6,stages,396,44,0,0,44,44.0,108.0,244.0,24.0,3.0,10.0,0.0,11.11111111111111,27.272727272727273,3.6363636363636367,78.0,21.0,19.0,38.0,44.0,0.0752565564424173,0.9977272727272728,67.56828987893907,58.58444444444444,,
p10,2020-01-29,25654969866,2020-01-29 01:08:30,2020-01-29 09:08:30,6.6,stages,396,84,0,0,84,44.0,82.0,270.0,23.0,4.0,17.5,0.0,11.11111111111111,20.707070707070706,3.484848484848485,66.0,18.0,16.0,32.0,43.0,0.1592091571279916,0.8458333333333333,68.94880750748978,58.29761904761905,,
p10,2019-11-26,24785313785,2019-11-25 23:46:00,2019-11-26 07:14:30,6.716666666666667,stages,403,45,0,0,45,72.0,112.0,219.0,28.0,2.0,10.044642857142858,0.0,17.866004962779158,27.791563275434243,4.168734491315137,79.0,21.0,19.0,39.0,72.0,0.1077441077441077,0.992196209587514,71.89232371872822,62.0,,
p10,2020-02-08,25813517746,2020-02-08 01:40:30,2020-02-08 09:41:00,6.716666666666667,stages,403,77,0,0,77,82.0,82.0,239.0,33.0,6.0,16.041666666666668,0.0,20.34739454094293,20.34739454094293,4.913151364764268,66.0,19.0,12.0,35.0,82.0,0.0887265135699373,0.9323621227887616,81.88704366689856,74.0,,
p10,2020-01-27,25619688370,2020-01-26 23:51:00,2020-01-27 07:19:30,6.766666666666667,stages,406,42,0,0,42,33.0,80.0,293.0,26.0,1.0,9.375,0.0,8.12807881773399,19.704433497536947,3.8423645320197046,78.0,18.0,21.0,39.0,33.0,0.0822998872604284,0.927536231884058,69.5676093004218,63.0,,
p10,2020-01-13,25416935394,2020-01-13 00:03:00,2020-01-13 07:32:00,6.833333333333333,stages,410,39,0,0,39,52.0,84.0,274.0,18.0,2.0,8.68596881959911,0.0,12.682926829268293,20.48780487804878,2.6341463414634148,82.0,20.0,22.0,40.0,52.0,0.0678733031674208,0.9844097995545658,70.04445840107606,59.28809523809524,,
p10,2019-12-03,24863392537,2019-12-02 23:38:00,2019-12-03 07:13:00,6.85,stages,411,44,0,0,44,48.0,76.0,287.0,24.0,1.0,9.67032967032967,0.0,11.678832116788321,18.491484184914842,3.5036496350364965,80.0,19.0,21.0,40.0,48.0,0.0936794582392776,0.9934065934065934,62.18187317230459,53.06111111111111,,
p10,2020-01-18,25507053401,2020-01-18 03:14:00,2020-01-18 11:01:30,6.866666666666666,stages,412,55,0,0,55,69.0,117.0,226.0,20.0,4.0,11.777301927194861,0.0,16.74757281553398,28.398058252427184,2.912621359223301,72.0,21.0,13.0,38.0,68.0,0.0713513513513513,0.990374331550802,88.60669787975404,79.72285714285714,,
p10,2019-11-13,24627151617,2019-11-12 23:56:00,2019-11-13 07:33:30,6.866666666666666,stages,412,45,0,0,45,53.0,95.0,264.0,26.0,2.0,9.846827133479213,0.0,12.864077669902912,23.058252427184467,3.7864077669902914,79.0,21.0,19.0,39.0,53.0,0.1215469613259668,0.9923497267759562,66.90868423060053,59.125,,
p10,2019-12-06,24908454644,2019-12-06 00:55:30,2019-12-06 08:58:30,6.883333333333334,stages,413,70,0,0,70,55.0,105.0,253.0,23.0,4.0,14.492753623188406,0.0,13.317191283292978,25.423728813559322,3.3414043583535107,71.0,21.0,14.0,36.0,55.0,0.1571871768355739,0.989648033126294,74.61771955961287,64.97857142857143,,
p10,2019-11-28,24807321135,2019-11-27 23:43:00,2019-11-28 07:30:30,6.9,stages,414,53,0,0,53,50.0,101.0,263.0,32.0,3.0,11.349036402569594,0.0,12.077294685990339,24.396135265700483,4.63768115942029,77.0,21.0,17.0,39.0,50.0,0.1094257854821235,0.9946524064171124,73.67081622678397,63.75555555555555,,
p10,2019-11-23,24753915241,2019-11-23 00:37:00,2019-11-23 08:29:30,6.95,stages,417,55,0,1,55,95.0,91.0,231.0,24.0,4.0,11.652542372881356,0.0,22.781774580335732,21.822541966426858,3.4532374100719423,75.0,21.0,16.0,38.0,94.0,0.0756123535676251,0.8677248677248677,74.55647643684229,62.74285714285715,,
p10,2020-01-15,25459972137,2020-01-15 01:12:30,2020-01-15 08:56:00,6.983333333333333,stages,419,44,0,0,44,63.0,137.0,219.0,28.0,1.0,9.503239740820735,0.0,15.035799522673031,32.69689737470167,4.009546539379475,79.0,21.0,19.0,39.0,62.0,0.1186623516720604,0.9795037756202803,66.93014085156156,57.72083333333333,,
p10,2020-01-23,25562950657,2020-01-22 23:43:00,2020-01-23 07:46:30,6.983333333333333,stages,419,64,0,1,64,47.0,60.0,312.0,27.0,5.0,13.250517598343686,0.0,11.217183770883056,14.319809069212411,3.8663484486873507,71.0,17.0,17.0,37.0,47.0,0.1127197518097207,0.8748707342295761,68.42768737697816,62.205000000000005,,
p10,2020-01-16,25459972138,2020-01-15 23:27:00,2020-01-16 07:20:30,7.05,stages,423,50,0,0,50,76.0,108.0,239.0,30.0,2.0,10.570824524312897,0.0,17.96690307328605,25.53191489361702,4.25531914893617,84.0,21.0,21.0,42.0,76.0,0.1042553191489361,0.9778247096092924,66.66869762107343,58.6,,
p10,2020-02-17,25934643081,2020-02-16 23:48:00,2020-02-17 08:09:30,7.083333333333333,stages,425,76,0,33,76,6.0,93.0,326.0,21.0,1.0,15.169660678642714,0.0,1.411764705882353,21.88235294117647,2.9647058823529413,73.0,17.0,17.0,39.0,6.0,0.1653225806451612,0.9850448654037888,71.9370912713018,60.7375,,
p10,2019-11-12,24606870468,2019-11-12 00:29:00,2019-11-12 08:37:30,7.1,stages,426,62,0,0,62,83.0,110.0,233.0,24.0,5.0,12.704918032786885,0.0,19.483568075117372,25.821596244131456,3.3802816901408455,82.0,21.0,20.0,41.0,82.0,0.1152263374485596,0.9989764585465712,63.45651649693657,56.66666666666666,,
p10,2020-02-13,25878517132,2020-02-12 23:16:30,2020-02-13 06:58:30,7.116666666666666,stages,427,35,0,0,35,64.0,91.0,272.0,28.0,1.0,7.575757575757576,0.0,14.988290398126464,21.311475409836067,3.934426229508197,82.0,20.0,19.0,43.0,64.0,0.0918918918918919,0.9805194805194806,69.86418585094081,61.16444444444445,,
p10,2020-01-26,25608475398,2020-01-26 02:14:00,2020-01-26 10:22:30,7.133333333333334,stages,428,60,0,0,60,57.0,89.0,282.0,24.0,3.0,12.295081967213115,0.0,13.317757009345794,20.794392523364486,3.364485981308411,79.0,19.0,19.0,41.0,57.0,0.1145510835913312,0.9273285568065508,69.82986662589312,63.0,,
p10,2019-11-27,24798204067,2019-11-27 00:59:00,2019-11-27 08:45:30,7.133333333333334,stages,428,38,0,0,38,101.0,95.0,232.0,33.0,1.0,8.15450643776824,0.0,23.598130841121495,22.19626168224299,4.626168224299065,80.0,22.0,15.0,43.0,100.0,0.1254019292604501,0.990353697749196,71.79445701604793,62.0,,
p10,2020-01-24,25580560440,2020-01-24 00:43:30,2020-01-24 08:49:30,7.15,stages,429,57,0,0,57,66.0,120.0,243.0,31.0,3.0,11.728395061728396,0.0,15.384615384615385,27.972027972027973,4.335664335664336,77.0,21.0,15.0,41.0,66.0,0.1202466598150051,0.977366255144033,69.65628579023316,62.00555555555556,,
p10,2019-12-18,25055442353,2019-12-18 01:52:00,2019-12-18 09:48:30,7.183333333333334,stages,431,45,0,0,45,48.0,138.0,245.0,18.0,3.0,9.453781512605042,0.0,11.136890951276103,32.01856148491879,2.5058004640371228,84.0,21.0,21.0,42.0,47.0,0.0797872340425532,0.9842602308499476,69.37629031712189,62.833333333333336,,
p10,2019-12-11,24966933101,2019-12-11 00:11:30,2019-12-11 08:01:30,7.183333333333334,stages,431,39,0,0,39,63.0,109.0,259.0,21.0,3.0,8.297872340425531,0.0,14.617169373549883,25.290023201856147,2.9234338747099766,82.0,21.0,19.0,42.0,63.0,0.0945802337938363,0.9893617021276596,68.78896716783814,59.453968253968256,,
p10,2020-01-21,25533495256,2020-01-21 00:00:00,2020-01-21 08:08:00,7.233333333333333,stages,434,54,0,0,54,40.0,81.0,313.0,33.0,2.0,11.065573770491802,0.0,9.216589861751151,18.663594470046082,4.56221198156682,80.0,18.0,20.0,42.0,40.0,0.099481865284974,0.9836065573770492,70.72321270743146,60.75,,
p10,2019-11-14,24644451602,2019-11-14 00:26:30,2019-11-14 08:39:00,7.283333333333333,stages,437,55,0,0,55,38.0,109.0,290.0,28.0,4.0,11.178861788617887,0.0,8.695652173913043,24.94279176201373,3.8443935926773456,79.0,20.0,18.0,41.0,37.0,0.1382113821138211,0.9928934010152284,66.02709913921571,56.72857142857143,,
p10,2019-12-02,24850453134,2019-12-01 22:47:00,2019-12-02 07:03:30,7.283333333333333,stages,437,59,0,4,59,30.0,109.0,298.0,27.0,3.0,11.89516129032258,0.0,6.864988558352403,24.94279176201373,3.7070938215102975,83.0,20.0,22.0,41.0,29.0,0.1054247697031729,0.9748237663645518,62.543302416133,53.833333333333336,,
p10,2019-12-19,25068663577,2019-12-18 23:53:30,2019-12-19 08:03:00,7.3,stages,438,51,0,0,51,84.0,83.0,271.0,26.0,4.0,10.429447852760736,0.0,19.17808219178082,18.949771689497716,3.5616438356164384,80.0,19.0,20.0,41.0,83.0,0.1256384065372829,0.992849846782431,70.27374917606399,60.285714285714285,,
p10,2020-02-06,25782545584,2020-02-06 00:25:00,2020-02-06 08:43:30,7.3,stages,438,60,0,0,60,90.0,103.0,245.0,39.0,2.0,12.048192771084338,0.0,20.54794520547945,23.515981735159816,5.342465753424658,75.0,22.0,12.0,41.0,90.0,0.1012145748987854,0.9909729187562688,78.88764072185126,68.85714285714286,,
p10,2020-02-05,25765074320,2020-02-04 23:32:00,2020-02-05 07:49:30,7.35,stages,441,56,0,0,56,46.0,131.0,264.0,28.0,2.0,11.267605633802816,0.0,10.430839002267573,29.705215419501133,3.8095238095238098,83.0,21.0,20.0,42.0,45.0,0.0910951893551688,0.978894472361809,66.9379613826739,58.260714285714286,,
p10,2020-01-30,25676413267,2020-01-29 23:45:00,2020-01-30 08:07:30,7.383333333333334,stages,443,59,0,1,59,65.0,92.0,286.0,31.0,4.0,11.752988047808765,0.0,14.672686230248306,20.767494356659142,4.198645598194131,79.0,20.0,18.0,41.0,65.0,0.1565656565656565,0.9970149253731344,68.94378371683761,57.57142857142857,,
p10,2020-02-26,26076106953,2020-02-25 23:22:00,2020-02-26 07:44:00,7.383333333333334,stages,443,59,0,0,59,83.0,82.0,278.0,24.0,3.0,11.752988047808765,0.0,18.73589164785553,18.510158013544018,3.2505643340857784,72.0,19.0,12.0,41.0,83.0,0.0699300699300699,0.9900398406374502,79.67734436924577,67.74222222222221,,
p10,2019-12-29,25187305533,2019-12-28 23:45:30,2019-12-29 08:19:30,7.433333333333334,stages,446,68,0,5,68,91.0,80.0,275.0,33.0,4.0,13.229571984435797,0.0,20.40358744394619,17.937219730941703,4.439461883408072,71.0,18.0,13.0,40.0,91.0,0.1030126336248785,0.990272373540856,78.16130927574936,64.13333333333333,,
p10,2020-02-27,26097289710,2020-02-26 23:23:00,2020-02-27 07:33:00,7.466666666666667,stages,448,42,0,1,42,37.0,84.0,327.0,28.0,3.0,8.571428571428571,0.0,8.258928571428571,18.75,3.75,81.0,18.0,21.0,42.0,36.0,0.076608784473953,0.9938775510204082,65.36686830167322,54.5,,
p10,2020-01-09,25355080753,2020-01-08 23:55:00,2020-01-09 08:02:30,7.466666666666667,stages,448,39,0,0,39,80.0,99.0,269.0,31.0,1.0,8.008213552361397,0.0,17.857142857142858,22.098214285714285,4.151785714285714,85.0,21.0,21.0,43.0,80.0,0.1126173096976016,1.001025641025641,69.32620030811628,61.15119047619048,,
p10,2019-12-12,24983237804,2019-12-12 00:53:30,2019-12-12 09:15:30,7.533333333333333,stages,452,50,0,0,50,64.0,110.0,278.0,30.0,3.0,9.9601593625498,0.0,14.15929203539823,24.336283185840706,3.982300884955752,84.0,21.0,21.0,42.0,64.0,0.0875621890547263,0.9083665338645418,64.73169278942305,56.74107142857143,,
p10,2020-01-11,25416935392,2020-01-11 01:30:30,2020-01-11 10:02:00,7.533333333333333,stages,452,59,0,5,59,97.0,92.0,263.0,34.0,3.0,11.545988258317026,0.0,21.460176991150444,20.353982300884955,4.513274336283186,76.0,20.0,15.0,41.0,96.0,0.1253701875616979,0.9951124144672532,75.64738998177113,62.78666666666667,,
p10,2019-12-21,25094978614,2019-12-21 01:38:00,2019-12-21 10:25:30,7.533333333333333,stages,452,75,0,0,75,56.0,116.0,280.0,29.0,5.0,14.231499051233397,0.0,12.389380530973451,25.663716814159294,3.849557522123894,80.0,21.0,20.0,39.0,56.0,0.1217887725975261,0.985781990521327,68.105574009324,58.24861111111111,,
p10,2020-02-09,25827174960,2020-02-09 01:52:30,2020-02-09 10:09:30,7.55,stages,453,44,0,0,44,82.0,107.0,264.0,31.0,1.0,8.853118712273641,0.0,18.101545253863133,23.620309050772626,4.105960264900662,79.0,21.0,16.0,42.0,82.0,0.1035175879396985,0.9517102615694164,74.19074091870075,63.0,,
p10,2020-02-25,26059972550,2020-02-24 23:40:00,2020-02-25 07:45:00,7.55,stages,453,32,0,0,32,79.0,123.0,251.0,28.0,1.0,6.597938144329897,0.0,17.439293598233995,27.1523178807947,3.708609271523179,81.0,21.0,17.0,43.0,79.0,0.0850622406639004,0.979381443298969,69.10050732892837,59.739285714285714,,
p10,2019-12-08,24933988592,2019-12-08 01:49:30,2019-12-08 10:22:00,7.566666666666666,stages,454,58,0,0,58,63.0,100.0,291.0,36.0,3.0,11.328125,0.0,13.876651982378855,22.026431718061673,4.757709251101322,82.0,20.0,21.0,41.0,63.0,0.1009803921568627,0.9892682926829268,65.78663722317569,57.26805555555556,,
p10,2019-11-17,24664611893,2019-11-17 00:45:30,2019-11-17 09:21:30,7.6,stages,456,60,0,0,60,63.0,105.0,288.0,32.0,3.0,11.627906976744185,0.0,13.81578947368421,23.026315789473685,4.2105263157894735,80.0,21.0,18.0,41.0,63.0,0.1210067763794772,0.9903100775193798,65.56763073847222,57.21111111111111,,
p10,2019-11-29,24818724704,2019-11-28 23:31:30,2019-11-29 08:06:30,7.6,stages,456,59,0,0,59,67.0,110.0,279.0,30.0,1.0,11.45631067961165,0.0,14.692982456140351,24.12280701754386,3.947368421052632,84.0,21.0,22.0,41.0,67.0,0.1057225994180407,0.9922330097087378,64.46045957195665,53.6,,
p10,2019-11-11,24591546332,2019-11-10 22:48:30,2019-11-11 07:43:00,7.616666666666666,stages,457,77,0,0,77,59.0,103.0,295.0,22.0,5.0,14.41947565543071,0.0,12.910284463894968,22.538293216630198,2.8884026258205693,77.0,20.0,18.0,39.0,59.0,0.1206735266604303,0.9130028063610852,64.44014560121117,58.23194444444445,,
p10,2020-01-17,25480527333,2020-01-17 00:36:00,2020-01-17 09:04:30,7.666666666666667,stages,460,48,0,1,48,81.0,131.0,248.0,29.0,1.0,9.448818897637794,0.0,17.608695652173914,28.47826086956522,3.782608695652174,78.0,21.0,15.0,42.0,80.0,0.1119920713577799,0.9813176007866272,72.02255904305004,61.475,,
p10,2019-12-28,25175833571,2019-12-27 23:28:30,2019-12-28 08:23:00,7.666666666666667,stages,460,74,0,0,74,82.0,95.0,283.0,30.0,5.0,13.857677902621722,0.0,17.82608695652174,20.652173913043477,3.9130434782608696,76.0,19.0,18.0,39.0,82.0,0.1273408239700374,0.9766136576239476,67.7481071663543,56.66666666666666,,
p10,2019-12-27,25162344602,2019-12-27 01:53:30,2019-12-27 10:54:30,7.666666666666667,stages,460,81,0,0,81,25.0,97.0,338.0,22.0,4.0,14.972273567467653,0.0,5.434782608695652,21.08695652173913,2.869565217391304,72.0,17.0,17.0,38.0,24.0,0.1431209602954755,0.922365988909427,67.60359441827379,57.75,,
p10,2020-01-22,25550388604,2020-01-21 23:33:00,2020-01-22 08:21:30,7.7,stages,462,66,0,0,66,87.0,60.0,315.0,30.0,2.0,12.5,0.0,18.83116883116883,12.987012987012987,3.896103896103896,78.0,17.0,19.0,42.0,87.0,0.118792599805258,0.934720908230842,67.15091319499214,58.465,,
p10,2020-02-19,25967008242,2020-02-18 23:42:00,2020-02-19 08:22:00,7.716666666666667,stages,463,57,0,0,57,95.0,115.0,253.0,31.0,3.0,10.961538461538462,0.0,20.518358531317496,24.838012958963283,4.017278617710583,82.0,22.0,18.0,42.0,95.0,0.1036168132942326,0.9961538461538462,69.44484976627835,59.0,,
p10,2019-12-20,25083760556,2019-12-19 23:45:00,2019-12-20 08:21:30,7.733333333333333,stages,464,52,0,0,52,89.0,93.0,282.0,23.0,2.0,10.077519379844961,0.0,19.18103448275862,20.04310344827586,2.9741379310344827,80.0,20.0,19.0,41.0,89.0,0.0962099125364431,1.0009680542110355,71.03822111694453,59.36666666666667,,
p10,2019-12-17,25040536493,2019-12-17 01:20:00,2019-12-17 10:07:30,7.75,stages,465,62,0,0,62,73.0,92.0,300.0,27.0,4.0,11.764705882352942,0.0,15.698924731182796,19.78494623655914,3.4838709677419355,80.0,19.0,20.0,41.0,72.0,0.1008563273073263,0.9725118483412324,67.57818683915175,60.3,,
p10,2019-11-09,24581798173,2019-11-09 02:39:00,2019-11-09 11:14:30,7.75,stages,465,50,0,0,50,50.0,134.0,281.0,28.0,3.0,9.70873786407767,0.0,10.75268817204301,28.817204301075268,3.6129032258064515,83.0,21.0,20.0,42.0,50.0,0.1463897131552917,0.997090203685742,66.30735692107288,57.84880952380952,,
p10,2019-11-10,24581798174,2019-11-10 01:17:30,2019-11-10 10:24:30,7.766666666666667,stages,466,81,0,0,81,75.0,97.0,294.0,27.0,7.0,14.808043875685557,0.0,16.09442060085837,20.815450643776824,3.476394849785408,76.0,19.0,19.0,38.0,75.0,0.1232876712328767,0.9908592321755028,68.22555150876184,57.71428571428572,,
p10,2020-01-19,25507053403,2020-01-19 00:45:30,2020-01-19 09:36:00,7.783333333333333,stages,467,63,0,1,63,110.0,101.0,256.0,39.0,3.0,11.88679245283019,0.0,23.554603854389722,21.62740899357602,5.010706638115631,79.0,22.0,16.0,41.0,110.0,0.0910815939278937,0.9255419415645616,71.9025710259417,60.46428571428572,,
p10,2019-12-10,24955416682,2019-12-10 00:17:30,2019-12-10 09:04:30,7.816666666666666,stages,469,58,0,0,58,91.0,121.0,257.0,21.0,3.0,11.005692599620494,0.0,19.402985074626866,25.79957356076759,2.6865671641791047,83.0,22.0,21.0,40.0,91.0,0.0966824644549763,0.9943074003795066,66.66904445215515,57.29285714285714,,
p10,2019-12-22,25107493158,2019-12-22 01:00:00,2019-12-22 10:02:00,7.85,stages,471,71,0,1,71,66.0,99.0,306.0,28.0,5.0,13.099630996309964,0.0,14.012738853503185,21.019108280254777,3.56687898089172,77.0,20.0,17.0,40.0,66.0,0.0952380952380952,0.8874538745387454,67.71829206829207,58.333333333333336,,
p10,2020-02-28,26105749295,2020-02-27 22:12:00,2020-02-28 07:18:00,7.95,stages,477,69,0,1,69,94.0,89.0,294.0,23.0,4.0,12.637362637362637,0.0,19.70649895178197,18.658280922431867,2.893081761006289,73.0,19.0,14.0,40.0,94.0,0.1162790697674418,0.9523809523809524,73.2427519008769,59.11875,,
p10,2019-12-15,25014537807,2019-12-14 23:33:30,2019-12-15 08:26:00,7.983333333333333,stages,479,53,0,0,53,68.0,72.0,339.0,42.0,3.0,9.962406015037594,0.0,14.19624217118998,15.031315240083508,5.260960334029227,75.0,17.0,16.0,42.0,68.0,0.0976525821596244,0.984037558685446,73.42250799984579,65.5579365079365,,
p10,2020-01-25,25595121009,2020-01-25 00:37:30,2020-01-25 09:49:30,8.0,stages,480,72,0,0,72,69.0,112.0,299.0,35.0,7.0,13.043478260869565,0.0,14.375,23.333333333333332,4.375,74.0,21.0,13.0,40.0,69.0,0.1402714932126696,0.9764492753623188,73.16098635440008,62.98571428571429,,
p10,2020-02-07,25800543785,2020-02-06 22:42:00,2020-02-07 07:43:30,8.016666666666667,stages,481,60,0,1,60,88.0,130.0,263.0,39.0,3.0,11.090573012939002,0.0,18.295218295218294,27.027027027027028,4.864864864864864,82.0,22.0,14.0,46.0,88.0,0.1105904404873477,0.9935364727608494,71.52203802496552,61.44444444444444,,
p10,2019-12-13,24994186376,2019-12-12 23:48:00,2019-12-13 08:58:00,8.05,stages,483,67,0,0,67,94.0,115.0,274.0,30.0,4.0,12.181818181818182,0.0,19.461697722567287,23.80952380952381,3.726708074534161,82.0,22.0,15.0,45.0,94.0,0.1056466302367941,0.9890909090909092,72.09399649064171,58.12444444444445,,
p10,2020-02-04,25751043192,2020-02-03 22:38:00,2020-02-04 07:37:30,8.1,stages,486,53,0,7,53,60.0,143.0,283.0,23.0,3.0,9.833024118738404,0.0,12.345679012345679,29.4238683127572,2.8395061728395063,88.0,21.0,21.0,46.0,59.0,0.0968955785512699,0.995366079703429,65.24878863119086,57.82666666666667,,
p10,2020-02-01,25711100944,2020-02-01 01:00:30,2020-02-01 09:53:30,8.1,stages,486,47,0,0,47,27.0,133.0,326.0,37.0,1.0,8.818011257035648,0.0,5.555555555555555,27.366255144032923,4.567901234567901,85.0,20.0,19.0,46.0,27.0,0.1087160262417994,0.9906191369606004,67.2272602923171,58.0,,
p10,2020-02-22,26029566309,2020-02-22 01:39:30,2020-02-22 10:39:30,8.116666666666667,stages,487,53,0,0,53,102.0,146.0,239.0,30.0,2.0,9.814814814814815,0.0,20.944558521560573,29.97946611909651,3.6960985626283365,83.0,22.0,15.0,46.0,102.0,0.0814061054579093,0.9944444444444444,69.85708676281303,61.2,,
p10,2020-01-14,25430944573,2020-01-13 23:45:00,2020-01-14 08:49:30,8.2,stages,492,52,0,3,52,64.0,136.0,292.0,31.0,2.0,9.558823529411764,0.0,13.008130081300813,27.642276422764226,3.780487804878049,88.0,21.0,21.0,46.0,63.0,0.0977859778597785,0.9862258953168044,68.00821449396868,59.5,,
p10,2020-02-20,25982248943,2020-02-19 23:44:30,2020-02-20 08:56:00,8.216666666666667,stages,493,58,0,0,58,80.0,129.0,284.0,28.0,4.0,10.526315789473685,0.0,16.227180527383368,26.16632860040568,3.407707910750507,84.0,21.0,18.0,45.0,79.0,0.1015412511332728,0.9755213055303718,66.50482399673848,57.2375,,
p10,2020-02-02,25726434349,2020-02-02 01:42:00,2020-02-02 10:45:30,8.283333333333333,stages,497,46,0,0,46,86.0,129.0,282.0,32.0,2.0,8.47145488029466,0.0,17.303822937625753,25.955734406438633,3.86317907444668,84.0,22.0,16.0,46.0,86.0,0.0975160993560257,0.97148114075437,68.5077475239407,58.19583333333333,,
p10,2019-11-21,24719901259,2019-11-20 22:54:30,2019-11-21 08:05:30,8.283333333333333,stages,497,54,0,1,54,93.0,142.0,262.0,31.0,4.0,9.800362976406534,0.0,18.712273641851105,28.571428571428573,3.7424547283702214,86.0,22.0,18.0,46.0,93.0,0.1042611060743427,0.9891107078039928,69.28627619577162,57.0,,
p10,2019-12-14,25005125214,2019-12-14 00:26:30,2019-12-14 10:10:30,8.283333333333333,stages,497,87,0,0,87,75.0,68.0,354.0,43.0,7.0,14.897260273972602,0.0,15.090543259557345,13.682092555331993,5.191146881287726,73.0,17.0,12.0,44.0,75.0,0.1137724550898203,0.9948630136986302,78.56619464872477,68.375,,
p10,2019-12-05,24897723331,2019-12-04 23:29:30,2019-12-05 08:42:30,8.3,stages,498,55,0,0,55,112.0,151.0,235.0,33.0,2.0,9.945750452079565,0.0,22.48995983935743,30.32128514056225,3.975903614457831,83.0,23.0,14.0,46.0,112.0,0.0948509485094851,1.0,73.60281522275193,61.18,,
p10,2020-02-18,25948224943,2020-02-17 22:48:00,2020-02-18 08:15:30,8.416666666666666,stages,505,62,0,2,62,59.0,118.0,328.0,19.0,2.0,10.934744268077601,0.0,11.683168316831683,23.366336633663366,2.2574257425742577,84.0,21.0,18.0,45.0,59.0,0.1043324491600353,0.985022026431718,69.58959812797022,60.16428571428571,,
p10,2019-11-19,24690330469,2019-11-18 22:00:30,2019-11-19 07:38:00,8.416666666666666,stages,505,72,0,0,72,87.0,118.0,300.0,35.0,4.0,12.478336221837088,0.0,17.22772277227723,23.366336633663366,4.158415841584159,79.0,21.0,14.0,44.0,87.0,0.103030303030303,0.987012987012987,71.26465241386295,61.90909090909091,,
p10,2019-11-08,24581798172,2019-11-07 22:29:30,2019-11-08 08:07:30,8.533333333333333,stages,512,66,0,0,66,62.0,86.0,364.0,21.0,4.0,11.418685121107266,0.0,12.109375,16.796875,2.4609375,,,,,,,0.9965397923875432,64.83835527898029,53.7875,,
p10,2019-11-16,24654870171,2019-11-15 23:50:00,2019-11-16 09:36:00,8.6,stages,516,70,0,0,70,101.0,148.0,267.0,29.0,4.0,11.945392491467576,0.0,19.573643410852714,28.68217054263566,3.372093023255814,84.0,22.0,17.0,45.0,100.0,0.1298366294067068,0.9863481228668942,64.96582533191531,56.195,,
p10,2020-01-02,25242601312,2020-01-02 00:03:00,2020-01-02 09:53:00,8.833333333333334,stages,530,60,0,1,60,56.0,119.0,355.0,31.0,4.0,10.169491525423728,0.0,10.566037735849056,22.452830188679247,3.5094339622641506,87.0,21.0,20.0,46.0,55.0,0.0697674418604651,0.9864406779661016,66.0487077450995,57.0,,
p10,2019-12-24,25141514835,2019-12-24 00:32:00,2019-12-24 10:20:00,8.9,stages,534,54,0,7,54,97.0,137.0,300.0,33.0,2.0,9.183673469387756,0.0,18.164794007490638,25.655430711610485,3.7078651685393256,87.0,22.0,19.0,46.0,97.0,0.0763226366001734,0.9812925170068028,68.19389462838338,54.42285714285715,,
p10,2020-02-16,25923394989,2020-02-16 01:13:00,2020-02-16 11:05:30,8.95,stages,537,55,0,0,55,83.0,144.0,310.0,37.0,2.0,9.29054054054054,0.0,15.456238361266294,26.81564245810056,4.134078212290503,85.0,21.0,18.0,46.0,82.0,0.085304054054054,0.9755274261603376,69.7774650858561,60.49166666666667,,
p10,2019-11-24,24762331591,2019-11-24 00:43:00,2019-11-24 11:09:30,9.216666666666669,stages,553,73,0,0,73,99.0,133.0,321.0,37.0,4.0,11.661341853035143,0.0,17.90235081374322,24.050632911392405,4.014466546112116,86.0,22.0,19.0,45.0,99.0,0.1005586592178771,0.9896249002394254,70.08507645580225,62.21825396825397,,
p10,2019-12-30,25201518679,2019-12-30 00:46:30,2019-12-30 11:21:30,9.35,stages,561,74,0,1,74,107.0,129.0,325.0,44.0,6.0,11.653543307086615,0.0,19.073083778966133,22.994652406417114,4.705882352941177,82.0,22.0,15.0,45.0,107.0,0.1258851298190401,0.9874015748031496,74.04258741435774,61.5375,,
p10,2019-12-31,25216525429,2019-12-31 00:04:00,2019-12-31 10:49:30,9.816666666666666,stages,589,56,0,1,56,96.0,111.0,382.0,41.0,2.0,8.682170542635658,0.0,16.298811544991512,18.845500848896435,4.176570458404075,84.0,20.0,18.0,46.0,95.0,0.0839160839160839,0.9852827265685516,71.01904171998511,59.075,,
p10,2019-12-07,24920722571,2019-12-07 00:46:30,2019-12-07 12:17:30,10.283333333333331,stages,617,74,0,0,74,112.0,181.0,324.0,41.0,4.0,10.709117221418234,0.0,18.152350081037277,29.3354943273906,3.987034035656402,86.0,23.0,18.0,45.0,112.0,0.118582791033984,0.9869753979739508,70.39159679112025,59.2,,
p10,2019-11-30,24832234105,2019-11-30 01:29:30,2019-11-30 14:12:30,10.333333333333334,stages,620,143,0,0,143,112.0,77.0,431.0,42.0,9.0,18.74180865006553,0.0,18.06451612903226,12.419354838709678,4.064516129032258,70.0,18.0,11.0,41.0,112.0,0.1597904387688277,0.9200524246395806,81.26883127160906,69.005,,
p10,2019-12-16,25029014472,2019-12-15 23:08:30,2019-12-16 11:52:00,10.516666666666667,stages,631,132,0,0,132,41.0,48.0,542.0,44.0,7.0,17.30013106159895,0.0,6.497622820919176,7.606973058637084,4.183835182250396,73.0,15.0,17.0,41.0,41.0,0.1416337285902503,0.9901768172888016,70.33464601609442,57.61875,,
p10,2020-01-01,25242601311,2020-01-01 00:37:00,2020-01-01 13:45:00,10.7,stages,642,146,0,0,146,116.0,46.0,480.0,42.0,8.0,18.527918781725887,0.0,18.068535825545172,7.165109034267913,3.9252336448598135,68.0,17.0,10.0,41.0,116.0,0.1625079974408189,0.9923857868020304,80.47925510124999,71.0,,
p11,2019-12-14,25001848975,2019-12-14 00:54:30,2019-12-14 05:47:30,4.333333333333333,stages,260,33,0,0,33,53.0,33.0,174.0,15.0,2.0,11.262798634812286,0.0,20.384615384615383,12.692307692307692,3.4615384615384617,65.0,16.0,21.0,28.0,53.0,0.110732538330494,0.89419795221843,64.43179078131368,58.33809523809524,,
p11,2020-01-04,25276983638,2020-01-04 00:32:30,2020-01-04 05:44:00,4.6,stages,276,35,0,0,35,48.0,49.0,179.0,15.0,3.0,11.254019292604502,0.0,17.391304347826086,17.753623188405797,3.2608695652173916,59.0,18.0,11.0,30.0,48.0,0.1043338683788122,0.9951845906902088,76.97303297956523,68.2611111111111,,
p11,2019-11-17,24666109427,2019-11-17 03:53:30,2019-11-17 09:26:00,4.983333333333333,stages,299,33,0,0,33,77.0,38.0,184.0,17.0,2.0,9.939759036144578,0.0,25.752508361204015,12.709030100334449,3.411371237458194,62.0,17.0,13.0,32.0,76.0,0.0796992481203007,0.9924812030075189,88.12169640124186,72.72375,,
p11,2020-02-03,25735834986,2020-02-02 22:35:00,2020-02-03 04:54:30,5.683333333333334,stages,341,38,0,0,38,68.0,69.0,204.0,14.0,2.0,10.026385224274406,0.0,19.941348973607038,20.234604105571847,2.463343108504399,72.0,20.0,15.0,37.0,67.0,0.0659488559892328,0.9986824769433466,70.15950039406503,61.8975,,
p11,2020-01-24,25580024550,2020-01-24 00:03:00,2020-01-24 06:20:30,5.816666666666666,stages,349,28,0,7,28,56.0,65.0,228.0,18.0,0.0,7.427055702917772,0.0,16.045845272206304,18.624641833810887,3.0945558739255015,69.0,19.0,13.0,37.0,56.0,0.0915119363395225,0.8556291390728477,72.93827036396696,66.60666666666667,,
p11,2019-12-13,24999959384,2019-12-13 03:48:30,2019-12-13 10:40:30,5.916666666666667,stages,355,57,0,0,57,81.0,59.0,215.0,28.0,3.0,13.83495145631068,0.0,22.816901408450704,16.619718309859156,4.732394366197183,63.0,18.0,11.0,34.0,81.0,0.0957575757575757,0.9878640776699028,81.88050139868322,67.45142857142858,,
p11,2020-02-12,25868325463,2020-02-12 00:04:00,2020-02-12 06:41:30,6.0,stages,360,37,0,0,37,57.0,57.0,246.0,26.0,1.0,9.319899244332493,0.0,15.833333333333334,15.833333333333334,4.333333333333333,73.0,17.0,17.0,39.0,57.0,0.0982142857142857,0.9761006289308176,65.59569842385564,56.935,,
p11,2020-02-14,25894760505,2020-02-13 23:27:00,2020-02-14 06:10:00,6.033333333333333,stages,362,41,0,0,41,54.0,64.0,244.0,21.0,1.0,10.173697270471465,0.0,14.917127071823204,17.679558011049725,3.4806629834254146,73.0,18.0,16.0,39.0,54.0,0.0738341968911917,1.0,65.8679631300599,59.5625,,
p11,2019-11-22,24739164427,2019-11-22 00:16:30,2019-11-22 07:14:30,6.05,stages,363,55,0,0,55,65.0,24.0,274.0,25.0,1.0,13.157894736842104,0.0,17.90633608815427,6.6115702479338845,4.132231404958678,62.0,15.0,12.0,35.0,65.0,0.094384707287933,0.8923444976076556,74.8579592361764,69.14,,
p11,2020-03-08,26231546955,2020-03-08 01:13:00,2020-03-08 07:58:00,6.1,stages,366,39,0,0,39,77.0,51.0,238.0,29.0,2.0,9.62962962962963,0.0,21.038251366120218,13.934426229508198,4.754098360655738,73.0,17.0,17.0,39.0,76.0,0.0825,0.9925925925925926,70.63350222193505,61.66904761904762,,
p11,2020-02-21,26001861569,2020-02-20 23:54:30,2020-02-21 07:07:30,6.15,stages,369,64,0,1,64,61.0,27.0,281.0,27.0,4.0,14.780600461893764,0.0,16.531165311653115,7.317073170731708,4.390243902439024,70.0,15.0,19.0,36.0,61.0,0.1014994232987312,1.0,64.31483058896454,56.15714285714286,,
p11,2020-01-31,25698237534,2020-01-31 00:03:30,2020-01-31 07:20:30,6.183333333333334,stages,371,66,0,6,66,65.0,37.0,269.0,19.0,5.0,15.102974828375286,0.0,17.52021563342318,9.973045822102426,3.07277628032345,66.0,16.0,15.0,35.0,64.0,0.0857142857142857,0.8627002288329519,68.30685148185148,62.10888888888889,,
p11,2019-12-04,24885493209,2019-12-03 23:08:00,2019-12-04 05:59:00,6.183333333333334,stages,371,40,0,0,40,90.0,53.0,228.0,26.0,1.0,9.732360097323602,0.0,24.258760107816713,14.285714285714286,4.204851752021563,68.0,17.0,14.0,37.0,90.0,0.0647130647130647,1.0,71.82803504281607,64.59027777777777,,
p11,2019-11-18,24674853574,2019-11-17 22:47:30,2019-11-18 05:59:30,6.216666666666667,stages,373,59,0,0,59,77.0,35.0,261.0,29.0,2.0,13.657407407407407,0.0,20.64343163538874,9.383378016085791,4.664879356568364,73.0,16.0,22.0,35.0,77.0,0.0809248554913294,0.9930555555555556,65.31597720461357,56.60952380952381,,
p11,2019-12-02,24851111930,2019-12-01 23:07:00,2019-12-02 06:12:00,6.216666666666667,stages,373,52,0,0,52,67.0,37.0,269.0,24.0,3.0,12.235294117647058,0.0,17.962466487935657,9.919571045576408,3.8605898123324396,69.0,16.0,16.0,37.0,67.0,0.0979443772672309,1.0,66.7875799168152,57.88,,
p11,2020-01-13,25412591575,2020-01-12 23:06:00,2020-01-13 06:14:30,6.233333333333333,stages,374,54,0,0,54,57.0,18.0,299.0,19.0,2.0,12.616822429906541,0.0,15.240641711229946,4.81283422459893,3.0481283422459895,70.0,15.0,18.0,37.0,56.0,0.0868516284680337,0.9918319719953326,66.34120660385366,59.57714285714285,,
p11,2020-02-20,25984676362,2020-02-20 00:09:30,2020-02-20 06:58:30,6.25,stages,375,34,0,0,34,35.0,81.0,259.0,14.0,1.0,8.312958435207824,0.0,9.333333333333334,21.6,2.24,73.0,19.0,15.0,39.0,35.0,0.083028083028083,0.9951100244498776,68.60916997280633,63.04285714285714,,
p11,2019-11-25,24772191508,2019-11-25 00:07:00,2019-11-25 06:59:00,6.266666666666667,stages,376,36,0,0,36,66.0,75.0,235.0,22.0,2.0,8.737864077669903,0.0,17.5531914893617,19.9468085106383,3.5106382978723403,72.0,20.0,14.0,38.0,65.0,0.0814814814814814,0.9805825242718448,70.90740047219008,63.01875,,
p11,2020-02-11,25852874151,2020-02-11 01:05:00,2020-02-11 07:59:30,6.266666666666667,stages,376,38,0,0,38,76.0,60.0,240.0,22.0,2.0,9.178743961352657,0.0,20.21276595744681,15.957446808510639,3.5106382978723403,72.0,18.0,15.0,39.0,76.0,0.0872727272727272,1.0012062726176116,66.67588909751561,59.266666666666666,,
p11,2019-12-06,24909279992,2019-12-06 00:43:00,2019-12-06 07:47:30,6.283333333333333,stages,377,47,0,0,47,86.0,60.0,231.0,22.0,3.0,11.084905660377359,0.0,22.811671087533156,15.915119363395226,3.5013262599469495,68.0,18.0,14.0,36.0,86.0,0.063754427390791,0.9917550058892816,71.03188441935474,64.0,,
p11,2020-03-04,26173389699,2020-03-03 23:42:00,2020-03-04 07:04:30,6.316666666666666,stages,379,63,0,1,63,55.0,28.0,296.0,32.0,4.0,14.253393665158372,0.0,14.511873350923484,7.387862796833773,5.065963060686016,66.0,15.0,13.0,38.0,55.0,0.0982857142857142,1.001129943502825,78.02756535538704,64.91000000000001,,
p11,2020-01-20,25517495946,2020-01-19 23:00:00,2020-01-20 05:59:00,6.316666666666666,stages,379,40,0,0,40,44.0,65.0,270.0,18.0,2.0,9.54653937947494,0.0,11.609498680738787,17.150395778364118,2.849604221635884,75.0,18.0,19.0,38.0,43.0,0.094017094017094,0.9976133651551312,68.5007498084053,56.66041666666666,,
p11,2019-12-18,25056011257,2019-12-17 23:50:30,2019-12-18 07:01:30,6.316666666666666,stages,379,52,0,0,52,69.0,80.0,230.0,16.0,4.0,12.064965197215777,0.0,18.20580474934037,21.108179419525065,2.532981530343008,72.0,20.0,17.0,35.0,69.0,0.0614136732329084,0.9976798143851509,66.25303642739689,60.2125,,
p11,2019-11-19,24688773695,2019-11-18 22:47:30,2019-11-19 06:03:30,6.35,stages,381,55,0,0,55,89.0,67.0,225.0,25.0,3.0,12.614678899082568,0.0,23.35958005249344,17.58530183727034,3.937007874015748,73.0,18.0,19.0,36.0,89.0,0.0790378006872852,0.9885321100917432,67.31806292444344,60.79166666666667,,
p11,2019-11-20,24706371068,2019-11-19 23:01:30,2019-11-20 05:59:00,6.366666666666666,stages,382,35,0,0,35,66.0,59.0,257.0,17.0,1.0,8.393285371702637,0.0,17.277486910994764,15.44502617801047,2.6701570680628275,75.0,17.0,20.0,38.0,66.0,0.0730538922155688,0.9988023952095808,65.9180962589236,60.43863636363636,,
p11,2019-11-29,24817735470,2019-11-28 22:40:30,2019-11-29 05:59:00,6.383333333333334,stages,383,55,0,0,55,79.0,81.0,223.0,36.0,1.0,12.557077625570777,0.0,20.626631853785902,21.148825065274153,5.639686684073107,73.0,20.0,16.0,37.0,78.0,0.0598388952819332,0.9942987457240592,67.97862885076188,60.958333333333336,,
p11,2019-11-27,24796295655,2019-11-26 22:54:00,2019-11-27 06:00:00,6.416666666666667,stages,385,41,0,0,41,53.0,70.0,262.0,23.0,2.0,9.624413145539906,0.0,13.766233766233766,18.181818181818183,3.5844155844155843,71.0,18.0,14.0,39.0,53.0,0.0616686819830713,0.9929577464788732,72.03452986467171,64.76071428571429,,
p11,2020-01-03,25258537618,2020-01-03 01:52:30,2020-01-03 09:09:00,6.433333333333334,stages,386,50,0,0,50,40.0,73.0,273.0,17.0,2.0,11.46788990825688,0.0,10.362694300518134,18.911917098445596,2.6424870466321244,68.0,18.0,14.0,36.0,40.0,0.1181192660550458,0.9484536082474226,75.06678412837834,61.57142857142857,,
p11,2020-02-09,25828087882,2020-02-09 03:58:30,2020-02-09 11:09:00,6.433333333333334,stages,386,44,0,0,44,98.0,52.0,236.0,25.0,2.0,10.232558139534884,0.0,25.38860103626943,13.471502590673575,3.8860103626943006,69.0,18.0,12.0,39.0,98.0,0.0816802800466744,0.994192799070848,80.82930565670053,72.64454545454545,,
p11,2019-12-16,25024744548,2019-12-15 23:43:30,2019-12-16 06:59:00,6.45,stages,387,48,0,0,48,73.0,61.0,253.0,31.0,0.0,11.03448275862069,0.0,18.863049095607234,15.762273901808786,4.8062015503875966,76.0,17.0,21.0,38.0,72.0,0.1021814006888633,0.9919632606199772,62.71724595491956,56.94375,,
p11,2019-12-15,25015756692,2019-12-15 03:16:30,2019-12-15 10:17:00,6.466666666666667,stages,388,32,0,0,32,68.0,63.0,257.0,17.0,2.0,7.619047619047619,0.0,17.52577319587629,16.237113402061855,2.6288659793814433,69.0,18.0,12.0,39.0,68.0,0.0737217598097502,0.9940546967895364,75.7482161844004,64.14017857142856,,
p11,2020-01-01,25228484040,2020-01-01 02:52:30,2020-01-01 10:21:30,6.466666666666667,stages,388,61,0,0,61,100.0,65.0,223.0,28.0,3.0,13.585746102449889,0.0,25.77319587628866,16.75257731958763,4.329896907216495,65.0,18.0,11.0,36.0,100.0,0.1101223581757508,0.9933184855233852,81.79538716764054,73.0,,
p11,2019-12-05,24900304785,2019-12-04 23:19:00,2019-12-05 06:27:30,6.5,stages,390,38,0,0,38,69.0,92.0,229.0,27.0,1.0,8.878504672897197,0.0,17.692307692307693,23.58974358974359,4.153846153846154,75.0,21.0,15.0,39.0,69.0,0.0781796966161026,0.9871645274212368,68.6846706681813,62.0,,
p11,2019-11-28,24807197307,2019-11-27 23:01:30,2019-11-28 06:06:30,6.516666666666667,stages,391,34,0,0,34,44.0,78.0,269.0,21.0,1.0,8.0,0.0,11.253196930946292,19.948849104859335,3.2225063938618925,76.0,19.0,18.0,39.0,43.0,0.0716803760282021,0.8964705882352941,66.50366668181628,60.55555555555556,,
p11,2019-12-23,25117569601,2019-12-23 01:42:00,2019-12-23 09:09:00,6.516666666666667,stages,391,56,0,0,56,67.0,41.0,283.0,20.0,3.0,12.527964205816556,0.0,17.135549872122763,10.485933503836318,3.0690537084398977,75.0,16.0,22.0,37.0,66.0,0.0525714285714285,0.9955257270693512,66.11706503234593,59.85714285714285,,
p11,2019-12-17,25038875578,2019-12-17 00:30:30,2019-12-17 07:58:30,6.516666666666667,stages,391,57,0,0,57,71.0,42.0,278.0,19.0,1.0,12.723214285714286,0.0,18.15856777493606,10.741687979539641,2.915601023017903,66.0,16.0,14.0,36.0,71.0,0.1460423634336677,0.9933035714285714,67.86155398284612,57.68888888888889,,
p11,2020-01-08,25335244267,2020-01-07 22:58:30,2020-01-08 06:15:30,6.533333333333333,stages,392,45,0,0,45,43.0,71.0,278.0,27.0,1.0,10.297482837528603,0.0,10.96938775510204,18.112244897959183,4.13265306122449,69.0,18.0,13.0,38.0,43.0,0.0822857142857142,0.9931350114416476,72.51906208231092,63.144444444444446,,
p11,2019-12-03,24862237228,2019-12-02 23:13:00,2019-12-03 06:38:30,6.533333333333333,stages,392,53,0,0,53,67.0,57.0,268.0,24.0,0.0,11.910112359550562,0.0,17.091836734693878,14.540816326530612,3.673469387755102,73.0,17.0,19.0,37.0,67.0,0.0678733031674208,0.877665544332211,63.28665445097669,57.3375,,
p11,2020-02-08,25814157525,2020-02-08 00:02:30,2020-02-08 07:22:00,6.533333333333333,stages,392,47,0,0,47,95.0,74.0,223.0,26.0,2.0,10.70615034168565,0.0,24.23469387755102,18.877551020408163,3.979591836734694,76.0,19.0,15.0,42.0,95.0,0.1137656427758816,0.987485779294653,65.43512378558461,58.656060606060606,,
p11,2020-01-07,25313796043,2020-01-06 22:54:00,2020-01-07 06:18:30,6.533333333333333,stages,392,52,0,0,52,108.0,51.0,233.0,29.0,0.0,11.711711711711711,0.0,27.551020408163264,13.010204081632653,4.438775510204081,70.0,18.0,14.0,38.0,108.0,0.0908045977011494,0.9966254218222722,68.40499488597683,60.5,,
p11,2020-01-27,25618590276,2020-01-26 22:49:30,2020-01-27 06:21:30,6.583333333333333,stages,395,57,0,0,57,83.0,53.0,259.0,29.0,1.0,12.610619469026549,0.0,21.0126582278481,13.417721518987342,4.405063291139241,68.0,17.0,14.0,37.0,82.0,0.087292817679558,0.995575221238938,71.16473088023088,64.745,,
p11,2020-02-26,26074332853,2020-02-25 23:19:30,2020-02-26 06:59:00,6.583333333333333,stages,395,64,0,0,64,94.0,104.0,197.0,28.0,3.0,13.943355119825709,0.0,23.79746835443038,26.329113924050635,4.253164556962026,80.0,22.0,17.0,41.0,94.0,0.0893054024255788,0.9967355821545156,66.78539370624523,57.66666666666666,,
p11,2020-01-25,25593040521,2020-01-25 01:04:00,2020-01-25 08:27:00,6.683333333333334,stages,401,42,0,0,42,63.0,79.0,259.0,23.0,2.0,9.48081264108352,0.0,15.71072319201995,19.700748129675812,3.4413965087281793,74.0,19.0,16.0,39.0,62.0,0.1098398169336384,0.9887133182844244,70.17918215092872,62.86805555555555,,
p11,2020-03-12,26292008416,2020-03-11 23:27:30,2020-03-12 06:57:00,6.716666666666667,stages,403,46,0,0,46,79.0,89.0,235.0,25.0,1.0,10.244988864142538,0.0,19.602977667493796,22.084367245657567,3.7220843672456576,76.0,21.0,13.0,42.0,79.0,0.0848214285714285,0.996662958843159,71.0602025516646,64.31166666666667,,
p11,2020-03-11,26276937936,2020-03-10 23:05:30,2020-03-11 07:01:00,6.75,stages,405,70,0,0,70,66.0,52.0,287.0,31.0,4.0,14.736842105263158,0.0,16.296296296296298,12.839506172839506,4.592592592592593,76.0,16.0,20.0,40.0,65.0,0.0886075949367088,0.982124079915878,63.590050087908764,58.5,,
p11,2020-03-09,26244694896,2020-03-08 22:35:30,2020-03-09 06:16:00,6.75,stages,405,55,0,0,55,75.0,35.0,295.0,32.0,0.0,11.956521739130435,0.0,18.51851851851852,8.641975308641975,4.7407407407407405,77.0,16.0,19.0,42.0,74.0,0.1175824175824175,0.8642779587404995,64.05209724669523,58.88055555555555,,
p11,2020-01-16,25461092965,2020-01-15 22:47:30,2020-01-16 06:24:00,6.75,stages,405,51,0,0,51,55.0,62.0,288.0,26.0,3.0,11.18421052631579,0.0,13.580246913580247,15.308641975308642,3.8518518518518516,68.0,17.0,12.0,39.0,55.0,0.0972067039106145,0.9945235487404164,79.27816379655586,66.07222222222222,,
p11,2020-03-01,26131732239,2020-03-01 00:14:30,2020-03-01 07:49:30,6.783333333333333,stages,407,48,0,0,48,49.0,81.0,277.0,31.0,1.0,10.54945054945055,0.0,12.039312039312039,19.9017199017199,4.57002457002457,76.0,19.0,15.0,42.0,49.0,0.1130625686059275,0.9934065934065934,65.3686269298548,57.31875,,
p11,2019-12-11,24969111459,2019-12-10 22:31:30,2019-12-11 06:02:30,6.8,stages,408,43,0,0,43,87.0,114.0,207.0,21.0,2.0,9.534368070953438,0.0,21.323529411764707,27.941176470588236,3.088235294117647,75.0,22.0,14.0,39.0,87.0,0.0598006644518272,0.9977827050997784,67.34010229276896,59.88625,,
p11,2020-02-02,25724765343,2020-02-02 01:30:30,2020-02-02 09:06:30,6.816666666666666,stages,409,47,0,0,47,71.0,95.0,243.0,21.0,1.0,10.307017543859649,0.0,17.359413202933986,23.227383863080686,3.0806845965770173,77.0,21.0,14.0,42.0,70.0,0.0909090909090909,0.9912280701754386,68.78250280938335,60.55974025974026,,
p11,2020-03-05,26191002755,2020-03-04 23:23:00,2020-03-05 07:08:00,6.816666666666666,stages,409,56,0,0,56,80.0,70.0,259.0,30.0,2.0,12.043010752688172,0.0,19.559902200489,17.114914425427873,4.400977995110025,75.0,18.0,15.0,42.0,79.0,0.0792079207920792,0.9935483870967742,69.67668482911989,63.14404761904762,,
p11,2019-12-09,24940521318,2019-12-08 22:44:00,2019-12-09 06:50:30,6.816666666666666,stages,409,77,0,0,77,61.0,27.0,321.0,26.0,2.0,15.843621399176955,0.0,14.91442542787286,6.601466992665037,3.8141809290953548,68.0,15.0,16.0,37.0,61.0,0.1142857142857142,0.9784172661870504,63.60864027429154,56.20833333333333,,
p11,2019-12-21,25095277460,2019-12-21 01:04:00,2019-12-21 08:26:30,6.916666666666667,stages,415,27,0,0,27,68.0,53.0,294.0,24.0,0.0,6.108597285067873,0.0,16.3855421686747,12.771084337349398,3.4698795180722892,77.0,17.0,19.0,41.0,68.0,0.0890410958904109,0.9853107344632768,66.26294324304646,59.24305555555556,,
p11,2020-02-24,26043159941,2020-02-23 22:52:30,2020-02-24 06:41:00,6.933333333333334,stages,416,52,0,1,52,61.0,50.0,305.0,37.0,2.0,11.11111111111111,0.0,14.663461538461538,12.01923076923077,5.336538461538462,76.0,16.0,18.0,42.0,61.0,0.1037433155080213,0.9946638207043756,64.97534294508544,58.870129870129865,,
p11,2019-11-23,24749800244,2019-11-23 00:52:00,2019-11-23 08:39:30,6.933333333333334,stages,416,51,0,1,51,76.0,61.0,279.0,23.0,1.0,10.920770877944326,0.0,18.26923076923077,14.663461538461538,3.317307692307692,74.0,17.0,18.0,39.0,76.0,0.0721205597416577,0.9925133689839571,70.88390983417924,61.375,,
p11,2020-02-22,26015817417,2020-02-22 00:52:00,2020-02-22 08:47:00,6.966666666666667,stages,418,57,0,1,57,57.0,101.0,260.0,25.0,3.0,12.0,0.0,13.636363636363637,24.16267942583732,3.588516746411483,80.0,21.0,17.0,42.0,56.0,0.0779220779220779,0.991578947368421,65.69222203840039,59.13392857142857,,
p11,2020-03-02,26144396447,2020-03-01 22:37:30,2020-03-02 06:20:30,7.016666666666667,stages,421,42,0,0,42,76.0,58.0,287.0,32.0,1.0,9.071274298056155,0.0,18.052256532066508,13.776722090261282,4.5605700712589075,72.0,17.0,13.0,42.0,76.0,0.1014023732470334,0.9049676025917928,68.98441558441559,64.0,,
p11,2020-02-10,25840144838,2020-02-09 23:51:00,2020-02-10 07:55:30,7.033333333333333,stages,422,62,0,7,62,75.0,69.0,278.0,24.0,1.0,12.809917355371901,0.0,17.77251184834123,16.350710900473935,3.4123222748815167,75.0,17.0,17.0,41.0,75.0,0.1207075962539021,0.9907120743034056,66.77761686808562,59.39875,,
p11,2020-02-05,25766882201,2020-02-04 23:29:00,2020-02-05 07:27:30,7.033333333333333,stages,422,56,0,0,56,99.0,78.0,245.0,34.0,2.0,11.715481171548117,0.0,23.459715639810426,18.48341232227488,4.834123222748815,78.0,19.0,18.0,41.0,98.0,0.0993723849372384,0.9968652037617556,67.76061642177994,59.330909090909095,,
p11,2019-12-24,25131194962,2019-12-24 00:48:30,2019-12-24 08:48:30,7.05,stages,423,57,0,0,57,59.0,32.0,332.0,28.0,2.0,11.875,0.0,13.947990543735225,7.5650118203309695,3.971631205673759,79.0,15.0,23.0,41.0,58.0,0.0707596253902185,0.9895833333333334,59.92188091440723,54.833333333333336,,
p11,2019-12-10,24954740208,2019-12-09 22:43:30,2019-12-10 06:52:00,7.05,stages,423,65,0,0,65,72.0,77.0,274.0,25.0,2.0,13.319672131147541,0.0,17.02127659574468,18.203309692671393,3.546099290780142,76.0,18.0,17.0,41.0,72.0,0.1133056133056133,0.992835209825998,64.96235655524316,56.93111111111111,,
p11,2020-01-30,25675166536,2020-01-29 23:06:00,2020-01-30 07:06:00,7.083333333333333,stages,425,55,0,0,55,109.0,64.0,252.0,28.0,3.0,11.458333333333334,0.0,25.647058823529413,15.058823529411764,3.9529411764705884,79.0,19.0,18.0,42.0,109.0,0.0905218317358892,0.9833333333333332,65.94473503191723,58.58714285714286,,
p11,2020-01-29,25655886134,2020-01-28 23:03:00,2020-01-29 07:10:30,7.116666666666666,stages,427,60,0,0,60,114.0,62.0,251.0,30.0,4.0,12.320328542094456,0.0,26.697892271662763,14.519906323185012,4.215456674473068,78.0,19.0,18.0,41.0,113.0,0.0889348500517063,0.9969230769230768,67.26831728513828,58.25892857142857,,
p11,2020-01-06,25296278253,2020-01-05 22:37:00,2020-01-06 06:28:30,7.133333333333334,stages,428,43,0,0,43,53.0,69.0,306.0,27.0,2.0,9.129511677282379,0.0,12.383177570093459,16.121495327102803,3.7850467289719623,80.0,17.0,21.0,42.0,53.0,0.0670212765957446,1.0010604453870626,68.47478056900727,56.185,,
p11,2020-01-15,25446926167,2020-01-14 23:20:00,2020-01-15 07:18:30,7.15,stages,429,49,0,0,49,75.0,103.0,251.0,29.0,3.0,10.251046025104603,0.0,17.482517482517483,24.009324009324008,4.055944055944056,81.0,21.0,18.0,42.0,75.0,0.104984093319194,0.9968652037617556,63.4515321680416,57.0,,
p11,2020-03-06,26205977360,2020-03-06 00:02:00,2020-03-06 07:58:00,7.166666666666667,stages,430,46,0,0,46,81.0,57.0,292.0,24.0,3.0,9.663865546218487,0.0,18.837209302325583,13.255813953488373,3.3488372093023253,73.0,17.0,14.0,42.0,81.0,0.0925341745531019,0.9957983193277312,73.11185278036544,64.32166666666666,,
p11,2020-01-17,25481231622,2020-01-16 23:09:30,2020-01-17 07:08:30,7.2,stages,432,47,0,0,47,90.0,111.0,231.0,39.0,1.0,9.812108559498956,0.0,20.833333333333332,25.694444444444443,5.416666666666667,78.0,22.0,14.0,42.0,90.0,0.0875912408759124,0.9979123173277662,68.42497962288758,60.569047619047616,,
p11,2019-12-25,25139446188,2019-12-25 01:39:00,2019-12-25 09:39:00,7.2,stages,432,48,0,0,48,91.0,79.0,262.0,24.0,2.0,10.0,0.0,21.064814814814813,18.287037037037038,3.333333333333333,83.0,19.0,22.0,42.0,91.0,0.0592592592592592,0.9916666666666668,63.516193522863695,55.575,,
p11,2020-01-14,25431776434,2020-01-13 22:56:00,2020-01-14 06:51:30,7.216666666666667,stages,433,42,0,0,42,65.0,105.0,263.0,26.0,1.0,8.842105263157896,0.0,15.011547344110854,24.249422632794456,3.602771362586605,83.0,21.0,19.0,43.0,64.0,0.105037513397642,0.9989484752891692,63.13291023012076,57.1,,
p11,2019-12-28,25174032700,2019-12-27 23:32:00,2019-12-28 08:00:00,7.25,stages,435,73,0,0,73,91.0,80.0,264.0,23.0,4.0,14.37007874015748,0.0,20.919540229885058,18.39080459770115,3.1724137931034484,77.0,19.0,18.0,40.0,91.0,0.1009081735620585,0.9940944881889764,62.57411319703399,54.61333333333334,,
p11,2020-02-25,26058492023,2020-02-24 22:34:00,2020-02-25 06:57:30,7.283333333333333,stages,437,66,0,1,66,68.0,50.0,319.0,29.0,2.0,13.121272365805169,0.0,15.560640732265446,11.441647597254004,3.9816933638443937,73.0,16.0,16.0,41.0,68.0,0.1098790322580645,0.997020854021847,67.48939587968474,60.66904761904762,,
p11,2019-11-21,24717409112,2019-11-20 22:30:30,2019-11-21 06:35:30,7.3,stages,438,47,0,0,47,87.0,52.0,299.0,31.0,1.0,9.690721649484535,0.0,19.863013698630137,11.872146118721462,4.2465753424657535,72.0,17.0,13.0,42.0,87.0,0.0710607621009268,0.9958762886597938,75.19398540268107,67.38194444444444,,
p11,2019-12-26,25150122347,2019-12-26 00:50:30,2019-12-26 08:45:00,7.316666666666666,stages,439,35,0,0,35,95.0,54.0,290.0,32.0,0.0,7.383966244725738,0.0,21.64009111617312,12.300683371298405,4.373576309794989,81.0,17.0,21.0,43.0,94.0,0.0800842992623814,0.9947312961011592,59.12325976166019,53.9,,
p11,2020-02-06,25781152853,2020-02-05 22:22:30,2020-02-06 06:57:00,7.333333333333333,stages,440,74,0,0,74,79.0,45.0,316.0,36.0,3.0,14.396887159533074,0.0,17.954545454545453,10.227272727272727,4.909090909090909,73.0,16.0,17.0,40.0,79.0,0.1144814090019569,0.999028182701652,62.93004236360267,56.0,,
p11,2020-02-13,25878929427,2020-02-12 23:08:30,2020-02-13 07:34:30,7.35,stages,441,65,0,0,65,76.0,61.0,304.0,27.0,1.0,12.845849802371541,0.0,17.233560090702948,13.832199546485262,3.673469387755102,76.0,17.0,19.0,40.0,76.0,0.0898321816386969,0.9920948616600792,63.32801959549968,56.83541666666667,,
p11,2020-01-26,25606373712,2020-01-26 00:28:00,2020-01-26 08:49:30,7.35,stages,441,60,0,3,60,77.0,89.0,275.0,30.0,4.0,11.976047904191617,0.0,17.46031746031746,20.18140589569161,4.081632653061225,74.0,19.0,14.0,41.0,77.0,0.111,0.9970089730807578,72.90813441558441,63.11875,,
p11,2020-01-09,25360197578,2020-01-08 22:40:30,2020-01-09 06:58:00,7.366666666666666,stages,442,55,0,0,55,75.0,86.0,281.0,30.0,2.0,11.066398390342052,0.0,16.968325791855204,19.457013574660632,4.0723981900452495,78.0,19.0,17.0,42.0,74.0,0.0721544715447154,0.9949748743718592,68.29260935473057,60.3525,,
p11,2019-12-29,25228484037,2019-12-29 00:23:00,2019-12-29 08:21:00,7.366666666666666,stages,442,36,0,0,36,97.0,66.0,279.0,27.0,1.0,7.531380753138075,0.0,21.945701357466064,14.93212669683258,3.6651583710407243,75.0,18.0,14.0,43.0,97.0,0.0834213305174234,0.997907949790795,65.14660554330366,56.0,,
p11,2020-01-21,25531409402,2020-01-20 22:44:00,2020-01-21 06:46:30,7.4,stages,444,38,0,13,38,97.0,78.0,269.0,21.0,1.0,7.8838174273858925,0.0,21.846846846846848,17.56756756756757,2.8378378378378377,75.0,19.0,14.0,42.0,97.0,0.0901554404145077,0.998963730569948,71.26005733547228,60.00714285714286,,
p11,2020-01-11,25387894831,2020-01-11 00:59:00,2020-01-11 09:04:30,7.416666666666667,stages,445,40,0,0,40,47.0,57.0,341.0,34.0,0.0,8.24742268041237,0.0,10.561797752808989,12.808988764044944,4.584269662921348,72.0,16.0,13.0,43.0,47.0,0.0804953560371517,0.9927909371781668,79.78415714644967,68.67083333333333,,
p11,2020-02-19,25964306599,2020-02-18 22:30:30,2020-02-19 06:44:30,7.466666666666667,stages,448,46,0,5,46,104.0,90.0,254.0,32.0,0.0,9.31174089068826,0.0,23.214285714285715,20.089285714285715,4.285714285714286,79.0,21.0,16.0,42.0,103.0,0.1001011122345803,0.9898785425101214,66.23386162235856,58.91428571428571,,
p11,2019-12-30,25228484038,2019-12-29 23:42:00,2019-12-30 07:59:00,7.5,stages,450,47,0,0,47,69.0,64.0,317.0,28.0,3.0,9.456740442655935,0.0,15.333333333333334,14.222222222222221,3.7333333333333334,78.0,17.0,19.0,42.0,69.0,0.0857719475277497,1.0,60.59615985959044,54.60909090909091,,
p11,2020-01-02,25239569708,2020-01-01 22:40:00,2020-01-02 07:00:00,7.533333333333333,stages,452,48,0,0,48,89.0,52.0,311.0,35.0,1.0,9.6,0.0,19.690265486725664,11.504424778761061,4.646017699115045,75.0,17.0,16.0,42.0,89.0,0.0678824721377912,1.0,68.18505887445887,59.87291666666667,,
p11,2020-03-13,26309796010,2020-03-13 00:22:30,2020-03-13 08:42:30,7.533333333333333,stages,452,48,0,0,48,97.0,124.0,231.0,30.0,1.0,9.6,0.0,21.460176991150444,27.43362831858407,3.982300884955752,83.0,22.0,15.0,46.0,97.0,0.0749250749250749,0.998,72.56862700870718,63.1225,,
p11,2020-03-10,26261003718,2020-03-09 22:13:30,2020-03-10 06:38:00,7.566666666666666,stages,454,50,0,1,50,78.0,110.0,266.0,21.0,2.0,9.920634920634921,0.0,17.180616740088105,24.229074889867842,2.775330396475771,86.0,21.0,19.0,46.0,78.0,0.068068068068068,0.9990089197224976,65.41760118188691,59.0,,
p11,2020-02-15,25906589254,2020-02-14 23:39:00,2020-02-15 07:54:30,7.566666666666666,stages,454,41,0,0,41,104.0,100.0,250.0,26.0,0.0,8.282828282828282,0.0,22.90748898678414,22.026431718061673,3.436123348017621,82.0,22.0,13.0,47.0,104.0,0.0725229826353421,0.9989909182643796,72.92139256927135,64.44444444444444,,
p11,2020-01-18,25492669061,2020-01-17 23:50:00,2020-01-18 08:18:30,7.616666666666666,stages,457,51,0,0,51,104.0,109.0,244.0,28.0,3.0,10.039370078740157,0.0,22.75711159737418,23.85120350109409,3.676148796498906,78.0,22.0,14.0,42.0,104.0,0.0833333333333333,1.0009832841691249,70.79919217433952,63.43896103896104,,
p11,2020-02-17,25935947160,2020-02-16 22:27:30,2020-02-17 07:14:00,7.616666666666666,stages,457,69,0,1,69,81.0,30.0,346.0,30.0,4.0,13.11787072243346,0.0,17.72428884026258,6.564551422319475,3.938730853391685,79.0,15.0,19.0,45.0,80.0,0.094375595805529,0.99335232668566,65.35490627388333,58.25357142857143,,
p11,2019-12-01,24840607391,2019-11-30 23:43:30,2019-12-01 08:16:30,7.716666666666667,stages,463,50,0,0,50,96.0,59.0,308.0,38.0,1.0,9.746588693957115,0.0,20.734341252699785,12.742980561555076,4.924406047516198,78.0,17.0,19.0,42.0,96.0,0.0788704965920155,0.9941520467836256,65.4252662479133,59.42857142857143,,
p11,2019-11-26,24786338894,2019-11-25 22:40:00,2019-11-26 07:11:00,7.733333333333333,stages,464,47,0,0,47,61.0,96.0,307.0,34.0,2.0,9.197651663405088,0.0,13.14655172413793,20.689655172413794,4.396551724137931,84.0,20.0,22.0,42.0,60.0,0.0718503937007874,0.9980430528375732,65.19970984353338,59.32589285714285,,
p11,2020-01-10,25372601970,2020-01-09 22:42:30,2020-01-10 06:59:00,7.75,stages,465,31,0,0,31,100.0,110.0,255.0,34.0,0.0,6.25,0.0,21.50537634408602,23.655913978494624,4.387096774193548,81.0,22.0,16.0,43.0,100.0,0.0725075528700906,0.9949647532729105,71.33827670867146,62.13660714285714,,
p11,2019-12-19,25069600658,2019-12-18 23:30:00,2019-12-19 08:20:00,7.75,stages,465,65,0,0,65,88.0,74.0,303.0,24.0,5.0,12.264150943396226,0.0,18.9247311827957,15.913978494623656,3.096774193548387,73.0,18.0,15.0,40.0,87.0,0.0683760683760683,0.9981132075471698,70.06141328215996,59.22,,
p11,2019-12-12,24979167566,2019-12-12 00:03:30,2019-12-12 08:30:30,7.833333333333333,stages,470,37,0,0,37,106.0,136.0,228.0,26.0,2.0,7.297830374753452,0.0,22.5531914893617,28.93617021276596,3.3191489361702127,79.0,22.0,14.0,43.0,106.0,0.0817733990147783,0.9921104536489151,70.15047593228508,62.50714285714286,,
p11,2020-02-07,25800039119,2020-02-06 23:51:30,2020-02-07 08:33:30,7.916666666666667,stages,475,47,0,0,47,87.0,73.0,315.0,29.0,2.0,9.003831417624522,0.0,18.31578947368421,15.368421052631579,3.663157894736842,77.0,18.0,13.0,46.0,87.0,0.108133971291866,0.978927203065134,68.99910793707271,58.41477272727273,,
p11,2020-01-22,25548960636,2020-01-21 22:48:30,2020-01-22 07:36:30,7.916666666666667,stages,475,53,0,4,53,126.0,126.0,223.0,24.0,2.0,10.037878787878787,0.0,26.526315789473685,26.526315789473685,3.031578947368421,78.0,24.0,13.0,41.0,125.0,0.0927152317880794,0.9829545454545454,71.22472650984211,63.77555555555556,,
p11,2020-03-07,26219514875,2020-03-06 23:28:30,2020-03-07 08:30:00,7.966666666666667,stages,478,63,0,0,63,88.0,87.0,303.0,31.0,2.0,11.645101663585953,0.0,18.410041841004183,18.200836820083683,3.8912133891213387,78.0,19.0,14.0,45.0,88.0,0.1158480074142724,0.9399815327793168,70.07926869027067,63.17460317460318,,
p11,2020-02-18,25947240267,2020-02-17 22:07:30,2020-02-18 06:52:30,7.966666666666667,stages,478,47,0,0,47,113.0,125.0,240.0,30.0,2.0,8.952380952380953,0.0,23.640167364016737,26.15062761506276,3.7656903765690375,84.0,23.0,15.0,46.0,113.0,0.0846812559467174,0.998095238095238,67.30731159743564,60.56363636363636,,
p11,2019-12-22,25106669191,2019-12-22 00:34:00,2019-12-22 09:39:00,7.983333333333333,stages,479,66,0,0,66,74.0,82.0,323.0,33.0,2.0,12.110091743119266,0.0,15.448851774530272,17.11899791231733,4.133611691022964,70.0,18.0,11.0,41.0,73.0,0.1066790352504638,0.998165137614679,78.2747040388125,68.33958333333332,,
p11,2020-03-03,26162397819,2020-03-02 22:37:00,2020-03-03 07:27:30,8.0,stages,480,50,0,1,50,78.0,111.0,291.0,34.0,1.0,9.433962264150944,0.0,16.25,23.125,4.25,85.0,21.0,18.0,46.0,78.0,0.0985645933014354,0.9858623939679548,66.33455436638994,57.9,,
p11,2020-02-23,26029159963,2020-02-22 23:20:30,2020-02-23 08:18:30,8.033333333333333,stages,482,56,0,0,56,98.0,135.0,249.0,31.0,3.0,10.408921933085502,0.0,20.33195020746888,28.008298755186722,3.858921161825726,81.0,22.0,14.0,45.0,98.0,0.1160631383472609,0.9944237918215614,69.90727967256004,59.725,,
p11,2020-02-27,26090605189,2020-02-26 22:32:30,2020-02-27 07:28:00,8.066666666666666,stages,484,51,0,0,51,87.0,87.0,310.0,29.0,2.0,9.532710280373832,0.0,17.975206611570247,17.975206611570247,3.59504132231405,84.0,19.0,19.0,46.0,87.0,0.0800376647834275,0.984126984126984,63.95280988250628,55.54848484848485,,
p11,2020-01-05,25283867561,2020-01-05 00:02:00,2020-01-05 09:12:30,8.1,stages,486,64,0,3,64,88.0,86.0,312.0,32.0,2.0,11.636363636363637,0.0,18.106995884773664,17.695473251028808,3.9506172839506175,85.0,18.0,21.0,46.0,88.0,0.0956360259981429,0.9990917347865576,63.89157077266168,57.88125,,
p11,2019-12-27,25161164267,2019-12-26 23:23:30,2019-12-27 08:28:00,8.133333333333333,stages,488,56,0,5,56,81.0,92.0,315.0,35.0,1.0,10.294117647058824,0.0,16.598360655737704,18.852459016393443,4.303278688524591,82.0,19.0,17.0,46.0,80.0,0.1075069508804448,0.995408631772268,59.77186939239522,53.44722222222222,,
p11,2019-12-08,24929203359,2019-12-07 23:11:00,2019-12-08 08:30:00,8.216666666666667,stages,493,66,0,0,66,95.0,64.0,334.0,36.0,4.0,11.806797853309481,0.0,19.26977687626775,12.981744421906694,4.381338742393509,81.0,17.0,19.0,45.0,95.0,0.1219512195121951,0.9946332737030412,64.71617686370385,57.11111111111112,,
p11,2020-01-28,25638461424,2020-01-27 22:28:00,2020-01-28 07:36:30,8.233333333333333,stages,494,54,0,0,54,81.0,89.0,324.0,35.0,2.0,9.854014598540147,0.0,16.39676113360324,18.016194331983804,4.251012145748988,84.0,19.0,19.0,46.0,80.0,0.1068139963167587,0.9936189608021878,66.93577670545561,59.83809523809524,,
p11,2020-01-23,25562806278,2020-01-22 22:35:30,2020-01-23 07:41:30,8.25,stages,495,51,0,3,51,97.0,105.0,293.0,27.0,2.0,9.340659340659341,0.0,19.595959595959595,21.21212121212121,3.272727272727273,80.0,21.0,13.0,46.0,97.0,0.1070448307410796,0.9945054945054944,71.31619417006156,63.03333333333333,,
p11,2019-11-16,24654882530,2019-11-16 00:21:00,2019-11-16 09:38:30,8.283333333333333,stages,497,60,0,0,60,110.0,93.0,294.0,34.0,2.0,10.771992818671455,0.0,22.132796780684103,18.712273641851105,4.104627766599598,80.0,20.0,15.0,45.0,110.0,0.0731046931407942,0.9955156950672646,67.8288342888343,60.37,,
p11,2019-11-24,24761620975,2019-11-23 23:22:30,2019-11-24 08:58:00,8.383333333333333,stages,503,72,0,0,72,116.0,71.0,316.0,44.0,3.0,12.521739130434783,0.0,23.061630218687874,14.115308151093439,5.248508946322068,83.0,19.0,19.0,45.0,116.0,0.0956521739130434,0.9939183318853172,65.9764035207217,59.05,,
p11,2019-12-07,24918660646,2019-12-06 22:55:00,2019-12-07 08:41:30,8.416666666666666,stages,505,81,0,0,81,71.0,66.0,368.0,39.0,4.0,13.822525597269625,0.0,14.05940594059406,13.069306930693068,4.633663366336634,79.0,17.0,18.0,44.0,70.0,0.0952789699570815,0.9957374254049446,70.03999350155173,60.58571428571428,,
p11,2020-02-01,25710818618,2020-02-01 00:11:30,2020-02-01 09:14:30,8.5,stages,510,33,0,0,33,92.0,109.0,309.0,21.0,1.0,6.077348066298343,0.0,18.03921568627451,21.372549019607842,2.4705882352941178,86.0,21.0,19.0,46.0,92.0,0.0699172033118675,0.988950276243094,65.03830792629674,56.40952380952381,,
p11,2019-12-31,25228484039,2019-12-30 23:03:30,2019-12-31 08:41:30,8.516666666666667,stages,511,67,0,0,67,98.0,145.0,268.0,39.0,4.0,11.591695501730104,0.0,19.17808219178082,28.37573385518591,4.579256360078277,79.0,22.0,12.0,45.0,98.0,0.1261884183232497,0.9948096885813148,69.26370004391742,57.75,,
p11,2020-02-29,26123762088,2020-02-28 23:21:30,2020-02-29 08:50:30,8.616666666666667,stages,517,52,0,1,52,90.0,83.0,344.0,37.0,1.0,9.13884007029877,0.0,17.408123791102515,16.054158607350097,4.294003868471953,81.0,18.0,17.0,46.0,90.0,0.0921861281826163,1.0,64.61097949112009,56.71111111111111,,
p11,2020-01-12,25409496107,2020-01-11 22:59:00,2020-01-12 08:33:30,8.65,stages,519,55,0,0,55,118.0,101.0,300.0,42.0,1.0,9.581881533101045,0.0,22.736030828516377,19.460500963391137,4.855491329479769,85.0,21.0,18.0,46.0,117.0,0.0993788819875776,0.988685813751088,68.75234049499014,60.282272727272726,,
p11,2020-02-28,26107494806,2020-02-28 00:23:30,2020-02-28 10:06:30,8.65,stages,519,64,0,0,64,69.0,92.0,358.0,34.0,2.0,10.977701543739279,0.0,13.294797687861271,17.726396917148364,3.930635838150289,77.0,18.0,14.0,45.0,68.0,0.1002570694087403,0.9879931389365352,68.00682920474588,60.24305555555556,,
p11,2020-02-16,25935947159,2020-02-15 22:51:30,2020-02-16 08:27:00,8.766666666666667,stages,526,49,0,0,49,95.0,126.0,305.0,31.0,3.0,8.521739130434783,0.0,18.06083650190114,23.954372623574145,3.536121673003802,84.0,22.0,16.0,46.0,95.0,0.0895652173913043,0.9973935708079932,69.24294557068947,60.26477272727273,,
p11,2019-11-30,24828062378,2019-11-29 22:56:30,2019-11-30 09:00:30,8.983333333333333,stages,539,65,0,1,65,67.0,77.0,395.0,37.0,3.0,10.76158940397351,0.0,12.430426716141001,14.285714285714286,4.1187384044526905,82.0,17.0,20.0,45.0,67.0,0.0942928039702233,0.9619205298013244,65.47596415345984,58.625,,
p11,2020-01-19,25505615007,2020-01-18 23:00:00,2020-01-19 09:01:30,8.983333333333333,stages,539,62,0,9,62,107.0,134.0,298.0,31.0,3.0,10.316139767054908,0.0,19.851576994434136,24.860853432282003,3.450834879406308,86.0,23.0,17.0,46.0,107.0,0.1160639192598822,0.9975062344139652,65.28796687109187,58.39666666666667,,
p11,2020-02-04,25751552213,2020-02-03 21:50:00,2020-02-04 07:56:30,9.0,stages,540,66,0,0,66,75.0,73.0,392.0,38.0,1.0,10.891089108910892,0.0,13.88888888888889,13.518518518518519,4.222222222222222,81.0,17.0,18.0,46.0,74.0,0.0792326939115929,0.9942291838417148,64.0555903742471,58.0,,
p11,2019-12-20,25084865676,2019-12-20 00:18:30,2019-12-20 10:35:30,9.233333333333333,stages,554,63,0,0,63,104.0,149.0,301.0,33.0,2.0,10.210696920583468,0.0,18.772563176895307,26.895306859205775,3.5740072202166067,80.0,22.0,13.0,45.0,104.0,0.0834008097165991,0.9902755267423016,71.72128734150012,64.33333333333333,,
p12,2020-02-15,25918019688,2020-02-14 21:42:30,2020-02-15 07:44:00,8.916666666666666,stages,535,66,0,1,66,107.0,114.0,314.0,23.0,3.0,10.98169717138103,0.0,20.0,21.30841121495327,2.579439252336449,85.0,21.0,19.0,45.0,107.0,0.0510887772194304,0.9941812136325852,62.74711622918145,57.0,,
p13,2019-11-13,24616863198,2019-11-13 00:02:00,2019-11-13 05:23:00,4.65,stages,279,42,0,0,42,73.0,46.0,160.0,19.0,3.0,13.08411214953271,0.0,26.164874551971327,16.487455197132615,4.086021505376344,,,,,,,0.9532710280373832,63.39345792188929,53.51785714285714,,
p13,2019-12-14,25008407963,2019-12-14 02:14:00,2019-12-14 07:56:30,4.7,stages,282,60,0,0,60,62.0,22.0,198.0,26.0,3.0,17.54385964912281,0.0,21.98581560283688,7.801418439716312,5.531914893617021,59.0,15.0,17.0,27.0,62.0,0.0754437869822485,0.9927007299270072,80.36876527883881,60.14071428571429,,
p13,2019-12-28,25174651283,2019-12-28 02:01:30,2019-12-28 08:54:00,5.383333333333334,stages,323,89,0,0,89,73.0,59.0,191.0,23.0,2.0,21.601941747572816,0.0,22.60061919504644,18.26625386996904,4.272445820433436,56.0,17.0,18.0,21.0,72.0,0.12,0.9915151515151516,57.648533536553096,49.57142857142857,,
p13,2019-12-15,25020557194,2019-12-15 00:09:00,2019-12-15 06:59:30,5.666666666666667,stages,340,70,0,0,70,105.0,51.0,184.0,23.0,4.0,17.073170731707318,0.0,30.88235294117647,15.0,4.0588235294117645,66.0,18.0,16.0,32.0,105.0,0.0691823899371069,0.9890377588306942,80.60313959439576,55.40714285714286,,
p13,2019-12-11,24975003856,2019-12-10 22:27:30,2019-12-11 04:57:30,5.716666666666667,stages,343,47,0,0,47,82.0,79.0,182.0,19.0,2.0,12.051282051282051,0.0,23.9067055393586,23.03206997084548,3.323615160349854,75.0,21.0,20.0,34.0,82.0,0.0678617157490397,0.9923076923076924,53.77227144087609,46.63,,
p13,2019-12-10,24952922316,2019-12-10 00:14:30,2019-12-10 06:53:30,5.75,stages,345,54,0,1,54,81.0,83.0,181.0,31.0,0.0,13.533834586466165,0.0,23.47826086956522,24.057971014492754,5.391304347826087,76.0,21.0,21.0,34.0,80.0,0.0638297872340425,0.9949874686716792,54.4896574598086,47.266666666666666,,
p13,2020-01-09,25356292535,2020-01-09 00:53:30,2020-01-09 07:40:30,5.933333333333334,stages,356,51,0,0,51,88.0,98.0,170.0,30.0,2.0,12.530712530712531,0.0,24.719101123595507,27.528089887640448,5.056179775280898,73.0,22.0,16.0,35.0,88.0,0.0723926380368098,1.0,63.11933843524752,55.75,,
p13,2019-11-19,24689120333,2019-11-19 00:39:00,2019-11-19 07:30:00,5.966666666666667,stages,358,53,0,0,53,71.0,78.0,209.0,38.0,3.0,12.895377128953772,0.0,19.83240223463687,21.787709497206706,6.368715083798882,74.0,20.0,19.0,35.0,71.0,0.0954712362301101,0.9951338199513382,59.60432962175016,52.88,,
p13,2020-01-06,25297109629,2020-01-05 23:51:30,2020-01-06 06:44:00,5.966666666666667,stages,358,54,0,0,54,63.0,78.0,217.0,30.0,2.0,13.106796116504855,0.0,17.59776536312849,21.787709497206706,5.027932960893855,68.0,20.0,13.0,35.0,63.0,0.0746634026927784,0.9987878787878788,72.6219123446672,64.95,,
p13,2020-03-21,26417463185,2020-03-21 00:16:00,2020-03-21 07:43:30,6.0,stages,360,87,0,0,87,86.0,87.0,187.0,18.0,6.0,19.463087248322147,0.0,23.88888888888889,24.166666666666668,3.0,71.0,21.0,22.0,28.0,86.0,0.0361581920903954,0.9743016759776536,57.423478859316006,50.40476190476191,,
p13,2019-11-27,24797723457,2019-11-27 01:50:00,2019-11-27 08:53:00,6.0,stages,360,63,0,0,63,117.0,95.0,148.0,26.0,2.0,14.893617021276595,0.0,32.5,26.38888888888889,4.333333333333333,78.0,23.0,21.0,34.0,116.0,0.0840336134453781,0.9787234042553192,53.582305281942965,46.7375,,
p13,2019-12-20,25082876763,2019-12-20 00:30:30,2019-12-20 07:26:30,6.033333333333333,stages,362,54,0,0,54,83.0,83.0,196.0,29.0,2.0,12.98076923076923,0.0,22.92817679558011,22.92817679558011,4.806629834254144,72.0,21.0,16.0,35.0,83.0,0.0756302521008403,0.9951923076923076,62.15955918745774,53.71428571428572,,
p13,2019-11-26,24786099062,2019-11-26 00:44:30,2019-11-26 07:46:00,6.183333333333334,stages,371,50,0,0,50,128.0,94.0,149.0,35.0,1.0,11.876484560570072,0.0,34.501347708894876,25.336927223719677,5.660377358490566,81.0,24.0,21.0,36.0,128.0,0.0808561236623067,0.98932384341637,53.23278243206301,47.46666666666667,,
p13,2020-01-27,25622340379,2020-01-27 01:52:00,2020-01-27 08:47:30,6.216666666666667,stages,373,42,0,0,42,93.0,85.0,195.0,23.0,3.0,10.120481927710843,0.0,24.932975871313673,22.788203753351205,3.6997319034852545,78.0,22.0,18.0,38.0,93.0,0.0685434516523867,0.9939831528279182,60.40104940795014,50.551515151515154,,
p13,2019-11-24,24760294583,2019-11-24 01:00:30,2019-11-24 08:27:30,6.25,stages,375,72,0,1,72,63.0,85.0,227.0,21.0,4.0,16.107382550335572,0.0,16.8,22.666666666666668,3.36,69.0,20.0,16.0,33.0,63.0,0.0938547486033519,0.9977628635346756,61.37565226253567,52.55,,
p13,2019-11-22,24738544501,2019-11-21 23:52:00,2019-11-22 07:08:00,6.3,stages,378,58,0,0,58,25.0,81.0,272.0,21.0,4.0,13.302752293577981,0.0,6.613756613756614,21.428571428571427,3.3333333333333335,70.0,18.0,17.0,35.0,25.0,0.0988505747126436,0.9885321100917432,61.97220975080604,51.63068181818181,,
p13,2019-11-18,24678098844,2019-11-18 00:18:00,2019-11-18 07:22:30,6.416666666666667,stages,385,39,0,0,39,98.0,84.0,203.0,26.0,1.0,9.19811320754717,0.0,25.454545454545453,21.818181818181817,4.0519480519480515,80.0,21.0,21.0,38.0,98.0,0.081145584725537,0.994110718492344,55.29041250350492,49.333333333333336,,
p13,2019-11-21,24718952889,2019-11-20 23:58:30,2019-11-21 07:25:00,6.416666666666667,stages,385,61,0,0,61,91.0,79.0,215.0,30.0,4.0,13.67713004484305,0.0,23.636363636363637,20.51948051948052,4.675324675324675,69.0,20.0,13.0,36.0,91.0,0.0795072788353863,0.9966405375139976,66.70117118212623,57.782222222222224,,
p13,2020-01-03,25258045367,2020-01-03 00:05:30,2020-01-03 07:57:00,6.516666666666667,stages,391,80,0,0,80,76.0,73.0,242.0,30.0,4.0,16.985138004246284,0.0,19.437340153452684,18.67007672634271,4.603580562659847,69.0,18.0,18.0,33.0,76.0,0.1155885471898197,0.9968186638388123,56.49459588284056,47.93888888888889,,
p13,2019-11-23,24750212382,2019-11-23 00:39:00,2019-11-23 08:03:00,6.6,stages,396,48,0,0,48,115.0,96.0,185.0,28.0,1.0,10.81081081081081,0.0,29.04040404040404,24.242424242424242,4.242424242424242,80.0,23.0,19.0,38.0,114.0,0.0549828178694158,0.9842342342342344,60.53904218715431,54.13333333333333,,
p13,2019-11-16,24653518172,2019-11-16 00:47:00,2019-11-16 08:39:30,6.616666666666666,stages,397,75,0,12,75,83.0,72.0,242.0,31.0,2.0,15.889830508474576,0.0,20.906801007556677,18.1360201511335,4.685138539042821,65.0,18.0,12.0,35.0,83.0,0.1390374331550802,0.9206349206349206,61.94978943789289,53.54,,
p13,2020-01-10,25373713975,2020-01-10 00:07:30,2020-01-10 07:48:00,6.75,stages,405,55,0,0,55,83.0,71.0,251.0,26.0,3.0,11.956521739130435,0.0,20.493827160493826,17.530864197530864,3.8518518518518516,79.0,18.0,24.0,37.0,83.0,0.0521172638436482,0.998914223669924,57.47002321350148,49.99375,,
p13,2019-11-29,24818331202,2019-11-28 23:15:00,2019-11-29 06:56:30,6.833333333333333,stages,410,51,0,0,51,97.0,94.0,219.0,28.0,3.0,11.062906724511931,0.0,23.658536585365855,22.926829268292682,4.097560975609756,79.0,22.0,18.0,39.0,97.0,0.0552486187845303,0.9685807150595884,60.483970901084994,50.15416666666667,,
p13,2020-01-07,25314168589,2020-01-06 23:58:00,2020-01-07 07:53:00,6.85,stages,411,64,0,0,64,107.0,92.0,212.0,29.0,4.0,13.473684210526315,0.0,26.034063260340634,22.38442822384428,4.233576642335767,75.0,22.0,16.0,37.0,106.0,0.0710498409331919,0.9936842105263158,63.91146941570671,55.35625,,
p13,2020-01-02,25247750945,2020-01-02 00:29:00,2020-01-02 08:28:00,6.866666666666666,stages,412,67,0,0,67,116.0,70.0,226.0,24.0,5.0,13.987473903966597,0.0,28.155339805825243,16.990291262135923,3.4951456310679614,77.0,19.0,21.0,37.0,116.0,0.0969116080937167,0.9979123173277662,52.62384884408943,47.0,,
p13,2019-12-13,24994360941,2019-12-12 22:55:00,2019-12-13 06:55:00,6.883333333333334,stages,413,67,0,0,67,91.0,72.0,250.0,20.0,5.0,13.958333333333334,0.0,22.033898305084747,17.433414043583536,2.905569007263922,68.0,18.0,13.0,37.0,91.0,0.0706006322444678,0.9791666666666666,80.35669260999049,67.93888888888888,,
p13,2019-11-28,24808719036,2019-11-28 01:35:00,2019-11-28 09:26:30,6.95,stages,417,54,0,1,54,89.0,95.0,233.0,28.0,4.0,11.464968152866241,0.0,21.34292565947242,22.781774580335732,4.028776978417266,76.0,21.0,16.0,39.0,89.0,0.0406852248394004,0.9883351007423118,58.69083043804074,51.802083333333336,,
p13,2019-12-12,24985361086,2019-12-11 22:41:00,2019-12-12 06:59:30,6.95,stages,417,81,0,0,81,107.0,38.0,272.0,28.0,6.0,16.265060240963855,0.0,25.65947242206235,9.112709832134293,4.028776978417266,66.0,17.0,14.0,35.0,107.0,0.0605449041372351,0.9949849548645938,66.4577236215845,53.79444444444445,,
p13,2020-01-08,25335648458,2020-01-07 23:44:30,2020-01-08 07:44:30,7.016666666666667,stages,421,59,0,0,59,87.0,106.0,228.0,24.0,2.0,12.291666666666666,0.0,20.665083135391924,25.17814726840855,3.4204275534441804,84.0,22.0,21.0,41.0,87.0,0.0770031217481789,1.0,57.24645765692641,51.39666666666667,,
p13,2019-11-14,24630309789,2019-11-13 23:16:00,2019-11-14 07:33:30,7.033333333333333,stages,422,75,0,0,75,120.0,120.0,182.0,38.0,3.0,15.090543259557345,0.0,28.436018957345972,28.436018957345972,5.402843601895735,,,,,,,0.9909547738693468,55.203246826421264,47.6,,
p13,2019-11-25,24771569817,2019-11-24 23:23:00,2019-11-25 07:28:30,7.1,stages,426,59,0,0,59,84.0,104.0,238.0,34.0,4.0,12.164948453608247,0.0,19.718309859154928,24.413145539906104,4.788732394366197,84.0,22.0,21.0,41.0,84.0,0.0623700623700623,0.9824922760041196,56.07797925345095,48.0,,
p13,2019-11-12,24602585329,2019-11-11 23:30:00,2019-11-12 07:30:00,7.183333333333334,classic,431,37,0,12,49,,,,,,,,,,,,,,,,,0.975,55.76699149615816,48.90714285714286,0.0,0.0
p13,2020-01-11,25387880450,2020-01-11 02:18:00,2020-01-11 10:15:00,7.2,stages,432,45,0,0,45,98.0,118.0,216.0,21.0,1.0,9.433962264150944,0.0,22.685185185185187,27.314814814814813,2.9166666666666665,83.0,22.0,18.0,43.0,98.0,0.0454545454545454,0.9958071278825996,62.346894053315104,55.142857142857146,,
p13,2019-11-20,24703446338,2019-11-19 23:25:00,2019-11-20 07:38:30,7.316666666666666,stages,439,54,0,0,54,106.0,109.0,224.0,32.0,3.0,10.953346855983773,0.0,24.145785876993166,24.829157175398635,4.373576309794989,86.0,22.0,22.0,42.0,105.0,0.0743380855397148,0.994934143870314,57.19200206898782,49.26136363636364,,
p13,2020-01-28,25638105669,2020-01-28 00:08:00,2020-01-28 08:25:30,7.35,stages,441,56,0,0,56,98.0,107.0,236.0,29.0,2.0,11.267605633802816,0.0,22.22222222222222,24.263038548752835,3.9455782312925174,84.0,22.0,20.0,42.0,98.0,0.0596707818930041,0.9969849246231156,56.34652385025369,49.0,,
p13,2019-11-15,24642349055,2019-11-14 23:18:00,2019-11-15 07:46:00,7.433333333333334,stages,446,62,0,1,62,95.0,101.0,250.0,39.0,2.0,12.204724409448819,0.0,21.300448430493272,22.6457399103139,5.246636771300448,85.0,21.0,22.0,42.0,95.0,0.0762286860581745,0.9822834645669292,53.11297284323336,47.28214285714286,,
p13,2020-01-05,25297109628,2020-01-05 01:31:30,2020-01-05 10:02:00,7.45,stages,447,63,0,0,63,92.0,110.0,245.0,35.0,3.0,12.352941176470589,0.0,20.58165548098434,24.60850111856823,4.697986577181208,75.0,22.0,12.0,41.0,91.0,0.0806293018682399,0.9970617042115572,67.22211591072102,57.82222222222222,,
p13,2020-01-25,25595907550,2020-01-25 01:25:00,2020-01-25 09:47:00,7.466666666666667,stages,448,54,0,0,54,93.0,127.0,228.0,28.0,3.0,10.756972111553784,0.0,20.758928571428573,28.348214285714285,3.75,83.0,22.0,19.0,42.0,93.0,0.0616016427104722,0.99402390438247,60.88827134789059,52.98571428571429,,
p13,2020-01-30,25678154361,2020-01-30 00:21:30,2020-01-30 09:05:30,7.533333333333333,stages,452,72,0,0,72,112.0,101.0,239.0,34.0,4.0,13.740458015267176,0.0,24.778761061946902,22.345132743362832,4.513274336283186,77.0,22.0,15.0,40.0,112.0,0.0848427073403241,0.9942748091603052,58.61304912298195,50.57142857142857,,
p13,2020-01-26,25608548545,2020-01-26 01:27:30,2020-01-26 09:55:00,7.583333333333333,stages,455,52,0,3,52,141.0,142.0,172.0,27.0,3.0,10.256410256410257,0.0,30.98901098901099,31.208791208791208,3.5604395604395607,84.0,24.0,18.0,42.0,141.0,0.0847457627118644,0.993103448275862,59.43966965574108,49.7875,,
p13,2019-12-21,25095092989,2019-12-21 01:10:30,2019-12-21 09:46:00,7.783333333333333,stages,467,48,0,0,48,84.0,113.0,270.0,28.0,2.0,9.320388349514563,0.0,17.987152034261243,24.197002141327623,3.5974304068522485,81.0,22.0,17.0,42.0,83.0,0.0484966052376333,0.9932104752667312,61.68933750169101,51.75779220779221,,
p13,2019-11-17,24665315583,2019-11-17 00:21:00,2019-11-17 09:30:30,7.883333333333334,stages,473,76,0,17,76,92.0,105.0,276.0,34.0,0.0,13.843351548269581,0.0,19.45031712473573,22.198731501057082,4.312896405919662,76.0,21.0,16.0,39.0,92.0,0.1275045537340619,0.9881710646041856,64.43689273689273,53.142857142857146,,
p13,2019-12-27,25163263748,2019-12-27 02:25:00,2019-12-27 11:31:30,7.9,stages,474,72,0,0,72,122.0,111.0,241.0,35.0,4.0,13.186813186813186,0.0,25.738396624472575,23.417721518987342,4.430379746835443,80.0,23.0,16.0,41.0,122.0,0.0762711864406779,0.9917657822506862,62.45295076489726,53.10611111111111,,
p13,2020-01-29,25654796106,2020-01-28 23:26:30,2020-01-29 08:51:00,8.0,stages,480,84,0,5,84,48.0,102.0,330.0,35.0,5.0,14.893617021276595,0.0,10.0,21.25,4.375,85.0,19.0,22.0,44.0,48.0,0.0759606791778373,0.9654561558901684,51.7058670585276,45.14761904761905,,
p13,2019-12-23,25133795812,2019-12-23 00:44:00,2019-12-23 09:51:30,8.05,stages,483,64,0,0,64,119.0,108.0,256.0,30.0,3.0,11.70018281535649,0.0,24.63768115942029,22.36024844720497,3.726708074534161,89.0,23.0,20.0,46.0,119.0,0.0664172123479887,0.993607305936073,56.214032326945926,48.43928571428572,,
p13,2019-12-19,25069493594,2019-12-19 01:22:00,2019-12-19 10:51:00,8.2,stages,492,77,0,0,77,96.0,123.0,273.0,28.0,4.0,13.532513181019333,0.0,19.51219512195122,25.0,3.414634146341464,78.0,22.0,12.0,44.0,95.0,0.0919540229885057,0.9982425307557118,81.55963838587078,71.03888888888889,,
p13,2019-11-30,24829297328,2019-11-29 23:51:00,2019-11-30 09:07:00,8.266666666666667,stages,496,60,0,0,60,108.0,129.0,259.0,34.0,3.0,10.79136690647482,0.0,21.774193548387096,26.008064516129032,4.112903225806451,88.0,23.0,19.0,46.0,108.0,0.0643382352941176,0.9928057553956836,57.10726846623585,48.53055555555556,,
p13,2019-12-22,25133795811,2019-12-22 01:15:00,2019-12-22 11:02:30,8.516666666666667,stages,511,76,0,0,76,102.0,132.0,277.0,40.0,2.0,12.947189097103918,0.0,19.96086105675147,25.831702544031312,4.6966731898238745,88.0,22.0,22.0,44.0,102.0,0.0553191489361702,0.9940425531914894,58.83860016505565,50.71428571428572,,
p13,2019-12-29,25247750944,2019-12-28 23:39:30,2019-12-29 11:01:30,10.166666666666666,stages,610,72,0,0,72,132.0,127.0,351.0,51.0,3.0,10.557184750733137,0.0,21.639344262295083,20.81967213114754,5.0163934426229515,87.0,22.0,20.0,45.0,131.0,0.0908424908424908,0.995601173020528,53.88689047002744,47.0,,
p13,2019-12-18,25055758567,2019-12-17 22:12:00,2019-12-18 09:38:30,10.3,stages,618,68,0,1,68,175.0,173.0,270.0,37.0,3.0,9.912536443148689,0.0,28.31715210355987,27.993527508090615,3.5922330097087376,92.0,25.0,22.0,45.0,174.0,0.0669117647058823,0.9992716678805535,56.320825813318514,49.51785714285714,,
p14,2020-02-05,25761608355,2020-02-04 22:02:00,2020-02-05 00:45:00,2.4,classic,144,18,0,1,19,,,,,,,,,,,,,,,,,0.656441717791411,63.037275289611735,58.88333333333333,17.0,2.0
p14,2020-02-10,25837605038,2020-02-10 02:24:00,2020-02-10 05:15:30,2.65,classic,159,7,0,5,12,,,,,,,,,,,,,,,,,0.6530612244897959,63.56047947588127,59.37301587301587,12.0,0.0
p14,2020-02-18,25945921224,2020-02-17 21:23:30,2020-02-18 01:12:30,3.2,stages,192,37,0,2,37,42.0,25.0,125.0,15.0,2.0,16.157205240174672,0.0,21.875,13.020833333333334,4.6875,62.0,16.0,20.0,26.0,42.0,0.0958605664488017,0.7379912663755459,61.71772885234424,57.44444444444444,,
p14,2019-12-14,25001883842,2019-12-13 23:52:00,2019-12-14 03:32:30,3.333333333333333,stages,200,20,0,2,20,18.0,59.0,123.0,7.0,1.0,9.090909090909092,0.0,9.0,29.5,2.1,73.0,19.0,22.0,32.0,18.0,0.0399061032863849,0.7256235827664399,64.25097041847042,59.11010101010101,,
p14,2020-04-01,26549937513,2020-03-31 19:49:00,2020-04-01 00:09:00,3.5,stages,210,50,0,0,50,32.0,10.0,168.0,16.0,3.0,19.23076923076923,0.0,15.238095238095237,4.761904761904762,4.571428571428571,,,,,,,0.5346153846153846,66.64049876981532,61.57142857142857,,
p14,2020-01-30,25667905078,2020-01-29 19:51:00,2020-01-30 00:14:30,3.533333333333333,stages,212,51,6,0,51,28.0,20.0,164.0,22.0,2.0,19.39163498098859,0.0,13.20754716981132,9.433962264150944,6.226415094339623,48.0,14.0,10.0,24.0,28.0,0.1395793499043977,0.7741935483870968,77.26184056956116,71.50833333333334,,
p14,2020-01-29,25647727161,2020-01-28 19:40:00,2020-01-29 00:25:00,3.533333333333333,stages,212,73,0,7,73,33.0,17.0,162.0,22.0,4.0,25.614035087719298,0.0,15.566037735849056,8.018867924528301,6.226415094339623,35.0,14.0,8.0,13.0,33.0,0.2296564195298372,0.7824561403508772,80.03106740046202,73.69000000000001,,
p14,2020-03-20,26402848730,2020-03-19 21:06:30,2020-03-20 01:26:30,3.55,stages,213,47,0,0,47,37.0,39.0,137.0,16.0,3.0,18.076923076923077,0.0,17.370892018779344,18.309859154929576,4.507042253521127,56.0,17.0,16.0,23.0,37.0,0.1036468330134357,0.7692307692307693,63.05958351370851,58.26534090909091,,
p14,2019-12-16,25070769292,2019-12-16 01:25:30,2019-12-16 06:02:30,3.85,stages,231,46,0,0,46,57.0,53.0,121.0,11.0,3.0,16.60649819494585,0.0,24.675324675324674,22.943722943722943,2.857142857142857,64.0,21.0,20.0,23.0,57.0,0.0756756756756756,0.9819494584837544,63.54044064595536,58.94375,,
p14,2020-01-03,25258260678,2020-01-03 01:22:00,2020-01-03 06:27:30,4.583333333333333,stages,275,30,0,0,30,45.0,28.0,202.0,14.0,1.0,9.836065573770492,0.0,16.363636363636363,10.181818181818182,3.0545454545454547,66.0,16.0,19.0,31.0,45.0,0.072013093289689,0.9230769230769232,74.52149739543356,69.30166666666666,,
p14,2020-03-30,26543161791,2020-03-29 22:44:00,2020-03-30 04:17:30,4.816666666666666,stages,289,44,0,0,44,54.0,79.0,156.0,21.0,2.0,13.213213213213214,0.0,18.685121107266436,27.335640138408305,4.359861591695502,68.0,21.0,15.0,32.0,54.0,0.0789074355083459,1.0014992503748126,64.89524608791075,58.0,,
p14,2020-03-11,26276246371,2020-03-11 01:07:00,2020-03-11 07:01:30,4.833333333333333,stages,290,64,0,0,64,67.0,26.0,197.0,19.0,4.0,18.07909604519774,0.0,23.103448275862068,8.96551724137931,3.931034482758621,62.0,16.0,19.0,27.0,66.0,0.0670470756062767,1.001410437235543,64.11792959778874,58.0,,
p14,2020-01-01,25233340851,2020-01-01 04:27:00,2020-01-01 10:13:00,4.95,stages,297,49,0,1,49,62.0,65.0,170.0,23.0,2.0,14.16184971098266,0.0,20.875420875420875,21.885521885521886,4.646464646464646,66.0,21.0,13.0,32.0,62.0,0.0690161527165932,0.9855491329479767,80.22003402267332,75.0,,
p14,2020-02-20,25981498203,2020-02-19 22:17:30,2020-02-20 04:17:00,5.1,stages,306,53,0,1,53,54.0,71.0,181.0,18.0,3.0,14.763231197771587,0.0,17.647058823529413,23.202614379084967,3.5294117647058827,72.0,21.0,20.0,31.0,54.0,0.0822873082287308,0.8289290681502086,60.11052943141869,55.14017857142857,,
p14,2020-01-23,25582114369,2020-01-22 23:16:30,2020-01-23 05:35:00,5.166666666666667,stages,310,68,0,0,68,50.0,31.0,229.0,19.0,3.0,17.98941798941799,0.0,16.129032258064516,10.0,3.6774193548387095,60.0,16.0,17.0,27.0,50.0,0.1202113606340819,0.998678996036988,71.96373195571861,55.98125,,
p14,2020-02-13,25877530632,2020-02-12 21:19:30,2020-02-13 03:16:00,5.283333333333333,stages,317,39,0,0,39,55.0,38.0,224.0,24.0,0.0,10.955056179775282,0.0,17.350157728706623,11.987381703470032,4.542586750788644,72.0,17.0,20.0,35.0,55.0,0.0805755395683453,0.8162692847124825,62.75453590891736,58.74603174603175,,
p14,2020-01-02,25240162379,2020-01-02 00:40:00,2020-01-02 06:42:30,5.333333333333333,stages,320,42,0,0,42,89.0,67.0,164.0,18.0,1.0,11.602209944751381,0.0,27.8125,20.9375,3.375,76.0,21.0,21.0,34.0,89.0,0.0949720670391061,0.9875862068965516,74.20757777294091,64.98333333333333,,
p14,2020-01-22,25582114368,2020-01-21 21:42:30,2020-01-22 04:39:30,5.5,stages,330,87,0,0,87,64.0,62.0,204.0,33.0,4.0,20.863309352517987,0.0,19.393939393939394,18.78787878787879,6.0,62.0,19.0,17.0,26.0,63.0,0.1305389221556886,0.8633093525179856,61.821071628988285,56.83166666666667,,
p14,2020-01-13,25419399714,2020-01-12 23:34:00,2020-01-13 05:56:30,5.533333333333333,stages,332,50,0,0,50,29.0,16.0,287.0,16.0,2.0,13.089005235602095,0.0,8.734939759036145,4.819277108433735,2.891566265060241,71.0,13.0,23.0,35.0,28.0,0.0620782726045884,0.930718954248366,60.95265161648588,56.42857142857143,,
p14,2020-03-21,26415650961,2020-03-20 20:53:00,2020-03-21 03:20:30,5.566666666666666,stages,334,53,0,1,53,53.0,41.0,240.0,16.0,4.0,13.695090439276486,0.0,15.868263473053892,12.275449101796408,2.874251497005988,73.0,17.0,23.0,33.0,52.0,0.0390117035110533,0.9987096774193548,58.31111763631143,54.513636363636365,,
p14,2020-03-10,26261905393,2020-03-10 00:44:30,2020-03-10 07:30:30,5.6,stages,336,70,0,1,70,72.0,41.0,223.0,21.0,4.0,17.24137931034483,0.0,21.428571428571427,12.202380952380953,3.7500000000000004,68.0,17.0,21.0,30.0,72.0,0.1070110701107011,0.9310344827586208,59.51107274559655,55.16309523809524,,
p14,2019-12-17,25070769293,2019-12-16 21:18:00,2019-12-17 04:11:00,5.633333333333334,stages,338,75,0,0,75,48.0,76.0,214.0,22.0,3.0,18.159806295399516,0.0,14.201183431952662,22.485207100591715,3.9053254437869818,68.0,21.0,16.0,31.0,48.0,0.115527950310559,1.0,66.64602589366513,61.43809523809524,,
p14,2020-03-19,26387104248,2020-03-18 22:45:00,2020-03-19 05:30:00,5.65,stages,339,66,0,1,66,42.0,65.0,232.0,22.0,3.0,16.296296296296298,0.0,12.389380530973451,19.174041297935105,3.893805309734513,71.0,19.0,17.0,35.0,42.0,0.0796344647519582,0.928395061728395,61.35189643394431,55.375,,
p14,2020-03-09,26245157988,2020-03-09 00:20:00,2020-03-09 07:10:00,5.683333333333334,stages,341,69,0,0,69,75.0,71.0,195.0,22.0,5.0,16.829268292682926,0.0,21.994134897360702,20.821114369501466,3.8709677419354835,72.0,21.0,17.0,34.0,75.0,0.1166032953105196,0.997560975609756,64.13228583424183,56.864285714285714,,
p14,2020-02-07,25797362725,2020-02-06 23:04:00,2020-02-07 06:02:30,5.75,stages,345,73,0,1,73,53.0,52.0,240.0,27.0,3.0,17.464114832535884,0.0,15.36231884057971,15.072463768115941,4.695652173913044,66.0,17.0,18.0,31.0,53.0,0.1107099879663056,0.8578255675029869,62.48521265178646,56.7375,,
p14,2019-11-25,24773508487,2019-11-25 01:33:00,2019-11-25 08:41:00,5.833333333333333,stages,350,78,0,1,78,71.0,38.0,241.0,36.0,4.0,18.22429906542056,0.0,20.285714285714285,10.857142857142858,6.171428571428572,68.0,16.0,19.0,33.0,70.0,0.1175059952038369,0.9929906542056076,62.1292060096766,56.57142857142857,,
p14,2020-01-09,25357433314,2020-01-09 01:41:00,2020-01-09 08:55:00,5.866666666666666,stages,352,82,0,0,82,51.0,19.0,282.0,25.0,5.0,18.89400921658986,0.0,14.488636363636363,5.3977272727272725,4.261363636363637,70.0,15.0,20.0,35.0,51.0,0.0985221674876847,0.8548387096774194,65.8525295309662,61.0,,
p14,2020-03-31,26543161792,2020-03-30 21:18:30,2020-03-31 04:15:00,5.916666666666667,stages,355,61,0,0,61,32.0,49.0,274.0,23.0,3.0,14.663461538461538,0.0,9.014084507042254,13.80281690140845,3.8873239436619715,,,,,,,0.7130852340936374,60.020225827296535,55.871428571428574,,
p14,2019-12-10,24951685695,2019-12-09 21:28:30,2019-12-10 04:47:30,6.0,stages,360,79,0,0,79,50.0,27.0,283.0,21.0,3.0,17.995444191343964,0.0,13.88888888888889,7.5,3.5,61.0,15.0,16.0,30.0,50.0,0.1296928327645051,0.8633257403189066,67.53986510411312,63.6,,
p14,2020-01-16,25459957751,2020-01-15 21:42:30,2020-01-16 05:00:30,6.016666666666667,stages,361,77,0,0,77,45.0,76.0,240.0,25.0,5.0,17.579908675799086,0.0,12.465373961218837,21.05263157894737,4.1551246537396125,68.0,20.0,17.0,31.0,45.0,0.1220068415051311,1.0,64.23334593488704,59.19727272727273,,
p14,2019-12-03,24861414185,2019-12-02 20:44:00,2019-12-03 04:07:30,6.016666666666667,stages,361,82,0,0,82,66.0,40.0,255.0,46.0,2.0,18.510158013544018,0.0,18.282548476454295,11.0803324099723,7.645429362880886,57.0,16.0,8.0,33.0,66.0,0.2298980747451868,0.9673055242390078,73.95507001416094,66.06666666666666,,
p14,2019-12-04,24884861895,2019-12-03 21:59:30,2019-12-04 06:15:30,6.133333333333334,stages,368,128,0,0,128,88.0,62.0,218.0,30.0,7.0,25.806451612903224,0.0,23.91304347826087,16.847826086956523,4.891304347826087,51.0,18.0,13.0,20.0,88.0,0.1742195367573011,0.9616935483870968,71.03800130686923,62.74285714285714,,
p14,2020-01-20,25517299693,2020-01-19 21:30:30,2020-01-20 04:44:00,6.2,stages,372,61,0,1,61,56.0,37.0,279.0,35.0,3.0,14.087759815242494,0.0,15.053763440860216,9.946236559139784,5.64516129032258,72.0,16.0,19.0,37.0,56.0,0.1365227537922987,0.8604382929642446,60.88692778029239,55.875,,
p14,2019-12-08,24930891613,2019-12-07 23:47:00,2019-12-08 07:02:30,6.266666666666667,stages,376,59,0,0,59,67.0,85.0,224.0,30.0,3.0,13.563218390804598,0.0,17.819148936170212,22.606382978723403,4.787234042553192,79.0,21.0,21.0,37.0,66.0,0.0754936120789779,0.9942594718714122,66.06436911177096,60.95555555555556,,
p14,2020-03-28,26543161789,2020-03-27 21:16:30,2020-03-28 04:15:30,6.283333333333333,stages,377,42,0,2,42,34.0,93.0,250.0,18.0,3.0,10.023866348448687,0.0,9.018567639257295,24.6684350132626,2.8647214854111405,75.0,20.0,18.0,37.0,34.0,0.0548271752085816,0.8568019093078759,63.20279787529092,57.725974025974025,,
p14,2019-12-30,25200635456,2019-12-30 00:24:00,2019-12-30 07:29:30,6.333333333333333,stages,380,45,0,0,45,52.0,63.0,265.0,26.0,2.0,10.588235294117647,0.0,13.68421052631579,16.57894736842105,4.105263157894737,70.0,18.0,14.0,38.0,52.0,0.065398335315101,0.9894242068155112,76.53851074367702,69.2,,
p14,2019-12-31,25219356587,2019-12-31 01:39:30,2019-12-31 09:02:00,6.416666666666667,stages,385,57,0,0,57,65.0,77.0,243.0,21.0,3.0,12.895927601809955,0.0,16.883116883116884,20.0,3.2727272727272725,72.0,20.0,15.0,37.0,65.0,0.0598388952819332,0.9898305084745764,74.88061452753233,69.69500000000001,,
p14,2019-11-27,24796190773,2019-11-26 22:21:00,2019-11-27 06:04:30,6.433333333333334,stages,386,77,0,0,77,58.0,76.0,252.0,28.0,2.0,16.630669546436284,0.0,15.025906735751295,19.689119170984455,4.352331606217616,68.0,19.0,15.0,34.0,58.0,0.1111111111111111,0.9838187702265372,66.18040128730918,59.44047619047619,,
p14,2019-11-19,24687503266,2019-11-18 20:22:30,2019-11-19 04:14:30,6.45,stages,387,85,0,0,85,39.0,60.0,288.0,30.0,5.0,18.008474576271187,0.0,10.077519379844961,15.503875968992247,4.651162790697675,64.0,16.0,16.0,32.0,39.0,0.1121693121693121,0.9809322033898306,64.40140466684743,59.12678571428572,,
p14,2020-03-04,26172453371,2020-03-03 20:23:00,2020-03-04 04:56:30,6.466666666666667,stages,388,125,0,1,125,46.0,82.0,260.0,27.0,8.0,24.366471734892787,0.0,11.855670103092784,21.1340206185567,4.175257731958763,59.0,19.0,15.0,25.0,46.0,0.1449559255631733,0.8841285296981499,62.44384435926285,57.41083333333333,,
p14,2019-11-28,24810623434,2019-11-27 21:29:00,2019-11-28 05:11:30,6.55,stages,393,69,0,0,69,76.0,74.0,243.0,29.0,4.0,14.935064935064934,0.0,19.338422391857506,18.829516539440203,4.427480916030534,77.0,20.0,20.0,37.0,76.0,0.0633333333333333,0.9902702702702704,63.55526703403341,58.29785714285714,,
p14,2019-11-15,24641138645,2019-11-14 19:41:30,2019-11-15 03:25:00,6.55,stages,393,70,0,0,70,93.0,61.0,239.0,22.0,5.0,15.118790496760258,0.0,23.66412213740458,15.521628498727736,3.3587786259541987,69.0,18.0,16.0,35.0,93.0,0.0694896851248642,0.9859762675296656,64.79099458164009,58.62,,
p14,2019-11-18,24675109416,2019-11-17 21:48:30,2019-11-18 05:48:00,6.6,stages,396,83,0,0,83,83.0,47.0,266.0,33.0,5.0,17.32776617954071,0.0,20.95959595959596,11.868686868686869,5.0,73.0,17.0,21.0,35.0,83.0,0.0858960763520678,0.9927007299270072,60.849980067784685,55.70238095238095,,
p14,2020-02-21,26001144025,2020-02-20 20:38:30,2020-02-21 04:13:30,6.616666666666666,stages,397,58,0,3,58,100.0,79.0,218.0,28.0,1.0,12.747252747252746,0.0,25.188916876574307,19.8992443324937,4.231738035264484,75.0,21.0,17.0,37.0,100.0,0.0878155872667398,0.9164835164835164,62.958880947190295,56.48571428571429,,
p14,2020-01-27,25618448249,2020-01-26 22:06:30,2020-01-27 05:58:30,6.716666666666667,stages,403,69,0,0,69,64.0,109.0,230.0,30.0,4.0,14.61864406779661,0.0,15.88089330024814,27.047146401985113,4.466501240694789,77.0,21.0,20.0,36.0,63.0,0.1322751322751322,0.8983050847457628,62.50816623104359,58.60375,,
p14,2020-02-06,25785212361,2020-02-05 21:29:30,2020-02-06 05:46:00,6.766666666666667,stages,406,90,0,0,90,78.0,85.0,243.0,26.0,3.0,18.14516129032258,0.0,19.211822660098523,20.935960591133004,3.8423645320197046,74.0,20.0,19.0,35.0,78.0,0.0910031023784901,0.9949647532729105,64.1536636609005,56.875,,
p14,2019-12-11,24965924900,2019-12-10 22:57:00,2019-12-11 07:18:00,6.8,stages,408,93,0,0,93,33.0,74.0,301.0,46.0,3.0,18.562874251497007,0.0,8.088235294117647,18.137254901960784,6.764705882352941,67.0,17.0,15.0,35.0,33.0,0.1260162601626016,0.8662674650698603,70.30260081060773,63.81388888888889,,
p14,2020-02-03,25738090994,2020-02-02 23:08:00,2020-02-03 07:19:30,6.85,stages,411,80,0,0,80,47.0,65.0,299.0,33.0,6.0,16.293279022403258,0.0,11.435523114355231,15.815085158150852,4.817518248175182,74.0,17.0,21.0,36.0,47.0,0.131062951496388,0.8911495422177009,60.514795130034855,55.2425,,
p14,2019-12-05,24894254138,2019-12-04 22:37:30,2019-12-05 07:30:30,6.866666666666666,stages,412,121,0,3,121,74.0,81.0,257.0,43.0,10.0,22.701688555347094,0.0,17.961165048543688,19.660194174757283,6.262135922330097,58.0,19.0,10.0,29.0,74.0,0.1968134957825679,0.9174484052532832,74.8698804433467,64.22,,
p14,2019-12-13,24991605949,2019-12-12 20:59:00,2019-12-13 05:31:30,6.883333333333334,stages,413,99,0,3,99,52.0,23.0,338.0,26.0,8.0,19.3359375,0.0,12.590799031476998,5.5690072639225185,3.777239709443099,67.0,15.0,20.0,32.0,51.0,0.0957551826258637,0.8839024390243903,63.24240282038296,58.53333333333333,,
p14,2020-03-07,26215232762,2020-03-06 21:36:00,2020-03-07 06:28:30,6.883333333333334,stages,413,119,0,0,119,59.0,40.0,314.0,34.0,6.0,22.36842105263158,0.0,14.285714285714286,9.685230024213075,4.939467312348668,59.0,16.0,14.0,29.0,59.0,0.1639962299717247,0.9502347417840376,64.2209030593912,59.43253968253968,,
p14,2019-12-27,25160634807,2019-12-26 23:25:00,2019-12-27 08:03:30,6.9,stages,414,104,0,0,104,59.0,48.0,307.0,24.0,7.0,20.077220077220076,0.0,14.251207729468598,11.594202898550725,3.4782608695652173,62.0,16.0,15.0,31.0,59.0,0.1137026239067055,0.9450337512054002,70.65998240421712,63.7725,,
p14,2019-11-23,24747845478,2019-11-22 20:05:00,2019-11-23 04:42:30,6.916666666666667,stages,415,102,0,0,102,96.0,131.0,188.0,28.0,5.0,19.729206963249517,0.0,23.132530120481928,31.566265060240966,4.048192771084337,71.0,22.0,14.0,35.0,96.0,0.1093117408906882,0.9758454106280192,66.34704741902762,58.77142857142857,,
p14,2019-12-28,25176129647,2019-12-27 21:33:00,2019-12-28 06:51:00,6.95,stages,417,141,0,0,141,76.0,68.0,273.0,36.0,11.0,25.268817204301076,0.0,18.225419664268586,16.30695443645084,5.179856115107913,61.0,17.0,16.0,28.0,76.0,0.1401098901098901,0.967741935483871,69.51875080166747,61.57142857142857,,
p14,2020-03-24,26452726595,2020-03-23 19:36:00,2020-03-24 04:16:30,7.183333333333334,stages,431,89,0,1,89,58.0,100.0,273.0,30.0,7.0,17.115384615384617,0.0,13.45707656612529,23.201856148491878,4.176334106728538,77.0,21.0,18.0,38.0,57.0,0.114975845410628,0.9337175792507204,61.68883700318886,56.333333333333336,,
p14,2020-03-16,26344515090,2020-03-15 21:17:30,2020-03-16 05:51:30,7.266666666666667,stages,436,78,0,1,78,96.0,68.0,272.0,47.0,1.0,15.17509727626459,0.0,22.01834862385321,15.596330275229358,6.467889908256881,74.0,18.0,15.0,41.0,95.0,0.1088435374149659,0.8852140077821011,61.078374006945424,55.6,,
p14,2020-02-25,26057283892,2020-02-24 20:51:00,2020-02-25 05:40:00,7.333333333333333,stages,440,89,0,0,89,49.0,56.0,335.0,35.0,6.0,16.8241965973535,0.0,11.136363636363637,12.727272727272727,4.7727272727272725,72.0,16.0,18.0,38.0,49.0,0.1201513718070009,1.0,62.78179820074905,56.4,,
p14,2019-12-06,24906921659,2019-12-05 20:40:00,2019-12-06 05:03:30,7.333333333333333,stages,440,63,0,1,63,98.0,170.0,172.0,22.0,1.0,12.524850894632207,0.0,22.272727272727273,38.63636363636363,3.0,78.0,19.0,17.0,42.0,98.0,0.0765357502517623,0.9791459781529296,69.78775336675946,59.73571428571429,,
p14,2020-03-22,26429105487,2020-03-21 21:26:30,2020-03-22 06:01:30,7.366666666666666,stages,442,73,0,0,73,112.0,85.0,245.0,32.0,4.0,14.174757281553399,0.0,25.339366515837103,19.23076923076923,4.343891402714933,76.0,21.0,15.0,40.0,111.0,0.0649854510184287,0.8796116504854369,64.15843009088043,56.56,,
p14,2019-12-18,25070769294,2019-12-17 21:51:00,2019-12-18 06:35:00,7.5,stages,450,74,0,0,74,47.0,92.0,311.0,29.0,6.0,14.122137404580153,0.0,10.444444444444445,20.444444444444443,3.8666666666666667,78.0,20.0,18.0,40.0,47.0,0.0628019323671497,0.9904580152671756,68.74712372833758,60.44285714285714,,
p14,2019-11-22,24745178449,2019-11-21 19:59:00,2019-11-22 05:08:30,7.566666666666666,stages,454,95,0,9,95,113.0,114.0,227.0,35.0,6.0,17.304189435336976,0.0,24.889867841409693,25.110132158590307,4.6255506607929515,75.0,23.0,15.0,37.0,112.0,0.1146496815286624,0.991810737033667,63.426020360882745,56.02,,
p14,2020-03-27,26488863691,2020-03-26 19:17:00,2020-03-27 04:32:00,7.583333333333333,stages,455,100,0,0,100,54.0,69.0,332.0,24.0,6.0,18.01801801801802,0.0,11.868131868131869,15.164835164835164,3.164835164835165,68.0,17.0,15.0,36.0,54.0,0.0941176470588235,0.8900900900900901,64.51646840002103,57.70625,,
p14,2019-12-26,25148709571,2019-12-25 22:15:30,2019-12-26 08:06:00,7.616666666666666,stages,457,133,0,5,133,64.0,69.0,324.0,46.0,8.0,22.54237288135593,0.0,14.00437636761488,15.098468271334792,6.039387308533917,67.0,17.0,15.0,35.0,63.0,0.151877133105802,0.9483488569009314,68.06886608431252,60.0,,
p14,2019-12-24,25124548577,2019-12-23 22:05:00,2019-12-24 07:50:30,7.716666666666667,stages,463,122,0,4,122,33.0,89.0,341.0,45.0,8.0,20.854700854700855,0.0,7.1274298056155505,19.22246220302376,5.831533477321814,72.0,18.0,19.0,35.0,32.0,0.167381974248927,0.9837745516652434,64.85417956850249,59.55357142857143,,
p14,2020-01-17,25477895843,2020-01-16 21:57:30,2020-01-17 07:39:30,7.75,stages,465,117,0,0,117,93.0,64.0,308.0,26.0,9.0,20.103092783505154,0.0,20.0,13.763440860215054,3.3548387096774195,68.0,17.0,17.0,34.0,92.0,0.1133047210300429,0.9518900343642612,67.18226058939057,60.59,,
p14,2020-01-11,25394112364,2020-01-10 23:16:00,2020-01-11 08:40:30,7.75,stages,465,99,0,0,99,81.0,73.0,311.0,36.0,8.0,17.5531914893617,0.0,17.419354838709676,15.698924731182796,4.645161290322581,76.0,18.0,21.0,37.0,81.0,0.1104185218165627,0.9973427812223208,63.69316496607794,59.5,,
p14,2019-12-21,25092749642,2019-12-20 20:39:00,2019-12-21 05:55:00,7.85,stages,471,85,0,0,85,74.0,111.0,286.0,37.0,5.0,15.287769784172662,0.0,15.711252653927813,23.56687898089172,4.713375796178344,78.0,21.0,17.0,40.0,74.0,0.1624319419237749,0.9388489208633094,69.39101738512657,61.43214285714286,,
p14,2020-01-28,25635767830,2020-01-27 21:30:30,2020-01-28 06:47:30,7.866666666666666,stages,472,85,0,0,85,54.0,83.0,335.0,39.0,6.0,15.26032315978456,0.0,11.440677966101696,17.584745762711865,4.957627118644068,77.0,18.0,20.0,39.0,54.0,0.0986547085201793,0.9066427289048474,64.46760361750461,58.57142857142857,,
p14,2020-01-15,25448456573,2020-01-14 22:05:00,2020-01-15 08:11:30,7.9,stages,474,132,0,0,132,60.0,41.0,373.0,46.0,9.0,21.782178217821784,0.0,12.658227848101266,8.649789029535865,5.822784810126582,67.0,16.0,16.0,35.0,60.0,0.1399832355406538,0.9348722176422094,64.9675195517788,59.36190476190477,,
p14,2020-01-07,25314982277,2020-01-06 21:45:00,2020-01-07 07:33:30,7.9,stages,474,114,0,0,114,70.0,67.0,337.0,40.0,6.0,19.387755102040817,0.0,14.767932489451477,14.135021097046414,5.063291139240506,71.0,17.0,18.0,36.0,70.0,0.1292808219178082,0.9481733220050976,70.67385741017037,59.98125,,
p14,2020-01-21,25532467042,2020-01-20 21:34:00,2020-01-21 07:20:30,7.916666666666667,stages,475,111,0,5,111,28.0,52.0,395.0,28.0,6.0,18.9419795221843,0.0,5.894736842105263,10.947368421052632,3.536842105263158,71.0,15.0,20.0,36.0,27.0,0.0978354978354978,0.8900255754475703,60.6902578743096,55.71607142857143,,
p14,2020-03-01,26130846693,2020-02-29 19:50:00,2020-03-01 05:13:30,7.95,stages,477,86,0,0,86,78.0,83.0,316.0,38.0,5.0,15.2753108348135,0.0,16.352201257861637,17.40041928721174,4.779874213836478,73.0,19.0,15.0,39.0,78.0,0.1079393398751115,0.9210292812777284,63.51842808764774,55.42857142857143,,
p14,2020-01-14,25431134858,2020-01-13 22:06:30,2020-01-14 08:34:00,8.05,stages,483,144,0,0,144,61.0,79.0,343.0,37.0,11.0,22.966507177033492,0.0,12.629399585921325,16.356107660455486,4.596273291925465,74.0,17.0,16.0,41.0,61.0,0.1577689243027888,0.9880478087649402,63.73080808080807,58.11055555555556,,
p14,2020-01-06,25296725887,2020-01-05 22:08:00,2020-01-06 07:48:30,8.05,stages,483,97,0,0,97,65.0,74.0,344.0,46.0,5.0,16.724137931034484,0.0,13.457556935817806,15.320910973084887,5.7142857142857135,82.0,17.0,21.0,44.0,65.0,0.1068635968722849,0.9457364341085271,67.14616862089541,61.85714285714285,,
p14,2020-01-12,25419399713,2020-01-12 00:20:30,2020-01-12 09:27:30,8.083333333333334,stages,485,62,0,6,62,71.0,88.0,326.0,29.0,4.0,11.3345521023766,0.0,14.639175257731958,18.144329896907216,3.587628865979381,86.0,19.0,22.0,45.0,71.0,0.0867579908675799,0.8848263254113345,62.90498990793412,58.5,,
p14,2019-12-09,24940304170,2019-12-08 21:21:00,2019-12-09 07:28:00,8.1,stages,486,121,0,0,121,51.0,49.0,386.0,46.0,6.0,19.934102141680395,0.0,10.493827160493828,10.08230452674897,5.679012345679013,75.0,16.0,17.0,42.0,51.0,0.112141652613828,0.9670510708401976,69.09017357807818,62.66666666666666,,
p14,2019-11-17,24663179595,2019-11-16 20:29:30,2019-11-17 05:54:00,8.1,stages,486,78,0,0,78,100.0,68.0,318.0,40.0,2.0,13.829787234042554,0.0,20.5761316872428,13.991769547325102,4.938271604938272,83.0,18.0,20.0,45.0,99.0,0.0974313551815766,0.9743135518157662,63.8109909484455,56.86517857142857,,
p14,2020-03-26,26478445243,2020-03-25 20:32:30,2020-03-26 05:56:30,8.116666666666667,stages,487,77,0,0,77,69.0,122.0,296.0,29.0,4.0,13.652482269503546,0.0,14.168377823408624,25.05133470225873,3.572895277207392,81.0,21.0,16.0,44.0,69.0,0.0823737821080602,0.946808510638298,63.80758413455043,57.833333333333336,,
p14,2020-03-18,26373729500,2020-03-17 20:35:00,2020-03-18 06:06:30,8.133333333333333,stages,488,83,0,0,83,96.0,79.0,313.0,40.0,7.0,14.535901926444833,0.0,19.672131147540984,16.188524590163933,4.918032786885246,79.0,19.0,16.0,44.0,96.0,0.0781387181738367,0.9991251093613298,61.9535388915424,55.775,,
p14,2019-11-29,24817278131,2019-11-28 20:46:00,2019-11-29 06:31:30,8.15,stages,489,96,0,0,96,79.0,108.0,302.0,29.0,6.0,16.41025641025641,0.0,16.155419222903884,22.085889570552148,3.558282208588957,84.0,21.0,20.0,43.0,79.0,0.0981754995655951,0.9837745516652434,62.72609828443163,57.21666666666667,,
p14,2020-01-24,25614779105,2020-01-23 23:02:30,2020-01-24 08:37:30,8.15,stages,489,86,0,4,86,74.0,79.0,336.0,42.0,3.0,14.956521739130435,0.0,15.132924335378323,16.155419222903884,5.153374233128834,79.0,18.0,17.0,44.0,74.0,0.103388357949609,0.8956521739130435,63.77006094229396,58.55252525252526,,
p14,2020-02-19,25966720342,2020-02-18 22:43:00,2020-02-19 08:10:00,8.15,stages,489,78,0,0,78,61.0,60.0,368.0,43.0,4.0,13.756613756613756,0.0,12.474437627811861,12.269938650306749,5.276073619631902,83.0,17.0,21.0,45.0,60.0,0.0952380952380952,0.890652557319224,60.16097138285257,55.85714285714285,,
p14,2019-11-20,24699180909,2019-11-19 18:52:30,2019-11-20 04:50:30,8.166666666666666,stages,490,108,0,0,108,77.0,97.0,316.0,31.0,4.0,18.06020066889632,0.0,15.714285714285714,19.79591836734694,3.795918367346939,78.0,20.0,16.0,42.0,77.0,0.1269841269841269,0.9816053511705686,64.44809693429796,57.11527777777778,,
p14,2020-02-08,25815375466,2020-02-07 22:30:00,2020-02-08 07:55:30,8.183333333333334,stages,491,74,0,0,74,47.0,82.0,362.0,37.0,4.0,13.097345132743364,0.0,9.572301425661914,16.70061099796334,4.521384928716905,78.0,18.0,15.0,45.0,47.0,0.0666666666666666,1.0008841732979663,73.42802331969304,63.38125,,
p14,2019-12-23,25117758435,2019-12-22 22:17:30,2019-12-23 07:50:30,8.183333333333334,stages,491,82,0,0,82,52.0,78.0,361.0,45.0,3.0,14.31064572425829,0.0,10.590631364562118,15.885947046843178,5.4989816700611,76.0,18.0,13.0,45.0,52.0,0.1517000871839581,0.9424083769633508,70.15991215060659,64.69833333333334,,
p14,2020-02-15,25908252353,2020-02-14 21:53:00,2020-02-15 07:27:30,8.183333333333334,stages,491,83,0,0,83,67.0,49.0,375.0,35.0,3.0,14.45993031358885,0.0,13.64562118126273,9.979633401221996,4.276985743380855,78.0,16.0,18.0,44.0,67.0,0.0813648293963254,0.896431679721497,64.17235608512306,59.0,,
p14,2020-02-28,26104032066,2020-02-27 20:43:30,2020-02-28 06:53:30,8.233333333333333,stages,494,116,0,0,116,68.0,94.0,332.0,41.0,7.0,19.016393442622952,0.0,13.765182186234817,19.02834008097166,4.9797570850202435,79.0,19.0,19.0,41.0,68.0,0.131040131040131,0.99672131147541,60.260918275803135,55.57142857142857,,
p14,2019-12-25,25135448706,2019-12-24 22:21:00,2019-12-25 08:08:30,8.266666666666667,stages,496,91,0,5,91,33.0,82.0,381.0,61.0,4.0,15.502555366269165,0.0,6.653225806451613,16.532258064516128,7.379032258064515,75.0,17.0,14.0,44.0,32.0,0.1474850809889173,0.937872340425532,70.35611638814905,60.28333333333333,,
p14,2020-03-12,26289377439,2020-03-11 21:15:30,2020-03-12 06:58:30,8.316666666666666,stages,499,84,0,1,84,80.0,104.0,315.0,38.0,5.0,14.408233276157805,0.0,16.03206412825651,20.841683366733466,4.569138276553106,82.0,21.0,17.0,44.0,79.0,0.0839760068551842,0.9965694682675816,62.40870141046561,57.5,,
p14,2020-03-05,26191570338,2020-03-04 20:45:30,2020-03-05 06:31:00,8.333333333333334,stages,500,85,0,0,85,88.0,64.0,348.0,38.0,5.0,14.52991452991453,0.0,17.6,12.8,4.56,81.0,17.0,20.0,44.0,87.0,0.0947907771135781,0.9991460290350128,61.148953515620185,55.806666666666665,,
p14,2020-02-26,26073949052,2020-02-25 20:14:30,2020-02-26 06:28:00,8.6,stages,516,97,0,0,97,121.0,71.0,324.0,37.0,6.0,15.823817292006526,0.0,23.449612403100776,13.75968992248062,4.302325581395349,81.0,19.0,19.0,43.0,121.0,0.1062091503267973,0.9942950285248574,61.67873364795497,55.3469696969697,,
p14,2020-02-12,25866381372,2020-02-11 22:01:30,2020-02-12 07:48:30,8.616666666666667,stages,517,70,0,0,70,75.0,123.0,319.0,38.0,2.0,11.925042589437819,0.0,14.506769825918763,23.79110251450677,4.4100580270793035,87.0,21.0,21.0,45.0,74.0,0.0808510638297872,0.9403747870528107,63.57452965211117,57.61375,,
p14,2019-11-21,24720785898,2019-11-20 19:23:30,2019-11-21 05:58:00,8.633333333333333,stages,518,116,0,0,116,46.0,106.0,366.0,43.0,7.0,18.29652996845426,0.0,8.88030888030888,20.463320463320464,4.980694980694981,77.0,19.0,16.0,42.0,45.0,0.1583924349881796,0.9866036249014972,62.42656816914006,54.0,,
p14,2020-02-24,26039743577,2020-02-23 20:40:30,2020-02-24 07:29:30,8.7,stages,522,127,0,0,127,70.0,146.0,306.0,44.0,8.0,19.568567026194145,0.0,13.409961685823754,27.96934865900383,5.057471264367816,80.0,21.0,18.0,41.0,70.0,0.1116243264049268,0.99537750385208,62.10323954940828,56.7,,
p14,2020-01-18,25492484739,2020-01-17 22:34:00,2020-01-18 09:03:00,8.7,stages,522,107,0,0,107,89.0,100.0,333.0,48.0,9.0,17.01112877583466,0.0,17.049808429118773,19.157088122605366,5.517241379310345,82.0,20.0,19.0,43.0,89.0,0.1127098321342925,0.985691573926868,64.2726603593539,57.71428571428572,,
p14,2020-02-11,25854488062,2020-02-10 22:12:00,2020-02-11 08:26:00,8.716666666666667,stages,523,91,0,0,91,77.0,134.0,312.0,32.0,5.0,14.82084690553746,0.0,14.722753346080307,25.621414913957935,3.6711281070745696,84.0,21.0,19.0,44.0,77.0,0.0890183028286189,0.9169381107491856,65.2946987638373,59.6025,,
p14,2019-12-22,25107412207,2019-12-21 21:11:30,2019-12-22 07:44:00,8.783333333333333,stages,527,105,0,0,105,64.0,77.0,386.0,59.0,3.0,16.61392405063291,0.0,12.144212523719165,14.61100569259962,6.717267552182164,79.0,17.0,19.0,43.0,64.0,0.1153540175019888,0.9691699604743084,69.08768234665462,58.85,,
p14,2020-03-14,26318203098,2020-03-13 20:51:00,2020-03-14 07:09:00,8.8,stages,528,90,0,5,90,101.0,86.0,341.0,52.0,1.0,14.563106796116505,0.0,19.12878787878788,16.28787878787879,5.909090909090908,84.0,19.0,19.0,46.0,101.0,0.1103678929765886,0.9951456310679612,59.03110858879151,53.15416666666667,,
p14,2019-12-20,25083494184,2019-12-19 18:17:30,2019-12-20 05:17:00,8.95,stages,537,122,0,0,122,52.0,24.0,461.0,50.0,9.0,18.512898330804248,0.0,9.683426443202979,4.4692737430167595,5.5865921787709505,67.0,14.0,11.0,42.0,52.0,0.1623672230652503,0.9522365428354814,77.49477831086112,66.6047619047619,,
p14,2020-01-26,25614779107,2020-01-25 21:01:30,2020-01-26 07:47:00,9.033333333333331,stages,542,103,0,0,103,122.0,72.0,348.0,39.0,8.0,15.968992248062015,0.0,22.509225092250922,13.284132841328413,4.317343173431734,78.0,19.0,17.0,42.0,122.0,0.1068938807126258,0.9992254066615028,64.90468007874985,58.56944444444444,,
p14,2020-02-29,26119843453,2020-02-28 20:27:00,2020-02-29 07:36:00,9.066666666666666,stages,544,125,0,0,125,101.0,74.0,369.0,42.0,9.0,18.684603886397607,0.0,18.566176470588236,13.602941176470589,4.632352941176471,76.0,18.0,17.0,41.0,101.0,0.1164537941397445,0.898355754857997,60.65697226604048,54.2,,
p14,2020-01-04,25269703715,2020-01-03 20:55:00,2020-01-04 08:12:00,9.1,stages,546,131,0,3,131,124.0,105.0,317.0,55.0,4.0,19.35007385524372,0.0,22.71062271062271,19.23076923076923,6.043956043956044,84.0,21.0,21.0,42.0,123.0,0.1029082774049217,0.9423929098966026,71.08403713580046,64.70714285714286,,
p14,2020-03-25,26465519157,2020-03-24 19:38:30,2020-03-25 06:40:00,9.166666666666666,stages,550,111,0,1,111,58.0,112.0,380.0,31.0,8.0,16.792738275340394,0.0,10.545454545454545,20.363636363636363,3.381818181818182,76.0,20.0,14.0,42.0,58.0,0.080547112462006,0.90702947845805,64.11411838624339,57.696250000000006,,
p14,2020-02-23,26028190681,2020-02-22 21:10:00,2020-02-23 07:55:30,9.2,stages,552,93,0,0,93,87.0,89.0,376.0,35.0,6.0,14.418604651162791,0.0,15.76086956521739,16.1231884057971,3.804347826086957,81.0,18.0,19.0,44.0,87.0,0.0640316205533596,0.9976762199845082,62.271561107974144,56.87708333333333,,
p14,2020-01-25,25614779106,2020-01-24 22:13:30,2020-01-25 09:32:00,9.233333333333333,stages,554,124,0,0,124,81.0,68.0,405.0,51.0,6.0,18.289085545722713,0.0,14.620938628158845,12.274368231046932,5.5234657039711195,77.0,17.0,19.0,41.0,81.0,0.1414885777450258,0.9904200442151806,62.103807419432414,57.43730158730159,,
p14,2019-11-26,24784974658,2019-11-25 20:39:00,2019-11-26 07:36:30,9.233333333333333,stages,554,103,0,0,103,106.0,58.0,390.0,39.0,6.0,15.677321156773212,0.0,19.133574007220215,10.469314079422382,4.223826714801445,79.0,17.0,19.0,43.0,106.0,0.0979342004590665,0.9840304182509506,61.61950867696617,55.888888888888886,,
p14,2019-12-12,24976289787,2019-12-11 21:24:30,2019-12-12 08:55:30,9.283333333333331,stages,557,134,0,1,134,92.0,105.0,360.0,42.0,7.0,19.39218523878437,0.0,16.51705565529623,18.850987432675044,4.524236983842011,80.0,19.0,20.0,41.0,91.0,0.1330441070137382,0.8900144717800289,64.78060166121142,59.88472222222222,,
p14,2020-02-17,25934668477,2020-02-16 20:43:00,2020-02-17 07:05:30,9.316666666666666,stages,559,63,0,1,63,85.0,91.0,383.0,42.0,3.0,10.128617363344052,0.0,15.20572450805009,16.27906976744186,4.5080500894454385,87.0,19.0,22.0,46.0,85.0,0.0612244897959183,0.9028112449799196,60.55597722265871,56.40142857142857,,
p14,2019-12-07,24930891612,2019-12-06 21:02:00,2019-12-07 08:56:30,9.383333333333333,stages,563,151,0,0,151,129.0,143.0,291.0,43.0,10.0,21.1484593837535,0.0,22.912966252220247,25.399644760213143,4.58259325044405,81.0,24.0,16.0,41.0,129.0,0.1303724928366762,0.992302309307208,68.43147330650858,61.88055555555555,,
p14,2020-01-10,25367071746,2020-01-09 20:46:00,2020-01-10 08:59:00,9.383333333333333,stages,563,170,0,1,170,111.0,95.0,357.0,45.0,11.0,23.192360163710777,0.0,19.715808170515096,16.873889875666073,4.7957371225577266,75.0,19.0,16.0,40.0,110.0,0.1519337016574585,0.9877216916780356,68.37842184672296,62.5,,
p14,2020-01-08,25336285862,2020-01-07 20:56:00,2020-01-08 08:50:00,9.4,stages,564,150,0,0,150,53.0,37.0,474.0,53.0,10.0,21.008403361344538,0.0,9.397163120567376,6.560283687943262,5.638297872340425,73.0,15.0,17.0,41.0,53.0,0.1404011461318051,0.988795518207283,69.2461880030577,61.25,,
p14,2019-11-16,24650757084,2019-11-15 19:24:30,2019-11-16 07:31:00,9.75,stages,585,141,0,0,141,109.0,87.0,389.0,51.0,8.0,19.421487603305785,0.0,18.632478632478634,14.871794871794872,5.230769230769231,75.0,18.0,16.0,41.0,108.0,0.1383344803854095,0.9745354439091536,67.98566200748404,60.41555555555556,,
p14,2020-02-09,25821482333,2020-02-08 20:36:00,2020-02-09 08:03:30,9.85,stages,591,96,0,0,96,73.0,48.0,470.0,36.0,3.0,13.973799126637555,0.0,12.351945854483926,8.121827411167512,3.654822335025381,78.0,16.0,18.0,44.0,73.0,0.1103752759381898,0.96,65.81699937688573,59.0,,
p14,2019-11-24,24757906201,2019-11-23 18:17:30,2019-11-24 06:03:30,9.95,stages,597,109,0,0,109,94.0,134.0,369.0,38.0,3.0,15.439093484419264,0.0,15.745393634840871,22.445561139028477,3.819095477386935,82.0,22.0,18.0,42.0,94.0,0.121726822363765,0.9915014164305948,61.58736770768914,56.496428571428574,,
p14,2020-02-02,25724040495,2020-02-01 20:46:30,2020-02-02 08:31:30,9.95,stages,597,108,0,0,108,49.0,96.0,452.0,49.0,7.0,15.319148936170214,0.0,8.207705192629815,16.08040201005025,4.92462311557789,73.0,17.0,14.0,42.0,49.0,0.1842664776754075,0.9843971631205674,70.60024769098976,64.83333333333333,,
p14,2019-12-19,25070769295,2019-12-18 19:22:30,2019-12-19 08:07:00,10.833333333333334,stages,650,114,0,0,114,74.0,60.0,516.0,59.0,5.0,14.921465968586388,0.0,11.384615384615385,9.23076923076923,5.4461538461538455,69.0,16.0,11.0,42.0,74.0,0.1196860693263571,0.9417920209287116,87.19024355659774,77.0,,
p15,2020-03-08,26230016047,2020-03-08 00:17:30,2020-03-08 06:33:30,5.366666666666666,stages,322,54,0,0,54,47.0,84.0,191.0,14.0,1.0,14.361702127659575,0.0,14.596273291925465,26.08695652173913,2.608695652173913,75.0,21.0,22.0,32.0,47.0,0.0597609561752988,0.9388297872340424,55.59370240241345,47.5,,
p15,2020-03-02,26146247883,2020-03-02 01:17:30,2020-03-02 07:26:30,5.383333333333334,stages,323,46,0,1,46,46.0,62.0,215.0,16.0,0.0,12.466124661246612,0.0,14.241486068111454,19.195046439628484,2.9721362229102164,76.0,20.0,23.0,33.0,46.0,0.0595399188092016,0.959349593495935,52.40221810518421,47.15833333333333,,
p15,2019-11-24,24760704021,2019-11-24 02:51:00,2019-11-24 09:03:30,5.483333333333333,stages,329,43,0,0,43,32.0,39.0,258.0,27.0,1.0,11.559139784946236,0.0,9.72644376899696,11.854103343465045,4.924012158054711,65.0,16.0,14.0,35.0,32.0,0.0571428571428571,0.995973154362416,63.62097000035005,57.0,,
p15,2020-03-05,26191424468,2020-03-04 22:42:00,2020-03-05 05:07:30,5.666666666666667,stages,340,45,0,0,45,45.0,74.0,221.0,21.0,2.0,11.688311688311689,0.0,13.235294117647058,21.764705882352942,3.705882352941176,73.0,21.0,16.0,36.0,45.0,0.0712401055408971,0.9156939040207522,57.48857525068574,51.833333333333336,,
p15,2020-01-25,25593085200,2020-01-25 01:58:00,2020-01-25 08:46:00,5.783333333333333,stages,347,61,0,1,61,37.0,23.0,287.0,24.0,6.0,14.950980392156863,0.0,10.662824207492795,6.628242074927954,4.14985590778098,63.0,15.0,14.0,34.0,37.0,0.0566037735849056,0.9926470588235294,64.62954670158373,57.9,,
p15,2019-12-06,24907576818,2019-12-06 01:27:00,2019-12-06 08:09:00,5.866666666666666,stages,352,50,0,3,50,66.0,67.0,219.0,29.0,1.0,12.437810945273633,0.0,18.75,19.03409090909091,4.943181818181818,76.0,20.0,20.0,36.0,66.0,0.0609137055837563,0.972636815920398,57.04274024497809,48.29166666666667,,
p15,2020-02-24,26041810424,2020-02-23 23:01:00,2020-02-24 06:05:00,5.883333333333334,stages,353,71,0,0,71,63.0,83.0,207.0,25.0,4.0,16.745283018867923,0.0,17.847025495750707,23.51274787535411,4.2492917847025495,79.0,22.0,22.0,35.0,63.0,0.0521091811414392,0.9740566037735848,52.026649843296326,46.4,,
p15,2019-11-22,24738047767,2019-11-21 22:44:30,2019-11-22 06:09:30,5.983333333333333,stages,359,86,0,0,86,67.0,60.0,232.0,30.0,5.0,19.325842696629213,0.0,18.662952646239553,16.71309192200557,5.013927576601671,68.0,18.0,21.0,29.0,67.0,0.0785634118967452,0.9820224719101124,52.6452430483323,47.24,,
p15,2020-01-14,25430542622,2020-01-13 23:22:00,2020-01-14 06:18:30,5.983333333333333,stages,359,57,0,6,57,70.0,35.0,254.0,29.0,1.0,13.701923076923077,0.0,19.498607242339833,9.749303621169917,4.846796657381615,75.0,17.0,21.0,37.0,69.0,0.0650306748466257,0.9843937575030012,54.203262767043256,48.15357142857143,,
p15,2020-02-25,26057806684,2020-02-24 23:46:00,2020-02-25 06:53:00,6.166666666666667,stages,370,57,0,0,57,70.0,77.0,223.0,22.0,2.0,13.348946135831381,0.0,18.91891891891892,20.81081081081081,3.5675675675675675,80.0,21.0,23.0,36.0,69.0,0.0535077288941736,0.9718969555035128,51.66089831186216,44.6,,
p15,2020-02-06,25783294571,2020-02-06 00:53:30,2020-02-06 08:01:00,6.183333333333334,stages,371,56,0,0,56,53.0,51.0,267.0,26.0,3.0,13.114754098360656,0.0,14.285714285714286,13.746630727762803,4.204851752021563,78.0,17.0,23.0,38.0,53.0,0.0595382746051032,0.9614035087719298,48.68925455458303,44.66666666666666,,
p15,2020-01-24,25579891877,2020-01-23 23:08:00,2020-01-24 06:39:30,6.233333333333333,stages,374,77,0,6,77,48.0,82.0,244.0,18.0,2.0,17.073170731707318,0.0,12.834224598930481,21.925133689839573,2.8877005347593583,77.0,21.0,23.0,33.0,48.0,0.0513966480446927,0.9944629014396456,52.11537166125139,45.83,,
p15,2019-12-09,24940322096,2019-12-08 22:41:30,2019-12-09 05:58:00,6.266666666666667,stages,376,60,0,0,60,60.0,50.0,266.0,32.0,4.0,13.761467889908257,0.0,15.957446808510639,13.297872340425531,5.1063829787234045,74.0,17.0,21.0,36.0,60.0,0.0665901262916188,0.9896907216494846,55.96479836393031,49.333333333333336,,
p15,2020-02-07,25800402838,2020-02-07 01:32:00,2020-02-07 08:38:30,6.283333333333333,stages,377,49,0,1,49,44.0,101.0,232.0,27.0,3.0,11.502347417840376,0.0,11.671087533156498,26.79045092838196,4.297082228116711,77.0,21.0,19.0,37.0,44.0,0.0493537015276145,0.984759671746776,53.01759748849034,47.995,,
p15,2019-12-18,25052755948,2019-12-17 23:43:30,2019-12-18 06:49:30,6.433333333333334,stages,386,40,0,0,40,88.0,124.0,174.0,29.0,1.0,9.389671361502348,0.0,22.797927461139896,32.12435233160622,4.507772020725389,84.0,22.0,23.0,39.0,88.0,0.0609613130128956,0.9953051643192488,53.25683835670988,48.0647233201581,,
p15,2020-01-22,25549254968,2020-01-21 22:41:30,2020-01-22 06:17:30,6.433333333333334,stages,386,70,0,1,70,25.0,84.0,277.0,28.0,2.0,15.350877192982455,0.0,6.476683937823834,21.761658031088082,4.352331606217616,78.0,19.0,24.0,35.0,25.0,0.0525739320920043,0.986842105263158,52.479520121853454,48.0,,
p15,2020-01-13,25412798571,2020-01-12 22:52:30,2020-01-13 06:19:30,6.466666666666667,stages,388,59,0,0,59,62.0,66.0,260.0,26.0,1.0,13.19910514541387,0.0,15.97938144329897,17.010309278350515,4.020618556701031,76.0,19.0,20.0,37.0,62.0,0.0614525139664804,0.9865771812080536,54.39847347789525,48.0,,
p15,2020-03-23,26443004057,2020-03-23 00:06:30,2020-03-23 07:44:30,6.5,stages,390,68,0,0,68,14.0,70.0,306.0,24.0,2.0,14.847161572052402,0.0,3.58974358974359,17.94871794871795,3.6923076923076925,73.0,16.0,22.0,35.0,14.0,0.0588876772082878,0.9934497816593888,48.64604387675816,44.0,,
p15,2020-02-27,26089208242,2020-02-26 22:44:00,2020-02-27 06:02:00,6.516666666666667,stages,391,47,0,4,47,64.0,86.0,241.0,23.0,1.0,10.730593607305936,0.0,16.36828644501279,21.994884910485933,3.5294117647058822,83.0,22.0,21.0,40.0,63.0,0.0435835351089588,0.9748858447488584,51.19106074123638,46.9,,
p15,2019-12-13,24992362895,2019-12-12 22:30:00,2019-12-13 06:12:30,6.566666666666666,stages,394,68,0,3,68,46.0,61.0,287.0,31.0,3.0,14.718614718614718,0.0,11.6751269035533,15.48223350253807,4.720812182741117,73.0,18.0,19.0,36.0,45.0,0.0836047774158523,0.9945945945945946,56.18437652926784,50.66666666666666,,
p15,2019-12-20,25082353353,2019-12-19 23:28:00,2019-12-20 07:01:30,6.583333333333333,stages,395,58,0,1,58,84.0,62.0,249.0,32.0,2.0,12.803532008830022,0.0,21.265822784810126,15.69620253164557,4.860759493670886,79.0,19.0,22.0,38.0,84.0,0.0579710144927536,0.9922822491730982,53.74464894981562,47.14375,,
p15,2020-02-20,25982571576,2020-02-20 00:48:30,2020-02-20 08:12:30,6.583333333333333,stages,395,49,0,0,49,76.0,111.0,208.0,29.0,3.0,11.036036036036036,0.0,19.240506329113924,28.10126582278481,4.405063291139241,80.0,22.0,20.0,38.0,76.0,0.0483689538807649,0.8806306306306306,53.35222825625639,49.0,,
p15,2019-11-18,24676195931,2019-11-17 22:54:30,2019-11-18 06:13:30,6.6,stages,396,43,0,0,43,60.0,86.0,250.0,31.0,2.0,9.79498861047836,0.0,15.151515151515152,21.717171717171716,4.696969696969697,80.0,21.0,20.0,39.0,59.0,0.0580204778156996,0.9886104783599088,58.46109698033661,51.0,,
p15,2019-11-13,24617272983,2019-11-12 22:32:00,2019-11-13 06:03:30,6.6,stages,396,55,0,0,55,61.0,89.0,246.0,30.0,2.0,12.195121951219512,0.0,15.404040404040405,22.474747474747474,4.545454545454546,82.0,21.0,23.0,38.0,60.0,0.0675675675675675,0.9413067552602437,55.95870868347339,51.2952380952381,,
p15,2020-01-29,25653684681,2020-01-28 22:22:30,2020-01-29 06:08:00,6.633333333333334,stages,398,67,0,0,67,43.0,86.0,269.0,23.0,2.0,14.408602150537634,0.0,10.804020100502512,21.608040201005025,3.467336683417085,78.0,21.0,21.0,36.0,42.0,0.0785791173304628,0.962406015037594,52.96662664592353,48.35666666666667,,
p15,2020-01-20,25518725688,2020-01-19 23:08:30,2020-01-20 06:29:30,6.65,stages,399,42,0,0,42,54.0,82.0,263.0,25.0,2.0,9.523809523809524,0.0,13.533834586466165,20.551378446115287,3.7593984962406015,83.0,21.0,23.0,39.0,54.0,0.0520951302378255,0.9931972789115646,55.472536190344414,49.71428571428572,,
p15,2020-03-10,26261186953,2020-03-10 00:04:30,2020-03-10 07:41:00,6.65,stages,399,57,0,0,57,59.0,82.0,258.0,28.0,3.0,12.5,0.0,14.786967418546366,20.551378446115287,4.2105263157894735,81.0,21.0,21.0,39.0,58.0,0.0549943883277216,0.950711938663746,55.61684513003637,48.7375,,
p15,2020-01-07,25312618070,2020-01-06 22:56:00,2020-01-07 06:22:00,6.666666666666667,stages,400,46,0,0,46,96.0,98.0,206.0,31.0,2.0,10.31390134529148,0.0,24.0,24.5,4.6499999999999995,86.0,23.0,23.0,40.0,96.0,0.056581986143187,0.9887892376681614,50.92539952488932,45.833333333333336,,
p15,2020-01-03,25257638621,2020-01-03 00:50:00,2020-01-03 08:45:30,6.666666666666667,stages,400,75,0,0,75,72.0,77.0,251.0,29.0,4.0,15.789473684210526,0.0,18.0,19.25,4.35,79.0,20.0,23.0,36.0,72.0,0.0616365568544102,0.9863301787592008,51.08462972706043,47.0,,
p15,2019-12-15,25013536681,2019-12-15 01:03:30,2019-12-15 08:47:30,6.683333333333334,stages,401,63,0,0,63,47.0,80.0,274.0,33.0,4.0,13.577586206896552,0.0,11.72069825436409,19.950124688279303,4.937655860349127,77.0,20.0,20.0,37.0,47.0,0.0742734122712594,0.9892241379310344,56.63469125034071,49.89571428571429,,
p15,2020-01-15,25447314595,2020-01-14 23:09:30,2020-01-15 06:39:30,6.7,stages,402,48,0,0,48,50.0,71.0,281.0,27.0,3.0,10.666666666666666,0.0,12.437810945273633,17.66169154228856,4.029850746268656,81.0,19.0,23.0,39.0,50.0,0.0521642619311875,0.9911111111111112,52.70261228557192,47.4,,
p15,2020-03-07,26226706834,2020-03-06 23:14:30,2020-03-07 07:08:00,6.716666666666667,stages,403,70,0,0,70,51.0,65.0,287.0,37.0,5.0,14.799154334038056,0.0,12.655086848635236,16.129032258064516,5.508684863523573,75.0,18.0,20.0,37.0,50.0,0.0707497360084477,0.9123548046462512,53.30151256279728,48.247142857142855,,
p15,2019-12-02,24851196907,2019-12-01 23:03:00,2019-12-02 06:41:30,6.733333333333333,stages,404,54,0,0,54,51.0,56.0,297.0,37.0,2.0,11.790393013100436,0.0,12.623762376237623,13.861386138613861,5.495049504950495,76.0,17.0,20.0,39.0,50.0,0.0520487264673311,0.9945474372955287,58.65454830257462,51.12152777777778,,
p15,2019-12-04,24886457682,2019-12-03 23:36:30,2019-12-04 07:30:30,6.766666666666667,stages,406,68,0,1,68,72.0,50.0,284.0,33.0,2.0,14.345991561181435,0.0,17.733990147783253,12.31527093596059,4.876847290640394,76.0,17.0,22.0,37.0,72.0,0.0611169652265542,0.9957805907172996,55.067092153373935,49.85625,,
p15,2020-03-13,26307333743,2020-03-13 00:28:00,2020-03-13 08:08:30,6.766666666666667,stages,406,54,0,2,54,70.0,90.0,246.0,30.0,2.0,11.73913043478261,0.0,17.24137931034483,22.167487684729064,4.433497536945813,83.0,22.0,22.0,39.0,70.0,0.0821467688937568,1.001085776330076,51.78582415415387,46.16666666666666,,
p15,2019-11-12,24604913131,2019-11-11 22:53:00,2019-11-12 06:36:00,6.783333333333333,stages,407,56,0,4,56,45.0,119.0,243.0,25.0,1.0,12.095032397408207,0.0,11.056511056511056,29.23832923832924,3.6855036855036856,84.0,21.0,23.0,40.0,45.0,0.0549828178694158,0.9913606911447084,55.30272818442753,49.56428571428571,,
p15,2020-02-17,25935436015,2020-02-17 00:05:00,2020-02-17 07:51:00,6.833333333333333,stages,410,56,0,1,56,63.0,76.0,271.0,27.0,3.0,12.017167381974248,0.0,15.365853658536585,18.536585365853657,3.951219512195122,79.0,20.0,20.0,39.0,62.0,0.0596026490066225,0.9828326180257512,53.64284225599727,49.8,,
p15,2020-01-06,25296986339,2020-01-05 22:14:30,2020-01-06 06:05:30,6.85,stages,411,60,0,2,60,44.0,75.0,292.0,28.0,3.0,12.738853503184714,0.0,10.70559610705596,18.248175182481752,4.087591240875913,80.0,19.0,23.0,38.0,44.0,0.056203605514316,0.9723991507430998,51.70360703100878,46.5,,
p15,2020-02-12,25866064344,2020-02-11 22:38:00,2020-02-12 06:36:00,6.866666666666666,stages,412,66,0,1,66,57.0,86.0,269.0,28.0,4.0,13.807531380753138,0.0,13.83495145631068,20.87378640776699,4.077669902912621,81.0,21.0,22.0,38.0,57.0,0.0704375667022411,0.9581589958158996,49.4861838913149,46.0,,
p15,2019-11-16,24653902490,2019-11-16 00:40:00,2019-11-16 08:31:00,6.866666666666666,stages,412,59,0,0,59,87.0,77.0,248.0,34.0,3.0,12.526539278131635,0.0,21.116504854368934,18.689320388349515,4.951456310679612,81.0,21.0,20.0,40.0,87.0,0.0568927789934354,0.9957537154989384,56.687019294375375,51.4,,
p15,2020-02-28,26105848016,2020-02-27 23:13:30,2020-02-28 07:11:30,6.883333333333334,stages,413,65,0,0,65,87.0,87.0,239.0,28.0,2.0,13.598326359832637,0.0,21.065375302663437,21.065375302663437,4.067796610169491,78.0,22.0,19.0,37.0,86.0,0.0658307210031347,0.9707112970711296,53.10027437241877,48.33958333333334,,
p15,2020-03-15,26417741438,2020-03-15 00:09:00,2020-03-15 08:09:30,6.883333333333334,stages,413,67,0,0,67,72.0,105.0,236.0,21.0,3.0,13.958333333333334,0.0,17.433414043583536,25.423728813559322,3.0508474576271185,82.0,22.0,22.0,38.0,72.0,0.0511182108626198,1.001040582726327,51.35496335496335,46.125,,
p15,2020-02-03,25737518959,2020-02-02 22:27:30,2020-02-03 06:21:00,6.9,stages,414,59,0,0,59,46.0,73.0,295.0,32.0,1.0,12.473572938689218,0.0,11.11111111111111,17.632850241545892,4.63768115942029,79.0,19.0,21.0,39.0,46.0,0.0874200426439232,0.9820485744456178,53.68832790268274,48.8,,
p15,2019-11-14,24629135318,2019-11-13 22:33:30,2019-11-14 06:21:30,6.916666666666667,stages,415,53,0,0,53,39.0,70.0,306.0,32.0,2.0,11.324786324786325,0.0,9.397590361445783,16.867469879518072,4.626506024096385,80.0,18.0,23.0,39.0,39.0,0.0757737459978655,0.9935897435897436,54.42257032692517,49.17333333333333,,
p15,2020-02-01,25710438814,2020-01-31 23:42:00,2020-02-01 07:46:30,6.933333333333334,stages,416,68,0,0,68,52.0,68.0,296.0,36.0,2.0,14.049586776859504,0.0,12.5,16.346153846153847,5.1923076923076925,76.0,18.0,20.0,38.0,52.0,0.0758835758835758,0.9618163054695562,53.777081359270205,49.0,,
p15,2019-11-15,24642850657,2019-11-15 00:07:30,2019-11-15 08:02:00,7.0,stages,420,54,0,0,54,82.0,82.0,256.0,31.0,1.0,11.39240506329114,0.0,19.523809523809526,19.523809523809526,4.428571428571429,86.0,21.0,23.0,42.0,82.0,0.0499468650371944,0.9863013698630136,55.61320924445924,50.248333333333335,,
p15,2019-12-11,24967619790,2019-12-10 22:53:30,2019-12-11 06:56:00,7.0,stages,420,62,0,0,62,59.0,54.0,307.0,34.0,3.0,12.863070539419088,0.0,14.047619047619047,12.857142857142858,4.857142857142857,75.0,17.0,19.0,39.0,59.0,0.0549222797927461,0.9968911917098444,56.70941588441588,50.4,,
p15,2020-02-14,25895142334,2020-02-13 22:53:00,2020-02-14 06:51:00,7.0,stages,420,58,0,0,58,52.0,115.0,253.0,34.0,1.0,12.133891213389122,0.0,12.380952380952381,27.38095238095238,4.857142857142857,84.0,21.0,23.0,40.0,52.0,0.0515574650912996,0.9769874476987448,49.51188351857517,43.85714285714285,,
p15,2019-11-26,24786170255,2019-11-25 22:52:00,2019-11-26 06:41:30,7.0,stages,420,49,0,0,49,60.0,110.0,250.0,23.0,1.0,10.447761194029852,0.0,14.285714285714286,26.19047619047619,3.2857142857142856,86.0,21.0,22.0,43.0,59.0,0.0519337016574585,0.9755058572949948,53.0337099157514,46.8,,
p15,2020-02-29,26119125921,2020-02-29 00:42:00,2020-02-29 08:31:30,7.033333333333333,stages,422,47,0,0,47,84.0,112.0,226.0,33.0,3.0,10.021321961620469,0.0,19.90521327014218,26.540284360189574,4.691943127962086,81.0,22.0,17.0,42.0,83.0,0.060702875399361,0.9755058572949948,55.241068041613886,50.886805555555554,,
p15,2020-01-23,25562069970,2020-01-22 22:33:00,2020-01-23 06:21:00,7.05,stages,423,45,0,0,45,49.0,113.0,261.0,24.0,2.0,9.615384615384615,0.0,11.583924349881796,26.713947990543737,3.404255319148936,87.0,21.0,24.0,42.0,49.0,0.0514469453376205,0.9807692307692308,51.17570499580304,46.142857142857146,,
p15,2019-12-19,25067880572,2019-12-18 23:19:00,2019-12-19 07:20:30,7.066666666666666,stages,424,57,0,0,57,67.0,77.0,280.0,29.0,2.0,11.85031185031185,0.0,15.80188679245283,18.160377358490567,4.10377358490566,84.0,20.0,22.0,42.0,66.0,0.063343717549325,0.9948078920041536,54.80334450981633,47.8875,,
p15,2020-01-01,25227863086,2020-01-01 00:56:00,2020-01-01 09:05:00,7.1,stages,426,63,0,0,63,56.0,37.0,333.0,33.0,2.0,12.883435582822086,0.0,13.145539906103286,8.685446009389672,4.647887323943662,75.0,16.0,17.0,42.0,56.0,0.0589473684210526,0.9918200408997956,57.6464467949004,49.85714285714285,,
p15,2020-01-16,25461945840,2020-01-16 01:20:00,2020-01-16 09:11:30,7.116666666666666,stages,427,44,0,0,44,69.0,51.0,307.0,28.0,0.0,9.341825902335456,0.0,16.159250585480095,11.943793911007026,3.934426229508197,83.0,17.0,23.0,43.0,69.0,0.068157614483493,0.9883351007423118,51.75949423728394,46.148809523809526,,
p15,2019-12-30,25199120835,2019-12-30 00:19:30,2019-12-30 08:31:30,7.15,stages,429,63,0,0,63,43.0,114.0,272.0,21.0,1.0,12.804878048780488,0.0,10.023310023310023,26.573426573426573,2.937062937062937,84.0,21.0,22.0,41.0,42.0,0.0710659898477157,0.9898373983739838,50.52793430047024,46.2,,
p15,2020-03-31,26541805252,2020-03-30 23:38:00,2020-03-31 07:56:30,7.183333333333334,stages,431,67,0,0,67,52.0,80.0,299.0,26.0,5.0,13.453815261044177,0.0,12.064965197215777,18.561484918793504,3.619489559164733,,,,,,,0.9829488465396188,50.06783034425891,43.93888888888889,,
p15,2020-03-24,26455221651,2020-03-24 00:05:30,2020-03-24 08:09:30,7.183333333333334,stages,431,53,0,0,53,64.0,99.0,268.0,25.0,3.0,10.950413223140496,0.0,14.849187935034802,22.96983758700696,3.480278422273782,84.0,22.0,20.0,42.0,64.0,0.0577915376676986,0.9958677685950412,49.0378751204996,44.75,,
p15,2019-12-22,25104888444,2019-12-22 00:05:00,2019-12-22 08:41:00,7.2,stages,432,84,0,0,84,85.0,96.0,251.0,31.0,4.0,16.27906976744186,0.0,19.675925925925927,22.22222222222222,4.305555555555555,86.0,22.0,23.0,41.0,84.0,0.0541082164328657,0.9844961240310076,51.66813189544489,47.125,,
p15,2019-12-12,24977159392,2019-12-11 22:11:30,2019-12-12 06:33:00,7.2,stages,432,69,0,0,69,100.0,97.0,235.0,29.0,1.0,13.77245508982036,0.0,23.14814814814815,22.453703703703702,4.027777777777778,88.0,23.0,23.0,42.0,100.0,0.0481675392670157,0.9970089730807578,55.0728023088023,48.8,,
p15,2020-03-01,26132574488,2020-03-01 01:26:00,2020-03-01 09:24:00,7.216666666666667,stages,433,45,0,0,45,55.0,85.0,293.0,39.0,3.0,9.414225941422593,0.0,12.702078521939955,19.630484988452658,5.404157043879907,85.0,21.0,21.0,43.0,55.0,0.056544502617801,0.9832635983263598,54.28550006140433,50.66666666666666,,
p15,2020-03-17,26417741440,2020-03-16 23:26:30,2020-03-17 07:43:00,7.216666666666667,stages,433,63,0,0,63,84.0,109.0,240.0,27.0,0.0,12.701612903225806,0.0,19.399538106235564,25.17321016166282,3.741339491916859,87.0,22.0,23.0,42.0,84.0,0.0508298755186722,0.998992950654582,53.30320320264728,47.1875,,
p15,2020-03-16,26417741439,2020-03-15 22:50:30,2020-03-16 07:06:00,7.266666666666667,stages,436,59,0,0,59,94.0,94.0,248.0,33.0,2.0,11.919191919191919,0.0,21.559633027522935,21.559633027522935,4.541284403669724,88.0,23.0,23.0,42.0,94.0,0.0536082474226804,0.9989909182643796,51.99075509875487,45.0,,
p15,2019-12-01,24839007234,2019-11-30 22:59:00,2019-12-01 07:18:00,7.266666666666667,stages,436,63,0,0,63,71.0,91.0,274.0,36.0,3.0,12.625250501002004,0.0,16.28440366972477,20.871559633027523,4.954128440366972,87.0,22.0,22.0,43.0,71.0,0.0573514077163712,0.9759519038076152,56.53482448420847,51.75833333333333,,
p15,2019-11-30,24828448322,2019-11-29 22:41:00,2019-11-30 07:03:00,7.283333333333333,stages,437,65,0,0,65,77.0,127.0,233.0,31.0,0.0,12.94820717131474,0.0,17.620137299771166,29.06178489702517,4.25629290617849,86.0,22.0,21.0,43.0,77.0,0.0691489361702127,0.9880478087649402,56.89090152678863,53.0,,
p15,2020-03-12,26298520947,2020-03-12 00:58:00,2020-03-12 08:52:30,7.283333333333333,stages,437,37,0,0,37,97.0,117.0,223.0,28.0,0.0,7.805907172995781,0.0,22.19679633867277,26.773455377574372,3.8443935926773456,89.0,23.0,23.0,43.0,97.0,0.0455991516436903,0.9736564805057956,53.24830619116333,48.5,,
p15,2020-03-09,26243760919,2020-03-08 22:30:30,2020-03-09 06:36:00,7.3,stages,438,47,0,4,47,84.0,88.0,266.0,27.0,2.0,9.690721649484535,0.0,19.17808219178082,20.091324200913242,3.6986301369863015,88.0,22.0,23.0,43.0,84.0,0.0490605427974947,0.988671472708548,52.430612524050034,47.496428571428574,,
p15,2020-04-01,26554194588,2020-03-31 22:58:30,2020-04-01 07:35:00,7.3,stages,438,78,0,2,78,66.0,91.0,281.0,30.0,4.0,15.116279069767442,0.0,15.068493150684931,20.77625570776256,4.109589041095891,,,,,,,0.1181026137463698,,,,
p15,2020-01-18,25492115076,2020-01-17 23:55:30,2020-01-18 08:24:30,7.3,stages,438,71,0,6,71,41.0,93.0,304.0,33.0,4.0,13.948919449901767,0.0,9.360730593607306,21.232876712328768,4.52054794520548,81.0,20.0,21.0,40.0,41.0,0.0686947988223748,0.9941060903732808,55.91634177745838,50.5,,
p15,2020-01-08,25334316314,2020-01-07 22:11:30,2020-01-08 06:22:30,7.3,stages,438,53,0,0,53,60.0,77.0,301.0,31.0,4.0,10.79429735234216,0.0,13.698630136986301,17.579908675799086,4.2465753424657535,84.0,19.0,23.0,42.0,60.0,0.0610376398779247,0.979633401221996,50.64528632028632,45.375,,
p15,2020-03-28,26504010331,2020-03-27 23:24:00,2020-03-28 07:47:30,7.333333333333333,stages,440,63,0,0,63,21.0,94.0,325.0,29.0,3.0,12.524850894632207,0.0,4.7727272727272725,21.363636363636363,3.9545454545454546,84.0,20.0,21.0,43.0,21.0,0.0643153526970954,0.9890764647467726,49.38279575734395,44.2425,,
p15,2020-02-10,25838541518,2020-02-09 21:54:30,2020-02-10 06:46:00,7.333333333333333,stages,440,91,0,0,91,49.0,92.0,299.0,25.0,4.0,17.137476459510356,0.0,11.136363636363637,20.90909090909091,3.409090909090909,81.0,20.0,23.0,38.0,48.0,0.0838095238095238,0.9651928504233304,47.11692791181095,44.16666666666666,,
p15,2019-11-27,24795770768,2019-11-26 21:55:30,2019-11-27 06:13:00,7.383333333333334,stages,443,54,0,0,54,43.0,49.0,351.0,37.0,3.0,10.865191146881287,0.0,9.706546275395034,11.060948081264108,5.011286681715576,78.0,16.0,20.0,42.0,43.0,0.0623115577889447,0.984924623115578,54.20970528904202,50.0,,
p15,2020-02-08,25812032464,2020-02-08 00:08:00,2020-02-08 08:59:00,7.4,stages,444,87,0,0,87,73.0,62.0,309.0,28.0,6.0,16.384180790960453,0.0,16.44144144144144,13.963963963963964,3.7837837837837838,70.0,18.0,14.0,38.0,73.0,0.0708215297450425,0.9868173258003766,56.57946889836203,50.25535714285714,,
p15,2019-11-20,24703656265,2019-11-19 22:29:30,2019-11-20 06:52:30,7.433333333333334,stages,446,57,0,0,57,59.0,102.0,285.0,33.0,3.0,11.332007952286283,0.0,13.228699551569507,22.869955156950674,4.439461883408072,84.0,21.0,21.0,42.0,59.0,0.0536246276067527,0.9761431411530817,55.199015540919824,48.66666666666666,,
p15,2019-12-31,25216644527,2019-12-31 00:09:00,2019-12-31 08:38:00,7.533333333333333,stages,452,57,0,0,57,54.0,88.0,310.0,34.0,2.0,11.198428290766207,0.0,11.946902654867257,19.469026548672566,4.513274336283186,87.0,21.0,23.0,43.0,53.0,0.0581632653061224,0.9724950884086444,49.40790130744677,45.875,,
p15,2019-12-14,25003151299,2019-12-14 00:15:00,2019-12-14 08:48:30,7.566666666666666,stages,454,59,0,0,59,42.0,88.0,324.0,33.0,2.0,11.500974658869396,0.0,9.251101321585903,19.383259911894275,4.361233480176211,84.0,20.0,22.0,42.0,42.0,0.0462143559488692,0.9931840311587148,56.718620276569126,49.333333333333336,,
p15,2020-01-11,25386198986,2020-01-10 23:42:30,2020-01-11 08:25:00,7.583333333333333,stages,455,67,0,0,67,75.0,103.0,277.0,34.0,3.0,12.835249042145595,0.0,16.483516483516482,22.63736263736264,4.483516483516484,80.0,22.0,17.0,41.0,74.0,0.055930568948891,0.9799043062200956,54.29114329680736,49.73392857142857,,
p15,2020-02-13,25877553273,2020-02-12 22:03:00,2020-02-13 06:41:30,7.583333333333333,stages,455,63,0,5,63,74.0,103.0,278.0,34.0,2.0,12.162162162162161,0.0,16.263736263736263,22.63736263736264,4.483516483516484,86.0,22.0,22.0,42.0,74.0,0.0705190989226248,0.9778206364513018,49.48712021596637,44.125,,
p15,2020-02-15,25909066627,2020-02-14 23:05:30,2020-02-15 07:37:30,7.6,stages,456,56,0,0,56,88.0,82.0,286.0,29.0,0.0,10.9375,0.0,19.29824561403509,17.982456140350877,3.8157894736842106,76.0,21.0,13.0,42.0,88.0,0.0741463414634146,0.984375,53.00194568989212,48.85714285714285,,
p15,2020-03-26,26479427137,2020-03-25 23:24:00,2020-03-26 08:09:00,7.6,stages,456,69,0,0,69,80.0,94.0,282.0,28.0,2.0,13.142857142857142,0.0,17.54385964912281,20.614035087719298,3.68421052631579,85.0,22.0,22.0,41.0,80.0,0.0522749273959341,0.9961904761904762,49.82360473072711,45.8875,,
p15,2020-01-17,25478840853,2020-01-16 23:36:00,2020-01-17 08:01:30,7.633333333333334,stages,458,47,0,0,47,69.0,58.0,331.0,37.0,0.0,9.306930693069306,0.0,15.065502183406114,12.663755458515285,4.847161572052402,78.0,18.0,17.0,43.0,68.0,0.0556660039761431,1.0009891196834817,56.56013915267867,50.43253968253968,,
p15,2020-03-20,26417741443,2020-03-19 23:32:00,2020-03-20 07:59:30,7.633333333333334,stages,458,49,0,1,49,76.0,89.0,293.0,31.0,1.0,9.664694280078896,0.0,16.593886462882097,19.43231441048035,4.061135371179039,88.0,21.0,24.0,43.0,75.0,0.0446428571428571,0.9990147783251232,48.320535447458525,44.215,,
p15,2019-11-11,24591056990,2019-11-10 21:54:00,2019-11-11 06:43:00,7.666666666666667,stages,460,69,0,4,69,78.0,83.0,299.0,33.0,4.0,13.043478260869565,0.0,16.956521739130434,18.043478260869566,4.304347826086956,83.0,20.0,21.0,42.0,78.0,0.0628626692456479,0.9848771266540642,57.949289231774834,50.0,,
p15,2020-01-21,25534298092,2020-01-21 00:09:00,2020-01-21 08:56:30,7.683333333333334,stages,461,66,0,1,66,57.0,90.0,314.0,34.0,2.0,12.523719165085389,0.0,12.364425162689805,19.522776572668114,4.425162689804772,85.0,20.0,23.0,42.0,57.0,0.0673724735322425,0.995260663507109,51.842242630385485,47.71428571428572,,
p15,2020-02-04,25750053826,2020-02-03 21:59:00,2020-02-04 06:39:00,7.7,stages,462,58,0,0,58,65.0,109.0,288.0,30.0,3.0,11.153846153846153,0.0,14.069264069264069,23.593073593073594,3.896103896103896,88.0,22.0,23.0,43.0,65.0,0.0487562189054726,0.9730769230769232,51.97921179610903,46.66666666666666,,
p15,2020-02-21,26003514042,2020-02-20 23:40:00,2020-02-21 08:09:00,7.716666666666667,stages,463,46,0,0,46,62.0,125.0,276.0,29.0,1.0,9.037328094302554,0.0,13.390928725701944,26.997840172786177,3.7580993520518358,87.0,21.0,23.0,43.0,62.0,0.0548780487804878,0.974459724950884,52.33403643287716,47.66666666666666,,
p15,2020-01-27,25619481583,2020-01-26 21:59:00,2020-01-27 06:38:30,7.733333333333333,stages,464,55,0,0,55,86.0,92.0,286.0,37.0,2.0,10.597302504816955,0.0,18.53448275862069,19.82758620689655,4.7844827586206895,86.0,22.0,22.0,42.0,86.0,0.049466537342386,0.987487969201155,52.872747244092274,45.94285714285714,,
p15,2019-11-17,24664226830,2019-11-16 23:27:30,2019-11-17 08:20:00,7.733333333333333,stages,464,68,0,0,68,64.0,90.0,310.0,40.0,1.0,12.781954887218046,0.0,13.793103448275861,19.396551724137932,5.172413793103448,80.0,20.0,18.0,42.0,63.0,0.079696394686907,0.9896713615023476,57.5672663281066,51.87597402597403,,
p15,2019-11-21,24719522895,2019-11-20 21:50:30,2019-11-21 06:27:00,7.75,stages,465,51,0,0,51,60.0,80.0,325.0,31.0,3.0,9.883720930232558,0.0,12.903225806451612,17.204301075268816,4.0,84.0,19.0,23.0,42.0,59.0,0.0584795321637426,0.989351403678606,53.76577961612208,47.81666666666666,,
p15,2019-12-17,25038451066,2019-12-16 21:15:00,2019-12-17 06:31:00,7.75,stages,465,91,0,4,91,96.0,111.0,258.0,25.0,3.0,16.366906474820144,0.0,20.64516129032258,23.870967741935484,3.225806451612903,86.0,23.0,22.0,41.0,96.0,0.058206106870229,0.9820143884892086,53.29399377077949,49.5,,
p15,2020-01-09,25352179773,2020-01-08 22:40:00,2020-01-09 07:28:30,7.783333333333333,stages,467,61,0,0,61,60.0,116.0,291.0,29.0,0.0,11.553030303030303,0.0,12.84796573875803,24.839400428265524,3.725910064239829,87.0,21.0,23.0,43.0,60.0,0.0521653543307086,0.9914853358561968,50.612174429683975,45.42857142857143,,
p15,2019-12-05,24896838727,2019-12-04 22:55:30,2019-12-05 07:38:30,7.783333333333333,stages,467,56,0,8,56,92.0,108.0,267.0,29.0,1.0,10.707456978967496,0.0,19.700214132762312,23.126338329764454,3.725910064239829,87.0,23.0,22.0,42.0,92.0,0.0697230181470869,0.994263862332696,53.67476544289045,47.5,,
p15,2020-03-06,26226706832,2020-03-06 01:04:30,2020-03-06 09:49:30,7.8,stages,468,57,0,0,57,63.0,151.0,254.0,35.0,2.0,10.857142857142858,0.0,13.461538461538462,32.26495726495727,4.487179487179487,85.0,22.0,21.0,42.0,62.0,0.0789724072312083,0.9733333333333334,59.42771452234768,47.81666666666666,,
p15,2020-01-19,25504607595,2020-01-18 23:23:30,2020-01-19 08:27:00,7.916666666666667,stages,475,68,0,0,68,79.0,145.0,251.0,35.0,6.0,12.523020257826888,0.0,16.63157894736842,30.526315789473685,4.421052631578947,85.0,22.0,22.0,41.0,79.0,0.0544783010156971,0.9898804047838088,55.64071094642656,51.0,,
p15,2019-12-10,24953974067,2019-12-09 22:16:00,2019-12-10 06:57:00,7.95,stages,477,44,0,0,44,102.0,115.0,260.0,27.0,1.0,8.445297504798464,0.0,21.38364779874214,24.10901467505241,3.3962264150943398,88.0,23.0,22.0,43.0,101.0,0.0410958904109589,0.9769673704414588,56.08726430740183,48.142857142857146,,
p15,2020-01-31,25700085108,2020-01-30 23:47:30,2020-01-31 09:08:00,7.95,stages,477,83,0,1,83,86.0,96.0,295.0,36.0,3.0,14.821428571428571,0.0,18.029350104821802,20.12578616352201,4.528301886792453,82.0,21.0,22.0,39.0,86.0,0.0714924039320822,0.9901873327386262,53.27906796406797,48.7,,
p15,2020-03-21,26417741444,2020-03-20 22:19:30,2020-03-21 07:03:00,7.966666666666667,stages,478,45,0,0,45,94.0,97.0,287.0,22.0,1.0,8.604206500956023,0.0,19.665271966527197,20.292887029288703,2.7615062761506275,88.0,22.0,24.0,42.0,94.0,0.0448901623686723,0.9894937917860552,50.595042145169295,44.66041666666666,,
p15,2019-11-19,24691220805,2019-11-18 23:04:00,2019-11-19 08:07:30,8.016666666666667,stages,481,62,0,0,62,67.0,95.0,319.0,34.0,4.0,11.41804788213628,0.0,13.92931392931393,19.75051975051975,4.241164241164241,89.0,21.0,22.0,46.0,67.0,0.0592044403330249,0.997240110395584,55.49446840572303,50.12589285714286,,
p15,2020-02-02,25724311069,2020-02-01 23:05:30,2020-02-02 07:58:00,8.033333333333333,stages,482,50,0,0,50,66.0,126.0,290.0,35.0,1.0,9.398496240601503,0.0,13.692946058091286,26.141078838174273,4.356846473029045,90.0,22.0,21.0,47.0,66.0,0.0626185958254269,0.991549295774648,52.57338536883992,47.25,,
p15,2020-03-22,26429620871,2020-03-21 23:58:00,2020-03-22 08:53:00,8.05,stages,483,52,0,0,52,80.0,93.0,310.0,31.0,2.0,9.719626168224298,0.0,16.563146997929607,19.25465838509317,3.8509316770186333,91.0,21.0,24.0,46.0,80.0,0.0438512869399428,1.0,47.91108049790293,43.64666666666667,,
p15,2020-02-26,26074345327,2020-02-25 22:06:30,2020-02-26 07:10:30,8.05,stages,483,61,0,2,61,82.0,123.0,278.0,28.0,2.0,11.213235294117647,0.0,16.977225672877847,25.46583850931677,3.4782608695652173,86.0,22.0,19.0,45.0,82.0,0.0633608815426997,0.9761029411764706,52.77799157841531,46.75,,
p15,2020-03-14,26320026706,2020-03-13 23:57:00,2020-03-14 09:25:00,8.05,stages,483,85,0,0,85,99.0,127.0,257.0,39.0,3.0,14.964788732394366,0.0,20.496894409937887,26.29399585921325,4.84472049689441,89.0,23.0,20.0,46.0,99.0,0.0558608058608058,1.0,52.49970523900981,47.7675,,
p15,2019-11-23,24749630544,2019-11-22 22:49:30,2019-11-23 08:12:30,8.066666666666666,stages,484,79,0,0,79,54.0,65.0,365.0,32.0,2.0,14.031971580817052,0.0,11.15702479338843,13.429752066115702,3.9669421487603307,82.0,17.0,21.0,44.0,54.0,0.0727595385980479,0.9928952042628776,52.26140764919835,47.98888888888889,,
p15,2020-02-05,25763914826,2020-02-04 21:21:30,2020-02-05 06:20:00,8.066666666666666,stages,484,54,0,0,54,61.0,103.0,320.0,30.0,3.0,10.037174721189592,0.0,12.603305785123966,21.28099173553719,3.71900826446281,91.0,21.0,24.0,46.0,61.0,0.0550887021475256,0.9675023212627668,51.61710399858192,46.285714285714285,,
p15,2019-11-28,24809175217,2019-11-27 23:52:00,2019-11-28 08:48:30,8.083333333333334,stages,485,51,0,0,51,59.0,84.0,342.0,33.0,2.0,9.514925373134329,0.0,12.164948453608247,17.31958762886598,4.082474226804123,84.0,20.0,17.0,47.0,59.0,0.0445920303605313,0.97856477166822,56.8085174878032,52.0,,
p15,2020-02-11,25854269416,2020-02-10 23:05:00,2020-02-11 08:16:30,8.1,stages,486,65,0,0,65,84.0,99.0,303.0,37.0,3.0,11.796733212341199,0.0,17.28395061728395,20.37037037037037,4.567901234567901,90.0,22.0,22.0,46.0,84.0,0.0722781335773101,0.9682683590208522,49.56953956364069,44.71428571428572,,
p15,2020-01-04,25271703431,2020-01-03 23:51:00,2020-01-04 09:04:00,8.1,stages,486,67,0,0,67,78.0,110.0,298.0,35.0,2.0,12.115732368896927,0.0,16.049382716049383,22.633744855967077,4.320987654320988,91.0,22.0,24.0,45.0,78.0,0.0571687840290381,0.952983725135624,49.95509363080521,45.0,,
p15,2019-12-28,25174073779,2019-12-28 00:17:00,2019-12-28 09:18:30,8.116666666666667,stages,487,54,0,0,54,62.0,121.0,304.0,29.0,2.0,9.981515711645102,0.0,12.731006160164272,24.84599589322382,3.572895277207392,91.0,21.0,23.0,47.0,62.0,0.0569259962049335,0.9750692520775625,50.61162490707945,45.5,,
p15,2019-12-03,24862738212,2019-12-02 22:36:00,2019-12-03 07:57:00,8.116666666666667,stages,487,74,0,1,74,71.0,50.0,366.0,41.0,3.0,13.190730837789662,0.0,14.57905544147844,10.26694045174538,5.0513347022587265,83.0,17.0,20.0,46.0,71.0,0.0601295097132284,0.9857397504456328,57.60050916031929,52.4,,
p15,2019-12-27,25161646793,2019-12-26 23:31:30,2019-12-27 09:13:00,8.116666666666667,stages,487,94,0,0,94,59.0,78.0,350.0,31.0,6.0,16.179001721170398,0.0,12.114989733059549,16.016427104722794,3.8193018480492813,85.0,18.0,23.0,44.0,59.0,0.073321554770318,0.9767841788478074,50.7880696426031,46.2175,,
p15,2020-03-25,26467564226,2020-03-24 23:49:00,2020-03-25 08:46:00,8.133333333333333,stages,488,49,0,0,49,85.0,106.0,297.0,35.0,2.0,9.124767225325884,0.0,17.418032786885245,21.721311475409838,4.303278688524591,89.0,22.0,20.0,47.0,85.0,0.0479323308270676,0.9869646182495344,49.12550947480192,45.13303571428572,,
p15,2020-03-18,26417741441,2020-03-17 22:59:00,2020-03-18 08:01:00,8.15,stages,489,53,0,0,53,99.0,115.0,275.0,40.0,1.0,9.77859778597786,0.0,20.245398773006134,23.517382413087933,4.9079754601226995,92.0,23.0,23.0,46.0,98.0,0.0514499532273152,0.996309963099631,49.83041800277911,45.0,,
p15,2020-01-02,25243146021,2020-01-02 00:24:30,2020-01-02 09:22:30,8.15,stages,489,49,0,0,49,101.0,103.0,285.0,34.0,0.0,9.107806691449815,0.0,20.65439672801636,21.063394683026583,4.171779141104294,91.0,23.0,22.0,46.0,101.0,0.0807799442896936,0.9925650557620818,52.29040620220396,47.142857142857146,,
p15,2020-01-10,25375068132,2020-01-09 23:12:30,2020-01-10 08:30:30,8.216666666666667,stages,493,65,0,0,65,83.0,85.0,325.0,35.0,4.0,11.64874551971326,0.0,16.835699797160242,17.24137931034483,4.259634888438134,87.0,20.0,22.0,45.0,83.0,0.072515666965085,0.9802867383512543,50.58709799747277,46.1625,,
p15,2019-11-10,24580352364,2019-11-09 23:11:00,2019-11-10 08:26:30,8.25,stages,495,60,0,1,60,64.0,71.0,360.0,33.0,2.0,10.81081081081081,0.0,12.929292929292929,14.343434343434344,4.0,83.0,18.0,19.0,46.0,64.0,0.0567056705670567,0.9936993699369936,57.34066270886923,51.6,,
p15,2019-12-16,25025097285,2019-12-15 22:02:00,2019-12-16 07:34:30,8.25,stages,495,77,0,1,77,76.0,93.0,326.0,38.0,3.0,13.461538461538462,0.0,15.353535353535353,18.78787878787879,4.606060606060606,87.0,20.0,22.0,45.0,75.0,0.0700525394045534,0.9991266375545852,54.81371198246198,48.66666666666666,,
p15,2019-12-21,25095053385,2019-12-20 23:07:00,2019-12-21 08:20:30,8.25,stages,495,58,0,1,58,103.0,135.0,257.0,30.0,2.0,10.488245931283906,0.0,20.80808080808081,27.272727272727273,3.6363636363636362,90.0,23.0,21.0,46.0,103.0,0.061427280939476,0.9846431797651308,52.270112660020914,47.66666666666666,,
p15,2020-03-29,26517490208,2020-03-28 23:22:30,2020-03-29 09:30:30,8.283333333333333,stages,497,51,0,0,111,78.0,170.0,249.0,26.0,1.0,8.388157894736842,0.0,15.694164989939638,34.20523138832998,3.1388329979879277,90.0,22.0,22.0,46.0,77.0,0.0444078947368421,1.0,49.67358215614794,45.15119047619048,,
p15,2020-03-30,26529912939,2020-03-29 23:19:30,2020-03-30 08:39:30,8.3,stages,498,62,0,0,62,68.0,115.0,315.0,29.0,5.0,11.071428571428571,0.0,13.654618473895582,23.092369477911646,3.4939759036144573,87.0,22.0,20.0,45.0,68.0,0.0561998215878679,0.9892857142857144,50.77054864008836,43.66666666666666,,
p15,2019-11-25,24772132861,2019-11-24 22:49:30,2019-11-25 07:52:30,8.35,stages,501,42,0,0,42,73.0,133.0,295.0,34.0,0.0,7.734806629834254,0.0,14.570858283433134,26.54690618762475,4.07185628742515,91.0,22.0,22.0,47.0,73.0,0.0643974241030358,0.985267034990792,54.02490128251811,48.833333333333336,,
p15,2019-11-29,24818411077,2019-11-28 23:20:00,2019-11-29 08:37:00,8.366666666666667,stages,502,55,0,0,55,71.0,110.0,321.0,37.0,2.0,9.874326750448834,0.0,14.143426294820717,21.91235059760956,4.422310756972111,89.0,22.0,21.0,46.0,71.0,0.0552536231884058,0.971274685816876,56.356631738563344,52.16666666666666,,
p15,2019-12-25,25136639092,2019-12-25 00:13:00,2019-12-25 10:08:00,8.383333333333333,stages,503,92,0,0,92,41.0,90.0,372.0,34.0,2.0,15.46218487394958,0.0,8.151093439363818,17.892644135188867,4.055666003976143,83.0,19.0,20.0,44.0,41.0,0.0786136939983093,0.984873949579832,54.31077067604371,46.6,,
p15,2020-02-09,25825016167,2020-02-08 22:14:00,2020-02-09 07:58:00,8.383333333333333,stages,503,81,0,1,81,45.0,86.0,372.0,34.0,6.0,13.86986301369863,0.0,8.946322067594433,17.09741550695825,4.055666003976143,85.0,19.0,21.0,45.0,44.0,0.061900610287707,0.9777397260273972,51.53086039276933,47.30952380952381,,
p15,2020-03-27,26492614721,2020-03-26 23:16:30,2020-03-27 09:03:00,8.45,stages,507,79,0,7,79,70.0,120.0,317.0,31.0,1.0,13.481228668941979,0.0,13.806706114398422,23.668639053254438,3.6686390532544384,89.0,22.0,22.0,45.0,70.0,0.0580589254766031,0.9991474850809888,49.04985847012297,45.16666666666666,,
p15,2020-02-19,25966340691,2020-02-18 23:29:30,2020-02-19 08:59:30,8.466666666666667,stages,508,62,0,3,62,78.0,130.0,300.0,35.0,2.0,10.87719298245614,0.0,15.354330708661417,25.590551181102363,4.133858267716535,90.0,22.0,22.0,46.0,78.0,0.0595968448729184,0.9947368421052633,51.76127977940147,47.66666666666666,,
p15,2020-03-19,26417741442,2020-03-18 23:17:00,2020-03-19 08:45:30,8.6,stages,516,52,0,0,52,46.0,104.0,366.0,33.0,2.0,9.154929577464788,0.0,8.914728682170542,20.155038759689923,3.8372093023255816,91.0,21.0,24.0,46.0,46.0,0.0463871543264942,0.990325417766051,48.24108209729879,43.60666666666667,,
p15,2019-12-08,24929531204,2019-12-07 23:29:00,2019-12-08 09:01:30,8.6,stages,516,56,0,0,56,68.0,96.0,352.0,34.0,2.0,9.79020979020979,0.0,13.178294573643411,18.6046511627907,3.9534883720930236,87.0,20.0,21.0,46.0,67.0,0.0654288240495137,1.000873362445415,56.55839320656075,51.0,,
p15,2020-01-30,25676706062,2020-01-29 22:41:30,2020-01-30 08:37:00,8.783333333333333,stages,527,68,0,0,68,60.0,113.0,354.0,29.0,4.0,11.428571428571429,0.0,11.385199240986717,21.44212523719165,3.301707779886148,89.0,21.0,22.0,46.0,60.0,0.0546541417591801,0.9706129303106632,52.51651319172945,48.14017857142857,,
p15,2019-12-29,25187860091,2019-12-28 23:59:30,2019-12-29 09:56:30,8.816666666666666,stages,529,68,0,1,68,96.0,115.0,318.0,28.0,3.0,11.390284757118929,0.0,18.147448015122873,21.73913043478261,3.175803402646503,90.0,23.0,22.0,45.0,96.0,0.0644351464435146,0.9798994974874372,51.59428300094967,47.86571428571428,,
p15,2020-01-28,25638854598,2020-01-27 22:48:00,2020-01-28 08:37:30,8.916666666666666,stages,535,54,0,1,54,68.0,101.0,366.0,29.0,1.0,9.168081494057725,0.0,12.710280373831775,18.878504672897197,3.252336448598131,90.0,21.0,22.0,47.0,68.0,0.0449438202247191,0.9889737065309584,51.26126679685856,46.8875,,
p15,2020-01-26,25607313840,2020-01-25 23:14:30,2020-01-26 09:00:30,8.983333333333333,stages,539,47,0,0,47,92.0,125.0,322.0,40.0,2.0,8.020477815699659,0.0,17.068645640074212,23.19109461966605,4.452690166975882,92.0,23.0,22.0,47.0,91.0,0.0511508951406649,0.9897610921501706,53.57876153516736,47.16547619047619,,
p15,2019-12-23,25117131550,2019-12-22 22:27:00,2019-12-23 08:54:30,8.983333333333333,stages,539,88,0,1,88,67.0,121.0,351.0,28.0,3.0,14.035087719298245,0.0,12.430426716141001,22.448979591836736,3.116883116883117,85.0,22.0,20.0,43.0,67.0,0.0764940239043824,0.9466135458167332,52.431945476894974,47.66666666666666,,
p15,2020-02-16,25920262772,2020-02-15 21:26:00,2020-02-16 07:54:30,9.016666666666667,stages,541,87,0,3,87,103.0,128.0,310.0,34.0,4.0,13.853503184713375,0.0,19.038817005545287,23.65988909426987,3.7707948243992604,86.0,23.0,19.0,44.0,103.0,0.0712570056044835,0.9689737470167064,51.67065115143934,47.13214285714286,,
p15,2019-12-07,24919077262,2019-12-06 22:40:00,2019-12-07 08:58:30,9.033333333333331,stages,542,76,0,0,76,92.0,102.0,348.0,40.0,2.0,12.297734627831716,0.0,16.974169741697416,18.819188191881917,4.428044280442805,83.0,21.0,17.0,45.0,92.0,0.0746513535684987,0.9878738884397736,58.13965402210084,50.61904761904762,,
p15,2019-12-24,25127626515,2019-12-23 22:33:00,2019-12-24 08:54:00,9.05,stages,543,78,0,1,78,65.0,107.0,371.0,32.0,4.0,12.560386473429952,0.0,11.970534069981584,19.70534069981584,3.5359116022099446,87.0,21.0,20.0,46.0,65.0,0.0613090306545153,0.9903381642512076,52.88752249557128,48.3925,,
p15,2020-02-22,26016593830,2020-02-21 22:49:30,2020-02-22 09:06:30,9.133333333333333,stages,548,69,0,1,69,84.0,121.0,343.0,35.0,4.0,11.183144246353322,0.0,15.328467153284672,22.080291970802918,3.832116788321168,88.0,22.0,21.0,45.0,83.0,0.0582995951417004,0.9724473257698542,53.21879214766715,49.0,,
p15,2019-12-26,25149261228,2019-12-25 23:14:30,2019-12-26 09:39:30,9.2,stages,552,73,0,1,73,101.0,112.0,339.0,39.0,2.0,11.68,0.0,18.297101449275363,20.28985507246377,4.239130434782609,90.0,22.0,23.0,45.0,101.0,0.052757793764988,0.9904,51.92533481596487,47.8875,,
p15,2020-02-23,26030070096,2020-02-22 23:24:00,2020-02-23 09:49:30,9.25,stages,555,70,0,0,70,81.0,103.0,371.0,42.0,2.0,11.2,0.0,14.594594594594595,18.55855855855856,4.54054054054054,88.0,21.0,21.0,46.0,81.0,0.0516962843295638,0.991207034372502,55.24312924477476,49.42714285714286,,
p15,2020-03-04,26191424467,2020-03-03 23:12:30,2020-03-04 09:34:00,9.383333333333333,stages,563,58,0,1,58,130.0,112.0,321.0,35.0,3.0,9.339774557165862,0.0,23.090586145648313,19.893428063943162,3.730017761989343,92.0,24.0,22.0,46.0,130.0,0.0623481781376518,0.989541432019308,51.20544351763864,47.16666666666666,,
p15,2020-02-18,25950524044,2020-02-17 22:02:30,2020-02-18 08:29:00,9.416666666666666,stages,565,61,0,0,61,83.0,119.0,363.0,34.0,3.0,9.744408945686901,0.0,14.690265486725664,21.061946902654867,3.610619469026549,90.0,22.0,22.0,46.0,82.0,0.0575539568345323,0.9720670391061452,52.06012594867275,47.875,,
p15,2020-01-05,25283649724,2020-01-04 21:33:00,2020-01-05 09:00:00,9.716666666666669,stages,583,104,0,0,104,62.0,130.0,391.0,41.0,6.0,15.138282387190683,0.0,10.634648370497427,22.29845626072041,4.219554030874786,87.0,21.0,22.0,44.0,61.0,0.0838901262063845,0.9272197962154294,50.36814070283458,46.5,,
p15,2020-01-12,25401610910,2020-01-11 22:00:00,2020-01-12 09:22:00,10.0,stages,600,82,0,0,82,71.0,156.0,373.0,39.0,1.0,12.023460410557185,0.0,11.833333333333334,26.0,3.9,90.0,22.0,21.0,47.0,71.0,0.0395348837209302,0.9853372434017597,51.73301123479695,46.06875,,
p16,2020-03-07,26217225592,2020-03-07 04:10:30,2020-03-07 06:21:30,2.15,classic,129,2,0,0,2,,,,,,,,,,,,,,,,,0.9923664122137404,64.0858472083472,59.0,2.0,0.0
p16,2019-12-09,24942817422,2019-12-09 08:50:30,2019-12-09 12:17:00,2.783333333333333,stages,167,39,0,4,39,37.0,21.0,109.0,16.0,3.0,18.932038834951456,0.0,22.15568862275449,12.574850299401197,5.748502994011976,55.0,16.0,14.0,25.0,37.0,0.1259259259259259,0.8958837772397095,77.21551733551733,66.5904761904762,,
p16,2019-11-27,24799326085,2019-11-27 05:55:30,2019-11-27 10:33:30,3.8666666666666663,stages,232,46,0,4,46,59.0,12.0,161.0,20.0,4.0,16.546762589928058,0.0,25.43103448275862,5.172413793103448,5.172413793103448,57.0,15.0,21.0,21.0,58.0,0.1059245960502693,0.8776978417266187,63.31714081683344,57.60375,,
p16,2020-01-02,25244867456,2020-01-02 09:10:00,2020-01-02 13:36:30,3.883333333333333,stages,233,33,0,0,33,53.0,50.0,130.0,20.0,1.0,12.406015037593985,0.0,22.746781115879827,21.459227467811157,5.150214592274678,68.0,20.0,21.0,27.0,53.0,0.1024667931688804,0.9906191369606004,65.71293276378503,58.16666666666666,,
p16,2020-03-10,26263306075,2020-03-10 04:57:00,2020-03-10 09:47:30,4.066666666666666,stages,244,46,0,0,46,66.0,22.0,156.0,16.0,2.0,15.862068965517242,0.0,27.049180327868854,9.01639344262295,3.934426229508197,56.0,16.0,17.0,23.0,66.0,0.1217391304347826,0.9879518072289156,68.31558667813023,63.516666666666666,,
p16,2020-02-25,26063756310,2020-02-25 08:43:30,2020-02-25 13:58:00,4.4,stages,264,50,0,0,50,28.0,37.0,199.0,22.0,3.0,15.92356687898089,0.0,10.606060606060606,14.015151515151516,5.0,61.0,15.0,21.0,25.0,28.0,0.1319554848966613,0.9952305246422892,60.5764503778082,54.26031746031746,,
p16,2020-01-21,25534534361,2020-01-21 05:12:30,2020-01-21 10:40:00,4.65,stages,279,48,0,0,48,58.0,40.0,181.0,25.0,1.0,14.678899082568808,0.0,20.788530465949822,14.336917562724015,5.376344086021505,66.0,17.0,18.0,31.0,58.0,0.1137440758293838,0.9251908396946564,65.40524219088574,56.0125,,
p16,2020-02-18,25954105314,2020-02-18 09:01:00,2020-02-18 14:34:00,4.75,stages,285,48,0,0,48,57.0,92.0,136.0,23.0,0.0,14.414414414414415,0.0,20.0,32.280701754385966,4.842105263157895,76.0,21.0,23.0,32.0,57.0,0.0957792207792207,1.0,58.78297518297519,53.0,,
p16,2020-03-12,26292532202,2020-03-12 06:54:00,2020-03-12 12:22:00,4.816666666666666,stages,289,39,0,0,39,90.0,17.0,182.0,23.0,2.0,11.890243902439025,0.0,31.141868512110726,5.882352941176471,4.775086505190312,69.0,15.0,22.0,32.0,89.0,0.0699844479004665,1.0,66.84898231003415,59.07,,
p16,2019-12-30,25201413192,2019-12-30 05:32:30,2019-12-30 10:58:30,4.85,stages,291,35,0,0,35,54.0,28.0,209.0,19.0,1.0,10.736196319018404,0.0,18.556701030927837,9.621993127147766,3.9175257731958766,67.0,16.0,20.0,31.0,54.0,0.1056661562021439,0.99079754601227,69.10543526820616,61.17,,
p16,2020-02-16,25927555880,2020-02-16 09:28:00,2020-02-16 14:54:30,4.9,stages,294,32,0,0,32,69.0,57.0,168.0,24.0,1.0,9.815950920245399,0.0,23.46938775510204,19.387755102040817,4.897959183673469,74.0,19.0,23.0,32.0,68.0,0.0781010719754977,0.8728943338437979,60.995852889800254,56.5,,
p16,2020-03-26,26483120825,2020-03-26 06:17:30,2020-03-26 11:58:00,4.9,stages,294,46,0,0,46,62.0,49.0,183.0,24.0,2.0,13.529411764705882,0.0,21.08843537414966,16.666666666666668,4.897959183673469,68.0,17.0,20.0,31.0,62.0,0.0851688693098384,0.922173274596182,67.10651108445694,61.63333333333333,,
p16,2020-01-11,25391860069,2020-01-11 08:57:30,2020-01-11 14:48:30,4.983333333333333,stages,299,52,0,0,52,53.0,47.0,199.0,28.0,3.0,14.814814814814815,0.0,17.725752508361204,15.719063545150501,5.618729096989966,63.0,17.0,16.0,30.0,53.0,0.1806543385490754,0.9743589743589745,64.9365924280398,57.336666666666666,,
p16,2020-01-18,25495430276,2020-01-18 07:33:00,2020-01-18 13:25:30,5.116666666666666,stages,307,45,0,0,45,42.0,44.0,221.0,26.0,3.0,12.784090909090908,0.0,13.680781758957655,14.332247557003257,5.081433224755701,69.0,16.0,21.0,32.0,42.0,0.1042857142857142,0.9560283687943264,62.15137920108247,55.0,,
p16,2020-01-28,25645276247,2020-01-28 08:08:00,2020-01-28 13:59:00,5.116666666666666,stages,307,44,0,0,44,79.0,36.0,192.0,25.0,2.0,12.535612535612536,0.0,25.732899022801302,11.726384364820847,4.88599348534202,68.0,16.0,20.0,32.0,79.0,0.1219512195121951,0.9857549857549858,66.06772535428605,59.91666666666666,,
p16,2020-03-17,26360584677,2020-03-17 01:22:00,2020-03-17 07:24:00,5.233333333333333,stages,314,48,0,9,48,61.0,60.0,193.0,26.0,1.0,13.259668508287293,0.0,19.426751592356688,19.10828025477707,4.968152866242038,69.0,19.0,16.0,34.0,61.0,0.1069364161849711,0.9972375690607734,68.97231126060767,62.0,,
p16,2019-11-14,24631110012,2019-11-14 04:42:00,2019-11-14 10:49:30,5.25,stages,315,52,0,4,52,112.0,21.0,182.0,25.0,1.0,14.168937329700272,0.0,35.55555555555556,6.666666666666667,4.761904761904762,68.0,17.0,19.0,32.0,112.0,0.0953038674033149,0.9414965986394558,69.40247332949646,57.81875,,
p16,2020-02-27,26097636397,2020-02-27 09:41:30,2020-02-27 16:02:30,5.333333333333333,stages,320,61,0,1,61,76.0,52.0,192.0,26.0,3.0,16.010498687664043,0.0,23.75,16.25,4.875,67.0,17.0,20.0,30.0,76.0,0.1297509829619921,0.994750656167979,64.79556695869361,56.66666666666666,,
p16,2019-12-19,25071634396,2019-12-19 07:00:00,2019-12-19 13:19:00,5.35,stages,321,58,0,0,58,75.0,45.0,201.0,22.0,2.0,15.303430079155673,0.0,23.364485981308412,14.018691588785046,4.112149532710281,68.0,17.0,18.0,33.0,74.0,0.0945205479452054,0.978891820580475,61.65924707218508,54.0625,,
p16,2019-12-20,25087563807,2019-12-20 06:07:30,2019-12-20 12:49:30,5.433333333333334,stages,326,76,0,0,76,94.0,18.0,214.0,27.0,4.0,18.90547263681592,0.0,28.834355828220858,5.521472392638037,4.969325153374233,60.0,15.0,18.0,27.0,94.0,0.1080745341614906,0.9502487562189056,66.3705146075565,56.629464285714285,,
p16,2020-01-23,25567760908,2020-01-23 07:12:30,2020-01-23 13:31:00,5.483333333333333,stages,329,49,0,0,49,83.0,27.0,219.0,29.0,2.0,12.962962962962964,0.0,25.227963525835865,8.206686930091186,5.288753799392097,69.0,16.0,20.0,33.0,83.0,0.1043593130779392,0.9220607661822986,63.9054458833112,56.205714285714286,,
p16,2020-01-07,25321811489,2020-01-07 08:09:00,2020-01-07 14:48:00,5.566666666666666,stages,334,65,0,0,65,68.0,28.0,238.0,27.0,5.0,16.290726817042607,0.0,20.35928143712575,8.383233532934131,4.850299401197605,68.0,16.0,22.0,30.0,67.0,0.1031446540880503,0.9348370927318296,61.64621337851901,55.0,,
p16,2019-11-03,24499082265,2019-11-03 05:14:30,2019-11-03 11:46:00,5.7,stages,342,49,0,0,49,75.0,62.0,205.0,24.0,2.0,12.531969309462916,0.0,21.92982456140351,18.128654970760234,4.2105263157894735,72.0,18.0,20.0,34.0,75.0,0.1340996168582375,0.983397190293742,62.37133739997377,56.642857142857146,,
p16,2019-11-07,24546796166,2019-11-07 03:19:00,2019-11-07 09:45:00,5.716666666666667,stages,343,43,0,0,43,79.0,59.0,205.0,22.0,2.0,11.139896373056995,0.0,23.03206997084548,17.20116618075802,3.8483965014577257,76.0,18.0,23.0,35.0,79.0,0.0793650793650793,0.9378238341968912,61.26051686956383,51.71746031746032,,
p16,2020-01-05,25287568499,2020-01-05 08:54:00,2020-01-05 15:29:00,5.716666666666667,stages,343,52,0,0,52,44.0,49.0,250.0,29.0,3.0,13.164556962025317,0.0,12.82798833819242,14.285714285714286,5.072886297376093,72.0,17.0,21.0,34.0,44.0,0.1037131882202304,0.8025316455696202,61.48758813916543,55.8,,
p16,2020-02-21,26009466437,2020-02-21 09:24:30,2020-02-21 16:02:30,5.75,stages,345,53,0,0,53,102.0,54.0,189.0,27.0,4.0,13.316582914572864,0.0,29.565217391304348,15.652173913043478,4.695652173913044,74.0,18.0,22.0,34.0,102.0,0.0878293601003764,0.9874371859296482,61.92625032586865,57.0,,
p16,2020-03-21,26418255203,2020-03-21 03:13:30,2020-03-21 09:55:00,5.8,stages,348,53,0,0,53,102.0,48.0,198.0,32.0,3.0,13.216957605985037,0.0,29.310344827586206,13.793103448275861,5.517241379310345,73.0,18.0,20.0,35.0,102.0,0.1259445843828715,0.9090909090909092,63.40916266382019,56.833333333333336,,
p16,2020-02-13,25883742020,2020-02-13 07:52:00,2020-02-13 14:29:30,5.8,stages,348,49,0,0,49,75.0,66.0,207.0,26.0,2.0,12.34256926952141,0.0,21.551724137931036,18.96551724137931,4.482758620689656,75.0,19.0,21.0,35.0,75.0,0.0943396226415094,0.9559748427672956,64.54586513632566,55.62375,,
p16,2020-02-05,25772242965,2020-02-05 08:33:30,2020-02-05 15:20:00,5.8,stages,348,58,0,0,58,73.0,50.0,225.0,28.0,2.0,14.285714285714286,0.0,20.977011494252874,14.367816091954023,4.827586206896552,73.0,17.0,22.0,34.0,73.0,0.0891089108910891,0.998769987699877,61.24181869717584,54.0,,
p16,2020-02-12,25873824982,2020-02-12 09:17:00,2020-02-12 15:56:00,5.816666666666666,stages,349,50,0,0,50,67.0,48.0,234.0,33.0,2.0,12.531328320802006,0.0,19.197707736389685,13.753581661891117,5.673352435530086,72.0,17.0,20.0,35.0,67.0,0.1212121212121212,1.0,61.48616942789875,55.49545454545454,,
p16,2020-02-15,25915198576,2020-02-15 09:16:00,2020-02-15 15:52:00,5.916666666666667,stages,355,41,0,0,41,53.0,74.0,228.0,24.0,2.0,10.353535353535353,0.0,14.929577464788732,20.845070422535212,4.056338028169014,78.0,20.0,22.0,36.0,53.0,0.0814249363867684,0.8787878787878788,61.09127181088388,55.18035714285715,,
p16,2019-11-19,24693111172,2019-11-19 06:06:00,2019-11-19 13:01:00,5.916666666666667,stages,355,60,0,0,60,92.0,56.0,207.0,32.0,3.0,14.457831325301205,0.0,25.91549295774648,15.774647887323944,5.408450704225352,73.0,18.0,21.0,34.0,92.0,0.103030303030303,0.983132530120482,63.1099099361967,56.75595238095238,,
p16,2019-12-27,25163248703,2019-12-27 05:35:30,2019-12-27 12:28:30,5.95,stages,357,56,0,0,56,74.0,48.0,235.0,29.0,4.0,13.559322033898304,0.0,20.72829131652661,13.445378151260504,4.873949579831932,72.0,17.0,21.0,34.0,73.0,0.0931076178960096,0.9588377723970944,61.73367003367003,54.15,,
p16,2020-01-16,25466022233,2020-01-16 06:54:00,2020-01-16 13:39:00,5.966666666666667,stages,358,47,0,0,47,98.0,64.0,196.0,27.0,2.0,11.604938271604938,0.0,27.374301675977655,17.877094972067038,4.5251396648044695,76.0,19.0,22.0,35.0,98.0,0.0939431396786155,0.9234567901234568,60.54697152965869,54.13174603174603,,
p16,2020-01-30,25690940536,2020-01-30 07:21:30,2020-01-30 14:45:00,6.016666666666667,stages,361,82,0,1,82,129.0,30.0,202.0,30.0,3.0,18.510158013544018,0.0,35.73407202216067,8.310249307479225,4.986149584487535,69.0,18.0,20.0,31.0,128.0,0.1296928327645051,0.992108229988726,63.90285050177096,57.282539682539685,,
p16,2019-11-10,24581948732,2019-11-10 04:19:30,2019-11-10 10:59:00,6.016666666666667,stages,361,38,0,0,38,99.0,103.0,159.0,25.0,2.0,9.523809523809524,0.0,27.42382271468144,28.53185595567867,4.1551246537396125,79.0,22.0,21.0,36.0,98.0,0.0851063829787234,0.921151439299124,61.10064121416024,54.13125,,
p16,2019-12-24,25128906989,2019-12-24 05:18:00,2019-12-24 12:11:30,6.033333333333333,stages,362,51,0,0,51,69.0,74.0,219.0,25.0,2.0,12.34866828087167,0.0,19.060773480662984,20.441988950276244,4.143646408839779,77.0,19.0,22.0,36.0,69.0,0.1127450980392156,0.9987908101571948,61.38724681963181,53.06666666666667,,
p16,2020-01-19,25507423965,2020-01-19 05:40:00,2020-01-19 12:34:00,6.05,stages,363,51,0,0,51,86.0,58.0,219.0,25.0,4.0,12.318840579710145,0.0,23.691460055096417,15.977961432506888,4.132231404958678,76.0,18.0,22.0,36.0,85.0,0.0920245398773006,0.9951690821256038,59.22136281329243,53.61375,,
p16,2020-01-06,25302525076,2020-01-06 07:56:00,2020-01-06 14:50:00,6.1,stages,366,48,0,0,48,90.0,50.0,226.0,30.0,2.0,11.594202898550725,0.0,24.59016393442623,13.66120218579235,4.918032786885246,76.0,17.0,22.0,37.0,89.0,0.0751231527093596,1.0,63.00871124983444,56.72083333333333,,
p16,2020-03-11,26277678952,2020-03-11 03:12:00,2020-03-11 10:21:30,6.116666666666666,stages,367,62,0,0,62,86.0,83.0,198.0,26.0,4.0,14.452214452214452,0.0,23.43324250681199,22.615803814713896,4.250681198910082,75.0,21.0,19.0,35.0,85.0,0.1423529411764706,0.9988358556461,64.57645839009474,58.5,,
p16,2019-11-28,24809686749,2019-11-28 03:58:30,2019-11-28 10:58:30,6.116666666666666,stages,367,53,0,0,53,80.0,61.0,226.0,28.0,2.0,12.619047619047619,0.0,21.798365122615802,16.62125340599455,4.577656675749319,75.0,18.0,21.0,36.0,80.0,0.1022592152199762,0.9523809523809524,62.58215963203464,53.56785714285714,,
p16,2020-01-08,25341114263,2020-01-08 07:38:00,2020-01-08 14:40:00,6.15,stages,369,53,0,10,53,64.0,73.0,232.0,26.0,1.0,12.559241706161137,0.0,17.344173441734416,19.78319783197832,4.227642276422764,77.0,19.0,21.0,37.0,64.0,0.0968944099378882,0.957345971563981,65.07579106124898,57.13730158730159,,
p16,2020-01-25,25599822926,2020-01-25 08:07:00,2020-01-25 14:51:00,6.166666666666667,stages,370,34,0,0,34,94.0,72.0,204.0,43.0,0.0,8.415841584158416,0.0,25.405405405405407,19.45945945945946,6.972972972972973,80.0,20.0,21.0,39.0,94.0,0.1022443890274314,0.9975247524752476,63.72785359801489,55.5,,
p16,2020-01-29,25661037174,2020-01-29 08:47:00,2020-01-29 15:54:00,6.183333333333334,stages,371,56,0,0,56,70.0,87.0,214.0,30.0,3.0,13.114754098360656,0.0,18.867924528301888,23.450134770889488,4.8517520215633425,79.0,21.0,22.0,36.0,70.0,0.0887573964497041,0.981264637002342,62.85499428309691,56.12857142857143,,
p16,2020-01-15,25453790466,2020-01-15 08:13:00,2020-01-15 15:25:30,6.2,stages,372,60,0,0,60,111.0,66.0,195.0,27.0,4.0,13.88888888888889,0.0,29.838709677419356,17.741935483870968,4.354838709677419,75.0,19.0,20.0,36.0,110.0,0.128235294117647,0.9965317919075144,62.10941273858907,55.86111111111112,,
p16,2019-11-21,24721182213,2019-11-21 03:29:30,2019-11-21 10:41:30,6.2,stages,372,60,0,0,60,95.0,65.0,212.0,27.0,5.0,13.88888888888889,0.0,25.537634408602152,17.473118279569892,4.354838709677419,74.0,18.0,21.0,35.0,95.0,0.1028901734104046,0.9930555555555556,65.18981363754091,57.35,,
p16,2020-01-09,25360755421,2020-01-09 06:08:30,2020-01-09 13:29:00,6.216666666666667,stages,373,67,0,0,67,116.0,38.0,219.0,35.0,1.0,15.227272727272727,0.0,31.099195710455763,10.187667560321715,5.630026809651475,70.0,18.0,18.0,34.0,115.0,0.1078320090805902,0.985244040862656,65.36715883323026,58.31666666666667,,
p16,2019-11-08,24558990812,2019-11-08 02:38:30,2019-11-08 09:55:00,6.25,stages,375,61,0,0,61,93.0,65.0,217.0,29.0,4.0,13.990825688073395,0.0,24.8,17.333333333333332,4.64,73.0,18.0,20.0,35.0,93.0,0.1019473081328751,0.9896907216494846,64.56228296523435,55.71428571428572,,
p16,2020-02-02,25729251802,2020-02-02 07:41:30,2020-02-02 14:39:00,6.266666666666667,stages,376,41,0,0,41,92.0,57.0,227.0,39.0,1.0,9.832134292565947,0.0,24.46808510638298,15.159574468085106,6.223404255319149,76.0,18.0,20.0,38.0,91.0,0.1209580838323353,0.994011976047904,61.83168266138145,54.1375,,
p16,2020-01-20,25521805444,2020-01-20 05:17:30,2020-01-20 12:26:00,6.3,stages,378,50,0,0,50,69.0,76.0,233.0,32.0,3.0,11.682242990654206,0.0,18.253968253968253,20.105820105820104,5.079365079365079,76.0,19.0,20.0,37.0,69.0,0.0921820303383897,0.9941656942823804,61.44100512163893,53.0625,,
p16,2020-02-28,26112785637,2020-02-28 10:10:00,2020-02-28 17:29:00,6.3,stages,378,61,0,0,61,85.0,93.0,200.0,32.0,2.0,13.895216400911162,0.0,22.486772486772487,24.603174603174605,5.079365079365079,76.0,22.0,19.0,35.0,85.0,0.1413911060433295,1.0,64.45354513241757,57.66,,
p16,2019-11-12,24605316774,2019-11-12 01:58:00,2019-11-12 09:15:30,6.366666666666666,stages,382,55,0,0,55,123.0,39.0,220.0,25.0,3.0,12.585812356979405,0.0,32.19895287958115,10.209424083769633,3.9267015706806285,76.0,18.0,21.0,37.0,123.0,0.0890973036342321,0.9714285714285714,64.96703089720738,55.42857142857143,,
p16,2020-01-26,25612517337,2020-01-26 07:58:30,2020-01-26 15:30:00,6.383333333333334,stages,383,68,0,0,68,97.0,32.0,254.0,33.0,4.0,15.077605321507761,0.0,25.326370757180158,8.355091383812011,5.169712793733681,71.0,16.0,20.0,35.0,97.0,0.1023359288097886,0.956810631229236,65.05700907888406,56.06111111111111,,
p16,2019-11-01,24475133162,2019-11-01 03:09:00,2019-11-01 10:15:00,6.383333333333334,stages,383,43,0,0,43,103.0,82.0,198.0,23.0,2.0,10.093896713615024,0.0,26.89295039164491,21.409921671018278,3.6031331592689293,82.0,21.0,23.0,38.0,103.0,0.078853046594982,0.9835680751173708,60.88294675359114,54.8375,,
p16,2019-12-06,24911245476,2019-12-06 06:33:30,2019-12-06 13:35:00,6.4,stages,384,37,0,0,37,98.0,77.0,209.0,26.0,2.0,8.788598574821853,0.0,25.520833333333332,20.052083333333332,4.0625,76.0,20.0,18.0,38.0,97.0,0.1198102016607354,0.951364175563464,66.50751584242857,59.0,,
p16,2020-03-31,26545247495,2020-03-31 05:58:00,2020-03-31 13:19:00,6.416666666666667,stages,385,56,0,0,56,79.0,87.0,219.0,32.0,3.0,12.698412698412698,0.0,20.51948051948052,22.5974025974026,4.987012987012987,,,,,,,0.9954648526077098,62.948857103412905,56.21428571428572,,
p16,2020-02-06,25788689555,2020-02-06 08:20:00,2020-02-06 15:43:00,6.433333333333334,stages,386,57,0,0,57,110.0,58.0,218.0,30.0,4.0,12.866817155756207,0.0,28.497409326424872,15.025906735751295,4.66321243523316,77.0,18.0,23.0,36.0,110.0,0.0839002267573696,0.9932279909706546,60.95065017053653,53.74583333333333,,
p16,2020-02-01,25715951839,2020-02-01 08:05:00,2020-02-01 15:18:00,6.466666666666667,stages,388,45,0,0,45,97.0,104.0,187.0,36.0,2.0,10.392609699769054,0.0,25.0,26.804123711340207,5.56701030927835,81.0,22.0,21.0,38.0,97.0,0.1352601156069364,0.9515011547344112,63.64129015536783,57.17428571428572,,
p16,2019-11-15,24644838984,2019-11-15 02:56:30,2019-11-15 10:08:30,6.466666666666667,stages,388,44,0,0,44,93.0,74.0,221.0,32.0,2.0,10.185185185185185,0.0,23.969072164948454,19.072164948453608,4.948453608247423,78.0,19.0,21.0,38.0,93.0,0.0971098265895953,0.9907407407407408,65.38516886151231,56.623333333333335,,
p16,2020-01-13,25419758903,2020-01-13 07:53:30,2020-01-13 15:26:30,6.483333333333333,stages,389,64,0,0,64,94.0,66.0,229.0,32.0,4.0,14.1280353200883,0.0,24.164524421593832,16.966580976863753,4.93573264781491,73.0,18.0,19.0,36.0,94.0,0.1234840132304299,0.9006622516556292,61.64283981269275,56.333333333333336,,
p16,2019-12-18,25058824744,2019-12-18 06:11:30,2019-12-18 13:32:00,6.483333333333333,stages,389,51,0,0,51,99.0,70.0,220.0,33.0,3.0,11.590909090909092,0.0,25.44987146529563,17.994858611825194,5.089974293059126,76.0,19.0,20.0,37.0,98.0,0.1214528944381384,0.9534619750283768,60.24509774616917,52.16547619047619,,
p16,2019-12-07,24922790065,2019-12-07 07:11:00,2019-12-07 14:43:00,6.5,stages,390,62,0,0,62,87.0,63.0,240.0,35.0,3.0,13.716814159292035,0.0,22.307692307692307,16.153846153846153,5.384615384615385,74.0,18.0,19.0,37.0,87.0,0.1053227633069082,0.9778761061946902,65.74974306739013,55.63125,,
p16,2019-12-29,25189013034,2019-12-29 06:04:30,2019-12-29 13:28:30,6.516666666666667,stages,391,53,0,0,53,106.0,79.0,206.0,33.0,3.0,11.936936936936936,0.0,27.10997442455243,20.20460358056266,5.063938618925831,78.0,20.0,21.0,37.0,106.0,0.1124859392575928,0.9932432432432432,63.28901028424838,57.142857142857146,,
p16,2020-02-04,25758972702,2020-02-04 07:57:00,2020-02-04 15:30:30,6.55,stages,393,60,0,0,60,85.0,89.0,219.0,35.0,3.0,13.245033112582782,0.0,21.62849872773537,22.646310432569976,5.34351145038168,79.0,21.0,21.0,37.0,85.0,0.1046770601336302,0.9592061742006616,60.77507696007695,53.5,,
p16,2020-02-22,26022824102,2020-02-22 09:02:30,2020-02-22 17:18:00,6.583333333333333,stages,395,100,0,0,100,82.0,34.0,279.0,31.0,7.0,20.2020202020202,0.0,20.759493670886076,8.60759493670886,4.708860759493671,66.0,16.0,20.0,30.0,82.0,0.1366396761133603,0.9525731584258323,63.0671947990804,55.0,,
p16,2020-02-23,26034727494,2020-02-23 08:39:30,2020-02-23 15:55:30,6.6,stages,396,40,0,5,40,84.0,88.0,224.0,35.0,1.0,9.174311926605505,0.0,21.21212121212121,22.22222222222222,5.303030303030304,79.0,21.0,19.0,39.0,84.0,0.1053837342497136,0.9977064220183486,63.767947454844006,58.7,,
p16,2020-03-05,26188170268,2020-03-04 21:10:00,2020-03-05 04:58:30,6.616666666666666,stages,397,71,0,0,71,112.0,43.0,242.0,29.0,5.0,15.17094017094017,0.0,28.211586901763223,10.831234256926953,4.38287153652393,66.0,18.0,13.0,35.0,111.0,0.1196581196581196,0.9967982924226254,71.9978170354509,61.98333333333333,,
p16,2019-11-02,24487362288,2019-11-02 03:56:30,2019-11-02 11:49:00,6.616666666666666,stages,397,75,0,9,75,75.0,14.0,308.0,37.0,2.0,15.889830508474576,0.0,18.89168765743073,3.526448362720403,5.591939546599496,74.0,15.0,21.0,38.0,75.0,0.0994475138121546,0.9417989417989416,62.16336957050439,55.5,,
p16,2020-03-23,26444101095,2020-03-23 02:35:00,2020-03-23 10:11:00,6.633333333333334,stages,398,58,0,0,58,113.0,65.0,220.0,39.0,3.0,12.719298245614034,0.0,28.391959798994975,16.331658291457288,5.879396984924623,73.0,19.0,17.0,37.0,112.0,0.1075740944017563,0.9912280701754386,67.53095445606507,60.80892857142857,,
p16,2020-02-20,25991408408,2020-02-20 08:35:30,2020-02-20 16:13:00,6.633333333333334,stages,398,59,0,0,59,107.0,74.0,217.0,33.0,4.0,12.910284463894968,0.0,26.884422110552762,18.592964824120603,4.974874371859296,78.0,20.0,21.0,37.0,106.0,0.1049180327868852,0.994535519125683,60.48966311466312,54.4,,
p16,2019-12-08,24933574883,2019-12-08 06:28:00,2019-12-08 14:29:00,6.65,stages,399,82,0,0,82,127.0,79.0,193.0,23.0,3.0,17.04781704781705,0.0,31.829573934837093,19.79949874686717,3.4586466165413534,73.0,21.0,19.0,33.0,126.0,0.142707240293809,0.9854469854469856,65.88449146376361,57.42857142857143,,
p16,2019-11-25,24777113858,2019-11-25 06:53:00,2019-11-25 14:45:30,6.666666666666667,stages,400,72,0,7,72,102.0,63.0,235.0,36.0,3.0,15.254237288135593,0.0,25.5,15.75,5.3999999999999995,75.0,18.0,21.0,36.0,102.0,0.126865671641791,0.97989417989418,62.651210033067485,56.57142857142857,,
p16,2020-02-29,26125814128,2020-02-29 09:35:00,2020-02-29 17:15:00,6.666666666666667,stages,400,60,0,0,60,89.0,86.0,225.0,39.0,3.0,13.043478260869565,0.0,22.25,21.5,5.85,76.0,20.0,18.0,38.0,88.0,0.1137855579868709,0.9260869565217392,64.63096982568814,53.29761904761905,,
p16,2019-12-13,24997373530,2019-12-13 07:05:30,2019-12-13 14:49:00,6.683333333333334,stages,401,62,0,0,62,86.0,85.0,230.0,31.0,5.0,13.390928725701944,0.0,21.44638403990025,21.197007481296758,4.638403990024938,75.0,20.0,19.0,36.0,86.0,0.1326860841423948,0.9946062567421792,66.58234146547596,57.42857142857143,,
p16,2019-12-23,25119406870,2019-12-23 05:30:30,2019-12-23 13:22:00,6.7,stages,402,69,0,0,69,113.0,58.0,231.0,31.0,3.0,14.64968152866242,0.0,28.109452736318406,14.427860696517413,4.626865671641791,75.0,18.0,22.0,35.0,112.0,0.1157112526539278,0.9989395546129376,58.31197323554011,52.41428571428571,,
p16,2020-01-04,25276973144,2020-01-04 07:53:30,2020-01-04 15:28:30,6.716666666666667,stages,403,52,0,0,52,97.0,75.0,231.0,34.0,1.0,11.428571428571429,0.0,24.069478908188586,18.610421836228287,5.062034739454094,79.0,19.0,22.0,38.0,97.0,0.0965971459934138,0.8857142857142857,60.612004572488445,55.333333333333336,,
p16,2019-12-03,24868050354,2019-12-03 06:42:00,2019-12-03 14:24:30,6.716666666666667,stages,403,59,0,0,59,89.0,64.0,250.0,39.0,2.0,12.770562770562771,0.0,22.084367245657567,15.88089330024814,5.806451612903226,75.0,18.0,19.0,38.0,89.0,0.1184782608695652,0.9902702702702704,62.677478780317216,56.98333333333333,,
p16,2019-11-20,24705281208,2019-11-20 04:55:00,2019-11-20 12:53:30,6.733333333333333,stages,404,74,0,4,74,93.0,61.0,250.0,38.0,1.0,15.481171548117155,0.0,23.019801980198018,15.099009900990099,5.643564356435643,72.0,17.0,19.0,36.0,93.0,0.1661409043112513,0.9905956112852664,63.84054012091988,57.0,,
p16,2019-12-05,24900571642,2019-12-05 05:59:00,2019-12-05 13:39:30,6.733333333333333,stages,404,56,0,8,56,88.0,61.0,255.0,35.0,1.0,12.173913043478262,0.0,21.782178217821784,15.099009900990099,5.198019801980198,77.0,17.0,21.0,39.0,88.0,0.1196013289036544,0.966340933767644,62.423373137474265,56.0,,
p16,2020-03-08,26229210115,2020-03-07 19:05:00,2020-03-08 03:20:00,6.733333333333333,stages,404,91,0,0,91,72.0,62.0,270.0,26.0,7.0,18.383838383838384,0.0,17.821782178217823,15.346534653465346,3.8613861386138613,67.0,17.0,18.0,32.0,72.0,0.1951466127401415,0.9838383838383838,62.09655679707014,55.3,,
p16,2020-02-24,26049537279,2020-02-24 08:35:00,2020-02-24 16:34:00,6.75,stages,405,74,0,0,74,142.0,80.0,183.0,34.0,4.0,15.448851774530272,0.0,35.06172839506173,19.753086419753085,5.037037037037037,81.0,22.0,22.0,37.0,142.0,0.1030042918454935,0.9958246346555324,60.15261751991312,54.871428571428574,,
p16,2019-12-02,24855723923,2019-12-02 05:53:30,2019-12-02 13:41:00,6.75,stages,405,62,0,5,62,95.0,69.0,241.0,35.0,3.0,13.276231263383298,0.0,23.45679012345679,17.037037037037038,5.185185185185185,76.0,18.0,21.0,37.0,95.0,0.1133689839572192,0.9112299465240642,60.576997083511166,54.285714285714285,,
p16,2020-03-19,26390870708,2020-03-19 02:09:30,2020-03-19 10:03:30,6.8,stages,408,66,0,0,66,105.0,48.0,255.0,34.0,5.0,13.924050632911392,0.0,25.735294117647058,11.764705882352942,5.0,74.0,17.0,20.0,37.0,105.0,0.1527924130663856,0.9641350210970464,64.66793166109359,59.0,,
p16,2019-11-24,24764120502,2019-11-24 06:46:00,2019-11-24 14:40:30,6.833333333333333,stages,410,64,0,1,64,108.0,53.0,249.0,35.0,2.0,13.50210970464135,0.0,26.341463414634145,12.926829268292684,5.121951219512195,77.0,18.0,21.0,38.0,108.0,0.1067235859124866,0.9694415173867228,64.25816558441558,57.42589285714286,,
p16,2020-01-27,25625873354,2020-01-27 07:03:00,2020-01-27 14:45:00,6.85,stages,411,51,0,0,51,98.0,43.0,270.0,38.0,1.0,11.03896103896104,0.0,23.844282238442823,10.46228710462287,5.547445255474453,77.0,17.0,21.0,39.0,98.0,0.112938596491228,0.9805194805194806,62.190219842703286,55.0,,
p16,2019-12-01,24843096580,2019-12-01 06:27:00,2019-12-01 14:06:00,6.883333333333334,stages,413,46,0,0,46,105.0,64.0,244.0,34.0,2.0,10.021786492374728,0.0,25.423728813559322,15.49636803874092,4.939467312348668,80.0,18.0,22.0,40.0,104.0,0.092511013215859,0.9629629629629628,60.53824386397916,55.28809523809524,,
p16,2019-11-23,24752672344,2019-11-23 06:14:00,2019-11-23 14:13:30,6.883333333333334,stages,413,66,0,7,66,103.0,65.0,245.0,32.0,4.0,13.778705636743215,0.0,24.93946731234867,15.738498789346247,4.648910411622276,74.0,18.0,19.0,37.0,103.0,0.132429614181439,0.9927007299270072,64.81094596929681,58.075,,
p16,2020-03-28,26507885399,2020-03-28 04:50:30,2020-03-28 12:39:00,6.983333333333333,stages,419,49,0,4,49,82.0,91.0,246.0,39.0,2.0,10.47008547008547,0.0,19.570405727923628,21.718377088305488,5.58472553699284,83.0,21.0,22.0,40.0,82.0,0.0899241603466955,0.9946638207043756,62.8997452297345,57.13541666666666,,
p16,2020-01-14,25437642449,2020-01-14 06:56:00,2020-01-14 15:03:30,7.166666666666667,stages,430,57,0,0,57,86.0,90.0,254.0,34.0,2.0,11.704312114989733,0.0,20.0,20.930232558139537,4.7441860465116275,83.0,20.0,21.0,42.0,86.0,0.0985324947589098,0.9107692307692308,61.13591830466831,55.0,,
p16,2020-03-03,26168495218,2020-03-03 07:18:30,2020-03-03 15:50:00,7.216666666666667,stages,433,78,0,0,78,72.0,108.0,253.0,41.0,6.0,15.264187866927593,0.0,16.628175519630485,24.942263279445726,5.681293302540416,81.0,21.0,20.0,40.0,71.0,0.136852394916911,0.9032258064516128,59.355223618372975,52.16944444444445,,
p16,2020-02-07,25805858601,2020-02-07 07:40:00,2020-02-07 16:03:30,7.216666666666667,stages,433,70,0,2,70,81.0,98.0,254.0,33.0,2.0,13.916500994035784,0.0,18.706697459584294,22.632794457274827,4.572748267898383,82.0,21.0,21.0,40.0,81.0,0.1027944111776447,0.9890764647467726,60.47440331310813,52.0,,
p16,2019-11-16,24655406868,2019-11-16 03:05:30,2019-11-16 11:18:00,7.216666666666667,stages,433,59,0,0,59,117.0,92.0,224.0,31.0,2.0,11.991869918699187,0.0,27.02078521939954,21.247113163972287,4.295612009237876,85.0,22.0,21.0,42.0,117.0,0.1097308488612836,0.9868020304568528,62.989956294277285,55.34375,,
p16,2020-02-14,25902137595,2020-02-14 08:13:30,2020-02-14 16:24:30,7.3,stages,438,53,0,0,53,100.0,98.0,240.0,36.0,1.0,10.79429735234216,0.0,22.831050228310502,22.374429223744293,4.931506849315069,85.0,21.0,22.0,42.0,100.0,0.091556459816887,0.9287169042769856,60.13331078643579,55.625,,
p16,2020-03-29,26519603409,2020-03-29 05:02:30,2020-03-29 13:43:00,7.366666666666666,stages,442,78,0,10,78,96.0,92.0,254.0,40.0,4.0,15.0,0.0,21.71945701357466,20.81447963800905,5.429864253393665,83.0,20.0,23.0,40.0,96.0,0.0931372549019607,0.9951969260326607,63.42169460740889,54.85714285714285,,
p16,2019-12-28,25176719527,2019-12-28 04:51:00,2019-12-28 13:02:00,7.383333333333334,stages,443,48,0,0,48,84.0,87.0,272.0,39.0,1.0,9.775967413441956,0.0,18.96162528216704,19.63882618510158,5.28216704288939,83.0,20.0,21.0,42.0,84.0,0.1208677685950413,0.9816700610997964,61.87802468969481,57.0,,
p16,2020-01-17,25483565578,2020-01-17 06:17:00,2020-01-17 14:33:30,7.383333333333334,stages,443,53,0,0,53,114.0,73.0,256.0,34.0,3.0,10.685483870967742,0.0,25.733634311512414,16.478555304740407,4.604966139954853,79.0,19.0,18.0,42.0,113.0,0.1311806256306761,1.001007049345418,64.44825184875486,54.895,,
p16,2020-02-03,25744920969,2020-02-03 07:35:00,2020-02-03 15:54:30,7.383333333333334,stages,443,56,0,0,56,114.0,92.0,237.0,33.0,3.0,11.22244488977956,0.0,25.733634311512414,20.767494356659142,4.469525959367946,84.0,21.0,21.0,42.0,113.0,0.0967741935483871,0.994994994994995,62.91283951907695,54.40952380952381,,
p16,2019-11-17,24667829211,2019-11-17 05:14:30,2019-11-17 14:01:30,7.416666666666667,stages,445,82,0,0,82,140.0,48.0,257.0,31.0,5.0,15.559772296015181,0.0,31.46067415730337,10.786516853932584,4.179775280898876,79.0,19.0,22.0,38.0,139.0,0.0976303317535545,0.9848197343453512,64.13893260988637,58.29857142857143,,
p16,2019-11-26,24790707813,2019-11-26 06:07:30,2019-11-26 14:54:00,7.433333333333334,stages,446,80,0,3,80,112.0,82.0,252.0,30.0,8.0,15.209125475285171,0.0,25.112107623318387,18.385650224215247,4.0358744394618835,80.0,20.0,21.0,39.0,112.0,0.110576923076923,0.9667616334283,61.76761992646079,53.93333333333333,,
p16,2020-01-31,25703892788,2020-01-31 06:25:30,2020-01-31 14:59:00,7.55,stages,453,60,0,0,60,102.0,101.0,250.0,41.0,2.0,11.695906432748538,0.0,22.516556291390728,22.29580573951435,5.430463576158941,84.0,21.0,21.0,42.0,102.0,0.1239024390243902,0.9581304771178188,64.15580104177666,56.65,,
p16,2020-01-03,25263824965,2020-01-03 07:36:00,2020-01-03 16:30:00,7.583333333333333,stages,455,79,0,0,79,115.0,83.0,257.0,41.0,4.0,14.794007490636703,0.0,25.274725274725274,18.24175824175824,5.406593406593407,81.0,20.0,21.0,40.0,115.0,0.1211832061068702,0.9887640449438202,62.495674001924,56.6,,
p16,2020-01-01,25229942679,2020-01-01 07:54:00,2020-01-01 16:50:00,7.633333333333334,stages,458,78,0,0,78,98.0,94.0,266.0,28.0,3.0,14.552238805970148,0.0,21.397379912663755,20.524017467248907,3.6681222707423577,74.0,20.0,14.0,40.0,98.0,0.1446241674595623,0.9925373134328358,75.15837320574163,62.07857142857143,,
p16,2020-02-17,25942181057,2020-02-17 07:53:30,2020-02-17 17:25:30,7.633333333333334,stages,458,114,0,4,114,119.0,50.0,289.0,35.0,6.0,19.93006993006993,0.0,25.982532751091703,10.91703056768559,4.585152838427947,73.0,18.0,20.0,35.0,118.0,0.1502183406113537,0.9632867132867132,63.94647479461454,55.3875,,
p16,2020-01-22,25556528489,2020-01-22 06:01:30,2020-01-22 14:48:30,7.7,stages,462,65,0,0,65,123.0,83.0,256.0,42.0,3.0,12.333965844402277,0.0,26.623376623376622,17.965367965367964,5.454545454545454,79.0,20.0,18.0,41.0,123.0,0.1004739336492891,1.0,64.04060632072967,56.275,,
p16,2019-11-18,24678735549,2019-11-18 05:20:30,2019-11-18 14:23:00,7.716666666666667,stages,463,79,0,0,79,106.0,62.0,295.0,31.0,2.0,14.575645756457565,0.0,22.89416846652268,13.390928725701944,4.017278617710583,77.0,18.0,20.0,39.0,106.0,0.1470860314523589,0.9843317972350232,62.89659489490951,55.30416666666667,,
p16,2019-12-11,24972533015,2019-12-11 06:18:00,2019-12-11 15:10:30,7.766666666666667,stages,466,66,0,0,66,133.0,58.0,275.0,41.0,3.0,12.406015037593985,0.0,28.540772532188843,12.446351931330472,5.278969957081545,81.0,19.0,21.0,41.0,133.0,0.0953729933899905,0.9389671361502347,62.75815815295816,56.56785714285714,,
p16,2020-02-19,25972201866,2020-02-19 07:27:30,2020-02-19 16:25:30,7.766666666666667,stages,466,72,0,0,72,122.0,73.0,271.0,40.0,1.0,13.382899628252789,0.0,26.180257510729614,15.665236051502147,5.150214592274678,81.0,19.0,22.0,40.0,122.0,0.096564531104921,0.9442379182156134,58.444987984456496,53.45357142857143,,
p16,2020-03-27,26495767462,2020-03-27 03:43:00,2020-03-27 12:19:30,7.816666666666666,stages,469,47,0,0,47,134.0,107.0,228.0,33.0,3.0,9.108527131782946,0.0,28.571428571428573,22.81449893390192,4.221748400852879,86.0,24.0,20.0,42.0,134.0,0.1106758080313418,0.9912875121006776,65.92517790911347,57.61375,,
p16,2019-11-06,24537767497,2019-11-06 02:53:30,2019-11-06 12:39:00,7.833333333333333,stages,470,115,0,0,115,127.0,69.0,274.0,44.0,6.0,19.65811965811966,0.0,27.02127659574468,14.680851063829786,5.617021276595745,74.0,19.0,20.0,35.0,126.0,0.1870196413321947,0.995730145175064,57.7609299933914,51.142857142857146,,
p16,2019-12-04,24890977954,2019-12-04 05:34:30,2019-12-04 14:35:30,7.883333333333334,stages,473,68,0,0,68,106.0,90.0,277.0,46.0,4.0,12.569316081330868,0.0,22.41014799154334,19.027484143763214,5.835095137420718,83.0,20.0,22.0,41.0,106.0,0.0895660203139427,0.977818853974122,59.92617963322122,54.88055555555555,,
p16,2020-01-12,25405143988,2020-01-12 06:18:00,2020-01-12 15:41:00,7.883333333333334,stages,473,90,0,0,90,105.0,62.0,306.0,37.0,8.0,15.985790408525755,0.0,22.198731501057082,13.10782241014799,4.693446088794926,77.0,18.0,21.0,38.0,105.0,0.1053571428571428,0.9982238010657194,60.61535634689549,54.25,,
p16,2020-03-24,26457359082,2020-03-24 02:29:00,2020-03-24 11:36:30,7.9,stages,474,73,0,0,73,116.0,112.0,246.0,48.0,3.0,13.345521023765997,0.0,24.47257383966245,23.628691983122362,6.075949367088607,84.0,23.0,20.0,41.0,115.0,0.1131554737810487,0.9917808219178084,64.60469898936749,56.91818181818181,,
p16,2019-12-26,25151570457,2019-12-26 04:53:30,2019-12-26 14:07:30,7.916666666666667,stages,475,79,0,0,79,130.0,74.0,271.0,41.0,2.0,14.259927797833935,0.0,27.36842105263158,15.578947368421053,5.178947368421053,80.0,20.0,20.0,40.0,130.0,0.1253381424706943,0.9927797833935018,59.27962147448511,53.181666666666665,,
p16,2020-03-02,26152813875,2020-03-02 07:44:00,2020-03-02 16:44:30,7.933333333333334,stages,476,64,0,0,64,150.0,94.0,232.0,37.0,2.0,11.851851851851851,0.0,31.51260504201681,19.747899159663866,4.663865546218487,85.0,23.0,20.0,42.0,150.0,0.0910815939278937,0.9953746530989824,63.18881452603571,55.16309523809524,,
p16,2019-12-31,25220294058,2019-12-31 06:27:30,2019-12-31 15:12:30,7.933333333333334,stages,476,49,0,5,49,132.0,101.0,243.0,37.0,2.0,9.333333333333334,0.0,27.73109243697479,21.218487394957982,4.663865546218487,87.0,23.0,22.0,42.0,132.0,0.0761179828734538,0.9809523809523808,64.07910484876504,58.0,,
p16,2020-02-26,26081978494,2020-02-26 08:08:30,2020-02-26 17:32:30,7.95,stages,477,87,0,3,87,105.0,64.0,308.0,33.0,4.0,15.425531914893616,0.0,22.0125786163522,13.417190775681341,4.150943396226415,76.0,18.0,20.0,38.0,105.0,0.1328609388839681,0.9645390070921984,63.79010635504202,57.0,,
p16,2020-01-24,25587870332,2020-01-24 06:01:00,2020-01-24 15:05:30,7.95,stages,477,67,0,0,67,120.0,77.0,280.0,40.0,3.0,12.316176470588236,0.0,25.157232704402517,16.142557651991613,5.031446540880503,80.0,19.0,20.0,41.0,120.0,0.1204044117647058,0.995408631772268,62.69239043039782,55.71607142857143,,
p16,2019-12-12,24980451031,2019-12-12 05:22:00,2019-12-12 14:30:00,7.966666666666667,stages,478,70,0,4,70,87.0,89.0,302.0,42.0,3.0,12.773722627737227,0.0,18.200836820083683,18.619246861924687,5.2719665271966525,80.0,19.0,20.0,41.0,87.0,0.1261595547309833,0.9890510948905108,61.26971627183806,54.50357142857143,,
p16,2020-01-10,25381188442,2020-01-10 06:53:30,2020-01-10 16:07:00,7.983333333333333,stages,479,74,0,0,74,119.0,74.0,286.0,38.0,3.0,13.381555153707053,0.0,24.843423799582464,15.448851774530272,4.759916492693111,80.0,19.0,21.0,40.0,119.0,0.1120144534778681,0.9467028003613368,59.99384996364958,53.29285714285714,,
p16,2019-12-10,24960211381,2019-12-10 05:18:30,2019-12-10 14:17:30,8.05,stages,483,56,0,0,56,81.0,106.0,296.0,37.0,3.0,10.38961038961039,0.0,16.770186335403725,21.946169772256727,4.596273291925465,88.0,21.0,21.0,46.0,81.0,0.0917516218721038,1.0,62.58011549365909,55.79142857142857,,
p16,2020-03-30,26532874137,2020-03-30 04:58:00,2020-03-30 14:02:00,8.083333333333334,stages,485,59,0,1,59,139.0,94.0,252.0,39.0,2.0,10.845588235294118,0.0,28.65979381443299,19.38144329896907,4.824742268041237,89.0,22.0,21.0,46.0,139.0,0.1119333950046253,0.9981617647058824,65.53567801136862,55.0,,
p16,2020-03-25,26470116596,2020-03-25 02:30:30,2020-03-25 12:04:30,8.183333333333334,stages,491,83,0,3,83,127.0,109.0,255.0,36.0,4.0,14.45993031358885,0.0,25.865580448065174,22.19959266802444,4.3991853360488795,86.0,22.0,20.0,44.0,127.0,0.1122715404699739,0.9982578397212544,66.1748735799783,57.471428571428575,,
p16,2020-03-16,26346406987,2020-03-16 00:38:30,2020-03-16 10:03:30,8.183333333333334,stages,491,74,0,0,74,104.0,122.0,265.0,35.0,4.0,13.097345132743364,0.0,21.181262729124235,24.84725050916497,4.276985743380855,89.0,22.0,23.0,44.0,104.0,0.0813439434129089,1.0,64.70320729418074,58.5,,
p16,2020-02-08,25819341995,2020-02-08 07:55:00,2020-02-08 17:18:30,8.183333333333334,stages,491,72,0,1,72,125.0,110.0,256.0,44.0,2.0,12.788632326820604,0.0,25.45824847250509,22.403258655804482,5.3767820773930755,87.0,23.0,19.0,45.0,125.0,0.1394316163410301,0.9937888198757764,61.22595366934653,53.16547619047619,,
p16,2019-11-05,24526950765,2019-11-05 04:36:30,2019-11-05 13:53:30,8.2,stages,492,65,0,1,65,123.0,78.0,291.0,33.0,3.0,11.669658886894075,0.0,25.0,15.853658536585366,4.024390243902439,86.0,19.0,22.0,45.0,123.0,0.1228699551569506,0.9245960502692998,59.24301608316171,52.833333333333336,,
p16,2019-11-22,24740091015,2019-11-22 04:46:30,2019-11-22 14:31:00,8.233333333333333,stages,494,90,0,0,90,130.0,86.0,278.0,47.0,2.0,15.41095890410959,0.0,26.31578947368421,17.408906882591094,5.708502024291499,83.0,20.0,19.0,44.0,129.0,0.1432246998284734,0.9170230966638152,65.45014679039866,57.66666666666666,,
p16,2019-12-22,25109055415,2019-12-22 05:36:30,2019-12-22 15:02:00,8.25,stages,495,70,0,0,70,137.0,46.0,312.0,36.0,4.0,12.389380530973451,0.0,27.67676767676768,9.292929292929292,4.363636363636363,85.0,19.0,21.0,45.0,137.0,0.1078691423519009,0.9973474801061007,61.18541634685251,54.406666666666666,,
p16,2019-11-13,24622990198,2019-11-13 03:42:00,2019-11-13 13:17:30,8.25,stages,495,80,0,4,80,143.0,107.0,245.0,35.0,5.0,13.91304347826087,0.0,28.88888888888889,21.616161616161616,4.242424242424242,86.0,23.0,19.0,44.0,142.0,0.1320590790616854,0.9730668983492616,64.2622095959596,57.74821428571428,,
p16,2020-03-22,26430272724,2020-03-22 02:01:00,2020-03-22 11:16:30,8.266666666666667,stages,496,59,0,0,59,133.0,87.0,276.0,40.0,3.0,10.63063063063063,0.0,26.81451612903226,17.54032258064516,4.838709677419354,87.0,21.0,20.0,46.0,133.0,0.1226330027051397,0.9954995499549956,62.63793123693667,56.39,,
p16,2020-03-20,26406457719,2020-03-20 01:00:00,2020-03-20 10:50:00,8.266666666666667,stages,496,94,0,0,94,118.0,121.0,257.0,36.0,5.0,15.932203389830509,0.0,23.79032258064516,24.39516129032258,4.354838709677419,86.0,23.0,20.0,43.0,117.0,0.1270247229326513,0.9372881355932204,63.08415894934882,57.16666666666666,,
p16,2019-12-25,25142067603,2019-12-25 06:08:00,2019-12-25 15:30:00,8.4,stages,504,58,0,0,58,132.0,133.0,239.0,40.0,3.0,10.320284697508896,0.0,26.19047619047619,26.38888888888889,4.761904761904762,89.0,24.0,19.0,46.0,132.0,0.105829596412556,0.998220640569395,63.23514956028325,54.5,,
p16,2019-12-21,25098253601,2019-12-21 05:36:30,2019-12-21 15:08:00,8.416666666666666,stages,505,66,0,0,66,154.0,101.0,250.0,48.0,2.0,11.558669001751314,0.0,30.495049504950494,20.0,5.702970297029704,89.0,23.0,21.0,45.0,154.0,0.1076115485564304,0.9956255468066492,62.95610327477638,56.518181818181816,,
p16,2019-11-30,24833412578,2019-11-30 05:27:30,2019-11-30 14:56:30,8.433333333333334,stages,506,63,0,0,63,132.0,119.0,255.0,36.0,4.0,11.072056239015817,0.0,26.08695652173913,23.51778656126482,4.2687747035573125,91.0,24.0,22.0,45.0,132.0,0.0913081650570676,0.9437609841827768,60.73480266888088,54.0,,
p16,2019-11-11,24594632863,2019-11-11 03:43:00,2019-11-11 13:03:30,8.616666666666667,stages,517,43,0,0,43,151.0,122.0,244.0,35.0,1.0,7.678571428571429,0.0,29.20696324951644,23.597678916827853,4.061895551257253,92.0,25.0,21.0,46.0,151.0,0.0898472596585804,0.9509366636931312,61.457651156431645,54.42857142857143,,
p16,2020-03-18,26376901580,2020-03-18 00:42:30,2020-03-18 10:45:30,8.65,stages,519,84,0,0,84,132.0,115.0,272.0,42.0,3.0,13.930348258706468,0.0,25.433526011560694,22.15799614643545,4.855491329479769,87.0,23.0,20.0,44.0,132.0,0.1284175642087821,0.9253731343283582,66.01020031342613,59.269318181818186,,
p16,2020-03-06,26205086378,2020-03-06 02:25:00,2020-03-06 12:27:30,8.7,stages,522,80,0,0,80,107.0,55.0,360.0,47.0,2.0,13.289036544850498,0.0,20.49808429118774,10.53639846743295,5.402298850574713,79.0,17.0,18.0,44.0,107.0,0.1238570241064006,0.9510373443983402,64.57204417649444,55.6,,
p16,2019-12-14,25009192349,2019-12-14 07:06:30,2019-12-14 17:15:30,8.783333333333333,stages,527,82,0,13,82,113.0,103.0,311.0,51.0,3.0,13.464696223316913,0.0,21.44212523719165,19.54459203036053,5.806451612903226,83.0,20.0,19.0,44.0,112.0,0.1468416735028712,0.9671592775041052,65.47152865056091,57.66666666666666,,
p16,2019-11-04,24511591686,2019-11-04 01:37:00,2019-11-04 11:45:00,8.833333333333334,stages,530,78,0,0,78,99.0,90.0,341.0,39.0,4.0,12.828947368421053,0.0,18.67924528301887,16.9811320754717,4.415094339622641,84.0,18.0,21.0,45.0,99.0,0.1258333333333333,0.962171052631579,59.47094109594109,52.6,,
p16,2019-11-29,24821909892,2019-11-29 03:31:00,2019-11-29 13:48:00,8.883333333333333,stages,533,84,0,0,84,142.0,98.0,293.0,40.0,5.0,13.614262560777957,0.0,26.641651031894934,18.386491557223266,4.50281425891182,85.0,21.0,20.0,44.0,142.0,0.1324611610793131,0.987034035656402,63.94254307086819,55.27792207792208,,
p16,2020-03-13,26314263336,2020-03-13 07:41:00,2020-03-13 18:08:00,9.15,stages,549,78,0,0,78,103.0,133.0,313.0,53.0,3.0,12.440191387559809,0.0,18.761384335154826,24.225865209471767,5.7923497267759565,89.0,22.0,22.0,45.0,102.0,0.0981496379726468,0.9920255183413078,62.0111799552716,55.83611111111112,,
p16,2020-03-15,26331542325,2020-03-14 21:53:00,2020-03-15 08:59:30,9.566666666666666,stages,574,92,0,0,92,164.0,79.0,331.0,40.0,6.0,13.813813813813814,0.0,28.571428571428573,13.763066202090592,4.181184668989547,84.0,20.0,21.0,43.0,163.0,0.1217129977460556,0.9962490622655664,64.97506291399364,57.60375,,
p16,2019-11-09,24571641730,2019-11-09 00:42:30,2019-11-09 12:00:00,9.933333333333334,stages,596,81,0,1,81,142.0,125.0,329.0,42.0,3.0,11.964549483013293,0.0,23.825503355704697,20.973154362416107,4.228187919463087,89.0,23.0,21.0,45.0,142.0,0.1101190476190476,0.9874538745387452,60.17402300821584,54.48571428571429,,
p16,2019-12-17,25038100889,2019-12-17 00:33:00,2019-12-17 14:08:30,11.6,stages,696,119,0,0,119,183.0,130.0,383.0,54.0,5.0,14.60122699386503,0.0,26.29310344827586,18.67816091954023,4.655172413793103,86.0,22.0,21.0,43.0,183.0,0.1242973141786383,0.9834457388105456,58.61582690999773,51.0,,
p16,2020-02-11,25851499188,2020-02-11 01:43:30,2020-02-11 15:50:00,12.216666666666669,stages,733,113,0,0,113,178.0,201.0,354.0,53.0,6.0,13.356973995271868,0.0,24.283765347885403,27.42155525238745,4.338335607094134,87.0,25.0,20.0,42.0,178.0,0.1213735938425103,0.9946839929119904,60.996600206338925,51.55777777777778,,
