pid,target,feature,rho,n,p_eff,n_eff,q_bh,q_bh_new_only
p01,comp,sleep_h_lag1,0.04387285813651727,137,0.621398177574031,129.09338322248243,0.7861603794676251,
p01,comp,sleep_h_avg3,0.08403803390324012,136,0.38209195850715993,110.2891659058407,0.6728141008495642,
p01,comp,time_in_bed_h_lag1,0.03577092301550951,137,0.6895451329340536,127.13259914777977,0.7861603794676251,
p01,comp,time_in_bed_h_avg3,0.055164189204048114,136,0.5691460490015487,108.84463590744112,0.7804084277307747,
p01,comp,bedtime_h_lag1,0.0606712347330988,137,0.49724218920799856,127.45645098275466,0.759936175959394,
p01,comp,bedtime_h_avg3,0.042735225207327046,136,0.6593778230969708,108.780764283629,0.7861603794676251,
p01,comp,sleep_eff_lag1,0.029350436304841823,137,0.7401856171022115,130.09366560214997,0.8213018491134128,
p01,comp,sleep_eff_avg3,-0.04115963634017652,136,0.6723956648170129,107.95854061355955,0.7861603794676251,
p01,comp,rhr_night_lag1,0.20968437606309587,137,0.02772435144230342,110.25407324371275,0.12113992480177094,
p01,comp,rhr_night_avg3,0.2823797188584515,136,0.004134244607697908,101.46240991587649,0.06697476264470612,
p01,comp,steps_lag1,-0.026936313614616653,133,0.7610833168111987,129.87287450893066,0.82195149659482,
p01,comp,steps_avg3,0.10357906433265508,136,0.2856706232864804,108.1771320710069,0.5509362020524979,
p01,comp,lightly_lag1,0.15283987611322947,133,0.1000917267756121,116.89732250224198,0.27024766229415265,
p01,comp,lightly_avg3,0.19054949415621492,136,0.05423288439227167,102.68776565559381,0.1830359848239169,
p01,comp,mvpa_lag1,-0.11632040233338752,133,0.18695654245690851,130.33110402978474,0.39851262997393655,
p01,comp,mvpa_avg3,0.028160605203905467,136,0.7712137498914361,109.08367791692854,0.82195149659482,
p01,comp,very_lag1,-0.19978921538854053,133,0.02115495662176224,132.95232289141072,0.12113992480177094,
p01,comp,very_avg3,-0.043907172146124766,136,0.6492899914783896,109.6638021424469,0.7861603794676251,
p01,comp,srpe_load_lag1,-0.32225198321632453,119,0.0003514567598371986,119.0,0.028467997546813086,
p01,comp,srpe_load_avg3,-0.14084739275092462,119,0.14956200576008818,106.13975294518828,0.3461292133304898,
p01,comp,ex_min_nonwalk_lag1,-0.3062103057286951,119,0.0007070302334653676,119.0,0.028634724455347385,
p01,comp,ex_min_nonwalk_avg3,-0.17904097764683316,119,0.06566389886836409,106.49204415076338,0.21275103233349962,
p01,comp,sedentary_lag1,-0.07034292139473405,131,0.4415051246806193,121.91780428946412,0.7152383019826033,
p01,comp,sedentary_avg3,-0.20078984875484435,134,0.038022480754054476,107.08585595482683,0.15399104705392064,
p01,comp,deep_min_lag1,-0.047930445110220904,137,0.5780803168376109,137.0,0.7804084277307747,0.7488767740850868
p01,comp,deep_min_avg3,-0.0582951789596293,136,0.5419478084115956,111.76106274994476,0.7804084277307747,0.7433539920701157
p01,comp,rem_min_lag1,-0.2111706975634546,137,0.013422170476905153,136.49271292189877,0.11679523182187154,0.11569183294560662
p01,comp,rem_min_avg3,-0.1706300157685937,136,0.07486866700073205,109.88356146605354,0.21658435810926058,0.21337570095208633
p01,comp,light_min_lag1,0.18736542503429032,137,0.028415537916464784,136.8877516449617,0.12113992480177094,0.11569183294560662
p01,comp,light_min_avg3,0.1871948635826745,136,0.04919995088950588,110.94847084667946,0.18114527372954436,0.17527482504386468
p01,comp,deep_pct_lag1,-0.03335393140210048,137,0.6988092261934445,137.0,0.7861603794676251,0.7810220763338498
p01,comp,deep_pct_avg3,-0.04706306791351592,136,0.6221692970899712,112.01062262378457,0.7861603794676251,0.7545457432793267
p01,comp,rem_pct_lag1,-0.22889254215467703,137,0.007136953919990983,137.0,0.09634887791987827,0.11569183294560662
p01,comp,rem_pct_avg3,-0.22040016000091053,136,0.020062131462249926,111.06997782272362,0.12113992480177094,0.11569183294560662
p01,comp,wake_min_lag1,-0.06500036226813692,137,0.4603068069522792,131.25388528327719,0.7310755169242081,0.7091212971967544
p01,comp,wake_min_avg3,-0.10711668052592828,136,0.26726094127057803,109.1463237202415,0.5412034060729205,0.5204965109201206
p01,comp,wake_pct_lag1,-0.07994977809590889,137,0.35304375435440677,137.0,0.6467954853722873,0.6206623344481543
p01,comp,wake_pct_avg3,-0.13903870365954418,136,0.1452041872147839,111.19715575836976,0.34592762248227926,0.3310655468497073
p01,comp,wake_count_lag1,0.07028414721362695,137,0.4312478000115272,127.58921120487489,0.7152383019826033,0.6950946285898796
p01,comp,wake_count_avg3,0.030392457192732942,136,0.7563936247708511,106.63633183266558,0.82195149659482,0.8291237809988176
p01,comp,wake_long_n_lag1,-0.0944328079045776,137,0.27394553206322136,136.11586497705053,0.5412094657834374,0.5204965109201206
p01,comp,wake_long_n_avg3,-0.24894696196488741,136,0.008835657390203306,109.65365833447568,0.10224117837235254,0.11569183294560662
p01,comp,wake_per_h_lag1,0.07228742937693249,137,0.41654374328646476,128.48162915877688,0.7152383019826033,0.6950946285898796
p01,comp,wake_per_h_avg3,0.02416963743953147,136,0.8051260514883847,106.6672840174428,0.8469507814358332,0.8658902817893949
p01,comp,min_after_wake_lag1,0.1700800560338872,137,0.05228580808369549,130.8148089311092,0.1830359848239169,0.17531123886886135
p01,comp,min_after_wake_avg3,0.1360071083185845,136,0.1553860628019419,110.60938235000694,0.34961864130436926,0.34065406075810334
p01,comp,ss_overall_lag1,0.00253604297695902,137,0.976737213078584,134.70525739163884,0.976737213078584,0.976737213078584
p01,comp,ss_overall_avg3,0.0407050018962508,136,0.6721253115770087,110.51856577702112,0.7861603794676251,0.7762196022186713
p01,comp,ss_composition_lag1,-0.2086371536042025,137,0.014419164422453279,137.0,0.11679523182187154,0.11569183294560662
p01,comp,ss_composition_avg3,-0.19330383717129368,136,0.043010354599878814,110.0271389904378,0.165897082028104,0.1634393474795395
p01,comp,ss_revitalization_lag1,0.1879133972536123,137,0.027881846590491793,137.0,0.12113992480177094,0.11569183294560662
p01,comp,ss_revitalization_avg3,0.118156375738144,136,0.20906274776420278,114.7304071416846,0.4342072453564212,0.42559202223426995
p01,comp,ss_duration_lag1,0.062300323704196955,137,0.4745834437850802,133.97220366372233,0.7392549797421442,0.7118751656776203
p01,comp,ss_duration_avg3,0.1408294054514194,136,0.13886973022951227,111.84374250920403,0.34086206510880285,0.3298156092950916
p01,comp,ss_deep_lag1,-0.050723136600971976,137,0.5561038963959831,137.0,0.7804084277307747,0.7433539920701157
p01,comp,ss_deep_avg3,-0.06156186010648705,136,0.5198275364164251,111.59236815608313,0.7797413046246376,0.7433539920701157
p01,comp,ss_restless_lag1,-0.0680394121695616,137,0.43900713384623974,131.56391379615778,0.7152383019826033,0.6950946285898796
p01,comp,ss_restless_avg3,-0.04023575212236871,136,0.6808943879111151,106.87960950320266,0.7861603794676251,0.7762196022186713
p01,comp,hr_sleep_mean_lag1,-0.011878196590231677,137,0.8944861800971647,127.16568355606165,0.9056672573483793,0.9104591475988998
p01,comp,hr_sleep_mean_avg3,0.06058198832564993,136,0.5368874883580282,106.2099237618598,0.7804084277307747,0.7433539920701157
p01,comp,hr_sleep_p5_lag1,-0.015073769541998393,137,0.8641592220713086,131.299055730859,0.8860366707313417,0.8955831937829924
p01,comp,hr_sleep_p5_avg3,0.12864129359052867,136,0.18565993439826403,107.4733354854323,0.39851262997393655,0.3919487503963352
p01,comp,z_fatburn_lag1,0.047708331187890744,133,0.5932915642464289,127.67368221241128,0.7861603794676251,0.7515026480454766
p01,comp,z_fatburn_avg3,0.17359542183676854,136,0.07311413062730465,107.4587800227359,0.21658435810926058,0.21337570095208633
p01,comp,z_cardio_lag1,-0.1969631400232796,133,0.02306503223518375,133.0,0.12113992480177094,0.11569183294560662
p01,comp,z_cardio_avg3,-0.16065996270269745,136,0.09007369371257262,112.36359064202357,0.25158514450753044,0.24448574007698282
p01,comp,z_peak_lag1,-0.2024015134052219,133,0.019469838658058437,133.0,0.12113992480177094,0.11569183294560662
p01,comp,z_peak_avg3,-0.213340586915334,136,0.02308204527507068,113.31790123676909,0.12113992480177094,0.11569183294560662
p01,comp,z_cardio_peak_lag1,-0.19341342223154684,133,0.025707372851023983,133.0,0.12113992480177094,0.11569183294560662
p01,comp,z_cardio_peak_avg3,-0.17049403082311126,136,0.07233050701849726,111.96973441172636,0.21658435810926058,0.21337570095208633
p01,comp,ex_user_min_lag1,-0.25692969988483183,133,0.002832335256622668,133.0,0.06697476264470612,0.11569183294560662
p01,comp,ex_user_min_avg3,-0.2655470639883237,136,0.004117587318466811,115.0597141928624,0.06697476264470612,0.11569183294560662
p01,comp,ex_avg_hr_lag1,-0.07549457804628405,34,0.6713133625976352,34.0,0.7861603794676251,0.7762196022186713
p01,comp,ex_cp_min_lag1,-0.21625006539367408,133,0.01241820921553643,133.0,0.11679523182187154,0.11569183294560662
p01,comp,ex_cp_min_avg3,-0.14263117216549887,136,0.13246559651157921,112.61922678266635,0.3353035411699349,0.3282843043982615
p01,comp,hr_day_mean_lag1,-0.08276487389091025,133,0.34719048845262535,131.06311359941404,0.6467954853722873,0.6206623344481543
p01,comp,hr_day_mean_avg3,0.05579823612759942,136,0.56077581857921,111.00743132569042,0.7804084277307747,0.7433539920701157
p01,comp,hr_day_p10_lag1,-0.1383699543858589,133,0.12146286615314239,126.56021533104051,0.31737071478724305,0.31469924412405076
p01,comp,hr_day_p10_avg3,-0.048365430866074484,136,0.617166875532623,109.19148777491144,0.7861603794676251,0.7545457432793267
p01,comp,hr_dip_lag1,-0.08011120754437599,133,0.35933082520682624,133.0,0.6467954853722873,0.6206623344481543
p01,comp,hr_dip_avg3,-0.016439320400778393,136,0.8617794026505933,114.65385251160991,0.8860366707313417,0.8955831937829924
p01,mood,sleep_h_lag1,0.06069657193543704,137,0.4908043515694525,131.13021429858154,0.8336240963675962,
p01,mood,sleep_h_avg3,-0.022600466522365376,136,0.8088052386303399,117.09472128408575,0.9381735418113585,
p01,mood,time_in_bed_h_lag1,0.021230639839855937,137,0.8107672583554949,129.66061748135596,0.9381735418113585,
p01,mood,time_in_bed_h_avg3,-0.04093567723752605,136,0.6626177081368803,116.00150517001843,0.9096954976116491,
p01,mood,bedtime_h_lag1,0.050908578429957586,137,0.5652933184256398,129.90372790958878,0.875227803173054,
p01,mood,bedtime_h_avg3,0.05144236931603101,136,0.5834852021153694,115.95308882090549,0.875227803173054,
p01,mood,sleep_eff_lag1,0.005715444767396742,137,0.948165457472867,131.8777733244777,0.9721696462696483,
p01,mood,sleep_eff_avg3,-0.052382161511706146,136,0.5776679362513666,115.3292268925891,0.875227803173054,
p01,mood,rhr_night_lag1,0.10809422354327396,137,0.24648559051983326,116.77524246067034,0.7268974374567877,
p01,mood,rhr_night_avg3,0.05507537591292817,136,0.5670307410879913,110.36115107072378,0.875227803173054,
p01,mood,steps_lag1,0.1118668274888247,133,0.20467029186942148,130.24501123025874,0.7268974374567877,
p01,mood,steps_avg3,0.18172810863691638,136,0.05141284577332542,115.49519092941674,0.5773941645311603,
p01,mood,lightly_lag1,0.28005537696373906,133,0.002061742665713463,118.7297623551654,0.16700115592279052,
p01,mood,lightly_avg3,0.24097791129160415,136,0.01073080489455116,111.30362425884294,0.434597598229322,
p01,mood,mvpa_lag1,-0.0078621426631712,133,0.9290791042404073,130.64919780306622,0.9721696462696483,
p01,mood,mvpa_avg3,0.1256580824107902,136,0.1785808739671646,116.1826461526855,0.7268974374567877,
p01,mood,very_lag1,-0.041704565152252654,133,0.633681606637665,132.95805507544844,0.8849691403043254,
p01,mood,very_avg3,0.0874214444677247,136,0.3494266720732334,116.62186474587419,0.7284470551492979,
p01,mood,srpe_load_lag1,-0.10594872038799436,119,0.251466076334638,119.0,0.7268974374567877,
p01,mood,srpe_load_avg3,0.10486962100117977,119,0.29986617285544126,99.68897007317767,0.7268974374567877,
p01,mood,ex_min_nonwalk_lag1,0.02738878349618953,119,0.7674758836808362,119.0,0.9381735418113585,
p01,mood,ex_min_nonwalk_avg3,0.12455805492625077,119,0.2164505713926063,100.20321928093855,0.7268974374567877,
p01,mood,sedentary_lag1,-0.17404771668825064,131,0.05345909496276148,123.7395265853714,0.5773941645311603,
p01,mood,sedentary_avg3,-0.22206250629276636,134,0.017931493633866608,113.29230443292383,0.4841503281143984,
p01,mood,deep_min_lag1,0.008244160765352953,137,0.9238280215205388,137.0,0.9721696462696483,0.9813791108445451
p01,mood,deep_min_avg3,-0.04631087511015471,136,0.6181887251876595,118.20516257838837,0.8849691403043254,0.8934737635586295
p01,mood,rem_min_lag1,-0.07495895486670233,137,0.38465697988338654,136.62607423006398,0.7599320822086417,0.7430693760364703
p01,mood,rem_min_avg3,-0.07699437938194378,136,0.4097453768128774,116.78810391273876,0.7679568670998926,0.7430693760364703
p01,mood,light_min_lag1,0.1055224501343662,137,0.21988126885790002,136.91729215588745,0.7268974374567877,0.7347400664987649
p01,mood,light_min_avg3,0.034325311119942796,136,0.7126074999400503,117.59255396735843,0.9309872176636141,0.9372882929683232
p01,mood,deep_pct_lag1,-0.0038247496995619185,137,0.9646194229145811,137.0,0.9766771657010134,0.9818447697523415
p01,mood,deep_pct_avg3,-0.014356638016327607,136,0.877165728790552,118.39309003474213,0.9721696462696483,0.9813791108445451
p01,mood,rem_pct_lag1,-0.07865412859782471,137,0.3609249449467617,137.0,0.7308730135171924,0.7347400664987649
p01,mood,rem_pct_avg3,-0.0918789731240526,136,0.3230655277585723,117.684225394933,0.7268974374567877,0.7347400664987649
p01,mood,wake_min_lag1,-0.13656529765744932,137,0.11737427474294343,132.7430513294234,0.7268974374567877,0.7347400664987649
p01,mood,wake_min_avg3,-0.12613146966295222,136,0.17684685087840626,116.23010240752191,0.7268974374567877,0.7347400664987649
p01,mood,wake_pct_lag1,-0.15860095449936687,137,0.06415490717012892,137.0,0.5773941645311603,0.7347400664987649
p01,mood,wake_pct_avg3,-0.10265522708740854,136,0.2691065105431389,117.78014968121657,0.7268974374567877,0.7347400664987649
p01,mood,wake_count_lag1,0.005893081460742408,137,0.9469447560780698,130.00334477945987,0.9721696462696483,0.9813791108445451
p01,mood,wake_count_avg3,-0.028888294323109753,136,0.759947626766357,114.32368018561188,0.9381735418113585,0.9416742331670076
p01,mood,wake_long_n_lag1,-0.14390946743728367,137,0.0941979698740818,136.34806013453704,0.7023136396008823,0.7347400664987649
p01,mood,wake_long_n_avg3,-0.18194341081649956,136,0.04999601302769028,116.61418946228382,0.5773941645311603,0.7347400664987649
p01,mood,wake_per_h_lag1,-0.015132490955432343,137,0.863964093367456,130.67230718801068,0.9721696462696483,0.9813791108445451
p01,mood,wake_per_h_avg3,0.03137516286942338,136,0.7399644418170973,114.34725227891542,0.9365174966747638,0.9372882929683232
p01,mood,min_after_wake_lag1,0.11202197973183559,137,0.2002379229546568,132.41582165706234,0.7268974374567877,0.7347400664987649
p01,mood,min_after_wake_avg3,0.11173595667083713,136,0.22969135105209948,117.33660068953559,0.7268974374567877,0.7347400664987649
p01,mood,ss_overall_lag1,0.03027922471231826,137,0.7270719799610948,135.30561378764426,0.9348068313785506,0.9372882929683232
p01,mood,ss_overall_avg3,-0.07147098886618194,136,0.4432882262234359,117.26801818961859,0.7979188072021847,0.7656796634768438
p01,mood,ss_composition_lag1,-0.06309333951296672,137,0.4638925426689168,137.0,0.8168542599170057,0.7777022038861252
p01,mood,ss_composition_avg3,-0.12617249261270988,136,0.17544197190772937,116.89667216224767,0.7268974374567877,0.7347400664987649
p01,mood,ss_revitalization_lag1,-0.0018989389884683792,137,0.9824297070585759,137.0,0.9824297070585759,0.9824297070585759
p01,mood,ss_revitalization_avg3,-0.09291228701823165,136,0.31192055626551696,120.43467949979768,0.7268974374567877,0.7347400664987649
p01,mood,ss_duration_lag1,0.11518363365229416,137,0.1838120706511454,134.76276428527342,0.7268974374567877,0.7347400664987649
p01,mood,ss_duration_avg3,0.022675228147667613,136,0.8072251867075255,118.26743452419493,0.9381735418113585,0.9585799092151865
p01,mood,ss_deep_lag1,0.00669595316328509,137,0.9381009976906474,137.0,0.9721696462696483,0.9813791108445451
p01,mood,ss_deep_avg3,-0.0451787553712453,136,0.6269991323218452,118.0780725292699,0.8849691403043254,0.8934737635586295
p01,mood,ss_restless_lag1,-0.05860582522932251,137,0.5028546937443065,132.97393857550117,0.8336240963675962,0.7984609400393334
p01,mood,ss_restless_avg3,0.06303114017437393,136,0.5042911200248421,114.50890945404416,0.8336240963675962,0.7984609400393334
p01,mood,hr_sleep_mean_lag1,-0.007959595665638511,137,0.9284721112931167,129.68546042546822,0.9721696462696483,0.9813791108445451
p01,mood,hr_sleep_mean_avg3,0.04878565787210917,136,0.6062371683752046,113.99878249879161,0.8849691403043254,0.8934737635586295
p01,mood,hr_sleep_p5_lag1,0.10054178758303192,137,0.24994034728915976,132.77669968219945,0.7268974374567877,0.7347400664987649
p01,mood,hr_sleep_p5_avg3,0.11539731973290329,136,0.21949514827048208,114.96055879554498,0.7268974374567877,0.7347400664987649
p01,mood,z_fatburn_lag1,0.05704725533806128,133,0.5219274898085308,128.3028526275569,0.8455225334898198,0.8040504572726015
p01,mood,z_fatburn_avg3,0.1562983698851672,136,0.09537592636555192,114.9494933194665,0.7023136396008823,0.7347400664987649
p01,mood,z_cardio_lag1,0.03331064912489779,133,0.7034729153173572,133.0,0.9309872176636141,0.9372882929683232
p01,mood,z_cardio_avg3,0.09162766597977733,136,0.3223582435766084,118.65871576315516,0.7268974374567877,0.7347400664987649
p01,mood,z_peak_lag1,-0.022473609385335748,133,0.7973607669803828,133.0,0.9381735418113585,0.9585799092151865
p01,mood,z_peak_avg3,-0.012014601983356904,136,0.8966501948953385,119.37587551026685,0.9721696462696483,0.9813791108445451
p01,mood,z_cardio_peak_lag1,0.033257151238220366,133,0.7039268926183295,133.0,0.9309872176636141,0.9372882929683232
p01,mood,z_cardio_peak_avg3,0.07600766358535302,136,0.4125972479697851,118.3623066503652,0.7679568670998926,0.7430693760364703
p01,mood,ex_user_min_lag1,-0.10907495034906174,133,0.21138274180523048,133.0,0.7268974374567877,0.7347400664987649
p01,mood,ex_user_min_avg3,-0.08568077559218985,136,0.3507337672941064,120.68106589567992,0.7284470551492979,0.7347400664987649
p01,mood,ex_avg_hr_lag1,-0.3802935759557034,34,0.026511409579728806,34.0,0.5368560439895084,0.7347400664987649
p01,mood,ex_cp_min_lag1,-0.0709343077214876,133,0.41716175496784297,133.0,0.7679568670998926,0.7430693760364703
p01,mood,ex_cp_min_avg3,0.08775343087594432,136,0.34292702391924584,118.85096896608975,0.7284470551492979,0.7347400664987649
p01,mood,hr_day_mean_lag1,0.08943380928203691,133,0.30915008104880554,131.29452747097207,0.7268974374567877,0.7347400664987649
p01,mood,hr_day_mean_avg3,0.1721160530566294,136,0.06277822404013103,117.63703992615814,0.5773941645311603,0.7347400664987649
p01,mood,hr_day_p10_lag1,0.09150536949354096,133,0.3056125800865565,127.31804689645286,0.7268974374567877,0.7347400664987649
p01,mood,hr_day_p10_avg3,0.13472673643239694,136,0.14885216768257883,116.26431169435443,0.7268974374567877,0.7347400664987649
p01,mood,hr_dip_lag1,0.08993520314636727,133,0.3032537577150608,133.0,0.7268974374567877,0.7347400664987649
p01,mood,hr_dip_avg3,0.11003245632073741,136,0.23080608339525147,120.37737672289386,0.7268974374567877,0.7347400664987649
p04,comp,sleep_h_lag1,0.08563602008405759,123,0.346303478064536,123.0,0.8589062376559331,
p04,comp,sleep_h_avg3,0.016191708426921723,131,0.8566403946688511,126.9634452662079,0.9683119419007312,
p04,comp,time_in_bed_h_lag1,0.09121925422545014,123,0.31565116213803196,123.0,0.8589062376559331,
p04,comp,time_in_bed_h_avg3,0.02387583171318829,131,0.790102723573032,126.75027192442431,0.9683119419007312,
p04,comp,bedtime_h_lag1,-0.1807230317510243,123,0.04546212200993604,123.0,0.6213156674691259,
p04,comp,bedtime_h_avg3,-0.2575901289702425,131,0.003446341004698809,127.09736388099053,0.28259996238530233,
p04,comp,sleep_eff_lag1,0.08519619473250473,123,0.34879517021407946,123.0,0.8589062376559331,
p04,comp,sleep_eff_avg3,0.18183626403272476,131,0.0413044460314079,126.32442160436645,0.6213156674691259,
p04,comp,rhr_night_lag1,-0.055722522495855936,123,0.5404328321668984,123.0,0.9683119419007312,
p04,comp,rhr_night_avg3,-0.08775466997125421,131,0.33007750828207655,125.20363156335006,0.8589062376559331,
p04,comp,steps_lag1,0.0726223987770076,130,0.4115833270567081,130.0,0.9374953560736129,
p04,comp,steps_avg3,0.06262169518119627,135,0.47632533989643955,131.6006060584852,0.9683119419007312,
p04,comp,lightly_lag1,0.08831224632545161,130,0.3177252726335554,130.0,0.8589062376559331,
p04,comp,lightly_avg3,0.11516395951524645,135,0.18988346723997812,131.21247418864206,0.8589062376559331,
p04,comp,mvpa_lag1,0.10310502202584906,130,0.24307382293309326,130.0,0.8589062376559331,
p04,comp,mvpa_avg3,-0.037715627596058926,135,0.6676803960287322,131.98956561901062,0.9683119419007312,
p04,comp,very_lag1,0.1245559782170451,130,0.15796606856795506,130.0,0.8589062376559331,
p04,comp,very_avg3,-0.026254436081080922,135,0.7649903058614858,132.09628811551084,0.9683119419007312,
p04,comp,srpe_load_lag1,0.02031431494894536,141,0.8110307112004967,141.0,0.9683119419007312,
p04,comp,srpe_load_avg3,-0.016521447370548524,140,0.8490294779532872,135.23290967335885,0.9683119419007312,
p04,comp,ex_min_nonwalk_lag1,-0.01780441305956026,137,0.8363986225018367,137.0,0.9683119419007312,
p04,comp,ex_min_nonwalk_avg3,-0.08459506585055422,136,0.3363419610898383,131.1979567762092,0.8589062376559331,
p04,comp,sedentary_lag1,-0.09045075462396257,123,0.31976251267633127,123.0,0.8589062376559331,
p04,comp,sedentary_avg3,-0.11476450059779336,132,0.1959519242301056,128.62919147458592,0.8589062376559331,
p04,comp,deep_min_lag1,0.18991528950936237,123,0.03538330038275647,123.0,0.6213156674691259,0.7109585525218644
p04,comp,deep_min_avg3,0.165473470623698,131,0.06336144299128141,126.65934506607569,0.6506419283771487,0.7109585525218644
p04,comp,rem_min_lag1,0.022491897678470818,123,0.8049612495860549,123.0,0.9683119419007312,0.9936933604026986
p04,comp,rem_min_avg3,0.028979497667494424,131,0.7463249350451158,127.05216674508391,0.9683119419007312,0.9936933604026986
p04,comp,light_min_lag1,-0.007030223761456223,123,0.9384852804178156,123.0,0.9865736706843629,0.9936933604026986
p04,comp,light_min_avg3,-0.1176841476373058,131,0.18747673957024458,127.07114177313521,0.8589062376559331,0.9590476595534382
p04,comp,deep_pct_lag1,0.11288399975307287,123,0.21381662965715584,123.0,0.8589062376559331,0.9590476595534382
p04,comp,deep_pct_avg3,0.18400154579985242,131,0.03845527142420984,126.89942841162491,0.6213156674691259,0.7109585525218644
p04,comp,rem_pct_lag1,-0.008470853905291627,123,0.9259125036343051,123.0,0.9860366921819873,0.9936933604026986
p04,comp,rem_pct_avg3,0.09606540875241038,131,0.28358320893528904,126.51828997811313,0.8589062376559331,0.9936933604026986
p04,comp,wake_min_lag1,0.09617485608095129,123,0.28996645558386186,123.0,0.8589062376559331,0.9936933604026986
p04,comp,wake_min_avg3,0.03137122170527495,131,0.7269494317722394,126.33234960631117,0.9683119419007312,0.9936933604026986
p04,comp,wake_pct_lag1,-0.0015372070256922785,123,0.9865368259130147,123.0,0.9936933604026985,0.9936933604026986
p04,comp,wake_pct_avg3,-0.004226899441448399,131,0.9625108982286468,126.15123556361412,0.9865736706843629,0.9936933604026986
p04,comp,wake_count_lag1,0.02647618599633466,123,0.7712900033624732,123.0,0.9683119419007312,0.9936933604026986
p04,comp,wake_count_avg3,0.005034197150885658,131,0.9553760481691161,126.0491102749086,0.9865736706843629,0.9936933604026986
p04,comp,wake_long_n_lag1,-0.06415954211233454,123,0.48079452976562154,123.0,0.9683119419007312,0.9936933604026986
p04,comp,wake_long_n_avg3,0.041712613671086356,131,0.6418859121943113,126.69611766890462,0.9683119419007312,0.9936933604026986
p04,comp,wake_per_h_lag1,-0.040709976123314284,123,0.6548238496853753,123.0,0.9683119419007312,0.9936933604026986
p04,comp,wake_per_h_avg3,-0.009684856524790716,131,0.9142344010572914,126.15556163023126,0.9860366921819873,0.9936933604026986
p04,comp,min_after_wake_lag1,-0.015830392125149136,123,0.8620338019360168,123.0,0.9683119419007312,0.9936933604026986
p04,comp,min_after_wake_avg3,0.03146716709156916,131,0.724575501521634,127.81859560598535,0.9683119419007312,0.9936933604026986
p04,comp,ss_overall_lag1,0.08935153023598646,123,0.3257030327730006,123.0,0.8589062376559331,0.9936933604026986
p04,comp,ss_overall_avg3,0.0327589955825464,131,0.7146020166395558,127.04043370440776,0.9683119419007312,0.9936933604026986
p04,comp,ss_composition_lag1,0.052686359342773915,123,0.5627538076697947,123.0,0.9683119419007312,0.9936933604026986
p04,comp,ss_composition_avg3,0.11652744785047667,131,0.19244682731619073,126.75426198728078,0.8589062376559331,0.9590476595534382
p04,comp,ss_revitalization_lag1,0.02277584362673771,123,0.802548958679302,123.0,0.9683119419007312,0.9936933604026986
p04,comp,ss_revitalization_avg3,0.03439588161170563,131,0.6999348185013796,127.97839075443578,0.9683119419007312,0.9936933604026986
p04,comp,ss_duration_lag1,0.059929073814408325,123,0.510248087512084,123.0,0.9683119419007312,0.9936933604026986
p04,comp,ss_duration_avg3,-0.017498680868052587,131,0.8450706203540127,127.18685808738283,0.9683119419007312,0.9936933604026986
p04,comp,ss_deep_lag1,0.19157192216783261,123,0.03378376337771888,123.0,0.6213156674691259,0.7109585525218644
p04,comp,ss_deep_avg3,0.16540467582032256,131,0.06347726130508768,126.65530301113472,0.6506419283771487,0.7109585525218644
p04,comp,ss_restless_lag1,-0.12021328725715077,123,0.18536179243778325,123.0,0.8589062376559331,0.9590476595534382
p04,comp,ss_restless_avg3,-0.08510658190104099,131,0.34227959722445056,126.56166611128941,0.8589062376559331,0.9936933604026986
p04,comp,hr_sleep_mean_lag1,-0.04868217850408652,122,0.5943848405495158,122.0,0.9683119419007312,0.9936933604026986
p04,comp,hr_sleep_mean_avg3,0.05805818033568115,131,0.5187506057891771,125.81685458665532,0.9683119419007312,0.9936933604026986
p04,comp,hr_sleep_p5_lag1,0.032139437787005135,122,0.7252672521767659,122.0,0.9683119419007312,0.9936933604026986
p04,comp,hr_sleep_p5_avg3,0.07402716191651602,131,0.41024745724815476,125.89679750364041,0.9374953560736129,0.9936933604026986
p04,comp,z_fatburn_lag1,0.0189051669827195,130,0.8309453331850443,130.0,0.9683119419007312,0.9936933604026986
p04,comp,z_fatburn_avg3,-0.008664022587404258,135,0.9215385673764034,131.73410788715242,0.9860366921819873,0.9936933604026986
p04,comp,z_cardio_lag1,0.1574825480783105,130,0.07354743646777907,130.0,0.6700988655953205,0.7109585525218644
p04,comp,z_cardio_avg3,0.10482948971047606,135,0.23074825099980745,132.47475085931015,0.8589062376559331,0.9590476595534382
p04,comp,z_peak_lag1,0.03546892406885562,130,0.6886938719993434,130.0,0.9683119419007312,0.9936933604026986
p04,comp,z_peak_avg3,0.10459663607884429,135,0.2314942626508299,132.6403929843069,0.8589062376559331,0.9590476595534382
p04,comp,z_cardio_peak_lag1,0.13790916883412205,130,0.11765183911115112,130.0,0.8589062376559331,0.9590476595534382
p04,comp,z_cardio_peak_avg3,0.10964836346639552,135,0.20988393222994398,132.4816628710051,0.8589062376559331,0.9590476595534382
p04,comp,ex_user_min_lag1,0.083634498285175,130,0.34413387032166215,130.0,0.8589062376559331,0.9936933604026986
p04,comp,ex_user_min_avg3,0.010422195470981827,135,0.9054501743012562,132.37829881747012,0.9860366921819873,0.9936933604026986
p04,comp,ex_avg_hr_lag1,-0.0809660908086346,78,0.48100540306229583,78.0,0.9683119419007312,0.9936933604026986
p04,comp,ex_avg_hr_avg3,0.060938461044060054,82,0.5865408683258266,82.0,0.9683119419007312,0.9936933604026986
p04,comp,ex_cp_min_lag1,-0.0007000122800962939,130,0.9936933604026986,130.0,0.9936933604026985,0.9936933604026986
p04,comp,ex_cp_min_avg3,0.08081776811000488,135,0.35613185463782593,132.4386348290975,0.8589062376559331,0.9936933604026986
p04,comp,hr_day_mean_lag1,-0.033052225788483804,128,0.7111022239149256,128.0,0.9683119419007312,0.9936933604026986
p04,comp,hr_day_mean_avg3,-0.057228957415893,133,0.5153172315345028,131.51931072006957,0.9683119419007312,0.9936933604026986
p04,comp,hr_day_p10_lag1,0.01795787246739543,128,0.8405474314851233,128.0,0.9683119419007312,0.9936933604026986
p04,comp,hr_day_p10_avg3,-0.053501813015905335,133,0.5431327662657949,131.49177391924746,0.9683119419007312,0.9936933604026986
p04,comp,hr_dip_lag1,0.07395865190701516,117,0.42807960912707727,117.0,0.9487169715789281,0.9936933604026986
p04,comp,hr_dip_avg3,-0.043414641206739366,129,0.6288500941496702,126.33128356518684,0.9683119419007312,0.9936933604026986
p04,mood,sleep_h_lag1,-0.033295395762030985,123,0.7156687503453871,122.11735844596164,0.93011708848932,
p04,mood,sleep_h_avg3,-0.022988115415046396,131,0.8077921641421477,114.46182768864824,0.9776690400075615,
p04,mood,time_in_bed_h_lag1,-0.03600891103273406,123,0.6941023562968653,121.71445406189032,0.9243311983621749,
p04,mood,time_in_bed_h_avg3,-0.020512916901025482,131,0.8287771534771751,113.63288355465536,0.9776690400075615,
p04,mood,bedtime_h_lag1,-0.13919170572708342,123,0.1261819818753807,122.04434657267495,0.4927105958943437,
p04,mood,bedtime_h_avg3,-0.2919699599644839,131,0.0015460674757149543,114.98475610307253,0.12677753300862626,
p04,mood,sleep_eff_lag1,0.07989315979028086,123,0.3836946047108933,121.00353191582595,0.7102595762649029,
p04,mood,sleep_eff_avg3,0.1281903442820107,131,0.17800604869431774,111.98953338515678,0.5739919671475149,
p04,mood,rhr_night_lag1,-0.1627956898255861,123,0.08143309272304079,115.53090581387016,0.4927105958943437,
p04,mood,rhr_night_avg3,-0.18919966414040706,131,0.0501476225202217,107.74307186452945,0.4927105958943437,
p04,mood,steps_lag1,0.19399495830457522,130,0.028365038419955187,127.77585607961468,0.4927105958943437,
p04,mood,steps_avg3,0.1676983685438545,135,0.06976348422095822,117.78216795435091,0.4927105958943437,
p04,mood,lightly_lag1,0.13853087171533893,130,0.12474089911975199,124.12280977204195,0.4927105958943437,
p04,mood,lightly_avg3,0.15087095333422743,135,0.10607364662165117,115.92915270268965,0.4927105958943437,
p04,mood,mvpa_lag1,0.0980538205161911,130,0.2670573098192049,130.0,0.5813923951597532,
p04,mood,mvpa_avg3,0.0043638334886116955,135,0.9623259040589767,119.66126855418062,0.9817224715620451,
p04,mood,very_lag1,0.09614695419750936,130,0.27651589525890696,130.0,0.5813923951597532,
p04,mood,very_avg3,0.010319324427764153,135,0.9108643859669414,120.18078148885888,0.9776690400075615,
p04,mood,srpe_load_lag1,0.05553479889896649,141,0.5130640288739041,141.0,0.8045895744242334,
p04,mood,srpe_load_avg3,0.05355681525979374,140,0.5508756000512275,126.34799046674706,0.8213054400763755,
p04,mood,ex_min_nonwalk_lag1,0.015367695116073344,137,0.8585371191755524,137.0,0.9776690400075615,
p04,mood,ex_min_nonwalk_avg3,-0.027688520233882487,136,0.7638832679249083,120.14874980087598,0.9636681226129613,
p04,mood,sedentary_lag1,-0.1042809947528022,123,0.25199647338183584,122.5086616299957,0.5739919671475149,
p04,mood,sedentary_avg3,-0.11153247152489508,132,0.2364702834796748,114.46261946403463,0.5739919671475149,
p04,mood,deep_min_lag1,0.08682243828250559,123,0.3416369998184564,122.00646034379614,0.651493813607289,0.6604981996490158
p04,mood,deep_min_avg3,0.06798157769489065,131,0.4737720560433255,113.28059232954075,0.7865801516870952,0.7668767596211032
p04,mood,rem_min_lag1,0.037693244107018686,123,0.6789348211097697,123.0,0.9243311983621749,0.9007845499486128
p04,mood,rem_min_avg3,0.03306678468530024,131,0.7259450446745912,114.80808111984533,0.93011708848932,0.9153220128505716
p04,mood,light_min_lag1,-0.11765735456841102,123,0.1970575479304635,121.87090033995071,0.5739919671475149,0.5661967590882516
p04,mood,light_min_avg3,-0.140544438916437,131,0.1342973618961295,114.88223086222274,0.500562894340119,0.5410314624885285
p04,mood,deep_pct_lag1,0.06950314215036905,123,0.44645880602439014,122.19710728301963,0.7627004602916664,0.7616061985121949
p04,mood,deep_pct_avg3,0.08994657719799186,131,0.340782707528888,114.21244682205398,0.651493813607289,0.6604981996490158
p04,mood,rem_pct_lag1,0.063067702008553,123,0.48921448458587624,122.4981663469436,0.7865801516870952,0.7668767596211032
p04,mood,rem_pct_avg3,0.14779818177202192,131,0.11867241728832585,112.73559600464826,0.4927105958943437,0.538863106917455
p04,mood,wake_min_lag1,-0.012773722732832896,123,0.8893255499243354,121.16976229760151,0.9776690400075615,0.9755399697984857
p04,mood,wake_min_avg3,-0.007607740616500445,131,0.9365411293251104,112.01997507579729,0.9776690400075615,0.9755399697984857
p04,mood,wake_pct_lag1,-0.006705178421340223,123,0.9419006604950897,120.63990063434603,0.9776690400075615,0.9755399697984857
p04,mood,wake_pct_avg3,-0.014427103691568742,131,0.8803608994106442,111.32597114606374,0.9776690400075615,0.9755399697984857
p04,mood,wake_count_lag1,-0.11417536157824018,123,0.2116844944057821,121.37515346893323,0.5739919671475149,0.5661967590882516
p04,mood,wake_count_avg3,-0.07847727474655142,131,0.41308776469562314,110.93595747514848,0.7207063128732148,0.7260330409801861
p04,mood,wake_long_n_lag1,-0.11391444876374549,123,0.21173214133599758,121.89902583407017,0.5739919671475149,0.5661967590882516
p04,mood,wake_long_n_avg3,-0.011113862203564237,131,0.9068161665367386,113.4229734663454,0.9776690400075615,0.9755399697984857
p04,mood,wake_per_h_lag1,-0.13435169175817857,123,0.14108712101867552,121.41279897048135,0.5030062575448432,0.5410314624885285
p04,mood,wake_per_h_avg3,-0.09605990531684173,131,0.3151373453115077,111.34251318760538,0.6460315578885909,0.6604981996490158
p04,mood,min_after_wake_lag1,-0.07454812973639734,123,0.4125136883918475,123.0,0.7207063128732148,0.7260330409801861
p04,mood,min_after_wake_avg3,-0.036008227475273616,131,0.698884564615303,117.83025238800967,0.9243311983621749,0.9007845499486128
p04,mood,ss_overall_lag1,-0.019462013803105235,123,0.8309647196821592,122.77890583932697,0.9776690400075615,0.9755399697984857
p04,mood,ss_overall_avg3,-0.014985547610959384,131,0.8738363750702773,114.76224820239568,0.9776690400075615,0.9755399697984857
p04,mood,ss_composition_lag1,0.00297347154635965,123,0.9740090892913603,122.55583308118757,0.9817224715620451,0.9817224715620451
p04,mood,ss_composition_avg3,0.06052043506763648,131,0.5230588426633169,113.64836041151263,0.8045895744242334,0.7879845363029078
p04,mood,ss_revitalization_lag1,0.012232370743562516,123,0.8931784896374267,123.0,0.9776690400075615,0.9755399697984857
p04,mood,ss_revitalization_avg3,0.04594243083741903,131,0.6205933842609538,118.46744762506962,0.8773906467137622,0.8570099115984601
p04,mood,ss_duration_lag1,-0.03711734098660698,123,0.6844091657485847,122.32996392293032,0.9243311983621749,0.9007845499486128
p04,mood,ss_duration_avg3,-0.04951323153600378,131,0.5986975523388269,115.33515496036556,0.8612841981014704,0.8469380008695601
p04,mood,ss_deep_lag1,0.0872578862820088,123,0.33926496031090203,121.9802815199073,0.651493813607289,0.6604981996490158
p04,mood,ss_deep_avg3,0.06701676480428835,131,0.48011629672129885,113.26494939538702,0.7865801516870952,0.7668767596211032
p04,mood,ss_restless_lag1,-0.1053527287681772,123,0.2504201551042914,120.85061967957921,0.5739919671475149,0.580974759841956
p04,mood,ss_restless_avg3,-0.05973645000264294,131,0.5298516709623,112.9029933204465,0.8045895744242334,0.7879845363029078
p04,mood,hr_sleep_mean_lag1,0.1773103152366914,122,0.055683399270753546,117.12097884615642,0.4927105958943437,0.5383485542067136
p04,mood,hr_sleep_mean_avg3,0.1566554941660152,131,0.10210058786679052,110.05249186545103,0.4927105958943437,0.5383485542067136
p04,mood,hr_sleep_p5_lag1,0.1765756563493189,122,0.05484028929997691,118.89514903257803,0.4927105958943437,0.5383485542067136
p04,mood,hr_sleep_p5_avg3,0.14856254605016375,131,0.12077966189529164,110.35603361660606,0.4927105958943437,0.538863106917455
p04,mood,z_fatburn_lag1,0.09767969803050926,130,0.2753126802900043,126.6320138949237,0.5813923951597532,0.614159056031548
p04,mood,z_fatburn_avg3,-0.010344182017952806,135,0.9113169693713336,118.42461068617925,0.9776690400075615,0.9755399697984857
p04,mood,z_cardio_lag1,0.14813353019398698,130,0.09257613813378861,130.0,0.4927105958943437,0.5383485542067136
p04,mood,z_cardio_avg3,0.15297884418184354,135,0.09247415372402973,122.03690815543375,0.4927105958943437,0.5383485542067136
p04,mood,z_peak_lag1,0.0020288885244001773,130,0.9817224715620451,130.0,0.9817224715620451,0.9817224715620451
p04,mood,z_peak_avg3,0.21964082234927348,135,0.014708016187287952,122.85612893384354,0.4927105958943437,0.5383485542067136
p04,mood,z_cardio_peak_lag1,0.12720215603468507,130,0.1492500586175251,130.0,0.5099377002765441,0.5410314624885285
p04,mood,z_cardio_peak_avg3,0.17062354427651316,135,0.06016824053464445,122.07100921854162,0.4927105958943437,0.5383485542067136
p04,mood,ex_user_min_lag1,0.10778071364917582,130,0.22224528532437804,130.0,0.5739919671475149,0.5661967590882516
p04,mood,ex_user_min_avg3,0.11468943959635561,135,0.20926384307380652,121.56181185336176,0.5739919671475149,0.5661967590882516
p04,mood,ex_avg_hr_lag1,-0.009337363284559681,78,0.9353340373498573,78.0,0.9776690400075615,0.9755399697984857
p04,mood,ex_avg_hr_avg3,0.06438080708451993,82,0.5655350629571733,82.0,0.8281049136158608,0.8200258412879012
p04,mood,ex_cp_min_lag1,0.07605418985693628,130,0.3897765967307394,130.0,0.7102595762649029,0.7260330409801861
p04,mood,ex_cp_min_avg3,0.15258942904110956,135,0.09356118601242755,121.85884471843602,0.4927105958943437,0.5383485542067136
p04,mood,hr_day_mean_lag1,-0.10495502855325164,128,0.24857195612119334,122.6890354179171,0.5739919671475149,0.580974759841956
p04,mood,hr_day_mean_avg3,-0.17209758040102044,133,0.06364931219729245,116.90452157420391,0.4927105958943437,0.5383485542067136
p04,mood,hr_day_p10_lag1,-0.11739707449276642,128,0.19783931973421304,121.98691787331268,0.5739919671475149,0.5661967590882516
p04,mood,hr_day_p10_avg3,-0.17478203170131332,133,0.05987943131218922,116.62201786030838,0.4927105958943437,0.5383485542067136
p04,mood,hr_dip_lag1,-0.11314177403735574,117,0.22452630101775498,117.0,0.5739919671475149,0.5661967590882516
p04,mood,hr_dip_avg3,-0.15698200538363713,129,0.09753553718744241,112.52415230985214,0.4927105958943437,0.5383485542067136
p05,comp,sleep_h_lag1,0.10004561723791028,102,0.317082573228432,102.0,0.9918062576819375,
p05,comp,sleep_h_avg3,0.13505623403123615,108,0.35562749337307253,48.84854221700024,0.9918062576819375,
p05,comp,time_in_bed_h_lag1,0.08694334291477888,102,0.3848965439503469,102.0,0.9918062576819375,
p05,comp,time_in_bed_h_avg3,0.09632437568551538,108,0.511493723218528,48.73420531005511,0.9959077986184647,
p05,comp,bedtime_h_lag1,-0.010070633605447606,102,0.9245379266020795,90.95711758809153,0.9959077986184647,
p05,comp,bedtime_h_avg3,-0.016985494096254248,108,0.9121258762617567,44.704027978919264,0.9959077986184647,
p05,comp,sleep_eff_lag1,0.09512616844469653,102,0.3720664294188214,90.14789000000233,0.9918062576819375,
p05,comp,sleep_eff_avg3,0.1795866441632258,108,0.2879732370985379,36.9359100504808,0.9918062576819375,
p05,comp,rhr_night_lag1,0.002279719197760144,102,0.9912404340909057,25.686638463727647,0.9959077986184647,
p05,comp,rhr_night_avg3,0.033898150104212085,108,0.875343589784241,23.898576372391933,0.9959077986184647,
p05,comp,steps_lag1,-0.054733781871609676,120,0.6231853502940501,82.96268797768789,0.9959077986184647,
p05,comp,steps_avg3,0.013473486911175826,122,0.9358489558903115,38.179817304637545,0.9959077986184647,
p05,comp,lightly_lag1,0.20305419210449246,121,0.06302883246167242,84.57313173600316,0.9918062576819375,
p05,comp,lightly_avg3,0.12297786977053328,122,0.46945095820034843,36.832962478986175,0.9959077986184647,
p05,comp,mvpa_lag1,-0.007269159201776571,121,0.9392191095116932,112.52998207150603,0.9959077986184647,
p05,comp,mvpa_avg3,0.12413806834794695,122,0.4188586403087936,44.576589162482044,0.9959077986184647,
p05,comp,very_lag1,-0.13370207472716703,121,0.18566493922458352,99.60907208723329,0.9918062576819375,
p05,comp,very_avg3,-0.010403454169032822,122,0.9468792644904235,43.509033062244534,0.9959077986184647,
p05,comp,srpe_load_lag1,0.14087456777658636,90,0.1853744714863261,90.0,0.9918062576819375,
p05,comp,srpe_load_avg3,0.06902262761442704,91,0.680890816109005,37.91130943468279,0.9959077986184647,
p05,comp,ex_min_nonwalk_lag1,-0.03028464293294704,126,0.762916795685405,101.66644024705631,0.9959077986184647,
p05,comp,ex_min_nonwalk_avg3,0.07847212582953,127,0.5936810217344147,48.577051640123614,0.9959077986184647,
p05,comp,sedentary_lag1,0.0372908551153272,112,0.727221427605794,89.93766615600799,0.9959077986184647,
p05,comp,sedentary_avg3,0.03143567710954873,118,0.8400463723263288,43.6999456348244,0.9959077986184647,
p05,comp,deep_min_lag1,-0.02611047894208732,102,0.80355969484742,93.22286313746928,0.9959077986184647,0.9869466477315699
p05,comp,deep_min_avg3,-0.0194154423250422,108,0.8989260298641643,45.288331134555555,0.9959077986184647,0.9869466477315699
p05,comp,rem_min_lag1,0.08608075537341447,102,0.38964757967212144,102.0,0.9918062576819375,0.921277812691222
p05,comp,rem_min_avg3,0.0007474844509528571,108,0.9959077986184647,49.57699624418121,0.9959077986184647,0.9959077986184647
p05,comp,light_min_lag1,0.15290470414260354,102,0.16615272282951288,83.54228456837956,0.9918062576819375,0.921277812691222
p05,comp,light_min_avg3,0.21069592153784514,108,0.20429461104372734,37.98157189056007,0.9918062576819375,0.921277812691222
p05,comp,deep_pct_lag1,-0.10480438602307682,102,0.33352626997463236,87.16811528061774,0.9918062576819375,0.921277812691222
p05,comp,deep_pct_avg3,-0.1184311959450425,108,0.4629220814680077,40.6420474576591,0.9959077986184647,0.9869466477315699
p05,comp,rem_pct_lag1,0.014975992834945984,102,0.8812424409635893,102.0,0.9959077986184647,0.9869466477315699
p05,comp,rem_pct_avg3,-0.16841419457221482,108,0.2928130226671056,40.956216118231254,0.9918062576819375,0.921277812691222
p05,comp,wake_min_lag1,-0.003804381377303454,102,0.9714885581011813,90.76020766778952,0.9959077986184647,0.9959077986184647
p05,comp,wake_min_avg3,0.00428015541693895,108,0.9796682301838641,37.9485126328104,0.9959077986184647,0.9959077986184647
p05,comp,wake_pct_lag1,-0.0696397372380908,102,0.5282095171089163,84.33220282515197,0.9959077986184647,0.9869466477315699
p05,comp,wake_pct_avg3,-0.09758762224539676,108,0.5699314806952558,36.229600383008425,0.9959077986184647,0.9869466477315699
p05,comp,wake_count_lag1,-0.06514832130475556,102,0.5745576511118453,76.58491212196671,0.9959077986184647,0.9869466477315699
p05,comp,wake_count_avg3,-0.04530134968291202,108,0.7934993191751144,35.85179343873366,0.9959077986184647,0.9869466477315699
p05,comp,wake_long_n_lag1,-0.08932334157039301,102,0.37871767959830926,99.22702526534496,0.9918062576819375,0.921277812691222
p05,comp,wake_long_n_avg3,-0.1264034218151418,108,0.40293435574828346,45.92840068625886,0.9918062576819375,0.921277812691222
p05,comp,wake_per_h_lag1,-0.17418884581533475,102,0.14163349670038966,72.60435750591405,0.9918062576819375,0.921277812691222
p05,comp,wake_per_h_avg3,-0.18468911034624366,108,0.24630850586539516,41.22478775397673,0.9918062576819375,0.921277812691222
p05,comp,min_after_wake_lag1,-0.04514279925241047,102,0.6523278152092353,102.0,0.9959077986184647,0.9869466477315699
p05,comp,min_after_wake_avg3,-0.07863097918073303,108,0.6021903979144023,46.30596010228588,0.9959077986184647,0.9869466477315699
p05,comp,ss_overall_lag1,0.16376369990559175,102,0.16095995595354762,74.78714675677061,0.9918062576819375,0.921277812691222
p05,comp,ss_overall_avg3,0.19523039571035292,108,0.2449925225225726,37.276698136884576,0.9918062576819375,0.921277812691222
p05,comp,ss_composition_lag1,-0.042329909604129114,102,0.6865812573056582,93.28072869437693,0.9959077986184647,0.9869466477315699
p05,comp,ss_composition_avg3,-0.19266567743872803,108,0.24769830965577022,37.82031349577573,0.9918062576819375,0.921277812691222
p05,comp,ss_revitalization_lag1,0.054000997865009635,102,0.642576715361505,76.25191009168299,0.9959077986184647,0.9869466477315699
p05,comp,ss_revitalization_avg3,0.0541557141829079,108,0.7421702064725118,39.3445670250627,0.9959077986184647,0.9869466477315699
p05,comp,ss_duration_lag1,0.1940222822466297,102,0.12592470642741546,63.5322196169701,0.9918062576819375,0.921277812691222
p05,comp,ss_duration_avg3,0.2745996136685637,108,0.12948958660241364,31.811734225524454,0.9918062576819375,0.921277812691222
p05,comp,ss_deep_lag1,-0.02802803958410791,102,0.7890830027539897,93.55208469290288,0.9959077986184647,0.9869466477315699
p05,comp,ss_deep_avg3,-0.019123779153372773,108,0.9003723803866953,45.343929573581285,0.9959077986184647,0.9869466477315699
p05,comp,ss_restless_lag1,-0.052151899813544254,102,0.6535003438840558,76.4888622606528,0.9959077986184647,0.9869466477315699
p05,comp,ss_restless_avg3,-0.1475953698320795,108,0.36870828542114403,39.181568862402116,0.9918062576819375,0.921277812691222
p05,comp,hr_sleep_mean_lag1,-0.0581669439576742,102,0.6877656745236194,50.15395564888093,0.9959077986184647,0.9869466477315699
p05,comp,hr_sleep_mean_avg3,-0.02701348930558458,108,0.8887201525667946,29.31561297712563,0.9959077986184647,0.9869466477315699
p05,comp,hr_sleep_p5_lag1,0.017910616454229356,102,0.8925140263397354,59.40570800920659,0.9959077986184647,0.9869466477315699
p05,comp,hr_sleep_p5_avg3,0.02428120417563814,108,0.8963914303500605,31.249402125214633,0.9959077986184647,0.9869466477315699
p05,comp,z_fatburn_lag1,0.13232965034532698,121,0.2014155133329014,94.8819060448926,0.9918062576819375,0.921277812691222
p05,comp,z_fatburn_avg3,0.1964790554067794,122,0.21337864865846698,41.82453927246094,0.9918062576819375,0.921277812691222
p05,comp,z_cardio_lag1,-0.0929220805832625,121,0.33622036242160747,109.13932148097983,0.9918062576819375,0.921277812691222
p05,comp,z_cardio_avg3,0.0046677092266009575,122,0.973779749541971,52.08102765790169,0.9959077986184647,0.9959077986184647
p05,comp,z_peak_lag1,-0.11198922358245803,121,0.2213502207985911,121.0,0.9918062576819375,0.921277812691222
p05,comp,z_peak_avg3,-0.13244325926402783,122,0.3590607494475487,50.02904103721219,0.9918062576819375,0.921277812691222
p05,comp,z_cardio_peak_lag1,-0.09481058372270931,121,0.327487854144499,108.68214969217051,0.9918062576819375,0.921277812691222
p05,comp,z_cardio_peak_avg3,-0.004082830838526028,122,0.9771281115627167,51.80536558932074,0.9959077986184647,0.9959077986184647
p05,comp,ex_user_min_lag1,0.09542054058449369,121,0.2978251624417308,121.0,0.9918062576819375,0.921277812691222
p05,comp,ex_user_min_avg3,0.03664137717751178,122,0.8102088389594503,45.4263380909497,0.9959077986184647,0.9869466477315699
p05,comp,ex_avg_hr_lag1,0.1141489080706882,33,0.5270443669433212,33.0,0.9959077986184647,0.9869466477315699
p05,comp,ex_cp_min_lag1,-0.07653544775317772,121,0.40406921609264124,121.0,0.9918062576819375,0.921277812691222
p05,comp,ex_cp_min_avg3,-0.05983234811270937,122,0.6549977071475334,58.169281795965745,0.9959077986184647,0.9869466477315699
p05,comp,hr_day_mean_lag1,-0.03538760560533633,121,0.763850580640489,74.52712702194366,0.9959077986184647,0.9869466477315699
p05,comp,hr_day_mean_avg3,-0.027531679049497267,122,0.8755758171280928,34.828871196842464,0.9959077986184647,0.9869466477315699
p05,comp,hr_day_p10_lag1,-0.17542893818277616,121,0.17967781603660188,60.08945618843393,0.9918062576819375,0.921277812691222
p05,comp,hr_day_p10_avg3,-0.15893428999115342,122,0.38076292662787614,32.52207906673148,0.9918062576819375,0.921277812691222
p05,comp,hr_dip_lag1,0.020901701306778566,100,0.8470578603939856,87.6295640356669,0.9959077986184647,0.9869466477315699
p05,comp,hr_dip_avg3,0.10822087577582179,107,0.48108451073656344,44.63293949955374,0.9959077986184647,0.9869466477315699
p05,mood,sleep_h_lag1,0.03258822182347019,102,0.7450637865627253,102.0,0.9971650215699276,
p05,mood,sleep_h_avg3,0.09908048107495807,108,0.4209325688858343,68.15210469725366,0.9971650215699276,
p05,mood,time_in_bed_h_lag1,0.01283903360117789,102,0.8980895813736113,102.0,0.9971650215699276,
p05,mood,time_in_bed_h_avg3,0.05858485312737626,108,0.6349353332378724,68.06558060497278,0.9971650215699276,
p05,mood,bedtime_h_lag1,0.08617190333025906,102,0.4043360707570562,95.79830989559069,0.9971650215699276,
p05,mood,bedtime_h_avg3,0.02366097505268276,108,0.8516061197798022,64.98922887637976,0.9971650215699276,
p05,mood,sleep_eff_lag1,0.05159946024401741,102,0.6188423427683301,95.33158681110847,0.9971650215699276,
p05,mood,sleep_eff_avg3,0.13042643538460155,108,0.32520313893375524,58.91033998787796,0.9971650215699276,
p05,mood,rhr_night_lag1,-0.07828096627734983,102,0.5824339977328804,51.680201645225594,0.9971650215699276,
p05,mood,rhr_night_avg3,-0.056092179358444204,108,0.7041836365740471,48.242242815570904,0.9971650215699276,
p05,mood,steps_lag1,-0.04799743535014313,120,0.6505758553826809,91.45698912024159,0.9971650215699276,
p05,mood,steps_avg3,0.07932662791849134,122,0.5519940663691151,58.53735846969529,0.9971650215699276,
p05,mood,lightly_lag1,0.19396429651509395,121,0.06317112006142492,92.5172848760071,0.9971650215699276,
p05,mood,lightly_avg3,0.16017966841919873,122,0.23230398140258887,57.38566362224508,0.9971650215699276,
p05,mood,mvpa_lag1,-0.008435955699139594,121,0.9288380357250043,114.56793069214022,0.9971650215699276,
p05,mood,mvpa_avg3,0.1500215248333387,122,0.23693369632312833,63.94362857827488,0.9971650215699276,
p05,mood,very_lag1,-0.14646950970526224,121,0.13686166598360414,104.5367194094829,0.9971650215699276,
p05,mood,very_avg3,0.04728369401270833,122,0.7127680986808451,63.04860923984636,0.9971650215699276,
p05,mood,srpe_load_lag1,0.06488761244552847,90,0.5434435383663515,90.0,0.9971650215699276,
p05,mood,srpe_load_avg3,0.03153832769565797,91,0.8229919662690538,52.7817811049537,0.9971650215699276,
p05,mood,ex_min_nonwalk_lag1,-0.09714237506142137,126,0.3174314049728542,107.91485607729652,0.9971650215699276,
p05,mood,ex_min_nonwalk_avg3,0.08423378959372162,127,0.502549600739859,65.63098803742362,0.9971650215699276,
p05,mood,sedentary_lag1,0.01689301177066075,112,0.8707393943734786,95.26753262253622,0.9971650215699276,
p05,mood,sedentary_avg3,-0.04418500134870799,118,0.7325843273748744,62.24124547476635,0.9971650215699276,
p05,mood,deep_min_lag1,-0.017521727728930764,102,0.8646708489704442,97.09599883564141,0.9971650215699276,0.9971650215699275
p05,mood,deep_min_avg3,0.026304657422229344,108,0.8346635397296152,65.4384660797558,0.9971650215699276,0.9971650215699275
p05,mood,rem_min_lag1,0.11542367547446288,102,0.24800003966181372,102.0,0.9971650215699276,0.9971650215699275
p05,mood,rem_min_avg3,0.0311887678936082,108,0.7996250440355067,68.70239479989006,0.9971650215699276,0.9971650215699275
p05,mood,light_min_lag1,0.029922999683166397,102,0.777721509806094,91.45651358193118,0.9971650215699276,0.9971650215699275
p05,mood,light_min_avg3,0.1090317667513783,108,0.40801479817830527,59.7403255363763,0.9971650215699276,0.9971650215699275
p05,mood,deep_pct_lag1,-0.014687811195581204,102,0.888504424616918,93.59807462852585,0.9971650215699276,0.9971650215699275
p05,mood,deep_pct_avg3,-0.02720322648566183,108,0.8339894489622003,61.835489787604715,0.9971650215699276,0.9971650215699275
p05,mood,rem_pct_lag1,0.10509766613696205,102,0.2931358231284502,102.0,0.9971650215699276,0.9971650215699275
p05,mood,rem_pct_avg3,-0.09131438219693745,108,0.47997881114927543,62.081345478995814,0.9971650215699276,0.9971650215699275
p05,mood,wake_min_lag1,-0.04838177511716706,102,0.6402725257575642,95.68489990320309,0.9971650215699276,0.9971650215699275
p05,mood,wake_min_avg3,0.007548779370754518,108,0.9544648238336231,59.71414158776007,0.9971650215699276,0.9971650215699275
p05,mood,wake_pct_lag1,-0.04585796223619718,102,0.6643687242774847,91.92612305094993,0.9971650215699276,0.9971650215699275
p05,mood,wake_pct_avg3,-0.08379967874785961,108,0.5304210395347732,58.34761376814553,0.9971650215699276,0.9971650215699275
p05,mood,wake_count_lag1,-0.1543599340328652,102,0.1528350224303937,87.24506646323204,0.9971650215699276,0.9971650215699275
p05,mood,wake_count_avg3,-0.05726084626873885,108,0.6692921301347449,58.04591217436747,0.9971650215699276,0.9971650215699275
p05,mood,wake_long_n_lag1,-0.09332858043115826,102,0.3545499674831429,100.47141650272697,0.9971650215699276,0.9971650215699275
p05,mood,wake_long_n_avg3,-0.10408906116727387,108,0.405823288472684,65.92931757396133,0.9971650215699276,0.9971650215699275
p05,mood,wake_per_h_lag1,-0.2033434362710689,102,0.06232747271883572,84.77306683532605,0.9971650215699276,0.9971650215699275
p05,mood,wake_per_h_avg3,-0.15840994870656117,108,0.2176784061460661,62.29125984886784,0.9971650215699276,0.9971650215699275
p05,mood,min_after_wake_lag1,-0.0007212846818766542,102,0.9942593990035152,102.0,0.9971650215699276,0.9971650215699275
p05,mood,min_after_wake_avg3,-0.08113126675908922,108,0.5165318210387643,66.21824106292007,0.9971650215699276,0.9971650215699275
p05,mood,ss_overall_lag1,0.09428057016668218,102,0.3875066013005741,86.1343681719049,0.9971650215699276,0.9971650215699275
p05,mood,ss_overall_avg3,0.14280223520748792,108,0.27983677497119436,59.18124424003466,0.9971650215699276,0.9971650215699275
p05,mood,ss_composition_lag1,0.025088598320316065,102,0.8071568036781681,97.12896685715616,0.9971650215699276,0.9971650215699275
p05,mood,ss_composition_avg3,-0.0807030479450519,108,0.541261985515598,59.61256906185619,0.9971650215699276,0.9971650215699275
p05,mood,ss_revitalization_lag1,0.036671044782054095,102,0.7358976713281449,87.04003895715104,0.9971650215699276,0.9971650215699275
p05,mood,ss_revitalization_avg3,0.007647323273724005,108,0.953429236646213,60.81666066626133,0.9971650215699276,0.9971650215699275
p05,mood,ss_duration_lag1,0.08139720107655873,102,0.4758798232483272,78.96091567162267,0.9971650215699276,0.9971650215699275
p05,mood,ss_duration_avg3,0.1909445235616067,108,0.16342835939995248,54.78893670790213,0.9971650215699276,0.9971650215699275
p05,mood,ss_deep_lag1,-0.019860181218850758,102,0.8466670248643761,97.28345285022426,0.9971650215699276,0.9971650215699275
p05,mood,ss_deep_avg3,0.025961643026174964,108,0.836735175037656,65.48115520238825,0.9971650215699276,0.9971650215699275
p05,mood,ss_restless_lag1,-0.050372897951773736,102,0.6427514420465738,87.18596201457383,0.9971650215699276,0.9971650215699275
p05,mood,ss_restless_avg3,-0.1357584854529122,108,0.29814089931711,60.68827163161351,0.9971650215699276,0.9971650215699275
p05,mood,hr_sleep_mean_lag1,-0.059511825441944353,102,0.6248080729511746,69.90815420794698,0.9971650215699276,0.9971650215699275
p05,mood,hr_sleep_mean_avg3,-0.048158513817947494,108,0.7326647774656135,52.74811300337028,0.9971650215699276,0.9971650215699275
p05,mood,hr_sleep_p5_lag1,0.016755126740762457,102,0.8855925347066436,76.23182773908208,0.9971650215699276,0.9971650215699275
p05,mood,hr_sleep_p5_avg3,0.001288234876984775,108,0.9925999549611695,54.331095261938295,0.9971650215699276,0.9971650215699275
p05,mood,z_fatburn_lag1,0.069741338322254,121,0.4887464888055979,100.7987946857508,0.9971650215699276,0.9971650215699275
p05,mood,z_fatburn_avg3,0.13144947667136875,122,0.3099958563093193,61.63050011336636,0.9971650215699276,0.9971650215699275
p05,mood,z_cardio_lag1,-0.018971589806978127,121,0.8426484078921275,111.96151276658344,0.9971650215699276,0.9971650215699275
p05,mood,z_cardio_avg3,0.0893146496657286,122,0.46165722664428144,70.15512621278378,0.9971650215699276,0.9971650215699275
p05,mood,z_peak_lag1,-0.16159270105789497,121,0.07660631817444555,121.0,0.9971650215699276,0.9971650215699275
p05,mood,z_peak_avg3,-0.1785391495761611,122,0.1437602678587166,68.47047035771766,0.9971650215699276,0.9971650215699275
p05,mood,z_cardio_peak_lag1,-0.024621759197764225,121,0.7970033808168404,111.60868373158073,0.9971650215699276,0.9971650215699275
p05,mood,z_cardio_peak_avg3,0.07486500516537349,122,0.5381383376641241,69.92940824026988,0.9971650215699276,0.9971650215699275
p05,mood,ex_user_min_lag1,-0.0019795864611052887,121,0.9828073643965857,121.0,0.9971650215699276,0.9971650215699275
p05,mood,ex_user_min_avg3,-0.0006340790107457482,122,0.9960113748882142,64.6539938517663,0.9971650215699276,0.9971650215699275
p05,mood,ex_avg_hr_lag1,-0.0009188491132004916,33,0.9959508714152762,33.0,0.9971650215699276,0.9971650215699275
p05,mood,ex_cp_min_lag1,-0.12548545221628374,121,0.1702379559222618,121.0,0.9971650215699276,0.9971650215699275
p05,mood,ex_cp_min_avg3,-0.005811117848748753,122,0.9605106118945508,75.09363008694939,0.9971650215699276,0.9971650215699275
p05,mood,hr_day_mean_lag1,-0.06296404916450174,121,0.5687201040755347,84.27072300557427,0.9971650215699276,0.9971650215699275
p05,mood,hr_day_mean_avg3,-0.04302840003848296,122,0.7536076461395729,55.66321472488318,0.9971650215699276,0.9971650215699275
p05,mood,hr_day_p10_lag1,-0.20773990509704482,121,0.07971588398359286,72.10309130682057,0.9971650215699276,0.9971650215699275
p05,mood,hr_day_p10_avg3,-0.15195628600386607,122,0.2742371745805093,53.66753349148544,0.9971650215699276,0.9971650215699275
p05,mood,hr_dip_lag1,0.00037630771362154146,100,0.9971650215699276,91.65139036824543,0.9971650215699276,0.9971650215699275
p05,mood,hr_dip_avg3,0.13771907053070034,107,0.2720300824069557,65.50309077972953,0.9971650215699276,0.9971650215699275
p06,comp,sleep_h_lag1,0.3839468136578487,145,2.428996942113539e-06,141.82935620299568,0.00015813845715252907,
p06,comp,sleep_h_avg3,0.3492535596076952,146,0.00032633697948092344,101.75890732952705,0.0033449540396794653,
p06,comp,time_in_bed_h_lag1,0.36469848214754114,145,1.040010061069075e-05,138.6773352541119,0.00028426941669221385,
p06,comp,time_in_bed_h_avg3,0.3235153150880286,146,0.0009713468744463303,100.92011282493233,0.007965044370459909,
p06,comp,bedtime_h_lag1,-0.12232389972589863,145,0.16017386285739232,133.33921985250095,0.6026147211763747,
p06,comp,bedtime_h_avg3,-0.12642469688477198,146,0.22222548369938275,94.97022762025689,0.6064801901527241,
p06,comp,sleep_eff_lag1,0.12508181940106658,145,0.1484729942772927,134.90061570124453,0.6026147211763747,
p06,comp,sleep_eff_avg3,0.10928070417676601,146,0.2897544689419508,95.78494710924576,0.6092273449548709,
p06,comp,rhr_night_lag1,0.04989208368281935,143,0.633755147082776,93.57933597694951,0.8377835123065,
p06,comp,rhr_night_avg3,-0.008949128421484794,145,0.9355650861333873,84.10581439432156,0.9589542132867219,
p06,comp,steps_lag1,-0.08097245087612681,146,0.34081425048385333,140.43567389694272,0.6499248497599063,
p06,comp,steps_avg3,-0.0631300890779862,145,0.5295123520359308,101.49445689387619,0.8258668892489873,
p06,comp,lightly_lag1,-0.013053642594343258,146,0.882928064165881,129.74957949978995,0.9526329113368717,
p06,comp,lightly_avg3,-0.10833236151093052,145,0.29899660187927396,93.86923505285489,0.6129430338525117,
p06,comp,mvpa_lag1,-0.11447951768051205,146,0.16914143311889693,145.80576227032483,0.6026147211763747,
p06,comp,mvpa_avg3,-0.026475093308503707,145,0.7929793414366555,100.72894702987571,0.9199715596039094,
p06,comp,very_lag1,-0.049772263632142724,146,0.5528697160399377,144.49549253912375,0.8258668892489873,
p06,comp,very_avg3,0.019712024203296027,145,0.8466129859750258,98.782611419733,0.9262719799948551,
p06,comp,srpe_load_lag1,0.10711305845586933,146,0.20577088040168892,141.23336840916164,0.6026147211763747,
p06,comp,srpe_load_avg3,0.05261257730568195,145,0.6004577242919008,101.45744637310716,0.8345344642700995,
p06,comp,ex_min_nonwalk_lag1,0.020136844350765112,146,0.8256407010375639,122.15700938477697,0.9262719799948551,
p06,comp,ex_min_nonwalk_avg3,0.13470482829167604,145,0.20257989558655295,91.16500267067542,0.6026147211763747,
p06,comp,sedentary_lag1,0.008904471547070008,144,0.9172126948993166,138.76173698301048,0.9564166083910528,
p06,comp,sedentary_avg3,0.02799076530819356,143,0.7844659225326996,97.93794771505536,0.9199715596039094,
p06,comp,deep_min_lag1,0.15534730519433446,144,0.06702207311169119,139.81525414509633,0.3576956969078027,0.3373390312301228
p06,comp,deep_min_avg3,0.11305145079224742,146,0.26883288838857605,97.55311423584729,0.6064801901527241,0.587852975640355
p06,comp,rem_min_lag1,0.2094883120626316,144,0.013001993730345399,139.95687368113727,0.08884695715736023,0.09426445454500414
p06,comp,rem_min_avg3,0.07237652685791095,146,0.48420989170170414,95.67336383994258,0.8243336873150944,0.7936166461211038
p06,comp,light_min_lag1,0.31656020644280036,144,0.00011711530261509658,143.0191375695728,0.0015074881858663518,0.0014927809840530218
p06,comp,light_min_avg3,0.4431468988186491,146,3.857035540305587e-06,100.07383085428039,0.00015813845715252907,0.00022370806133772405
p06,comp,deep_pct_lag1,-0.05596608333511626,144,0.5194309379267593,134.7932988254457,0.8258668892489873,0.7983200348407308
p06,comp,deep_pct_avg3,-0.07130368605028345,146,0.4925896424199954,94.87584549644546,0.8243336873150944,0.7936166461211038
p06,comp,rem_pct_lag1,0.09222236250353694,144,0.2881181709267013,134.6084433044111,0.6092273449548709,0.5968162112053098
p06,comp,rem_pct_avg3,-0.05527659302843324,146,0.5996267174078153,92.54525394381214,0.8345344642700995,0.8087988281314717
p06,comp,wake_min_lag1,0.12065830307551864,145,0.16774356029785328,132.25888086379382,0.6026147211763747,0.587852975640355
p06,comp,wake_min_avg3,0.11088656990201869,146,0.273655695556717,99.35603364021866,0.6064801901527241,0.587852975640355
p06,comp,wake_pct_lag1,-0.11436627977999145,144,0.1851588267038762,135.85198292964574,0.6026147211763747,0.587852975640355
p06,comp,wake_pct_avg3,-0.11463360217876553,146,0.26529657812316276,96.30736207887948,0.6064801901527241,0.587852975640355
p06,comp,wake_count_lag1,0.33201612685311555,144,0.00010458870085523006,131.36681389690108,0.0015074881858663518,0.0014927809840530218
p06,comp,wake_count_avg3,0.3826578660195568,146,0.00012662026533736062,95.2854034055597,0.0015074881858663518,0.0014927809840530218
p06,comp,wake_long_n_lag1,-0.029263015154229927,144,0.7291601167085523,142.43775793805983,0.9198635318477122,0.868972997511384
p06,comp,wake_long_n_avg3,0.07160152110635416,146,0.4766446616567833,101.04597425010842,0.8243336873150944,0.7936166461211038
p06,comp,wake_per_h_lag1,0.1463173579075412,144,0.08545362875769226,139.18148859914356,0.4121880916547509,0.3812546513804732
p06,comp,wake_per_h_avg3,0.20826930031657917,146,0.040836694857830376,96.82047073084611,0.2575853060263147,0.26316981130601796
p06,comp,min_after_wake_lag1,0.00011390475607520112,145,0.9989150978839779,145.0,0.998915097883978,0.9989150978839779
p06,comp,min_after_wake_avg3,0.06345133638402818,146,0.5249879918612458,102.66302877544202,0.8258668892489873,0.7983200348407308
p06,comp,ss_overall_lag1,0.20728073725818255,143,0.012991508128470747,143.0,0.08884695715736023,0.09426445454500414
p06,comp,ss_overall_avg3,0.12846185210181255,145,0.19442897399703268,103.68324570992458,0.6026147211763747,0.587852975640355
p06,comp,ss_composition_lag1,0.06191698273336692,143,0.4691042889351761,138.94102799374252,0.8243336873150944,0.7936166461211038
p06,comp,ss_composition_avg3,-0.04961193616536328,145,0.6328200873691033,95.12064588551154,0.8377835123065,0.8115750143075161
p06,comp,ss_revitalization_lag1,-0.01993056630922176,143,0.820103795085332,132.66551993877144,0.9262719799948551,0.897472077640552
p06,comp,ss_revitalization_avg3,-0.19155046855675562,145,0.053252733747778995,102.43847555556641,0.3119088690941341,0.30886585573711817
p06,comp,ss_duration_lag1,0.31477743657218143,143,0.0001286880158666398,143.0,0.0015074881858663518,0.0014927809840530218
p06,comp,ss_duration_avg3,0.33201764563017494,145,0.0007530144416735487,99.70049682920077,0.006860798246359,0.007279139602844305
p06,comp,ss_deep_lag1,0.13976897367480698,143,0.1020249780926301,138.01656398791332,0.46478045575531485,0.4226749092408961
p06,comp,ss_deep_avg3,0.1247025176424787,145,0.22543680746731465,96.2536547350349,0.6064801901527241,0.587852975640355
p06,comp,ss_restless_lag1,-0.05462040815130803,143,0.5368014027377328,130.18285533366878,0.8258668892489873,0.7983200348407308
p06,comp,ss_restless_avg3,0.03256304511684195,145,0.7545004901748197,94.67187444743209,0.9199715596039094,0.868972997511384
p06,comp,hr_sleep_mean_lag1,0.10696716161714079,145,0.22994722721815702,127.73276957105499,0.6064801901527241,0.587852975640355
p06,comp,hr_sleep_mean_avg3,0.11629956711199717,146,0.2663575295321657,93.21765400727983,0.6064801901527241,0.587852975640355
p06,comp,hr_sleep_p5_lag1,0.10676275159663026,145,0.2483724562602592,118.72882109509122,0.6064801901527241,0.587852975640355
p06,comp,hr_sleep_p5_avg3,0.190486428585486,146,0.06979428232347369,91.45467647473865,0.3576956969078027,0.3373390312301228
p06,comp,z_fatburn_lag1,-0.1305315029286362,146,0.13321375557057996,133.6946497513729,0.5749225240414504,0.5150931882062425
p06,comp,z_fatburn_avg3,-0.04762532777702886,145,0.6436629423818231,96.73337937419676,0.8377835123065,0.8115750143075161
p06,comp,z_cardio_lag1,0.004561691937676572,146,0.9583571973114959,133.51915950214052,0.9701887676486749,0.9751704814748554
p06,comp,z_cardio_avg3,0.055254055139289965,145,0.5932634724851055,95.79687193632294,0.8345344642700995,0.8087988281314717
p06,comp,z_peak_lag1,0.027394791702591393,146,0.7455196675395696,142.80348168189872,0.9199715596039094,0.868972997511384
p06,comp,z_peak_avg3,0.025870109392410433,145,0.7965607406326533,101.77058543487286,0.9199715596039094,0.8884715953210363
p06,comp,z_cardio_peak_lag1,0.008636287348485172,146,0.921425756864551,132.94105185544282,0.9564166083910528,0.9543338196097135
p06,comp,z_cardio_peak_avg3,0.04819075945963433,145,0.6410510185927251,95.98912210156482,0.8377835123065,0.8115750143075161
p06,comp,ex_user_min_lag1,0.10752436775134909,146,0.20495065406106666,140.66713055935077,0.6026147211763747,0.587852975640355
p06,comp,ex_user_min_avg3,0.0587771825256207,145,0.5539351086426134,103.72399953171917,0.8258668892489873,0.8032059075317894
p06,comp,ex_avg_hr_lag1,0.1459996718622365,72,0.25971424551399636,61.452602083521036,0.6064801901527241,0.587852975640355
p06,comp,ex_avg_hr_avg3,0.14193624384846115,70,0.3235929006072468,50.37334868522524,0.6317766154712915,0.6256129411740105
p06,comp,ex_cp_min_lag1,0.04826661000788431,146,0.581616214239716,132.6786771769715,0.8345344642700995,0.8087988281314717
p06,comp,ex_cp_min_avg3,0.10170929143406665,145,0.3214100111053391,97.04891318664416,0.6317766154712915,0.6256129411740105
p06,comp,hr_day_mean_lag1,-0.03291486008699721,146,0.7097959177451544,130.2517763356912,0.909426019610979,0.868972997511384
p06,comp,hr_day_mean_avg3,-0.010685662752725053,145,0.9191077551399488,92.82153848240804,0.9564166083910528,0.9543338196097135
p06,comp,hr_day_p10_lag1,-0.018338886144340646,146,0.8471999817026115,112.88373977144562,0.9262719799948551,0.909955535902805
p06,comp,hr_day_p10_avg3,0.1010742726640778,145,0.3502385101680253,87.47531698459743,0.6527172234949563,0.6552849545079183
p06,comp,hr_dip_lag1,-0.06936255880145234,144,0.4367041298104711,127.93019799576192,0.7957719698768584,0.7915262352814788
p06,comp,hr_dip_avg3,-0.03123842616806075,145,0.7640969460875964,94.74653600503473,0.9199715596039094,0.868972997511384
p06,mood,sleep_h_lag1,0.022985650507529314,145,0.7845504088204363,143.9316612431961,0.9867278303789888,
p06,mood,sleep_h_avg3,-0.005578205526111081,146,0.9498237906094911,129.75930509785212,0.9867278303789888,
p06,mood,time_in_bed_h_lag1,0.02995507720874129,145,0.7226181742379253,142.8539604682666,0.9867278303789888,
p06,mood,time_in_bed_h_avg3,-0.00521350074844901,146,0.9531637156786343,129.41585249912887,0.9867278303789888,
p06,mood,bedtime_h_lag1,-0.034846145549060764,145,0.6816555910706953,140.99227879141452,0.9867278303789888,
p06,mood,bedtime_h_avg3,-0.02732733650910535,146,0.7604439755247103,126.93661953115314,0.9867278303789888,
p06,mood,sleep_eff_lag1,0.07552762851982407,145,0.3724633270779783,141.54165117153352,0.9867278303789888,
p06,mood,sleep_eff_avg3,0.09419593906359024,146,0.29162239234106246,127.28062391012584,0.9867278303789888,
p06,mood,rhr_night_lag1,0.17495044708757793,143,0.05335870262411417,122.57314481189732,0.4861570683530403,
p06,mood,rhr_night_avg3,0.1322286788497344,145,0.15076168373947876,119.54097915230814,0.8241638711091507,
p06,mood,steps_lag1,0.0061260523261790975,146,0.9418785951117783,144.14102957524773,0.9867278303789888,
p06,mood,steps_avg3,0.04130097810522775,145,0.6440050317239137,127.58029036684873,0.9867278303789888,
p06,mood,lightly_lag1,0.17999866716731014,146,0.03305313701707706,140.43262981860482,0.38719389077147415,
p06,mood,lightly_avg3,0.09732363984782083,145,0.2819497569254214,124.1402211089636,0.9867278303789888,
p06,mood,mvpa_lag1,-0.08224660999878218,146,0.3237896251630755,145.93590781025404,0.9867278303789888,
p06,mood,mvpa_avg3,0.031059248777613294,145,0.7286080225737515,127.24070899725314,0.9867278303789888,
p06,mood,very_lag1,-0.10234419935986924,146,0.21978643849072985,145.50206294728224,0.9485519976968341,
p06,mood,very_avg3,0.008704387009905848,145,0.9228217097783857,126.37157820647266,0.9867278303789888,
p06,mood,srpe_load_lag1,-0.03791411103775787,146,0.6513984642846188,144.410476914368,0.9867278303789888,
p06,mood,srpe_load_avg3,-0.026999875880140033,145,0.7626511231887043,127.56390153852784,0.9867278303789888,
p06,mood,ex_min_nonwalk_lag1,-0.04496177411488256,146,0.6009569760207012,137.68084063942896,0.9867278303789888,
p06,mood,ex_min_nonwalk_avg3,-0.05714547562826696,145,0.5303142197051237,122.88878003729505,0.9867278303789888,
p06,mood,sedentary_lag1,-0.08629632341367617,144,0.3067669617986677,142.2385841037616,0.9867278303789888,
p06,mood,sedentary_avg3,-0.05668969896284196,143,0.5304995416617573,124.72536218071747,0.9867278303789888,
p06,mood,deep_min_lag1,-0.033832506243184804,144,0.6888612762492008,142.4813291859108,0.9867278303789888,0.9867278303789888
p06,mood,deep_min_avg3,-0.10461784140723716,146,0.23985995374794072,128.02222927915778,0.9834258103665571,0.8694923323362851
p06,mood,rem_min_lag1,0.05568973270383282,144,0.5095605427953233,142.5331901128798,0.9867278303789888,0.9867278303789888
p06,mood,rem_min_avg3,-0.01903487249458741,146,0.8316315066725178,127.23359533325196,0.9867278303789888,0.9867278303789888
p06,mood,light_min_lag1,0.015399707324153111,144,0.8548232475854665,143.64658056333917,0.9867278303789888,0.9867278303789888
p06,mood,light_min_avg3,0.012052249574026,146,0.8921405709761969,129.0678360267898,0.9867278303789888,0.9867278303789888
p06,mood,deep_pct_lag1,0.006809502989446721,144,0.9362136159135261,140.62073521721175,0.9867278303789888,0.9867278303789888
p06,mood,deep_pct_avg3,-0.0561624081550571,146,0.5307278770002971,126.89667374061753,0.9867278303789888,0.9867278303789888
p06,mood,rem_pct_lag1,0.05599081786891517,144,0.5102909650299556,140.55143778987767,0.9867278303789888,0.9867278303789888
p06,mood,rem_pct_avg3,-0.021208763512965512,146,0.8137197509881015,125.9040289113544,0.9867278303789888,0.9867278303789888
p06,mood,wake_min_lag1,0.026159306349277992,145,0.7584794596249407,140.60979100582836,0.9867278303789888,0.9867278303789888
p06,mood,wake_min_avg3,-0.0030466102375815165,146,0.9726896379162986,128.7714696659905,0.9867278303789888,0.9867278303789888
p06,mood,wake_pct_lag1,-0.026247609970819347,144,0.7573440923248868,141.01648999463598,0.9867278303789888,0.9867278303789888
p06,mood,wake_pct_avg3,-0.01987851098037267,146,0.8241023292863706,127.50044253265688,0.9867278303789888,0.9867278303789888
p06,mood,wake_count_lag1,-0.11433230190694692,144,0.17966488714486162,139.32670946561186,0.9207825466174158,0.8015818041847672
p06,mood,wake_count_avg3,-0.15928551723082393,146,0.07357477695707405,127.06987095649338,0.5027609758733393,0.42673370635102953
p06,mood,wake_long_n_lag1,-0.07564076706545582,144,0.36850689122688823,143.43637045456475,0.9867278303789888,0.9867278303789888
p06,mood,wake_long_n_avg3,0.027790560142046106,146,0.7541246538813879,129.4674817155753,0.9867278303789888,0.9867278303789888
p06,mood,wake_per_h_lag1,-0.19688839184002158,144,0.01874374205688324,142.24884037301274,0.3073973697328851,0.21742740785984557
p06,mood,wake_per_h_avg3,-0.23608921336751046,146,0.007365764385367383,127.71576688210305,0.28920387017942073,0.2045588350049561
p06,mood,min_after_wake_lag1,0.03073105726062286,145,0.7136676490695579,145.0,0.9867278303789888,0.9867278303789888
p06,mood,min_after_wake_avg3,-0.03947770213583668,146,0.6554779056257751,130.12786199681045,0.9867278303789888,0.9867278303789888
p06,mood,ss_overall_lag1,0.07667343729680348,143,0.36273044628445844,143.0,0.9867278303789888,0.9867278303789888
p06,mood,ss_overall_avg3,0.004429320308816119,145,0.9603390027628195,128.54429988140026,0.9867278303789888,0.9867278303789888
p06,mood,ss_composition_lag1,0.041396834594720155,143,0.6253668558073445,141.49195827542277,0.9867278303789888,0.9867278303789888
p06,mood,ss_composition_avg3,-0.05568349768196925,145,0.5378525478061928,124.71367801764539,0.9867278303789888,0.9867278303789888
p06,mood,ss_revitalization_lag1,0.07981489732666074,143,0.35011836332378277,139.1059279614323,0.9867278303789888,0.9867278303789888
p06,mood,ss_revitalization_avg3,0.0071794752204520996,145,0.9358953879032691,127.99732108948271,0.9867278303789888,0.9867278303789888
p06,mood,ss_duration_lag1,0.021741480493760765,143,0.7966084024924164,143.0,0.9867278303789888,0.9867278303789888
p06,mood,ss_duration_avg3,0.02709079061054057,145,0.7625983988458322,126.78248729220114,0.9867278303789888,0.9867278303789888
p06,mood,ss_deep_lag1,-0.037647105886163344,143,0.6574447098806967,141.14466618133565,0.9867278303789888,0.9867278303789888
p06,mood,ss_deep_avg3,-0.08376975326588222,145,0.35254203785265853,125.2298271211128,0.9867278303789888,0.9867278303789888
p06,mood,ss_restless_lag1,-0.17174914748850986,143,0.04387317095200061,138.14319125039856,0.44970000225800627,0.3635205593165765
p06,mood,ss_restless_avg3,-0.19590429289173641,145,0.028878787786530174,124.50843755001797,0.38719389077147415,0.27916161526979166
p06,mood,hr_sleep_mean_lag1,0.15341187560849573,145,0.07139416709916467,138.98587982753398,0.5027609758733393,0.42673370635102953
p06,mood,hr_sleep_mean_avg3,0.07082563025596698,146,0.4302908396926643,126.19165750351256,0.9867278303789888,0.9867278303789888
p06,mood,hr_sleep_p5_lag1,0.14336820439258458,145,0.09632552454212648,135.6486373501474,0.6075917701887978,0.5078982203130304
p06,mood,hr_sleep_p5_avg3,0.2099120410518509,146,0.01858649905715509,125.43536129569779,0.3073973697328851,0.21742740785984557
p06,mood,z_fatburn_lag1,0.022750709848534507,146,0.7882571453625273,141.8234862637633,0.9867278303789888,0.9867278303789888
p06,mood,z_fatburn_avg3,0.13097292744040798,145,0.14468988469385255,125.44750123309028,0.8241638711091507,0.699334442686954
p06,mood,z_cardio_lag1,0.0020682791467403847,146,0.9805273734671971,141.76216726721842,0.9867278303789888,0.9867278303789888
p06,mood,z_cardio_avg3,-0.013781393897438718,145,0.8787502304402947,125.02208402887683,0.9867278303789888,0.9867278303789888
p06,mood,z_peak_lag1,0.009079216511223434,146,0.9137096354020892,144.93793038980147,0.9867278303789888,0.9867278303789888
p06,mood,z_peak_avg3,0.014262248262661944,145,0.873200408972638,127.70247126050198,0.9867278303789888,0.9867278303789888
p06,mood,z_cardio_peak_lag1,-0.004879453190992472,146,0.9541143996415268,141.5598073739286,0.9867278303789888,0.9867278303789888
p06,mood,z_cardio_peak_avg3,-0.009974740764531849,145,0.9120503417321022,125.10957570392847,0.9867278303789888,0.9867278303789888
p06,mood,ex_user_min_lag1,-0.044630384400445415,146,0.5950216350226047,144.2193144759484,0.9867278303789888,0.9867278303789888
p06,mood,ex_user_min_avg3,-0.02645568797596915,145,0.7663971948829932,128.56215229041376,0.9867278303789888,0.9867278303789888
p06,mood,ex_avg_hr_lag1,-0.00225593064897526,72,0.9867278303789888,56.87168941608584,0.9867278303789888,0.9867278303789888
p06,mood,ex_avg_hr_avg3,-0.007070564052122563,70,0.9593948344027997,54.34638111186173,0.9867278303789888,0.9867278303789888
p06,mood,ex_cp_min_lag1,-0.04668598820251831,146,0.5818680752101938,141.46778340224486,0.9867278303789888,0.9867278303789888
p06,mood,ex_cp_min_avg3,-0.0242699966527611,145,0.7876934652943353,125.59039408934487,0.9867278303789888,0.9867278303789888
p06,mood,hr_day_mean_lag1,0.15233878424940125,146,0.07173002981538386,140.61113361019136,0.5027609758733393,0.42673370635102953
p06,mood,hr_day_mean_avg3,0.2298452911690276,145,0.010335980602954745,123.65737302490697,0.28920387017942073,0.2045588350049561
p06,mood,hr_day_p10_lag1,0.11224675200604438,146,0.19630837374787613,134.1791112414908,0.9465674567606691,0.8034279876895436
p06,mood,hr_day_p10_avg3,0.23147554061767914,145,0.010580629396808075,121.15380507642124,0.28920387017942073,0.2045588350049561
p06,mood,hr_dip_lag1,0.02239162960289413,144,0.79414461013149,138.260312151599,0.9867278303789888,0.9867278303789888
p06,mood,hr_dip_avg3,0.11365622009818331,145,0.20778310026453714,124.54261474848829,0.9465674567606691,0.8034279876895436
p07,comp,sleep_h_lag1,0.14888487794592506,124,0.09887492340172693,124.0,0.546041841545566,
p07,comp,sleep_h_avg3,0.10043237166573198,130,0.2833621439557601,116.02261788110908,0.6957658889947697,
p07,comp,time_in_bed_h_lag1,0.11064014432048225,124,0.2212094330852668,124.0,0.6439324414655924,
p07,comp,time_in_bed_h_avg3,0.04919379989689196,130,0.6005304676349961,115.66460729422573,0.8449201714762885,
p07,comp,bedtime_h_lag1,0.036485953093187765,124,0.6902828618756331,121.69259987954179,0.8708183795969525,
p07,comp,bedtime_h_avg3,-0.06259310221267277,130,0.5240919209519479,105.8800911588195,0.7961188084908977,
p07,comp,sleep_eff_lag1,0.06380096911216086,124,0.49019990943358577,119.21915766512963,0.7892497583283659,
p07,comp,sleep_eff_avg3,0.1204818859602328,130,0.2248596192765374,103.24069159247206,0.6439324414655924,
p07,comp,rhr_night_lag1,0.05388984317502695,123,0.594137417804173,100.12442387267032,0.8449201714762885,
p07,comp,rhr_night_avg3,0.10947212539154846,129,0.2975298602925299,92.51011563977478,0.6957658889947697,
p07,comp,steps_lag1,-0.14983149450386035,127,0.10436741967138752,118.6604338247425,0.546041841545566,
p07,comp,steps_avg3,-0.09305004890557245,129,0.36568299682258615,96.59682032987665,0.7139525176060015,
p07,comp,lightly_lag1,-0.046631652384627534,127,0.6172594492020739,117.22190661346892,0.8449201714762885,
p07,comp,lightly_avg3,-0.03517942215013368,129,0.7288315796427677,99.5522985787336,0.8874422092600837,
p07,comp,mvpa_lag1,0.030589170657839643,127,0.7359276857278743,123.99657539798537,0.8874422092600837,
p07,comp,mvpa_avg3,0.015217389478878615,129,0.8817959064724687,97.96502414143038,0.939055380918733,
p07,comp,very_lag1,-0.07001754908470165,127,0.44604521188636903,120.65524573999508,0.7782065398868566,
p07,comp,very_avg3,-0.06327954886141153,129,0.5387277812649419,96.68363726982298,0.8031941466131861,
p07,comp,srpe_load_lag1,0.01669669647556839,131,0.8498701848639717,131.0,0.9186609432786758,
p07,comp,srpe_load_avg3,0.0019828957423802277,130,0.984207953025697,102.14313086622933,0.9842079530256971,
p07,comp,ex_min_nonwalk_lag1,-0.07535856849127619,129,0.39818540198684743,127.83445999175537,0.742072794611852,
p07,comp,ex_min_nonwalk_avg3,-0.23926011639476275,129,0.013962435443276024,105.006280033194,0.546041841545566,
p07,comp,sedentary_lag1,-0.06157017814490667,122,0.5004998467448174,122.0,0.7892497583283659,
p07,comp,sedentary_avg3,0.09401702139549142,124,0.3526233331651169,99.81145956050158,0.7052466663302338,
p07,comp,deep_min_lag1,0.15855094942104034,124,0.07860965574309427,124.0,0.546041841545566,0.4674341803350766
p07,comp,deep_min_avg3,0.18319999073251167,130,0.05692613277301874,108.67555391783517,0.546041841545566,0.4674341803350766
p07,comp,rem_min_lag1,0.08824086624006867,124,0.32977867558386265,124.0,0.6957658889947697,0.5965176875343183
p07,comp,rem_min_avg3,0.14295696776595,130,0.1433280358465086,106.22793095342689,0.5773791364352038,0.4764551410420583
p07,comp,light_min_lag1,0.06555868078654208,124,0.4694244720542922,124.0,0.7892497583283659,0.7210317726240166
p07,comp,light_min_avg3,-0.0024332666146254706,130,0.9800174853404087,108.45597575401897,0.9842079530256971,0.9800174853404087
p07,comp,deep_pct_lag1,0.06512132055515084,124,0.47240012689159705,124.0,0.7892497583283659,0.7210317726240166
p07,comp,deep_pct_avg3,0.15508564251659732,130,0.11299182723424954,105.67361684536455,0.546041841545566,0.4674341803350766
p07,comp,rem_pct_lag1,0.021156457855232427,124,0.8155911318665698,123.99042347802575,0.9065131045664487,0.8952494810858715
p07,comp,rem_pct_avg3,0.09443580516565213,130,0.3393979946315949,104.38399364015469,0.6957658889947697,0.5965176875343183
p07,comp,wake_min_lag1,-0.08807526229313446,124,0.338561177567173,120.10664335005508,0.6957658889947697,0.5965176875343183
p07,comp,wake_min_avg3,-0.12924928599628566,130,0.19322697933309782,102.98430642009575,0.6337844922125608,0.509416581878167
p07,comp,wake_pct_lag1,-0.16320467163119243,124,0.07224989349927982,122.18372220373621,0.546041841545566,0.4674341803350766
p07,comp,wake_pct_avg3,-0.18475734910100314,130,0.06203291007213107,102.75736316788209,0.546041841545566,0.4674341803350766
p07,comp,wake_count_lag1,0.10910313566995232,124,0.22773220490856316,124.0,0.6439324414655924,0.5503528285290277
p07,comp,wake_count_avg3,-0.044351035515860664,130,0.6471356676275964,108.91602769555612,0.8558891087977889,0.8530424709636498
p07,comp,wake_long_n_lag1,-0.032943849096158995,124,0.7189611753174391,121.74730009080285,0.8874422092600837,0.8872286844342866
p07,comp,wake_long_n_avg3,-0.09940603472707152,130,0.3181008097284,102.86775886170281,0.6957658889947697,0.5965176875343183
p07,comp,wake_per_h_lag1,0.028158627361764922,124,0.7574406591318184,122.74791623146103,0.8895416897698418,0.8952494810858715
p07,comp,wake_per_h_avg3,-0.19134796661684095,130,0.050543518352686605,104.99633057624438,0.546041841545566,0.4674341803350766
p07,comp,min_after_wake_lag1,-0.02788345579232673,124,0.7593648571205966,123.13420369154349,0.8895416897698418,0.8952494810858715
p07,comp,min_after_wake_avg3,0.1196955715485282,130,0.22533621946588245,104.36882745227814,0.6439324414655924,0.5503528285290277
p07,comp,ss_overall_lag1,0.16520692508403445,123,0.06783598568008378,123.0,0.546041841545566,0.4674341803350766
p07,comp,ss_overall_avg3,0.15321047064176777,129,0.11071721943660275,109.5966378971986,0.546041841545566,0.4674341803350766
p07,comp,ss_composition_lag1,0.1276077285783842,123,0.1595622843055494,123.0,0.5894469927861138,0.47946480998577795
p07,comp,ss_composition_avg3,0.2172912832309723,129,0.02745387142421959,103.02160739903583,0.546041841545566,0.4674341803350766
p07,comp,ss_revitalization_lag1,0.07179263055285712,123,0.4320403296853154,121.96291109217759,0.7701588485694753,0.6960649756041193
p07,comp,ss_revitalization_avg3,0.13402621517297203,129,0.16533269309854412,108.68407817541637,0.5894469927861138,0.47946480998577795
p07,comp,ss_duration_lag1,0.14354545294882076,123,0.1132037964179832,123.0,0.546041841545566,0.4674341803350766
p07,comp,ss_duration_avg3,0.05380556983291698,129,0.5766499058874285,110.003494321914,0.8443802193351632,0.8157486473529476
p07,comp,ss_deep_lag1,0.14687423278027276,123,0.10499914063581064,123.0,0.546041841545566,0.4674341803350766
p07,comp,ss_deep_avg3,0.18163590289280945,129,0.06056127843502738,107.47941702583198,0.546041841545566,0.4674341803350766
p07,comp,ss_restless_lag1,0.06327897229970256,123,0.4927377147985111,119.77473545377934,0.7892497583283659,0.7327894220080421
p07,comp,ss_restless_avg3,0.11722915952266352,129,0.24184053418565443,101.48899622713918,0.6610307934407887,0.5610700393107183
p07,comp,hr_sleep_mean_lag1,-0.08239520333420854,124,0.37953251782827346,115.85769131803822,0.7237596851608935,0.6474378245305842
p07,comp,hr_sleep_mean_avg3,-0.022479409701103556,130,0.8180728016819171,107.17988867262783,0.9065131045664487,0.8952494810858715
p07,comp,hr_sleep_p5_lag1,0.046424142734272617,124,0.6182342718119184,117.61076869598494,0.8449201714762885,0.8479784543814235
p07,comp,hr_sleep_p5_avg3,0.04766637655579727,130,0.6286736816965726,105.31087120373303,0.8451023262150648,0.8479784543814235
p07,comp,z_fatburn_lag1,0.1326695346810058,127,0.1478653885992595,120.4248217989717,0.5773791364352038,0.4764551410420583
p07,comp,z_fatburn_avg3,0.08278362962002139,129,0.4139418255182395,99.55788236089101,0.7542939931665699,0.6859607394302255
p07,comp,z_cardio_lag1,-0.13806152607734876,127,0.12894736009243493,122.27643915527095,0.5565096593462981,0.4674341803350766
p07,comp,z_cardio_avg3,-0.10468529778645976,129,0.30046176202732405,99.79334273053651,0.6957658889947697,0.5965176875343183
p07,comp,z_peak_lag1,0.0027941637385214715,127,0.9751281072851952,127.0,0.9842079530256971,0.9800174853404087
p07,comp,z_peak_avg3,0.004506747894111273,129,0.9642833542403652,101.22222535304117,0.9842079530256971,0.9800174853404087
p07,comp,z_cardio_peak_lag1,-0.1219468146398057,127,0.18848137578643334,117.9279112104016,0.6337844922125608,0.509416581878167
p07,comp,z_cardio_peak_avg3,-0.11066370788684499,129,0.27435862086046087,99.46444911762666,0.6957658889947697,0.5965176875343183
p07,comp,ex_user_min_lag1,-0.153484419191562,127,0.09143714936800904,122.00141150924574,0.546041841545566,0.4674341803350766
p07,comp,ex_user_min_avg3,-0.16453558999668402,129,0.09790727783616458,102.30778360294512,0.546041841545566,0.4674341803350766
p07,comp,ex_avg_hr_lag1,-0.09731634888431957,106,0.3238239338486553,104.79766569524062,0.6957658889947697,0.5965176875343183
p07,comp,ex_avg_hr_avg3,0.026910907381900023,111,0.8002334234958252,90.884173846871,0.9065131045664487,0.8952494810858715
p07,comp,ex_cp_min_lag1,-0.1424308009389809,127,0.1228953934108491,118.62454892877864,0.5565096593462981,0.4674341803350766
p07,comp,ex_cp_min_avg3,-0.10270253785214019,129,0.30892722012221985,100.12868987608499,0.6957658889947697,0.5965176875343183
p07,comp,hr_day_mean_lag1,-0.05788862607755849,127,0.5242733616891277,123.29487861830629,0.7961188084908977,0.7601963744492353
p07,comp,hr_day_mean_avg3,-0.043028133933495576,129,0.666417084822228,102.7729004601684,0.8674000151654395,0.8589375759930937
p07,comp,hr_day_p10_lag1,-0.02122930267997222,127,0.8163279140638702,122.17817440001578,0.9065131045664487,0.8952494810858715
p07,comp,hr_day_p10_avg3,0.04055823244247727,129,0.6833218908688653,103.57864442966482,0.8708183795969525,0.8615797754433518
p07,comp,hr_dip_lag1,-0.017276977837349137,122,0.851441849868041,119.9827295250412,0.9186609432786758,0.9145116165249328
p07,comp,hr_dip_avg3,0.011774035289132147,129,0.9060151698373111,103.0461228707913,0.9524774862392246,0.9554341791011643
p07,mood,sleep_h_lag1,0.09353619279775137,124,0.3014665490561865,124.0,0.7753403709155912,
p07,mood,sleep_h_avg3,0.1217914013951798,130,0.20769393186881285,108.72150853510692,0.7264028177020578,
p07,mood,time_in_bed_h_lag1,0.04368444615713999,124,0.6299815112680616,124.0,0.8200769392390141,
p07,mood,time_in_bed_h_avg3,0.09091994089226162,130,0.3489288352467812,108.19306645944525,0.7753403709155912,
p07,mood,bedtime_h_lag1,0.05684853117320008,124,0.5381062562670448,119.60173229633459,0.7879413038196013,
p07,mood,bedtime_h_avg3,-0.0925069679999764,130,0.37504748668690757,94.05507062994614,0.7753403709155912,
p07,mood,sleep_eff_lag1,0.05964048398128536,124,0.5266920174907754,114.96934428488623,0.7879413038196013,
p07,mood,sleep_eff_avg3,0.1859492628710853,130,0.07872241037158659,90.33925068782834,0.539644032093967,
p07,mood,rhr_night_lag1,0.1680441708593964,123,0.12758546631846182,83.54531021183308,0.5995735414015084,
p07,mood,rhr_night_avg3,0.21371928567330314,129,0.063642611955646,76.0722944672476,0.539644032093967,
p07,mood,steps_lag1,-0.08878906654669656,127,0.3492950414847751,113.18023526650765,0.7753403709155912,
p07,mood,steps_avg3,-0.018150217220357114,129,0.8717422570918808,81.60607271617356,0.9413237870378408,
p07,mood,lightly_lag1,0.05966896339328867,127,0.5341496002753016,110.85851783074386,0.7879413038196013,
p07,mood,lightly_avg3,0.05705513122907826,129,0.6025433709928834,85.66621203293913,0.8200769392390141,
p07,mood,mvpa_lag1,0.011582977763704433,127,0.8992575434795441,121.95085663757895,0.9453733149400335,
p07,mood,mvpa_avg3,0.053483867463304385,129,0.6300591118543645,83.47953100159178,0.8200769392390141,
p07,mood,very_lag1,-0.07615730940475038,127,0.41560298938269963,116.42949789838563,0.7753403709155912,
p07,mood,very_avg3,-0.07226008891071573,129,0.5195602096663539,81.72463724653812,0.7879413038196013,
p07,mood,srpe_load_lag1,0.001715062348642059,131,0.9844887733718412,131.0,0.9966429557591477,
p07,mood,srpe_load_avg3,0.04388185436715362,130,0.6833713625115417,88.80598313726922,0.8490371473628245,
p07,mood,ex_min_nonwalk_lag1,-0.06512333739069277,129,0.46672061858349967,127.13905877393886,0.7879413038196013,
p07,mood,ex_min_nonwalk_avg3,-0.1758677155679624,129,0.09111171322812267,93.35711240429934,0.539644032093967,
p07,mood,sedentary_lag1,-0.07863258331683748,122,0.389283060581365,122.0,0.7753403709155912,
p07,mood,sedentary_avg3,-0.04943706374310968,124,0.648080386214423,87.63435502404398,0.8228280763876007,
p07,mood,deep_min_lag1,0.06188554743918251,124,0.49473077494579837,124.0,0.7879413038196013,0.7743745209726858
p07,mood,deep_min_avg3,0.23738884058218607,130,0.01856949628099718,98.03531609522372,0.26273998343793087,0.1858404760902438
p07,mood,rem_min_lag1,0.04600465317811998,124,0.6118976054606334,124.0,0.8200769392390141,0.8065922981071986
p07,mood,rem_min_avg3,0.26246396961265767,130,0.010369906145760109,94.54781176490856,0.26273998343793087,0.1858404760902438
p07,mood,light_min_lag1,0.04652403538863621,124,0.6078807765433312,124.0,0.8200769392390141,0.8065922981071986
p07,mood,light_min_avg3,-0.0382956826687475,130,0.7085279307288453,97.7209927323244,0.8671535868621689,0.8750920323613611
p07,mood,deep_pct_lag1,-0.002604179293009298,124,0.9770996553807304,124.0,0.9966429557591477,0.9942417545979363
p07,mood,deep_pct_avg3,0.17261322784587976,130,0.09661072789532439,93.76292112198476,0.539644032093967,0.4771242966684465
p07,mood,rem_pct_lag1,0.01726746113377214,124,0.8490468685594094,123.98158961837171,0.9413237870378408,0.9321401403350326
p07,mood,rem_pct_avg3,0.2471522787606179,130,0.017576688373512186,91.94383353283256,0.26273998343793087,0.1858404760902438
p07,mood,wake_min_lag1,-0.050435349153684625,124,0.5897932058288292,116.62180675664017,0.8200769392390141,0.8065922981071986
p07,mood,wake_min_avg3,-0.08679197461862796,130,0.4160362965888538,89.98046395094758,0.7753403709155912,0.7312153091561674
p07,mood,wake_pct_lag1,-0.09127261259191902,124,0.3203749721857502,120.53160626709358,0.7753403709155912,0.6882129032138337
p07,mood,wake_pct_avg3,-0.18086443243310601,130,0.08863181170663842,89.66319536697654,0.539644032093967,0.4771242966684465
p07,mood,wake_count_lag1,0.07751778796316713,124,0.39213722293538716,124.0,0.7753403709155912,0.7312153091561674
p07,mood,wake_count_avg3,0.03506611024893056,130,0.7312453981325588,98.37988250756774,0.8690162702444901,0.8750920323613611
p07,mood,wake_long_n_lag1,0.032624194206685365,124,0.7238713871355438,119.70513304270975,0.8690162702444901,0.8750920323613611
p07,mood,wake_long_n_avg3,-0.06311639892661074,130,0.5549373568786959,89.81749232701732,0.7983309344570713,0.785033334121082
p07,mood,wake_per_h_lag1,0.08363597486451789,124,0.36052414321680587,121.60400565019516,0.7753403709155912,0.7312153091561674
p07,mood,wake_per_h_avg3,-0.06536517641634956,130,0.534051393774266,92.80635630098236,0.7879413038196013,0.7743745209726858
p07,mood,min_after_wake_lag1,-0.11862302920927066,124,0.1925063570166748,122.34083440460485,0.7192221677637792,0.6217665894760044
p07,mood,min_after_wake_avg3,-0.1528676493848816,130,0.14590673976349627,91.92249858754145,0.6297027716108786,0.5641727270855189
p07,mood,ss_overall_lag1,0.08173853502765961,123,0.36877341156913135,123.0,0.7753403709155912,0.7312153091561674
p07,mood,ss_overall_avg3,0.27650570667689267,129,0.005393203507098429,99.84272500248784,0.2211213437910356,0.15640290170585444
p07,mood,ss_composition_lag1,0.07484634299512939,123,0.410641382419585,123.0,0.7753403709155912,0.7312153091561674
p07,mood,ss_composition_avg3,0.3507252977879435,129,0.0006771147516629093,90.49586726723501,0.05552340963635856,0.039272655596448734
p07,mood,ss_revitalization_lag1,0.06005989821914755,123,0.5127262334304356,121.07470715074423,0.7879413038196013,0.7743745209726858
p07,mood,ss_revitalization_avg3,0.18850282945936356,129,0.06232281490259767,98.53001184119628,0.539644032093967,0.4771242966684465
p07,mood,ss_duration_lag1,0.0410356175353999,123,0.6522417678682201,123.0,0.8228280763876007,0.8406671674745948
p07,mood,ss_duration_avg3,0.1353651799441164,129,0.17837418833775537,100.42961451334013,0.7192221677637792,0.6217665894760044
p07,mood,ss_deep_lag1,0.062116762365202645,123,0.4949015404505971,123.0,0.7879413038196013,0.7743745209726858
p07,mood,ss_deep_avg3,0.23761436856843612,129,0.01922487683692177,96.80480768673343,0.26273998343793087,0.1858404760902438
p07,mood,ss_restless_lag1,0.14056986415730777,123,0.13051617309098734,117.05794986228416,0.5995735414015084,0.545256774584647
p07,mood,ss_restless_avg3,0.0830617783904875,129,0.440725741618514,88.35374630819499,0.7879413038196013,0.7518262651139357
p07,mood,hr_sleep_mean_lag1,0.017014732912785685,124,0.8607306813997307,108.80644622773656,0.9413237870378408,0.9321401403350326
p07,mood,hr_sleep_mean_avg3,-0.03385353380153916,130,0.7434642917013219,95.89998415206412,0.8709153131358341,0.8750920323613611
p07,mood,hr_sleep_p5_lag1,0.09977076260987439,124,0.29526025062302874,112.00174756945698,0.7753403709155912,0.6882129032138337
p07,mood,hr_sleep_p5_avg3,0.03283225794567248,130,0.754389683070139,93.25026301556991,0.8712669579119915,0.8750920323613611
p07,mood,z_fatburn_lag1,0.11284443550957754,127,0.22768466382324676,116.05239050950601,0.7468056973402494,0.6602855250874156
p07,mood,z_fatburn_avg3,0.1856907269350035,129,0.08756166373560316,85.67392971391675,0.539644032093967,0.4771242966684465
p07,mood,z_cardio_lag1,-0.13895557743774226,127,0.13161370421008722,119.09598159139448,0.5995735414015084,0.545256774584647
p07,mood,z_cardio_avg3,-0.12438415967141234,129,0.25385050339783216,85.99953557665985,0.7709533806897125,0.6692422362306485
p07,mood,z_peak_lag1,-0.00025395743629010877,127,0.9977390713961846,127.0,0.9977390713961846,0.9977390713961846
p07,mood,z_peak_avg3,-0.008993942025133045,129,0.9337264287768823,87.98227138432068,0.9691843944266373,0.9670738012331995
p07,mood,z_cardio_peak_lag1,-0.11869378816066936,127,0.2126057027420657,111.99574874208982,0.7264028177020578,0.6490068820547269
p07,mood,z_cardio_peak_avg3,-0.11045983220453612,129,0.31263337708337635,85.54481341439258,0.7753403709155912,0.6882129032138337
p07,mood,ex_user_min_lag1,-0.15231231308899024,127,0.09871537172450617,118.64198189277529,0.539644032093967,0.4771242966684465
p07,mood,ex_user_min_avg3,-0.18083822617426093,129,0.08898436312046133,89.49646516272337,0.539644032093967,0.4771242966684465
p07,mood,ex_avg_hr_lag1,-0.11379668970791915,106,0.2520778046504908,103.13690817734164,0.7709533806897125,0.6692422362306485
p07,mood,ex_avg_hr_avg3,-0.021853677674314193,111,0.850265191089844,77.1018562175372,0.9413237870378408,0.9321401403350326
p07,mood,ex_cp_min_lag1,-0.12330500053022342,127,0.19296204500979444,113.1221013948917,0.7192221677637792,0.6217665894760044
p07,mood,ex_cp_min_avg3,-0.1159929722365204,129,0.2862073786418485,86.46381643855621,0.7753403709155912,0.6882129032138337
p07,mood,hr_day_mean_lag1,-0.09167100831615482,127,0.31774345008285215,120.78305229326124,0.7753403709155912,0.6882129032138337
p07,mood,hr_day_mean_avg3,-0.015878294605331227,129,0.8818192263432816,90.14732416796816,0.9413237870378408,0.9321401403350326
p07,mood,hr_day_p10_lag1,-0.05767513937744408,127,0.533375136007704,118.93369440156151,0.7879413038196013,0.7743745209726858
p07,mood,hr_day_p10_avg3,0.01549364947905311,129,0.8839259951452895,91.27781922331617,0.9413237870378408,0.9321401403350326
p07,mood,hr_dip_lag1,-0.07909919752674076,122,0.39403747646299647,118.24232868204422,0.7753403709155912,0.7312153091561674
p07,mood,hr_dip_avg3,0.07047982996374462,129,0.5079055004795754,90.53024326932237,0.7879413038196013,0.7743745209726858
p08,comp,sleep_h_lag1,0.2706992125733213,94,0.008318205109939764,94.0,0.08526160237688259,
p08,comp,sleep_h_avg3,0.3015857717750326,97,0.004353426365486326,87.75278834842815,0.05099728028141125,
p08,comp,time_in_bed_h_lag1,0.3039785109754636,94,0.002895960246391935,94.0,0.045926538549752705,
p08,comp,time_in_bed_h_avg3,0.3205277990603606,97,0.002447602155633255,87.16858628974776,0.045926538549752705,
p08,comp,bedtime_h_lag1,-0.01548765157696736,94,0.8873363255018356,86.16782685173249,0.9474822309907597,
p08,comp,bedtime_h_avg3,0.0028342541252216447,97,0.9795616445172037,84.1994864727536,0.9980837244573908,
p08,comp,sleep_eff_lag1,0.16917501367032203,94,0.11005032903120493,90.43463274845882,0.33703297522579384,
p08,comp,sleep_eff_avg3,0.13139830348459497,97,0.23071158631316185,84.97617908765119,0.4729587519419818,
p08,comp,rhr_night_lag1,0.004047662930273255,94,0.9717508791554256,79.04023120778716,0.9980837244573908,
p08,comp,rhr_night_avg3,0.03347416719434316,97,0.7671140605223843,80.72705829590973,0.9127698021755292,
p08,comp,steps_lag1,0.039438378658668484,94,0.7058763134130256,94.0,0.9127698021755292,
p08,comp,steps_avg3,0.05092538992523844,94,0.6585162158977088,77.7191608178176,0.8999721617268687,
p08,comp,lightly_lag1,0.03207205796270917,94,0.7703310768742175,85.3147108363052,0.9127698021755292,
p08,comp,lightly_avg3,0.06557851439775493,94,0.5719668052950995,76.6086680567871,0.8347451372247627,
p08,comp,mvpa_lag1,0.16719910978072342,94,0.11097427233044431,92.09026380555686,0.33703297522579384,
p08,comp,mvpa_avg3,0.15885090443951722,94,0.1613467621877142,79.24828553961011,0.40092225755735045,
p08,comp,very_lag1,0.147669211824781,94,0.15550588274409766,94.0,0.39848382453175024,
p08,comp,very_avg3,0.10617260594575731,94,0.34451270732366324,81.31902916851314,0.6010647234157529,
p08,comp,srpe_load_lag1,0.060151183562503714,102,0.5481369408013748,102.0,0.8323560952909765,
p08,comp,srpe_load_avg3,0.03627601255502789,101,0.7395477225195274,86.43165733818388,0.9127698021755292,
p08,comp,ex_min_nonwalk_lag1,0.13544413992397245,102,0.17467843655981719,102.0,0.4212832881736767,
p08,comp,ex_min_nonwalk_avg3,0.14257537266597897,101,0.18583775517130388,87.72404998062892,0.4232971090013033,
p08,comp,sedentary_lag1,-0.03877138566388591,87,0.7285618539469304,82.55694970904307,0.9127698021755292,
p08,comp,sedentary_avg3,-0.09176397937919759,91,0.4181524011382409,80.01461461361723,0.6855896908783247,
p08,comp,deep_min_lag1,0.21443796328849532,94,0.03794536314509566,94.0,0.19446998611861527,0.183402588534629
p08,comp,deep_min_avg3,0.16815155168146045,97,0.1223456859635179,85.72025924820134,0.34594297410374025,0.3085239037340886
p08,comp,rem_min_lag1,0.0830814607824764,94,0.42640334432676286,93.82919461448544,0.6855896908783247,0.6503940634622757
p08,comp,rem_min_avg3,0.010539616268029258,97,0.9228544623619189,86.91446129387828,0.9701803322266327,0.9558135503034161
p08,comp,light_min_lag1,0.205964881143306,94,0.04641569908471951,94.0,0.21144929583038888,0.19229361049383795
p08,comp,light_min_avg3,0.3196418820487571,97,0.0022815937191065522,88.85841752736478,0.045926538549752705,0.04872693724181079
p08,comp,deep_pct_lag1,0.10106459250939985,94,0.3324296551084978,94.0,0.5925919938890614,0.5508834284655106
p08,comp,deep_pct_avg3,0.12058203752802941,97,0.2718741673705795,84.92331414849124,0.543748334741159,0.5235575595340879
p08,comp,rem_pct_lag1,-0.0013162521385264596,94,0.9899805004393252,93.5226886228771,0.9980837244573908,0.9980837244573908
p08,comp,rem_pct_avg3,-0.10892174856004232,97,0.3196248048187262,85.4884156315882,0.5824274221141233,0.5452423141025329
p08,comp,wake_min_lag1,0.30733705648809634,94,0.0027380878791318803,92.94309484979502,0.045926538549752705,0.04872693724181079
p08,comp,wake_min_avg3,0.20797214339100611,97,0.05650360174860373,84.75591100507702,0.23166476716927525,0.2048255563386885
p08,comp,wake_pct_lag1,0.1634467412440337,94,0.11575988621621174,93.85418278314516,0.3390110953474772,0.3051851545700128
p08,comp,wake_pct_avg3,0.08527122469967689,97,0.43733393922463365,85.1631304027926,0.6896419810849992,0.6503940634622757
p08,comp,wake_count_lag1,0.3194920397757577,94,0.0016961626496255304,94.0,0.045926538549752705,0.04872693724181079
p08,comp,wake_count_avg3,0.2537567728806216,97,0.019991259931688748,83.81660770544588,0.14902575585440703,0.16282641865057218
p08,comp,wake_long_n_lag1,0.12973499402496252,94,0.21415927623316114,93.40436471025818,0.4629219392872304,0.44034038127321923
p08,comp,wake_long_n_avg3,0.16180262160742934,97,0.13460858843605403,86.878391848925,0.3560614274760139,0.31229192517164533
p08,comp,wake_per_h_lag1,0.1777091848060419,94,0.08660787674740833,94.0,0.29591024555364515,0.25116284256748417
p08,comp,wake_per_h_avg3,0.14526859159098338,97,0.1855375328490386,84.67285915340585,0.4232971090013033,0.41389141943247065
p08,comp,min_after_wake_lag1,-0.021198375856602232,94,0.8408740656360969,92.18341242504172,0.9317793700291885,0.9202018076772381
p08,comp,min_after_wake_avg3,-0.061053679023109826,97,0.5731684720875154,87.49190623036769,0.8347451372247627,0.8012971613429343
p08,comp,ss_overall_lag1,0.29951387029725846,94,0.00336047843046971,94.0,0.045926538549752705,0.04872693724181079
p08,comp,ss_overall_avg3,0.18901204636799643,97,0.07463935986287602,89.85235123954043,0.2889161927278228,0.2473775360070062
p08,comp,ss_composition_lag1,0.0262332991113612,94,0.8025388691278329,93.33135136371332,0.914002600951143,0.9105016899286494
p08,comp,ss_composition_avg3,-0.017952922175516115,97,0.8687226001915271,87.2421273699897,0.9474822309907597,0.9330724224279365
p08,comp,ss_revitalization_lag1,0.2517119823842543,94,0.014392000554699403,94.0,0.11801440454853511,0.1391226720287609
p08,comp,ss_revitalization_avg3,0.11643691719653769,97,0.2798324887164953,88.05677555601902,0.5463396208274433,0.5235575595340879
p08,comp,ss_duration_lag1,0.19909255857957273,94,0.05438558108716685,94.0,0.23166476716927525,0.2048255563386885
p08,comp,ss_duration_avg3,0.2401060595401671,97,0.02257114205224114,90.08882509191322,0.15423613735698113,0.16282641865057218
p08,comp,ss_deep_lag1,0.21808476961484496,94,0.034720142337025035,94.0,0.18980344477573688,0.1830698414134047
p08,comp,ss_deep_avg3,0.1649349426587264,97,0.13018053364730586,85.5400211189937,0.3558267919693027,0.31229192517164533
p08,comp,ss_restless_lag1,-0.08608579069078975,94,0.42156172306467976,89.33963421634468,0.6855896908783247,0.6503940634622757
p08,comp,ss_restless_avg3,-0.13556818141388038,97,0.2188618719151248,83.99855560981784,0.4629219392872304,0.44034038127321923
p08,comp,hr_sleep_mean_lag1,-0.23630085263535333,94,0.025471763073106796,89.36931917504599,0.1606680439995967,0.16282641865057218
p08,comp,hr_sleep_mean_avg3,-0.18973870328043718,97,0.0810374686919503,85.51860330142502,0.2889161927278228,0.2473775360070062
p08,comp,hr_sleep_p5_lag1,-0.27235726869999943,94,0.009918715914519278,88.76896830191151,0.0903705227767312,0.11505710460842362
p08,comp,hr_sleep_p5_avg3,-0.1747855539870254,97,0.11012349438381132,84.76425091449445,0.33703297522579384,0.3041506035362408
p08,comp,z_fatburn_lag1,0.1310741200783362,94,0.2201701906366096,89.24254700409294,0.4629219392872304,0.44034038127321923
p08,comp,z_fatburn_avg3,0.11506296972560483,94,0.3161225653607425,77.89756861568966,0.5824274221141233,0.5452423141025329
p08,comp,z_cardio_lag1,-0.029756930448353414,94,0.7758686092463062,94.0,0.9127698021755292,0.9105016899286494
p08,comp,z_cardio_avg3,0.046159070513670665,94,0.6829503653369066,80.7115454904772,0.9127698021755292,0.8802471375453463
p08,comp,z_peak_lag1,0.18277687107123425,94,0.07785615738637217,94.0,0.2889161927278228,0.2473775360070062
p08,comp,z_peak_avg3,-0.037881517983470635,94,0.7367889589169233,81.16538190731477,0.9127698021755292,0.9092289280251394
p08,comp,z_cardio_peak_lag1,0.05391947742984058,94,0.6057497650412004,94.0,0.8564048402306625,0.8170578226137121
p08,comp,z_cardio_peak_avg3,0.026331147655216578,94,0.8163118599360306,80.29759070648745,0.916953048147322,0.9105016899286494
p08,comp,ex_user_min_lag1,0.014496188234705252,94,0.8897089242230305,94.0,0.9474822309907597,0.938238501907923
p08,comp,ex_user_min_avg3,-0.07810522007355049,94,0.4841486340621315,82.49414544148839,0.7490601508131091,0.7020155193900907
p08,comp,ex_avg_hr_lag1,0.11785487789447753,82,0.291645958142259,82.0,0.5561620597131451,0.5286082991328445
p08,comp,ex_avg_hr_avg3,0.0505972687765234,87,0.6574659368476993,79.20069996901084,0.8999721617268687,0.8666596440265127
p08,comp,ex_cp_min_lag1,0.038226088051331,94,0.7145213368174101,94.0,0.9127698021755292,0.9009182072915172
p08,comp,ex_cp_min_avg3,0.030054528548504423,94,0.7903250726153972,80.73012288996529,0.9127698021755292,0.9105016899286494
p08,comp,hr_day_mean_lag1,0.029683836105681642,94,0.7842689387467757,87.51613407970547,0.9127698021755292,0.9105016899286494
p08,comp,hr_day_mean_avg3,0.09330036191799951,94,0.42048543576231673,76.72340275416107,0.6855896908783247,0.6503940634622757
p08,comp,hr_day_p10_lag1,-0.06179017767044052,94,0.5802496685586765,82.44717836109007,0.8347451372247627,0.8012971613429343
p08,comp,hr_day_p10_avg3,-0.0002792131293911039,94,0.9980837244573908,76.48693223162434,0.9980837244573908,0.9980837244573908
p08,comp,hr_dip_lag1,0.21677706397000765,92,0.041324975223545286,88.97983771370195,0.19933223343121845,0.18437296638197126
p08,comp,hr_dip_avg3,0.247048334919289,94,0.028073520456995207,79.09059853699712,0.16443061981954335,0.16282641865057218
p08,mood,sleep_h_lag1,0.03177797651820502,94,0.7610872337738803,94.0,0.9932208560834758,
p08,mood,sleep_h_avg3,0.15284716160774528,97,0.16560601224158816,83.81380811194174,0.7544685035443462,
p08,mood,time_in_bed_h_lag1,0.026361414184324746,94,0.8008806644909111,94.0,0.9932208560834758,
p08,mood,time_in_bed_h_avg3,0.16385909791527242,97,0.13881748335632596,82.99961448792747,0.7544685035443462,
p08,mood,bedtime_h_lag1,0.05762817251334828,94,0.6030814425918942,83.77613926550038,0.9932208560834758,
p08,mood,bedtime_h_avg3,0.022729661709472805,97,0.8425013257066492,78.89524955035999,0.9932208560834758,
p08,mood,sleep_eff_lag1,0.1230000572082597,94,0.24997421666942085,89.31198417640972,0.788380221803558,
p08,mood,sleep_eff_avg3,0.1439340063743368,97,0.2028520663626106,79.96352573390617,0.7544685035443462,
p08,mood,rhr_night_lag1,-0.08084443379663443,94,0.49138970937457155,74.70510442271986,0.9932208560834758,
p08,mood,rhr_night_avg3,0.0040345934488089695,97,0.9727531193215009,74.16525669345134,0.9932208560834758,
p08,mood,steps_lag1,0.12747178235314385,94,0.2208200498178574,94.0,0.7544685035443462,
p08,mood,steps_avg3,-0.0038773450055937762,94,0.9733321834855413,76.83178720484986,0.9932208560834758,
p08,mood,lightly_lag1,0.07787227539001264,94,0.4819404567783475,83.79124528980132,0.9932208560834758,
p08,mood,lightly_avg3,0.03866042185272972,94,0.7407800095796215,75.66722977758,0.9932208560834758,
p08,mood,mvpa_lag1,0.07823432780320878,94,0.45917961470132856,91.74030452472422,0.9932208560834758,
p08,mood,mvpa_avg3,0.022831867108045457,94,0.8422714911992529,78.43670197259638,0.9932208560834758,
p08,mood,very_lag1,0.04745347832160135,94,0.6497001975677722,94.0,0.9932208560834758,
p08,mood,very_avg3,-0.013042413521399197,94,0.9082258432204569,80.6125667893911,0.9932208560834758,
p08,mood,srpe_load_lag1,0.04694565608213572,102,0.6393963697369084,102.0,0.9932208560834758,
p08,mood,srpe_load_avg3,-0.04908391367756201,101,0.6607429636914867,82.35379518907789,0.9932208560834758,
p08,mood,ex_min_nonwalk_lag1,0.131037527757143,102,0.1892597681292075,102.0,0.7544685035443462,
p08,mood,ex_min_nonwalk_avg3,0.11751372494281355,101,0.2871366401895254,83.9750854276676,0.8409001605550387,
p08,mood,sedentary_lag1,-0.05251558462617805,87,0.6420831588593664,80.72123323528442,0.9932208560834758,
p08,mood,sedentary_avg3,-0.005136867167304638,91,0.9645060274900821,77.54187510620012,0.9932208560834758,
p08,mood,deep_min_lag1,0.13136101415094428,94,0.20693856568268096,94.0,0.7544685035443462,0.6522570366967958
p08,mood,deep_min_avg3,0.016474475909635092,97,0.8839475906790323,80.99051785421831,0.9932208560834758,0.9932208560834757
p08,mood,rem_min_lag1,0.03910107696306131,94,0.708621813457441,93.77410294228324,0.9932208560834758,0.9932208560834757
p08,mood,rem_min_avg3,0.049435155801738566,97,0.657881140528767,82.64612753574792,0.9932208560834758,0.9932208560834757
p08,mood,light_min_lag1,0.0008882314431042614,94,0.9932208560834757,94.0,0.9932208560834758,0.9932208560834757
p08,mood,light_min_avg3,0.1666321951296832,97,0.12662864613768682,85.36072564478211,0.7544685035443462,0.6522570366967958
p08,mood,deep_pct_lag1,0.0839777497783777,94,0.42097926924674156,94.0,0.9932208560834758,0.9391076006273467
p08,mood,deep_pct_avg3,-0.05181225341132837,97,0.6483079371403765,79.89069384298783,0.9932208560834758,0.9932208560834757
p08,mood,rem_pct_lag1,0.014421217453424045,94,0.8906523186206478,93.36906840289208,0.9932208560834758,0.9932208560834757
p08,mood,rem_pct_avg3,-0.019619773920036734,97,0.862270587749465,80.67014738974171,0.9932208560834758,0.9932208560834757
p08,mood,wake_min_lag1,0.1383114472831967,94,0.18708261488560715,92.60432370210663,0.7544685035443462,0.6522570366967958
p08,mood,wake_min_avg3,0.04652894304215492,97,0.6825834936570734,79.66017928386601,0.9932208560834758,0.9932208560834757
p08,mood,wake_pct_lag1,0.12958802132924235,94,0.2136704085730883,93.80714253449341,0.7544685035443462,0.6522570366967958
p08,mood,wake_pct_avg3,0.0044472602153641,97,0.9687249638529356,80.22122964624464,0.9932208560834758,0.9932208560834757
p08,mood,wake_count_lag1,0.06724986563649754,94,0.519564137825288,94.0,0.9932208560834758,0.9932208560834757
p08,mood,wake_count_avg3,0.0013886104944226029,97,0.9903494968091696,78.37002685457263,0.9932208560834758,0.9932208560834757
p08,mood,wake_long_n_lag1,0.004542069837792478,94,0.9654937072013338,93.21282240487832,0.9932208560834758,0.9932208560834757
p08,mood,wake_long_n_avg3,0.061005359158963324,97,0.5847287230402454,82.59598856930202,0.9932208560834758,0.9932208560834757
p08,mood,wake_per_h_lag1,0.00429785123102386,94,0.9672067159957924,94.0,0.9932208560834758,0.9932208560834757
p08,mood,wake_per_h_avg3,-0.10115009136448423,97,0.37338623092313206,79.54588224311391,0.9751529552880113,0.882870187811975
p08,mood,min_after_wake_lag1,0.03168944740129423,94,0.7647796128529489,91.60425986825949,0.9932208560834758,0.9932208560834757
p08,mood,min_after_wake_avg3,0.009436189078799116,97,0.9323391735174832,83.44994975626612,0.9932208560834758,0.9932208560834757
p08,mood,ss_overall_lag1,0.1304981483896668,94,0.20996319160144225,94.0,0.7544685035443462,0.6522570366967958
p08,mood,ss_overall_avg3,0.09531106801929567,97,0.380547494746541,86.758131306683,0.9751529552880113,0.882870187811975
p08,mood,ss_composition_lag1,0.03390600274923117,94,0.7468045657643684,93.11644038142553,0.9932208560834758,0.9932208560834757
p08,mood,ss_composition_avg3,0.015290953002643347,97,0.8908020454240854,83.10198705469423,0.9932208560834758,0.9932208560834757
p08,mood,ss_revitalization_lag1,0.16280674316550683,94,0.11692079632543252,94.0,0.7544685035443462,0.6522570366967958
p08,mood,ss_revitalization_avg3,0.15160751656437768,97,0.16799678789257214,84.23833869614839,0.7544685035443462,0.6522570366967958
p08,mood,ss_duration_lag1,-0.0011981120027628074,94,0.9908558799709284,94.0,0.9932208560834758,0.9932208560834757
p08,mood,ss_duration_avg3,0.09541983461238329,97,0.3790606512591207,87.09154629964124,0.9751529552880113,0.882870187811975
p08,mood,ss_deep_lag1,0.13458691068831136,94,0.19590648395995447,94.0,0.7544685035443462,0.6522570366967958
p08,mood,ss_deep_avg3,0.010356047240118293,97,0.927010316823747,80.74142836250563,0.9932208560834758,0.9932208560834757
p08,mood,ss_restless_lag1,-0.15093962185935403,94,0.16067803769088349,87.88363104929748,0.7544685035443462,0.6522570366967958
p08,mood,ss_restless_avg3,-0.14710232708601892,97,0.19688980538850104,78.61950341453367,0.7544685035443462,0.6522570366967958
p08,mood,hr_sleep_mean_lag1,-0.19568426230549535,94,0.06780340222599773,87.92228281546765,0.7544685035443462,0.6522570366967958
p08,mood,hr_sleep_mean_avg3,-0.14265506687065485,97,0.20475675290685916,80.71184258276207,0.7544685035443462,0.6522570366967958
p08,mood,hr_sleep_p5_lag1,-0.25862881145144573,94,0.015487878088950113,87.14134596598961,0.6350030016469547,0.44914846457955326
p08,mood,hr_sleep_p5_avg3,-0.16128005890041275,97,0.15381816502645004,79.67165917780132,0.7544685035443462,0.6522570366967958
p08,mood,z_fatburn_lag1,-0.056306926593291236,94,0.601500891507737,88.3864851547541,0.9932208560834758,0.9932208560834757
p08,mood,z_fatburn_avg3,-0.023140907442081096,94,0.8416436962686857,77.01895738326095,0.9932208560834758,0.9932208560834757
p08,mood,z_cardio_lag1,0.11428874522950588,94,0.27270998008558434,94.0,0.8282303098895525,0.7531989926173281
p08,mood,z_cardio_avg3,0.015377726054734732,94,0.8923248227703607,79.97394748911228,0.9932208560834758,0.9932208560834757
p08,mood,z_peak_lag1,0.2139366917070692,94,0.038407681251304795,94.0,0.7544685035443462,0.6522570366967958
p08,mood,z_peak_avg3,0.0054907493767429975,94,0.961334801347286,80.45102128643283,0.9932208560834758,0.9932208560834757
p08,mood,z_cardio_peak_lag1,0.1806920075662894,94,0.08136677556112938,94.0,0.7544685035443462,0.6522570366967958
p08,mood,z_cardio_peak_avg3,0.02942287131380167,94,0.7961687618098617,79.53891730395188,0.9932208560834758,0.9932208560834757
p08,mood,ex_user_min_lag1,0.03399796197349127,94,0.7449493372275849,94.0,0.9932208560834758,0.9932208560834757
p08,mood,ex_user_min_avg3,-0.0552927063379456,94,0.6220706405344498,81.84861182438686,0.9932208560834758,0.9932208560834757
p08,mood,ex_avg_hr_lag1,0.28676425129685296,82,0.009001454603514519,82.0,0.6350030016469547,0.44914846457955326
p08,mood,ex_avg_hr_avg3,0.1569277797274725,87,0.17334308135964913,76.8433394834227,0.7544685035443462,0.6522570366967958
p08,mood,ex_cp_min_lag1,0.16695232691623338,94,0.10776622727080874,94.0,0.7544685035443462,0.6522570366967958
p08,mood,ex_cp_min_avg3,0.04984239733984491,94,0.6606309327853401,79.99347339007883,0.9932208560834758,0.9932208560834757
p08,mood,hr_day_mean_lag1,-0.004997251301880447,94,0.9634985755119574,86.36236755037875,0.9932208560834758,0.9932208560834757
p08,mood,hr_day_mean_avg3,0.02521655730478803,94,0.8290570432896227,75.78751235129937,0.9932208560834758,0.9932208560834757
p08,mood,hr_day_p10_lag1,-0.11305976797403598,94,0.3165954931401197,80.45870989585805,0.8952010495686143,0.8346608455512247
p08,mood,hr_day_p10_avg3,-0.0405372819260856,94,0.7288983578972137,75.53961711898265,0.9932208560834758,0.9932208560834757
p08,mood,hr_dip_lag1,0.12559862663785634,92,0.24417279307838438,87.79817429361736,0.788380221803558,0.7081010999273147
p08,mood,hr_dip_avg3,0.06676217089204106,94,0.5607025753685614,78.27112724456285,0.9932208560834758,0.9932208560834757
p09,comp,sleep_h_lag1,0.3321464827319351,94,0.0010733201885417829,94.0,0.015853255104273673,
p09,comp,sleep_h_avg3,-0.014160892560013816,98,0.8925144836046845,93.53917611625279,0.8925144836046845,
p09,comp,time_in_bed_h_lag1,0.34263519186969515,94,0.0007236441529707248,94.0,0.015853255104273673,
p09,comp,time_in_bed_h_avg3,-0.029891051756369393,98,0.7754045233205201,93.56662546473592,0.8732859778766073,
p09,comp,bedtime_h_lag1,-0.02699666555027015,94,0.7968734548124041,93.36920177668591,0.8732859778766073,
p09,comp,bedtime_h_avg3,-0.03705928912794408,98,0.7244057174794062,92.94988866079242,0.8522420205640072,
p09,comp,sleep_eff_lag1,0.01916309161390996,94,0.8552992412037966,93.04145633061054,0.881681195078443,
p09,comp,sleep_eff_avg3,0.021327260142792008,98,0.8396973073009023,92.43589517006477,0.881681195078443,
p09,comp,rhr_night_lag1,0.158795223784614,92,0.1526826105531351,82.5795838299701,0.3940196401371228,
p09,comp,rhr_night_avg3,0.07652280651935237,96,0.47625741541440836,88.89796173055834,0.6803677363062975,
p09,comp,steps_lag1,0.15241334750140997,82,0.17163327249470936,82.0,0.40819819358866394,
p09,comp,steps_avg3,0.14153739391877468,90,0.19646718696224624,84.94603573128822,0.4247939177562081,
p09,comp,lightly_lag1,0.18479229407752776,82,0.09650809152649999,82.0,0.34996982763298884,
p09,comp,lightly_avg3,0.16851132536832603,90,0.12396172383739756,84.64865768639463,0.34996982763298884,
p09,comp,mvpa_lag1,0.17327725248854262,82,0.11951668756193336,82.0,0.34996982763298884,
p09,comp,mvpa_avg3,0.024527287786367386,90,0.8228777715279812,85.7641059870001,0.8777362896298467,
p09,comp,very_lag1,0.1500044308820025,82,0.17858670969504048,82.0,0.40819819358866394,
p09,comp,very_avg3,0.05961084841323035,90,0.5865871491482018,85.56684778658888,0.7332339364352523,
p09,comp,srpe_load_lag1,-0.24445594165841664,32,0.17753103125316125,32.0,0.40819819358866394,
p09,comp,srpe_load_avg3,-0.11789557375419213,32,0.5204633588890984,32.0,0.6967792205551303,
p09,comp,ex_min_nonwalk_lag1,-0.10294309848002371,75,0.3794676073727246,75.0,0.5862178946553248,
p09,comp,ex_min_nonwalk_avg3,-0.10331650506667603,74,0.38104163152596116,74.0,0.5862178946553248,
p09,comp,sedentary_lag1,-0.1312253242208068,67,0.28982887097500337,67.0,0.5072145774833473,
p09,comp,sedentary_avg3,-0.12420844587661621,70,0.31654876777522994,67.0172289735767,0.5168143147350692,
p09,comp,deep_min_lag1,0.4029757443482972,89,9.029354473568768e-05,89.0,0.003611741789427507,0.002528219252599255
p09,comp,deep_min_avg3,0.16910528440132405,96,0.10637738096569592,92.36024146936194,0.34996982763298884,0.27749812384265043
p09,comp,rem_min_lag1,0.3192525029814804,89,0.0022924645336724362,89.0,0.026199594670542132,0.025675602777131285
p09,comp,rem_min_avg3,0.033463520235389135,96,0.7514660386837546,92.02027955129576,0.8712649723869619,0.8251391797311816
p09,comp,light_min_lag1,0.1899752369823481,89,0.07455964212796717,89.0,0.28403673191606543,0.2197547346929559
p09,comp,light_min_avg3,-0.1689397295879388,96,0.10669724323865887,92.37465796238749,0.34996982763298884,0.27749812384265043
p09,comp,deep_pct_lag1,0.22401164938050633,89,0.034828633564831415,89.0,0.21433005270665484,0.17730940723914176
p09,comp,deep_pct_avg3,0.23977525293164406,96,0.020657752761283316,92.94273104858128,0.16526202209026652,0.1446042693289832
p09,comp,rem_pct_lag1,0.23143433885952217,89,0.029094698607757614,89.0,0.19396465738505075,0.16293031220344262
p09,comp,rem_pct_avg3,0.12885871689719708,96,0.2205655126734552,92.12349367145421,0.4524420772788824,0.4259196106797756
p09,comp,wake_min_lag1,0.20585818683411145,94,0.04751540118654886,93.18705479118901,0.22887022086745193,0.17801017178579592
p09,comp,wake_min_avg3,-0.20046595125136826,98,0.05264172342810663,94.0519533418556,0.22887022086745193,0.17801017178579592
p09,comp,wake_pct_lag1,-0.1452445862827,89,0.17693410622031475,88.00631998995193,0.40819819358866394,0.38108884416683175
p09,comp,wake_pct_avg3,-0.16759859812340025,96,0.11149919988546655,91.39608193252131,0.34996982763298884,0.27749812384265043
p09,comp,wake_count_lag1,0.23905914925353308,89,0.024674534710424714,88.25335531799392,0.17945116153036156,0.15353043819819823
p09,comp,wake_count_avg3,-0.0679942132882568,96,0.5201585062325762,91.74851023845987,0.6967792205551303,0.6573960472194056
p09,comp,wake_long_n_lag1,0.06026635559201087,89,0.5747807427674719,89.0,0.7298803082761549,0.6848451403186899
p09,comp,wake_long_n_avg3,-0.0847799034718275,96,0.4227332391991679,91.5946383925036,0.6262714654802487,0.5887414238730003
p09,comp,wake_per_h_lag1,0.05749171615442344,89,0.5967961883686533,87.02704506785936,0.7345183856844965,0.6962622197634288
p09,comp,wake_per_h_avg3,-0.01682716848628517,96,0.8740887961958054,91.172165032269,0.8851532113375244,0.8740887961958054
p09,comp,min_after_wake_lag1,-0.19730648891164346,94,0.057217555216862975,93.56843746174982,0.22887022086745193,0.17801017178579592
p09,comp,min_after_wake_avg3,-0.11812967325110567,98,0.2555571394782697,94.48379334013151,0.47545514321538546,0.4336727215388819
p09,comp,ss_overall_lag1,0.2772298059252911,92,0.0074641498631026195,92.0,0.07464149863102619,0.06966539872229112
p09,comp,ss_overall_avg3,-0.01862473141349887,96,0.859639165201482,92.62951203591192,0.881681195078443,0.8740887961958054
p09,comp,ss_composition_lag1,0.3409525345470479,92,0.0008994973734140619,91.69751599635951,0.015853255104273673,0.016645917859487356
p09,comp,ss_composition_avg3,0.24318873862603937,96,0.01981142125309914,91.54265361326392,0.16526202209026652,0.1446042693289832
p09,comp,ss_revitalization_lag1,-0.12712393681565515,92,0.22865562919894722,91.44709797573739,0.45731125839789444,0.4268238411713681
p09,comp,ss_revitalization_avg3,-0.1014005203863703,96,0.33483563187108806,92.49129518769013,0.5357370109937409,0.4934419838100245
p09,comp,ss_duration_lag1,0.332812146267112,92,0.0011889941328205255,92.0,0.015853255104273673,0.016645917859487356
p09,comp,ss_duration_avg3,-0.03031254738547664,96,0.773718821857321,92.42210675382381,0.8732859778766073,0.8308542370686253
p09,comp,ss_deep_lag1,0.4246793935819377,92,2.4515432071814794e-05,92.0,0.0019612345657451834,0.0013728641960216285
p09,comp,ss_deep_avg3,0.21534847679256935,96,0.03911861091389864,92.11931374342097,0.219719474189666,0.17746572915319175
p09,comp,ss_restless_lag1,-0.12198889109262255,92,0.2479320919308057,91.53333538147375,0.4722516036777252,0.4336727215388819
p09,comp,ss_restless_avg3,-0.12404512688172642,96,0.24201983455852252,90.76823674390997,0.4722338235288245,0.4336727215388819
p09,comp,hr_sleep_mean_lag1,0.2146604443621619,93,0.04119740141056237,90.84676145865791,0.219719474189666,0.17746572915319175
p09,comp,hr_sleep_mean_avg3,0.1648290539818133,98,0.11397244372108856,93.19635546594958,0.34996982763298884,0.27749812384265043
p09,comp,hr_sleep_p5_lag1,0.16011468655061162,93,0.13123868536237082,90.20245770926266,0.34996982763298884,0.2939746552117106
p09,comp,hr_sleep_p5_avg3,0.15952815931352057,98,0.12707559538445506,92.79975729937516,0.34996982763298884,0.2939746552117106
p09,comp,z_fatburn_lag1,0.21222673465245684,82,0.05560001463400223,82.0,0.22887022086745193,0.17801017178579592
p09,comp,z_fatburn_avg3,0.02973097314669596,90,0.7863441886542347,85.58362796064144,0.8732859778766073,0.8308542370686253
p09,comp,z_cardio_lag1,0.1152806200254031,82,0.3023872188088595,82.0,0.5072145774833473,0.46060567036325595
p09,comp,z_cardio_avg3,0.07274005325776552,90,0.5063859124238647,85.72435966952143,0.6967792205551303,0.6573960472194056
p09,comp,z_peak_lag1,-0.026102017165370778,82,0.8159362659999058,82.0,0.8777362896298467,0.846156127703606
p09,comp,z_peak_avg3,-0.04144842050413234,90,0.705660663870077,85.46103138626069,0.8425798971583008,0.7903399435344862
p09,comp,z_cardio_peak_lag1,0.11811931231248103,82,0.29055701958291974,82.0,0.5072145774833473,0.46060567036325595
p09,comp,z_cardio_peak_avg3,0.06900250658935314,90,0.5287166218359198,85.64958091240204,0.6967792205551303,0.6573960472194056
p09,comp,ex_user_min_lag1,-0.1480773692680954,82,0.1842955805967047,82.0,0.4095457346593438,0.3822426856820542
p09,comp,ex_user_min_avg3,-0.1130170824034625,90,0.3024259873248674,85.22489766092711,0.5072145774833473,0.46060567036325595
p09,comp,ex_cp_min_lag1,-0.06864718585050308,82,0.540003895930226,82.0,0.6967792205551303,0.6573960472194056
p09,comp,ex_cp_min_avg3,-0.11209974472265458,90,0.3043287464900084,85.93392817553004,0.5072145774833473,0.46060567036325595
p09,comp,hr_day_mean_lag1,0.23001914691357114,74,0.04866270370965827,74.0,0.22887022086745193,0.17801017178579592
p09,comp,hr_day_mean_avg3,0.09198019394775811,80,0.4310428281927324,75.4718736903635,0.6269713864621562,0.5887414238730003
p09,comp,hr_day_p10_lag1,0.14777086559251745,74,0.20895556152533595,74.0,0.43990644531649675,0.4179111230506719
p09,comp,hr_day_p10_avg3,0.09487405859939496,80,0.41981361020226626,74.47846066531761,0.6262714654802487,0.5887414238730003
p09,comp,hr_dip_lag1,0.04678714517355948,69,0.7026450828348001,69.0,0.8425798971583008,0.7903399435344862
p09,comp,hr_dip_avg3,-0.07308945863430978,78,0.5345749261364109,74.50319843889916,0.6967792205551303,0.6573960472194056
p09,mood,sleep_h_lag1,0.12358033071750757,94,0.2353540427728508,94.0,0.4211334597683602,
p09,mood,sleep_h_avg3,-0.13466989279979072,98,0.22607614180262112,82.56232087981996,0.4211334597683602,
p09,mood,time_in_bed_h_lag1,0.12518348813476077,94,0.22928783155467763,94.0,0.4211334597683602,
p09,mood,time_in_bed_h_avg3,-0.1606301504069298,98,0.14775264371267013,82.65190306770596,0.36938160928167535,
p09,mood,bedtime_h_lag1,0.00546982628626926,94,0.9591383767880829,90.23450420766152,0.959138376788083,
p09,mood,bedtime_h_avg3,-0.02709192451482336,98,0.8106772905862131,80.65427796260636,0.9261269213026584,
p09,mood,sleep_eff_lag1,0.04635731849201958,94,0.6674115164289331,88.32736518745138,0.847506687528804,
p09,mood,sleep_eff_avg3,0.13460299619479266,98,0.23688757111970263,79.01328732090214,0.4211334597683602,
p09,mood,rhr_night_lag1,0.09722166727266962,92,0.44607967696170625,63.63195562205263,0.6404639367699403,
p09,mood,rhr_night_avg3,0.018257522376012917,96,0.8798205752375255,71.06725383784753,0.9261269213026584,
p09,mood,steps_lag1,0.20335901884533128,82,0.07351570738181304,78.32883669856989,0.2812266347254474,
p09,mood,steps_avg3,0.1845046179377909,90,0.1200892516108525,72.25756035649215,0.36938160928167535,
p09,mood,lightly_lag1,0.287473246877999,82,0.011110196510630346,77.24417159356268,0.12697367440720395,
p09,mood,lightly_avg3,0.27722856279515906,90,0.018996907997966068,71.29341733407512,0.15197526398372854,
p09,mood,mvpa_lag1,0.20743334392491325,82,0.06149124273511748,82.0,0.28025689810026005,
p09,mood,mvpa_avg3,0.036236946927189984,90,0.7576629458869589,74.95282453139123,0.9109379159533456,
p09,mood,very_lag1,0.19942222171860072,82,0.07382199161542995,81.24972197195581,0.2812266347254474,
p09,mood,very_avg3,0.06743609245666744,90,0.567277090794119,74.29708357489282,0.7439699551398282,
p09,mood,srpe_load_lag1,-0.1602556079232137,32,0.38094454739518296,32.0,0.5896242056094824,
p09,mood,srpe_load_avg3,-0.1802053589039466,32,0.3777295913330685,26.062198028328275,0.5896242056094824,
p09,mood,ex_min_nonwalk_lag1,-0.13835214319885322,75,0.2365147517904992,75.0,0.4211334597683602,
p09,mood,ex_min_nonwalk_avg3,-0.15251928606343249,74,0.2320488639398292,63.17846210401499,0.4211334597683602,
p09,mood,sedentary_lag1,-0.09843333158826224,67,0.4289543042650327,66.75705168724926,0.6354878581704188,
p09,mood,sedentary_avg3,-0.024635805496829425,70,0.8612998215158794,52.780214700987116,0.9261269213026584,
p09,mood,deep_min_lag1,0.2882351850080687,89,0.006159713862578651,89.0,0.10746928248461483,0.07522849773923039
p09,mood,deep_min_avg3,0.10807720302170547,96,0.33200618896562417,82.59173492029053,0.5420509207602028,0.5164540717243042
p09,mood,rem_min_lag1,0.14094408161593985,89,0.18768641710164807,89.0,0.4130791617072691,0.3566250096072757
p09,mood,rem_min_avg3,-0.029395315595087408,96,0.7939524663387647,81.41004427955698,0.9205245986536403,0.9073742472443025
p09,mood,light_min_lag1,0.017095630199719943,89,0.8736598053870741,89.0,0.9261269213026584,0.9231122472014368
p09,mood,light_min_avg3,-0.29363528732451327,96,0.007182815342622567,82.64209900864458,0.10746928248461483,0.07522849773923039
p09,mood,deep_pct_lag1,0.2791891586216033,89,0.008060196186346113,89.0,0.10746928248461483,0.07522849773923039
p09,mood,deep_pct_avg3,0.3039427551047075,96,0.0047749731040039895,84.64327394284294,0.10746928248461483,0.07522849773923039
p09,mood,rem_pct_lag1,0.140815550222995,89,0.18809328019016391,89.0,0.4130791617072691,0.3566250096072757
p09,mood,rem_pct_avg3,0.16808685217399522,96,0.13173929827823908,81.76760525100815,0.36938160928167535,0.3224077664362756
p09,mood,wake_min_lag1,0.018201839184329875,94,0.8654276491941052,89.17052419290611,0.9261269213026584,0.9231122472014368
p09,mood,wake_min_avg3,-0.3130909062179591,98,0.0036820356540013953,84.24629588866759,0.10746928248461483,0.07522849773923039
p09,mood,wake_pct_lag1,-0.1630051929581079,89,0.13678332389628917,84.70203604704588,0.36938160928167535,0.3224077664362756
p09,mood,wake_pct_avg3,-0.24630894383680838,96,0.028377132078840225,79.2697671143865,0.18918088052560153,0.15891193964150524
p09,mood,wake_count_lag1,0.01942557187590991,89,0.8592995465093275,85.75548045083251,0.9261269213026584,0.9231122472014368
p09,mood,wake_count_avg3,-0.20317094643360695,96,0.06982692345863002,80.47355039208149,0.2812266347254474,0.24439423210520508
p09,mood,wake_long_n_lag1,-0.06824382191998635,89,0.5251342404199139,89.0,0.7120464276880187,0.7001789872265518
p09,mood,wake_long_n_avg3,-0.21669199376894666,96,0.05360828489065472,79.94650211244519,0.2680414244532736,0.2144331395626189
p09,mood,wake_per_h_lag1,-0.11131726438240057,89,0.3236579455484353,80.62053530883931,0.5394299092473922,0.5164540717243042
p09,mood,wake_per_h_avg3,-0.14912572205208233,96,0.19104911228961197,78.51111425116224,0.4130791617072691,0.3566250096072757
p09,mood,min_after_wake_lag1,-0.21014371399439913,94,0.045076166453789306,91.4101393304251,0.24040622108687631,0.19417425549324624
p09,mood,min_after_wake_avg3,-0.12020363425200156,98,0.27119625924699964,85.68189255949048,0.4716456682556515,0.46021183387369635
p09,mood,ss_overall_lag1,0.11395790740417058,92,0.2794173681758791,92.0,0.47560403093766657,0.4602168417014479
p09,mood,ss_overall_avg3,-0.03348636262199122,96,0.7630092448127004,83.53586203149827,0.9109379159533456,0.9033467666537344
p09,mood,ss_composition_lag1,0.23866259364386036,92,0.02272520504895087,90.98220113075227,0.1652742185378245,0.14140127586013873
p09,mood,ss_composition_avg3,0.2665874862231656,96,0.01699716049127749,79.7689579334934,0.15139336867877434,0.11922227783453479
p09,mood,ss_revitalization_lag1,-0.15945868699162793,92,0.13297222654996269,90.14557215423106,0.36938160928167535,0.3224077664362756
p09,mood,ss_revitalization_avg3,-0.07652121702497226,96,0.4915832031192331,83.05033402139541,0.6871714243819587,0.6804673129245737
p09,mood,ss_duration_lag1,0.16486693357498464,92,0.1163001449047212,92.0,0.36938160928167535,0.3224077664362756
p09,mood,ss_duration_avg3,-0.0950608635326476,96,0.39319935341159995,82.80800783743747,0.5935084579797736,0.5794516787118315
p09,mood,ss_deep_lag1,0.3128240217636509,92,0.0023968894958878635,92.0,0.10746928248461483,0.07522849773923039
p09,mood,ss_deep_avg3,0.16517255760928612,96,0.13870219192125904,81.75310451330822,0.36938160928167535,0.3224077664362756
p09,mood,ss_restless_lag1,-0.18554514624528626,92,0.07922589446324821,90.43307759696042,0.28809416168453894,0.26097941705540584
p09,mood,ss_restless_avg3,-0.24146464256741682,96,0.03419256541640719,77.15453600624463,0.2015293878387273,0.16458233340162728
p09,mood,hr_sleep_mean_lag1,0.2275883166700398,93,0.03526764287177728,85.82956032205465,0.2015293878387273,0.16458233340162728
p09,mood,hr_sleep_mean_avg3,0.1633542128970694,98,0.14393203858762305,81.44880894245642,0.36938160928167535,0.3224077664362756
p09,mood,hr_sleep_p5_lag1,0.18177598095756067,93,0.09844992487431274,83.75943984381577,0.3424345213019574,0.3062886551645285
p09,mood,hr_sleep_p5_avg3,0.15321107059879144,98,0.1743586505121595,80.17274468596415,0.4130791617072691,0.3566250096072757
p09,mood,z_fatburn_lag1,0.2643099376156945,82,0.017031753976362113,81.1077563554549,0.15139336867877434,0.11922227783453479
p09,mood,z_fatburn_avg3,0.04775845532674759,90,0.6854293346661324,74.35271971783374,0.8567866683326655,0.8529787275845204
p09,mood,z_cardio_lag1,0.0323700206162441,82,0.7742972285603438,80.93501833249411,0.9109379159533456,0.9033467666537344
p09,mood,z_cardio_avg3,-0.0066088070699521755,90,0.9551796885581929,74.82039471466794,0.959138376788083,0.9551796885581929
p09,mood,z_peak_lag1,-0.017898884001017988,82,0.8731916192168202,82.0,0.9261269213026584,0.9231122472014368
p09,mood,z_peak_avg3,-0.08951979624064013,90,0.4483247557389582,73.94686184414145,0.6404639367699403,0.6437483672149144
p09,mood,z_cardio_peak_lag1,0.0346457604963719,82,0.7586660926803186,81.08966643046324,0.9109379159533456,0.9033467666537344
p09,mood,z_cardio_peak_avg3,-0.010582333586803766,90,0.9284124955147381,74.5716548037052,0.9522179441176802,0.9452927227059151
p09,mood,ex_user_min_lag1,-0.16485758364014658,82,0.13885233360640764,82.0,0.36938160928167535,0.3224077664362756
p09,mood,ex_user_min_avg3,-0.14735780904349224,90,0.21291440449239746,73.1691779711098,0.4211334597683602,0.38461956940562125
p09,mood,ex_cp_min_lag1,-0.09755440921082038,82,0.38325573364616355,82.0,0.5896242056094824,0.5794516787118315
p09,mood,ex_cp_min_avg3,-0.14234655178150799,90,0.22146910886578927,75.52037724140884,0.4211334597683602,0.38757094051513125
p09,mood,hr_day_mean_lag1,0.21870672601217117,74,0.06305780207255851,72.98716624904876,0.28025689810026005,0.23541579440421845
p09,mood,hr_day_mean_avg3,0.08723400043905193,80,0.49819928267692004,62.554916568819586,0.6871714243819587,0.6804673129245737
p09,mood,hr_day_p10_lag1,0.15783757089110634,74,0.1853171099422095,72.04053280942199,0.4130791617072691,0.3566250096072757
p09,mood,hr_day_p10_avg3,0.07221493904270572,80,0.586402119646058,59.10848193414021,0.7566478963174943,0.7463299704586194
p09,mood,hr_dip_lag1,-0.015250234102027135,69,0.9010216178311309,69.0,0.936126356188188,0.9343927888619135
p09,mood,hr_dip_avg3,-0.07473758996170622,78,0.5546031304633107,64.8281158760376,0.7394708406177475,0.7222738443243116
p10,comp,sleep_h_lag1,0.3087137283848292,80,0.0053335959543059225,80.0,0.07111461272407897,
p10,comp,sleep_h_avg3,0.24531197333874524,87,0.028303822399165783,79.98690364989882,0.18315069437858947,
p10,comp,time_in_bed_h_lag1,0.2715770261212156,80,0.014922882191583983,79.83657924368877,0.11544483696633717,
p10,comp,time_in_bed_h_avg3,0.20185191299349614,87,0.07298077189489105,79.77709096229269,0.23795152344443432,
p10,comp,bedtime_h_lag1,-0.0244319828131054,80,0.8314247677390192,78.39114023542503,0.8906360251212064,
p10,comp,bedtime_h_avg3,0.07166503124781656,87,0.5276935795295224,79.9544662291095,0.6869117014715337,
p10,comp,sleep_eff_lag1,0.2431438053981214,80,0.029761987836520787,80.0,0.18315069437858947,
p10,comp,sleep_eff_avg3,0.09749097963450619,87,0.38846760223010035,80.37625658978503,0.5787225610127467,
p10,comp,rhr_night_lag1,0.0164966149799913,80,0.8901248648557829,72.6161507923996,0.9013922682083877,
p10,comp,rhr_night_avg3,-0.1295176900892134,87,0.2604797288495608,77.34519386889929,0.4630873386364702,
p10,comp,steps_lag1,0.08091232516737869,84,0.4700051095792661,81.96493914260063,0.648282909764505,
p10,comp,steps_avg3,-0.024603324871885993,89,0.832238523605632,76.60573319885923,0.8906360251212064,
p10,comp,lightly_lag1,0.1948765238456472,84,0.08310534526458652,80.06264686070358,0.23795152344443432,
p10,comp,lightly_avg3,0.3171126204474969,89,0.005148200007605967,76.34159425890785,0.07111461272407897,
p10,comp,mvpa_lag1,-0.06448229261251645,84,0.5686253745971777,80.49593596700322,0.699846614888834,
p10,comp,mvpa_avg3,-0.17575646645373566,89,0.1277426554536791,76.42654950793037,0.3193566386341978,
p10,comp,very_lag1,-0.12690414744240733,84,0.2638933283455263,79.37844936451249,0.4630873386364702,
p10,comp,very_avg3,-0.2171190796134856,89,0.06107460330817015,75.14286498508727,0.23795152344443432,
p10,comp,srpe_load_lag1,0.019679194004659697,85,0.8581229161364977,85.0,0.9013922682083877,
p10,comp,srpe_load_avg3,-0.08954587607185166,85,0.44411519120308407,75.23953183603167,0.634450273147263,
p10,comp,ex_min_nonwalk_lag1,-0.03711346782784618,89,0.7298709867572398,89.0,0.8462272310228868,
p10,comp,ex_min_nonwalk_avg3,-0.05960315350550313,90,0.5993829251948365,80.03079333192754,0.7156811047102526,
p10,comp,sedentary_lag1,-0.12021034054782959,75,0.31063825122718924,73.1189182478673,0.48727568819951256,
p10,comp,sedentary_avg3,-0.16472311681856408,79,0.191426068571273,64.5358586898917,0.4263518201982152,
p10,comp,deep_min_lag1,0.2707477598747397,80,0.015137053617782245,80.0,0.11544483696633717,0.11111565558009953
p10,comp,deep_min_avg3,0.22361022173792067,87,0.04475823915707299,81.01723985005718,0.21062700779799057,0.20452429696942315
p10,comp,rem_min_lag1,0.2251857843273213,80,0.04461169569478517,80.0,0.21062700779799057,0.20452429696942315
p10,comp,rem_min_avg3,0.2037023096718049,87,0.07019884952020161,79.85281562790561,0.23795152344443432,0.23319249297554565
p10,comp,light_min_lag1,0.20006503757095812,80,0.0814655762808205,76.80468893374437,0.23795152344443432,0.23319249297554565
p10,comp,light_min_avg3,0.07421175058599501,87,0.5147543850142314,79.34419954894732,0.6863391800189753,0.6551419445635672
p10,comp,deep_pct_lag1,0.148982440879899,80,0.18718866506756604,80.0,0.4263518201982152,0.4132333026536547
p10,comp,deep_pct_avg3,0.12910151721338428,87,0.25290473901870625,80.2709235838822,0.4630873386364702,0.43857095012042185
p10,comp,rem_pct_lag1,0.03176601658499964,80,0.7803897434441749,79.49565361937354,0.8906360251212064,0.8641437084577847
p10,comp,rem_pct_avg3,0.09744419416628235,87,0.39063772868360397,79.74105373042501,0.5787225610127467,0.5468928201570455
p10,comp,wake_min_lag1,-0.11739512541784987,80,0.30883303748532176,77.12664488234721,0.48727568819951256,0.45512237103100045
p10,comp,wake_min_avg3,0.050070548186254636,87,0.6598101837667325,79.68481662287967,0.7762472750196854,0.7540687814476943
p10,comp,wake_pct_lag1,-0.34527686457021384,80,0.0017085429962279803,80.0,0.04247895927818477,0.02973527149472934
p10,comp,wake_pct_avg3,-0.1016089071953708,87,0.36663568184286294,81.03263216550197,0.564054895142866,0.5264512354666749
p10,comp,wake_count_lag1,0.28783435208958696,80,0.010580398010574924,78.0527861901042,0.10580398010574923,0.09875038143203263
p10,comp,wake_count_avg3,0.1409016026520559,87,0.2123966784705915,80.04284246024558,0.44309646670833885,0.41712184624612597
p10,comp,wake_long_n_lag1,-0.13559658781365402,80,0.23692801193287563,77.87273361861071,0.4630873386364702,0.43857095012042185
p10,comp,wake_long_n_avg3,0.12003226562693062,87,0.2895621894445079,79.78648916839327,0.48260364907417985,0.45043007246923455
p10,comp,wake_per_h_lag1,0.12847339954286005,80,0.2662752197159704,76.75252659173098,0.4630873386364702,0.43857095012042185
p10,comp,wake_per_h_avg3,0.01379217189258701,87,0.9033955218763189,79.93354892706522,0.903395521876319,0.9033955218763189
p10,comp,min_after_wake_lag1,0.34099571238484416,80,0.0021239479639092386,78.85431141403151,0.04247895927818477,0.02973527149472934
p10,comp,min_after_wake_avg3,0.22850688913317105,87,0.041109326021798565,80.28204225635469,0.21062700779799057,0.20452429696942315
p10,comp,ss_overall_lag1,0.3593685694007589,80,0.0010611138402654278,80.0,0.04244455361061711,0.02971118752743198
p10,comp,ss_overall_avg3,0.09074145316816583,87,0.4195230122006366,81.31317607517595,0.6102152904736533,0.5730070410545279
p10,comp,ss_composition_lag1,0.14748275662549365,80,0.19185831908919684,79.95068424524034,0.4263518201982152,0.4132333026536547
p10,comp,ss_composition_avg3,0.13135742615708218,87,0.24366630934822472,80.5917768562138,0.4630873386364702,0.43857095012042185
p10,comp,ss_revitalization_lag1,0.06442485906278243,80,0.5782247961787162,76.81852528113563,0.7008785408226864,0.6745955955418356
p10,comp,ss_revitalization_avg3,-0.14248654338295602,87,0.2062010475391904,80.4007882453707,0.44309646670833885,0.41712184624612597
p10,comp,ss_duration_lag1,0.3756740924441171,80,0.0005948662120970836,80.0,0.04244455361061711,0.02971118752743198
p10,comp,ss_duration_avg3,0.19692139281304205,87,0.07698961045322579,81.5698113963887,0.23795152344443432,0.23319249297554565
p10,comp,ss_deep_lag1,0.2688938584678,80,0.01587366508287136,80.0,0.11544483696633717,0.11111565558009953
p10,comp,ss_deep_avg3,0.2243523623062323,87,0.044084301708199235,80.980844391995,0.21062700779799057,0.20452429696942315
p10,comp,ss_restless_lag1,-0.22024387719039876,80,0.05113107424235579,78.99910241123108,0.2152887336520244,0.20452429696942315
p10,comp,ss_restless_avg3,-0.08533533690109124,87,0.45307777341669436,79.52078255485193,0.635898629356764,0.6041036978889258
p10,comp,hr_sleep_mean_lag1,-0.12565989351880583,80,0.2747271007529895,77.45120241208987,0.4676205970263651,0.43956336120478323
p10,comp,hr_sleep_mean_avg3,0.029570379844199683,87,0.7943271995125151,80.18813809224388,0.8906360251212064,0.8641437084577847
p10,comp,hr_sleep_p5_lag1,-0.29418431364734826,80,0.009345918787568283,77.12403446266116,0.10580398010574923,0.09875038143203263
p10,comp,hr_sleep_p5_avg3,-0.1615385772813508,87,0.15310621506440034,79.68839561890786,0.37116658197430386,0.3572478351502675
p10,comp,z_fatburn_lag1,0.19637420224721958,84,0.07734516254766148,81.82900329227404,0.23795152344443432,0.23319249297554565
p10,comp,z_fatburn_avg3,0.20953592101692864,89,0.06611447063664556,77.70966271614633,0.23795152344443432,0.23319249297554565
p10,comp,z_cardio_lag1,0.016426053313819706,84,0.8828774362997764,82.9275678362105,0.9013922682083877,0.8989297533234087
p10,comp,z_cardio_avg3,0.0723564370011346,89,0.5323565686404386,76.77431875470789,0.6869117014715337,0.6624881743081013
p10,comp,z_peak_lag1,0.023130074560300046,84,0.834971273551131,83.6008076012141,0.8906360251212064,0.8822337984691194
p10,comp,z_peak_avg3,-0.22467570283666344,89,0.04814892630790174,77.88122387573266,0.21399522803511883,0.20452429696942315
p10,comp,z_cardio_peak_lag1,0.027847595392292042,84,0.8024191578536571,83.20175488811495,0.8906360251212064,0.8641437084577847
p10,comp,z_cardio_peak_avg3,-0.06635575280823335,89,0.5675062887977602,76.57179257510523,0.699846614888834,0.6745955955418356
p10,comp,ex_user_min_lag1,-0.0638103207619481,84,0.5641715982519135,84.0,0.699846614888834,0.6745955955418356
p10,comp,ex_user_min_avg3,-0.17615388326178666,89,0.12356304817827887,77.73270811403505,0.3188723823955584,0.3008491607818964
p10,comp,ex_cp_min_lag1,-0.07715789217745374,84,0.4854219342965631,84.0,0.6581992329444925,0.6321774028048264
p10,comp,ex_cp_min_avg3,-0.19921204975210305,89,0.08328303320555201,76.57207953071085,0.23795152344443432,0.23319249297554565
p10,comp,hr_day_mean_lag1,0.180523653511013,83,0.11347471176529626,78.10898844638639,0.30259923137412337,0.28884472085711776
p10,comp,hr_day_mean_avg3,0.11949390479059349,89,0.30326932159604464,76.18589685046065,0.48727568819951256,0.45512237103100045
p10,comp,hr_day_p10_lag1,0.1269798008943226,83,0.2652327331008003,78.85673660238179,0.4630873386364702,0.43857095012042185
p10,comp,hr_day_p10_avg3,0.14354439410970588,89,0.21600952752031521,76.01657024534455,0.44309646670833885,0.41712184624612597
p10,comp,hr_dip_lag1,0.1879613241579386,76,0.10428718924983056,75.85861930623894,0.28768879793056706,0.2780991713328815
p10,comp,hr_dip_avg3,0.01910980359166983,83,0.8705009049363052,75.25984063382047,0.9013922682083877,0.8989297533234087
p10,mood,sleep_h_lag1,0.052999956275635536,80,0.6405616746678644,80.0,0.8007020933348306,
p10,mood,sleep_h_avg3,0.15569721613958562,87,0.1582434435359707,83.62656675934142,0.6849527962193949,
p10,mood,time_in_bed_h_lag1,0.03385231858450074,80,0.7657580173416035,79.90836453760423,0.8859323027211167,
p10,mood,time_in_bed_h_avg3,0.12412890368078565,87,0.261999929839198,83.5233758145488,0.7615775174539717,
p10,mood,bedtime_h_lag1,-0.029576146910223415,80,0.7957089953988037,79.09426078188086,0.8959659901676336,
p10,mood,bedtime_h_avg3,0.07616919596502904,87,0.4920850018814568,83.61062204826389,0.7863801388329578,
p10,mood,sleep_eff_lag1,0.19723258008555797,80,0.07949781750968515,80.0,0.4751758132908825,
p10,mood,sleep_eff_avg3,0.08016826847967991,87,0.46900331655789623,83.81770377541379,0.7657197005026878,
p10,mood,rhr_night_lag1,0.09742909644341095,80,0.4031509356074824,75.77580761695027,0.7615775174539717,
p10,mood,rhr_night_avg3,-0.0751572998421987,87,0.5013173385060106,82.3174088788709,0.7863801388329578,
p10,mood,steps_lag1,0.04570495576474755,84,0.6817010227592831,82.94170013542971,0.8263042700112523,
p10,mood,steps_avg3,-0.011096040341264357,89,0.9240026086185348,76.40282260248404,0.9600027102530231,
p10,mood,lightly_lag1,0.14459121928858812,84,0.19512331127789567,81.9411176826497,0.7095393137378024,
p10,mood,lightly_avg3,0.2344562181524626,89,0.04130616012818345,76.13469529700299,0.44823514540776965,
p10,mood,mvpa_lag1,-0.05264003474564367,84,0.6382223973100725,82.16999479167328,0.8007020933348306,
p10,mood,mvpa_avg3,-0.1164101843666018,89,0.31589227019322996,76.22093180012186,0.7615775174539717,
p10,mood,very_lag1,-0.06823933960550708,84,0.5434919895030725,81.57852596617172,0.8007020933348306,
p10,mood,very_avg3,-0.15870198727784496,89,0.17408871576527954,74.91804175880645,0.6849527962193949,
p10,mood,srpe_load_lag1,0.08552257932859755,85,0.4364322304538918,85.0,0.7615775174539717,
p10,mood,srpe_load_avg3,0.05961013663344888,85,0.5947970038673166,81.97553773673658,0.8007020933348306,
p10,mood,ex_min_nonwalk_lag1,-0.030699522930043813,89,0.775190764880977,89.0,0.8859323027211167,
p10,mood,ex_min_nonwalk_avg3,0.1118068331840374,90,0.3057589203128008,85.87983873123765,0.7615775174539717,
p10,mood,sedentary_lag1,-0.09984198946859471,75,0.39756623533923513,73.93361169683232,0.7615775174539717,
p10,mood,sedentary_avg3,-0.1707264428357211,79,0.17980010900759116,63.32261197212221,0.6849527962193949,
p10,mood,deep_min_lag1,0.08723428741872123,80,0.44163469755238083,80.0,0.7615775174539717,0.7108056829570404
p10,mood,deep_min_avg3,0.1328958590415216,87,0.2277848014723567,84.13136407796671,0.7479201616194632,0.6888738330705584
p10,mood,rem_min_lag1,0.014199010171477875,80,0.9005177755977507,80.0,0.9479134479976322,0.9514904798768687
p10,mood,rem_min_avg3,0.06772591742718347,87,0.5415512799388243,83.56063456013142,0.8007020933348306,0.7858682973569936
p10,mood,light_min_lag1,0.05542469710145644,80,0.6293927342610637,78.19322804451356,0.8007020933348306,0.7858682973569936
p10,mood,light_min_avg3,0.09105941291466968,87,0.41205232877910947,83.310043241965,0.7615775174539717,0.7108056829570404
p10,mood,deep_pct_lag1,0.06035354292803986,80,0.5948591631225852,80.0,0.8007020933348306,0.7858682973569936
p10,mood,deep_pct_avg3,0.05316506711514883,87,0.6315013103761555,83.76604041697281,0.8007020933348306,0.7858682973569936
p10,mood,rem_pct_lag1,-0.08928938701785598,80,0.4317534407981254,79.71693096350164,0.7615775174539717,0.7108056829570404
p10,mood,rem_pct_avg3,-0.016778497272514747,87,0.8799569336428318,83.50563828105071,0.9405221650888939,0.9495656474455176
p10,mood,wake_min_lag1,-0.14232117151142715,80,0.21273185764578145,78.37672470775199,0.7399368961592399,0.6888738330705584
p10,mood,wake_min_avg3,0.024452641787892058,87,0.8258097424879418,83.47795041874957,0.9049969780689773,0.9249069115864949
p10,mood,wake_pct_lag1,-0.2145167141021227,80,0.05602939317597121,80.0,0.44823514540776965,0.3486273353171542
p10,mood,wake_pct_avg3,-0.05862526319724519,87,0.5959971786323818,84.13888087549897,0.8007020933348306,0.7858682973569936
p10,mood,wake_count_lag1,0.1059243996551703,80,0.3531499074003963,78.9027533546903,0.7615775174539717,0.7108056829570404
p10,mood,wake_count_avg3,0.1076672443461822,87,0.3306690754237079,83.65405609751316,0.7615775174539717,0.7108056829570404
p10,mood,wake_long_n_lag1,-0.187930316831182,80,0.09764312463035946,78.8006981337049,0.5207633313619171,0.4206165368692407
p10,mood,wake_long_n_avg3,0.10419291432234377,87,0.34697629381075673,83.52800096005718,0.7615775174539717,0.7108056829570404
p10,mood,wake_per_h_lag1,0.07213159349707259,80,0.5298329342522887,78.16346763464703,0.8007020933348306,0.7858682973569936
p10,mood,wake_per_h_avg3,0.027212556182431687,87,0.8063693911508703,83.60033838070827,0.8959659901676336,0.9215650184581374
p10,mood,min_after_wake_lag1,0.3816553046382621,80,0.0005040918794075047,79.3558353241914,0.04032735035260038,0.028229145246820266
p10,mood,min_after_wake_avg3,0.28611175781227205,87,0.008422063248133969,83.77149545929821,0.2245883532835725,0.15721184729850077
p10,mood,ss_overall_lag1,0.20680491777101845,80,0.06568618984070869,80.0,0.4751758132908825,0.36784266310796865
p10,mood,ss_overall_avg3,0.005266739875432498,87,0.9620128138168329,84.27575827956404,0.9741901912069194,0.9795039558862298
p10,mood,ss_composition_lag1,0.002895959494737853,80,0.979664056296893,79.97235568223421,0.979664056296893,0.979664056296893
p10,mood,ss_composition_avg3,-0.006829049918307882,87,0.9508629497807333,83.92330617766575,0.9741901912069194,0.9795039558862298
p10,mood,ss_revitalization_lag1,0.15812109014019649,80,0.16620632948252625,78.20112071269898,0.6849527962193949,0.5817221531888419
p10,mood,ss_revitalization_avg3,-0.11406762412382154,87,0.3020350001571744,83.82973112461843,0.7615775174539717,0.7108056829570404
p10,mood,ss_duration_lag1,0.1573777105987152,80,0.163263287639094,80.0,0.6849527962193949,0.5817221531888419
p10,mood,ss_duration_avg3,0.12116327748613812,87,0.27107639891674196,84.40076266112709,0.7615775174539717,0.7108056829570404
p10,mood,ss_deep_lag1,0.08434792436650619,80,0.45694651047238305,80.0,0.7615775174539717,0.7108056829570404
p10,mood,ss_deep_avg3,0.13124248600404081,87,0.23372505050608228,84.11358759803933,0.7479201616194632,0.6888738330705584
p10,mood,ss_restless_lag1,-0.22887444285672667,80,0.041884640062733396,79.43746866992802,0.44823514540776965,0.3486273353171542
p10,mood,ss_restless_avg3,-0.12047801071832062,87,0.276775606433787,83.39713427069668,0.7615775174539717,0.7108056829570404
p10,mood,hr_sleep_mean_lag1,-0.08861460658931933,80,0.4387121386227258,78.56137329144235,0.7615775174539717,0.7108056829570404
p10,mood,hr_sleep_mean_avg3,0.04197940226680566,87,0.7050513508728539,83.72541235847439,0.8418523592511689,0.8400611840187195
p10,mood,hr_sleep_p5_lag1,-0.2420926891166622,80,0.03229335210222603,78.37523823186105,0.44823514540776965,0.3486273353171542
p10,mood,hr_sleep_p5_avg3,-0.11201139088251937,87,0.3119338692780982,83.47971279569475,0.7615775174539717,0.7108056829570404
p10,mood,z_fatburn_lag1,0.21763177716162463,84,0.04828864575427926,82.87056492944146,0.44823514540776965,0.3486273353171542
p10,mood,z_fatburn_avg3,0.30584969201527207,89,0.006636363759637376,77.52357247202903,0.2245883532835725,0.15721184729850077
p10,mood,z_cardio_lag1,0.05763654367039602,84,0.6037705859262686,83.44384759677122,0.8007020933348306,0.7858682973569936
p10,mood,z_cardio_avg3,0.21958004750684457,89,0.055711458152680075,76.57396103644243,0.44823514540776965,0.3486273353171542
p10,mood,z_peak_lag1,0.04698368183039534,84,0.6716704368246846,83.79338404854687,0.8263042700112523,0.817685749177877
p10,mood,z_peak_avg3,-0.0863805994294079,89,0.45296781342647824,77.69776963931656,0.7615775174539717,0.7108056829570404
p10,mood,z_cardio_peak_lag1,0.06420993722287383,84,0.5627235561911099,83.58636528861997,0.8007020933348306,0.7858682973569936
p10,mood,z_cardio_peak_avg3,0.09824237726658375,89,0.39731793514192043,76.36836870829339,0.7615775174539717,0.7108056829570404
p10,mood,ex_user_min_lag1,0.016477323216078966,84,0.8817395297708379,84.0,0.9405221650888939,0.9495656474455176
p10,mood,ex_user_min_avg3,-0.03762026372937255,89,0.7444075640391391,77.54697161490527,0.8757736047519283,0.8684754913789957
p10,mood,ex_cp_min_lag1,-0.061733436749942576,84,0.5769461442247555,84.0,0.8007020933348306,0.7858682973569936
p10,mood,ex_cp_min_avg3,-0.08850247704086961,89,0.4459660524871368,76.3686600024444,0.7615775174539717,0.7108056829570404
p10,mood,hr_day_mean_lag1,0.19351843305524147,83,0.08315576732590443,81.15088337852461,0.4751758132908825,0.38806024752088736
p10,mood,hr_day_mean_avg3,0.23001933863834265,89,0.04565155271446155,75.97665349511507,0.44823514540776965,0.3486273353171542
p10,mood,hr_day_p10_lag1,0.11846986417174422,83,0.2908281549237667,81.43808878109267,0.7615775174539717,0.7108056829570404
p10,mood,hr_day_p10_avg3,0.2051137239197512,89,0.07588243437992216,75.80478279893492,0.4751758132908825,0.3863105750250583
p10,mood,hr_dip_lag1,0.16341388983287866,76,0.15859834785514415,75.92718446370179,0.6849527962193949,0.5817221531888419
p10,mood,hr_dip_avg3,0.10110446172502005,83,0.39172650306295076,73.89405170979693,0.7615775174539717,0.7108056829570404
p11,comp,sleep_h_lag1,0.03404338580831854,106,0.7290100189972476,106.0,0.8813404707280158,
p11,comp,sleep_h_avg3,-0.056789557523263506,105,0.6339421169577119,72.69441303738239,0.8232963224749588,
p11,comp,time_in_bed_h_lag1,0.007259704034248004,106,0.9411234016639907,106.0,0.9566793064192878,
p11,comp,time_in_bed_h_avg3,-0.086997176054224,105,0.4654321410189741,72.6280966620342,0.8232963224749588,
p11,comp,bedtime_h_lag1,-0.06583856180672347,106,0.5448047888569595,86.91252203597568,0.8232963224749588,
p11,comp,bedtime_h_avg3,0.01763057741171266,105,0.8875400126324515,66.82702140187304,0.9347017604164279,
p11,comp,sleep_eff_lag1,0.05387807973353158,106,0.5833278268221246,106.0,0.8232963224749588,
p11,comp,sleep_eff_avg3,-0.08013590070696916,105,0.49443057469956453,74.96557045219693,0.8232963224749588,
p11,comp,rhr_night_lag1,-0.01272998960101409,106,0.9146388369083405,73.39251782239212,0.9498172537125075,
p11,comp,rhr_night_avg3,-0.078055244105046,105,0.5421712215977826,63.29213113829497,0.8232963224749588,
p11,comp,steps_lag1,0.12038528364725393,106,0.23005745133652855,101.17198439309803,0.8198683355718509,
p11,comp,steps_avg3,0.12249185930307756,105,0.29616535217958917,74.68869256811315,0.8232963224749588,
p11,comp,lightly_lag1,0.051326906692616595,106,0.6161127146637223,97.78893945715383,0.8232963224749588,
p11,comp,lightly_avg3,0.07930534978382749,105,0.5045717012014197,73.07866641492548,0.8232963224749588,
p11,comp,mvpa_lag1,0.15017324536695456,106,0.12441009144769857,106.0,0.6973455967987247,
p11,comp,mvpa_avg3,0.1581950174440628,105,0.18118958378370012,73.03973195798014,0.7579885792100217,
p11,comp,very_lag1,0.17202478411757524,106,0.07785438768473675,106.0,0.6973455967987247,
p11,comp,very_avg3,0.15921383248883272,105,0.17984662767039358,72.55869566894462,0.7579885792100217,
p11,comp,srpe_load_lag1,0.16119539330116042,91,0.12689780221208716,91.0,0.6973455967987247,
p11,comp,srpe_load_avg3,0.11153637064329301,91,0.3956090326417632,60.14307446442115,0.8232963224749588,
p11,comp,ex_min_nonwalk_lag1,0.10377255943226849,94,0.3195704704690576,94.0,0.8232963224749588,
p11,comp,ex_min_nonwalk_avg3,0.06826283459793407,94,0.5911197825753225,64.286932003679,0.8232963224749588,
p11,comp,sedentary_lag1,-0.08009690448621073,104,0.42007792457448745,103.50515005822585,0.8232963224749588,
p11,comp,sedentary_avg3,-0.10591316070564522,104,0.3643266203447508,75.44568011466308,0.8232963224749588,
p11,comp,deep_min_lag1,0.12644078448304247,106,0.1965155575729686,106.0,0.7579885792100217,0.7000866738537006
p11,comp,deep_min_avg3,-0.021078630277009108,105,0.8579655796856891,74.56791037647187,0.9347017604164279,0.91933311008096
p11,comp,rem_min_lag1,0.06345596803882828,106,0.518133936244625,106.0,0.8232963224749588,0.820378732387323
p11,comp,rem_min_avg3,0.1045407918240078,105,0.38916057401231263,69.98041251498253,0.8232963224749588,0.820378732387323
p11,comp,light_min_lag1,-0.064726793473405,106,0.5099545168814185,105.91056280873872,0.8232963224749588,0.820378732387323
p11,comp,light_min_avg3,-0.13462238764946544,105,0.2657039476665259,70.23010232930869,0.8198683355718509,0.7417856369459604
p11,comp,deep_pct_lag1,0.11480158524762406,106,0.24221978272905356,105.58303051696738,0.8198683355718509,0.7417856369459604
p11,comp,deep_pct_avg3,0.050917502473465236,105,0.673210359987932,71.0160171316344,0.8389236793695768,0.8472351028624787
p11,comp,rem_pct_lag1,0.08597549249460607,106,0.38086668712581384,106.0,0.8232963224749588,0.820378732387323
p11,comp,rem_pct_avg3,0.13263805316171468,105,0.273289445190617,70.11423990511238,0.8198683355718509,0.7417856369459604
p11,comp,wake_min_lag1,-0.04753993018232191,106,0.6284398881523764,106.0,0.8232963224749588,0.8472351028624787
p11,comp,wake_min_avg3,-0.22229974632514996,105,0.05792416801408865,73.4481049496796,0.6973455967987247,0.5853491616134412
p11,comp,wake_pct_lag1,-0.045900852360973604,106,0.6403415841471901,106.0,0.8232963224749588,0.8472351028624787
p11,comp,wake_pct_avg3,-0.17770106324156254,105,0.1291380734812453,74.26542103552003,0.6973455967987247,0.6134058490359152
p11,comp,wake_count_lag1,0.04131313756218572,106,0.6837335917837547,99.647697566934,0.8391275899164262,0.8472351028624787
p11,comp,wake_count_avg3,-0.0895918925164441,105,0.4642703513640472,68.95436831512848,0.8232963224749588,0.820378732387323
p11,comp,wake_long_n_lag1,-0.15250578129528908,106,0.12539442922295474,102.299718151124,0.6973455967987247,0.6134058490359152
p11,comp,wake_long_n_avg3,-0.22215443287862052,105,0.05787734310281235,73.56991502383993,0.6973455967987247,0.5853491616134412
p11,comp,wake_per_h_lag1,0.014133419160293152,106,0.8885436487909253,100.81632819563163,0.9347017604164279,0.9208543269287772
p11,comp,wake_per_h_avg3,-0.05373633214446619,105,0.66171465306756,68.70221829692528,0.8374826077886307,0.8472351028624787
p11,comp,min_after_wake_lag1,0.0858612471102855,106,0.40004705103955535,98.20599684817547,0.8232963224749588,0.820378732387323
p11,comp,min_after_wake_avg3,0.01998588859947641,105,0.8700790419926534,69.45733415039011,0.9347017604164279,0.91933311008096
p11,comp,ss_overall_lag1,0.08589440948497888,106,0.38131767956501766,106.0,0.8232963224749588,0.820378732387323
p11,comp,ss_overall_avg3,0.02754651422499339,105,0.8185518875650423,71.82775942026551,0.9338408858136398,0.91933311008096
p11,comp,ss_composition_lag1,0.12645321400636853,106,0.1964712101504711,106.0,0.7579885792100217,0.7000866738537006
p11,comp,ss_composition_avg3,0.1367198834256298,105,0.26173208731256065,69.25002661056905,0.8198683355718509,0.7417856369459604
p11,comp,ss_revitalization_lag1,0.002334854550096482,106,0.981048990292686,106.0,0.981048990292686,0.981048990292686
p11,comp,ss_revitalization_avg3,-0.05940744577407303,105,0.6123961656685646,75.104919923997,0.8232963224749588,0.8472351028624787
p11,comp,ss_duration_lag1,0.06951650642990982,106,0.48701533932668895,102.2276521763651,0.8232963224749588,0.820378732387323
p11,comp,ss_duration_avg3,0.04009734281209636,105,0.7424259416299912,69.62037051200508,0.8843603128239601,0.8926116575129669
p11,comp,ss_deep_lag1,0.1294297563556387,106,0.18605816084511062,106.0,0.7579885792100217,0.7000866738537006
p11,comp,ss_deep_avg3,-0.019114813093775027,105,0.8709471569188042,74.71691860451358,0.9347017604164279,0.91933311008096
p11,comp,ss_restless_lag1,0.07437884215631689,106,0.47442151885413186,94.72960211406422,0.8232963224749588,0.820378732387323
p11,comp,ss_restless_avg3,0.06235225722483336,105,0.6170152129914569,66.69829111441902,0.8232963224749588,0.8472351028624787
p11,comp,hr_sleep_mean_lag1,-0.01880301109184938,106,0.8512279061955698,101.97317238007086,0.9347017604164279,0.91933311008096
p11,comp,hr_sleep_mean_avg3,0.13022100238047177,105,0.2706374139507846,73.45104678622262,0.8198683355718509,0.7417856369459604
p11,comp,hr_sleep_p5_lag1,-0.03059841851289379,106,0.7673328283883399,95.95032061265674,0.8879137014207933,0.8926116575129669
p11,comp,hr_sleep_p5_avg3,0.07013273731221158,105,0.5570814193942494,72.42321486472862,0.8232963224749588,0.835622129091374
p11,comp,z_fatburn_lag1,0.09377866100691347,106,0.35078105860197745,101.06017305229948,0.8232963224749588,0.820378732387323
p11,comp,z_fatburn_avg3,0.03580745128664923,105,0.7662130598933842,71.40426754416639,0.8879137014207933,0.8926116575129669
p11,comp,z_cardio_lag1,0.0756110757851202,106,0.4410999380941696,106.0,0.8232963224749588,0.820378732387323
p11,comp,z_cardio_avg3,0.1727543883524852,105,0.15046441131771132,70.73585889731963,0.7579885792100217,0.6597285727007343
p11,comp,z_peak_lag1,0.23910824105858067,106,0.013568091504110124,106.0,0.6973455967987247,0.5853491616134412
p11,comp,z_peak_avg3,0.22048664742016436,105,0.0663537918853757,70.13806439889342,0.6973455967987247,0.5853491616134412
p11,comp,z_cardio_peak_lag1,0.08603526772998135,106,0.38053441762116635,106.0,0.8232963224749588,0.820378732387323
p11,comp,z_cardio_peak_avg3,0.19599609080645114,105,0.10269283537077915,70.48472155812938,0.6973455967987247,0.5853491616134412
p11,comp,ex_user_min_lag1,0.16777779738969584,106,0.08699286680921879,105.08363759698851,0.6973455967987247,0.5853491616134412
p11,comp,ex_user_min_avg3,0.0713813993450605,105,0.5503197526982522,72.333871441443,0.8232963224749588,0.835622129091374
p11,comp,ex_avg_hr_lag1,0.31629324816969323,32,0.07779376796459166,32.0,0.6973455967987247,0.5853491616134412
p11,comp,ex_cp_min_lag1,0.18350459591258764,106,0.05971165655791778,106.0,0.6973455967987247,0.5853491616134412
p11,comp,ex_cp_min_avg3,0.20414156682303974,105,0.08692659785916867,71.33813160882646,0.6973455967987247,0.5853491616134412
p11,comp,hr_day_mean_lag1,0.08080817862092413,106,0.4128784797996593,104.8429302116349,0.8232963224749588,0.820378732387323
p11,comp,hr_day_mean_avg3,0.07686731679767991,105,0.5167389505221744,73.4378136220586,0.8232963224749588,0.820378732387323
p11,comp,hr_day_p10_lag1,-0.0686550716117227,106,0.5091463388024455,94.7423154631519,0.8232963224749588,0.820378732387323
p11,comp,hr_day_p10_avg3,-0.06761701141567553,105,0.5756427539299243,70.8730810556685,0.8232963224749588,0.8413240249745046
p11,comp,hr_dip_lag1,0.16157283175320972,106,0.09799324479522256,106.0,0.6973455967987247,0.5853491616134412
p11,comp,hr_dip_avg3,-0.007857009399713072,105,0.9448684507844818,79.95961016775081,0.9566793064192878,0.9617411016913475
p11,mood,sleep_h_lag1,0.06908673621862403,106,0.48162011984531566,106.0,0.9317197973784798,
p11,mood,sleep_h_avg3,0.006639890449971846,105,0.9521977650484772,84.00735669010778,0.9825987383721483,
p11,mood,time_in_bed_h_lag1,0.08944373419732424,106,0.36187924637096963,106.0,0.9317197973784798,
p11,mood,time_in_bed_h_avg3,0.009590952872181554,105,0.9310157426148366,83.96151380218176,0.980016571173512,
p11,mood,bedtime_h_lag1,-0.06326571782344029,106,0.542521999271609,94.97518876436776,0.9317197973784798,
p11,mood,bedtime_h_avg3,-0.02065700863342027,105,0.8557700818397113,79.90446082095183,0.9709339687637274,
p11,mood,sleep_eff_lag1,-0.054728369005055955,106,0.577390812163442,106.0,0.9317197973784798,
p11,mood,sleep_eff_avg3,-0.011873386026420385,105,0.9138194375744626,85.57015229270033,0.97474073341276,
p11,mood,rhr_night_lag1,-0.05085206046266652,106,0.6407667177564224,86.59155394810783,0.9317197973784798,
p11,mood,rhr_night_avg3,0.04288298035847449,105,0.7104363455010908,77.38594904629488,0.9317197973784798,
p11,mood,steps_lag1,0.021087563230608956,106,0.8323115121022436,103.2958004216226,0.9709339687637274,
p11,mood,steps_avg3,-0.017705915620346808,105,0.871930841426672,85.38037698248631,0.9709339687637274,
p11,mood,lightly_lag1,-0.02836142308261429,106,0.7778955807878455,101.36766175797625,0.9574099455850406,
p11,mood,lightly_avg3,-0.06344751317969304,105,0.5657447749692405,84.27274596771348,0.9317197973784798,
p11,mood,mvpa_lag1,0.0894872552359252,106,0.3616447606936403,106.0,0.9317197973784798,
p11,mood,mvpa_avg3,0.1239455854986304,105,0.2605934523746919,84.24587369785235,0.9317197973784798,
p11,mood,very_lag1,0.12808589288435115,106,0.19070859114115518,106.0,0.9317197973784798,
p11,mood,very_avg3,0.17707751486121212,105,0.10728193104266878,83.91352575856675,0.9317197973784798,
p11,mood,srpe_load_lag1,0.12040183357952573,91,0.25561186855302026,91.0,0.9317197973784798,
p11,mood,srpe_load_avg3,-0.050063456922874325,91,0.6978786195341091,62.54498700137059,0.9317197973784798,
p11,mood,ex_min_nonwalk_lag1,0.06785507170647168,94,0.5158042902604756,94.0,0.9317197973784798,
p11,mood,ex_min_nonwalk_avg3,-0.0879385127043908,94,0.4830280001208762,65.87578391885646,0.9317197973784798,
p11,mood,sedentary_lag1,0.012726594950284031,104,0.8981139211064478,103.71747653672675,0.9709339687637274,
p11,mood,sedentary_avg3,0.005829379912970873,104,0.9580337699128445,83.98173851696224,0.9825987383721483,
p11,mood,deep_min_lag1,-0.03273395720097033,106,0.7390512326028733,106.0,0.9367434725086234,0.8564511748650272
p11,mood,deep_min_avg3,-0.12765628195408074,105,0.2434629838605722,85.29752683039439,0.9317197973784798,0.7908525858362149
p11,mood,rem_min_lag1,-0.07563789410142464,106,0.4409374546773164,106.0,0.9317197973784798,0.7908525858362149
p11,mood,rem_min_avg3,-0.05607294745933584,105,0.6165521317759121,82.12139258695785,0.9317197973784798,0.8517413656893736
p11,mood,light_min_lag1,0.20290041443630713,106,0.03702677092478333,105.95040471567583,0.9073189715150495,0.6351232800605345
p11,mood,light_min_avg3,0.09812536887861158,105,0.37957982251645905,82.2957492678075,0.9317197973784798,0.7908525858362149
p11,mood,deep_pct_lag1,-0.13597842496978874,106,0.1650474336355496,105.76862009850691,0.9317197973784798,0.7908525858362149
p11,mood,deep_pct_avg3,-0.11508815325161804,105,0.30064972891507596,82.84342441995565,0.9317197973784798,0.7908525858362149
p11,mood,rem_pct_lag1,-0.11270967360611382,106,0.2500088616872354,106.0,0.9317197973784798,0.7908525858362149
p11,mood,rem_pct_avg3,-0.050166630904551465,105,0.6540156915114834,82.21486478033904,0.9317197973784798,0.8517413656893736
p11,mood,wake_min_lag1,0.2342863552109966,106,0.01563739784816142,106.0,0.9073189715150495,0.6351232800605345
p11,mood,wake_min_avg3,0.0,105,1.0,84.5275247672781,1.0,1.0
p11,mood,wake_pct_lag1,0.19560582064544915,106,0.04448811700690106,106.0,0.9073189715150495,0.6351232800605345
p11,mood,wake_pct_avg3,0.060495054914312056,105,0.5821257338370336,85.08986270481113,0.9317197973784798,0.8517413656893736
p11,mood,wake_count_lag1,0.07282202730967506,106,0.4660381309391981,102.43048556460997,0.9317197973784798,0.7908525858362149
p11,mood,wake_count_avg3,0.042073145764151255,105,0.7084829156361866,81.40309829163014,0.9317197973784798,0.8564511748650272
p11,mood,wake_long_n_lag1,-0.04155102897576018,106,0.6754653047370864,103.93240161467489,0.9317197973784798,0.8564511748650272
p11,mood,wake_long_n_avg3,-0.06965484929809954,105,0.5274167904434278,84.61144841983061,0.9317197973784798,0.8517413656893736
p11,mood,wake_per_h_lag1,0.037085211833613886,106,0.7098310181165454,103.09440108451987,0.9317197973784798,0.8564511748650272
p11,mood,wake_per_h_avg3,0.05606858748155751,105,0.6185679016820185,81.22612953523611,0.9317197973784798,0.8517413656893736
p11,mood,min_after_wake_lag1,0.10662139191644959,106,0.28710832864808217,101.60686664757871,0.9317197973784798,0.7908525858362149
p11,mood,min_after_wake_avg3,0.18139595229335712,105,0.1034305103077535,81.75557072932261,0.9317197973784798,0.7908525858362149
p11,mood,ss_overall_lag1,0.013115886969537595,106,0.8938446754750476,106.0,0.9709339687637274,0.9269500338259753
p11,mood,ss_overall_avg3,0.039126430836472235,105,0.724782276659355,83.40731371194741,0.9352029376249743,0.8564511748650272
p11,mood,ss_composition_lag1,-0.1030222593981602,106,0.29330362703019053,106.0,0.9317197973784798,0.7908525858362149
p11,mood,ss_composition_avg3,-0.09181671284866996,105,0.41313237887181425,81.61037731292366,0.9317197973784798,0.7908525858362149
p11,mood,ss_revitalization_lag1,0.050510640403789116,106,0.6071113103547143,106.0,0.9317197973784798,0.8517413656893736
p11,mood,ss_revitalization_avg3,0.10795693000547658,105,0.32343988882343183,85.66558606081001,0.9317197973784798,0.7908525858362149
p11,mood,ss_duration_lag1,0.07252383544469139,106,0.4646349398988774,103.89181164396119,0.9317197973784798,0.7908525858362149
p11,mood,ss_duration_avg3,0.059140625693193866,105,0.5979511712143349,81.86967378779534,0.9317197973784798,0.8517413656893736
p11,mood,ss_deep_lag1,-0.022549547802297457,106,0.8185283146068624,106.0,0.9709339687637274,0.8987761885879274
p11,mood,ss_deep_avg3,-0.12618604893723886,105,0.24868734967362766,85.39973287747713,0.9317197973784798,0.7908525858362149
p11,mood,ss_restless_lag1,0.19269669848659907,106,0.05525858705779573,99.59983495386774,0.9073189715150495,0.6351232800605345
p11,mood,ss_restless_avg3,0.054593098337306,105,0.6309501319497454,79.81336706108026,0.9317197973784798,0.8517413656893736
p11,mood,hr_sleep_mean_lag1,-0.09380329850857085,106,0.3441671161723095,103.74838088716277,0.9317197973784798,0.7908525858362149
p11,mood,hr_sleep_mean_avg3,-0.028034293740778756,105,0.7995269350230624,84.5295520824964,0.9691235576037119,0.8954701672258298
p11,mood,hr_sleep_p5_lag1,-0.1214352779141964,106,0.22803166815836198,100.30800734023416,0.9317197973784798,0.7908525858362149
p11,mood,hr_sleep_p5_avg3,-0.035411739462036324,105,0.7493947780068988,83.8198082927085,0.9367434725086234,0.8564511748650272
p11,mood,z_fatburn_lag1,-0.014544576046026112,106,0.8839323435533286,103.23251720611992,0.9709339687637274,0.9269500338259753
p11,mood,z_fatburn_avg3,0.05533285066903143,105,0.6190538424774177,83.11335421714969,0.9317197973784798,0.8517413656893736
p11,mood,z_cardio_lag1,0.09411317085947613,106,0.33725780513468956,106.0,0.9317197973784798,0.7908525858362149
p11,mood,z_cardio_avg3,0.21045802599442906,105,0.056707435719690585,82.64838778141393,0.9073189715150495,0.6351232800605345
p11,mood,z_peak_lag1,0.1097166161205476,106,0.2628877002218085,106.0,0.9317197973784798,0.7908525858362149
p11,mood,z_peak_avg3,0.08216408174858413,105,0.462391321123561,82.23149988251484,0.9317197973784798,0.7908525858362149
p11,mood,z_cardio_peak_lag1,0.09410828878162221,106,0.33728298036801224,106.0,0.9317197973784798,0.7908525858362149
p11,mood,z_cardio_peak_avg3,0.1734981759206265,105,0.11794568165425146,82.47337064660444,0.9317197973784798,0.7908525858362149
p11,mood,ex_user_min_lag1,0.13125238579111484,106,0.18095797111765566,105.49096797662997,0.9317197973784798,0.7908525858362149
p11,mood,ex_user_min_avg3,0.0007665635606621223,105,0.9944865688281823,83.75797848805627,1.0,1.0
p11,mood,ex_avg_hr_lag1,0.20432453327574346,32,,,,
p11,mood,ex_cp_min_lag1,0.07251361201746828,106,0.46009252448399485,106.0,0.9317197973784798,0.7908525858362149
p11,mood,ex_cp_min_avg3,0.11429540677143024,105,0.3033406489134634,83.06740269657583,0.9317197973784798,0.7908525858362149
p11,mood,hr_day_mean_lag1,-0.04435659851955676,106,0.6526513864856107,105.35693097362108,0.9317197973784798,0.8517413656893736
p11,mood,hr_day_mean_avg3,-0.01623038058676665,105,0.8831306673525142,84.52043249409984,0.9709339687637274,0.9269500338259753
p11,mood,hr_day_p10_lag1,-0.13743862552733876,106,0.1735648634097811,99.60722949704578,0.9317197973784798,0.7908525858362149
p11,mood,hr_day_p10_avg3,-0.0914805640384585,105,0.4115291337378728,82.74394418936622,0.9317197973784798,0.7908525858362149
p11,mood,hr_dip_lag1,0.11707233379751868,106,0.2320257996864493,106.0,0.9317197973784798,0.7908525858362149
p11,mood,hr_dip_avg3,0.0988577726648514,105,0.35680236147265915,88.9580707980353,0.9317197973784798,0.7908525858362149
p14,comp,sleep_h_lag1,-0.050706366840146094,101,0.6145609290219965,101.0,0.9752099389330076,
p14,comp,sleep_h_avg3,0.005517285370014597,112,0.9662664109162074,61.253078787792866,0.9880840290487045,
p14,comp,time_in_bed_h_lag1,-0.020041013904479262,101,0.8423232450402381,101.0,0.9752099389330076,
p14,comp,time_in_bed_h_avg3,0.03943929055566853,112,0.7640142804386462,60.39588420836575,0.9752099389330076,
p14,comp,bedtime_h_lag1,0.27492500322866753,101,0.02538258459276057,66.08317804852744,0.37208776994420956,
p14,comp,bedtime_h_avg3,0.23286851926422866,112,0.12404792758126894,44.92172257555888,0.5582156741157102,
p14,comp,sleep_eff_lag1,-0.014484736237046924,101,0.9079801460202443,66.17004220795206,0.9861531159927466,
p14,comp,sleep_eff_avg3,-0.0683652102566695,112,0.6556112540588226,44.95341685389522,0.9752099389330076,
p14,comp,rhr_night_lag1,0.4238578917893331,99,0.03292158870052827,25.461787749948602,0.37208776994420956,
p14,comp,rhr_night_avg3,0.4229053664210138,110,0.014122693674951977,33.05252258454878,0.37208776994420956,
p14,comp,steps_lag1,0.01923827195458233,96,0.8548136501758462,92.94580043507831,0.9752099389330076,
p14,comp,steps_avg3,-0.07101177828981169,103,0.6389172451190762,46.04633934281982,0.9752099389330076,
p14,comp,lightly_lag1,0.23477968918308015,96,0.047489204595779023,71.77352340526905,0.37208776994420956,
p14,comp,lightly_avg3,0.20048573511787846,103,0.19742673115474804,42.99058016886561,0.6716067371889918,
p14,comp,mvpa_lag1,0.05090621830136617,96,0.6223214950606165,96.0,0.9752099389330076,
p14,comp,mvpa_avg3,-0.02690570705253526,103,0.8502802875326293,51.698846494770315,0.9752099389330076,
p14,comp,very_lag1,0.023929812616013558,96,0.8171915510265787,95.78482168059152,0.9752099389330076,
p14,comp,very_avg3,-0.07421901067151186,103,0.6102056298872816,49.544584903644164,0.9752099389330076,
p14,comp,srpe_load_lag1,-0.09964507500252645,120,0.27888415696995694,120.0,0.8067720255202326,
p14,comp,srpe_load_avg3,-0.18815784108471229,120,0.15076464856325578,59.77143943650637,0.5815207873154151,
p14,comp,ex_min_nonwalk_lag1,-0.10160035186949014,120,0.2772342845588573,116.27701878909716,0.8067720255202326,
p14,comp,ex_min_nonwalk_avg3,-0.2098883489139132,120,0.12077049021811423,55.92849391240081,0.5582156741157102,
p14,comp,sedentary_lag1,-0.04016210947846128,75,0.7534836598275898,63.59376367156344,0.9752099389330076,
p14,comp,sedentary_avg3,-0.11960183615411082,81,0.38996161175811545,53.79256515398859,0.8937766709497263,
p14,comp,deep_min_lag1,-0.08173147371150291,99,0.48655840666576666,74.72954789992386,0.9752099389330076,0.9621630425291701
p14,comp,deep_min_avg3,-0.039787982705973016,110,0.7859492037369681,49.04837294031245,0.9752099389330076,0.9800146246459893
p14,comp,rem_min_lag1,-0.15515824585512275,99,0.1462749978074969,89.11199244834766,0.5815207873154151,0.5955482053590945
p14,comp,rem_min_avg3,-0.07002900157638499,110,0.6048365739018875,56.96369495121961,0.9752099389330076,0.9621630425291701
p14,comp,light_min_lag1,0.038312674114865046,99,0.7138831382992809,94.0130673603077,0.9752099389330076,0.9800146246459893
p14,comp,light_min_avg3,-0.0038757457036106323,110,0.9771832889791051,56.95180103686001,0.9880840290487045,0.9880840290487045
p14,comp,deep_pct_lag1,-0.06558856341383433,99,0.5800027810191927,73.53036398438995,0.9752099389330076,0.9621630425291701
p14,comp,deep_pct_avg3,-0.027275180261530717,110,0.8510027294374956,49.9079345618501,0.9752099389330076,0.9880840290487045
p14,comp,rem_pct_lag1,-0.09477010427192244,99,0.3766717652255586,89.12426745027194,0.8937766709497263,0.905693693229056
p14,comp,rem_pct_avg3,-0.03276301397322494,110,0.8080332860873399,57.4622683540347,0.9752099389330076,0.9800146246459893
p14,comp,wake_min_lag1,0.026097316853201744,101,0.8080822343572193,89.09860801365056,0.9752099389330076,0.9800146246459893
p14,comp,wake_min_avg3,0.13931912921845413,112,0.3313012122855838,50.64827299995747,0.86565800629459,0.8992461476322988
p14,comp,wake_pct_lag1,0.06866431815584535,99,0.5386919282731987,82.47590592017784,0.9752099389330076,0.9621630425291701
p14,comp,wake_pct_avg3,0.13165026672258356,110,0.34902791075650696,52.656979764574835,0.8834768991024082,0.9042995869600408
p14,comp,wake_count_lag1,-0.02413912148383775,99,0.8328007300421977,78.96143336031862,0.9752099389330076,0.9880840290487045
p14,comp,wake_count_avg3,0.0168724416255688,110,0.9031803595254317,54.469550259376824,0.9861531159927466,0.9880840290487045
p14,comp,wake_long_n_lag1,0.005486270416387606,99,0.959147390547546,89.67082385786448,0.9880840290487045,0.9880840290487045
p14,comp,wake_long_n_avg3,0.07725332835671486,110,0.598654398837904,48.77706178194643,0.9752099389330076,0.9621630425291701
p14,comp,wake_per_h_lag1,-0.03562537413990459,99,0.7578862684461141,77.32094461628387,0.9752099389330076,0.9800146246459893
p14,comp,wake_per_h_avg3,0.070009144627594,110,0.6200243033024924,52.53125817104828,0.9752099389330076,0.9621630425291701
p14,comp,min_after_wake_lag1,-0.13895756209036592,101,0.19947041443652677,86.9290563112047,0.6716067371889918,0.682661992122144
p14,comp,min_after_wake_avg3,-0.2674564234960198,112,0.04245362073438605,57.96496386533476,0.37208776994420956,0.39275931271888787
p14,comp,ss_overall_lag1,0.011851007073530904,99,0.9131047370303209,87.27854504369478,0.9861531159927466,0.9880840290487045
p14,comp,ss_overall_avg3,-0.045199768328994396,110,0.7472953604162199,53.261398002783196,0.9752099389330076,0.9800146246459893
p14,comp,ss_composition_lag1,-0.09129140871053221,99,0.41690332308637607,81.24396738927197,0.9126802478377422,0.9139803621509013
p14,comp,ss_composition_avg3,-0.06692255634830518,110,0.6253450110924764,55.614620406658034,0.9752099389330076,0.9621630425291701
p14,comp,ss_revitalization_lag1,0.22766921248470384,99,0.055124114065808826,71.60510297712594,0.37208776994420956,0.39275931271888787
p14,comp,ss_revitalization_avg3,0.12019457021120117,110,0.39723407597765614,51.746301236699914,0.8937766709497263,0.905693693229056
p14,comp,ss_duration_lag1,-0.05798632135852247,99,0.5820283148007127,92.45093741868361,0.9752099389330076,0.9621630425291701
p14,comp,ss_duration_avg3,-0.07666089967123911,110,0.582422139611906,53.79073445155485,0.9752099389330076,0.9621630425291701
p14,comp,ss_deep_lag1,-0.08023800988109633,99,0.4939371913858923,74.94601927130826,0.9752099389330076,0.9621630425291701
p14,comp,ss_deep_avg3,-0.0358179639441186,110,0.8070563362806712,48.95956354895697,0.9752099389330076,0.9800146246459893
p14,comp,ss_restless_lag1,-0.04629519275940153,99,0.7120708157969701,65.9864069129819,0.9752099389330076,0.9800146246459893
p14,comp,ss_restless_avg3,0.0023073846287805224,110,0.9880840290487045,44.39275948446144,0.9880840290487045,0.9880840290487045
p14,comp,hr_sleep_mean_lag1,0.2539071281681498,101,0.09142830911143696,45.2465342434691,0.4937128692017596,0.473764874486537
p14,comp,hr_sleep_mean_avg3,0.30731674204165577,112,0.05056284551099138,41.0256460128155,0.37208776994420956,0.39275931271888787
p14,comp,hr_sleep_p5_lag1,0.27995856140011444,101,0.08076311157528099,39.855693096254655,0.46727228839984,0.46034973597910167
p14,comp,hr_sleep_p5_avg3,0.3617222765852253,112,0.02677036231861037,37.472459470810456,0.37208776994420956,0.39275931271888787
p14,comp,z_fatburn_lag1,0.2643590924082145,96,0.01907290808739182,78.34051113400004,0.37208776994420956,0.39275931271888787
p14,comp,z_fatburn_avg3,0.3053154215886407,103,0.03619683780099298,47.33409465029013,0.37208776994420956,0.39275931271888787
p14,comp,z_cardio_lag1,-0.007430998243180754,96,0.9428994491399609,95.40311969179011,0.9880840290487045,0.9880840290487045
p14,comp,z_cardio_avg3,-0.2618678282792719,103,0.0762995780881413,46.72340900546416,0.46727228839984,0.46034973597910167
p14,comp,z_peak_lag1,0.0901794018295573,96,0.38258894943665345,95.86183129711068,0.8937766709497263,0.905693693229056
p14,comp,z_peak_avg3,0.13882400781818685,103,0.3075693748470354,55.994902834129135,0.8346439467086881,0.8810130548591708
p14,comp,z_cardio_peak_lag1,0.006373117382876096,96,0.9508605286786636,96.0,0.9880840290487045,0.9880840290487045
p14,comp,z_cardio_peak_avg3,-0.21707647834472876,103,0.14102247994419068,47.384971992984525,0.5815207873154151,0.5955482053590945
p14,comp,ex_user_min_lag1,-0.0646231044153281,96,0.5316202416441199,96.0,0.9752099389330076,0.9621630425291701
p14,comp,ex_user_min_avg3,-0.20009641919093862,103,0.16516123812663197,49.63761223727207,0.6080936494662359,0.6276127048812015
p14,comp,ex_avg_hr_lag1,-0.1813123157447537,37,0.3091273876698845,33.4399461947352,0.8346439467086881,0.8810130548591708
p14,comp,ex_cp_min_lag1,-0.040635221570486345,96,0.7022430136978539,90.9350665185676,0.9752099389330076,0.9800146246459893
p14,comp,ex_cp_min_avg3,-0.22611965655766855,103,0.1213220689382791,48.22690668576993,0.5582156741157102,0.5762798274568257
p14,comp,hr_day_mean_lag1,0.14505814863205513,87,0.2155774711964665,74.60971104276925,0.6716067371889918,0.682661992122144
p14,comp,hr_day_mean_avg3,0.3089327525866791,97,0.03751281535995656,45.630680338197095,0.37208776994420956,0.39275931271888787
p14,comp,hr_day_p10_lag1,0.17810863056074097,87,0.21451357390477244,50.289336317935074,0.6716067371889918,0.682661992122144
p14,comp,hr_day_p10_avg3,0.352938572974387,97,0.02504624634038856,40.230706797940286,0.37208776994420956,0.39275931271888787
p14,comp,hr_dip_lag1,-0.05219232378628298,82,0.6414420283527801,82.0,0.9752099389330076,0.9621630425291701
p14,comp,hr_dip_avg3,0.02234122582776174,96,0.8788195101261774,49.05835406200124,0.9861531159927466,0.9880840290487045
p14,mood,sleep_h_lag1,-0.11334533281255642,101,0.25907967921903924,101.0,0.5619818156843683,
p14,mood,sleep_h_avg3,-0.1637341579444997,112,0.21236780334953612,59.72660786299928,0.551652403763242,
p14,mood,time_in_bed_h_lag1,-0.11377078041657829,101,0.25728444767328246,101.0,0.5619818156843683,
p14,mood,time_in_bed_h_avg3,-0.14185978382008377,112,0.2844599313957914,58.851538656200205,0.5619818156843683,
p14,mood,bedtime_h_lag1,0.2445830233491704,101,0.038451011007528325,71.96097737598502,0.54912991608651,
p14,mood,bedtime_h_avg3,0.18458587496314025,112,0.23545998078134858,43.099366779762676,0.560948777743801,
p14,mood,sleep_eff_lag1,0.14587441930972492,101,0.22133362734807682,72.03575390557347,0.551652403763242,
p14,mood,sleep_eff_avg3,0.10986103355782247,112,0.48240247782631296,43.13154422207303,0.7104472855260245,
p14,mood,rhr_night_lag1,0.3009692135273959,99,0.08073516157902569,34.61442118285666,0.54912991608651,
p14,mood,rhr_night_avg3,0.30258161209212175,110,0.0957106844085395,31.397684695825458,0.54912991608651,
p14,mood,steps_lag1,-0.017453901414104467,96,0.8678707178803056,93.33630194977071,0.9630387693502683,
p14,mood,steps_avg3,-0.0972614914326123,103,0.5181568288770211,46.42817893599444,0.7363281252462931,
p14,mood,lightly_lag1,0.24768778977252207,96,0.032674103717816275,74.5639390308569,0.54912991608651,
p14,mood,lightly_avg3,0.17264673207612044,103,0.26599047646631196,43.384712410554,0.5619818156843683,
p14,mood,mvpa_lag1,0.005661761689932957,96,0.9563396580088751,96.0,0.9979015406510913,
p14,mood,mvpa_avg3,-0.0060790435136123516,103,0.9658646131881169,52.055742590608,0.9979015406510913,
p14,mood,very_lag1,-0.025005944468156554,96,0.8090953892823775,95.81269362562655,0.9630387693502683,
p14,mood,very_avg3,-0.04782285951765287,103,0.7417879861458384,49.91132480927163,0.9560972783413622,
p14,mood,srpe_load_lag1,-0.09907851888311958,120,0.281640176747258,120.0,0.5619818156843683,
p14,mood,srpe_load_avg3,-0.09180937879442819,120,0.5027322255220519,55.56056759627187,0.7271662547729678,
p14,mood,ex_min_nonwalk_lag1,-0.14342883164035863,120,0.12465931709276348,115.92722550378656,0.54912991608651,
p14,mood,ex_min_nonwalk_avg3,-0.18511575165022998,120,0.19092114229829138,51.551243751050514,0.54912991608651,
p14,mood,sedentary_lag1,0.02500850311071679,75,0.8432775628541482,64.9741727912698,0.9630387693502683,
p14,mood,sedentary_avg3,-0.06673713375442802,81,0.6509811436045084,48.3471961191064,0.893719875118054,
p14,mood,deep_min_lag1,0.018931288837151394,99,0.86868830208912,78.74803275332634,0.9630387693502683,0.9537914834991683
p14,mood,deep_min_avg3,0.0007040969795381938,110,0.9962276481803691,47.58745535469419,0.9981157893068973,0.9981157893068973
p14,mood,rem_min_lag1,-0.01717055741493437,99,0.8717648959992289,90.86072579946894,0.9630387693502683,0.9537914834991683
p14,mood,rem_min_avg3,-0.019010575587335363,110,0.8897810686502414,55.62763840217387,0.9630387693502683,0.9537914834991683
p14,mood,light_min_lag1,-0.15935088370697706,99,0.12313318584365472,94.91385414689033,0.54912991608651,0.48723121379012396
p14,mood,light_min_avg3,-0.2576820664071897,110,0.05607658153540817,55.615542459312714,0.54912991608651,0.48723121379012396
p14,mood,deep_pct_lag1,0.11180282122741678,99,0.3306801596056034,77.72308227171213,0.6087521120012244,0.6282923032506463
p14,mood,deep_pct_avg3,0.10947745467893304,110,0.45660370228563574,48.459647708805434,0.7104472855260245,0.686397949776979
p14,mood,rem_pct_lag1,0.148776982578216,99,0.15959283959373194,90.87092373120205,0.54912991608651,0.48723121379012396
p14,mood,rem_pct_avg3,0.17495271696279652,110,0.19660206872233074,56.13471956354626,0.54912991608651,0.48723121379012396
p14,mood,wake_min_lag1,-0.0903451137369415,101,0.3935284879894959,91.32636855137433,0.67947445250543,0.6809996476850156
p14,mood,wake_min_avg3,-0.017776226861616864,112,0.9035919317360542,48.91895350221207,0.9630387693502683,0.9537914834991683
p14,mood,wake_pct_lag1,-0.03521348700076119,99,0.7485509033895794,85.31286436262496,0.9560972783413622,0.9447958920725517
p14,mood,wake_pct_avg3,0.017952894497188374,110,0.9002358156008905,51.25060621386175,0.9630387693502683,0.9537914834991683
p14,mood,wake_count_lag1,-0.10130614700873816,99,0.364096769293554,82.34640687436674,0.6553741847283971,0.66946825321718
p14,mood,wake_count_avg3,-0.1971582671504585,110,0.15667901427410072,53.0920781056813,0.54912991608651,0.48723121379012396
p14,mood,wake_long_n_lag1,-0.14153153966468204,99,0.18003053853098383,91.3247581283942,0.54912991608651,0.48723121379012396
p14,mood,wake_long_n_avg3,-0.04584098368586547,110,0.7588132391736256,47.31220435953404,0.9560972783413622,0.9447958920725517
p14,mood,wake_per_h_lag1,-0.09595675207707423,99,0.39426295392290384,80.95493507504631,0.67947445250543,0.6809996476850156
p14,mood,wake_per_h_avg3,-0.15453569969148423,110,0.27830384850912404,51.122917320590616,0.5619818156843683,0.5875303468525952
p14,mood,min_after_wake_lag1,-0.1101189403952461,101,0.30277790272303984,89.53843879784958,0.5716817224819652,0.5965057053228169
p14,mood,min_after_wake_avg3,-0.21070674146833593,112,0.1177756546733961,56.37134350472154,0.54912991608651,0.48723121379012396
p14,mood,ss_overall_lag1,0.030851033785923618,99,0.773685895961374,89.33487086121825,0.9560972783413622,0.9447958920725517
p14,mood,ss_overall_avg3,-0.17149904704352867,110,0.22474727560724672,51.86455001698225,0.551652403763242,0.5124237883845225
p14,mood,ss_composition_lag1,0.14715160718072015,99,0.1808975674601317,84.27527124222514,0.54912991608651,0.48723121379012396
p14,mood,ss_composition_avg3,0.11042019761953295,110,0.4255436635650237,54.255925397152225,0.7034497295666718,0.686397949776979
p14,mood,ss_revitalization_lag1,0.149706624295933,99,0.19656234776463644,76.07263429300329,0.54912991608651,0.48723121379012396
p14,mood,ss_revitalization_avg3,-0.040552281499127596,110,0.7790422267966655,50.32578678523242,0.9560972783413622,0.9447958920725517
p14,mood,ss_duration_lag1,-0.07589792089339273,99,0.46809977066010977,93.62603461875796,0.7104472855260245,0.686397949776979
p14,mood,ss_duration_avg3,-0.23107617413603496,110,0.09794840110883896,52.402320681275455,0.54912991608651,0.48723121379012396
p14,mood,ss_deep_lag1,0.018931347400721135,99,0.8685303459078095,78.93280270435598,0.9630387693502683,0.9537914834991683
p14,mood,ss_deep_avg3,-0.0003520326166423887,110,0.9981157893068973,47.49735384249346,0.9981157893068973,0.9981157893068973
p14,mood,ss_restless_lag1,-0.17078541195369173,99,0.15378139883005867,71.22103321421368,0.54912991608651,0.48723121379012396
p14,mood,ss_restless_avg3,-0.11229359499221749,110,0.474141038423,42.86735404495196,0.7104472855260245,0.686397949776979
p14,mood,hr_sleep_mean_lag1,0.23861132986362635,101,0.08336747092106948,53.63763598289353,0.54912991608651,0.48723121379012396
p14,mood,hr_sleep_mean_avg3,0.2984125566447718,112,0.06446530150919583,39.146584350928805,0.54912991608651,0.48723121379012396
p14,mood,hr_sleep_p5_lag1,0.2786639459478779,101,0.05310642393213408,48.76836743212336,0.54912991608651,0.48723121379012396
p14,mood,hr_sleep_p5_avg3,0.3524207856824281,112,0.036282640407690234,35.546325749314725,0.54912991608651,0.48723121379012396
p14,mood,z_fatburn_lag1,0.2599736340411421,96,0.019514858049007273,80.44466788251599,0.54912991608651,0.48723121379012396
p14,mood,z_fatburn_avg3,0.349757240914554,103,0.015137866037362576,47.710503311984446,0.54912991608651,0.48723121379012396
p14,mood,z_cardio_lag1,-0.040456431319816945,96,0.6963375706125868,95.48029933568519,0.9400557203269923,0.9447958920725517
p14,mood,z_cardio_avg3,-0.21247563760799262,103,0.1511403771550003,47.10241167012587,0.54912991608651,0.48723121379012396
p14,mood,z_peak_lag1,-0.03693655688464407,96,0.7210512072955756,95.87973447845694,0.9560972783413622,0.9447958920725517
p14,mood,z_peak_avg3,0.004568174203414641,103,0.9732619964374841,56.33092803707836,0.9979015406510913,0.9981157893068973
p14,mood,z_cardio_peak_lag1,-0.05978016841987318,96,0.5628801928235256,96.0,0.7860913037707857,0.7825407558766089
p14,mood,z_cardio_peak_avg3,-0.1994786421304407,103,0.175183964395477,47.761163036022204,0.54912991608651,0.48723121379012396
p14,mood,ex_user_min_lag1,-0.1177384063362303,96,0.2532614861364544,96.0,0.5619818156843683,0.5552271042222269
p14,mood,ex_user_min_avg3,-0.17523183101159054,103,0.2235162381477307,50.003935642856646,0.551652403763242,0.5124237883845225
p14,mood,ex_avg_hr_lag1,-0.27041950009006005,37,0.12136520390780156,34.0923595244719,0.54912991608651,0.48723121379012396
p14,mood,ex_cp_min_lag1,-0.07444507504289716,96,0.48168277177331864,91.57663631647313,0.7104472855260245,0.686397949776979
p14,mood,ex_cp_min_avg3,-0.19998414044801593,103,0.17013567299823004,48.59946284051284,0.54912991608651,0.48723121379012396
p14,mood,hr_day_mean_lag1,0.09491143713472938,87,0.41869116394145106,74.76953018839903,0.7034497295666718,0.686397949776979
p14,mood,hr_day_mean_avg3,0.2824999131496598,97,0.06144403585370366,44.55116418101795,0.54912991608651,0.48723121379012396
p14,mood,hr_day_p10_lag1,0.10621428944628121,87,0.4596257225430012,50.69238062428875,0.7104472855260245,0.686397949776979
p14,mood,hr_day_p10_avg3,0.29233377088588214,97,0.07061021246223002,39.083790374425696,0.54912991608651,0.48723121379012396
p14,mood,hr_dip_lag1,-0.11502083275770228,82,0.3034853588484507,82.0,0.5716817224819652,0.5965057053228169
p14,mood,hr_dip_avg3,-0.027733455606267138,96,0.8522094607481822,47.604924437500046,0.9630387693502683,0.9537914834991683
p15,comp,sleep_h_lag1,0.0609391349407811,93,0.5617343889775885,93.0,0.9241529732516789,
p15,comp,sleep_h_avg3,0.06162486519236792,93,0.5573318321576785,93.0,0.9241529732516789,
p15,comp,time_in_bed_h_lag1,0.04392495972255221,93,0.6758960686675454,93.0,0.9278928890014294,
p15,comp,time_in_bed_h_avg3,0.06517180862511433,93,0.5348271005563531,93.0,0.9241529732516789,
p15,comp,bedtime_h_lag1,0.18257978204632608,93,0.0798291605528945,93.0,0.9241529732516789,
p15,comp,bedtime_h_avg3,-0.06000305465867716,93,0.5677708093065608,93.0,0.9241529732516789,
p15,comp,sleep_eff_lag1,0.10137343260375187,93,0.3336031536493042,93.0,0.9241529732516789,
p15,comp,sleep_eff_avg3,-0.005479004437449391,93,0.9584303887381522,93.0,0.9823911484566061,
p15,comp,rhr_night_lag1,-0.027815850644588743,93,0.7912639989773381,93.0,0.9292446345535161,
p15,comp,rhr_night_avg3,-0.03516212238948468,93,0.7379203471254758,93.0,0.9292446345535161,
p15,comp,steps_lag1,-0.04395487084349728,92,0.6773828654593758,92.0,0.9278928890014294,
p15,comp,steps_avg3,-0.07123593745991169,93,0.49742547589396896,93.0,0.9241529732516789,
p15,comp,lightly_lag1,-0.019554199454512082,92,0.853220756483295,92.0,0.9292446345535161,
p15,comp,lightly_avg3,-0.08600293747640331,93,0.41239549412355947,93.0,0.9241529732516789,
p15,comp,mvpa_lag1,-0.022000424459119265,92,0.8351035541383054,92.0,0.9292446345535161,
p15,comp,mvpa_avg3,-0.05719674793722503,93,0.5860482269400891,93.0,0.9241529732516789,
p15,comp,very_lag1,-0.009089528291589702,92,0.9314716464681259,92.0,0.9668439874732446,
p15,comp,very_avg3,-0.0351524658272339,93,0.7379897196798865,93.0,0.9292446345535161,
p15,comp,srpe_load_lag1,-0.14580581216328245,91,0.16787832517206125,91.0,0.9241529732516789,
p15,comp,srpe_load_avg3,-0.10724429696612107,91,0.3116218992110099,91.0,0.9241529732516789,
p15,comp,ex_min_nonwalk_lag1,-0.22152771606267488,93,0.03284006215320996,93.0,0.9241529732516789,
p15,comp,ex_min_nonwalk_avg3,-0.14931182309531918,93,0.15316015772249256,93.0,0.9241529732516789,
p15,comp,sedentary_lag1,-0.045545001889385546,85,0.6789460163425094,85.0,0.9278928890014294,
p15,comp,sedentary_avg3,0.01805927566715551,93,0.8635822566831454,93.0,0.9292446345535161,
p15,comp,deep_min_lag1,0.0625950601573828,93,0.5511313108614417,93.0,0.9241529732516789,0.8678510999549758
p15,comp,deep_min_avg3,0.15612351041315237,93,0.13506640106435577,93.0,0.9241529732516789,0.8229243242757343
p15,comp,rem_min_lag1,0.043520204297816924,93,0.6787175666423184,93.0,0.9278928890014294,0.8946731560285106
p15,comp,rem_min_avg3,0.11339867242032485,93,0.2791270786519548,93.0,0.9241529732516789,0.8229243242757343
p15,comp,light_min_lag1,0.019557963870880293,93,0.8523843368585738,93.0,0.9292446345535161,0.9201788332407989
p15,comp,light_min_avg3,0.002256595529756638,93,0.9828727126103544,93.0,0.9828727126103544,0.9828727126103544
p15,comp,deep_pct_lag1,0.057577144477036754,93,0.5835550499697251,93.0,0.9241529732516789,0.8678510999549758
p15,comp,deep_pct_avg3,0.1126943354410154,93,0.2821434052739527,93.0,0.9241529732516789,0.8229243242757343
p15,comp,rem_pct_lag1,0.02765648210749607,93,0.7924329518891453,93.0,0.9292446345535161,0.9201788332407989
p15,comp,rem_pct_avg3,0.09113025216601098,93,0.3849827911378387,93.0,0.9241529732516789,0.8229243242757343
p15,comp,wake_min_lag1,-0.04587354675904335,93,0.6623758792614735,93.0,0.9278928890014294,0.8946731560285106
p15,comp,wake_min_avg3,0.051023765134243095,93,0.6271678024513309,93.0,0.9278928890014294,0.88721298883359
p15,comp,wake_pct_lag1,-0.05969798707837811,93,0.5697446476730537,93.0,0.9241529732516789,0.8678510999549758
p15,comp,wake_pct_avg3,0.024685497491651373,93,0.8143062013846245,93.0,0.9292446345535161,0.9201788332407989
p15,comp,wake_count_lag1,0.11341821948934454,93,0.27904367696927723,93.0,0.9241529732516789,0.8229243242757343
p15,comp,wake_count_avg3,0.13948516748081924,93,0.18237349128079428,93.0,0.9241529732516789,0.8229243242757343
p15,comp,wake_long_n_lag1,-0.0030373745839552416,93,0.9769481072327765,93.0,0.9828727126103544,0.9828727126103544
p15,comp,wake_long_n_avg3,0.08129219026805114,93,0.438555939689342,93.0,0.9241529732516789,0.8229243242757343
p15,comp,wake_per_h_lag1,0.04065375126040283,93,0.6988241527635317,93.0,0.9292446345535161,0.9007066857841075
p15,comp,wake_per_h_avg3,0.032861346295254376,93,0.7545072386618757,93.0,0.9292446345535161,0.9116962467164331
p15,comp,min_after_wake_lag1,0.017428450767098213,93,0.8683038675284354,93.0,0.9292446345535161,0.9201788332407989
p15,comp,min_after_wake_avg3,0.0448703277501642,93,0.6693235001729757,93.0,0.9278928890014294,0.8946731560285106
p15,comp,ss_overall_lag1,0.08913154520940042,93,0.39553580785506864,93.0,0.9241529732516789,0.8229243242757343
p15,comp,ss_overall_avg3,0.10666439612336377,93,0.308854387615344,93.0,0.9241529732516789,0.8229243242757343
p15,comp,ss_composition_lag1,0.08077933760595363,93,0.4414595009945908,93.0,0.9241529732516789,0.8229243242757343
p15,comp,ss_composition_avg3,0.11520096615073816,93,0.2715072475355259,93.0,0.9241529732516789,0.8229243242757343
p15,comp,ss_revitalization_lag1,0.09425154652375514,93,0.36884519330666554,93.0,0.9241529732516789,0.8229243242757343
p15,comp,ss_revitalization_avg3,0.13727881049296006,93,0.18945739985823784,93.0,0.9241529732516789,0.8229243242757343
p15,comp,ss_duration_lag1,0.06154264726411848,93,0.5578588186139327,93.0,0.9241529732516789,0.8678510999549758
p15,comp,ss_duration_avg3,0.0808688391977204,93,0.44095200124448947,93.0,0.9241529732516789,0.8229243242757343
p15,comp,ss_deep_lag1,0.06304529652760146,93,0.5482652257393051,93.0,0.9241529732516789,0.8678510999549758
p15,comp,ss_deep_avg3,0.15973237286058817,93,0.12616343866492513,93.0,0.9241529732516789,0.8229243242757343
p15,comp,ss_restless_lag1,0.033485629138583765,93,0.7499952418046466,93.0,0.9292446345535161,0.9116962467164331
p15,comp,ss_restless_avg3,0.035268219908090585,93,0.7371582829593966,93.0,0.9292446345535161,0.9116962467164331
p15,comp,hr_sleep_mean_lag1,-0.0924465111730308,93,0.3781264249405631,93.0,0.9241529732516789,0.8229243242757343
p15,comp,hr_sleep_mean_avg3,-0.07914101298207062,93,0.45080720714471206,93.0,0.9241529732516789,0.8229243242757343
p15,comp,hr_sleep_p5_lag1,-0.12064949035079398,93,0.24932959491104653,93.0,0.9241529732516789,0.8229243242757343
p15,comp,hr_sleep_p5_avg3,-0.08614383222671482,93,0.41162733792846967,93.0,0.9241529732516789,0.8229243242757343
p15,comp,z_fatburn_lag1,0.016951122363708583,92,0.8725833763490334,92.0,0.9292446345535161,0.9201788332407989
p15,comp,z_fatburn_avg3,0.06825698059037227,93,0.5156258810388539,93.0,0.9241529732516789,0.8678510999549758
p15,comp,z_cardio_lag1,-0.08816398057086304,92,0.40332027427454364,92.0,0.9241529732516789,0.8229243242757343
p15,comp,z_cardio_avg3,-0.07858105578709357,93,0.45402721339350854,93.0,0.9241529732516789,0.8229243242757343
p15,comp,z_peak_lag1,-0.12466132799089626,92,0.2364186240494091,92.0,0.9241529732516789,0.8229243242757343
p15,comp,z_peak_avg3,-0.14744858909345276,93,0.1584117362074053,93.0,0.9241529732516789,0.8229243242757343
p15,comp,z_cardio_peak_lag1,-0.09648273731811807,92,0.3602369569824377,92.0,0.9241529732516789,0.8229243242757343
p15,comp,z_cardio_peak_avg3,-0.12056221440486231,93,0.24967472639843796,93.0,0.9241529732516789,0.8229243242757343
p15,comp,ex_user_min_lag1,-0.1785227823641487,92,0.08863830314891206,92.0,0.9241529732516789,0.8229243242757343
p15,comp,ex_user_min_avg3,-0.11182015530366597,93,0.2859172119131057,93.0,0.9241529732516789,0.8229243242757343
p15,comp,ex_avg_hr_lag1,0.15153714941505095,71,0.20712518617829748,71.0,0.9241529732516789,0.8229243242757343
p15,comp,ex_avg_hr_avg3,0.030310971677937313,76,0.7949214404092974,76.0,0.9292446345535161,0.9201788332407989
p15,comp,ex_cp_min_lag1,-0.1510500395698759,92,0.15064051157587105,92.0,0.9241529732516789,0.8229243242757343
p15,comp,ex_cp_min_avg3,-0.17884581150644713,93,0.08629780333656634,93.0,0.9241529732516789,0.8229243242757343
p15,comp,hr_day_mean_lag1,-0.05951038827537627,90,0.5774129689736314,90.0,0.9241529732516789,0.8678510999549758
p15,comp,hr_day_mean_avg3,0.013358148551240965,93,0.8988733615113105,93.0,0.9449694313324033,0.9309759815652858
p15,comp,hr_day_p10_lag1,-0.1125238920750379,90,0.2909996053188536,90.0,0.9241529732516789,0.8229243242757343
p15,comp,hr_day_p10_avg3,-0.08263097972068312,93,0.43102734842462076,93.0,0.9241529732516789,0.8229243242757343
p15,comp,hr_dip_lag1,0.022292516696595936,90,0.834795611048213,90.0,0.9292446345535161,0.9201788332407989
p15,comp,hr_dip_avg3,0.05414713480877461,93,0.6062091208381527,93.0,0.9278928890014294,0.8790032252153214
p15,mood,sleep_h_lag1,0.0546357980480712,93,0.6029581180003377,93.0,0.9813599919872159,
p15,mood,sleep_h_avg3,0.04056625853230443,93,0.6994412324108578,93.0,0.9813599919872159,
p15,mood,time_in_bed_h_lag1,0.052157535393805805,93,0.6195244429049258,93.0,0.9813599919872159,
p15,mood,time_in_bed_h_avg3,0.0577029086017667,93,0.5827318430748458,93.0,0.9813599919872159,
p15,mood,bedtime_h_lag1,0.16375501713657306,93,0.11677716147965149,93.0,0.9813599919872159,
p15,mood,bedtime_h_avg3,-0.06704314135957838,93,0.5231382668584902,93.0,0.9813599919872159,
p15,mood,sleep_eff_lag1,0.09016002018749976,93,0.39008423527890673,93.0,0.9813599919872159,
p15,mood,sleep_eff_avg3,0.06730840568104048,93,0.5214918553640742,93.0,0.9813599919872159,
p15,mood,rhr_night_lag1,0.07208429696080537,93,0.49230455128056533,93.0,0.9813599919872159,
p15,mood,rhr_night_avg3,0.047619351361224894,93,0.6503537577440899,93.0,0.9813599919872159,
p15,mood,steps_lag1,-0.09354049466234217,92,0.37513902734718024,92.0,0.9813599919872159,
p15,mood,steps_avg3,-0.12003937693731168,93,0.2517491527980256,93.0,0.9813599919872159,
p15,mood,lightly_lag1,0.0963974301611021,92,0.36066381387789614,92.0,0.9813599919872159,
p15,mood,lightly_avg3,-0.02215801675624566,93,0.8330277132882945,93.0,0.9813599919872159,
p15,mood,mvpa_lag1,-0.1043337542888186,92,0.322293416197974,92.0,0.9813599919872159,
p15,mood,mvpa_avg3,-0.07843748967261555,93,0.45485483256996756,93.0,0.9813599919872159,
p15,mood,very_lag1,-0.13428454539723914,92,0.2018882079178192,92.0,0.9813599919872159,
p15,mood,very_avg3,-0.06521743200948758,93,0.5345405919895655,93.0,0.9813599919872159,
p15,mood,srpe_load_lag1,-0.16196875444169193,91,0.1250612486356994,91.0,0.9813599919872159,
p15,mood,srpe_load_avg3,-0.06434842488621506,91,0.5445229330780023,91.0,0.9813599919872159,
p15,mood,ex_min_nonwalk_lag1,-0.2068384861192058,93,0.04667161222194043,93.0,0.9813599919872159,
p15,mood,ex_min_nonwalk_avg3,-0.08298921748103232,93,0.42902539742337886,93.0,0.9813599919872159,
p15,mood,sedentary_lag1,-0.08181853773127623,85,0.4566283980799326,85.0,0.9813599919872159,
p15,mood,sedentary_avg3,0.0102731856732883,93,0.9221437781394197,93.0,0.9820232442523691,
p15,mood,deep_min_lag1,-0.012683409304193979,93,0.903956431339672,93.0,0.9820232442523691,0.9960959312402332
p15,mood,deep_min_avg3,0.0848990257122389,93,0.4184428688101269,93.0,0.9813599919872159,0.9960959312402332
p15,mood,rem_min_lag1,-0.016312770745484248,93,0.8766657495363774,93.0,0.9820232442523691,0.9960959312402332
p15,mood,rem_min_avg3,0.05730655032693885,93,0.5853280665435596,93.0,0.9813599919872159,0.9960959312402332
p15,mood,light_min_lag1,0.06043934162008635,93,0.5649535658349114,93.0,0.9813599919872159,0.9960959312402332
p15,mood,light_min_avg3,0.05310568793170894,93,0.6131632947830813,93.0,0.9813599919872159,0.9960959312402332
p15,mood,deep_pct_lag1,-0.013320896405916839,93,0.8991538917640292,93.0,0.9820232442523691,0.9960959312402332
p15,mood,deep_pct_avg3,0.040232329452510984,93,0.7017982009797366,93.0,0.9813599919872159,0.9960959312402332
p15,mood,rem_pct_lag1,-0.048654814180729436,93,0.6432650545850397,93.0,0.9813599919872159,0.9960959312402332
p15,mood,rem_pct_avg3,0.005758315384757963,93,0.9563132692228672,93.0,0.9926289629908243,0.9988480957367524
p15,mood,wake_min_lag1,0.01949664982438069,93,0.8528419061659085,93.0,0.9820232442523691,0.9960959312402332
p15,mood,wake_min_avg3,0.15150173929887703,93,0.1471555712387719,93.0,0.9813599919872159,0.9960959312402332
p15,mood,wake_pct_lag1,0.024095556910158508,93,0.8186670893212825,93.0,0.9813599919872159,0.9960959312402332
p15,mood,wake_pct_avg3,0.14308950030763126,93,0.17121985229751807,93.0,0.9813599919872159,0.9960959312402332
p15,mood,wake_count_lag1,0.15766425903449638,93,0.13120872574698364,93.0,0.9813599919872159,0.9960959312402332
p15,mood,wake_count_avg3,0.1575320696201545,93,0.1315363656888822,93.0,0.9813599919872159,0.9960959312402332
p15,mood,wake_long_n_lag1,0.02776182176200524,93,0.7916602440618834,93.0,0.9813599919872159,0.9960959312402332
p15,mood,wake_long_n_avg3,0.12951664277561453,93,0.21596093197860453,93.0,0.9813599919872159,0.9960959312402332
p15,mood,wake_per_h_lag1,0.1306712489843703,93,0.21186059297191517,93.0,0.9813599919872159,0.9960959312402332
p15,mood,wake_per_h_avg3,0.02605996025517843,93,0.8041682059077928,93.0,0.9813599919872159,0.9960959312402332
p15,mood,min_after_wake_lag1,-0.04254992800789533,93,0.6854992319544306,93.0,0.9813599919872159,0.9960959312402332
p15,mood,min_after_wake_avg3,0.02152302366985696,93,0.8377463346232331,93.0,0.9813599919872159,0.9960959312402332
p15,mood,ss_overall_lag1,0.04557011968538685,93,0.6644742326613873,93.0,0.9813599919872159,0.9960959312402332
p15,mood,ss_overall_avg3,0.06630102954056079,93,0.5277582160803203,93.0,0.9813599919872159,0.9960959312402332
p15,mood,ss_composition_lag1,-0.026921671381615577,93,0.7978286165210656,93.0,0.9813599919872159,0.9960959312402332
p15,mood,ss_composition_avg3,0.011851929754598737,93,0.9102255923402132,93.0,0.9820232442523691,0.9960959312402332
p15,mood,ss_revitalization_lag1,0.038823245118691715,93,0.7117747944632299,93.0,0.9813599919872159,0.9960959312402332
p15,mood,ss_revitalization_avg3,0.0996868305860659,93,0.34174964407833175,93.0,0.9813599919872159,0.9960959312402332
p15,mood,ss_duration_lag1,0.05319504613938481,93,0.6125652560090635,93.0,0.9813599919872159,0.9960959312402332
p15,mood,ss_duration_avg3,0.038603754904058936,93,0.7133332568420456,93.0,0.9813599919872159,0.9960959312402332
p15,mood,ss_deep_lag1,-0.012102743774246331,93,0.9083339164998706,93.0,0.9820232442523691,0.9960959312402332
p15,mood,ss_deep_avg3,0.08710922209224839,93,0.4063865461069662,93.0,0.9813599919872159,0.9960959312402332
p15,mood,ss_restless_lag1,-0.006070259263580869,93,0.9539491576930116,93.0,0.9926289629908243,0.9988480957367524
p15,mood,ss_restless_avg3,0.0035915700642853475,93,0.972743573531187,93.0,0.9970621628694667,0.9988480957367524
p15,mood,hr_sleep_mean_lag1,0.00020234197545269565,93,0.9984641337860726,93.0,0.9988480957367524,0.9988480957367524
p15,mood,hr_sleep_mean_avg3,0.031759259230429354,93,0.762492619902159,93.0,0.9813599919872159,0.9960959312402332
p15,mood,hr_sleep_p5_lag1,-0.04228699253779973,93,0.6873413245939095,93.0,0.9813599919872159,0.9960959312402332
p15,mood,hr_sleep_p5_avg3,0.00015175704766234372,93,0.9988480957367524,93.0,0.9988480957367524,0.9988480957367524
p15,mood,z_fatburn_lag1,0.09935952842575087,92,0.3460251332679658,92.0,0.9813599919872159,0.9960959312402332
p15,mood,z_fatburn_avg3,0.11752423222899737,93,0.26189333450389257,93.0,0.9813599919872159,0.9960959312402332
p15,mood,z_cardio_lag1,-0.1357169777695011,92,0.19707478841553142,92.0,0.9813599919872159,0.9960959312402332
p15,mood,z_cardio_avg3,-0.022348392805534186,93,0.8316141763472098,93.0,0.9813599919872159,0.9960959312402332
p15,mood,z_peak_lag1,-0.13403203208795517,92,0.20274539376972905,92.0,0.9813599919872159,0.9960959312402332
p15,mood,z_peak_avg3,-0.10779879318337329,93,0.3037077707365043,93.0,0.9813599919872159,0.9960959312402332
p15,mood,z_cardio_peak_lag1,-0.14627623905538512,92,0.1641206896919373,92.0,0.9813599919872159,0.9960959312402332
p15,mood,z_cardio_peak_avg3,-0.05918655273465417,93,0.5730609170234611,93.0,0.9813599919872159,0.9960959312402332
p15,mood,ex_user_min_lag1,-0.175319778878351,92,0.09460520764171608,92.0,0.9813599919872159,0.9960959312402332
p15,mood,ex_user_min_avg3,-0.05665218276474388,93,0.5896258229148409,93.0,0.9813599919872159,0.9960959312402332
p15,mood,ex_avg_hr_lag1,0.06155154628642772,71,0.6101071109945879,71.0,0.9813599919872159,0.9960959312402332
p15,mood,ex_avg_hr_avg3,0.032637525747285914,76,0.779564681008851,76.0,0.9813599919872159,0.9960959312402332
p15,mood,ex_cp_min_lag1,-0.1964419783940791,92,0.060549092087942215,92.0,0.9813599919872159,0.9960959312402332
p15,mood,ex_cp_min_avg3,-0.12776176663926278,93,0.2223000897222278,93.0,0.9813599919872159,0.9960959312402332
p15,mood,hr_day_mean_lag1,-0.026943277160455283,90,0.8009798939728904,90.0,0.9813599919872159,0.9960959312402332
p15,mood,hr_day_mean_avg3,0.08373585417484056,93,0.424870075516338,93.0,0.9813599919872159,0.9960959312402332
p15,mood,hr_day_p10_lag1,0.031551103661569956,90,0.7678338309206896,90.0,0.9813599919872159,0.9960959312402332
p15,mood,hr_day_p10_avg3,0.03118595696664671,93,0.7666565013848464,93.0,0.9813599919872159,0.9960959312402332
p15,mood,hr_dip_lag1,-0.07040077979382339,90,0.5096624847833613,90.0,0.9813599919872159,0.9960959312402332
p15,mood,hr_dip_avg3,0.042323196532188835,93,0.6870875753084772,93.0,0.9813599919872159,0.9960959312402332
p16,comp,sleep_h_lag1,0.4707324172759506,81,9.216457285451775e-06,81.0,0.00021812282242235869,
p16,comp,sleep_h_avg3,0.42823155159667736,80,0.00011663362710256349,75.77469726307143,0.0009539401994905286,
p16,comp,time_in_bed_h_lag1,0.4079661636437225,81,0.0001565101441455218,81.0,0.0011112220234332048,
p16,comp,time_in_bed_h_avg3,0.4057334427984471,80,0.000281610265701759,75.81626338969318,0.0015380252972942222,
p16,comp,bedtime_h_lag1,-0.21246047481282707,81,0.06763966090921061,74.79321594747951,0.11168409126869659,
p16,comp,bedtime_h_avg3,-0.2631748831518248,80,0.02558102861384208,71.93470809771637,0.05865105114386433,
p16,comp,sleep_eff_lag1,0.25526273820890993,81,0.021453897312021852,81.0,0.057920484543791964,
p16,comp,sleep_eff_avg3,0.1592674602123599,80,0.17071930700788077,75.5360651153574,0.22446427402888028,
p16,comp,rhr_night_lag1,-0.019163062591083104,81,0.8716258162875885,73.59326244527387,0.9100798964179233,
p16,comp,rhr_night_avg3,0.05463294573478051,80,0.6496960770285996,71.50716048250231,0.7096680226004703,
p16,comp,steps_lag1,0.33181008416690494,78,0.004545188870915708,71.52450166238768,0.01698465314921133,
p16,comp,steps_avg3,0.3143362401510945,82,0.00482741737616402,78.84234182122412,0.01713733168538227,
p16,comp,lightly_lag1,0.27348242912065934,78,0.020514620834876908,71.54232687497172,0.057920484543791964,
p16,comp,lightly_avg3,0.1837457312369592,82,0.10472342738689401,79.13250831275317,0.1517421090708056,
p16,comp,mvpa_lag1,0.2000923373647704,78,0.08244885575792328,76.30767011743042,0.13008597241805672,
p16,comp,mvpa_avg3,0.2315126356917102,82,0.039794868209675587,79.22081217514668,0.0831010483202049,
p16,comp,very_lag1,0.22303095879435314,78,0.051780213019390176,76.63697274512752,0.09816739114665629,
p16,comp,very_avg3,0.2576081704499433,82,0.021757845480645636,79.17116587131939,0.057920484543791964,
p16,comp,ex_min_nonwalk_lag1,0.030287166219960145,50,,,,
p16,comp,ex_min_nonwalk_avg3,-0.16098428902838602,49,0.26914856151902095,49.0,0.3352552257517629,
p16,comp,sedentary_lag1,-0.2216719561909052,65,0.07596511880599623,64.99598326338761,0.12258007807331209,
p16,comp,sedentary_avg3,-0.2279672794805843,75,0.0491740278068375,75.0,0.09761806951727442,
p16,comp,deep_min_lag1,0.45329129519268635,81,2.1425147747571267e-05,81.0,0.000304237098015512,0.00026781434684464085
p16,comp,deep_min_avg3,0.4134150286708283,80,0.0002171112512933027,75.46147828667212,0.0012845749034853743,0.0012061736182961262
p16,comp,rem_min_lag1,0.3531195082987892,81,0.0012227405521349321,81.0,0.005425911200098762,0.005094752300562218
p16,comp,rem_min_avg3,0.2626517323773741,80,0.022026099756089903,75.85369439408338,0.057920484543791964,0.06097191768812188
p16,comp,light_min_lag1,0.37181790770674333,81,0.0006313994901531618,81.0,0.0029886242533916324,0.002869997682514372
p16,comp,light_min_avg3,0.34057820007662165,80,0.0025841345762119554,76.14052052598369,0.010192975272836045,0.009229052057899841
p16,comp,deep_pct_lag1,0.23344838436022752,81,0.03595335849301257,81.0,0.0773541955455725,0.07815947498480993
p16,comp,deep_pct_avg3,0.14279585036888354,80,0.22284407757838992,74.62652200014176,0.28253445550117295,0.29321589155051303
p16,comp,rem_pct_lag1,0.1893820615468089,81,0.09039696524786256,81.0,0.1365571177148562,0.14580155685139123
p16,comp,rem_pct_avg3,0.023596650090465535,80,0.8413400657859356,74.44616901127677,0.8915693234447973,0.8950426231765272
p16,comp,wake_min_lag1,0.190863203972376,81,0.08910440273528954,80.38875065252087,0.1365571177148562,0.14580155685139123
p16,comp,wake_min_avg3,0.08354285065888035,80,0.479304896313061,73.9504408212864,0.5578794694791366,0.5706010670393583
p16,comp,wake_pct_lag1,-0.287670934348498,81,0.010556762885871802,78.18854014050945,0.034069552949859,0.03298988401834938
p16,comp,wake_pct_avg3,-0.22039993530926152,80,0.06057602385430578,73.21611271052348,0.10949392182308373,0.11167422818284402
p16,comp,wake_count_lag1,0.4234131416909792,81,8.201278551521776e-05,81.0,0.000840686367720013,0.0006907047622112782
p16,comp,wake_count_avg3,0.391697024415881,80,0.0005206414623530125,74.77979219161764,0.0026403959876474203,0.0026032073117650623
p16,comp,wake_long_n_lag1,0.12015314123452361,81,0.28531890532943344,81.0,0.3492696944549961,0.3657934683710685
p16,comp,wake_long_n_avg3,-0.008546692476255897,80,0.9417632807281644,75.55732884443916,0.9490922472659676,0.9490922472659676
p16,comp,wake_per_h_lag1,-0.05192856709936802,81,0.6452263392128371,81.0,0.7096680226004703,0.7169181546809301
p16,comp,wake_per_h_avg3,0.11072366881735282,80,0.34655976545258527,74.32409380254407,0.4170464974090433,0.43319970681573156
p16,comp,min_after_wake_lag1,-0.175305891147499,81,0.11922589792772967,80.26469386789896,0.16598115201703542,0.17440619176977906
p16,comp,min_after_wake_avg3,0.040267690496072865,80,0.7334843450645033,73.94021601829333,0.7890513409027232,0.7972655924614166
p16,comp,ss_overall_lag1,0.5011987997772268,81,1.8811923858119117e-06,81.0,6.678232969632287e-05,4.702980964529779e-05
p16,comp,ss_overall_avg3,0.4298321030535905,80,0.00012092199711851772,74.83735930428753,0.0009539401994905286,0.0008637285508465551
p16,comp,ss_composition_lag1,0.3371092436814797,81,0.0020878522480593863,81.0,0.008719853506600967,0.008030200954074562
p16,comp,ss_composition_avg3,0.29021458700173347,80,0.011480056099014192,75.11517733906524,0.03543843404478294,0.033764870879453505
p16,comp,ss_revitalization_lag1,0.24797810921392813,81,0.02560820542901119,81.0,0.05865105114386433,0.06097191768812188
p16,comp,ss_revitalization_avg3,0.0677038858553762,80,0.5642680953777934,74.8407650194751,0.6461779801906989,0.6561256922997598
p16,comp,ss_duration_lag1,0.503089939516053,81,1.7017761766066979e-06,80.97673796190888,6.678232969632287e-05,4.702980964529779e-05
p16,comp,ss_duration_avg3,0.438399771025887,80,8.288457146535339e-05,75.07081891253837,0.000840686367720013,0.0006907047622112782
p16,comp,ss_deep_lag1,0.45816311426606554,81,1.7005690267498315e-05,81.0,0.0003018510022480951,0.00026781434684464085
p16,comp,ss_deep_avg3,0.41862520496543815,80,0.0001788199966012541,75.36823984914756,0.0011542017962444583,0.001117624978757838
p16,comp,ss_restless_lag1,-0.17534890826485788,81,0.11740260329969333,81.0,0.16598115201703542,0.17440619176977906
p16,comp,ss_restless_avg3,-0.1801170826548239,80,0.12208433423884534,74.97626856445186,0.16669207174919268,0.17440619176977906
p16,comp,hr_sleep_mean_lag1,-0.16634566358622213,81,0.14499003437114225,78.19614499543569,0.1942319328368132,0.20137504773769754
p16,comp,hr_sleep_mean_avg3,0.06315715631356235,80,0.5962218123178725,72.73720317150733,0.6719325186439515,0.6775247867248552
p16,comp,hr_sleep_p5_lag1,-0.09940742301930562,81,0.3882259031232569,77.46444151970029,0.45940065202918734,0.47344622332104497
p16,comp,hr_sleep_p5_avg3,-0.012532710583762563,80,0.9165543722783949,72.3843289509203,0.9431211656777685,0.9490922472659676
p16,comp,z_fatburn_lag1,0.21708495625257632,78,0.06476555191566077,73.15636590540235,0.10949392182308373,0.11167422818284402
p16,comp,z_fatburn_avg3,0.23780569620990413,82,0.034593868860082595,79.19818264800945,0.07675514653330825,0.07815947498480993
p16,comp,z_cardio_lag1,0.2542470981285594,78,0.0246882504251349,78.0,0.05865105114386433,0.06097191768812188
p16,comp,z_cardio_avg3,0.20845599284782174,82,0.06477105234604953,79.27086374505645,0.10949392182308373,0.11167422818284402
p16,comp,z_cardio_peak_lag1,0.2542470981285594,78,0.0246882504251349,78.0,0.05865105114386433,0.06097191768812188
p16,comp,z_cardio_peak_avg3,0.20845599284782174,82,0.06477105234604953,79.27086374505645,0.10949392182308373,0.11167422818284402
p16,comp,hr_day_mean_lag1,0.23789381230113063,75,0.04949648595242083,68.72583228212591,0.09761806951727442,0.10311767906754339
p16,comp,hr_day_mean_avg3,0.21876949714202662,80,0.052540293853139984,79.13230482380568,0.09816739114665629,0.10508058770627997
p16,comp,hr_day_p10_lag1,-0.007755908400411723,75,0.9490922472659676,70.26219208456365,0.9490922472659676,0.9490922472659676
p16,comp,hr_day_p10_avg3,0.1455148443392252,80,0.2004722594073016,79.07597908850377,0.25879146214397114,0.27090845865851565
p16,comp,hr_dip_lag1,0.32548542465217883,74,0.005264654913933875,72.02366284255498,0.017799547566157387,0.017548849713112918
p16,comp,hr_dip_avg3,0.1919926929450915,78,0.10450832679398035,72.66490048742924,0.1517421090708056,0.1632942606155943
p16,mood,sleep_h_lag1,0.2697243697672084,81,0.014887527187951843,81.0,0.08130880233419852,
p16,mood,sleep_h_avg3,0.3243346742307859,80,0.004628192650604123,74.64373404367909,0.041075209774111596,
p16,mood,time_in_bed_h_lag1,0.22947343371933052,81,0.03932716631051934,81.0,0.11840163230197676,
p16,mood,time_in_bed_h_avg3,0.31023295752542923,80,0.006870247181074626,74.69604712356083,0.04877875498562985,
p16,mood,bedtime_h_lag1,-0.15853696793206956,81,0.17365720161341633,75.2165002428786,0.2867363096407572,
p16,mood,bedtime_h_avg3,-0.2658548637257607,80,0.026292873434150963,69.84293447468907,0.09956438534211849,
p16,mood,sleep_eff_lag1,0.19986564506138751,81,0.07362621376733013,81.0,0.18669504205287282,
p16,mood,sleep_eff_avg3,0.07833943655378499,80,0.5060242932104169,74.343547912526,0.5702813463165015,
p16,mood,rhr_night_lag1,0.039800816566687984,81,0.7361869229926579,74.0947529076123,0.7686657578305693,
p16,mood,rhr_night_avg3,0.12027103181632168,80,0.32379836059890676,69.3123004665794,0.41799424731858875,
p16,mood,steps_lag1,0.250854691418324,78,0.03131273244382223,73.8197601454696,0.11116020017556891,
p16,mood,steps_avg3,0.2552794025054655,82,0.026643990443665513,75.41253090185442,0.09956438534211849,
p16,mood,lightly_lag1,0.17237007837686158,78,0.14242386702980736,73.8314433050757,0.28290122071802026,
p16,mood,lightly_avg3,0.13728652159390545,82,0.23694420842177177,76.00612762699338,0.35793699570097437,
p16,mood,mvpa_lag1,0.12858983568185917,78,0.26530082787438053,76.91976953940919,0.37672717558162033,
p16,mood,mvpa_avg3,0.22771482738116763,82,0.0476065967955762,76.18723467556568,0.13000262971099658,
p16,mood,very_lag1,0.15976376037416115,78,0.16479012819963978,77.13063761320456,0.2853682707847421,
p16,mood,very_avg3,0.23656582924491346,82,0.039527707633293926,76.08538581188347,0.11840163230197676,
p16,mood,ex_min_nonwalk_lag1,-0.053239713749995,50,,,,
p16,mood,ex_min_nonwalk_avg3,-0.10790115030991099,49,0.46053378188418304,49.0,0.5327655726583758,
p16,mood,sedentary_lag1,-0.24967940279153697,65,0.04494692735054231,64.95882396434962,0.12764927367554016,
p16,mood,sedentary_avg3,-0.261686543607998,75,0.023336284176793974,75.0,0.09956438534211849,
p16,mood,deep_min_lag1,0.3423371283520199,81,0.0017585334520259575,81.0,0.020809312515640496,0.014654445433549644
p16,mood,deep_min_avg3,0.3626621833530504,80,0.0014675816168855842,74.24977224975103,0.020809312515640496,0.014654445433549644
p16,mood,rem_min_lag1,0.2514807385303629,81,0.023532566971601217,81.0,0.09956438534211849,0.0933809735899569
p16,mood,rem_min_avg3,0.2604393259411393,80,0.024279053133388795,74.74316233763001,0.09956438534211849,0.0933809735899569
p16,mood,light_min_lag1,0.1541555381602844,81,0.16942158985527983,81.0,0.28640316380297304,0.30253855331299967
p16,mood,light_min_avg3,0.19777561042621286,80,0.08873882050392984,75.1043978697699,0.2100152085259673,0.24401156587475917
p16,mood,deep_pct_lag1,0.22868911334023084,81,0.040023086975316084,81.0,0.11840163230197676,0.13341028991772028
p16,mood,deep_pct_avg3,0.1702300073967844,80,0.14932134413603296,73.20164548766607,0.28290122071802026,0.2951499433677832
p16,mood,rem_pct_lag1,0.18805211056194826,81,0.09272439503240848,81.0,0.21236877571938717,0.24401156587475917
p16,mood,rem_pct_avg3,0.1154603528430364,80,0.33077348835495873,72.97564112712274,0.4193735298786084,0.43522827415126153
p16,mood,wake_min_lag1,0.1372379077742991,81,0.22348827482369696,80.4318277257471,0.3449492937496192,0.3604649593930596
p16,mood,wake_min_avg3,0.0640007837760022,80,0.5923240843709631,72.3551524546829,0.6404184219097441,0.6470853620031094
p16,mood,wake_pct_lag1,-0.117403635634475,81,0.30475648063011257,78.38416122608112,0.40825868159883005,0.4232728897640452
p16,mood,wake_pct_avg3,-0.18222012096125362,80,0.12706490292134476,71.4379493126874,0.2733820638610751,0.2951499433677832
p16,mood,wake_count_lag1,0.15782196995935452,81,0.15938096941860294,81.0,0.28290122071802026,0.2951499433677832
p16,mood,wake_count_avg3,0.16601703421424646,80,0.1592361350502829,73.39382170520172,0.28290122071802026,0.2951499433677832
p16,mood,wake_long_n_lag1,0.127837916250516,81,0.255399384082441,81.0,0.3752523581280046,0.3923893629592878
p16,mood,wake_long_n_avg3,-0.04533531814301313,80,0.7005791150795283,74.37028652859857,0.7424047338902464,0.7452969309356683
p16,mood,wake_per_h_lag1,-0.1600479587265887,81,0.15350442855379925,81.0,0.28290122071802026,0.2951499433677832
p16,mood,wake_per_h_avg3,-0.11175970050832369,80,0.34713361624449224,72.82274525197582,0.43239450444489386,0.44504309774934897
p16,mood,min_after_wake_lag1,-0.20569827684949898,81,0.06662035898369587,80.3164766681316,0.1751868699200891,0.20818862182404957
p16,mood,min_after_wake_avg3,-0.007290650330274565,80,0.9514142977110553,72.34236545508276,0.965005930535499,0.9694517250797594
p16,mood,ss_overall_lag1,0.3034722067304273,81,0.005885939916012416,81.0,0.04643352600409795,0.0367871244750776
p16,mood,ss_overall_avg3,0.3933530876397626,80,0.0005522168674655242,73.46602773105234,0.020809312515640496,0.014654445433549644
p16,mood,ss_composition_lag1,0.27119013355286525,81,0.014331142686855515,81.0,0.08130880233419852,0.07165571343427758
p16,mood,ss_composition_avg3,0.34776301611437976,80,0.0024288111660595267,73.81469353251957,0.024635084684318055,0.01734865118613948
p16,mood,ss_revitalization_lag1,0.23688476977229814,81,0.033235059602137705,81.0,0.11236615389294177,0.11869664143620609
p16,mood,ss_revitalization_avg3,0.06303721652584389,80,0.5950128788098655,73.47029994256515,0.6404184219097441,0.6470853620031094
p16,mood,ss_duration_lag1,0.27553822493948393,81,0.012797529604726597,80.97838287681996,0.08130880233419852,0.07109738669292553
p16,mood,ss_duration_avg3,0.3597669345070992,80,0.0016724561674488273,73.75900073659122,0.020809312515640496,0.014654445433549644
p16,mood,ss_deep_lag1,0.34469866565148694,81,0.0016257609774225977,81.0,0.020809312515640496,0.014654445433549644
p16,mood,ss_deep_avg3,0.36509653909464,80,0.001367841987796309,74.13258028944225,0.020809312515640496,0.014654445433549644
p16,mood,ss_restless_lag1,-0.14115485595358188,81,0.208770854388492,81.0,0.336880242308703,0.3599497489456759
p16,mood,ss_restless_avg3,-0.14573168894098631,80,0.21653468153607416,73.640319382924,0.3416436086458059,0.3604649593930596
p16,mood,hr_sleep_mean_lag1,-0.06091277117276192,81,0.5953185330428606,78.39124560752742,0.6404184219097441,0.6470853620031094
p16,mood,hr_sleep_mean_avg3,0.11050147871452137,80,0.3594972979978432,70.84101400463248,0.4400742785835667,0.449371622497304
p16,mood,hr_sleep_p5_lag1,-0.0044158039371465126,81,0.9694517250797594,77.70940384819409,0.9694517250797593,0.9694517250797594
p16,mood,hr_sleep_p5_avg3,0.09340446492814868,80,0.44048418862394717,70.40180002100159,0.5212396232050042,0.5243859388380324
p16,mood,z_fatburn_lag1,0.19991808420412302,78,0.0857405705210274,74.88525459179358,0.2099165692066533,0.24401156587475917
p16,mood,z_fatburn_avg3,0.27251918766900307,82,0.017128355118350598,76.14080195120245,0.08686522952877804,0.07785615962886636
p16,mood,z_cardio_lag1,0.16678945662519687,78,0.1444256022887237,78.0,0.28290122071802026,0.2951499433677832
p16,mood,z_cardio_avg3,0.12171489088081902,82,0.2939644211251424,76.28998427068805,0.4013744980747137,0.4199491730359178
p16,mood,z_cardio_peak_lag1,0.16678945662519687,78,0.1444256022887237,78.0,0.28290122071802026,0.2951499433677832
p16,mood,z_cardio_peak_avg3,0.12171489088081902,82,0.2939644211251424,76.28998427068805,0.4013744980747137,0.4199491730359178
p16,mood,hr_day_mean_lag1,0.13472153067281634,75,0.2589769795531299,72.06362645018815,0.3752523581280046,0.3923893629592878
p16,mood,hr_day_mean_avg3,0.19089958037089916,80,0.10335293875343408,73.9620347020152,0.22931433285918187,0.2583823468835852
p16,mood,hr_day_p10_lag1,-0.03151593409412157,75,0.7915443755973756,72.7951963705759,0.8144876908320821,0.8245253912472662
p16,mood,hr_day_p10_avg3,0.10337532950979433,80,0.382159415920425,73.58361774593985,0.45988675475169793,0.4660480681956403
p16,mood,hr_dip_lag1,0.11925917000117414,74,0.31433145058195705,73.17111687058271,0.413287647987388,0.4247722305161582
p16,mood,hr_dip_avg3,0.08760803016139719,78,0.46523190851858165,71.7118754138507,0.5327655726583758,0.5409673354867229
