pid,date,steps,distance_km,calories,lightly,moderately,very,sedentary,rhr_day,mvpa,active_total,srpe_load,ex_min,ex_min_nonwalk,wear_min,wear_min_night,wear_day
p01,2019-11-01,17873.0,14.424000000000001,4009.1,245.0,58,72,636,53.74107360839844,130,375.0,,58.88333333333334,,1421.0,353.0,1068.0
p01,2019-11-02,13118.0,10.584800000000001,3533.56,202.0,43,56,709,52.881497383117676,99,301.0,,40.96666666666667,,1393.0,358.0,1035.0
p01,2019-11-03,14312.0,11.46085,3748.73,262.0,63,45,648,53.22202396392822,108,370.0,,,,1368.0,359.0,1009.0
p01,2019-11-04,10970.0,8.8597,3353.38,230.0,23,28,760,54.31114101409912,51,281.0,,17.066666666666666,,1414.0,357.0,1057.0
p01,2019-11-05,16186.0,13.7147,3794.63,263.0,22,56,737,52.25911045074463,78,341.0,210.0,40.55,24.333333333333332,1412.0,353.0,1059.0
p01,2019-11-06,8189.0,6.5216,3192.41,206.0,10,11,849,54.2031888961792,21,227.0,,,,1423.0,353.0,1070.0
p01,2019-11-07,8710.0,7.0482000000000005,3143.87,182.0,11,15,866,53.09000301361084,26,208.0,,,,1426.0,356.0,1070.0
p01,2019-11-08,12888.0,10.369010000000001,3640.23,212.0,38,54,744,53.342061042785645,92,304.0,,30.733333333333334,,1344.0,347.0,997.0
p01,2019-11-09,16450.0,13.287110000000002,3912.61,305.0,31,60,653,53.04067897796631,91,396.0,,52.05,,1419.0,360.0,1059.0
p01,2019-11-10,17843.0,14.366600000000002,4014.13,263.0,34,92,629,52.42062187194824,126,389.0,,47.78333333333333,,1404.0,358.0,1046.0
p01,2019-11-11,12519.0,10.82464,3614.06,220.0,13,40,811,52.51010799407959,53,273.0,180.0,21.0,21.0,1407.0,353.0,1054.0
p01,2019-11-12,10392.0,8.391760000000001,3386.19,221.0,16,36,744,52.115116119384766,52,273.0,,15.366666666666667,,1365.0,349.0,1016.0
p01,2019-11-13,11185.0,9.020570000000001,3312.92,197.0,24,33,825,51.88932704925537,57,254.0,,,,1320.0,350.0,970.0
p01,2019-11-14,19220.0,15.472230000000001,4556.2699999999995,208.0,53,121,691,51.93328094482422,174,382.0,420.0,110.94999999999999,52.916666666666664,1394.0,348.0,1046.0
p01,2019-11-15,18259.0,15.022100000000002,4156.0599999999995,265.0,45,85,660,51.8710298538208,130,395.0,,81.91666666666666,,1381.0,346.0,1035.0
p01,2019-11-16,15305.0,12.360280000000001,4010.37,302.0,47,64,668,51.38984966278076,111,413.0,,50.33333333333333,18.766666666666666,1279.0,357.0,922.0
p01,2019-11-17,11916.0,9.602400000000001,3479.9,248.0,28,35,752,51.482625007629395,63,311.0,,36.7,,1388.0,356.0,1032.0
p01,2019-11-18,8241.0,7.0681400000000005,3394.79,131.0,4,55,878,50.782002449035645,59,190.0,300.0,52.5,52.5,1412.0,346.0,1066.0
p01,2019-11-19,7134.0,5.71773,3002.13,145.0,6,25,903,53.02547550201416,31,176.0,,16.216666666666665,,1346.0,322.0,1024.0
p01,2019-11-20,10116.0,8.112,3380.94,200.0,37,38,743,52.97533321380615,75,275.0,,,,1405.0,349.0,1056.0
p01,2019-11-21,19747.0,15.8618,4533.03,197.0,55,137,680,52.90737247467041,192,389.0,420.0,116.06666666666666,96.43333333333334,1406.0,347.0,1059.0
p01,2019-11-22,10938.0,8.78151,3372.09,187.0,43,41,797,53.683420181274414,84,271.0,,48.65,,1371.0,344.0,1027.0
p01,2019-11-23,20704.0,17.492800000000003,4451.29,226.0,44,121,639,53.23723602294922,165,391.0,240.0,120.58333333333334,30.116666666666667,1417.0,359.0,1058.0
p01,2019-11-24,16517.0,13.39287,3930.0699999999997,263.0,27,97,565,52.98031997680664,124,387.0,,82.78333333333333,,1401.0,356.0,1045.0
p01,2019-11-25,12481.0,9.927800000000001,3488.5499999999997,251.0,19,36,767,51.939348220825195,55,306.0,,22.2,,1416.0,348.0,1068.0
p01,2019-11-26,16428.0,14.230680000000001,4021.36,202.0,44,73,750,51.33994960784912,117,319.0,280.0,61.983333333333334,36.38333333333333,1254.0,359.0,895.0
p01,2019-11-27,10556.0,8.52725,3238.2599999999998,218.0,18,25,769,51.493072509765625,43,261.0,,34.166666666666664,,1406.0,347.0,1059.0
p01,2019-11-28,17535.0,14.166,4367.32,239.0,36,104,670,49.97160625457764,140,379.0,360.0,73.38333333333334,73.38333333333334,1407.0,350.0,1057.0
p01,2019-11-29,16209.0,12.9343,3913.69,255.0,55,60,709,51.81002712249756,115,370.0,,38.41666666666667,,1425.0,350.0,1075.0
p01,2019-11-30,10782.0,8.70345,3410.56,266.0,31,37,671,51.69850158691406,68,334.0,,52.91666666666667,,1415.0,359.0,1056.0
p01,2019-12-01,13736.0,11.037500000000001,3664.0499999999997,295.0,33,54,630,50.71304893493652,87,382.0,,19.633333333333333,,1419.0,355.0,1064.0
p01,2019-12-02,12224.0,9.877320000000001,3356.7799999999997,224.0,19,37,947,50.645761489868164,56,280.0,,45.233333333333334,,1105.0,175.0,930.0
p01,2019-12-03,18142.0,15.6225,4261.8,221.0,23,91,725,50.809428215026855,114,335.0,240.0,59.03333333333333,40.25,1419.0,358.0,1061.0
p01,2019-12-04,11745.0,9.487,3473.92,218.0,30,33,782,51.79905128479004,63,281.0,,,,1392.0,347.0,1045.0
p01,2019-12-05,18234.0,14.689300000000001,4357.09,262.0,44,99,682,51.21220111846924,143,405.0,360.0,88.75,71.68333333333334,1404.0,346.0,1058.0
p01,2019-12-06,10401.0,8.398750000000001,3254.47,198.0,25,35,823,53.66781139373779,60,258.0,,18.783333333333335,,1357.0,348.0,1009.0
p01,2019-12-07,14898.0,12.0463,3862.79,363.0,24,48,533,52.773488998413086,72,435.0,,40.11666666666667,20.483333333333334,1414.0,355.0,1059.0
p01,2019-12-08,15805.0,12.749880000000001,3977.52,298.0,33,71,598,51.817320823669434,104,402.0,,57.166666666666664,,1427.0,359.0,1068.0
p01,2019-12-09,11223.0,9.00886,3429.66,290.0,27,16,725,53.05702304840088,43,333.0,,,,1424.0,347.0,1077.0
p01,2019-12-10,7708.0,6.2019,3024.06,155.0,12,22,891,51.08981227874756,34,189.0,,,,1414.0,344.0,1070.0
p01,2019-12-11,9855.0,7.812800000000001,3363.2599999999998,175.0,32,40,720,51.297322273254395,72,247.0,,,,1416.0,345.0,1071.0
p01,2019-12-12,10728.0,8.55875,3415.07,274.0,15,17,885,53.64946746826172,32,306.0,,,,1319.0,242.0,1077.0
p01,2019-12-13,15910.0,12.763900000000001,3858.7599999999998,301.0,23,56,691,54.55725383758545,79,380.0,,63.150000000000006,,1432.0,355.0,1077.0
p01,2019-12-14,15348.0,12.336300000000001,3775.07,303.0,36,52,622,54.63343334197998,88,391.0,,27.316666666666666,,1434.0,360.0,1074.0
p01,2019-12-15,21362.0,17.2541,4430.25,357.0,61,108,513,54.23077869415283,169,526.0,,125.44999999999999,,1425.0,360.0,1065.0
p01,2019-12-16,10489.0,8.37147,3357.84,222.0,36,30,755,53.99892807006836,66,288.0,,17.933333333333334,,1424.0,345.0,1079.0
p01,2019-12-17,12437.0,10.045300000000001,3598.69,235.0,24,46,786,53.865427017211914,70,305.0,,40.1,,1420.0,346.0,1074.0
p01,2019-12-18,14775.0,11.798440000000001,3736.0299999999997,268.0,19,47,729,52.44899940490723,66,334.0,,50.28333333333333,,1313.0,358.0,955.0
p01,2019-12-19,18894.0,15.234800000000002,4081.58,298.0,40,74,684,52.97296714782715,114,412.0,,88.75,,1433.0,358.0,1075.0
p01,2019-12-20,13110.0,10.5463,3661.09,268.0,19,54,805,54.16770935058594,73,341.0,,56.333333333333336,,1433.0,353.0,1080.0
p01,2019-12-21,17760.0,14.349300000000001,3938.75,227.0,36,106,656,53.94008731842041,142,369.0,,133.13333333333333,,1418.0,360.0,1058.0
p01,2019-12-22,18170.0,14.6461,4316.38,331.0,74,70,521,52.24936294555664,144,475.0,,51.2,,1413.0,360.0,1053.0
p01,2019-12-23,17227.0,13.650300000000001,3997.02,326.0,19,81,536,51.94980049133301,100,426.0,,100.7,,1424.0,360.0,1064.0
p01,2019-12-24,13316.0,10.746450000000001,3962.07,435.0,28,31,536,52.04936504364014,59,494.0,,,,1433.0,358.0,1075.0
p01,2019-12-25,11804.0,9.50857,3455.43,256.0,53,26,625,51.2878999710083,79,335.0,,19.633333333333333,,1252.0,358.0,894.0
p01,2019-12-26,16891.0,14.374500000000001,4476.22,287.0,59,87,557,50.94650840759277,146,433.0,180.0,53.31666666666666,24.3,1418.0,360.0,1058.0
p01,2019-12-27,10161.0,8.2028,3357.61,301.0,25,24,630,50.310153007507324,49,350.0,,30.716666666666665,,1431.0,360.0,1071.0
p01,2019-12-28,12445.0,10.02147,3820.16,379.0,6,27,542,50.891639709472656,33,412.0,,20.483333333333334,,1421.0,360.0,1061.0
p01,2019-12-29,13699.0,10.9747,3896.2799999999997,277.0,42,67,582,51.764832496643066,109,386.0,,17.066666666666666,,1429.0,356.0,1073.0
p01,2019-12-30,10187.0,8.22912,3149.58,292.0,5,13,752,53.47320365905762,18,310.0,,,,1117.0,358.0,759.0
p01,2019-12-31,11490.0,9.265160000000002,3477.06,343.0,13,19,659,52.669493675231934,32,375.0,,23.883333333333333,,1410.0,358.0,1052.0
p01,2020-01-01,11847.0,9.533000000000001,3563.43,309.0,27,20,687,53.09996032714844,47,356.0,,,,1436.0,360.0,1076.0
p01,2020-01-02,10346.0,8.2704,3169.72,196.0,11,37,636,52.00821113586426,48,244.0,,23.9,,1416.0,357.0,1059.0
p01,2020-01-03,17431.0,14.622370000000002,3954.62,170.0,33,102,713,51.82297134399414,135,305.0,210.0,94.25,26.85,1429.0,360.0,1069.0
p01,2020-01-04,16170.0,14.165000000000001,4092.19,210.0,19,93,598,51.27910900115967,112,322.0,300.0,63.916666666666664,48.55,1413.0,360.0,1053.0
p01,2020-01-05,11425.0,9.22494,3377.68,257.0,27,44,631,52.82413291931152,71,328.0,,31.6,0.03333333333333333,1415.0,359.0,1056.0
p01,2020-01-06,11322.0,9.12752,3283.5099999999998,196.0,25,43,827,51.86006546020508,68,264.0,,27.316666666666666,,1276.0,350.0,926.0
p01,2020-01-07,17638.0,14.85087,4237.59,215.0,29,103,741,53.08741092681885,132,347.0,180.0,83.9,30.133333333333333,1417.0,358.0,1059.0
p01,2020-01-08,8149.0,6.58255,3045.5899999999997,146.0,14,38,853,52.446309089660645,52,198.0,,26.45,,1415.0,344.0,1071.0
p01,2020-01-09,13189.0,10.6559,3794.84,165.0,33,92,748,53.418551445007324,125,290.0,360.0,81.91666666666667,56.31666666666667,1419.0,350.0,1069.0
p01,2020-01-10,13733.0,11.131100000000002,3556.25,171.0,33,70,782,52.682600021362305,103,274.0,,75.96666666666667,,1419.0,351.0,1068.0
p01,2020-01-11,13736.0,11.0434,3463.39,231.0,37,50,586,52.313536643981934,87,318.0,,50.35,,1410.0,357.0,1053.0
p01,2020-01-12,8820.0,7.12356,2981.41,181.0,20,34,742,52.44845104217529,54,235.0,,29.866666666666667,,1414.0,360.0,1054.0
p01,2020-01-13,8564.0,6.9149400000000005,3354.7799999999997,209.0,53,15,835,52.526132583618164,68,277.0,,28.166666666666668,,1226.0,343.0,883.0
p01,2020-01-14,17723.0,15.303510000000001,4091.36,208.0,38,85,713,51.67782211303711,123,331.0,210.0,58.3,33.55,1338.0,360.0,978.0
p01,2020-01-15,14145.0,11.4227,3597.65,204.0,26,61,717,51.18936061859131,87,291.0,,81.05,,1431.0,352.0,1079.0
p01,2020-01-16,13888.0,11.2194,4078.73,162.0,23,112,750,51.059011459350586,135,297.0,400.0,35.833333333333336,20.483333333333334,1406.0,347.0,1059.0
p01,2020-01-17,12501.0,10.04747,3499.56,237.0,27,39,739,52.1726016998291,66,303.0,,41.81666666666666,,1413.0,345.0,1068.0
p01,2020-01-18,13480.0,12.2946,3862.69,195.0,34,66,783,51.55383586883545,100,295.0,300.0,48.016666666666666,48.016666666666666,1405.0,360.0,1045.0
p01,2020-01-19,13255.0,10.646700000000001,3408.84,203.0,31,63,767,52.90525531768799,94,297.0,,76.8,,1411.0,358.0,1053.0
p01,2020-01-20,7492.0,6.048540000000001,3110.58,206.0,9,18,795,51.91705894470215,27,233.0,,15.366666666666667,,1324.0,347.0,977.0
p01,2020-01-21,11684.0,9.39146,3381.5099999999998,227.0,10,41,757,50.55670738220215,51,278.0,,28.15,,1419.0,350.0,1069.0
p01,2020-01-22,10162.0,8.161900000000001,3375.48,247.0,20,23,819,50.63613224029541,43,290.0,,17.066666666666666,,1425.0,352.0,1073.0
p01,2020-01-23,15169.0,12.241800000000001,4139.55,212.0,41,95,699,51.25885772705078,136,348.0,420.0,71.68333333333334,71.68333333333334,1414.0,351.0,1063.0
p01,2020-01-24,10721.0,8.62275,3429.5099999999998,253.0,23,20,696,51.3598108291626,43,296.0,,,,1343.0,358.0,985.0
p01,2020-01-25,18231.0,16.1032,4189.59,248.0,52,71,632,52.70834922790527,123,371.0,240.0,86.35,41.11666666666667,1415.0,360.0,1055.0
p01,2020-01-26,18422.0,14.855080000000001,3863.71,284.0,27,79,610,52.47140407562256,106,390.0,,77.65,,1388.0,358.0,1030.0
p01,2020-01-27,9026.0,7.288,3329.7999999999997,247.0,11,27,805,51.8798770904541,38,285.0,,,,1418.0,347.0,1071.0
p01,2020-01-28,14473.0,11.691400000000002,3720.96,210.0,52,72,742,52.38985633850098,124,334.0,,93.86666666666667,,1408.0,343.0,1065.0
p01,2020-01-29,4749.0,3.8332100000000002,2726.22,132.0,20,11,916,51.784568786621094,31,163.0,,,,1416.0,348.0,1068.0
p01,2020-01-30,14398.0,11.610050000000001,4399.3099999999995,389.0,29,85,552,50.769968032836914,114,503.0,540.0,106.66666666666667,90.45,1324.0,359.0,965.0
p01,2020-01-31,12231.0,9.860940000000001,3785.5699999999997,333.0,30,42,647,53.197364807128906,72,405.0,,35.85,,1427.0,350.0,1077.0
p01,2020-02-01,14409.0,11.63652,3889.7799999999997,402.0,36,28,598,53.65375518798828,64,466.0,,25.6,25.6,1167.0,360.0,807.0
p01,2020-02-02,11652.0,9.40873,3784.27,505.0,11,16,501,54.55971145629883,27,532.0,,32.43333333333334,17.066666666666666,1368.0,357.0,1011.0
p01,2020-02-03,10754.0,8.658930000000002,3719.74,432.0,29,26,534,53.74181079864502,55,487.0,,21.333333333333332,,1413.0,348.0,1065.0
p01,2020-02-04,8898.0,7.18034,3043.42,222.0,5,14,830,52.82433891296387,19,241.0,,,,1414.0,345.0,1069.0
p01,2020-02-05,18685.0,15.82858,4362.76,237.0,35,101,729,53.6356086730957,136,373.0,280.0,80.13333333333334,29.8,1396.0,335.0,1061.0
p01,2020-02-06,24846.0,20.5836,5225.82,197.0,85,178,622,52.76318645477295,263,460.0,660.0,153.1,118.11666666666667,1420.0,360.0,1060.0
p01,2020-02-07,8131.0,6.56749,3006.66,198.0,14,11,833,54.046916007995605,25,223.0,,,,1272.0,351.0,921.0
p01,2020-02-08,14197.0,11.368500000000001,3578.37,279.0,22,31,636,53.446539878845215,53,332.0,,15.366666666666667,,1412.0,360.0,1052.0
p01,2020-02-09,8963.0,7.2384,3140.46,229.0,18,15,751,51.761281967163086,33,262.0,,24.733333333333334,,1412.0,354.0,1058.0
p01,2020-02-10,15052.0,13.436510000000002,4160.98,257.0,28,70,723,51.68393611907959,98,355.0,210.0,33.55,33.55,1401.0,345.0,1056.0
p01,2020-02-11,10533.0,8.48808,3559.41,361.0,28,30,630,52.53243827819824,58,419.0,,,,1423.0,353.0,1070.0
p01,2020-02-12,10839.0,8.751420000000001,3473.77,350.0,9,46,668,53.02101135253906,55,405.0,,41.81666666666666,,1412.0,347.0,1065.0
p01,2020-02-13,13617.0,11.75407,3875.5,359.0,6,39,670,51.069740295410156,45,404.0,150.0,35.083333333333336,35.083333333333336,1384.0,326.0,1058.0
p01,2020-02-14,7819.0,6.275480000000001,3216.3399999999997,194.0,11,21,928,53.24045372009277,32,226.0,,16.216666666666665,,1414.0,344.0,1070.0
p01,2020-02-15,6833.0,5.5057,2984.43,186.0,14,18,743,54.60454559326172,32,218.0,,,,1049.0,354.0,695.0
p01,2020-02-16,8837.0,7.10498,3000.25,244.0,9,15,692,55.23484134674072,24,268.0,,16.216666666666665,,1288.0,360.0,928.0
p01,2020-02-17,10674.0,8.5485,3526.27,345.0,10,12,729,53.849595069885254,22,367.0,,,,1415.0,349.0,1066.0
p01,2020-02-18,10533.0,8.494050000000001,3079.62,197.0,21,45,749,54.30708885192871,66,263.0,,46.56666666666666,,1020.0,360.0,660.0
p01,2020-02-19,18691.0,15.040030000000002,4069.8199999999997,415.0,14,51,575,52.256792068481445,65,480.0,,60.583333333333336,,1415.0,358.0,1057.0
p01,2020-02-20,7720.0,6.232,2981.19,217.0,11,23,846,51.522735595703125,34,251.0,,,,1397.0,355.0,1042.0
p01,2020-02-21,17992.0,15.134680000000001,4415.45,358.0,34,64,678,51.10006046295166,98,456.0,200.0,38.05,38.05,1411.0,358.0,1053.0
p01,2020-02-22,15947.0,12.8762,4015.1,459.0,8,16,539,52.19623851776123,24,483.0,,25.583333333333332,,1421.0,355.0,1066.0
p01,2020-02-23,12227.0,9.870230000000001,3582.77,378.0,27,3,576,51.04134941101074,30,408.0,,,,1412.0,356.0,1056.0
p01,2020-02-24,7427.0,5.95636,2908.61,178.0,7,7,884,50.822875022888184,14,192.0,,,,974.0,348.0,626.0
p01,2020-02-25,7365.0,5.940620000000001,3385.63,267.0,30,8,831,51.163947105407715,38,305.0,,,,1415.0,359.0,1056.0
p01,2020-02-26,12554.0,10.56531,3747.61,264.0,16,37,801,53.30293560028076,53,317.0,150.0,26.55,26.55,1414.0,359.0,1055.0
p01,2020-02-27,19534.0,15.686660000000002,4697.96,209.0,70,115,685,54.84496307373047,185,394.0,560.0,108.36666666666667,86.18333333333334,1400.0,348.0,1052.0
p01,2020-02-28,12513.0,10.103100000000001,3630.11,347.0,9,16,710,55.253294944763184,25,372.0,,,,1418.0,358.0,1060.0
p01,2020-02-29,21999.0,17.758270000000003,4958.07,418.0,125,63,420,55.9315185546875,188,606.0,,22.183333333333334,,1392.0,360.0,1032.0
p01,2020-03-01,21553.0,17.40474,4790.81,340.0,146,70,506,54.52877616882324,216,556.0,,24.75,,1372.0,360.0,1012.0
p01,2020-03-02,11335.0,9.13105,3266.5099999999998,252.0,13,19,748,54.61709690093994,32,284.0,,22.183333333333334,,1413.0,351.0,1062.0
p01,2020-03-03,10117.0,8.149610000000001,3221.1,194.0,22,39,781,53.060065269470215,61,255.0,,16.216666666666665,,1417.0,348.0,1069.0
p01,2020-03-04,13093.0,10.54147,4093.69,605.0,24,16,453,52.8782901763916,40,645.0,,,,1408.0,351.0,1057.0
p01,2020-03-05,20119.0,16.710150000000002,5053.12,416.0,41,127,451,52.32710361480713,168,584.0,570.0,100.78333333333333,100.78333333333333,1331.0,349.0,982.0
p01,2020-03-06,10480.0,8.46649,3368.04,290.0,15,25,691,52.009737968444824,40,330.0,,30.716666666666665,,1392.0,350.0,1042.0
p01,2020-03-07,12847.0,10.355830000000001,3443.7,157.0,40,70,722,52.72003936767578,110,267.0,,54.61666666666666,,1422.0,360.0,1062.0
p01,2020-03-08,13115.0,10.59088,3568.3199999999997,312.0,27,41,647,52.68251419067383,68,380.0,,25.6,,1408.0,358.0,1050.0
p01,2020-03-09,7240.0,5.84459,2952.43,250.0,0,0,816,51.32135009765625,0,250.0,,15.366666666666667,,1402.0,344.0,1058.0
p01,2020-03-10,13280.0,11.277260000000002,3753.45,189.0,24,60,797,51.430620193481445,84,273.0,200.0,55.33333333333333,37.416666666666664,1116.0,357.0,759.0
p01,2020-03-11,8855.0,7.174650000000001,2892.88,192.0,16,7,1225,51.556931495666504,23,215.0,,,,633.0,4.0,629.0
p01,2020-03-12,9835.0,7.9154800000000005,3187.45,200.0,18,24,823,52.08916664123535,42,242.0,,23.883333333333333,,1414.0,348.0,1066.0
p01,2020-03-13,8744.0,7.019380000000001,3051.75,205.0,19,15,768,50.45013904571533,34,239.0,,,,1417.0,360.0,1057.0
p01,2020-03-14,9026.0,8.17885,3207.16,168.0,10,38,736,50.21042537689209,48,216.0,180.0,44.21666666666667,24.716666666666665,1337.0,360.0,977.0
p01,2020-03-15,9937.0,7.914010000000001,3233.19,200.0,14,48,826,51.24338340759277,62,262.0,,62.3,,1406.0,360.0,1046.0
p01,2020-03-16,6939.0,5.603350000000001,2878.29,137.0,31,25,845,50.49125576019287,56,193.0,,16.216666666666665,,1407.0,356.0,1051.0
p01,2020-03-17,7952.0,6.4244900000000005,2932.23,145.0,11,38,711,50.059335708618164,49,194.0,,41.81666666666666,,1024.0,342.0,682.0
p01,2020-03-18,6403.0,5.1703,2838.67,112.0,16,33,811,50.257466316223145,49,161.0,,,,1408.0,360.0,1048.0
p01,2020-03-19,8331.0,6.66736,3178.23,204.0,29,22,807,49.03186798095703,51,255.0,,38.71666666666667,,1377.0,347.0,1030.0
p01,2020-03-20,7189.0,5.80436,2901.77,156.0,15,30,859,49.66581630706787,45,201.0,,,,1387.0,352.0,1035.0
p01,2020-03-21,14653.0,11.83707,3748.94,249.0,31,70,657,50.4773588180542,101,350.0,,109.61666666666666,,1398.0,357.0,1041.0
p01,2020-03-22,4773.0,3.82426,2785.38,168.0,14,11,793,50.55702304840088,25,193.0,,,,1257.0,358.0,899.0
p01,2020-03-23,5897.0,4.76147,2854.75,149.0,13,31,824,50.543996810913086,44,193.0,,,,1425.0,360.0,1065.0
p01,2020-03-24,5439.0,4.391,2798.69,151.0,3,13,781,50.58268165588379,16,167.0,,,,1416.0,358.0,1058.0
p01,2020-03-25,9121.0,7.3669,3160.4,186.0,11,43,797,50.29405879974365,54,240.0,,57.18333333333333,,1416.0,359.0,1057.0
p01,2020-03-26,7357.0,5.9466,3104.16,142.0,26,42,771,50.62141036987305,68,210.0,,43.516666666666666,,1423.0,360.0,1063.0
p01,2020-03-27,11532.0,9.221200000000001,3383.74,181.0,28,65,821,50.23250770568848,93,274.0,,83.63333333333333,,1433.0,358.0,1075.0
p01,2020-03-28,16448.0,13.264600000000002,3967.7999999999997,207.0,69,83,679,51.125173568725586,152,359.0,,93.01666666666667,,1411.0,360.0,1051.0
p01,2020-03-29,6698.0,5.410760000000001,2832.94,145.0,19,22,840,53.07050037384033,41,186.0,,17.933333333333334,,1429.0,360.0,1069.0
p01,2020-03-30,4761.0,3.8424400000000003,2696.81,161.0,6,8,842,52.17508316040039,14,175.0,,,,1407.0,343.0,1064.0
p01,2020-03-31,9351.0,7.467880000000001,3176.12,155.0,23,44,837,52.556668281555176,67,222.0,,46.06666666666667,,1316.0,360.0,956.0
p02,2019-11-01,,,1670.3999999999999,0.0,0,0,1440,,0,0.0,,,,0.0,0.0,0.0
p02,2019-11-02,,,1670.3999999999999,0.0,0,0,1440,,0,0.0,,,,0.0,0.0,0.0
p02,2019-11-03,,,1670.3999999999999,0.0,0,0,1440,,0,0.0,1240.0,,,0.0,0.0,0.0
p02,2019-11-04,,,1670.3999999999999,0.0,0,0,1440,,0,0.0,,,,0.0,0.0,0.0
p02,2019-11-05,385.0,0.2711,1778.26,16.0,0,0,1424,,0,16.0,,,,138.0,0.0,138.0
p02,2019-11-06,17228.0,14.438600000000001,3134.3,183.0,20,77,707,,97,280.0,490.0,83.93333333333334,68.56666666666666,1388.0,334.0,1054.0
p02,2019-11-07,16074.0,12.146,3404.18,222.0,14,98,689,,112,334.0,,75.08333333333333,29.866666666666667,1400.0,355.0,1045.0
p02,2019-11-08,17375.0,14.110800000000001,3557.44,227.0,17,80,638,,97,324.0,660.0,78.5,63.15,1406.0,355.0,1051.0
p02,2019-11-09,18903.0,14.0204,3598.74,177.0,28,128,799,,156,333.0,,124.58333333333334,,1385.0,354.0,1031.0
p02,2019-11-10,15647.0,11.392900000000001,3633.83,227.0,36,109,599,,145,372.0,,115.3,38.483333333333334,1415.0,353.0,1062.0
p02,2019-11-11,21991.0,17.934900000000003,3968.62,113.0,39,143,711,,182,295.0,480.0,121.86666666666666,80.05,1400.0,344.0,1056.0
p02,2019-11-12,15502.0,11.3262,3754.74,153.0,19,150,741,,169,322.0,200.0,196.8,84.16666666666667,1356.0,351.0,1005.0
p02,2019-11-13,21369.0,16.7667,4349.62,260.0,49,128,563,,177,437.0,320.0,90.76666666666667,72.0,1352.0,347.0,1005.0
p02,2019-11-14,9948.0,7.345400000000001,2906.18,98.0,12,88,813,,100,198.0,,57.18333333333334,,1360.0,356.0,1004.0
p02,2019-11-15,14219.0,10.2863,3802.89,250.0,32,108,650,,140,390.0,160.0,107.58333333333334,50.4,1350.0,353.0,997.0
p02,2019-11-16,16322.0,13.317200000000001,3835.32,209.0,46,85,612,,131,340.0,420.0,68.8,68.8,1371.0,336.0,1035.0
p02,2019-11-17,4918.0,3.6625,2392.35,191.0,7,4,875,,11,202.0,,,,1392.0,352.0,1040.0
p02,2019-11-18,24041.0,19.456500000000002,4714.26,126.0,34,215,676,,249,375.0,810.0,204.51666666666665,122.58333333333333,1364.0,354.0,1010.0
p02,2019-11-19,1409.0,1.0593000000000001,1883.3799999999999,50.0,0,0,960,,0,50.0,210.0,,,663.0,357.0,306.0
p02,2019-11-20,19635.0,14.652000000000001,3488.99,132.0,26,144,763,,170,302.0,,174.1,,1414.0,357.0,1057.0
p02,2019-11-21,12469.0,9.242500000000001,3053.89,147.0,11,84,775,,95,242.0,140.0,91.31666666666666,,1404.0,358.0,1046.0
p02,2019-11-22,11579.0,8.1414,3863.55,118.0,10,152,725,,162,280.0,250.0,171.53333333333333,154.46666666666667,1411.0,359.0,1052.0
p02,2019-11-23,17081.0,12.7361,3595.99,331.0,35,90,475,,125,456.0,,56.31666666666667,,1395.0,351.0,1044.0
p02,2019-11-24,3132.0,2.3321,2304.31,167.0,0,0,895,,0,167.0,,,,1427.0,359.0,1068.0
p02,2019-11-25,22800.0,18.3048,4074.19,97.0,38,178,679,,216,313.0,,190.45000000000002,121.31666666666666,1402.0,342.0,1060.0
p02,2019-11-26,22487.0,16.771800000000002,3639.94,147.0,45,158,658,,203,350.0,340.0,166.39999999999998,,1405.0,353.0,1052.0
p02,2019-11-27,21967.0,17.776300000000003,4078.41,104.0,27,166,717,,193,297.0,160.0,75.96666666666667,75.96666666666667,1408.0,356.0,1052.0
p02,2019-11-28,9594.0,7.168,2721.52,110.0,12,63,818,,75,185.0,,,,1414.0,355.0,1059.0
p02,2019-11-29,16534.0,12.298300000000001,3269.56,204.0,36,94,660,,130,334.0,250.0,107.53333333333333,,1158.0,350.0,808.0
p02,2019-11-30,15134.0,11.288,3370.94,208.0,32,85,1115,,117,325.0,,17.066666666666666,,914.0,38.0,876.0
p02,2019-12-01,20025.0,14.942300000000001,3629.05,161.0,17,165,588,,182,343.0,360.0,180.93333333333334,90.48333333333333,1411.0,346.0,1065.0
p02,2019-12-02,26116.0,19.489900000000002,4072.93,128.0,34,214,639,,248,376.0,160.0,184.33333333333334,19.616666666666667,1434.0,357.0,1077.0
p02,2019-12-03,14643.0,10.6812,3530.66,196.0,26,117,661,,143,339.0,300.0,95.2,48.28333333333333,1411.0,345.0,1066.0
p02,2019-12-04,10886.0,8.102,2927.13,269.0,12,40,676,,52,321.0,,52.05,,1402.0,344.0,1058.0
p02,2019-12-05,19220.0,15.489,3963.94,194.0,21,130,653,,151,345.0,480.0,125.21666666666667,108.15,1402.0,354.0,1048.0
p02,2019-12-06,16187.0,11.8853,3502.59,159.0,27,108,825,,135,294.0,50.0,93.88333333333333,,1410.0,353.0,1057.0
p02,2019-12-07,21078.0,15.724400000000001,4000.56,250.0,28,144,592,,172,422.0,600.0,157.03333333333333,112.64999999999999,1162.0,353.0,809.0
p02,2019-12-08,21623.0,15.699000000000002,4116.59,189.0,29,165,643,,194,383.0,660.0,155.53333333333333,90.66666666666667,1412.0,355.0,1057.0
p02,2019-12-09,17015.0,13.4098,3769.34,250.0,33,83,696,,116,366.0,240.0,52.900000000000006,52.900000000000006,1414.0,355.0,1059.0
p02,2019-12-10,9379.0,6.9442,2849.62,251.0,11,37,767,,48,299.0,,,,1421.0,356.0,1065.0
p02,2019-12-11,14888.0,11.071700000000002,3084.03,188.0,17,83,739,,100,288.0,,87.05,,1423.0,356.0,1067.0
p02,2019-12-12,19928.0,14.0286,3972.73,171.0,42,160,634,,202,373.0,200.0,190.46666666666667,75.25,1423.0,349.0,1074.0
p02,2019-12-13,18049.0,14.572300000000002,3642.22,187.0,15,98,695,,113,300.0,350.0,94.05,75.28333333333333,1413.0,356.0,1057.0
p02,2019-12-14,11890.0,8.868400000000001,3047.8,189.0,11,70,723,,81,270.0,,75.95,,1420.0,355.0,1065.0
p02,2019-12-15,19888.0,14.354600000000001,3738.68,153.0,25,135,601,,160,313.0,480.0,180.93333333333334,100.71666666666667,1374.0,359.0,1015.0
p02,2019-12-16,17538.0,12.8704,3478.83,155.0,30,123,699,,153,308.0,250.0,158.73333333333335,26.433333333333334,1415.0,353.0,1062.0
p02,2019-12-17,14124.0,10.499600000000001,3044.16,94.0,24,107,780,,131,225.0,,107.53333333333333,,1415.0,353.0,1062.0
p02,2019-12-18,23793.0,17.3706,4368.49,135.0,32,183,644,,215,350.0,640.0,164.11666666666667,83.03333333333333,1410.0,354.0,1056.0
p02,2019-12-19,13145.0,9.8039,3128.73,208.0,18,68,745,,86,294.0,,74.23333333333333,,1412.0,358.0,1054.0
p02,2019-12-20,22707.0,19.83539,4168.25,209.0,25,133,666,,158,367.0,400.0,208.35045000000002,155.43378333333334,1411.0,357.0,1054.0
p02,2019-12-21,10055.0,7.495100000000001,2970.63,287.0,14,34,659,,48,335.0,,16.216666666666665,,1395.0,357.0,1038.0
p02,2019-12-22,9569.0,6.891800000000001,3263.05,186.0,43,78,639,,121,307.0,250.0,50.083333333333336,50.083333333333336,1213.0,351.0,862.0
p02,2019-12-23,9261.0,6.789200000000001,2845.46,263.0,20,25,722,,45,308.0,,,,1414.0,354.0,1060.0
p02,2019-12-24,15626.0,12.714500000000001,3763.03,273.0,48,74,542,,122,395.0,350.0,43.53333333333333,43.53333333333333,1399.0,359.0,1040.0
p02,2019-12-25,14476.0,10.7985,3359.22,202.0,20,101,689,,121,323.0,,116.06666666666666,,1419.0,354.0,1065.0
p02,2019-12-26,18867.0,13.844100000000001,3878.0099999999998,237.0,33,135,503,,168,405.0,160.0,133.21666666666667,20.566666666666666,1410.0,356.0,1054.0
p02,2019-12-27,9417.0,7.0238000000000005,2789.79,145.0,7,64,743,,71,216.0,,69.98333333333333,,1417.0,351.0,1066.0
p02,2019-12-28,16565.0,12.0813,3682.73,181.0,17,111,661,,128,309.0,420.0,88.31666666666666,43.083333333333336,1409.0,350.0,1059.0
p02,2019-12-29,8065.0,6.0141,2752.56,135.0,3,55,799,,58,193.0,,55.483333333333334,,1404.0,350.0,1054.0
p02,2019-12-30,15828.0,11.3778,3670.7799999999997,199.0,17,131,612,,148,347.0,240.0,135.45,50.95,1411.0,359.0,1052.0
p02,2019-12-31,1058.0,0.7892000000000001,1862.4099999999999,25.0,2,7,950,,9,34.0,560.0,,,522.0,354.0,168.0
p02,2020-01-01,239.0,0.1778,1749.74,6.0,0,0,1434,,0,6.0,,,,157.0,0.0,157.0
p02,2020-01-02,8414.0,6.0605,2995.93,240.0,16,48,628,45.674418449401855,64,304.0,300.0,42.03333333333333,42.03333333333333,1386.0,357.0,1029.0
p02,2020-01-03,15541.0,11.5289,3253.65,281.0,12,63,726,47.86712074279785,75,356.0,,68.28333333333333,,1364.0,353.0,1011.0
p02,2020-01-04,16953.0,12.5371,3419.4,150.0,21,134,728,46.33946228027344,155,305.0,,150.2,43.516666666666666,1367.0,352.0,1015.0
p02,2020-01-05,13684.0,10.209100000000001,3316.96,143.0,32,106,615,45.647817611694336,138,281.0,360.0,48.63333333333333,48.63333333333333,1392.0,360.0,1032.0
p02,2020-01-06,21047.0,15.340800000000002,5204.58,182.0,46,253,553,45.8979377746582,299,481.0,240.0,296.95,171.5,1355.0,341.0,1014.0
p02,2020-01-07,21214.0,15.329300000000002,4129.72,208.0,8,141,656,45.869194984436035,149,357.0,600.0,96.75,72.0,1358.0,357.0,1001.0
p02,2020-01-08,22660.0,16.6335,3950.96,138.0,11,175,643,46.351097106933594,186,324.0,180.0,190.3,,1374.0,360.0,1014.0
p02,2020-01-09,12857.0,9.737300000000001,2962.92,136.0,22,85,751,46.297608375549316,107,243.0,,69.11666666666666,,1432.0,359.0,1073.0
p02,2020-01-10,20111.0,16.1933,4373.83,160.0,14,172,657,46.51742649078369,186,346.0,590.0,139.3,123.94999999999999,1430.0,360.0,1070.0
p02,2020-01-11,5824.0,4.309,2587.77,222.0,3,11,846,46.975510597229004,14,236.0,,,,1316.0,357.0,959.0
p02,2020-01-12,13801.0,9.766,4056.79,147.0,26,156,624,48.16712665557861,182,329.0,390.0,164.06666666666666,164.06666666666666,1433.0,360.0,1073.0
p02,2020-01-13,15668.0,11.653,3112.14,120.0,29,99,772,46.11589336395264,128,248.0,,129.1,,1428.0,359.0,1069.0
p02,2020-01-14,21089.0,15.4135,4162.63,145.0,26,159,694,44.81777095794678,185,330.0,630.0,148.28333333333333,76.6,1430.0,354.0,1076.0
p02,2020-01-15,24040.0,17.4053,4259.67,127.0,22,215,628,44.674983978271484,237,364.0,240.0,233.28333333333333,54.916666666666664,1428.0,358.0,1070.0
p02,2020-01-16,15446.0,11.466800000000001,3260.48,131.0,31,109,749,45.03902053833008,140,271.0,,116.9,,1431.0,356.0,1075.0
p02,2020-01-17,23550.0,18.6995,4296.73,169.0,27,154,734,45.61652088165283,181,350.0,400.0,131.63333333333333,75.3,1420.0,356.0,1064.0
p02,2020-01-18,15735.0,11.346300000000001,3733.87,223.0,13,135,541,47.96926212310791,148,371.0,,100.80000000000001,58.983333333333334,1374.0,359.0,1015.0
p02,2020-01-19,10183.0,7.5597,2683.19,119.0,15,64,766,48.6668586730957,79,198.0,,67.4,,1430.0,355.0,1075.0
p02,2020-01-20,15403.0,11.044400000000001,3154.83,147.0,12,90,733,47.189125061035156,102,249.0,180.0,94.73333333333333,,1431.0,359.0,1072.0
p02,2020-01-21,24495.0,16.537000000000003,4333.04,122.0,25,213,642,46.159921646118164,238,360.0,390.0,198.73333333333332,112.56666666666666,1434.0,357.0,1077.0
p02,2020-01-22,20276.0,14.894700000000002,3923.93,166.0,50,154,633,46.429490089416504,204,370.0,150.0,154.98333333333335,71.36666666666667,1426.0,355.0,1071.0
p02,2020-01-23,16213.0,12.6513,3583.98,191.0,15,90,821,46.25107192993164,105,296.0,420.0,66.43333333333334,66.43333333333334,1434.0,360.0,1074.0
p02,2020-01-24,21309.0,9.9892,3936.33,197.0,30,138,652,48.663825035095215,168,365.0,420.0,153.68333333333334,67.5,1437.0,360.0,1077.0
p02,2020-01-25,7550.0,5.6248000000000005,2657.36,269.0,1,15,669,49.623589515686035,16,285.0,,19.633333333333333,,1430.0,360.0,1070.0
p02,2020-01-26,4766.0,3.5523000000000002,2283.96,139.0,4,11,959,49.143330574035645,15,154.0,,17.066666666666666,,1006.0,360.0,646.0
p02,2020-01-27,27156.0,21.9676,4771.0199999999995,116.0,18,224,1082,,242,358.0,800.0,220.83333333333334,159.4,1063.0,0.0,1063.0
p02,2020-01-28,14874.0,11.0929,3059.13,103.0,23,106,800,48.35283184051514,129,232.0,,122.86666666666667,,1415.0,357.0,1058.0
p02,2020-01-29,20667.0,15.292200000000001,3793.66,293.0,25,116,562,46.46949100494385,141,434.0,180.0,133.13333333333333,,1411.0,354.0,1057.0
p02,2020-01-30,12191.0,8.7604,3588.11,162.0,19,122,674,45.93468761444092,141,303.0,,163.46666666666667,91.78333333333333,1422.0,360.0,1062.0
p02,2020-01-31,14950.0,11.0721,3455.37,213.0,16,96,655,47.205549240112305,112,325.0,150.0,86.2,,1423.0,354.0,1069.0
p02,2020-02-01,11957.0,8.916,3115.63,237.0,23,73,621,48.776373863220215,96,333.0,,42.68333333333334,42.68333333333334,1417.0,357.0,1060.0
p02,2020-02-02,17758.0,13.2476,3491.48,230.0,62,85,506,47.866034507751465,147,377.0,,48.63333333333333,48.63333333333333,1293.0,360.0,933.0
p02,2020-02-03,16166.0,12.058800000000002,3287.99,226.0,25,90,646,47.34199142456055,115,341.0,,62.28333333333333,,1418.0,356.0,1062.0
p02,2020-02-04,15195.0,11.327300000000001,3647.29,354.0,46,73,548,45.54874134063721,119,473.0,,63.13333333333333,63.13333333333333,1405.0,352.0,1053.0
p02,2020-02-05,17319.0,12.743100000000002,3768.82,337.0,23,98,635,47.77826976776123,121,458.0,160.0,85.75,26.866666666666667,1421.0,358.0,1063.0
p02,2020-02-06,14191.0,10.584700000000002,3140.96,217.0,11,87,671,45.82108783721924,98,315.0,,93.01666666666667,93.01666666666667,1418.0,359.0,1059.0
p02,2020-02-07,16075.0,11.961100000000002,3562.67,219.0,3,99,670,45.44695472717285,102,321.0,300.0,94.71666666666667,94.71666666666667,1409.0,357.0,1052.0
p02,2020-02-08,19941.0,15.613700000000001,3828.52,251.0,16,96,602,46.844218254089355,112,363.0,280.0,64.85,64.85,1416.0,355.0,1061.0
p02,2020-02-09,10319.0,7.693600000000001,2818.79,234.0,19,40,648,48.77305030822754,59,293.0,210.0,16.216666666666665,16.216666666666665,1419.0,357.0,1062.0
p02,2020-02-10,9845.0,7.2521,2692.77,109.0,11,57,806,47.9880485534668,68,177.0,600.0,59.71666666666667,,1105.0,359.0,746.0
p02,2020-02-11,19587.0,14.614500000000001,3656.34,150.0,41,149,662,47.226518630981445,190,340.0,,174.06666666666666,,1426.0,360.0,1066.0
p02,2020-02-12,26750.0,19.782100000000003,4130.74,161.0,36,185,664,46.475783348083496,221,382.0,270.0,180.05,63.15,1429.0,352.0,1077.0
p02,2020-02-13,19540.0,14.3207,3873.12,172.0,50,155,608,46.49460315704346,205,377.0,200.0,161.25,60.56666666666666,1435.0,360.0,1075.0
p02,2020-02-14,13895.0,10.3139,3280.83,289.0,1,57,661,46.02413368225098,58,347.0,150.0,17.066666666666666,17.066666666666666,1412.0,358.0,1054.0
p02,2020-02-15,17449.0,12.609200000000001,3732.67,185.0,31,147,686,47.39398193359375,178,363.0,120.0,61.81666666666666,13.183333333333334,1435.0,358.0,1077.0
p02,2020-02-16,23982.0,17.337500000000002,4386.26,204.0,19,197,661,50.02049160003662,216,420.0,480.0,210.36666666666667,81.51666666666667,1433.0,360.0,1073.0
p02,2020-02-17,12872.0,9.327900000000001,3273.34,121.0,23,116,730,48.11166572570801,139,260.0,,154.18333333333334,68.0,1247.0,360.0,887.0
p02,2020-02-18,14934.0,11.090900000000001,3066.23,95.0,25,114,760,47.61575126647949,139,234.0,,123.73333333333332,,1430.0,360.0,1070.0
p02,2020-02-19,25436.0,18.7743,4669.59,186.0,55,194,563,46.5058708190918,249,435.0,660.0,192.0,104.96666666666667,1427.0,360.0,1067.0
p02,2020-02-20,28029.0,20.872600000000002,4382.55,175.0,48,203,546,48.14466667175293,251,426.0,,226.98333333333332,,1426.0,357.0,1069.0
p02,2020-02-21,17634.0,12.846300000000001,4098.26,221.0,43,144,620,48.56175518035889,187,408.0,200.0,139.41666666666666,139.41666666666666,1419.0,357.0,1062.0
p02,2020-02-22,13643.0,10.085,2965.65,280.0,39,22,625,51.05933380126953,61,341.0,,21.333333333333332,,1382.0,357.0,1025.0
p02,2020-02-23,17558.0,12.8054,3425.82,140.0,8,125,756,52.17962646484375,133,273.0,300.0,106.65,52.05,1425.0,360.0,1065.0
p02,2020-02-24,14370.0,10.7125,3062.84,253.0,15,66,634,50.31559658050537,81,334.0,,75.08333333333334,49.483333333333334,1284.0,357.0,927.0
p02,2020-02-25,6731.0,5.0059000000000005,2729.7599999999998,185.0,38,17,1041,47.915748596191406,55,240.0,,,,1263.0,202.0,1061.0
p02,2020-02-26,21897.0,16.5642,4902.46,281.0,78,152,448,46.962928771972656,230,511.0,650.0,132.53333333333333,102.66666666666666,1414.0,355.0,1059.0
p02,2020-02-27,31147.0,24.366300000000003,4830.25,165.0,26,215,532,49.073957443237305,241,406.0,480.0,227.73333333333332,77.56666666666666,1434.0,360.0,1074.0
p02,2020-02-28,6665.0,4.966900000000001,2535.91,224.0,0,0,853,47.86138916015625,0,224.0,,,,1425.0,358.0,1067.0
p02,2020-02-29,27295.0,20.3137,4246.72,164.0,32,223,527,46.98758506774902,255,419.0,210.0,216.73333333333335,84.46666666666667,1428.0,354.0,1074.0
p02,2020-03-01,12031.0,8.9726,2924.06,215.0,13,63,864,46.49225902557373,76,291.0,,65.7,,1422.0,356.0,1066.0
p02,2020-03-02,23021.0,9.780700000000001,4132.79,139.0,28,168,622,45.150108337402344,196,335.0,560.0,135.06666666666666,75.33333333333333,1424.0,356.0,1068.0
p02,2020-03-03,23647.0,17.626900000000003,4297.37,152.0,19,196,640,46.510443687438965,215,367.0,660.0,189.43333333333334,111.78333333333333,1290.0,357.0,933.0
p02,2020-03-04,17096.0,12.672500000000001,3328.52,171.0,31,108,612,46.98776435852051,139,310.0,200.0,112.65,,1431.0,357.0,1074.0
p02,2020-03-05,15797.0,11.782800000000002,3490.24,217.0,27,113,584,46.835208892822266,140,357.0,,108.36666666666667,82.76666666666667,1436.0,360.0,1076.0
p02,2020-03-06,19857.0,14.7955,3773.57,213.0,29,161,565,47.06277275085449,190,403.0,,95.56666666666666,68.25,1428.0,356.0,1072.0
p02,2020-03-07,16197.0,12.080100000000002,3494.88,205.0,30,120,645,47.41244983673096,150,355.0,,70.81666666666666,70.81666666666666,1434.0,359.0,1075.0
p02,2020-03-08,10894.0,8.1232,2917.39,232.0,18,56,690,46.913204193115234,74,306.0,,47.766666666666666,47.766666666666666,1423.0,354.0,1069.0
p02,2020-03-09,24870.0,19.591800000000003,3958.42,189.0,17,163,680,44.63777160644531,180,369.0,350.0,157.88333333333333,66.56666666666666,1315.0,360.0,955.0
p02,2020-03-10,12198.0,9.0952,3030.38,246.0,17,47,1130,44.6740837097168,64,310.0,,44.36666666666667,,1166.0,111.0,1055.0
p02,2020-03-11,18491.0,13.6316,3618.81,187.0,24,122,575,46.311546325683594,146,333.0,70.0,120.31666666666666,,1423.0,360.0,1063.0
p02,2020-03-12,10341.0,7.616600000000001,2998.98,166.0,25,67,741,45.39389991760254,92,258.0,,58.016666666666666,,1425.0,355.0,1070.0
p02,2020-03-13,16566.0,12.3282,3478.93,221.0,20,105,672,45.28151798248291,125,346.0,,90.85,20.883333333333333,1424.0,358.0,1066.0
p02,2020-03-14,20861.0,15.7887,4210.22,215.0,9,151,502,47.16018104553223,160,375.0,700.0,98.01666666666667,98.01666666666667,1428.0,360.0,1068.0
p02,2020-03-15,17450.0,13.0151,3623.44,218.0,34,138,624,48.576422691345215,172,390.0,120.0,122.03333333333333,,1425.0,358.0,1067.0
p02,2020-03-16,10922.0,8.1478,2823.14,106.0,34,73,784,46.55438423156738,107,213.0,,105.81666666666666,33.28333333333333,1234.0,356.0,878.0
p02,2020-03-17,15858.0,11.6272,3761.74,151.0,18,136,1135,46.68777942657471,154,305.0,240.0,147.61666666666667,57.166666666666664,1016.0,0.0,1016.0
p02,2020-03-18,12603.0,9.4022,3023.34,89.0,14,107,760,45.810988426208496,121,210.0,,120.31666666666666,,1428.0,357.0,1071.0
p02,2020-03-19,19589.0,17.0047,4882.39,166.0,52,191,537,44.458651542663574,243,409.0,700.0,249.43333333333334,249.43333333333334,1419.0,348.0,1071.0
p02,2020-03-20,16234.0,12.062100000000001,3825.84,199.0,22,127,755,47.1948356628418,149,348.0,,98.98333333333333,,1422.0,356.0,1066.0
p02,2020-03-21,13056.0,9.631300000000001,3181.86,193.0,6,73,793,49.57158851623535,79,272.0,180.0,43.53333333333333,22.2,1429.0,360.0,1069.0
p02,2020-03-22,12485.0,9.1356,3167.21,111.0,9,119,669,48.6261510848999,128,239.0,360.0,124.38333333333333,39.05,1211.0,360.0,851.0
p02,2020-03-23,17238.0,12.722900000000001,3870.84,95.0,18,149,666,48.492920875549316,167,262.0,720.0,128.16666666666666,128.16666666666666,1428.0,357.0,1071.0
p02,2020-03-24,10874.0,8.1104,2812.53,152.0,12,67,686,48.732492446899414,79,231.0,,64.28333333333333,,1399.0,355.0,1044.0
p02,2020-03-25,9817.0,8.4699,2811.39,106.0,11,54,775,47.44811820983887,65,171.0,,48.63333333333333,48.63333333333333,1427.0,358.0,1069.0
p02,2020-03-26,5102.0,3.4159,2905.48,128.0,14,72,855,47.66771602630615,86,214.0,160.0,90.03333333333333,90.03333333333333,1107.0,196.0,911.0
p02,2020-03-27,15078.0,11.2064,3290.23,171.0,12,91,680,47.367889404296875,103,274.0,240.0,79.36666666666666,46.08333333333333,1375.0,318.0,1057.0
p02,2020-03-28,17133.0,12.779100000000001,3533.11,237.0,42,109,609,49.40721416473389,151,388.0,240.0,48.63333333333333,,1428.0,358.0,1070.0
p02,2020-03-29,13039.0,9.7294,3028.75,77.0,11,115,983,51.0509672164917,126,203.0,,116.06666666666666,,1002.0,315.0,687.0
p02,2020-03-30,18485.0,13.705200000000001,3407.56,96.0,20,152,784,48.86536502838135,172,268.0,,129.71666666666667,18.783333333333335,1411.0,354.0,1057.0
p02,2020-03-31,15137.0,11.2931,3249.28,135.0,29,117,663,46.39687442779541,146,281.0,,101.65,101.65,1264.0,349.0,915.0
p03,2019-11-01,11204.0,8.945,3221.06,227.0,7,36,1035,60.7101993560791,43,270.0,,39.25,,1041.0,250.0,791.0
p03,2019-11-02,4435.0,3.5417000000000005,2664.37,91.0,12,25,888,62.7947940826416,37,128.0,,,,669.0,353.0,316.0
p03,2019-11-03,0.0,0.0,1944.13,0.0,0,0,1440,,0,0.0,,,,0.0,0.0,0.0
p03,2019-11-04,,,1944.0000000000002,0.0,0,0,1440,,0,0.0,,,,0.0,0.0,0.0
p03,2019-11-05,6710.0,5.339300000000001,2706.6600000000003,127.0,11,26,1276,61.953474044799805,37,164.0,,32.43333333333333,,663.0,0.0,663.0
p03,2019-11-06,9079.0,7.2235000000000005,3016.4,175.0,13,22,739,59.04029846191406,35,210.0,,15.366666666666667,,1105.0,358.0,747.0
p03,2019-11-07,4313.0,3.4298,2475.6400000000003,131.0,0,0,836,58.54026508331299,0,131.0,,,,916.0,359.0,557.0
p03,2019-11-08,7825.0,6.2145,2942.35,216.0,0,0,786,57.33927345275879,0,216.0,,,,964.0,358.0,606.0
p03,2019-11-09,3338.0,2.6563000000000003,2388.31,76.0,0,0,1364,,0,76.0,,,,203.0,0.0,203.0
p03,2019-11-10,,,1944.0000000000002,0.0,0,0,1440,,0,0.0,,,,0.0,0.0,0.0
p03,2019-11-11,7356.0,5.853300000000001,2720.61,131.0,5,27,1277,57.51005935668945,32,163.0,,36.7,,547.0,0.0,547.0
p03,2019-11-12,7498.0,5.965700000000001,2836.98,174.0,6,2,1034,56.65691375732422,8,182.0,,,,918.0,347.0,571.0
p03,2019-11-13,13.0,0.0102,1959.5000000000002,3.0,0,0,1030,55.805399894714355,0,3.0,,,,486.0,329.0,157.0
p03,2019-11-14,7284.0,5.7781,2740.44,148.0,9,20,782,56.34145450592041,29,177.0,,33.28333333333333,,1004.0,360.0,644.0
p03,2019-11-15,4345.0,3.3476000000000004,2402.3,111.0,0,0,1329,56.309515953063965,0,111.0,,,,595.0,106.0,489.0
p03,2019-11-16,394.0,0.3133,2059.0,26.0,0,0,911,55.55794429779053,0,26.0,,,,494.0,357.0,137.0
p03,2019-11-17,,,1944.0000000000002,0.0,0,0,1440,,0,0.0,,,,0.0,0.0,0.0
p03,2019-11-18,,,1944.0000000000002,0.0,0,0,1440,,0,0.0,,,,0.0,0.0,0.0
p03,2019-11-19,,,1944.0000000000002,0.0,0,0,1440,,0,0.0,,,,0.0,0.0,0.0
p03,2019-11-20,,,1944.0000000000002,0.0,0,0,1440,,0,0.0,,,,0.0,0.0,0.0
p03,2019-11-21,,,1944.0000000000002,0.0,0,0,1440,,0,0.0,,,,0.0,0.0,0.0
p03,2019-11-22,,,1944.0000000000002,0.0,0,0,1440,,0,0.0,,,,0.0,0.0,0.0
p03,2019-11-23,,,1944.0000000000002,0.0,0,0,1440,,0,0.0,,,,0.0,0.0,0.0
p03,2019-11-24,,,1944.0000000000002,0.0,0,0,1440,,0,0.0,,,,0.0,0.0,0.0
p03,2019-11-25,,,1944.0000000000002,0.0,0,0,1440,,0,0.0,,,,0.0,0.0,0.0
p03,2019-11-26,,,1944.0000000000002,0.0,0,0,1440,,0,0.0,,,,0.0,0.0,0.0
p03,2019-11-27,,,1944.0000000000002,0.0,0,0,1440,,0,0.0,,,,0.0,0.0,0.0
p03,2019-11-28,,,1944.0000000000002,0.0,0,0,1440,,0,0.0,,,,0.0,0.0,0.0
p03,2019-11-29,,,1944.0000000000002,0.0,0,0,1440,,0,0.0,,,,0.0,0.0,0.0
p03,2019-11-30,,,1944.0000000000002,0.0,0,0,1440,,0,0.0,,,,0.0,0.0,0.0
p03,2019-12-01,,,1944.0000000000002,0.0,0,0,1440,,0,0.0,,,,0.0,0.0,0.0
p03,2019-12-02,,,1944.0000000000002,0.0,0,0,1440,,0,0.0,,,,0.0,0.0,0.0
p03,2019-12-03,,,1944.0000000000002,0.0,0,0,1440,,0,0.0,,,,0.0,0.0,0.0
p03,2019-12-04,,,1944.0000000000002,0.0,0,0,1440,,0,0.0,,,,0.0,0.0,0.0
p03,2019-12-05,,,1944.0000000000002,0.0,0,0,1440,,0,0.0,,,,0.0,0.0,0.0
p03,2019-12-06,,,1944.0000000000002,0.0,0,0,1440,,0,0.0,,,,0.0,0.0,0.0
p03,2019-12-07,,,1929.6000000000001,0.0,0,0,1440,,0,0.0,,,,0.0,0.0,0.0
p03,2019-12-08,,,1929.6000000000001,0.0,0,0,1440,,0,0.0,,,,0.0,0.0,0.0
p03,2019-12-09,,,1929.6000000000001,0.0,0,0,1440,,0,0.0,,,,0.0,0.0,0.0
p03,2019-12-10,195.0,0.1549,1929.6000000000001,0.0,0,0,1440,55.425904273986816,0,0.0,,,,593.0,0.0,593.0
p03,2019-12-11,9113.0,7.249300000000001,3121.31,168.0,12,31,1229,55.55140209197998,43,211.0,,,,1323.0,285.0,1038.0
p03,2019-12-12,10866.0,8.1966,3446.21,168.0,30,60,1182,56.47413730621338,90,258.0,,,,1415.0,356.0,1059.0
p03,2019-12-13,6389.0,4.9881,3270.4500000000003,263.0,5,5,1167,57.794047355651855,10,273.0,,,,1358.0,355.0,1003.0
p03,2019-12-14,6241.0,4.9131,2753.73,67.0,13,30,1330,59.76310729980469,43,110.0,,,,725.0,352.0,373.0
p03,2019-12-15,31.0,0.024700000000000003,1933.1200000000001,1.0,0,0,1439,,0,1.0,,,,1.0,0.0,1.0
p03,2019-12-16,6116.0,4.865500000000001,2889.9700000000003,156.0,7,11,1266,60.0236120223999,18,174.0,,,,1167.0,108.0,1059.0
p03,2019-12-17,9876.0,7.853000000000001,3526.66,255.0,22,34,1129,60.62594795227051,56,311.0,,,,1398.0,349.0,1049.0
p03,2019-12-18,633.0,0.5038,2024.0200000000002,16.0,0,0,1424,,0,16.0,,,,72.0,72.0,0.0
p03,2019-12-19,6.0,0.0047,1933.92,1.0,0,0,1439,,0,1.0,,,,81.0,0.0,81.0
p03,2019-12-20,4872.0,3.8727000000000005,2692.32,157.0,4,7,919,64.30941677093506,11,168.0,,,,1226.0,352.0,874.0
p03,2019-12-21,8113.0,6.4514000000000005,2939.32,263.0,0,0,660,61.395575523376465,0,263.0,,17.916666666666668,,1207.0,358.0,849.0
p03,2019-12-22,7278.0,5.7864,3065.0,258.0,16,2,923,59.51018810272217,18,276.0,,,,1348.0,358.0,990.0
p03,2019-12-23,9649.0,7.288100000000001,3305.65,286.0,5,14,707,59.48393249511719,19,305.0,,30.716666666666665,,1405.0,360.0,1045.0
p03,2019-12-24,10406.0,8.6582,3550.37,321.0,25,16,677,57.766146659851074,41,362.0,150.0,15.1,15.1,1348.0,352.0,996.0
p03,2019-12-25,4936.0,3.9229000000000003,2754.16,201.0,12,1,818,57.500792503356934,13,214.0,,,,1253.0,358.0,895.0
p03,2019-12-26,3867.0,3.072,2574.94,166.0,0,0,1274,57.49090385437012,0,166.0,,,,1025.0,60.0,965.0
p03,2019-12-27,33.0,0.026000000000000002,1963.13,13.0,0,0,1427,,0,13.0,,,,50.0,50.0,0.0
p03,2019-12-28,5785.0,4.5989,2748.29,197.0,0,0,931,57.384724617004395,0,197.0,,,,1288.0,297.0,991.0
p03,2019-12-29,2207.0,1.7528000000000001,2253.76,91.0,0,0,800,58.66996669769287,0,91.0,,,,1179.0,353.0,826.0
p03,2019-12-30,9643.0,8.431500000000002,3348.9100000000003,189.0,9,38,822,57.17371463775635,47,236.0,210.0,32.43333333333333,32.43333333333333,1284.0,356.0,928.0
p03,2019-12-31,3946.0,3.0421000000000005,2511.75,154.0,0,0,868,57.221442222595215,0,154.0,,,,1312.0,356.0,956.0
p03,2020-01-01,904.0,0.7186,2110.1,45.0,0,0,917,56.34181499481201,0,45.0,,,,860.0,358.0,502.0
p03,2020-01-02,2180.0,1.4898000000000002,2305.21,79.0,0,0,853,55.02373790740967,0,79.0,,,,1035.0,357.0,678.0
p03,2020-01-03,2877.0,2.2866,2409.11,111.0,0,0,1329,55.20610809326172,0,111.0,,,,853.0,51.0,802.0
p03,2020-01-04,11212.0,8.918000000000001,3529.89,224.0,62,33,651,55.573195457458496,95,319.0,,46.08333333333333,,1334.0,356.0,978.0
p03,2020-01-05,2918.0,2.3197,2400.04,105.0,6,0,1210,55.315218925476074,6,111.0,,,,1119.0,235.0,884.0
p03,2020-01-06,9233.0,7.347300000000001,3028.03,150.0,13,32,751,56.56694793701172,45,195.0,,35.0,,1227.0,355.0,872.0
p03,2020-01-07,8382.0,6.647200000000001,2945.29,188.0,4,18,764,58.64262390136719,22,210.0,,21.333333333333332,,1202.0,357.0,845.0
p03,2020-01-08,7930.0,6.309100000000001,2838.17,116.0,17,32,784,56.59902572631836,49,165.0,,29.016666666666666,,1176.0,352.0,824.0
p03,2020-01-09,11060.0,8.7348,3987.2000000000003,255.0,71,49,569,57.196237564086914,120,375.0,,,,1409.0,357.0,1052.0
p03,2020-01-10,7018.0,5.572,2704.34,135.0,11,16,686,58.177727699279785,27,162.0,,40.96666666666667,,1005.0,359.0,646.0
p03,2020-01-11,7.0,0.0055000000000000005,1940.0100000000002,3.0,0,0,834,,0,3.0,,,,571.0,357.0,214.0
p03,2020-01-12,7019.0,5.5760000000000005,2681.16,59.0,15,43,1323,58.09006404876709,58,117.0,,32.416666666666664,,538.0,0.0,538.0
p03,2020-01-13,9216.0,7.317800000000001,2987.51,144.0,5,46,808,57.497925758361816,51,195.0,,48.63333333333333,,1159.0,353.0,806.0
p03,2020-01-14,6320.0,5.040500000000001,2665.0,125.0,3,23,848,56.866994857788086,26,151.0,,29.016666666666666,,1121.0,360.0,761.0
p03,2020-01-15,9626.0,7.660500000000001,2978.06,144.0,17,36,821,57.56940937042236,53,197.0,,24.733333333333334,,991.0,360.0,631.0
p03,2020-01-16,10940.0,8.702,3604.77,251.0,39,40,670,58.373215675354004,79,330.0,,24.75,,1147.0,357.0,790.0
p03,2020-01-17,6496.0,5.1637,2647.96,114.0,5,25,798,57.88592052459717,30,144.0,,28.15,,810.0,358.0,452.0
p03,2020-01-18,770.0,0.6115,2058.59,38.0,0,0,953,56.78752517700195,0,38.0,,,,736.0,352.0,384.0
p03,2020-01-19,63.0,0.049600000000000005,1954.3600000000001,9.0,0,0,906,,0,9.0,,,,660.0,359.0,301.0
p03,2020-01-20,13172.0,10.4814,3432.98,178.0,34,67,774,53.55788993835449,101,279.0,,63.13333333333334,,1158.0,334.0,824.0
p03,2020-01-21,0.0,0.0,1929.74,0.0,0,0,1227,,0,0.0,,,,141.0,141.0,0.0
p03,2020-01-22,8798.0,7.0022,2940.9100000000003,102.0,14,45,891,53.84395217895508,59,161.0,,46.083333333333336,,1058.0,339.0,719.0
p03,2020-01-23,5879.0,4.678800000000001,2562.15,95.0,1,22,897,53.669076919555664,23,118.0,,23.9,,897.0,358.0,539.0
p03,2020-01-24,7511.0,5.9336,2807.3,130.0,3,28,1279,,31,161.0,,29.016666666666666,,1034.0,328.0,706.0
p03,2020-01-25,2093.0,1.6660000000000001,2142.67,22.0,4,11,1172,,15,37.0,,17.933333333333334,,575.0,357.0,218.0
p03,2020-01-26,858.0,0.6953,2103.32,41.0,0,0,924,53.70508861541748,0,41.0,,,,758.0,331.0,427.0
p03,2020-01-27,9785.0,7.766900000000001,3271.7200000000003,228.0,4,24,1184,54.71232509613037,28,256.0,,16.216666666666665,,1055.0,0.0,1055.0
p03,2020-01-28,6588.0,5.177300000000001,2801.4700000000003,144.0,9,15,904,54.91011714935303,24,168.0,,,,1078.0,344.0,734.0
p03,2020-01-29,9445.0,7.4354000000000005,3133.38,165.0,7,29,787,55.746761322021484,36,201.0,,37.55,,1104.0,354.0,750.0
p03,2020-01-30,13800.0,10.977200000000002,4229.95,309.0,55,63,647,56.082380294799805,118,427.0,,43.516666666666666,,1412.0,340.0,1072.0
p03,2020-01-31,10627.0,8.456700000000001,3076.11,131.0,14,61,856,58.964505195617676,75,206.0,,79.36666666666667,,1058.0,358.0,700.0
p03,2020-02-01,723.0,0.5744,2075.33,38.0,0,0,802,58.560662269592285,0,38.0,,,,709.0,355.0,354.0
p03,2020-02-02,1365.0,1.0831000000000002,2179.4100000000003,77.0,0,0,948,57.09102439880371,0,77.0,,,,1122.0,343.0,779.0
p03,2020-02-03,9441.0,7.4919,2964.23,186.0,10,29,698,55.868560791015625,39,225.0,,37.55,,1215.0,345.0,870.0
p03,2020-02-04,8628.0,6.793000000000001,2873.14,175.0,0,26,781,55.52600383758545,26,201.0,,25.616666666666667,,1366.0,341.0,1025.0
p03,2020-02-05,11776.0,9.371,3161.37,166.0,25,50,709,55.449007987976074,75,241.0,,62.31666666666666,,1227.0,347.0,880.0
p03,2020-02-06,16964.0,14.7771,4793.3,182.0,112,136,473,55.904523849487305,248,430.0,,57.68333333333334,35.5,1225.0,352.0,873.0
p03,2020-02-07,11950.0,9.510900000000001,3112.63,149.0,15,53,786,58.34826183319092,68,217.0,,64.86666666666666,,993.0,331.0,662.0
p03,2020-02-08,7.0,0.0055000000000000005,1929.6000000000001,0.0,0,0,1440,,0,0.0,,,,53.0,0.0,53.0
p03,2020-02-09,369.0,0.2926,2002.2,24.0,0,0,930,56.59002494812012,0,24.0,,,,714.0,359.0,355.0
p03,2020-02-10,8216.0,6.5135000000000005,2804.57,185.0,1,25,782,54.29813861846924,26,211.0,,25.6,,1222.0,332.0,890.0
p03,2020-02-11,8784.0,6.9876000000000005,2823.27,184.0,15,21,740,52.060245513916016,36,220.0,,25.6,,1051.0,349.0,702.0
p03,2020-02-12,10918.0,8.6849,3101.28,226.0,9,31,784,50.99049377441406,40,266.0,,40.96666666666667,,1383.0,357.0,1026.0
p03,2020-02-13,7663.0,6.097600000000001,2842.51,134.0,7,28,817,52.65079402923584,35,169.0,,32.43333333333333,,927.0,356.0,571.0
p03,2020-02-14,3971.0,3.1594,2406.19,85.0,12,5,1338,52.590742111206055,17,102.0,,,,652.0,120.0,532.0
p03,2020-02-15,4804.0,3.8293000000000004,2589.75,124.0,6,20,856,55.031479835510254,26,150.0,,,,840.0,360.0,480.0
p03,2020-02-16,4866.0,3.8538,2678.21,179.0,0,0,788,55.31118965148926,0,179.0,,,,1353.0,356.0,997.0
p03,2020-02-17,7286.0,5.790900000000001,2874.18,208.0,7,0,1164,56.77625846862793,7,215.0,,,,1114.0,355.0,759.0
p03,2020-02-18,7337.0,5.839600000000001,2802.11,110.0,13,28,869,55.2032356262207,41,151.0,,22.183333333333334,,926.0,348.0,578.0
p03,2020-02-19,6524.0,5.1893,2750.4,135.0,10,20,825,55.41044521331787,30,165.0,,22.183333333333334,,907.0,360.0,547.0
p03,2020-02-20,6825.0,5.429600000000001,2865.51,148.0,14,23,1255,55.44754219055176,37,185.0,,29.866666666666667,,746.0,0.0,746.0
p03,2020-02-21,7753.0,6.1691,2865.39,129.0,10,36,863,54.81995677947998,46,175.0,,29.016666666666666,,928.0,358.0,570.0
p03,2020-02-22,5051.0,3.9996000000000005,2620.31,94.0,19,18,1309,54.83811569213867,37,131.0,,,,1102.0,360.0,742.0
p03,2020-02-23,450.0,0.35660000000000003,2028.2900000000002,28.0,0,0,1412,54.60680103302002,0,28.0,,,,659.0,296.0,363.0
p03,2020-02-24,10469.0,8.329400000000001,3691.6800000000003,247.0,21,50,1122,54.37457084655762,71,318.0,,,,999.0,357.0,642.0
p03,2020-02-25,7822.0,6.2213,2956.7400000000002,202.0,7,15,1216,55.263325691223145,22,224.0,,,,1097.0,359.0,738.0
p03,2020-02-26,6692.0,5.2471000000000005,2820.53,136.0,5,24,1275,,29,165.0,,28.166666666666668,,878.0,321.0,557.0
p03,2020-02-27,9114.0,7.2533,3875.23,125.0,26,132,764,55.021162033081055,158,283.0,,25.6,,795.0,358.0,437.0
p03,2020-02-28,1484.0,1.1811,2149.08,20.0,4,10,1406,,14,34.0,,,,95.0,95.0,0.0
p03,2020-02-29,,,1929.6000000000001,0.0,0,0,1440,,0,0.0,,,,0.0,0.0,0.0
p03,2020-03-01,,,1929.6000000000001,0.0,0,0,1440,,0,0.0,,,,0.0,0.0,0.0
p03,2020-03-02,,,1929.6000000000001,0.0,0,0,1440,,0,0.0,,,,0.0,0.0,0.0
p03,2020-03-03,,,1929.6000000000001,0.0,0,0,1440,,0,0.0,,,,0.0,0.0,0.0
p03,2020-03-04,6135.0,4.880400000000001,2833.27,135.0,16,22,1267,56.05259990692139,38,173.0,,23.883333333333333,,448.0,0.0,448.0
p03,2020-03-05,9496.0,7.556100000000001,3229.7400000000002,128.0,74,42,860,56.46395683288574,116,244.0,,,,779.0,349.0,430.0
p03,2020-03-06,6780.0,5.3955,2662.08,140.0,4,6,781,56.34724807739258,10,150.0,,29.866666666666667,,820.0,360.0,460.0
p03,2020-03-07,3297.0,2.6158,2269.85,65.0,0,0,888,55.74634552001953,0,65.0,,,,750.0,345.0,405.0
p03,2020-03-08,193.0,0.1533,1958.8700000000001,8.0,0,0,898,,0,8.0,,,,569.0,360.0,209.0
p03,2020-03-09,5448.0,4.3596,2671.1800000000003,125.0,5,22,866,54.61210060119629,27,152.0,,22.2,,955.0,360.0,595.0
p03,2020-03-10,4986.0,3.9197,2521.94,48.0,10,25,1357,,35,83.0,,,,687.0,359.0,328.0
p03,2020-03-11,646.0,0.5137,2053.98,24.0,0,0,1416,54.34550189971924,0,24.0,,,,636.0,330.0,306.0
p03,2020-03-12,266.0,0.21130000000000002,1973.6000000000001,11.0,0,0,1429,53.9340877532959,0,11.0,,,,452.0,354.0,98.0
p03,2020-03-13,5577.0,4.432300000000001,2722.32,118.0,24,13,1285,,37,155.0,,,,325.0,0.0,325.0
p03,2020-03-14,2239.0,1.7813,2223.81,53.0,8,3,1376,,11,64.0,,,,205.0,54.0,151.0
p03,2020-03-15,293.0,0.232,2012.3000000000002,25.0,0,0,1415,54.102094650268555,0,25.0,,,,547.0,360.0,187.0
p03,2020-03-16,169.0,0.13440000000000002,1945.22,4.0,0,0,1436,,0,4.0,,,,0.0,0.0,0.0
p03,2020-03-17,212.0,0.1685,1947.65,5.0,0,0,1435,,0,5.0,,,,10.0,0.0,10.0
p03,2020-03-18,42.0,0.0332,1947.7800000000002,6.0,0,0,1434,53.54695415496826,0,6.0,,,,483.0,360.0,123.0
p03,2020-03-19,745.0,0.5911000000000001,2099.9900000000002,40.0,0,0,1400,54.17440605163574,0,40.0,,,,348.0,0.0,348.0
p03,2020-03-20,4182.0,3.1550000000000002,2471.4500000000003,132.0,0,0,1308,53.40819835662842,0,132.0,,,,1207.0,349.0,858.0
p03,2020-03-21,1093.0,0.8677,2132.07,60.0,0,0,1380,53.517547607421875,0,60.0,,,,859.0,358.0,501.0
p03,2020-03-22,2763.0,2.1955,2397.3,118.0,0,0,964,52.298888206481934,0,118.0,,,,1276.0,358.0,918.0
p03,2020-03-23,2861.0,2.2731000000000003,2485.2200000000003,124.0,0,0,971,55.12944793701172,0,124.0,,,,1208.0,355.0,853.0
p03,2020-03-24,2084.0,1.6557000000000002,2475.79,78.0,10,1,920,56.01681423187256,11,89.0,,,,1272.0,360.0,912.0
p03,2020-03-25,17.0,0.013500000000000002,1932.71,1.0,0,0,1439,,0,1.0,,,,0.0,0.0,0.0
p03,2020-03-26,1160.0,0.9223000000000001,2179.75,44.0,0,0,1007,56.72202777862549,0,44.0,,,,777.0,326.0,451.0
p03,2020-03-27,5906.0,4.695600000000001,2771.67,194.0,11,1,922,59.18864917755127,12,206.0,,,,1142.0,360.0,782.0
p03,2020-03-28,,,1929.6000000000001,0.0,0,0,1440,,0,0.0,,,,0.0,0.0,0.0
p03,2020-03-29,1233.0,0.9791000000000001,2101.65,44.0,0,0,1017,59.043925285339355,0,44.0,,,,1052.0,353.0,699.0
p03,2020-03-30,475.0,0.3773,2046.3500000000001,32.0,0,0,1044,57.505356788635254,0,32.0,,,,594.0,359.0,235.0
p03,2020-03-31,1462.0,1.1617000000000002,2196.4500000000003,57.0,0,0,983,55.4473819732666,0,57.0,,,,927.0,359.0,568.0
p04,2019-11-01,,,1324.8,0.0,0,0,1440,,0,0.0,240.0,,,0.0,0.0,0.0
p04,2019-11-02,,,1324.8,0.0,0,0,1440,,0,0.0,,,,0.0,0.0,0.0
p04,2019-11-03,,,1324.8,0.0,0,0,1440,,0,0.0,,,,0.0,0.0,0.0
p04,2019-11-04,,,1324.8,0.0,0,0,1440,,0,0.0,,,,0.0,0.0,0.0
p04,2019-11-05,,,1648.8000000000002,0.0,0,50,1390,,50,50.0,540.0,50.0,50.0,0.0,0.0,0.0
p04,2019-11-06,9243.0,6.1363,2000.16,219.0,7,34,1180,,41,260.0,280.0,39.65,39.65,950.0,0.0,950.0
p04,2019-11-07,10246.0,7.109000000000001,2096.66,305.0,14,14,618,,28,333.0,300.0,46.3,46.3,1412.0,354.0,1058.0
p04,2019-11-08,11489.0,7.631600000000001,2224.06,281.0,5,40,655,,45,326.0,240.0,48.75,48.75,1261.0,359.0,902.0
p04,2019-11-09,7587.0,5.0761,1988.75,233.0,16,23,618,,39,272.0,,,,1391.0,355.0,1036.0
p04,2019-11-10,4954.0,3.3255000000000003,1737.6200000000001,164.0,6,9,657,,15,179.0,,,,1366.0,354.0,1012.0
p04,2019-11-11,11076.0,7.3524,2108.4900000000002,209.0,22,49,556,,71,280.0,300.0,53.63333333333333,53.63333333333333,1401.0,357.0,1044.0
p04,2019-11-12,18749.0,14.283000000000001,2509.51,320.0,11,68,486,,79,399.0,320.0,56.93333333333333,56.93333333333333,1429.0,357.0,1072.0
p04,2019-11-13,12890.0,10.1753,2176.35,198.0,5,62,597,,67,265.0,280.0,40.45,40.45,1420.0,357.0,1063.0
p04,2019-11-14,11806.0,7.889,2115.09,290.0,10,23,606,,33,323.0,200.0,33.9,33.9,1411.0,358.0,1053.0
p04,2019-11-15,13614.0,9.121,2161.21,273.0,32,30,557,,62,335.0,,52.900000000000006,,1410.0,354.0,1056.0
p04,2019-11-16,10062.0,6.625500000000001,2088.37,295.0,9,11,972,,20,315.0,,,,1003.0,8.0,995.0
p04,2019-11-17,10886.0,8.808200000000001,2119.31,163.0,7,58,821,,65,228.0,250.0,77.63333333333333,77.63333333333333,1409.0,350.0,1059.0
p04,2019-11-18,13480.0,10.461500000000001,2162.67,229.0,11,46,653,,57,286.0,150.0,34.15,34.15,1406.0,359.0,1047.0
p04,2019-11-19,16346.0,12.320500000000001,2404.23,260.0,19,59,609,,78,338.0,180.0,22.466666666666665,22.466666666666665,1407.0,353.0,1054.0
p04,2019-11-20,9916.0,6.981000000000001,2070.81,238.0,19,32,677,,51,289.0,150.0,39.21666666666667,39.21666666666667,1414.0,355.0,1059.0
p04,2019-11-21,9199.0,6.1767,2012.89,267.0,4,15,597,,19,286.0,,17.066666666666666,,1418.0,358.0,1060.0
p04,2019-11-22,10338.0,7.562,2081.36,281.0,4,18,670,,22,303.0,80.0,15.516666666666667,15.516666666666667,1318.0,355.0,963.0
p04,2019-11-23,8119.0,5.542000000000001,2029.17,247.0,6,10,533,,16,263.0,300.0,43.733333333333334,43.733333333333334,1413.0,358.0,1055.0
p04,2019-11-24,12824.0,8.6737,2203.62,177.0,53,42,708,,95,272.0,,117.76666666666668,29.866666666666667,1412.0,357.0,1055.0
p04,2019-11-25,16500.0,12.5721,2263.0,239.0,13,61,611,,74,313.0,300.0,49.583333333333336,49.583333333333336,1415.0,360.0,1055.0
p04,2019-11-26,15853.0,10.2802,2359.4,304.0,30,48,546,,78,382.0,300.0,79.98333333333332,64.61666666666666,1424.0,359.0,1065.0
p04,2019-11-27,7519.0,4.991300000000001,1910.3700000000001,281.0,0,0,609,,0,281.0,,,,1420.0,357.0,1063.0
p04,2019-11-28,13977.0,10.7963,2247.9900000000002,257.0,10,43,568,,53,310.0,210.0,35.583333333333336,35.583333333333336,1418.0,359.0,1059.0
p04,2019-11-29,8448.0,5.6436,1945.88,248.0,8,2,724,,10,258.0,,17.083333333333332,,1160.0,355.0,805.0
p04,2019-11-30,9049.0,5.8405000000000005,2079.89,231.0,28,16,536,,44,275.0,180.0,48.53333333333333,31.466666666666665,1405.0,356.0,1049.0
p04,2019-12-01,6495.0,4.3612,2007.28,192.0,17,28,664,,45,237.0,,17.066666666666666,,1413.0,356.0,1057.0
p04,2019-12-02,16498.0,12.2132,2343.37,268.0,24,52,641,,76,344.0,280.0,42.11666666666667,42.11666666666667,1427.0,358.0,1069.0
p04,2019-12-03,20814.0,13.739400000000002,2626.77,353.0,42,60,520,,102,455.0,300.0,94.76666666666667,52.96666666666667,1416.0,358.0,1058.0
p04,2019-12-04,6919.0,4.6029,1899.13,288.0,0,0,689,,0,288.0,,,,1414.0,359.0,1055.0
p04,2019-12-05,10548.0,7.1763,2152.8,318.0,10,22,613,,32,350.0,100.0,41.483333333333334,41.483333333333334,1409.0,356.0,1053.0
p04,2019-12-06,10875.0,7.229800000000001,2095.63,278.0,12,9,607,,21,299.0,,,,1414.0,359.0,1055.0
p04,2019-12-07,9356.0,6.2766,2092.84,286.0,12,10,582,,22,308.0,,,,1355.0,357.0,998.0
p04,2019-12-08,4214.0,2.8279,1803.1100000000001,150.0,14,10,805,,24,174.0,,,,1415.0,350.0,1065.0
p04,2019-12-09,9211.0,6.138000000000001,2047.98,148.0,12,53,633,,65,213.0,400.0,50.85,50.85,1415.0,353.0,1062.0
p04,2019-12-10,12137.0,5.5193,2156.21,151.0,14,56,642,,70,221.0,400.0,37.983333333333334,37.983333333333334,1436.0,357.0,1079.0
p04,2019-12-11,9436.0,6.2925,2042.52,203.0,33,35,661,,68,271.0,250.0,47.8,47.8,1211.0,360.0,851.0
p04,2019-12-12,14554.0,10.573,2184.93,258.0,10,53,1119,,63,321.0,200.0,39.083333333333336,39.083333333333336,1071.0,10.0,1061.0
p04,2019-12-13,8490.0,5.6981,1991.03,330.0,0,0,629,,0,330.0,,,,1433.0,360.0,1073.0
p04,2019-12-14,15680.0,11.046600000000002,2493.47,275.0,34,73,453,,107,382.0,540.0,120.66666666666667,120.66666666666667,1430.0,360.0,1070.0
p04,2019-12-15,5326.0,3.5553000000000003,1803.9,172.0,13,11,666,,24,196.0,,16.216666666666665,16.216666666666665,1419.0,354.0,1065.0
p04,2019-12-16,13718.0,11.108220000000001,2126.1,222.0,3,44,548,,47,269.0,240.0,74.78333333333333,74.78333333333333,1427.0,360.0,1067.0
p04,2019-12-17,16487.0,11.4021,2347.9500000000003,275.0,23,57,525,,80,355.0,400.0,46.28333333333333,46.28333333333333,1433.0,354.0,1079.0
p04,2019-12-18,8299.0,5.5281,1900.98,253.0,0,0,679,,0,253.0,,,,1427.0,360.0,1067.0
p04,2019-12-19,12453.0,8.2725,2081.51,218.0,29,36,703,,65,283.0,,51.2,,1373.0,360.0,1013.0
p04,2019-12-20,10979.0,7.4644,2063.8,268.0,5,30,585,,35,303.0,,8.133333333333333,8.133333333333333,1432.0,360.0,1072.0
p04,2019-12-21,6260.0,4.1676,1918.22,262.0,0,8,707,,8,270.0,,16.216666666666665,,1435.0,360.0,1075.0
p04,2019-12-22,7063.0,4.7461,1859.45,130.0,21,35,709,,56,186.0,,29.866666666666667,,1434.0,360.0,1074.0
p04,2019-12-23,12278.0,10.348,2104.9700000000003,169.0,1,59,641,,60,229.0,420.0,56.38333333333333,56.38333333333333,1382.0,359.0,1023.0
p04,2019-12-24,9567.0,6.4548000000000005,2020.16,263.0,16,17,670,,33,296.0,,19.633333333333333,,1434.0,357.0,1077.0
p04,2019-12-25,7881.0,5.6839,1908.14,155.0,36,24,643,,60,215.0,360.0,85.91666666666666,70.56666666666666,1433.0,359.0,1074.0
p04,2019-12-26,16755.0,12.725800000000001,2433.41,240.0,33,91,540,,124,364.0,360.0,114.6,114.6,1427.0,359.0,1068.0
p04,2019-12-27,5958.0,3.8829000000000002,1761.98,203.0,0,0,783,,0,203.0,,,,1437.0,360.0,1077.0
p04,2019-12-28,5923.0,4.1569,1845.79,134.0,29,27,752,,56,190.0,300.0,52.2,52.2,986.0,358.0,628.0
p04,2019-12-29,8812.0,5.897,1914.17,141.0,20,33,631,,53,194.0,,54.61666666666667,,1423.0,353.0,1070.0
p04,2019-12-30,8399.0,6.1047,1986.66,197.0,12,26,685,,38,235.0,360.0,59.18333333333333,59.18333333333333,1433.0,360.0,1073.0
p04,2019-12-31,7255.0,4.8711,1897.18,189.0,12,20,558,,32,221.0,,17.916666666666668,,1426.0,360.0,1066.0
p04,2020-01-01,1997.0,1.3386,1628.73,145.0,0,0,647,,0,145.0,,,,1437.0,360.0,1077.0
p04,2020-01-02,11220.0,8.5768,2009.6200000000001,182.0,12,38,607,,50,232.0,200.0,45.2,45.2,1427.0,358.0,1069.0
p04,2020-01-03,8927.0,6.818700000000001,1885.42,124.0,4,39,715,,43,167.0,240.0,44.166666666666664,44.166666666666664,975.0,358.0,617.0
p04,2020-01-04,5617.0,3.8289000000000004,1809.14,162.0,15,13,646,,28,190.0,200.0,37.083333333333336,37.083333333333336,1431.0,360.0,1071.0
p04,2020-01-05,4805.0,3.2956000000000003,1704.18,180.0,0,0,641,,0,180.0,,,,1430.0,360.0,1070.0
p04,2020-01-06,9532.0,6.362800000000001,1894.39,188.0,14,2,1053,,16,204.0,,36.7,,1428.0,357.0,1071.0
p04,2020-01-07,3502.0,2.3507000000000002,1646.32,128.0,11,0,1301,,11,139.0,,,,1425.0,354.0,1071.0
p04,2020-01-08,16382.0,12.911100000000001,1854.39,176.0,31,5,1133,,36,212.0,240.0,70.73333333333333,34.03333333333333,1439.0,360.0,1079.0
p04,2020-01-09,17713.0,14.2771,2381.65,240.0,31,50,690,,81,321.0,400.0,47.31666666666667,47.31666666666667,1433.0,359.0,1074.0
p04,2020-01-10,12279.0,8.131200000000002,2618.23,306.0,34,60,581,,94,400.0,,,,1398.0,358.0,1040.0
p04,2020-01-11,6161.0,4.125100000000001,1798.79,201.0,2,0,820,,2,203.0,,,,1420.0,358.0,1062.0
p04,2020-01-12,12412.0,10.191,1881.93,205.0,15,3,671,,18,223.0,480.0,65.98333333333332,65.98333333333332,1437.0,358.0,1079.0
p04,2020-01-13,14609.0,10.282900000000001,2248.32,227.0,30,45,613,,75,302.0,,33.2,15.266666666666667,1288.0,359.0,929.0
p04,2020-01-14,14373.0,12.727400000000001,2009.78,191.0,16,29,738,,45,236.0,400.0,46.266666666666666,46.266666666666666,1418.0,343.0,1075.0
p04,2020-01-15,13663.0,10.6958,2342.87,164.0,23,68,642,,91,255.0,,71.3,71.3,1435.0,358.0,1077.0
p04,2020-01-16,8257.0,5.5484,2132.81,136.0,25,56,645,,81,217.0,350.0,49.483333333333334,,1427.0,358.0,1069.0
p04,2020-01-17,9938.0,6.7586,2155.44,185.0,62,31,569,,93,278.0,,71.81666666666666,33.4,1434.0,357.0,1077.0
p04,2020-01-18,11842.0,10.202300000000001,2194.83,225.0,5,38,588,,43,268.0,420.0,,,1423.0,358.0,1065.0
p04,2020-01-19,10161.0,6.803100000000001,1899.5,140.0,49,11,706,,60,200.0,,87.03333333333333,,1417.0,351.0,1066.0
p04,2020-01-20,13756.0,12.378800000000002,1679.76,131.0,5,3,780,,8,139.0,350.0,48.333333333333336,48.333333333333336,1325.0,360.0,965.0
p04,2020-01-21,17981.0,14.256800000000002,2529.71,183.0,54,80,521,,134,317.0,160.0,97.48333333333333,37.75,1432.0,357.0,1075.0
p04,2020-01-22,7755.0,5.2102,2106.94,160.0,9,49,612,,58,218.0,,17.933333333333334,,1428.0,356.0,1072.0
p04,2020-01-23,18826.0,13.8847,2514.08,217.0,77,57,629,,134,351.0,240.0,96.71666666666667,44.666666666666664,1433.0,359.0,1074.0
p04,2020-01-24,15565.0,13.9067,2236.59,156.0,18,61,758,,79,235.0,300.0,68.48333333333333,44.583333333333336,1435.0,359.0,1076.0
p04,2020-01-25,11832.0,7.9321,2087.48,269.0,30,4,628,,34,303.0,,,,1437.0,359.0,1078.0
p04,2020-01-26,8620.0,5.7757000000000005,1925.56,177.0,21,12,729,,33,210.0,,31.566666666666666,,1425.0,356.0,1069.0
p04,2020-01-27,7617.0,7.184200000000001,1883.65,114.0,1,40,730,,41,155.0,210.0,27.716666666666665,27.716666666666665,1141.0,290.0,851.0
p04,2020-01-28,14516.0,9.320300000000001,1776.25,194.0,0,0,717,,0,194.0,,266.98333333333335,220.23333333333332,1431.0,357.0,1074.0
p04,2020-01-29,12458.0,8.283100000000001,2591.65,276.0,92,57,579,,149,425.0,720.0,,,1431.0,360.0,1071.0
p04,2020-01-30,5280.0,3.4331,1717.78,153.0,0,0,815,,0,153.0,,16.216666666666665,,1432.0,358.0,1074.0
p04,2020-01-31,9493.0,6.3218000000000005,2231.97,284.0,32,15,892,,47,331.0,,52.916666666666664,52.916666666666664,1430.0,360.0,1070.0
p04,2020-02-01,18282.0,13.9023,2488.41,222.0,32,82,460,,114,336.0,180.0,119.21666666666667,103.0,1436.0,360.0,1076.0
p04,2020-02-02,7367.0,4.9488,2107.02,248.0,43,15,809,,58,306.0,,32.43333333333333,,1362.0,287.0,1075.0
p04,2020-02-03,21213.0,16.1991,2663.33,245.0,68,76,617,,144,389.0,210.0,139.76666666666665,100.51666666666667,1431.0,356.0,1075.0
p04,2020-02-04,12657.0,8.207500000000001,2437.51,332.0,49,18,787,,67,399.0,240.0,105.18333333333332,83.85,1429.0,357.0,1072.0
p04,2020-02-05,12630.0,8.4253,2042.81,210.0,28,18,486,,46,256.0,,99.83333333333333,,1432.0,359.0,1073.0
p04,2020-02-06,12338.0,7.347,2247.6,309.0,10,12,632,,22,331.0,,,,1429.0,360.0,1069.0
p04,2020-02-07,7382.0,5.489800000000001,1986.53,195.0,4,27,541,,31,226.0,180.0,28.983333333333334,28.983333333333334,1424.0,358.0,1066.0
p04,2020-02-08,7683.0,5.129300000000001,1940.63,235.0,20,3,620,,23,258.0,,,,1377.0,355.0,1022.0
p04,2020-02-09,5208.0,3.4410000000000003,1895.75,204.0,11,15,924,,26,230.0,210.0,30.016666666666666,30.016666666666666,1229.0,153.0,1076.0
p04,2020-02-10,7409.0,4.6523,1834.1200000000001,231.0,0,0,790,,0,231.0,,25.6,,1435.0,360.0,1075.0
p04,2020-02-11,14886.0,9.982800000000001,2219.77,205.0,44,49,645,,93,298.0,,104.1,,1419.0,355.0,1064.0
p04,2020-02-12,14637.0,9.917800000000002,2425.69,317.0,16,43,461,,59,376.0,280.0,57.016666666666666,57.016666666666666,1425.0,360.0,1065.0
p04,2020-02-13,11953.0,7.874600000000001,2061.4,290.0,0,0,575,,0,290.0,,,,1419.0,357.0,1062.0
p04,2020-02-14,4638.0,3.1136000000000004,1900.74,203.0,0,0,1027,,0,203.0,,,,1266.0,356.0,910.0
p04,2020-02-15,7792.0,5.1775,1984.13,216.0,30,4,783,,34,250.0,,44.36666666666667,44.36666666666667,783.0,357.0,426.0
p04,2020-02-16,6002.0,4.0323,1652.68,77.0,16,14,1156,,30,107.0,,31.583333333333332,,1078.0,2.0,1076.0
p04,2020-02-17,9639.0,8.1987,2046.73,235.0,0,31,761,,31,266.0,180.0,31.866666666666667,31.866666666666667,1423.0,355.0,1068.0
p04,2020-02-18,12997.0,8.707600000000001,2235.93,349.0,10,15,614,,25,374.0,150.0,27.983333333333334,27.983333333333334,1434.0,355.0,1079.0
p04,2020-02-19,8727.0,5.8222000000000005,1927.71,244.0,10,11,691,,21,265.0,,,,1428.0,357.0,1071.0
p04,2020-02-20,11174.0,7.317800000000001,2146.4900000000002,253.0,14,37,481,,51,304.0,240.0,38.166666666666664,38.166666666666664,1425.0,359.0,1066.0
p04,2020-02-21,12973.0,8.669500000000001,2326.65,345.0,21,31,420,,52,397.0,150.0,27.3,27.3,1433.0,355.0,1078.0
p04,2020-02-22,8584.0,5.7282,1931.3,252.0,0,0,636,,0,252.0,,16.216666666666665,,1439.0,360.0,1079.0
p04,2020-02-23,153.0,0.1024,1478.8700000000001,23.0,8,13,1002,,21,44.0,,,,687.0,356.0,331.0
p04,2020-02-24,15304.0,11.6515,2355.57,336.0,6,42,503,,48,384.0,320.0,42.88333333333333,42.88333333333333,1440.0,360.0,1080.0
p04,2020-02-25,13344.0,9.1277,2157.17,314.0,13,4,597,,17,331.0,,,,1430.0,360.0,1070.0
p04,2020-02-26,13680.0,9.674900000000001,2234.0,267.0,23,28,613,71.92074203491211,51,318.0,300.0,91.76666666666667,73.0,1431.0,359.0,1072.0
p04,2020-02-27,15236.0,11.956600000000002,2413.45,284.0,10,58,580,70.44240856170654,68,352.0,280.0,43.81666666666667,43.81666666666667,1435.0,360.0,1075.0
p04,2020-02-28,9925.0,6.705400000000001,2023.16,266.0,11,14,667,72.05490779876709,25,291.0,,,,1434.0,360.0,1074.0
p04,2020-02-29,13963.0,9.204400000000001,2144.01,319.0,13,0,570,73.1511754989624,13,332.0,,89.61666666666666,89.61666666666666,1432.0,356.0,1076.0
p04,2020-03-01,10447.0,7.0232,2134.27,86.0,44,85,788,74.97735595703125,129,215.0,350.0,68.26666666666667,68.26666666666667,1112.0,360.0,752.0
p04,2020-03-02,273.0,0.1822,1374.49,26.0,0,0,478,76.76333141326904,0,26.0,,,,1431.0,360.0,1071.0
p04,2020-03-03,6684.0,4.4915,1713.55,102.0,29,18,679,74.51207637786865,47,149.0,,44.36666666666667,,1431.0,360.0,1071.0
p04,2020-03-04,7560.0,5.1866,1944.32,216.0,10,17,560,71.80511474609375,27,243.0,300.0,62.28333333333333,62.28333333333333,1424.0,358.0,1066.0
p04,2020-03-05,5810.0,3.9011000000000005,1772.39,148.0,12,23,716,72.28069400787354,35,183.0,,31.566666666666666,31.566666666666666,1432.0,358.0,1074.0
p04,2020-03-06,7294.0,4.898300000000001,1877.26,156.0,43,14,576,72.26127243041992,57,213.0,250.0,17.916666666666668,17.916666666666668,1428.0,355.0,1073.0
p04,2020-03-07,7034.0,4.723800000000001,1806.6000000000001,166.0,17,12,659,72.29076290130615,29,195.0,,15.35,15.35,1438.0,360.0,1078.0
p04,2020-03-08,7091.0,4.7877,1973.79,153.0,18,41,802,71.6257438659668,59,212.0,560.0,31.083333333333332,31.083333333333332,1259.0,357.0,902.0
p04,2020-03-09,16648.0,12.745700000000001,2348.86,264.0,43,51,589,72.09306526184082,94,358.0,150.0,65.7,31.566666666666666,1434.0,360.0,1074.0
p04,2020-03-10,17067.0,11.327100000000002,2406.41,310.0,25,64,536,71.87230396270752,89,399.0,350.0,128.68333333333334,128.68333333333334,1434.0,358.0,1076.0
p04,2020-03-11,9763.0,6.915100000000001,2035.3500000000001,246.0,10,16,698,72.28806972503662,26,272.0,200.0,46.6,46.6,1439.0,359.0,1080.0
p04,2020-03-12,7080.0,4.7529,1834.64,203.0,12,12,792,72.5618953704834,24,227.0,,,,1438.0,359.0,1079.0
p04,2020-03-13,14138.0,12.0699,2155.41,176.0,16,56,656,70.52411556243896,72,248.0,240.0,45.7,45.7,1426.0,355.0,1071.0
p04,2020-03-14,6427.0,4.323300000000001,1975.47,47.0,0,103,897,70.37448310852051,103,150.0,480.0,103.0,103.0,930.0,357.0,573.0
p04,2020-03-15,5914.0,3.9707000000000003,1762.5,200.0,0,0,646,69.51483917236328,0,200.0,,,,1430.0,360.0,1070.0
p04,2020-03-16,5684.0,3.8033,1801.31,136.0,52,2,729,68.55654811859131,54,190.0,250.0,45.0,45.0,1438.0,360.0,1078.0
p04,2020-03-17,7855.0,5.2778,1829.6000000000001,131.0,18,28,670,67.53387260437012,46,177.0,,46.083333333333336,,1434.0,358.0,1076.0
p04,2020-03-18,9610.0,8.0288,2094.8,180.0,6,31,724,67.38030338287354,37,217.0,180.0,29.45,29.45,1417.0,360.0,1057.0
p04,2020-03-19,7195.0,4.7742,2060.53,133.0,33,42,785,68.98700141906738,75,208.0,640.0,28.283333333333335,28.283333333333335,1432.0,358.0,1074.0
p04,2020-03-20,8379.0,5.577500000000001,1910.6000000000001,108.0,30,40,671,70.22812271118164,70,178.0,350.0,54.483333333333334,54.483333333333334,1434.0,360.0,1074.0
p04,2020-03-21,1718.0,1.0858,1554.44,116.0,0,0,806,70.94010066986084,0,116.0,,,,930.0,353.0,577.0
p04,2020-03-22,9010.0,6.0533,1870.3500000000001,144.0,37,21,815,70.20859909057617,58,202.0,,41.81666666666667,,1433.0,357.0,1076.0
p04,2020-03-23,12666.0,11.2073,2160.12,143.0,7,72,638,68.4029016494751,79,222.0,360.0,66.81666666666666,66.81666666666666,1432.0,359.0,1073.0
p04,2020-03-24,10418.0,7.1299,2240.98,267.0,24,33,686,67.7168779373169,57,324.0,250.0,57.45,57.45,1438.0,360.0,1078.0
p04,2020-03-25,9107.0,8.067400000000001,1998.16,119.0,16,44,707,67.22054958343506,60,179.0,300.0,45.45,45.45,1415.0,359.0,1056.0
p04,2020-03-26,10188.0,9.2344,2041.52,109.0,9,55,710,67.89166355133057,64,173.0,350.0,50.78333333333333,50.78333333333333,1433.0,360.0,1073.0
p04,2020-03-27,7149.0,4.8006,1855.88,185.0,14,18,679,67.08977794647217,32,217.0,,35.85,,1439.0,360.0,1079.0
p04,2020-03-28,13075.0,8.767900000000001,2172.8,141.0,65,48,572,66.75240707397461,113,254.0,290.0,146.08333333333331,79.51666666666667,1226.0,355.0,871.0
p04,2020-03-29,7970.0,5.354100000000001,1891.53,149.0,26,23,754,67.57121658325195,49,198.0,420.0,45.233333333333334,45.233333333333334,1435.0,360.0,1075.0
p04,2020-03-30,9210.0,6.1877,1997.46,173.0,15,46,559,66.59619235992432,61,234.0,420.0,27.316666666666666,27.316666666666666,1318.0,360.0,958.0
p04,2020-03-31,488.0,0.327,1028.08,36.0,0,0,485,66.03486728668213,0,36.0,,,,0.0,0.0,0.0
p05,2019-11-01,14306.0,10.343100000000002,3704.51,318.0,40,38,556,,78,396.0,,17.916666666666668,,1332.0,343.0,989.0
p05,2019-11-02,13349.0,9.73,3383.4100000000003,298.0,17,25,775,,42,340.0,,25.6,,1362.0,349.0,1013.0
p05,2019-11-03,9037.0,6.5463000000000005,3326.26,267.0,12,34,767,,46,313.0,,,,1371.0,358.0,1013.0
p05,2019-11-04,13240.0,9.5859,3481.64,255.0,34,48,1103,,82,337.0,,,,1367.0,349.0,1018.0
p05,2019-11-05,14898.0,10.7711,3752.4,301.0,53,44,1042,,97,398.0,,20.483333333333334,20.483333333333334,1344.0,353.0,991.0
p05,2019-11-06,11297.0,8.1728,3228.05,251.0,15,16,787,,31,282.0,,,,1372.0,354.0,1018.0
p05,2019-11-07,19247.0,14.590200000000001,4038.21,293.0,56,65,670,,121,414.0,90.0,90.03333333333333,47.36666666666667,1356.0,355.0,1001.0
p05,2019-11-08,12376.0,9.0212,3393.36,257.0,21,28,713,,49,306.0,,,,1362.0,349.0,1013.0
p05,2019-11-09,11928.0,8.683000000000002,3455.78,231.0,76,37,614,,113,344.0,,15.366666666666667,,1401.0,359.0,1042.0
p05,2019-11-10,1046.0,0.7562000000000001,2086.11,42.0,0,0,997,,0,42.0,,,,525.0,356.0,169.0
p05,2019-11-11,,,1929.6000000000001,0.0,0,0,1440,,0,0.0,,,,0.0,0.0,0.0
p05,2019-11-12,3836.0,2.7949,2483.36,89.0,7,17,1327,,24,113.0,,,,499.0,0.0,499.0
p05,2019-11-13,13899.0,10.06,3727.94,259.0,37,54,776,,91,350.0,,36.68333333333333,36.68333333333333,1370.0,349.0,1021.0
p05,2019-11-14,12427.0,9.0487,3390.83,218.0,21,57,752,,78,296.0,,65.73333333333333,65.73333333333333,1374.0,349.0,1025.0
p05,2019-11-15,16259.0,11.849400000000001,3945.6,285.0,82,60,506,,142,427.0,,54.61666666666667,,1375.0,355.0,1020.0
p05,2019-11-16,7808.0,5.687200000000001,2956.84,279.0,7,1,760,,8,287.0,,,,1372.0,357.0,1015.0
p05,2019-11-17,13590.0,9.9052,3548.48,287.0,38,38,630,,76,363.0,,40.1,,1376.0,360.0,1016.0
p05,2019-11-18,9090.0,6.6248000000000005,3093.4,212.0,16,23,835,,39,251.0,,,,1266.0,354.0,912.0
p05,2019-11-19,13253.0,9.521500000000001,3844.4700000000003,335.0,23,26,1056,,49,384.0,,,,1395.0,353.0,1042.0
p05,2019-11-20,14021.0,10.230300000000002,3737.54,206.0,36,64,652,,100,306.0,,56.31666666666666,35.85,1375.0,355.0,1020.0
p05,2019-11-21,12718.0,9.2462,3521.7000000000003,287.0,11,18,652,,29,316.0,,,,1393.0,353.0,1040.0
p05,2019-11-22,13553.0,9.766200000000001,3762.71,264.0,77,47,630,,124,388.0,,22.183333333333334,,1401.0,357.0,1044.0
p05,2019-11-23,9188.0,6.6943,3292.71,287.0,17,0,638,,17,304.0,,,,1376.0,350.0,1026.0
p05,2019-11-24,10260.0,7.6027000000000005,3148.36,218.0,20,35,656,,55,273.0,,16.216666666666665,,1411.0,356.0,1055.0
p05,2019-11-25,8388.0,6.1107000000000005,3234.2400000000002,234.0,9,30,738,,39,273.0,,,,1343.0,354.0,989.0
p05,2019-11-26,9234.0,6.7311000000000005,3111.2400000000002,190.0,18,30,817,,48,238.0,,,,1203.0,342.0,861.0
p05,2019-11-27,13224.0,9.6216,3886.54,258.0,63,50,622,,113,371.0,,58.88333333333333,58.88333333333333,1413.0,354.0,1059.0
p05,2019-11-28,10623.0,7.7410000000000005,3541.6,252.0,27,44,627,,71,323.0,,,,1371.0,355.0,1016.0
p05,2019-11-29,11829.0,8.6218,3566.58,222.0,39,42,666,,81,303.0,,21.333333333333332,,1404.0,357.0,1047.0
p05,2019-11-30,16879.0,12.218900000000001,4122.86,255.0,70,82,576,,152,407.0,,39.25,,1377.0,358.0,1019.0
p05,2019-12-01,14397.0,10.4937,3592.11,236.0,70,41,751,,111,347.0,,98.13333333333334,,1364.0,359.0,1005.0
p05,2019-12-02,8942.0,6.501200000000001,3293.43,181.0,29,40,796,,69,250.0,,,,1355.0,352.0,1003.0
p05,2019-12-03,9870.0,7.191700000000001,3365.34,228.0,29,27,870,,56,284.0,,,,1364.0,349.0,1015.0
p05,2019-12-04,13212.0,9.6422,3888.98,225.0,52,59,768,,111,336.0,,58.86666666666667,58.86666666666667,1410.0,358.0,1052.0
p05,2019-12-05,10405.0,7.560700000000001,3110.55,124.0,28,54,829,,82,206.0,,58.88333333333333,,905.0,346.0,559.0
p05,2019-12-06,17324.0,12.593800000000002,4003.8,255.0,81,65,595,,146,401.0,,51.2,,1351.0,353.0,998.0
p05,2019-12-07,12651.0,9.217600000000001,3456.61,366.0,11,9,742,,20,386.0,,,,1318.0,351.0,967.0
p05,2019-12-08,8625.0,6.285900000000001,2970.29,193.0,28,22,875,,50,243.0,,33.3,,1319.0,352.0,967.0
p05,2019-12-09,15261.0,11.101,3956.78,283.0,48,47,367,,95,378.0,,17.083333333333332,17.083333333333332,1393.0,341.0,1052.0
p05,2019-12-10,9313.0,6.785800000000001,3324.9500000000003,266.0,13,6,1155,,19,285.0,,,,1366.0,352.0,1014.0
p05,2019-12-11,15552.0,11.338000000000001,3733.48,213.0,66,57,708,,123,336.0,,99.0,41.81666666666666,1349.0,354.0,995.0
p05,2019-12-12,13895.0,10.151000000000002,3509.19,166.0,38,66,785,,104,270.0,250.0,65.01666666666667,45.38333333333333,1259.0,360.0,899.0
p05,2019-12-13,11194.0,8.156600000000001,3279.15,226.0,29,29,659,,58,284.0,,40.1,40.1,1366.0,351.0,1015.0
p05,2019-12-14,11141.0,8.104000000000001,3545.33,308.0,43,13,519,,56,364.0,,17.916666666666668,,1359.0,346.0,1013.0
p05,2019-12-15,7020.0,5.114000000000001,3661.22,242.0,59,13,658,,72,314.0,,,,1402.0,349.0,1053.0
p05,2019-12-16,13252.0,9.660100000000002,3730.25,223.0,49,61,641,,110,333.0,,40.099999999999994,40.099999999999994,1393.0,358.0,1035.0
p05,2019-12-17,14061.0,9.9108,3817.48,223.0,59,53,672,,112,335.0,,44.38333333333334,44.38333333333334,1376.0,357.0,1019.0
p05,2019-12-18,7878.0,5.7431,3061.81,183.0,5,5,937,,10,193.0,,,,1380.0,345.0,1035.0
p05,2019-12-19,15900.0,11.5861,3578.94,178.0,50,73,736,,123,301.0,,69.13333333333333,,1235.0,349.0,886.0
p05,2019-12-20,11961.0,8.653400000000001,3570.28,254.0,39,32,722,,71,325.0,,40.96666666666667,40.96666666666667,1302.0,356.0,946.0
p05,2019-12-21,18690.0,13.564900000000002,4131.96,255.0,75,83,1027,,158,413.0,,46.93333333333333,,888.0,0.0,888.0
p05,2019-12-22,9624.0,6.9698,3225.25,273.0,42,12,780,,54,327.0,,32.416666666666664,,1190.0,350.0,840.0
p05,2019-12-23,12368.0,9.012400000000001,3500.77,247.0,81,23,702,,104,351.0,270.0,,,1365.0,354.0,1011.0
p05,2019-12-24,10200.0,7.4305,3427.29,313.0,26,21,722,,47,360.0,,19.616666666666667,,1386.0,357.0,1029.0
p05,2019-12-25,5347.0,3.8957,2708.77,163.0,6,9,670,,15,178.0,,,,1367.0,355.0,1012.0
p05,2019-12-26,3456.0,2.5171,2498.3,133.0,0,0,875,,0,133.0,,,,1395.0,354.0,1041.0
p05,2019-12-27,8479.0,6.179900000000001,3064.87,185.0,19,22,476,,41,226.0,,,,1392.0,352.0,1040.0
p05,2019-12-28,9967.0,7.2415,3549.11,208.0,57,44,627,66.51815223693848,101,309.0,,,,1386.0,352.0,1034.0
p05,2019-12-29,8598.0,6.2647,3147.43,266.0,21,10,864,66.96451663970947,31,297.0,,,,1213.0,311.0,902.0
p05,2019-12-30,11069.0,8.042,3519.17,352.0,13,9,606,65.55394840240479,22,374.0,,23.883333333333333,,1405.0,349.0,1056.0
p05,2019-12-31,16043.0,11.667000000000002,3808.96,242.0,53,63,692,66.37579727172852,116,358.0,,100.7,,1362.0,352.0,1010.0
p05,2020-01-01,8504.0,6.174300000000001,3316.84,274.0,23,7,812,67.73511028289795,30,304.0,,23.9,,1343.0,354.0,989.0
p05,2020-01-02,19895.0,14.446700000000002,4322.91,338.0,51,85,521,68.1771764755249,136,474.0,380.0,77.46666666666667,77.46666666666667,1408.0,359.0,1049.0
p05,2020-01-03,14771.0,10.7552,3786.4,316.0,58,38,565,68.3583459854126,96,412.0,,91.31666666666666,,1427.0,360.0,1067.0
p05,2020-01-04,12945.0,9.3785,3523.56,326.0,31,26,745,66.66146087646484,57,383.0,,31.583333333333332,,1426.0,360.0,1066.0
p05,2020-01-05,12778.0,10.177000000000001,3467.01,251.0,3,37,760,64.36434078216553,40,291.0,120.0,30.366666666666667,30.366666666666667,1195.0,355.0,840.0
p05,2020-01-06,23971.0,17.437800000000003,4528.58,291.0,103,98,516,63.76220893859863,201,492.0,,178.38333333333333,,1432.0,360.0,1072.0
p05,2020-01-07,20148.0,15.610700000000001,4353.21,240.0,53,101,643,64.06209659576416,154,394.0,,123.31666666666666,44.78333333333333,1291.0,358.0,933.0
p05,2020-01-08,14449.0,10.5325,3855.11,221.0,79,52,1088,64.33499050140381,131,352.0,,59.733333333333334,59.733333333333334,1114.0,51.0,1063.0
p05,2020-01-09,18777.0,13.584000000000001,4393.83,262.0,87,101,584,63.49876022338867,188,450.0,,86.2,29.866666666666667,1403.0,359.0,1044.0
p05,2020-01-10,17022.0,12.405800000000001,3934.27,315.0,48,70,603,65.38578701019287,118,433.0,,74.23333333333333,52.9,1432.0,360.0,1072.0
p05,2020-01-11,14881.0,10.794500000000001,3599.03,358.0,24,18,663,63.748558044433594,42,400.0,,,,1422.0,360.0,1062.0
p05,2020-01-12,7931.0,5.7774,3019.91,256.0,14,11,715,61.8627815246582,25,281.0,,34.96666666666667,,1132.0,360.0,772.0
p05,2020-01-13,15027.0,10.9136,3935.71,347.0,53,38,623,61.03990840911865,91,438.0,,50.33333333333333,,1403.0,357.0,1046.0
p05,2020-01-14,13772.0,10.000100000000002,3587.46,293.0,24,34,660,61.76554584503174,58,351.0,,50.349999999999994,,1413.0,356.0,1057.0
p05,2020-01-15,12578.0,9.0685,3548.13,285.0,20,39,700,61.62715530395508,59,344.0,150.0,35.85,35.85,1336.0,357.0,979.0
p05,2020-01-16,14739.0,10.693600000000002,3887.51,226.0,86,55,590,61.54970455169678,141,367.0,,36.68333333333334,36.68333333333334,1398.0,360.0,1038.0
p05,2020-01-17,12373.0,9.016,3903.98,306.0,52,34,691,62.529937744140625,86,392.0,,,,1426.0,357.0,1069.0
p05,2020-01-18,10486.0,7.6412,3303.04,296.0,12,17,704,63.092610359191895,29,325.0,,,,1382.0,360.0,1022.0
p05,2020-01-19,14659.0,10.6674,3788.56,291.0,57,52,621,62.905067443847656,109,400.0,,58.016666666666666,,1408.0,360.0,1048.0
p05,2020-01-20,13595.0,9.906600000000001,4037.08,284.0,70,52,673,62.79711627960205,122,406.0,,79.35,50.33333333333333,1368.0,301.0,1067.0
p05,2020-01-21,12411.0,9.0457,3608.2200000000003,258.0,34,49,1099,63.092562675476074,83,341.0,,,,1289.0,360.0,929.0
p05,2020-01-22,14971.0,10.8488,3889.41,288.0,44,60,1048,63.08152770996094,104,392.0,,54.6,54.6,1130.0,53.0,1077.0
p05,2020-01-23,10476.0,7.609500000000001,3266.36,270.0,27,11,670,62.79084587097168,38,308.0,,22.183333333333334,,1421.0,351.0,1070.0
p05,2020-01-24,17760.0,12.9466,4014.59,253.0,61,89,586,62.6686487197876,150,403.0,,77.65,,1303.0,356.0,947.0
p05,2020-01-25,16373.0,11.777600000000001,3817.2200000000003,276.0,36,84,686,62.06328868865967,120,396.0,,62.31666666666666,40.13333333333333,1420.0,360.0,1060.0
p05,2020-01-26,11198.0,8.161900000000001,3243.77,201.0,39,39,754,60.88875389099121,78,279.0,250.0,75.95,,1264.0,360.0,904.0
p05,2020-01-27,10941.0,7.915400000000001,4339.04,297.0,107,49,587,62.72559928894043,156,453.0,,20.483333333333334,20.483333333333334,1410.0,359.0,1051.0
p05,2020-01-28,12031.0,8.767900000000001,3548.4,249.0,35,47,689,63.85162162780762,82,331.0,,19.633333333333333,19.633333333333333,1407.0,357.0,1050.0
p05,2020-01-29,11400.0,8.3068,3696.45,296.0,44,25,690,62.78622341156006,69,365.0,,17.916666666666668,17.916666666666668,1421.0,360.0,1061.0
p05,2020-01-30,19763.0,14.4082,4144.36,278.0,58,91,1013,,149,427.0,,,,1178.0,359.0,819.0
p05,2020-01-31,14158.0,10.3185,3689.9,300.0,47,39,1054,63.40362739562988,86,386.0,,26.466666666666665,26.466666666666665,1089.0,29.0,1060.0
p05,2020-02-01,9115.0,6.6412,3077.12,247.0,23,12,1158,63.47901439666748,35,282.0,,35.833333333333336,,1376.0,360.0,1016.0
p05,2020-02-02,12442.0,8.951,3410.48,314.0,8,35,612,63.68655014038086,43,357.0,,,,1410.0,360.0,1050.0
p05,2020-02-03,12086.0,8.7849,3808.15,273.0,51,40,785,61.53118324279785,91,364.0,,43.516666666666666,43.516666666666666,1430.0,360.0,1070.0
p05,2020-02-04,11657.0,8.3758,3542.6800000000003,231.0,44,52,594,62.020291328430176,96,327.0,,72.55,51.21666666666667,1391.0,358.0,1033.0
p05,2020-02-05,13709.0,9.924600000000002,3592.87,297.0,40,32,633,62.29030704498291,72,369.0,,39.25,39.25,1430.0,359.0,1071.0
p05,2020-02-06,10270.0,7.477500000000001,3238.42,270.0,16,21,837,62.956387519836426,37,307.0,,15.35,15.35,1374.0,360.0,1014.0
p05,2020-02-07,13738.0,10.012500000000001,3781.85,262.0,57,50,612,60.74377155303955,107,369.0,,57.166666666666664,38.4,1420.0,358.0,1062.0
p05,2020-02-08,,,1944.0000000000002,0.0,0,0,1440,,0,0.0,,,,1309.0,358.0,951.0
p05,2020-02-09,720.0,0.5244000000000001,2046.7400000000002,14.0,9,1,1416,60.21682548522949,10,24.0,,,,1403.0,359.0,1044.0
p05,2020-02-10,10720.0,7.8101,3829.25,252.0,113,16,1059,59.53758907318115,129,381.0,,,,1417.0,342.0,1075.0
p05,2020-02-11,12291.0,8.7871,3779.1,255.0,50,43,1092,58.86735725402832,93,348.0,,,,1416.0,357.0,1059.0
p05,2020-02-12,12584.0,9.173300000000001,3553.85,246.0,10,48,1136,58.24767017364502,58,304.0,,,,1431.0,360.0,1071.0
p05,2020-02-13,9674.0,6.687500000000001,3625.79,249.0,20,34,1137,57.529903411865234,54,303.0,150.0,25.483333333333334,25.483333333333334,1420.0,357.0,1063.0
p05,2020-02-14,10930.0,7.963500000000001,3533.57,331.0,20,9,1080,58.788841247558594,29,360.0,,,,1405.0,360.0,1045.0
p05,2020-02-15,15625.0,11.3643,3604.55,239.0,48,52,756,59.977166175842285,100,339.0,,80.21666666666667,,1318.0,358.0,960.0
p05,2020-02-16,11345.0,8.265400000000001,3640.51,308.0,43,18,753,60.60155963897705,61,369.0,,,,1432.0,360.0,1072.0
p05,2020-02-17,12981.0,9.4602,3654.88,251.0,58,43,660,61.06563091278076,101,352.0,,37.53333333333333,37.53333333333333,1423.0,360.0,1063.0
p05,2020-02-18,12881.0,9.387,3693.1800000000003,260.0,66,35,651,61.55220413208008,101,361.0,,35.83333333333333,35.83333333333333,1393.0,359.0,1034.0
p05,2020-02-19,12941.0,9.431600000000001,3907.16,284.0,42,54,623,62.82973098754883,96,380.0,,57.15,38.38333333333333,1420.0,359.0,1061.0
p05,2020-02-20,6669.0,4.8197,2951.7000000000003,214.0,12,8,811,62.877137184143066,20,234.0,,16.216666666666665,16.216666666666665,913.0,359.0,554.0
p05,2020-02-21,13.0,0.0094,1935.2900000000002,2.0,0,0,1438,,0,2.0,,,,25.0,0.0,25.0
p05,2020-02-22,,,1929.6000000000001,0.0,0,0,1440,,0,0.0,,,,0.0,0.0,0.0
p05,2020-02-23,,,1929.6000000000001,0.0,0,0,1440,,0,0.0,,,,0.0,0.0,0.0
p05,2020-02-24,,,1929.6000000000001,0.0,0,0,1440,,0,0.0,,,,0.0,0.0,0.0
p05,2020-02-25,,,1929.6000000000001,0.0,0,0,1440,,0,0.0,,,,0.0,0.0,0.0
p05,2020-02-26,,,1929.6000000000001,0.0,0,0,1440,,0,0.0,,,,0.0,0.0,0.0
p05,2020-02-27,,,1929.6000000000001,0.0,0,0,1440,,0,0.0,,,,0.0,0.0,0.0
p05,2020-02-28,1046.0,0.7624000000000001,2078.9100000000003,28.0,0,0,1412,63.1871223449707,0,28.0,,,,194.0,0.0,194.0
p05,2020-02-29,7713.0,5.568200000000001,2743.9700000000003,101.0,22,37,1280,62.13877582550049,59,160.0,,,,861.0,356.0,505.0
p05,2020-03-01,12635.0,9.199800000000002,3730.63,279.0,61,35,1065,61.001254081726074,96,375.0,,,,1407.0,360.0,1047.0
p05,2020-03-02,11468.0,8.356100000000001,3666.67,308.0,39,29,1064,59.80010414123535,68,376.0,,,,1424.0,360.0,1064.0
p05,2020-03-03,11973.0,8.674000000000001,3688.06,283.0,23,49,1085,58.52737236022949,72,355.0,,,,1427.0,356.0,1071.0
p05,2020-03-04,12980.0,9.451300000000002,4393.64,261.0,93,79,1007,57.45971870422363,172,433.0,,,,1437.0,360.0,1077.0
p05,2020-03-05,2620.0,1.8843,3977.3,206.0,125,32,1002,62.288082122802734,157,363.0,,,,1430.0,359.0,1071.0
p05,2020-03-06,3420.0,2.4893,2927.89,147.0,10,5,749,68.72824573516846,15,162.0,,,,1392.0,357.0,1035.0
p05,2020-03-07,9152.0,6.6305000000000005,3278.48,164.0,79,23,787,70.60227394104004,102,266.0,,45.233333333333334,,1242.0,353.0,889.0
p05,2020-03-08,8854.0,6.449300000000001,3442.77,282.0,21,17,753,69.26507663726807,38,320.0,,16.216666666666665,,1433.0,360.0,1073.0
p05,2020-03-09,9613.0,6.647,3359.19,248.0,39,19,533,67.00703525543213,58,306.0,,,,1422.0,360.0,1062.0
p05,2020-03-10,6039.0,4.399100000000001,3149.88,168.0,41,14,674,68.10938930511475,55,223.0,,,,1434.0,358.0,1076.0
p05,2020-03-11,6436.0,4.6881,3219.64,228.0,16,18,786,67.82508182525635,34,262.0,,,,1404.0,357.0,1047.0
p05,2020-03-12,11886.0,8.5923,3406.64,272.0,20,30,728,66.65039348602295,50,322.0,,34.15,,1430.0,355.0,1075.0
p05,2020-03-13,11685.0,8.5068,3359.94,193.0,62,32,731,67.82037830352783,94,287.0,,39.25,,1423.0,360.0,1063.0
p05,2020-03-14,6954.0,4.9535,3405.57,199.0,65,19,802,68.1828384399414,84,283.0,,,,1276.0,351.0,925.0
p05,2020-03-15,8842.0,6.382700000000001,3317.2200000000003,198.0,45,22,786,70.03718948364258,67,265.0,,,,1438.0,360.0,1078.0
p05,2020-03-16,11481.0,8.3329,3393.2200000000003,214.0,39,28,746,68.72815799713135,67,281.0,,67.41666666666667,,1428.0,358.0,1070.0
p05,2020-03-17,14018.0,10.219000000000001,3522.92,191.0,44,63,699,69.10796165466309,107,298.0,,85.33333333333333,,1434.0,358.0,1076.0
p05,2020-03-18,16775.0,12.230300000000002,3665.71,240.0,67,63,675,69.1693000793457,130,370.0,,117.76666666666667,,1423.0,357.0,1066.0
p05,2020-03-19,7887.0,5.731400000000001,3018.96,266.0,6,6,765,69.06055068969727,12,278.0,,,,1430.0,355.0,1075.0
p05,2020-03-20,8825.0,6.368200000000001,3134.23,267.0,14,7,714,68.82567310333252,21,288.0,,,,1427.0,354.0,1073.0
p05,2020-03-21,8003.0,5.7978000000000005,2942.29,183.0,49,13,805,69.48323631286621,62,245.0,,35.0,,1112.0,360.0,752.0
p05,2020-03-22,14280.0,10.4108,3430.16,221.0,36,50,710,68.78576374053955,86,307.0,,82.76666666666667,,1439.0,359.0,1080.0
p05,2020-03-23,8133.0,5.9252,3028.71,241.0,11,14,712,68.55151653289795,25,266.0,,23.883333333333333,,1432.0,357.0,1075.0
p05,2020-03-24,6293.0,4.583200000000001,3001.23,206.0,22,8,797,67.5820369720459,30,236.0,,20.483333333333334,,1429.0,359.0,1070.0
p05,2020-03-25,4948.0,3.6034,2913.48,180.0,7,4,779,68.09060859680176,11,191.0,,,,1430.0,360.0,1070.0
p05,2020-03-26,8396.0,6.1084000000000005,3084.41,188.0,38,21,806,68.34617805480957,59,247.0,,19.633333333333333,19.633333333333333,1438.0,360.0,1078.0
p05,2020-03-27,7652.0,5.5742,3121.12,236.0,23,8,702,68.48697757720947,31,267.0,,,,1337.0,358.0,979.0
p05,2020-03-28,11424.0,8.3024,3493.4700000000003,232.0,40,47,713,67.54122543334961,87,319.0,,44.38333333333334,,1434.0,360.0,1074.0
p05,2020-03-29,9037.0,6.586600000000001,3033.69,171.0,29,31,885,66.99927043914795,60,231.0,,53.75,,1432.0,358.0,1074.0
p05,2020-03-30,5516.0,4.018000000000001,2843.79,194.0,8,5,708,64.64263343811035,13,207.0,,,,1431.0,358.0,1073.0
p05,2020-03-31,466.0,0.3395,1997.14,16.0,0,0,1046,66.35321998596191,0,16.0,,,,325.0,325.0,0.0
p06,2019-11-01,411.0,0.3045,1911.24,18.0,0,0,1422,,0,18.0,,,,258.0,0.0,258.0
p06,2019-11-02,21036.0,16.798000000000002,3958.01,245.0,27,94,544,47.23106288909912,121,366.0,320.0,78.4,40.0,1386.0,341.0,1045.0
p06,2019-11-03,5840.0,4.3285,2889.51,204.0,24,29,820,49.921600341796875,53,257.0,,17.066666666666666,,1400.0,347.0,1053.0
p06,2019-11-04,16483.0,14.210500000000001,3953.53,319.0,26,61,605,50.76784896850586,87,406.0,240.0,60.55,60.55,1342.0,357.0,985.0
p06,2019-11-05,22329.0,18.235200000000003,5016.25,280.0,89,146,502,50.70145034790039,235,515.0,240.0,62.449999999999996,62.449999999999996,1392.0,344.0,1048.0
p06,2019-11-06,13092.0,9.705400000000001,3698.86,381.0,59,37,498,49.689300537109375,96,477.0,,44.38333333333334,44.38333333333334,1409.0,351.0,1058.0
p06,2019-11-07,17737.0,13.153,4159.57,434.0,82,39,468,48.1356897354126,121,555.0,,41.833333333333336,41.833333333333336,1414.0,354.0,1060.0
p06,2019-11-08,18728.0,13.866000000000001,4382.46,429.0,64,83,456,49.119004249572754,147,576.0,,43.53333333333333,43.53333333333333,1400.0,353.0,1047.0
p06,2019-11-09,6732.0,4.8501,2745.14,249.0,0,0,720,48.751461029052734,0,249.0,,,,1399.0,348.0,1051.0
p06,2019-11-10,6761.0,4.950500000000001,2760.74,265.0,0,0,943,49.140607833862305,0,265.0,,,,1353.0,353.0,1000.0
p06,2019-11-11,13981.0,11.705300000000001,3510.7599999999998,289.0,1,50,508,48.44235897064209,51,340.0,180.0,29.983333333333334,29.983333333333334,1395.0,331.0,1064.0
p06,2019-11-12,17504.0,14.249,3716.62,312.0,19,54,603,49.366766929626465,73,385.0,150.0,32.233333333333334,32.233333333333334,1422.0,359.0,1063.0
p06,2019-11-13,15675.0,12.6203,3757.89,282.0,23,62,580,49.37032604217529,85,367.0,210.0,35.28333333333333,35.28333333333333,1408.0,351.0,1057.0
p06,2019-11-14,19704.0,16.358800000000002,3768.05,292.0,25,71,613,48.758840560913086,96,388.0,200.0,50.36666666666667,50.36666666666667,1403.0,351.0,1052.0
p06,2019-11-15,10308.0,7.6115,3179.77,334.0,7,4,656,48.40552234649658,11,345.0,,,,1414.0,355.0,1059.0
p06,2019-11-16,20966.0,17.1583,3824.98,230.0,32,78,669,48.43335723876953,110,340.0,250.0,46.03333333333333,46.03333333333333,1417.0,349.0,1068.0
p06,2019-11-17,11738.0,9.672500000000001,3337.01,232.0,8,50,514,47.73354721069336,58,290.0,240.0,35.81666666666667,35.81666666666667,1289.0,359.0,930.0
p06,2019-11-18,17916.0,14.7483,3884.51,316.0,15,72,567,47.80309867858887,87,403.0,120.0,60.85,45.483333333333334,1424.0,355.0,1069.0
p06,2019-11-19,9460.0,6.9659,2889.4,296.0,0,0,634,47.421058654785156,0,296.0,,,,1404.0,351.0,1053.0
p06,2019-11-20,16304.0,13.746200000000002,3853.1,287.0,49,51,635,49.95540523529053,100,387.0,240.0,40.05,40.05,1409.0,353.0,1056.0
p06,2019-11-21,8133.0,5.94,2817.73,231.0,24,3,706,49.05532264709473,27,258.0,,,,1402.0,342.0,1060.0
p06,2019-11-22,7391.0,5.409800000000001,2586.83,189.0,7,2,762,49.120118141174316,9,198.0,,,,1409.0,349.0,1060.0
p06,2019-11-23,6690.0,4.7856000000000005,2831.28,263.0,0,0,985,47.8447847366333,0,263.0,,,,1385.0,346.0,1039.0
p06,2019-11-24,14428.0,11.694400000000002,3390.58,138.0,18,83,634,48.90261650085449,101,239.0,150.0,80.58333333333334,30.233333333333334,1270.0,344.0,926.0
p06,2019-11-25,9446.0,6.9194,3304.03,312.0,27,35,899,50.71913146972656,62,374.0,,40.95,40.95,1371.0,340.0,1031.0
p06,2019-11-26,14819.0,10.9884,3531.48,493.0,0,0,655,51.827260971069336,0,493.0,,,,1377.0,342.0,1035.0
p06,2019-11-27,11558.0,8.5606,3325.56,382.0,24,6,736,51.0802583694458,30,412.0,,,,1397.0,352.0,1045.0
p06,2019-11-28,14498.0,10.7504,3870.88,383.0,52,40,483,49.935075759887695,92,475.0,,44.38333333333333,44.38333333333333,1398.0,342.0,1056.0
p06,2019-11-29,18461.0,13.7209,4222.12,389.0,47,71,653,49.34235763549805,118,507.0,,,,1392.0,349.0,1043.0
p06,2019-11-30,12564.0,9.695500000000001,3396.25,286.0,0,28,644,49.17588520050049,28,314.0,180.0,15.016666666666667,15.016666666666667,1357.0,352.0,1005.0
p06,2019-12-01,10273.0,8.2637,3471.37,256.0,15,50,637,48.77186584472656,65,321.0,270.0,23.316666666666666,23.316666666666666,1397.0,348.0,1049.0
p06,2019-12-02,16083.0,12.069400000000002,3745.61,418.0,16,28,617,49.75484848022461,44,462.0,,,,1353.0,355.0,998.0
p06,2019-12-03,17480.0,12.8496,3834.29,324.0,53,72,619,49.296552658081055,125,449.0,,,,1283.0,341.0,942.0
p06,2019-12-04,15580.0,12.201400000000001,3571.48,303.0,12,59,702,47.86725616455078,71,374.0,150.0,30.033333333333335,30.033333333333335,1385.0,357.0,1028.0
p06,2019-12-05,16724.0,12.1722,3871.16,342.0,50,64,565,49.63007926940918,114,456.0,,,,1419.0,359.0,1060.0
p06,2019-12-06,15567.0,11.589400000000001,3808.6,313.0,67,58,583,48.60337257385254,125,438.0,,,,1383.0,347.0,1036.0
p06,2019-12-07,5831.0,4.3216,2710.9,233.0,7,6,678,48.88244342803955,13,246.0,,,,1406.0,353.0,1053.0
p06,2019-12-08,11579.0,10.117500000000001,3328.77,231.0,1,46,749,49.228132247924805,47,278.0,200.0,,,1321.0,360.0,961.0
p06,2019-12-09,22656.0,18.582800000000002,4329.87,447.0,13,57,566,49.52094745635986,70,517.0,160.0,39.31666666666667,39.31666666666667,1440.0,360.0,1080.0
p06,2019-12-10,19470.0,14.544400000000001,4251.08,347.0,98,65,541,50.279911041259766,163,510.0,,,,1422.0,353.0,1069.0
p06,2019-12-11,18762.0,13.997900000000001,3967.72,423.0,54,32,565,50.82588863372803,86,509.0,,,,1430.0,360.0,1070.0
p06,2019-12-12,18545.0,13.855100000000002,4108.95,325.0,99,67,543,50.99330234527588,166,491.0,,,,1422.0,359.0,1063.0
p06,2019-12-13,20325.0,15.0599,4225.77,378.0,72,69,535,49.672696113586426,141,519.0,,,,1425.0,355.0,1070.0
p06,2019-12-14,10382.0,7.693600000000001,3339.07,396.0,14,18,611,52.13210582733154,32,428.0,,20.1,,1342.0,360.0,982.0
p06,2019-12-15,4724.0,3.4789000000000003,2747.91,257.0,0,0,796,54.44973850250244,0,257.0,,,,1436.0,360.0,1076.0
p06,2019-12-16,19651.0,14.545900000000001,4161.68,319.0,102,76,419,53.23853015899658,178,497.0,,,,1437.0,360.0,1077.0
p06,2019-12-17,20030.0,14.7811,4299.5,263.0,114,103,564,52.24363708496094,217,480.0,,20.483333333333334,,1431.0,358.0,1073.0
p06,2019-12-18,17962.0,13.300600000000001,4101.69,292.0,101,76,574,50.94245624542236,177,469.0,,,,1432.0,360.0,1072.0
p06,2019-12-19,19380.0,14.498000000000001,3956.69,467.0,47,17,535,50.841278076171875,64,531.0,,,,1412.0,358.0,1054.0
p06,2019-12-20,23042.0,17.0793,4889.46,280.0,120,169,488,51.65349578857422,289,569.0,,,,1425.0,358.0,1067.0
p06,2019-12-21,5683.0,4.210800000000001,2696.49,244.0,7,4,668,51.269646644592285,11,255.0,,,,1378.0,359.0,1019.0
p06,2019-12-22,13713.0,10.658900000000001,3357.83,265.0,12,49,636,50.926085472106934,61,326.0,90.0,46.233333333333334,30.016666666666666,1428.0,360.0,1068.0
p06,2019-12-23,15738.0,11.691,3686.86,273.0,62,63,569,50.63756561279297,125,398.0,,15.35,,1425.0,357.0,1068.0
p06,2019-12-24,10771.0,8.303600000000001,3128.44,253.0,8,44,691,51.457186698913574,52,305.0,200.0,39.46666666666667,39.46666666666667,1411.0,358.0,1053.0
p06,2019-12-25,4737.0,3.5057000000000005,2735.71,290.0,0,0,732,51.39150047302246,0,290.0,,,,1431.0,360.0,1071.0
p06,2019-12-26,2414.0,1.7872000000000001,2309.5,147.0,0,0,741,51.851226806640625,0,147.0,,,,1283.0,355.0,928.0
p06,2019-12-27,13570.0,10.0213,3459.42,332.0,63,17,659,52.095614433288574,80,412.0,,,,1435.0,359.0,1076.0
p06,2019-12-28,3778.0,2.8004000000000002,2395.5,137.0,5,5,681,51.33995819091797,10,147.0,,,,1437.0,360.0,1077.0
p06,2019-12-29,8291.0,6.440300000000001,2868.8,195.0,7,37,720,51.402976989746094,44,239.0,90.0,30.016666666666666,30.016666666666666,1436.0,359.0,1077.0
p06,2019-12-30,12068.0,8.947500000000002,3461.63,349.0,23,30,664,51.905221939086914,53,402.0,,19.616666666666667,19.616666666666667,1434.0,360.0,1074.0
p06,2019-12-31,8574.0,6.3555,2986.92,302.0,16,8,781,51.82264804840088,24,326.0,,,,1434.0,358.0,1076.0
p06,2020-01-01,3786.0,2.8032000000000004,2529.19,225.0,0,0,811,52.549004554748535,0,225.0,,,,1368.0,360.0,1008.0
p06,2020-01-02,16366.0,11.929900000000002,3837.64,359.0,27,60,628,52.59895038604736,87,446.0,120.0,52.45,52.45,1434.0,360.0,1074.0
p06,2020-01-03,21206.0,17.1658,4198.01,337.0,40,89,500,54.564680099487305,129,466.0,280.0,60.18333333333334,60.18333333333334,1435.0,360.0,1075.0
p06,2020-01-04,5505.0,4.0774,2665.7,261.0,0,0,808,54.468058586120605,0,261.0,,,,1367.0,359.0,1008.0
p06,2020-01-05,9205.0,7.924600000000001,2978.67,218.0,12,31,755,54.164082527160645,43,261.0,90.0,30.066666666666666,30.066666666666666,1433.0,360.0,1073.0
p06,2020-01-06,16698.0,13.7634,3780.98,364.0,23,52,608,53.11808490753174,75,439.0,280.0,58.483333333333334,58.483333333333334,1428.0,360.0,1068.0
p06,2020-01-07,22046.0,17.6138,4421.56,353.0,71,87,597,52.52852535247803,158,511.0,240.0,77.98333333333333,77.98333333333333,1432.0,358.0,1074.0
p06,2020-01-08,11875.0,8.804300000000001,3487.43,349.0,36,33,664,51.80301761627197,69,418.0,,42.666666666666664,42.666666666666664,1429.0,358.0,1071.0
p06,2020-01-09,12677.0,9.321200000000001,3429.94,394.0,27,9,607,50.959733963012695,36,430.0,,42.650000000000006,42.650000000000006,1375.0,360.0,1015.0
p06,2020-01-10,14740.0,10.767900000000001,3955.75,303.0,111,57,596,51.058281898498535,168,471.0,,43.53333333333333,43.53333333333333,1428.0,357.0,1071.0
p06,2020-01-11,6356.0,4.690300000000001,2701.88,269.0,4,5,645,49.84084606170654,9,278.0,,,,1434.0,360.0,1074.0
p06,2020-01-12,8220.0,6.0985000000000005,3117.02,293.0,32,17,627,49.71419620513916,49,342.0,,,,1433.0,360.0,1073.0
p06,2020-01-13,11225.0,8.3223,3449.89,350.0,29,21,640,50.2042350769043,50,400.0,,49.483333333333334,49.483333333333334,1431.0,356.0,1075.0
p06,2020-01-14,23909.0,18.3762,4371.08,299.0,107,95,560,51.467082023620605,202,501.0,60.0,57.61666666666666,20.066666666666666,1294.0,358.0,936.0
p06,2020-01-15,17218.0,12.954300000000002,4134.11,378.0,63,61,589,50.3661584854126,124,502.0,120.0,75.28333333333333,75.28333333333333,1436.0,358.0,1078.0
p06,2020-01-16,13471.0,9.8872,3625.11,410.0,38,22,583,51.05311393737793,60,470.0,,46.93333333333334,46.93333333333334,1440.0,360.0,1080.0
p06,2020-01-17,15080.0,11.1828,3960.94,362.0,90,42,548,51.06617546081543,132,494.0,,43.53333333333333,43.53333333333333,1429.0,358.0,1071.0
p06,2020-01-18,10668.0,7.857200000000001,3082.67,271.0,17,21,641,51.401366233825684,38,309.0,,17.933333333333334,,1437.0,360.0,1077.0
p06,2020-01-19,12767.0,10.3818,3326.2599999999998,254.0,26,58,662,52.90318012237549,84,338.0,120.0,52.21666666666667,30.033333333333335,1351.0,359.0,992.0
p06,2020-01-20,12969.0,9.6156,3563.48,397.0,22,37,586,52.887855529785156,59,456.0,,47.78333333333333,47.78333333333333,1436.0,360.0,1076.0
p06,2020-01-21,19587.0,14.723200000000002,4179.63,349.0,83,79,492,52.02400493621826,162,511.0,,93.88333333333334,42.66666666666667,1437.0,359.0,1078.0
p06,2020-01-22,12449.0,9.2292,3524.5099999999998,430.0,20,10,598,51.81532573699951,30,460.0,,40.1,40.1,1431.0,360.0,1071.0
p06,2020-01-23,16912.0,12.5401,3800.14,481.0,34,24,474,51.334089279174805,58,539.0,,42.65,42.65,1432.0,360.0,1072.0
p06,2020-01-24,11778.0,8.733400000000001,3464.52,308.0,60,22,586,51.151474952697754,82,390.0,,,,1435.0,360.0,1075.0
p06,2020-01-25,12526.0,9.8162,3320.32,242.0,15,54,661,51.557016372680664,69,311.0,80.0,44.9,20.15,1293.0,358.0,935.0
p06,2020-01-26,7724.0,5.6612,2819.75,236.0,13,33,744,52.953707695007324,46,282.0,,34.96666666666667,,1436.0,360.0,1076.0
p06,2020-01-27,18901.0,14.639500000000002,4116.05,434.0,35,44,520,52.11040019989014,79,513.0,120.0,60.083333333333336,60.083333333333336,1430.0,358.0,1072.0
p06,2020-01-28,13924.0,10.439400000000001,3374.4,267.0,51,20,721,52.468698501586914,71,338.0,,2.4833333333333334,2.4833333333333334,1438.0,358.0,1080.0
p06,2020-01-29,15027.0,11.109900000000001,3720.03,442.0,41,16,570,52.393954277038574,57,499.0,,40.95,40.95,1367.0,360.0,1007.0
p06,2020-01-30,19324.0,14.559700000000001,4403.4,298.0,103,97,505,51.15793704986572,200,498.0,,75.01666666666667,52.81666666666667,1433.0,359.0,1074.0
p06,2020-01-31,20418.0,15.8457,4315.38,411.0,37,64,520,50.623393058776855,101,512.0,240.0,69.85,69.85,1438.0,358.0,1080.0
p06,2020-02-01,6750.0,5.0034,2754.67,220.0,12,15,738,51.89691352844238,27,247.0,,,,1427.0,360.0,1067.0
p06,2020-02-02,10674.0,7.804900000000001,3245.2599999999998,279.0,18,52,562,50.25901794433594,70,349.0,,56.333333333333336,,1434.0,360.0,1074.0
p06,2020-02-03,14075.0,10.510200000000001,3796.99,389.0,21,50,612,50.18923568725586,71,460.0,,49.166666666666664,49.166666666666664,1435.0,360.0,1075.0
p06,2020-02-04,15168.0,11.2498,3927.71,304.0,86,62,596,49.589598655700684,148,452.0,,46.083333333333336,46.083333333333336,1250.0,360.0,890.0
p06,2020-02-05,17656.0,13.2918,4048.6,331.0,72,66,623,48.51404571533203,138,469.0,,9.15,9.15,1439.0,360.0,1079.0
p06,2020-02-06,23201.0,17.2997,4745.64,441.0,69,92,380,48.25457000732422,161,602.0,120.0,72.78333333333333,72.78333333333333,1433.0,360.0,1073.0
p06,2020-02-07,11461.0,8.496500000000001,3647.95,284.0,58,57,647,48.71599006652832,115,399.0,,45.233333333333334,45.233333333333334,1434.0,360.0,1074.0
p06,2020-02-08,6688.0,4.9112,2835.48,315.0,0,0,609,48.557228088378906,0,315.0,,,,1437.0,359.0,1078.0
p06,2020-02-09,11882.0,9.0416,3404.87,313.0,7,40,598,50.34501647949219,47,360.0,90.0,29.85,29.85,1353.0,359.0,994.0
p06,2020-02-10,14296.0,10.601400000000002,3862.67,379.0,37,50,599,49.9366569519043,87,466.0,,41.81666666666666,41.81666666666666,1431.0,358.0,1073.0
p06,2020-02-11,23778.0,18.8185,4742.99,382.0,68,94,529,50.14171123504639,162,544.0,140.0,64.58333333333334,46.66666666666667,1436.0,359.0,1077.0
p06,2020-02-12,13367.0,9.911800000000001,3539.1,421.0,21,10,591,49.82376956939697,31,452.0,,,,1432.0,359.0,1073.0
p06,2020-02-13,16553.0,12.201400000000001,3775.17,458.0,28,24,558,49.08243656158447,52,510.0,,30.716666666666665,,1440.0,360.0,1080.0
p06,2020-02-14,15395.0,11.4166,3742.39,401.0,55,25,502,49.50936031341553,80,481.0,,,,1433.0,356.0,1077.0
p06,2020-02-15,6220.0,4.6084000000000005,2795.14,278.0,0,0,735,51.63751697540283,0,278.0,,,,1434.0,358.0,1076.0
p06,2020-02-16,9840.0,7.292800000000001,3234.99,373.0,11,15,515,50.71963405609131,26,399.0,,,,1385.0,360.0,1025.0
p06,2020-02-17,16697.0,13.502300000000002,3871.09,327.0,19,62,693,49.91107749938965,81,408.0,280.0,61.516666666666666,61.516666666666666,1435.0,360.0,1075.0
p06,2020-02-18,18417.0,13.659400000000002,4147.56,415.0,62,48,473,49.4947566986084,110,525.0,,40.95,40.95,1432.0,358.0,1074.0
p06,2020-02-19,11235.0,8.2979,3479.68,297.0,26,36,644,48.871076583862305,62,359.0,,40.95,40.95,1438.0,360.0,1078.0
p06,2020-02-20,14733.0,10.926400000000001,3839.52,369.0,33,52,611,48.66890335083008,85,454.0,,63.150000000000006,43.53333333333333,1372.0,358.0,1014.0
p06,2020-02-21,21907.0,17.1797,4652.37,324.0,101,95,513,48.73244094848633,196,520.0,150.0,47.733333333333334,47.733333333333334,1429.0,360.0,1069.0
p06,2020-02-22,11523.0,8.5439,3252.81,323.0,29,27,585,49.77181053161621,56,379.0,,17.066666666666666,,1439.0,360.0,1079.0
p06,2020-02-23,10247.0,7.600300000000001,3200.06,353.0,11,21,654,50.31017303466797,32,385.0,,22.183333333333334,,1436.0,359.0,1077.0
p06,2020-02-24,18858.0,15.268300000000002,3972.25,377.0,22,60,566,49.8616828918457,82,459.0,180.0,47.650000000000006,47.650000000000006,1436.0,360.0,1076.0
p06,2020-02-25,13538.0,9.974900000000002,3784.91,268.0,72,63,555,50.24992752075195,135,403.0,,39.266666666666666,39.266666666666666,1357.0,357.0,1000.0
p06,2020-02-26,17659.0,14.547900000000002,4051.88,359.0,21,67,524,50.602813720703125,88,447.0,200.0,58.21666666666667,58.21666666666667,1435.0,360.0,1075.0
p06,2020-02-27,20871.0,16.966900000000003,4042.95,441.0,31,48,521,50.336167335510254,79,520.0,240.0,58.416666666666664,58.416666666666664,1435.0,358.0,1077.0
p06,2020-02-28,14736.0,10.9237,3695.54,497.0,31,9,543,48.975348472595215,40,537.0,,,,1434.0,359.0,1075.0
p06,2020-02-29,8254.0,6.120500000000001,3000.67,192.0,48,38,675,49.75969696044922,86,278.0,,49.5,,1435.0,359.0,1076.0
p06,2020-03-01,6465.0,4.7903,2773.29,286.0,0,0,617,50.55837059020996,0,286.0,,,,1423.0,358.0,1065.0
p06,2020-03-02,13185.0,9.7758,3638.08,360.0,40,42,529,51.03332328796387,82,442.0,,47.78333333333333,47.78333333333333,1434.0,358.0,1076.0
p06,2020-03-03,14399.0,10.6758,3624.75,403.0,31,28,563,51.361618995666504,59,462.0,,41.8,41.8,1165.0,360.0,805.0
p06,2020-03-04,26124.0,20.1448,4538.49,468.0,24,67,881,,91,559.0,210.0,31.783333333333335,31.783333333333335,1117.0,44.0,1073.0
p06,2020-03-05,13892.0,10.313500000000001,3415.89,288.0,34,31,713,52.314687728881836,65,353.0,,,,1433.0,360.0,1073.0
p06,2020-03-06,17486.0,13.145000000000001,3794.88,386.0,49,42,512,52.80194664001465,91,477.0,,,,1436.0,360.0,1076.0
p06,2020-03-07,9065.0,6.716900000000001,3127.32,385.0,0,0,626,53.85465049743652,0,385.0,,,,1422.0,358.0,1064.0
p06,2020-03-08,4867.0,3.6036,2667.36,267.0,0,0,661,55.366597175598145,0,267.0,,,,1436.0,360.0,1076.0
p06,2020-03-09,24194.0,18.8897,4291.88,431.0,14,86,451,56.08207893371582,100,531.0,80.0,56.516666666666666,27.5,1438.0,358.0,1080.0
p06,2020-03-10,16479.0,12.0873,3667.87,459.0,18,16,537,55.00669002532959,34,493.0,,,,1409.0,332.0,1077.0
p06,2020-03-11,18553.0,15.1239,4112.02,363.0,38,70,602,54.40668964385986,108,471.0,210.0,28.283333333333335,28.283333333333335,1432.0,360.0,1072.0
p06,2020-03-12,15869.0,11.894100000000002,3650.61,398.0,30,20,599,53.96468162536621,50,448.0,,,,1356.0,355.0,1001.0
p06,2020-03-13,19075.0,14.1887,4152.19,458.0,61,41,478,53.72850799560547,102,560.0,,16.2,,1438.0,360.0,1078.0
p06,2020-03-14,6819.0,5.0966000000000005,2852.41,181.0,15,20,809,55.67240333557129,35,216.0,,5.7,5.7,1435.0,360.0,1075.0
p06,2020-03-15,2782.0,2.0589000000000004,2386.18,182.0,0,0,662,53.47207164764404,0,182.0,,,,1425.0,359.0,1066.0
p06,2020-03-16,17433.0,12.892900000000001,3673.46,408.0,47,17,562,52.39241886138916,64,472.0,,,,1428.0,359.0,1069.0
p06,2020-03-17,14218.0,10.542900000000001,3555.63,393.0,43,7,595,51.198198318481445,50,443.0,,,,1437.0,360.0,1077.0
p06,2020-03-18,15606.0,12.580300000000001,3989.35,313.0,70,49,562,50.977885246276855,119,432.0,180.0,27.05,27.05,1288.0,360.0,928.0
p06,2020-03-19,15483.0,11.4512,3662.73,456.0,22,4,668,52.40081214904785,26,482.0,,,,1435.0,357.0,1078.0
p06,2020-03-20,13851.0,10.2705,3545.5,416.0,26,11,590,51.8991584777832,37,453.0,,,,1432.0,358.0,1074.0
p06,2020-03-21,16478.0,13.421700000000001,4019.88,349.0,36,71,623,51.151302337646484,107,456.0,180.0,51.11666666666667,24.666666666666668,1431.0,358.0,1073.0
p06,2020-03-22,9512.0,7.022,3175.14,425.0,0,0,515,50.13024711608887,0,425.0,,,,1432.0,354.0,1078.0
p06,2020-03-23,19509.0,14.467,4383.8,504.0,70,43,470,48.82879447937012,113,617.0,,,,1433.0,354.0,1079.0
p06,2020-03-24,12330.0,9.1439,3284.74,351.0,8,7,670,49.297964096069336,15,366.0,,,,1358.0,360.0,998.0
p06,2020-03-25,13209.0,9.794300000000002,3579.08,403.0,23,16,613,48.4007682800293,39,442.0,,,,1435.0,359.0,1076.0
p06,2020-03-26,21661.0,17.5626,4412.46,436.0,63,56,467,48.939913749694824,119,555.0,240.0,27.716666666666665,27.716666666666665,1436.0,360.0,1076.0
p06,2020-03-27,10031.0,7.4374,3079.61,315.0,16,16,701,48.35475826263428,32,347.0,,,,1436.0,360.0,1076.0
p06,2020-03-28,8162.0,6.0506,3001.54,284.0,8,18,645,47.94961452484131,26,310.0,,32.416666666666664,,1435.0,360.0,1075.0
p06,2020-03-29,4358.0,3.2267,2577.57,243.0,0,0,795,47.71632957458496,0,243.0,,,,1434.0,357.0,1077.0
p06,2020-03-30,18820.0,15.610800000000001,4090.09,392.0,31,53,535,47.23299980163574,84,476.0,240.0,26.183333333333334,26.183333333333334,1357.0,359.0,998.0
p06,2020-03-31,14243.0,10.558900000000001,3601.38,475.0,16,14,579,48.15876388549805,30,505.0,,,,1319.0,359.0,960.0
p07,2019-11-05,,,1655.9999999999998,0.0,0,0,1440,,0,0.0,,,,0.0,0.0,0.0
p07,2019-11-06,9370.0,6.811000000000001,2538.77,82.0,23,65,1270,,88,170.0,120.0,81.71666666666667,39.03333333333333,469.0,0.0,469.0
p07,2019-11-07,19979.0,14.5545,3420.22,226.0,21,105,563,55.6679162979126,126,352.0,350.0,105.7,76.68333333333334,1316.0,354.0,962.0
p07,2019-11-08,9614.0,7.054900000000001,2638.93,224.0,9,29,660,53.80065727233887,38,262.0,,20.483333333333334,,1230.0,354.0,876.0
p07,2019-11-09,28445.0,20.1098,5465.84,243.0,16,324,383,53.646626472473145,340,583.0,1320.0,293.23333333333335,293.23333333333335,1245.0,350.0,895.0
p07,2019-11-10,6203.0,4.549600000000001,2304.2,189.0,5,6,1240,53.78922080993652,11,200.0,,,,877.0,0.0,877.0
p07,2019-11-11,17453.0,15.905600000000002,3266.91,154.0,45,98,637,52.61652183532715,143,297.0,480.0,77.51666666666667,57.9,1355.0,359.0,996.0
p07,2019-11-12,7921.0,5.8116,2414.42,194.0,19,4,709,52.861595153808594,23,217.0,,,,1345.0,352.0,993.0
p07,2019-11-13,19280.0,18.195800000000002,3288.83,234.0,13,75,600,52.38880634307861,88,322.0,240.0,57.166666666666664,57.166666666666664,1333.0,358.0,975.0
p07,2019-11-14,15531.0,13.775200000000002,3133.85,180.0,8,80,661,53.208542823791504,88,268.0,350.0,77.71666666666667,50.15,1270.0,360.0,910.0
p07,2019-11-15,19813.0,16.1283,3397.49,287.0,29,54,508,54.55295467376709,83,370.0,210.0,32.6,32.6,1180.0,355.0,825.0
p07,2019-11-16,14579.0,9.924700000000001,3731.37,259.0,41,139,513,55.30376148223877,180,439.0,480.0,135.25,135.25,1340.0,356.0,984.0
p07,2019-11-17,21765.0,22.340200000000003,3424.65,171.0,9,112,744,57.483527183532715,121,292.0,400.0,102.05,102.05,1386.0,352.0,1034.0
p07,2019-11-18,10932.0,7.854800000000001,2730.43,140.0,27,69,709,56.892160415649414,96,236.0,200.0,50.11666666666667,50.11666666666667,1391.0,358.0,1033.0
p07,2019-11-19,14873.0,13.1567,3028.48,210.0,12,59,596,55.85757827758789,71,281.0,160.0,19.733333333333334,19.733333333333334,1420.0,359.0,1061.0
p07,2019-11-20,19472.0,17.979300000000002,3257.85,157.0,35,93,644,55.4412956237793,128,285.0,240.0,90.16666666666667,67.98333333333333,1403.0,358.0,1045.0
p07,2019-11-21,18312.0,15.484100000000002,3305.27,218.0,21,94,517,55.4818172454834,115,333.0,350.0,86.96666666666667,51.983333333333334,1363.0,355.0,1008.0
p07,2019-11-22,9074.0,6.656600000000001,2518.58,237.0,13,9,830,57.73783493041992,22,259.0,,,,1331.0,310.0,1021.0
p07,2019-11-23,11397.0,9.284,2872.94,242.0,14,30,623,56.93072032928467,44,286.0,180.0,42.266666666666666,42.266666666666666,1389.0,352.0,1037.0
p07,2019-11-24,19537.0,19.747600000000002,3272.5499999999997,216.0,1,86,855,59.16588020324707,87,303.0,270.0,85.08333333333333,85.08333333333333,1411.0,359.0,1052.0
p07,2019-11-25,13398.0,12.6126,2863.2999999999997,201.0,7,49,537,56.551207542419434,56,257.0,150.0,46.5,46.5,1309.0,358.0,951.0
p07,2019-11-26,16422.0,13.9135,3227.27,255.0,21,63,538,56.55622673034668,84,339.0,240.0,70.98333333333333,55.61666666666667,1273.0,359.0,914.0
p07,2019-11-27,15625.0,14.496,2959.75,221.0,4,56,648,56.20097827911377,60,281.0,240.0,60.55,60.55,1376.0,355.0,1021.0
p07,2019-11-28,13232.0,11.4045,3008.89,211.0,16,66,685,56.591370582580566,82,293.0,350.0,50.2,50.2,1361.0,355.0,1006.0
p07,2019-11-29,9231.0,6.770900000000001,2707.59,298.0,5,6,665,57.38034152984619,11,309.0,,,,1292.0,336.0,956.0
p07,2019-11-30,15790.0,11.325700000000001,3268.0899999999997,239.0,28,90,694,58.72146987915039,118,357.0,300.0,76.05,60.68333333333333,1382.0,346.0,1036.0
p07,2019-12-01,31707.0,29.850900000000003,3945.25,184.0,28,171,545,57.634098052978516,199,383.0,550.0,174.83333333333334,153.5,1391.0,357.0,1034.0
p07,2019-12-02,30035.0,25.508300000000002,4045.23,322.0,49,149,344,55.630921363830566,198,520.0,240.0,106.5,106.5,1380.0,355.0,1025.0
p07,2019-12-03,16270.0,14.062500000000002,3195.41,264.0,24,58,582,55.07942008972168,82,346.0,400.0,37.5,37.5,1305.0,360.0,945.0
p07,2019-12-04,17440.0,16.0444,3113.74,206.0,18,64,591,55.09125518798828,82,288.0,150.0,51.46666666666667,51.46666666666667,1405.0,357.0,1048.0
p07,2019-12-05,21781.0,19.543200000000002,3497.96,340.0,10,74,538,56.52183532714844,84,424.0,180.0,56.166666666666664,56.166666666666664,1417.0,360.0,1057.0
p07,2019-12-06,22630.0,20.6199,3833.2599999999998,329.0,17,91,455,56.57923221588135,108,437.0,480.0,68.1,68.1,1354.0,344.0,1010.0
p07,2019-12-07,18632.0,17.764000000000003,3389.91,367.0,3,57,622,58.38473415374756,60,427.0,180.0,88.55,88.55,1418.0,354.0,1064.0
p07,2019-12-08,30416.0,30.194000000000003,3989.74,203.0,13,153,706,60.543731689453125,166,369.0,900.0,144.5,144.5,1426.0,358.0,1068.0
p07,2019-12-09,17470.0,12.602900000000002,3277.35,207.0,29,112,506,58.6755256652832,141,348.0,180.0,141.18333333333334,86.56666666666666,1357.0,360.0,997.0
p07,2019-12-10,18436.0,16.653200000000002,3378.2799999999997,242.0,43,88,610,57.86398696899414,131,373.0,300.0,50.333333333333336,50.333333333333336,1430.0,360.0,1070.0
p07,2019-12-11,15245.0,15.302500000000002,2854.0499999999997,206.0,2,56,635,57.11247253417969,58,264.0,180.0,57.583333333333336,57.583333333333336,1413.0,360.0,1053.0
p07,2019-12-12,29998.0,24.8396,4458.11,407.0,52,138,356,55.694236755371094,190,597.0,630.0,118.19999999999999,118.19999999999999,1411.0,357.0,1054.0
p07,2019-12-13,21029.0,14.202200000000001,3817.9,357.0,30,101,448,56.37915229797363,131,488.0,570.0,174.01666666666665,174.01666666666665,1430.0,358.0,1072.0
p07,2019-12-14,18222.0,17.1122,3140.6,224.0,14,77,571,55.82217311859131,91,315.0,240.0,61.3,61.3,1386.0,360.0,1026.0
p07,2019-12-15,20183.0,17.904,3657.0699999999997,196.0,29,118,582,55.46092224121094,147,343.0,610.0,112.31666666666666,112.31666666666666,1377.0,360.0,1017.0
p07,2019-12-16,23522.0,21.663600000000002,3648.5699999999997,363.0,14,80,491,57.200096130371094,94,457.0,240.0,61.416666666666664,61.416666666666664,1429.0,360.0,1069.0
p07,2019-12-17,28754.0,23.1445,4240.14,480.0,21,86,326,57.19074821472168,107,587.0,280.0,90.28333333333333,33.96666666666667,1396.0,359.0,1037.0
p07,2019-12-18,20818.0,19.136000000000003,3290.86,267.0,15,75,584,56.76277828216553,90,357.0,180.0,86.23333333333333,57.21666666666667,1425.0,356.0,1069.0
p07,2019-12-19,23077.0,20.642300000000002,3831.58,358.0,30,98,486,57.21604919433594,128,486.0,400.0,56.78333333333333,56.78333333333333,1409.0,360.0,1049.0
p07,2019-12-20,19588.0,17.567300000000003,3298.2599999999998,276.0,23,57,729,58.88996410369873,80,356.0,250.0,43.4,43.4,1261.0,360.0,901.0
p07,2019-12-21,16151.0,14.349200000000002,3177.67,284.0,29,55,582,58.00957489013672,84,368.0,400.0,47.46666666666667,47.46666666666667,1419.0,359.0,1060.0
p07,2019-12-22,7406.0,5.4297,2419.7,271.0,0,0,675,57.118669509887695,0,271.0,,,,1420.0,360.0,1060.0
p07,2019-12-23,12491.0,8.014100000000001,3051.89,296.0,36,40,554,57.14425277709961,76,372.0,360.0,154.03333333333333,154.03333333333333,1422.0,360.0,1062.0
p07,2019-12-24,17564.0,16.505100000000002,3288.38,284.0,0,72,552,56.7537145614624,72,356.0,,65.26666666666667,65.26666666666667,1418.0,359.0,1059.0
p07,2019-12-25,10460.0,6.546100000000001,2861.08,248.0,36,29,716,58.23028373718262,65,313.0,,146.48333333333332,,1316.0,360.0,956.0
p07,2019-12-26,15184.0,10.447600000000001,3360.72,257.0,49,82,549,58.06095027923584,131,388.0,,216.46666666666667,216.46666666666667,1295.0,359.0,936.0
p07,2019-12-27,18456.0,17.223200000000002,3272.88,275.0,14,73,516,59.66966915130615,87,362.0,180.0,87.66666666666667,51.833333333333336,1416.0,360.0,1056.0
p07,2019-12-28,14550.0,14.0928,3092.93,226.0,11,64,652,59.65057849884033,75,301.0,420.0,47.0,47.0,1422.0,360.0,1062.0
p07,2019-12-29,8846.0,7.519900000000001,2420.0299999999997,214.0,2,14,712,59.47086238861084,16,230.0,,22.2,22.2,1422.0,356.0,1066.0
p07,2019-12-30,20974.0,18.985000000000003,3573.0699999999997,287.0,27,79,482,56.98141670227051,106,393.0,180.0,67.9,67.9,1423.0,360.0,1063.0
p07,2019-12-31,15055.0,13.957500000000001,3432.09,348.0,15,61,548,58.35550498962402,76,424.0,480.0,48.31666666666667,48.31666666666667,1406.0,358.0,1048.0
p07,2020-01-01,14003.0,13.307100000000002,3056.71,276.0,9,47,717,60.780311584472656,56,332.0,160.0,41.766666666666666,41.766666666666666,1376.0,360.0,1016.0
p07,2020-01-02,15983.0,14.786200000000001,3097.69,278.0,15,59,526,59.83023452758789,74,352.0,150.0,42.56666666666667,42.56666666666667,1329.0,360.0,969.0
p07,2020-01-03,4838.0,3.5457,2295.2999999999997,212.0,0,0,638,59.886794090270996,0,212.0,,,,1420.0,358.0,1062.0
p07,2020-01-04,22969.0,22.080800000000004,3519.7999999999997,204.0,39,93,560,59.91717338562012,132,336.0,,566.7666666666667,546.2833333333333,1023.0,359.0,664.0
p07,2020-01-05,2658.0,1.9459000000000002,2036.84,146.0,0,0,1043,62.2788724899292,0,146.0,,,,1060.0,0.0,1060.0
p07,2020-01-06,4380.0,3.212,2106.23,151.0,0,0,772,60.760918617248535,0,151.0,,,,1408.0,359.0,1049.0
p07,2020-01-07,4684.0,3.4179000000000004,2222.56,139.0,14,8,604,59.84506607055664,22,161.0,,,,1414.0,358.0,1056.0
p07,2020-01-08,12645.0,11.107700000000001,2834.85,223.0,17,36,574,59.65305042266846,53,276.0,150.0,22.35,22.35,1289.0,359.0,930.0
p07,2020-01-09,12193.0,10.999400000000001,2737.4,220.0,17,36,545,59.03867149353027,53,273.0,120.0,26.983333333333334,26.983333333333334,1396.0,356.0,1040.0
p07,2020-01-10,9793.0,7.165500000000001,2813.67,317.0,0,0,613,58.19147300720215,0,317.0,,,,1292.0,358.0,934.0
p07,2020-01-11,12598.0,9.243,3139.67,272.0,52,37,610,59.72539806365967,89,361.0,,15.366666666666667,15.366666666666667,1395.0,358.0,1037.0
p07,2020-01-12,11096.0,8.139800000000001,2847.7599999999998,330.0,3,11,600,60.04243564605713,14,344.0,,,,1399.0,358.0,1041.0
p07,2020-01-13,14040.0,10.303,3334.41,254.0,36,86,349,60.1619873046875,122,376.0,450.0,82.76666666666667,82.76666666666667,1412.0,359.0,1053.0
p07,2020-01-14,16414.0,15.028900000000002,3112.5,270.0,18,50,597,61.36836624145508,68,338.0,150.0,40.31666666666667,40.31666666666667,1416.0,360.0,1056.0
p07,2020-01-15,13188.0,9.6782,3166.3199999999997,260.0,29,60,580,61.558725357055664,89,349.0,360.0,116.05,116.05,1198.0,359.0,839.0
p07,2020-01-16,17111.0,15.570200000000002,3266.2599999999998,207.0,18,84,1131,61.507187843322754,102,309.0,480.0,72.11666666666666,51.65,1002.0,0.0,1002.0
p07,2020-01-17,16374.0,15.914700000000002,2910.45,228.0,2,55,608,62.934518814086914,57,285.0,180.0,59.583333333333336,59.583333333333336,1431.0,360.0,1071.0
p07,2020-01-18,19165.0,17.810100000000002,3379.84,260.0,25,82,582,61.63257694244385,107,367.0,400.0,60.36666666666667,45.0,1418.0,359.0,1059.0
p07,2020-01-19,11050.0,8.092,2921.2999999999997,348.0,2,8,735,63.22004508972168,10,358.0,,,,1420.0,360.0,1060.0
p07,2020-01-20,18419.0,16.3779,3408.87,268.0,39,71,396,61.03094482421875,110,378.0,540.0,36.53333333333333,36.53333333333333,1420.0,360.0,1060.0
p07,2020-01-21,20977.0,19.4235,3345.18,251.0,21,80,599,58.8745756149292,101,352.0,180.0,62.13333333333333,62.13333333333333,1357.0,360.0,997.0
p07,2020-01-22,18415.0,16.2952,3334.44,215.0,49,83,599,58.80087089538574,132,347.0,500.0,54.96666666666667,39.61666666666667,1420.0,360.0,1060.0
p07,2020-01-23,23137.0,19.0473,3884.18,304.0,82,92,458,58.05955982208252,174,478.0,990.0,143.21666666666667,127.0,1428.0,358.0,1070.0
p07,2020-01-24,12725.0,9.499300000000002,3174.81,270.0,49,55,545,58.836435317993164,104,374.0,,70.85,53.766666666666666,1390.0,359.0,1031.0
p07,2020-01-25,17460.0,13.899500000000002,3383.68,279.0,37,80,572,58.883687019348145,117,396.0,450.0,148.85000000000002,148.85000000000002,1406.0,359.0,1047.0
p07,2020-01-26,12824.0,9.4093,3044.69,263.0,51,45,497,58.99528980255127,96,359.0,900.0,106.66666666666667,106.66666666666667,1390.0,356.0,1034.0
p07,2020-01-27,19564.0,18.392400000000002,3377.39,297.0,16,77,590,58.07536029815674,93,390.0,300.0,55.833333333333336,55.833333333333336,1287.0,359.0,928.0
p07,2020-01-28,20089.0,19.0547,3433.81,290.0,27,73,559,57.59058094024658,100,390.0,180.0,64.03333333333333,64.03333333333333,1421.0,356.0,1065.0
p07,2020-01-29,20035.0,18.197000000000003,3395.84,217.0,38,85,596,57.80033493041992,123,340.0,540.0,45.35,45.35,1433.0,358.0,1075.0
p07,2020-01-30,18376.0,16.8886,3212.35,284.0,9,65,673,58.22132968902588,74,358.0,200.0,46.516666666666666,46.516666666666666,1407.0,355.0,1052.0
p07,2020-01-31,18378.0,17.604000000000003,3233.96,243.0,23,73,603,57.62302017211914,96,339.0,,109.8,109.8,1422.0,356.0,1066.0
p07,2020-02-01,19582.0,19.311400000000003,3416.36,250.0,18,82,509,57.44515132904053,100,350.0,360.0,78.98333333333333,62.766666666666666,1422.0,359.0,1063.0
p07,2020-02-02,15201.0,14.1902,3040.96,266.0,26,55,645,59.62560749053955,81,347.0,160.0,45.03333333333333,45.03333333333333,1391.0,360.0,1031.0
p07,2020-02-03,11216.0,9.622100000000001,2976.97,236.0,28,45,611,57.84424018859863,73,309.0,240.0,23.4,23.4,1235.0,359.0,876.0
p07,2020-02-04,20606.0,19.6553,3508.37,257.0,21,75,556,57.87099838256836,96,353.0,420.0,59.833333333333336,59.833333333333336,1419.0,358.0,1061.0
p07,2020-02-05,14532.0,13.0966,3183.2999999999997,269.0,13,51,598,58.66803169250488,64,333.0,400.0,24.25,24.25,1438.0,360.0,1078.0
p07,2020-02-06,14395.0,10.5607,3543.18,297.0,65,66,571,58.6647367477417,131,428.0,1260.0,15.366666666666667,15.366666666666667,1434.0,359.0,1075.0
p07,2020-02-07,22472.0,20.744500000000002,3614.47,277.0,36,86,503,59.2246675491333,122,399.0,180.0,83.85,83.85,1435.0,360.0,1075.0
p07,2020-02-08,21255.0,19.951900000000002,3626.13,263.0,32,85,617,59.70772647857666,117,380.0,360.0,62.18333333333333,62.18333333333333,1429.0,359.0,1070.0
p07,2020-02-09,14359.0,9.073,3561.41,278.0,73,87,500,59.49345684051514,160,438.0,720.0,354.6666666666667,354.6666666666667,1435.0,360.0,1075.0
p07,2020-02-10,19868.0,19.0392,3391.5099999999998,273.0,9,69,600,59.07296943664551,78,351.0,180.0,62.416666666666664,62.416666666666664,1363.0,356.0,1007.0
p07,2020-02-11,18162.0,16.384400000000003,3541.87,287.0,14,79,550,58.23183822631836,93,380.0,360.0,43.983333333333334,43.983333333333334,1434.0,356.0,1078.0
p07,2020-02-12,20221.0,19.0604,3263.37,246.0,11,69,615,58.62939262390137,80,326.0,180.0,59.0,59.0,1432.0,359.0,1073.0
p07,2020-02-13,18706.0,16.448800000000002,3591.12,248.0,27,106,547,57.515225410461426,133,381.0,330.0,120.4,120.4,1429.0,355.0,1074.0
p07,2020-02-14,15511.0,13.6682,3225.23,236.0,28,53,529,57.46395397186279,81,317.0,,34.5,34.5,1432.0,360.0,1072.0
p07,2020-02-15,16321.0,10.0206,3702.5699999999997,338.0,43,75,552,58.10739517211914,118,456.0,540.0,174.6,174.6,1435.0,358.0,1077.0
p07,2020-02-16,13991.0,9.197000000000001,3375.87,302.0,24,62,844,60.45293998718262,86,388.0,180.0,82.96666666666667,82.96666666666667,1437.0,360.0,1077.0
p07,2020-02-17,16192.0,15.529800000000002,3126.68,197.0,19,64,622,57.762420654296875,83,280.0,250.0,48.25,48.25,1040.0,322.0,718.0
p07,2020-02-18,17894.0,17.209100000000003,3296.11,207.0,33,72,576,56.39400291442871,105,312.0,240.0,56.266666666666666,56.266666666666666,1422.0,353.0,1069.0
p07,2020-02-19,16755.0,12.2963,3461.25,270.0,56,85,507,55.75871181488037,141,411.0,,131.41666666666666,131.41666666666666,1437.0,359.0,1078.0
p07,2020-02-20,14690.0,14.378800000000002,2889.96,130.0,21,70,707,55.90914821624756,91,221.0,420.0,73.14999999999999,56.93333333333333,788.0,357.0,431.0
p07,2020-02-21,14177.0,10.6234,2983.91,108.0,41,92,1199,,133,241.0,,66.63333333333334,66.63333333333334,729.0,0.0,729.0
p07,2020-02-22,17658.0,16.4162,3457.8199999999997,295.0,10,75,516,55.87343978881836,85,380.0,540.0,42.8,42.8,1431.0,360.0,1071.0
p07,2020-02-23,17626.0,17.3042,3245.0499999999997,255.0,22,78,661,56.27193546295166,100,355.0,180.0,76.28333333333333,60.06666666666667,1439.0,360.0,1079.0
p07,2020-02-24,18708.0,17.4283,3394.3199999999997,258.0,28,75,518,55.99148082733154,103,361.0,150.0,50.5,50.5,1436.0,358.0,1078.0
p07,2020-02-25,20387.0,18.2465,3754.27,281.0,48,98,506,56.501498222351074,146,427.0,480.0,44.6,44.6,1436.0,360.0,1076.0
p07,2020-02-26,18638.0,17.935100000000002,3170.11,226.0,16,72,623,57.20426368713379,88,314.0,300.0,67.23333333333333,67.23333333333333,1431.0,360.0,1071.0
p07,2020-02-27,18541.0,16.7939,3571.13,243.0,42,87,413,57.22768497467041,129,372.0,480.0,42.68333333333333,42.68333333333333,1432.0,359.0,1073.0
p07,2020-02-28,19354.0,18.4825,3179.08,198.0,21,91,604,59.13088893890381,112,310.0,180.0,83.13333333333334,66.91666666666667,1351.0,355.0,996.0
p07,2020-02-29,18500.0,13.5667,3916.7799999999997,360.0,52,104,366,58.06852340698242,156,516.0,450.0,72.65,72.65,1440.0,360.0,1080.0
p07,2020-03-01,11447.0,8.4018,2886.38,181.0,67,41,960,60.02617359161377,108,289.0,,73.38333333333334,,1433.0,358.0,1075.0
p07,2020-03-02,7956.0,5.8341,2587.63,299.0,0,0,465,57.91425895690918,0,299.0,,,,1435.0,360.0,1075.0
p07,2020-03-03,11655.0,8.5264,3013.22,294.0,28,40,561,56.34825611114502,68,362.0,,17.066666666666666,,1434.0,357.0,1077.0
p07,2020-03-04,12329.0,8.3155,3300.66,229.0,59,64,586,56.29103755950928,123,352.0,600.0,110.0,110.0,1435.0,360.0,1075.0
p07,2020-03-05,15459.0,11.9106,3248.46,308.0,43,46,569,57.7854585647583,89,397.0,,31.366666666666667,31.366666666666667,1437.0,359.0,1078.0
p07,2020-03-06,7428.0,5.4465,2565.59,287.0,7,5,716,58.546531677246094,12,299.0,,,,1433.0,360.0,1073.0
p07,2020-03-07,9694.0,7.1093,2676.75,275.0,11,19,708,57.916686058044434,30,305.0,,25.6,,1333.0,360.0,973.0
p07,2020-03-08,14301.0,9.4756,3706.19,290.0,71,80,743,59.97154521942139,151,441.0,,274.95,274.95,1436.0,359.0,1077.0
p07,2020-03-09,9040.0,6.633500000000001,2595.5299999999997,227.0,9,6,585,60.03900718688965,15,242.0,,,,1435.0,360.0,1075.0
p07,2020-03-10,8661.0,6.354400000000001,2603.08,218.0,17,13,622,59.19132900238037,30,248.0,,,,1435.0,360.0,1075.0
p07,2020-03-11,19547.0,18.302400000000002,3392.12,256.0,32,76,539,58.853607177734375,108,364.0,300.0,57.416666666666664,57.416666666666664,1438.0,359.0,1079.0
p07,2020-03-12,17177.0,16.2346,3053.44,238.0,14,67,556,58.66343593597412,81,319.0,200.0,50.63333333333333,50.63333333333333,1433.0,360.0,1073.0
p07,2020-03-13,13408.0,9.8298,3058.43,274.0,3,49,745,57.58255863189697,52,326.0,,52.9,52.9,1436.0,360.0,1076.0
p07,2020-03-14,13755.0,13.1286,3007.1,242.0,12,49,607,59.69022464752197,61,303.0,350.0,52.31666666666667,52.31666666666667,1359.0,360.0,999.0
p07,2020-03-15,5353.0,3.9232000000000005,2502.19,262.0,0,0,735,59.801777839660645,0,262.0,,,,1440.0,360.0,1080.0
p07,2020-03-16,12271.0,12.6667,2996.43,183.0,5,60,641,58.86740684509277,65,248.0,300.0,61.3,61.3,1431.0,357.0,1074.0
p07,2020-03-17,15290.0,16.334400000000002,3104.95,126.0,7,79,714,60.33128356933594,86,212.0,300.0,76.11666666666666,76.11666666666666,1434.0,360.0,1074.0
p07,2020-03-18,14934.0,15.245500000000002,2999.38,173.0,5,69,622,62.55669975280762,74,247.0,360.0,65.51666666666667,65.51666666666667,1428.0,357.0,1071.0
p07,2020-03-19,10190.0,7.4762,3013.36,257.0,31,53,592,62.81834697723389,84,341.0,,64.0,64.0,1432.0,357.0,1075.0
p07,2020-03-20,12551.0,12.4624,2917.11,152.0,3,63,710,60.94653034210205,66,218.0,,41.31666666666667,41.31666666666667,1256.0,360.0,896.0
p07,2020-03-21,21638.0,20.6887,3758.04,367.0,14,79,442,58.47750473022461,93,460.0,350.0,70.41666666666667,70.41666666666667,1431.0,358.0,1073.0
p07,2020-03-22,7912.0,5.8002,2650.13,329.0,0,0,676,56.849209785461426,0,329.0,,,,1437.0,360.0,1077.0
p07,2020-03-23,12148.0,12.515600000000001,3148.85,190.0,3,72,611,56.433156967163086,75,265.0,630.0,70.43333333333334,70.43333333333334,1433.0,360.0,1073.0
p07,2020-03-24,18611.0,17.930400000000002,3507.1,225.0,21,94,549,58.59474754333496,115,340.0,,234.96666666666667,234.96666666666667,1437.0,358.0,1079.0
p07,2020-03-25,3931.0,2.8822,2631.38,261.0,7,2,627,59.771084785461426,9,270.0,,,,1433.0,358.0,1075.0
p07,2020-03-26,17300.0,16.1919,3409.42,273.0,43,74,563,58.417633056640625,117,390.0,180.0,56.15,56.15,1429.0,359.0,1070.0
p07,2020-03-27,20674.0,15.164800000000001,3890.21,575.0,73,15,350,58.13850975036621,88,663.0,,,,1429.0,358.0,1071.0
p07,2020-03-28,11656.0,8.5112,3202.15,465.0,4,9,467,57.808390617370605,13,478.0,,,,1433.0,355.0,1078.0
p07,2020-03-29,1720.0,1.2602000000000002,2097.2999999999997,115.0,0,0,1325,,0,115.0,350.0,,,1102.0,360.0,742.0
p07,2020-03-30,8806.0,6.4221,2888.7999999999997,296.0,42,15,496,55.178128242492676,57,353.0,,26.45,,1428.0,360.0,1068.0
p07,2020-03-31,13805.0,14.4525,2616.9,170.0,2,67,387,55.45779037475586,69,239.0,,,,998.0,357.0,641.0
p08,2019-11-10,,,1900.8000000000002,0.0,0,0,1440,,0,0.0,,,,0.0,0.0,0.0
p08,2019-11-11,14174.0,10.9023,3401.21,159.0,9,81,1191,52.19999980926514,90,249.0,300.0,85.3,63.96666666666667,834.0,0.0,834.0
p08,2019-11-12,24821.0,18.7423,4860.61,209.0,21,159,566,51.96185874938965,180,389.0,800.0,126.01666666666667,106.4,1383.0,358.0,1025.0
p08,2019-11-13,11012.0,8.419400000000001,3259.4900000000002,269.0,10,30,647,53.035888671875,40,309.0,,27.316666666666666,,1391.0,357.0,1034.0
p08,2019-11-14,19199.0,14.5972,4171.72,199.0,44,96,635,51.67808818817139,140,339.0,360.0,83.76666666666667,63.3,1352.0,354.0,998.0
p08,2019-11-15,13145.0,9.846200000000001,3766.4900000000002,184.0,44,99,613,53.46873664855957,143,327.0,360.0,139.73333333333332,95.35,1339.0,356.0,983.0
p08,2019-11-16,15805.0,11.8534,3656.02,130.0,33,111,546,54.42625331878662,144,274.0,300.0,54.63333333333333,0.016666666666666666,1371.0,360.0,1011.0
p08,2019-11-17,20656.0,15.516000000000002,3935.94,201.0,7,106,573,53.57524871826172,113,314.0,200.0,104.15,104.15,1415.0,359.0,1056.0
p08,2019-11-18,17151.0,13.066300000000002,3900.7400000000002,213.0,32,78,614,52.600412368774414,110,323.0,200.0,50.5,50.5,1408.0,360.0,1048.0
p08,2019-11-19,17937.0,13.627300000000002,3836.96,238.0,28,84,601,53.90031147003174,112,350.0,80.0,74.08333333333333,51.88333333333333,1403.0,358.0,1045.0
p08,2019-11-20,19813.0,15.797500000000001,4094.23,194.0,51,116,590,55.417375564575195,167,361.0,,92.4,67.65,1399.0,358.0,1041.0
p08,2019-11-21,16706.0,13.5127,3879.29,281.0,6,59,599,56.59887886047363,65,346.0,350.0,57.516666666666666,57.516666666666666,1296.0,358.0,938.0
p08,2019-11-22,11921.0,8.7645,3503.12,178.0,40,85,645,55.581910133361816,125,303.0,360.0,104.88333333333333,75.88333333333333,1403.0,352.0,1051.0
p08,2019-11-23,23972.0,19.087600000000002,5434.61,193.0,151,226,226,55.574981689453125,377,570.0,350.0,107.5,80.18333333333334,1406.0,360.0,1046.0
p08,2019-11-24,20468.0,17.226000000000003,4983.7300000000005,268.0,108,131,567,59.49808692932129,239,507.0,480.0,79.36666666666666,79.36666666666666,1353.0,346.0,1007.0
p08,2019-11-25,19289.0,15.932400000000001,3895.38,240.0,51,74,578,57.87420463562012,125,365.0,300.0,81.66666666666667,59.483333333333334,1418.0,358.0,1060.0
p08,2019-11-26,17322.0,13.652800000000001,3930.27,217.0,39,80,618,55.233521461486816,119,336.0,540.0,70.91666666666667,70.91666666666667,1381.0,360.0,1021.0
p08,2019-11-27,19828.0,15.5995,3990.81,194.0,21,125,588,55.30907917022705,146,340.0,540.0,48.58333333333333,16.15,1381.0,360.0,1021.0
p08,2019-11-28,22844.0,17.718300000000003,4541.47,230.0,60,135,516,54.82094860076904,195,425.0,320.0,141.26666666666665,76.43333333333334,1239.0,345.0,894.0
p08,2019-11-29,14600.0,10.9496,3609.48,258.0,27,57,648,54.27934741973877,84,342.0,250.0,93.30000000000001,43.81666666666667,1422.0,357.0,1065.0
p08,2019-11-30,20736.0,16.860100000000003,4462.96,240.0,49,129,471,56.54877758026123,178,418.0,420.0,135.66666666666666,83.60000000000001,1416.0,342.0,1074.0
p08,2019-12-01,29456.0,26.980500000000003,4716.93,253.0,19,163,496,56.5160493850708,182,435.0,770.0,170.55,123.61666666666666,1423.0,360.0,1063.0
p08,2019-12-02,24322.0,20.386100000000003,4513.33,325.0,24,113,495,54.32148456573486,137,462.0,300.0,122.23333333333333,68.48333333333333,1362.0,360.0,1002.0
p08,2019-12-03,18682.0,15.1842,4000.82,223.0,26,105,581,54.956220626831055,131,354.0,400.0,99.98333333333333,52.18333333333333,1378.0,360.0,1018.0
p08,2019-12-04,20827.0,16.8735,4025.92,176.0,25,122,641,54.90780448913574,147,323.0,240.0,104.68333333333334,76.51666666666667,1230.0,360.0,870.0
p08,2019-12-05,11971.0,9.661100000000001,3499.95,179.0,25,69,653,55.2605504989624,94,273.0,160.0,46.63333333333334,21.033333333333335,1305.0,360.0,945.0
p08,2019-12-06,12445.0,9.276900000000001,3543.02,197.0,36,84,614,54.069899559020996,120,317.0,240.0,107.13333333333333,64.46666666666667,1396.0,360.0,1036.0
p08,2019-12-07,16678.0,12.7689,4394.25,276.0,75,110,567,52.712158203125,185,461.0,,70.83333333333334,70.83333333333334,1401.0,358.0,1043.0
p08,2019-12-08,28359.0,29.695600000000002,4871.08,185.0,22,169,486,53.03565311431885,191,376.0,840.0,140.93333333333334,140.93333333333334,1408.0,359.0,1049.0
p08,2019-12-09,17406.0,13.959700000000002,4121.93,240.0,62,95,544,54.17961883544922,157,397.0,,25.6,25.6,1428.0,360.0,1068.0
p08,2019-12-10,17234.0,14.4105,4026.41,243.0,16,82,704,56.633535385131836,98,341.0,420.0,74.23333333333333,74.23333333333333,1427.0,360.0,1067.0
p08,2019-12-11,18289.0,14.003300000000001,4066.12,201.0,27,108,508,56.22352600097656,135,336.0,240.0,125.4,125.4,1422.0,357.0,1065.0
p08,2019-12-12,22473.0,18.830000000000002,4460.67,282.0,20,106,546,56.42619609832764,126,408.0,560.0,39.55,39.55,1423.0,357.0,1066.0
p08,2019-12-13,1636.0,1.2608000000000001,2097.4500000000003,49.0,0,0,910,55.12805366516113,0,49.0,350.0,,,553.0,360.0,193.0
p08,2019-12-14,,,1900.8000000000002,0.0,0,0,1440,,0,0.0,,,,0.0,0.0,0.0
p08,2019-12-15,,,1900.8000000000002,0.0,0,0,1440,,0,0.0,700.0,,,0.0,0.0,0.0
p08,2019-12-16,,,1900.8000000000002,0.0,0,0,1440,,0,0.0,480.0,,,0.0,0.0,0.0
p08,2019-12-17,12512.0,10.608,3311.37,112.0,30,67,1231,55.45276165008545,97,209.0,360.0,66.03333333333333,66.03333333333333,406.0,0.0,406.0
p08,2019-12-18,15660.0,13.622000000000002,3690.59,256.0,9,57,640,54.962510108947754,66,322.0,150.0,51.166666666666664,51.166666666666664,1374.0,360.0,1014.0
p08,2019-12-19,19479.0,15.005,5246.76,376.0,165,117,300,54.42197036743164,282,658.0,,139.1,123.75,1426.0,360.0,1066.0
p08,2019-12-20,11564.0,8.8826,3936.53,259.0,87,70,497,56.5414457321167,157,416.0,,16.216666666666665,,1356.0,358.0,998.0
p08,2019-12-21,33649.0,28.801700000000004,5601.83,276.0,85,234,354,53.67259120941162,319,595.0,420.0,177.01666666666665,153.96666666666667,1360.0,358.0,1002.0
p08,2019-12-22,16694.0,14.328600000000002,4090.13,276.0,44,77,443,55.64833641052246,121,397.0,160.0,60.483333333333334,44.266666666666666,1419.0,360.0,1059.0
p08,2019-12-23,22054.0,19.2498,4676.55,268.0,52,109,427,52.86355781555176,161,429.0,560.0,81.76666666666667,81.76666666666667,1399.0,359.0,1040.0
p08,2019-12-24,12261.0,9.430800000000001,4157.29,299.0,35,98,579,54.158735275268555,133,432.0,600.0,15.366666666666667,15.366666666666667,1398.0,360.0,1038.0
p08,2019-12-25,3477.0,2.6489000000000003,2405.6,142.0,0,0,696,55.25186061859131,0,142.0,,,,1035.0,360.0,675.0
p08,2019-12-26,10089.0,9.0456,3196.38,174.0,3,41,1222,55.59990119934082,44,218.0,,36.63333333333333,36.63333333333333,622.0,0.0,622.0
p08,2019-12-27,16800.0,16.7119,3672.2200000000003,219.0,16,76,503,54.69072246551514,92,311.0,250.0,68.43333333333334,51.36666666666667,1377.0,356.0,1021.0
p08,2019-12-28,10655.0,8.177000000000001,3546.7200000000003,341.0,33,16,564,54.56385612487793,49,390.0,,,,1409.0,359.0,1050.0
p08,2019-12-29,14090.0,13.0187,4231.84,227.0,52,96,474,56.7165470123291,148,375.0,490.0,65.13333333333334,65.13333333333334,1403.0,354.0,1049.0
p08,2019-12-30,13145.0,14.2512,3212.6,127.0,12,71,626,54.64861297607422,83,210.0,300.0,56.13333333333333,56.13333333333333,1352.0,359.0,993.0
p08,2019-12-31,11431.0,9.7011,3453.04,232.0,21,49,575,53.25741100311279,70,302.0,270.0,53.91666666666667,31.733333333333334,1380.0,359.0,1021.0
p08,2020-01-01,21961.0,19.032200000000003,4481.94,146.0,89,152,600,55.35700607299805,241,387.0,200.0,159.31666666666666,102.98333333333333,1423.0,358.0,1065.0
p08,2020-01-02,13047.0,12.460400000000002,3312.13,166.0,7,62,706,53.38622856140137,69,235.0,200.0,67.56666666666666,46.233333333333334,1207.0,357.0,850.0
p08,2020-01-03,9298.0,7.165000000000001,3040.34,241.0,18,11,1170,53.547109603881836,29,270.0,,18.766666666666666,,930.0,0.0,930.0
p08,2020-01-04,24885.0,24.0819,5063.53,227.0,42,136,497,51.232924461364746,178,405.0,810.0,90.1,90.1,1419.0,360.0,1059.0
p08,2020-01-05,13328.0,10.592200000000002,3362.58,196.0,12,79,669,52.217698097229004,91,287.0,300.0,83.51666666666667,83.51666666666667,1366.0,357.0,1009.0
p08,2020-01-06,13764.0,10.8618,3564.38,265.0,24,62,624,52.12335681915283,86,351.0,350.0,62.93333333333334,62.93333333333334,1410.0,360.0,1050.0
p08,2020-01-07,17754.0,17.470100000000002,3800.88,209.0,24,81,660,53.16226387023926,105,314.0,360.0,62.416666666666664,62.416666666666664,1425.0,360.0,1065.0
p08,2020-01-08,7713.0,5.5783000000000005,3427.67,202.0,23,74,651,53.27099800109863,97,299.0,540.0,88.8,88.8,1418.0,357.0,1061.0
p08,2020-01-09,13620.0,11.1721,3497.98,201.0,10,66,662,52.939626693725586,76,277.0,350.0,61.483333333333334,61.483333333333334,1263.0,359.0,904.0
p08,2020-01-10,24950.0,21.710500000000003,4630.14,225.0,25,147,511,53.731919288635254,172,397.0,240.0,126.44999999999999,126.44999999999999,1416.0,360.0,1056.0
p08,2020-01-11,5520.0,4.1080000000000005,3057.55,225.0,20,21,587,55.20027256011963,41,266.0,350.0,55.88333333333333,55.88333333333333,1416.0,357.0,1059.0
p08,2020-01-12,1561.0,1.2000000000000002,2506.53,112.0,0,0,983,57.09143257141113,0,112.0,,,,1401.0,353.0,1048.0
p08,2020-01-13,999.0,0.7679,2152.4900000000002,67.0,0,0,673,59.630255699157715,0,67.0,,,,1327.0,357.0,970.0
p08,2020-01-14,1792.0,1.3776000000000002,2291.04,132.0,0,0,791,57.290884017944336,0,132.0,,,,1371.0,359.0,1012.0
p08,2020-01-15,7088.0,5.4614,2774.4500000000003,206.0,3,6,570,57.703898429870605,9,215.0,,,,1389.0,359.0,1030.0
p08,2020-01-16,5668.0,4.3657,2598.71,194.0,0,0,695,55.73728847503662,0,194.0,,,,1385.0,359.0,1026.0
p08,2020-01-17,9761.0,7.513400000000001,3024.7,234.0,18,12,647,53.90245056152344,30,264.0,,,,1392.0,357.0,1035.0
p08,2020-01-18,9302.0,7.153600000000001,3056.68,148.0,1,63,532,51.02504348754883,64,212.0,420.0,63.15,63.15,1428.0,358.0,1070.0
p08,2020-01-19,10593.0,8.167200000000001,2933.53,147.0,15,59,611,49.079044342041016,74,221.0,,69.98333333333333,,1420.0,358.0,1062.0
p08,2020-01-20,5152.0,3.9687,2697.71,201.0,0,0,749,47.942996978759766,0,201.0,180.0,,,1014.0,358.0,656.0
p08,2020-01-21,17177.0,13.192900000000002,4216.77,257.0,37,93,553,48.864845275878906,130,387.0,280.0,181.41666666666669,181.41666666666669,1405.0,360.0,1045.0
p08,2020-01-22,6205.0,4.7776000000000005,3088.7200000000003,284.0,0,0,592,50.80616855621338,0,284.0,,,,1409.0,358.0,1051.0
p08,2020-01-23,18216.0,14.473600000000001,4123.16,278.0,30,105,534,50.3295316696167,135,413.0,240.0,55.766666666666666,12.25,1388.0,360.0,1028.0
p08,2020-01-24,7483.0,5.7658000000000005,3055.46,209.0,18,8,730,51.69199180603027,26,235.0,,,,1429.0,360.0,1069.0
p08,2020-01-25,10921.0,8.4162,3580.05,265.0,27,36,605,51.41039752960205,63,328.0,,,,1409.0,359.0,1050.0
p08,2020-01-26,39835.0,30.724100000000004,6490.67,275.0,55,336,350,53.87046718597412,391,666.0,1620.0,72.53333333333333,72.53333333333333,1420.0,358.0,1062.0
p08,2020-01-27,10823.0,8.3374,3534.35,277.0,55,27,649,55.474061012268066,82,359.0,,23.033333333333335,23.033333333333335,1350.0,360.0,990.0
p08,2020-01-28,20973.0,15.943800000000001,5705.09,315.0,189,155,372,56.32661819458008,344,659.0,,,,1408.0,353.0,1055.0
p08,2020-01-29,14226.0,10.841700000000001,4562.54,282.0,79,115,496,58.46599292755127,194,476.0,,92.18333333333334,92.18333333333334,1411.0,359.0,1052.0
p08,2020-01-30,8324.0,6.413900000000001,3087.1,248.0,17,11,834,58.93385601043701,28,276.0,,,,1345.0,354.0,991.0
p08,2020-01-31,14983.0,14.918000000000001,3462.9,215.0,5,64,620,56.446027755737305,69,284.0,360.0,58.65,58.65,1377.0,354.0,1023.0
p08,2020-02-01,16555.0,13.362100000000002,3745.51,157.0,20,113,581,56.546247482299805,133,290.0,540.0,86.1,86.1,1412.0,359.0,1053.0
p08,2020-02-02,16201.0,15.047400000000001,3740.01,203.0,20,82,500,57.155762672424316,102,305.0,200.0,73.71666666666667,73.71666666666667,1320.0,359.0,961.0
p08,2020-02-03,19830.0,17.262,4070.47,246.0,26,98,586,58.31147480010986,124,370.0,480.0,118.31666666666666,89.3,1408.0,359.0,1049.0
p08,2020-02-04,18381.0,14.871200000000002,3873.32,208.0,23,102,627,57.81823539733887,125,333.0,300.0,105.93333333333334,105.93333333333334,1407.0,359.0,1048.0
p08,2020-02-05,12670.0,9.753,3536.25,277.0,24,41,586,58.757845878601074,65,342.0,,21.333333333333332,21.333333333333332,1376.0,356.0,1020.0
p08,2020-02-06,18047.0,14.1622,3805.41,194.0,22,116,608,58.63391971588135,138,332.0,560.0,125.41666666666667,81.88333333333334,1385.0,359.0,1026.0
p08,2020-02-07,23542.0,20.6731,4376.74,266.0,16,142,489,59.065242767333984,158,424.0,,155.93333333333334,83.38333333333334,1397.0,358.0,1039.0
p08,2020-02-08,21989.0,17.6322,4294.7300000000005,199.0,55,140,440,59.24177646636963,195,394.0,,128.46666666666667,128.46666666666667,1312.0,360.0,952.0
p08,2020-02-09,33775.0,27.424200000000003,5253.37,181.0,45,240,446,59.005249977111816,285,466.0,1080.0,205.18333333333334,175.31666666666666,1413.0,359.0,1054.0
p08,2020-02-10,18113.0,15.298100000000002,3913.41,254.0,26,80,599,59.23155498504639,106,360.0,480.0,60.11666666666667,60.11666666666667,1390.0,357.0,1033.0
p08,2020-02-11,20973.0,17.044800000000002,4148.54,263.0,37,109,511,58.824584007263184,146,409.0,300.0,77.83333333333333,58.199999999999996,1385.0,359.0,1026.0
p08,2020-02-12,21001.0,19.599300000000003,4389.79,296.0,22,96,520,58.96860599517822,118,414.0,560.0,88.61666666666666,88.61666666666666,1406.0,359.0,1047.0
p08,2020-02-13,15761.0,15.166300000000001,3700.14,232.0,17,73,653,59.945539474487305,90,322.0,,42.15,42.15,1124.0,360.0,764.0
p08,2020-02-14,17383.0,13.377600000000001,4042.47,287.0,20,95,586,62.311007499694824,115,402.0,480.0,99.18333333333332,56.516666666666666,1425.0,360.0,1065.0
p08,2020-02-15,15634.0,15.898800000000001,3475.2200000000003,196.0,12,71,620,60.51766109466553,83,279.0,620.0,66.7,66.7,1297.0,357.0,940.0
p08,2020-02-16,18899.0,14.547600000000001,4121.22,280.0,11,119,490,57.752352714538574,130,410.0,720.0,127.9,127.9,1391.0,353.0,1038.0
p08,2020-02-17,21566.0,18.2576,4423.38,402.0,27,71,459,57.366990089416504,98,500.0,480.0,155.03333333333333,155.03333333333333,1415.0,358.0,1057.0
p08,2020-02-18,18045.0,16.3609,3729.7200000000003,194.0,25,97,614,59.2921724319458,122,316.0,350.0,86.86666666666667,86.86666666666667,1413.0,358.0,1055.0
p08,2020-02-19,10859.0,8.3362,3210.82,262.0,15,22,658,59.32621669769287,37,299.0,480.0,,,1397.0,357.0,1040.0
p08,2020-02-20,20914.0,17.893600000000003,4378.4800000000005,368.0,24,72,491,58.06359577178955,96,464.0,360.0,63.68333333333333,63.68333333333333,1410.0,360.0,1050.0
p08,2020-02-21,29910.0,25.470900000000004,5418.63,341.0,75,176,455,58.092905044555664,251,592.0,300.0,183.73333333333335,111.2,1395.0,352.0,1043.0
p08,2020-02-22,5226.0,3.9157,2677.79,173.0,2,12,769,60.166069984436035,14,187.0,540.0,,,1126.0,355.0,771.0
p08,2020-02-23,27158.0,22.6945,4646.59,136.0,35,220,457,58.651251792907715,255,391.0,840.0,245.55,162.76666666666665,1408.0,358.0,1050.0
p08,2020-02-24,20088.0,17.067700000000002,4351.21,328.0,47,86,482,57.329970359802246,133,461.0,540.0,56.833333333333336,56.833333333333336,1397.0,356.0,1041.0
p08,2020-02-25,25237.0,23.404200000000003,4448.92,182.0,43,155,547,56.97306156158447,198,380.0,480.0,169.31666666666666,126.65,1386.0,358.0,1028.0
p08,2020-02-26,18331.0,16.896800000000002,3813.3,216.0,17,87,794,56.306965827941895,104,320.0,,81.83333333333333,59.65,1369.0,356.0,1013.0
p08,2020-02-27,18461.0,15.341400000000002,4118.49,260.0,40,84,566,55.20082187652588,124,384.0,480.0,136.5,136.5,1390.0,358.0,1032.0
p08,2020-02-28,21571.0,19.605300000000003,4254.62,198.0,38,144,557,57.54812431335449,182,380.0,550.0,158.75,123.75,1396.0,359.0,1037.0
p08,2020-02-29,14835.0,11.445400000000001,3535.7200000000003,162.0,10,97,561,56.62907028198242,107,269.0,600.0,73.4,73.4,1302.0,358.0,944.0
p08,2020-03-01,13732.0,10.584800000000001,3669.77,168.0,48,96,522,56.166768074035645,144,312.0,,151.51666666666665,151.51666666666665,1414.0,360.0,1054.0
p08,2020-03-02,17074.0,13.730400000000001,3914.9900000000002,295.0,19,70,582,55.877495765686035,89,384.0,400.0,47.25,47.25,1411.0,360.0,1051.0
p08,2020-03-03,15442.0,12.697600000000001,3707.48,223.0,24,80,643,56.156195640563965,104,327.0,200.0,53.38333333333333,53.38333333333333,1366.0,360.0,1006.0
p08,2020-03-04,22005.0,19.4633,4234.49,309.0,17,95,516,56.24995040893555,112,421.0,250.0,69.58333333333333,69.58333333333333,1408.0,360.0,1048.0
p08,2020-03-05,16927.0,13.069,3936.96,283.0,27,92,508,55.39269828796387,119,402.0,200.0,77.78333333333333,55.583333333333336,1405.0,358.0,1047.0
p08,2020-03-06,19224.0,14.579600000000001,4018.69,324.0,24,90,515,54.466309547424316,114,438.0,160.0,56.9,32.15,1334.0,359.0,975.0
p08,2020-03-07,18189.0,14.035900000000002,4214.18,211.0,27,128,562,54.56159782409668,155,366.0,810.0,101.56666666666666,101.56666666666666,1413.0,359.0,1054.0
p08,2020-03-08,16914.0,14.5532,4818.0,212.0,38,186,519,54.20204830169678,224,436.0,240.0,304.53333333333336,304.53333333333336,1408.0,357.0,1051.0
p08,2020-03-09,19262.0,14.8771,4152.51,302.0,39,97,498,54.0070915222168,136,438.0,240.0,40.1,15.35,1405.0,358.0,1047.0
p08,2020-03-10,17394.0,13.210600000000001,3952.29,243.0,24,97,535,53.94707775115967,121,364.0,420.0,88.53333333333333,61.21666666666667,1350.0,355.0,995.0
p08,2020-03-11,12738.0,9.9002,3259.36,216.0,17,38,569,54.60307216644287,55,271.0,,22.2,,1412.0,358.0,1054.0
p08,2020-03-12,24172.0,21.332,4665.07,271.0,49,148,449,54.27541923522949,197,468.0,,88.26666666666667,47.3,1384.0,359.0,1025.0
p08,2020-03-13,11473.0,11.330300000000001,3270.94,160.0,3,58,649,55.9761438369751,61,221.0,480.0,62.31666666666667,62.31666666666667,998.0,360.0,638.0
p08,2020-03-14,10628.0,8.1864,3612.54,255.0,35,60,1090,56.25506401062012,95,350.0,,120.31666666666666,120.31666666666666,891.0,0.0,891.0
p08,2020-03-15,19890.0,18.843500000000002,3816.34,214.0,9,110,484,55.935903549194336,119,333.0,420.0,108.81666666666666,70.41666666666667,1375.0,358.0,1017.0
p08,2020-03-16,10972.0,9.9427,3297.93,224.0,5,47,672,54.823768615722656,52,276.0,400.0,52.78333333333333,52.78333333333333,1419.0,356.0,1063.0
p08,2020-03-17,19076.0,18.657700000000002,3715.25,217.0,4,90,645,55.116440773010254,94,311.0,720.0,88.16666666666667,88.16666666666667,1430.0,359.0,1071.0
p08,2020-03-18,12308.0,13.4013,3174.92,163.0,4,60,727,55.39051532745361,64,227.0,360.0,58.083333333333336,58.083333333333336,1373.0,357.0,1016.0
p08,2020-03-19,18096.0,18.9466,3493.7400000000002,132.0,6,97,673,54.5264892578125,103,235.0,810.0,94.45,94.45,1424.0,358.0,1066.0
p08,2020-03-20,12536.0,12.744100000000001,3136.88,120.0,1,63,719,54.68633556365967,64,184.0,180.0,62.45,62.45,1112.0,360.0,752.0
p08,2020-03-21,20021.0,19.0792,4130.31,185.0,36,135,1084,54.28160572052002,171,356.0,200.0,175.51666666666665,175.51666666666665,971.0,0.0,971.0
p08,2020-03-22,15709.0,17.378700000000002,3517.89,142.0,1,81,603,53.00582695007324,82,224.0,560.0,79.73333333333333,79.73333333333333,1430.0,360.0,1070.0
p08,2020-03-23,10083.0,6.8809000000000005,3675.09,202.0,26,86,618,51.59536170959473,112,314.0,360.0,41.81666666666667,,1433.0,360.0,1073.0
p08,2020-03-24,14324.0,14.3619,3637.56,167.0,2,81,726,50.97043514251709,83,250.0,560.0,98.98333333333333,98.98333333333333,1425.0,360.0,1065.0
p08,2020-03-25,12520.0,12.0007,4129.02,174.0,5,117,614,52.158769607543945,122,296.0,500.0,230.66666666666669,230.66666666666669,1423.0,360.0,1063.0
p08,2020-03-26,13005.0,15.026700000000002,3287.93,143.0,5,67,743,52.34293079376221,72,215.0,360.0,63.516666666666666,63.516666666666666,1437.0,360.0,1077.0
p08,2020-03-27,10948.0,11.1142,3768.88,100.0,21,120,700,52.86672782897949,141,241.0,180.0,112.69999999999999,112.69999999999999,1025.0,360.0,665.0
p08,2020-03-28,21355.0,23.044,4063.69,175.0,3,112,523,53.18588829040527,115,290.0,770.0,109.55,109.55,1425.0,356.0,1069.0
p08,2020-03-29,5111.0,2.7227,3905.43,127.0,15,121,600,53.0537223815918,136,263.0,720.0,106.76666666666667,106.76666666666667,1419.0,360.0,1059.0
p08,2020-03-30,22280.0,24.128700000000002,4205.92,179.0,7,125,668,52.849425315856934,132,311.0,960.0,118.05,118.05,1427.0,360.0,1067.0
p08,2020-03-31,7519.0,4.966600000000001,3595.07,169.0,15,95,665,53.56704139709473,110,279.0,,128.79999999999998,106.61666666666666,1425.0,360.0,1065.0
p09,2019-11-01,4014.0,3.0050000000000003,2427.62,121.0,0,0,931,60.983290672302246,0,121.0,,,,856.0,355.0,501.0
p09,2019-11-02,2775.0,2.0688,2199.21,68.0,0,0,1372,,0,68.0,,,,262.0,0.0,262.0
p09,2019-11-03,9663.0,7.163600000000001,3134.91,219.0,14,31,746,61.7593355178833,45,264.0,,87.66666666666667,,1234.0,353.0,881.0
p09,2019-11-04,6140.0,4.5762,2811.4300000000003,199.0,0,0,874,60.83667850494385,0,199.0,,,,911.0,326.0,585.0
p09,2019-11-05,5704.0,4.2174000000000005,2683.07,163.0,4,6,834,59.33289813995361,10,173.0,,,,1373.0,348.0,1025.0
p09,2019-11-06,6801.0,5.0837,2844.12,189.0,0,0,713,60.45666694641113,0,189.0,,,,1367.0,360.0,1007.0
p09,2019-11-07,6189.0,4.6126000000000005,2800.0,200.0,0,0,816,62.26205539703369,0,200.0,,,,1333.0,305.0,1028.0
p09,2019-11-08,2186.0,1.6270000000000002,2336.79,98.0,9,1,512,61.02389621734619,10,108.0,,,,1331.0,358.0,973.0
p09,2019-11-09,8016.0,5.975600000000001,3655.57,210.0,76,25,564,59.90891933441162,101,311.0,,,,1299.0,355.0,944.0
p09,2019-11-10,4746.0,3.5384,3057.84,111.0,28,47,1254,59.86197471618652,75,186.0,,,,872.0,70.0,802.0
p09,2019-11-11,319.0,0.2371,2010.95,20.0,0,0,652,60.867831230163574,0,20.0,,,,990.0,355.0,635.0
p09,2019-11-12,5992.0,4.4535,2957.1,202.0,5,4,924,60.04937267303467,9,211.0,,,,1381.0,327.0,1054.0
p09,2019-11-13,3210.0,2.3385000000000002,2323.23,41.0,6,22,785,59.612060546875,28,69.0,,16.216666666666665,,1302.0,352.0,950.0
p09,2019-11-14,5347.0,3.9685,2642.08,163.0,0,0,852,59.36635208129883,0,163.0,,,,1366.0,349.0,1017.0
p09,2019-11-15,12562.0,9.367,3438.18,261.0,9,40,591,58.71396064758301,49,310.0,,32.43333333333334,,1374.0,357.0,1017.0
p09,2019-11-16,5634.0,4.1638,3242.93,165.0,50,34,536,60.38491249084473,84,249.0,,,,1082.0,346.0,736.0
p09,2019-11-17,1725.0,1.2845000000000002,2607.94,119.0,18,0,679,62.374558448791504,18,137.0,,,,1195.0,353.0,842.0
p09,2019-11-18,352.0,0.2614,2027.99,30.0,0,0,846,60.54264450073242,0,30.0,,,,947.0,352.0,595.0
p09,2019-11-19,459.0,0.3407,2068.85,39.0,0,0,759,59.8024959564209,0,39.0,,,,1143.0,351.0,792.0
p09,2019-11-20,6596.0,4.8931000000000004,2858.12,219.0,6,3,847,59.460997581481934,9,228.0,,,,1387.0,356.0,1031.0
p09,2019-11-21,4687.0,3.5055000000000005,2587.29,133.0,5,5,779,58.23873805999756,10,143.0,,,,1361.0,352.0,1009.0
p09,2019-11-22,8587.0,6.355600000000001,3420.39,245.0,33,15,596,58.064971923828125,48,293.0,,,,1354.0,354.0,1000.0
p09,2019-11-23,3245.0,2.4202000000000004,2449.13,67.0,2,14,776,59.58632564544678,16,83.0,,31.583333333333332,,1315.0,356.0,959.0
p09,2019-11-24,354.0,0.26320000000000005,2084.1,23.0,0,0,879,59.90634059906006,0,23.0,,,,1412.0,358.0,1054.0
p09,2019-11-25,3865.0,2.8591,2566.6,125.0,7,2,943,59.51922607421875,9,134.0,,,,1386.0,353.0,1033.0
p09,2019-11-26,4027.0,3.0009,2554.7000000000003,135.0,0,0,816,61.38797092437744,0,135.0,,,,1388.0,356.0,1032.0
p09,2019-11-27,5725.0,4.2103,2728.34,143.0,9,2,697,62.44016361236572,11,154.0,,,,1392.0,356.0,1036.0
p09,2019-11-28,5065.0,3.7738000000000005,2762.4500000000003,172.0,10,0,791,62.01761722564697,10,182.0,,,,1298.0,347.0,951.0
p09,2019-11-29,13118.0,9.782,3589.42,249.0,42,40,515,60.75216579437256,82,331.0,,32.43333333333333,,1384.0,356.0,1028.0
p09,2019-11-30,11517.0,8.7077,3442.57,223.0,25,46,687,61.04644966125488,71,294.0,,,,1344.0,354.0,990.0
p09,2019-12-01,3522.0,2.6265,2386.56,70.0,2,19,1349,60.857666015625,21,91.0,,20.483333333333334,,774.0,162.0,612.0
p09,2019-12-02,6806.0,5.0629,2698.09,176.0,2,8,774,60.552223205566406,10,186.0,,17.066666666666666,,1351.0,350.0,1001.0
p09,2019-12-03,9594.0,8.607800000000001,3163.17,100.0,25,53,870,59.336426734924316,78,178.0,180.0,38.3,38.3,1333.0,353.0,980.0
p09,2019-12-04,4644.0,3.4630000000000005,2562.48,130.0,0,0,882,60.246832847595215,0,130.0,,,,1381.0,355.0,1026.0
p09,2019-12-05,7357.0,5.4774,3033.4,210.0,26,13,493,60.24432849884033,39,249.0,,,,1154.0,357.0,797.0
p09,2019-12-06,5747.0,4.1770000000000005,2565.76,121.0,11,10,993,60.75494956970215,21,142.0,,,,1128.0,324.0,804.0
p09,2019-12-07,8886.0,6.5924000000000005,2881.7000000000003,130.0,34,25,505,61.55958080291748,59,189.0,,,,1386.0,355.0,1031.0
p09,2019-12-08,5117.0,3.7591,3033.09,155.0,18,24,653,63.16749954223633,42,197.0,,,,1347.0,353.0,994.0
p09,2019-12-09,4124.0,3.0580000000000003,2510.39,126.0,0,0,760,64.06773567199707,0,126.0,,,,1379.0,355.0,1024.0
p09,2019-12-10,4132.0,3.0917000000000003,2549.26,96.0,17,11,567,62.91209602355957,28,124.0,,,,1227.0,341.0,886.0
p09,2019-12-11,888.0,0.6592,2104.02,50.0,0,0,876,63.317378997802734,0,50.0,,,,1284.0,359.0,925.0
p09,2019-12-12,3619.0,2.6967000000000003,2603.81,138.0,6,2,656,60.98037052154541,8,146.0,,,,1386.0,360.0,1026.0
p09,2019-12-13,10448.0,7.719900000000001,3322.08,218.0,24,33,744,60.15448570251465,57,275.0,,,,1298.0,357.0,941.0
p09,2019-12-14,10388.0,7.999600000000001,3532.07,276.0,19,19,757,63.107351303100586,38,314.0,,,,1397.0,357.0,1040.0
p09,2019-12-15,10697.0,7.817,3175.82,203.0,21,32,620,64.6498966217041,53,256.0,,38.400000000000006,,1394.0,359.0,1035.0
p09,2019-12-16,4854.0,3.6612000000000005,2354.2000000000003,69.0,13,8,697,63.22485542297363,21,90.0,,17.066666666666666,,1083.0,356.0,727.0
p09,2019-12-17,5826.0,4.2961,2854.03,185.0,11,3,826,61.939005851745605,14,199.0,,,,1411.0,358.0,1053.0
p09,2019-12-18,10409.0,7.710800000000001,3135.0,232.0,16,11,863,63.73233699798584,27,259.0,,17.066666666666666,,1348.0,353.0,995.0
p09,2019-12-19,5280.0,4.3215,2560.46,104.0,2,13,780,63.78463840484619,15,119.0,,,,1305.0,354.0,951.0
p09,2019-12-20,4436.0,3.3642000000000003,2510.65,146.0,0,0,936,64.77288055419922,0,146.0,,,,1392.0,358.0,1034.0
p09,2019-12-21,8430.0,6.1865000000000006,2987.86,130.0,33,47,873,64.15539741516113,80,210.0,,34.13333333333333,,1297.0,354.0,943.0
p09,2019-12-22,6022.0,4.4679,2919.9700000000003,177.0,14,19,825,65.60192489624023,33,210.0,,17.066666666666666,,1400.0,360.0,1040.0
p09,2019-12-23,9549.0,6.968400000000001,2837.03,135.0,15,27,903,65.3056583404541,42,177.0,,84.48333333333333,,943.0,305.0,638.0
p09,2019-12-24,5233.0,3.8645000000000005,2858.17,147.0,25,14,301,65.00172424316406,39,186.0,,,,1396.0,357.0,1039.0
p09,2019-12-25,4785.0,3.5638,2810.9700000000003,221.0,4,7,777,64.21001148223877,11,232.0,,,,1424.0,354.0,1070.0
p09,2019-12-26,5679.0,4.230300000000001,3028.4300000000003,218.0,14,8,480,63.37221431732178,22,240.0,,,,1375.0,360.0,1015.0
p09,2019-12-27,3147.0,2.3446000000000002,2663.28,151.0,5,1,736,65.55363082885742,6,157.0,,,,1395.0,356.0,1039.0
p09,2019-12-28,5371.0,4.0267,2632.1800000000003,113.0,11,17,601,64.24898624420166,28,141.0,,,,1395.0,360.0,1035.0
p09,2019-12-29,2271.0,1.6835000000000002,2358.11,84.0,0,0,789,65.12080383300781,0,84.0,,,,1358.0,359.0,999.0
p09,2019-12-30,8260.0,6.1614,2873.67,192.0,4,7,473,64.06624412536621,11,203.0,,,,1203.0,358.0,845.0
p09,2019-12-31,9176.0,6.634500000000001,2919.4,134.0,12,33,1261,64.67267894744873,45,179.0,,23.05,,601.0,0.0,601.0
p09,2020-01-01,6234.0,4.548,2933.1800000000003,151.0,16,25,800,68.13756465911865,41,192.0,,,,878.0,359.0,519.0
p09,2020-01-02,165.0,0.12270000000000002,1980.9,10.0,0,0,1430,68.39112949371338,0,10.0,,,,260.0,0.0,260.0
p09,2020-01-03,5755.0,4.2076,2685.03,145.0,4,8,778,66.50872611999512,12,157.0,,,,1336.0,352.0,984.0
p09,2020-01-04,8699.0,6.4815000000000005,2982.11,271.0,9,0,834,65.26853084564209,9,280.0,,,,1383.0,358.0,1025.0
p09,2020-01-05,6554.0,4.884600000000001,2902.05,219.0,12,22,633,65.1772632598877,34,253.0,,29.016666666666666,,1427.0,356.0,1071.0
p09,2020-01-06,1312.0,0.9770000000000001,2175.5,57.0,0,0,818,65.64370155334473,0,57.0,,,,1003.0,356.0,647.0
p09,2020-01-07,11237.0,8.424100000000001,3449.15,151.0,26,53,787,64.36949729919434,79,230.0,360.0,35.13333333333333,35.13333333333333,1169.0,335.0,834.0
p09,2020-01-08,10725.0,7.998000000000001,3177.58,199.0,27,32,672,64.15117073059082,59,258.0,,35.0,,1359.0,356.0,1003.0
p09,2020-01-09,4836.0,3.603,2682.59,145.0,13,14,835,64.02566623687744,27,172.0,,,,1001.0,356.0,645.0
p09,2020-01-10,7009.0,5.133900000000001,2986.03,238.0,13,5,615,65.48686790466309,18,256.0,,,,1426.0,354.0,1072.0
p09,2020-01-11,13537.0,10.0218,4794.1,405.0,82,80,450,67.72065830230713,162,567.0,720.0,16.2,,1411.0,360.0,1051.0
p09,2020-01-12,10405.0,7.6888000000000005,3579.73,303.0,56,18,671,69.41154670715332,74,377.0,,,,1403.0,360.0,1043.0
p09,2020-01-13,2873.0,2.1401000000000003,2323.81,94.0,12,1,539,66.45062828063965,13,107.0,,,,1252.0,360.0,892.0
p09,2020-01-14,284.0,0.21100000000000002,1996.68,29.0,0,0,968,64.60604858398438,0,29.0,,,,750.0,154.0,596.0
p09,2020-01-15,8608.0,6.359000000000001,3075.42,239.0,7,6,762,64.3447790145874,13,252.0,,,,1411.0,360.0,1051.0
p09,2020-01-16,4151.0,3.0936000000000003,2395.17,101.0,12,7,795,63.30093479156494,19,120.0,,,,1226.0,358.0,868.0
p09,2020-01-17,8330.0,6.2311000000000005,3118.35,213.0,8,28,779,63.321123123168945,36,249.0,,,,1371.0,360.0,1011.0
p09,2020-01-18,9195.0,6.8349,3163.3,273.0,15,1,556,61.96342182159424,16,289.0,,25.6,,1332.0,359.0,973.0
p09,2020-01-19,30406.0,22.666800000000002,5012.11,149.0,64,258,690,64.02488803863525,322,471.0,,267.93333333333334,15.366666666666667,1389.0,359.0,1030.0
p09,2020-01-20,1164.0,0.8668000000000001,2095.17,55.0,0,0,589,62.2928581237793,0,55.0,,,,1096.0,360.0,736.0
p09,2020-01-21,6124.0,4.709300000000001,2780.4500000000003,176.0,6,14,979,59.32119560241699,20,196.0,,,,834.0,278.0,556.0
p09,2020-01-22,7203.0,5.342700000000001,2722.64,124.0,4,28,1284,59.28556442260742,32,156.0,,18.783333333333335,,942.0,0.0,942.0
p09,2020-01-23,5302.0,3.9880000000000004,2514.48,81.0,12,23,1324,60.048298835754395,35,116.0,,17.066666666666666,,416.0,0.0,416.0
p09,2020-01-24,8010.0,6.0739,2981.76,199.0,8,24,900,59.532822608947754,32,231.0,,,,1393.0,360.0,1033.0
p09,2020-01-25,8447.0,6.4884,3109.23,216.0,18,28,691,58.38112258911133,46,262.0,,,,1369.0,357.0,1012.0
p09,2020-01-26,11427.0,8.523200000000001,3256.69,187.0,13,60,717,57.509963035583496,73,260.0,,80.21666666666667,,1423.0,357.0,1066.0
p09,2020-01-27,6108.0,4.4747,2648.9,107.0,9,26,864,58.03027153015137,35,142.0,,,,1380.0,355.0,1025.0
p09,2020-01-28,13.0,0.009600000000000001,1960.0,5.0,0,0,767,59.846007347106934,0,5.0,,,,530.0,317.0,213.0
p09,2020-01-29,3354.0,2.4802000000000004,2399.2200000000003,128.0,0,0,768,59.81819152832031,0,128.0,,,,1341.0,347.0,994.0
p09,2020-01-30,10313.0,7.6584,3264.58,243.0,14,20,888,57.4176082611084,34,277.0,,,,1379.0,360.0,1019.0
p09,2020-01-31,1139.0,0.8443,2067.77,42.0,0,0,836,58.587679862976074,0,42.0,,,,1071.0,360.0,711.0
p09,2020-02-01,18884.0,14.0441,3648.69,210.0,21,71,703,58.433176040649414,92,302.0,,98.13333333333333,,1388.0,359.0,1029.0
p09,2020-02-02,11896.0,8.7245,3583.83,147.0,27,105,704,59.86935806274414,132,279.0,,29.016666666666666,29.016666666666666,1181.0,356.0,825.0
p09,2020-02-03,3497.0,2.6063,2397.16,100.0,5,3,866,59.15207767486572,8,108.0,,,,1291.0,262.0,1029.0
p09,2020-02-04,3743.0,2.7877,2367.84,112.0,0,0,899,57.292327880859375,0,112.0,,,,1422.0,360.0,1062.0
p09,2020-02-05,9208.0,6.897100000000001,3106.7200000000003,242.0,0,0,829,55.475321769714355,0,242.0,,,,1385.0,360.0,1025.0
p09,2020-02-06,7798.0,5.8108,3217.83,276.0,15,1,838,57.07728099822998,16,292.0,,,,1378.0,304.0,1074.0
p09,2020-02-07,4091.0,3.0474,2391.75,102.0,0,0,858,57.26236057281494,0,102.0,,,,893.0,360.0,533.0
p09,2020-02-08,19.0,0.014100000000000001,1900.8000000000002,0.0,0,0,1440,,0,0.0,,,,31.0,0.0,31.0
p09,2020-02-09,3396.0,2.5221000000000005,2449.14,111.0,0,0,862,56.412113189697266,0,111.0,,,,1429.0,357.0,1072.0
p09,2020-02-10,5310.0,3.9676000000000005,2558.29,73.0,14,22,961,56.241862297058105,36,109.0,,,,1060.0,358.0,702.0
p09,2020-02-11,5886.0,4.3788,2599.58,129.0,11,6,948,57.08854961395264,17,146.0,,,,1256.0,310.0,946.0
p09,2020-02-12,8447.0,6.289600000000001,2866.62,138.0,1,13,674,54.91943836212158,14,152.0,,,,1377.0,358.0,1019.0
p09,2020-02-13,4751.0,3.5354,2601.32,125.0,3,6,917,55.320815086364746,9,134.0,,,,1397.0,360.0,1037.0
p09,2020-02-14,11276.0,8.4312,3454.5,279.0,9,13,733,56.213623046875,22,301.0,,,,1397.0,355.0,1042.0
p09,2020-02-15,4420.0,3.2946000000000004,2609.76,134.0,19,4,911,58.62898921966553,23,157.0,,,,815.0,357.0,458.0
p09,2020-02-16,0.0,0.0,1911.9,0.0,0,0,949,,0,0.0,,,,490.0,357.0,133.0
p09,2020-02-17,29.0,0.021500000000000002,1925.47,4.0,0,0,705,60.288705825805664,0,4.0,,,,785.0,280.0,505.0
p09,2020-02-18,4087.0,3.0466,2467.9300000000003,113.0,8,0,814,59.39138412475586,8,121.0,,,,1143.0,248.0,895.0
p09,2020-02-19,6449.0,4.7944,2671.69,188.0,8,4,1240,58.87858009338379,12,200.0,,,,808.0,0.0,808.0
p09,2020-02-20,5650.0,4.0224,2540.26,136.0,12,4,1288,58.6261682510376,16,152.0,,17.066666666666666,,698.0,75.0,623.0
p09,2020-02-21,4509.0,3.3168,2603.7400000000002,139.0,16,7,764,55.870601654052734,23,162.0,,,,1214.0,359.0,855.0
p09,2020-02-22,14332.0,10.6348,3340.4900000000002,139.0,32,65,1204,56.510454177856445,97,236.0,,52.91666666666667,,632.0,0.0,632.0
p09,2020-02-23,11455.0,8.5694,3753.61,197.0,30,88,770,59.48176670074463,118,315.0,,48.63333333333333,,1391.0,360.0,1031.0
p09,2020-02-24,5331.0,3.9485,2659.15,160.0,0,0,866,59.745121002197266,0,160.0,,,,1322.0,357.0,965.0
p09,2020-02-25,9062.0,6.752800000000001,3622.3,301.0,34,19,619,59.4343900680542,53,354.0,,,,1412.0,360.0,1052.0
p09,2020-02-26,3619.0,2.6965000000000003,2484.54,134.0,9,0,824,60.2969274520874,9,143.0,,,,1064.0,360.0,704.0
p09,2020-02-27,72.0,0.0531,1933.52,10.0,0,0,710,,0,10.0,,,,719.0,326.0,393.0
p09,2020-02-28,6726.0,5.093500000000001,2880.79,176.0,18,8,1238,61.07069396972656,26,202.0,,,,642.0,0.0,642.0
p09,2020-02-29,12012.0,8.9533,4033.89,365.0,60,22,594,63.937621116638184,82,447.0,,,,1414.0,345.0,1069.0
p09,2020-03-01,5067.0,3.7755000000000005,2679.69,176.0,4,8,731,66.18032741546631,12,188.0,,,,1174.0,360.0,814.0
p09,2020-03-02,5604.0,4.1763,2803.23,176.0,28,3,734,63.98358917236328,31,207.0,,,,1191.0,358.0,833.0
p09,2020-03-03,3437.0,2.4789000000000003,2388.13,107.0,0,0,982,61.85910987854004,0,107.0,,,,1344.0,272.0,1072.0
p09,2020-03-04,5935.0,4.3536,2800.42,144.0,9,14,705,61.68306636810303,23,167.0,,25.6,,1404.0,360.0,1044.0
p09,2020-03-05,3325.0,2.4768000000000003,2440.71,124.0,0,0,756,63.629332542419434,0,124.0,,,,1217.0,360.0,857.0
p09,2020-03-06,885.0,0.6571,2160.06,79.0,0,0,867,63.80786418914795,0,79.0,,,,1371.0,359.0,1012.0
p09,2020-03-07,9524.0,7.1019000000000005,3449.82,155.0,56,68,567,62.918230056762695,124,279.0,,71.68333333333334,71.68333333333334,1414.0,358.0,1056.0
p09,2020-03-08,10408.0,7.730900000000001,3410.9700000000003,136.0,25,75,765,64.58010292053223,100,236.0,,34.11666666666667,,1223.0,359.0,864.0
p09,2020-03-09,561.0,0.41730000000000006,2027.72,39.0,0,0,807,63.55441093444824,0,39.0,,,,866.0,358.0,508.0
p09,2020-03-10,6066.0,4.5244,2488.78,112.0,5,13,1310,63.00186252593994,18,130.0,,16.2,,587.0,0.0,587.0
p09,2020-03-11,50.0,0.0371,1925.23,5.0,0,0,829,61.560370445251465,0,5.0,,,,634.0,234.0,400.0
p09,2020-03-12,718.0,0.5339,2081.01,46.0,0,0,847,59.84505271911621,0,46.0,,,,1301.0,229.0,1072.0
p09,2020-03-13,6924.0,5.1512,2874.73,178.0,13,13,635,59.322832107543945,26,204.0,,15.366666666666667,,1168.0,355.0,813.0
p09,2020-03-14,,,1900.8000000000002,0.0,0,0,1440,,0,0.0,,,,0.0,0.0,0.0
p09,2020-03-15,4625.0,3.4486000000000003,2455.08,71.0,21,16,1332,59.79176139831543,37,108.0,,29.016666666666666,,446.0,0.0,446.0
p09,2020-03-16,1874.0,1.3968,2431.67,66.0,7,17,676,60.40030097961426,24,90.0,,,,1428.0,352.0,1076.0
p09,2020-03-17,5537.0,4.120500000000001,2776.05,116.0,14,25,811,59.247100830078125,39,155.0,,,,1278.0,356.0,922.0
p09,2020-03-18,1564.0,1.1654,2211.82,47.0,0,0,1393,59.223551750183105,0,47.0,,,,932.0,0.0,932.0
p09,2020-03-19,2038.0,1.5168000000000001,2500.0,119.0,0,0,744,61.87191104888916,0,119.0,,,,1431.0,359.0,1072.0
p09,2020-03-20,17613.0,13.250300000000001,3892.81,126.0,47,131,551,61.788997650146484,178,304.0,,137.38333333333333,,1412.0,358.0,1054.0
p09,2020-03-21,1338.0,0.9952000000000001,2432.06,123.0,0,0,832,63.07051181793213,0,123.0,,,,1426.0,353.0,1073.0
p09,2020-03-22,953.0,0.7083,2134.53,63.0,0,0,607,61.15895080566406,0,63.0,,,,1430.0,358.0,1072.0
p09,2020-03-23,238.0,0.1768,2001.3700000000001,29.0,0,0,736,60.07355785369873,0,29.0,,,,894.0,356.0,538.0
p09,2020-03-24,470.0,0.34930000000000005,2038.6100000000001,37.0,0,0,1181,60.7598934173584,0,37.0,,,,778.0,0.0,778.0
p09,2020-03-25,667.0,0.49700000000000005,2047.8500000000001,39.0,0,0,916,59.529584884643555,0,39.0,,,,712.0,360.0,352.0
p09,2020-03-26,6150.0,4.5879,2621.82,78.0,22,30,698,57.60157012939453,52,130.0,,43.516666666666666,,1336.0,287.0,1049.0
p09,2020-03-27,492.0,0.3653,2080.28,41.0,0,0,855,57.5534725189209,0,41.0,,,,1146.0,357.0,789.0
p09,2020-03-28,3982.0,2.8353,3040.3,132.0,49,22,1130,58.318448066711426,71,203.0,,,,692.0,0.0,692.0
p09,2020-03-29,1173.0,0.8021,2469.98,73.0,13,2,808,60.342355728149414,15,88.0,,,,1430.0,360.0,1070.0
p09,2020-03-30,1070.0,0.7966000000000001,2149.54,67.0,0,0,748,58.196048736572266,0,67.0,,,,1312.0,360.0,952.0
p09,2020-03-31,454.0,0.33730000000000004,2036.3100000000002,40.0,0,0,998,58.08089733123779,0,40.0,,,,726.0,358.0,368.0
p10,2019-11-05,,,1468.8,0.0,0,0,1440,,0,0.0,,,,0.0,0.0,0.0
p10,2019-11-06,,,1468.8,0.0,0,0,1440,,0,0.0,,,,0.0,0.0,0.0
p10,2019-11-07,9198.0,8.0625,2281.6,30.0,39,62,1309,,101,131.0,,49.03333333333333,30.25,300.0,0.0,300.0
p10,2019-11-08,9865.0,7.1923,2418.1,313.0,0,0,549,71.0,0,313.0,,17.916666666666668,,1428.0,360.0,1068.0
p10,2019-11-09,13397.0,10.171800000000001,2610.35,232.0,24,52,617,70.04977321624756,76,308.0,,36.016666666666666,7.0,1403.0,354.0,1049.0
p10,2019-11-10,15800.0,12.818800000000001,2855.78,238.0,29,84,542,65.97495555877686,113,351.0,,52.333333333333336,26.733333333333334,1387.0,360.0,1027.0
p10,2019-11-11,13096.0,9.603200000000001,2545.29,389.0,9,0,508,65.93924903869629,9,398.0,,17.933333333333334,,1267.0,358.0,909.0
p10,2019-11-12,11578.0,8.9328,2568.85,280.0,11,29,632,65.37919425964355,40,320.0,,11.5,11.5,1371.0,359.0,1012.0
p10,2019-11-13,11769.0,8.5843,2413.68,307.0,8,12,656,66.14482688903809,20,327.0,,40.96666666666667,,1423.0,358.0,1065.0
p10,2019-11-14,6142.0,4.5276000000000005,2086.28,200.0,21,6,721,64.53870391845703,27,227.0,,,,1425.0,360.0,1065.0
p10,2019-11-15,10273.0,7.575800000000001,2334.14,252.0,11,18,750,64.07645034790039,29,281.0,,19.633333333333333,,1396.0,359.0,1037.0
p10,2019-11-16,16118.0,11.873600000000001,2795.48,268.0,117,13,456,64.17094230651855,130,398.0,,46.083333333333336,,1418.0,357.0,1061.0
p10,2019-11-17,7542.0,5.559500000000001,2276.23,266.0,15,11,632,64.21254348754883,26,292.0,,17.933333333333334,17.933333333333334,1418.0,354.0,1064.0
p10,2019-11-18,9480.0,6.9831,2497.05,322.0,7,10,661,64.96406650543213,17,339.0,,25.616666666666667,,1410.0,359.0,1051.0
p10,2019-11-19,11716.0,8.8069,2542.46,284.0,13,21,545,67.43645858764648,34,318.0,420.0,29.18333333333333,5.283333333333333,1383.0,355.0,1028.0
p10,2019-11-20,14211.0,10.4158,2745.7400000000002,424.0,5,3,640,69.29519844055176,8,432.0,,,,1419.0,358.0,1061.0
p10,2019-11-21,10384.0,7.626200000000001,2360.94,287.0,5,2,595,67.27412700653076,7,294.0,,,,1417.0,357.0,1060.0
p10,2019-11-22,12639.0,9.347900000000001,2450.07,215.0,22,36,719,69.2042818069458,58,273.0,,64.0,,1214.0,358.0,856.0
p10,2019-11-23,15956.0,12.536900000000001,2979.12,273.0,62,62,571,70.90438175201416,124,397.0,360.0,17.6,17.6,1254.0,358.0,896.0
p10,2019-11-24,9351.0,6.896100000000001,2297.17,266.0,15,13,520,70.63900756835938,28,294.0,,28.166666666666668,,1384.0,359.0,1025.0
p10,2019-11-25,8378.0,6.177200000000001,2283.29,273.0,9,6,718,69.02553462982178,15,288.0,,29.866666666666667,,1416.0,358.0,1058.0
p10,2019-11-26,14863.0,11.179100000000002,2788.03,419.0,4,9,560,69.27702903747559,13,432.0,420.0,25.0,5.366666666666666,1371.0,358.0,1013.0
p10,2019-11-27,2150.0,1.5834000000000001,1778.71,124.0,0,0,850,69.65013790130615,0,124.0,,,,1399.0,354.0,1045.0
p10,2019-11-28,12326.0,8.944700000000001,2501.43,292.0,34,14,633,70.04848384857178,48,340.0,,37.55,,1417.0,358.0,1059.0
p10,2019-11-29,13214.0,9.741100000000001,2362.59,209.0,29,24,663,68.5515022277832,53,262.0,,52.91666666666667,,1274.0,357.0,917.0
p10,2019-11-30,644.0,0.44430000000000003,1803.45,78.0,0,0,599,70.48423290252686,0,78.0,,,,1248.0,355.0,893.0
p10,2019-12-01,8346.0,6.146400000000001,2275.23,291.0,6,6,1137,69.65839958190918,12,303.0,,,,1422.0,358.0,1064.0
p10,2019-12-02,12684.0,9.3541,2543.05,377.0,6,7,554,67.5916919708252,13,390.0,,19.633333333333333,,1398.0,356.0,1042.0
p10,2019-12-03,10057.0,7.873500000000001,2388.82,250.0,2,17,716,64.72807502746582,19,269.0,360.0,29.85,11.933333333333334,1355.0,358.0,997.0
p10,2019-12-04,10880.0,8.027700000000001,2442.87,208.0,21,45,707,66.4459285736084,66,274.0,,46.93333333333334,,1423.0,360.0,1063.0
p10,2019-12-05,12663.0,9.140300000000002,2590.71,276.0,29,28,554,69.15557193756104,57,333.0,,36.7,,1432.0,360.0,1072.0
p10,2019-12-06,13972.0,10.132100000000001,2804.97,363.0,38,23,533,71.64998054504395,61,424.0,,,,1413.0,357.0,1056.0
p10,2019-12-07,17145.0,12.648600000000002,2764.46,366.0,33,11,339,70.68975257873535,44,410.0,,27.316666666666666,,1423.0,355.0,1068.0
p10,2019-12-08,20193.0,16.127100000000002,3136.38,343.0,48,68,469,68.64849185943604,116,459.0,250.0,71.13333333333333,30.166666666666668,1379.0,355.0,1024.0
p10,2019-12-09,9881.0,7.274900000000001,2300.72,274.0,2,10,741,67.43898963928223,12,286.0,,,,1401.0,355.0,1046.0
p10,2019-12-10,14911.0,11.981200000000001,2788.48,258.0,33,50,572,66.98226928710938,83,341.0,280.0,35.86666666666667,35.86666666666667,1420.0,360.0,1060.0
p10,2019-12-11,6734.0,4.9653,2021.18,197.0,6,4,763,68.0976209640503,10,207.0,,,,1420.0,358.0,1062.0
p10,2019-12-12,8419.0,6.148300000000001,2196.67,223.0,26,8,681,67.19183731079102,34,257.0,,,,1266.0,359.0,907.0
p10,2019-12-13,21336.0,15.6934,2879.69,323.0,70,31,466,67.70825576782227,101,424.0,,145.91666666666666,,1427.0,359.0,1068.0
p10,2019-12-14,18638.0,13.733400000000001,2941.44,295.0,91,36,434,69.06270122528076,127,422.0,,110.10000000000001,,1422.0,358.0,1064.0
p10,2019-12-15,8988.0,6.593800000000001,2374.29,273.0,20,3,612,71.69522476196289,23,296.0,,17.066666666666666,,1411.0,355.0,1056.0
p10,2019-12-16,3440.0,2.5326000000000004,1850.95,153.0,0,0,524,69.99578762054443,0,153.0,,,,1414.0,358.0,1056.0
p10,2019-12-17,6784.0,5.002800000000001,2117.7000000000003,216.0,12,15,670,70.0059061050415,27,243.0,,29.883333333333333,,1381.0,344.0,1037.0
p10,2019-12-18,7009.0,5.1546,2160.29,264.0,8,2,690,70.66100215911865,10,274.0,,,,1368.0,352.0,1016.0
p10,2019-12-19,11392.0,8.350900000000001,2353.56,277.0,16,8,650,70.1784439086914,24,301.0,,74.25,,1404.0,357.0,1047.0
p10,2019-12-20,11941.0,8.807300000000001,2386.7400000000002,304.0,12,8,540,69.65894603729248,20,324.0,,29.866666666666667,,1411.0,360.0,1051.0
p10,2019-12-21,15700.0,11.5769,2915.48,475.0,36,1,401,68.53519344329834,37,512.0,,32.43333333333333,,1413.0,356.0,1057.0
p10,2019-12-22,12972.0,9.5259,2521.75,337.0,8,20,533,68.19040298461914,28,365.0,,77.66666666666667,,1297.0,360.0,937.0
p10,2019-12-23,16109.0,11.879100000000001,2997.13,471.0,31,26,912,68.17283821105957,57,528.0,,,,876.0,0.0,876.0
p10,2019-12-24,12134.0,8.8826,2417.2400000000002,275.0,30,6,541,65.25750160217285,36,311.0,,48.63333333333333,,925.0,354.0,571.0
p10,2019-12-25,2367.0,1.7422000000000002,1872.64,139.0,0,0,1301,66.1781415939331,0,139.0,,,,555.0,0.0,555.0
p10,2019-12-26,4915.0,3.6216000000000004,2152.79,231.0,10,2,1197,67.00711917877197,12,243.0,,,,780.0,2.0,778.0
p10,2019-12-27,9438.0,6.9144000000000005,2393.03,337.0,0,0,562,67.01909065246582,0,337.0,,,,1383.0,355.0,1028.0
p10,2019-12-28,14184.0,10.4609,2811.81,361.0,48,21,476,66.67599296569824,69,430.0,660.0,33.28333333333333,33.28333333333333,1409.0,355.0,1054.0
p10,2019-12-29,13724.0,10.120800000000001,2934.38,379.0,27,37,483,68.10883808135986,64,443.0,480.0,,,1424.0,356.0,1068.0
p10,2019-12-30,10563.0,7.732500000000001,2534.0,358.0,11,9,427,69.84789371490479,20,378.0,,22.183333333333334,,1420.0,358.0,1062.0
p10,2019-12-31,11895.0,8.7668,2512.32,383.0,9,1,402,69.05749034881592,10,393.0,,61.45,61.45,1423.0,355.0,1068.0
p10,2020-01-01,1026.0,0.7261000000000001,1671.44,67.0,0,0,585,69.24172306060791,0,67.0,,,,1015.0,358.0,657.0
p10,2020-01-02,15516.0,11.447000000000001,2793.41,282.0,76,36,456,67.66982841491699,112,394.0,,37.55,,1240.0,357.0,883.0
p10,2020-01-03,12517.0,10.5112,2547.25,198.0,13,45,1184,,58,256.0,360.0,48.56666666666667,29.783333333333335,871.0,0.0,871.0
p10,2020-01-04,17854.0,13.177100000000001,2682.2400000000002,209.0,90,45,1096,67.9207763671875,135,344.0,,129.71666666666667,,732.0,0.0,732.0
p10,2020-01-05,0.0,0.0,1491.33,10.0,0,0,1430,,0,10.0,,,,6.0,0.0,6.0
p10,2020-01-06,12098.0,10.206700000000001,2626.27,232.0,9,44,1155,68.34416770935059,53,285.0,250.0,29.966666666666665,29.966666666666665,899.0,0.0,899.0
p10,2020-01-07,10160.0,7.4953,2281.87,261.0,12,14,712,70.25581932067871,26,287.0,,29.016666666666666,,1385.0,357.0,1028.0
p10,2020-01-08,11295.0,8.3055,2578.26,367.0,16,1,627,70.01177501678467,17,384.0,,18.783333333333335,,1383.0,358.0,1025.0
p10,2020-01-09,4892.0,3.5481000000000003,1943.5700000000002,158.0,8,2,785,70.30767440795898,10,168.0,,,,1247.0,360.0,887.0
p10,2020-01-10,17244.0,12.6973,2757.34,269.0,37,55,1079,70.99947261810303,92,361.0,,17.933333333333334,,907.0,0.0,907.0
p10,2020-01-11,10608.0,7.828900000000001,2305.26,189.0,26,40,674,,66,255.0,,69.98333333333333,,836.0,359.0,477.0
p10,2020-01-12,12331.0,9.0988,2386.15,189.0,36,40,1175,71.54755401611328,76,265.0,,45.25,,821.0,13.0,808.0
p10,2020-01-13,14310.0,11.3495,2746.4500000000003,258.0,38,56,639,69.25142478942871,94,352.0,90.0,42.333333333333336,21.85,1366.0,354.0,1012.0
p10,2020-01-14,11479.0,8.4815,2375.34,256.0,12,32,596,68.35766220092773,44,300.0,,43.53333333333333,,1404.0,357.0,1047.0
p10,2020-01-15,8160.0,6.0246,2181.42,210.0,11,9,747,68.42007446289062,20,230.0,,,,1389.0,356.0,1033.0
p10,2020-01-16,10730.0,8.731100000000001,2244.4900000000002,181.0,4,25,757,67.7160234451294,29,210.0,120.0,41.266666666666666,20.783333333333335,1184.0,360.0,824.0
p10,2020-01-17,8114.0,5.9813,2254.9500000000003,264.0,4,7,657,69.29783821105957,11,275.0,,20.483333333333334,,1397.0,356.0,1041.0
p10,2020-01-18,7731.0,5.687600000000001,2381.4,251.0,37,11,591,69.84018802642822,48,299.0,,22.183333333333334,,1411.0,353.0,1058.0
p10,2020-01-19,11814.0,8.6654,2596.7200000000003,321.0,14,14,561,69.98996543884277,28,349.0,360.0,,,1295.0,360.0,935.0
p10,2020-01-20,13921.0,10.2268,2572.4900000000002,275.0,38,40,1087,70.03131008148193,78,353.0,,77.66666666666667,,847.0,0.0,847.0
p10,2020-01-21,13855.0,10.217400000000001,2715.51,248.0,34,55,615,68.84926223754883,89,337.0,160.0,66.51666666666667,6.783333333333333,1407.0,358.0,1049.0
p10,2020-01-22,9414.0,6.944500000000001,2244.13,207.0,20,18,667,67.18939781188965,38,245.0,,59.75,,1386.0,359.0,1027.0
p10,2020-01-23,12283.0,9.0286,2398.39,244.0,27,41,645,67.71687889099121,68,312.0,,55.46666666666667,,1337.0,356.0,981.0
p10,2020-01-24,9230.0,6.8066,2325.94,262.0,13,27,652,68.69605827331543,40,302.0,,29.033333333333335,,1392.0,356.0,1036.0
p10,2020-01-25,19225.0,14.132700000000002,2738.7,252.0,46,74,516,69.5543098449707,120,372.0,180.0,96.43333333333334,,1401.0,355.0,1046.0
p10,2020-01-26,15798.0,11.4245,2607.29,238.0,37,74,603,69.5582447052002,111,349.0,,117.76666666666665,,1389.0,348.0,1041.0
p10,2020-01-27,10003.0,7.1455,2688.52,280.0,23,46,643,69.09604930877686,69,349.0,360.0,,,1374.0,359.0,1015.0
p10,2020-01-28,10606.0,7.877700000000001,2422.51,247.0,23,30,712,69.04031181335449,53,300.0,160.0,,,1408.0,355.0,1053.0
p10,2020-01-29,10134.0,7.4313,2242.04,241.0,8,16,695,67.71104335784912,24,265.0,,23.05,,1184.0,351.0,833.0
p10,2020-01-30,12647.0,9.268,2413.89,209.0,22,51,656,65.5848388671875,73,282.0,,82.78333333333333,,1416.0,359.0,1057.0
p10,2020-01-31,10562.0,7.508800000000001,2357.0,251.0,18,12,753,65.60624122619629,30,281.0,,44.38333333333333,,1394.0,360.0,1034.0
p10,2020-02-01,22671.0,16.7225,3114.46,296.0,62,93,456,64.32743549346924,155,451.0,240.0,168.13333333333333,,1374.0,356.0,1018.0
p10,2020-02-02,17885.0,13.1409,2758.37,299.0,15,74,509,63.93113040924072,89,388.0,,95.58333333333333,,1379.0,354.0,1025.0
p10,2020-02-03,10100.0,7.3828000000000005,2626.35,304.0,17,23,700,65.12787914276123,40,344.0,120.0,20.466666666666665,,1413.0,357.0,1056.0
p10,2020-02-04,8597.0,6.2887,2458.91,209.0,47,42,603,64.50824451446533,89,298.0,160.0,18.783333333333335,,1368.0,360.0,1008.0
p10,2020-02-05,11098.0,8.0401,2399.56,249.0,21,30,643,64.07785892486572,51,300.0,,46.1,,1230.0,359.0,871.0
p10,2020-02-06,10308.0,7.6004000000000005,2552.32,324.0,32,10,576,65.78039932250977,42,366.0,,,,1418.0,357.0,1061.0
p10,2020-02-07,15472.0,11.7567,2725.55,294.0,30,33,542,67.42195415496826,63,357.0,,20.483333333333334,,1390.0,357.0,1033.0
p10,2020-02-08,5667.0,4.11,2165.7,155.0,28,25,752,69.00883197784424,53,208.0,,,,1069.0,353.0,716.0
p10,2020-02-09,16729.0,12.3946,2914.38,251.0,86,56,550,69.70269298553467,142,393.0,300.0,95.71666666666665,80.36666666666666,1375.0,351.0,1024.0
p10,2020-02-10,18227.0,13.3802,2883.32,343.0,59,41,570,69.6782579421997,100,443.0,,17.916666666666668,,1240.0,335.0,905.0
p10,2020-02-11,9343.0,6.8969000000000005,2212.87,243.0,0,0,779,68.22201347351074,0,243.0,,,,933.0,356.0,577.0
p10,2020-02-12,20445.0,15.439700000000002,2850.27,221.0,50,79,1090,68.48076057434082,129,350.0,60.0,82.65,22.066666666666666,876.0,0.0,876.0
p10,2020-02-13,12133.0,8.745000000000001,2423.4500000000003,218.0,16,49,695,68.2608871459961,65,283.0,,52.916666666666664,,1012.0,356.0,656.0
p10,2020-02-14,12357.0,9.120000000000001,2431.6,154.0,49,51,851,69.65596771240234,100,254.0,,35.85,,919.0,287.0,632.0
p10,2020-02-15,15458.0,11.410400000000001,2454.44,147.0,68,48,1177,70.44607067108154,116,263.0,,130.56666666666666,,656.0,5.0,651.0
p10,2020-02-16,14045.0,10.533000000000001,2561.64,249.0,14,65,520,68.16442108154297,79,328.0,60.0,63.15,,1349.0,358.0,991.0
p10,2020-02-17,11705.0,8.5752,2405.43,238.0,19,42,640,67.41560173034668,61,299.0,,61.45,,1381.0,357.0,1024.0
p10,2020-02-18,17129.0,13.3526,2785.06,270.0,30,77,496,67.0028133392334,107,377.0,350.0,72.06666666666666,19.166666666666668,1367.0,356.0,1011.0
p10,2020-02-19,15968.0,11.8343,2814.2400000000002,296.0,22,55,547,65.9561653137207,77,373.0,300.0,88.75,35.0,1393.0,360.0,1033.0
p10,2020-02-20,13922.0,10.706000000000001,2547.75,320.0,8,41,520,64.90373229980469,49,369.0,,32.95,32.95,1379.0,360.0,1019.0
p10,2020-02-21,17415.0,12.736500000000001,2795.78,310.0,17,80,654,64.03358173370361,97,407.0,,103.26666666666667,,1302.0,359.0,943.0
p10,2020-02-22,21384.0,16.334200000000003,2998.31,332.0,42,75,451,64.3996467590332,117,449.0,90.0,115.21666666666667,16.216666666666665,1334.0,358.0,976.0
p10,2020-02-23,11624.0,8.2958,2519.98,287.0,31,18,1104,65.19313049316406,49,336.0,,15.366666666666667,,1015.0,0.0,1015.0
p10,2020-02-24,15410.0,11.3656,3134.59,436.0,35,32,575,66.94193077087402,67,503.0,,,,1382.0,356.0,1026.0
p10,2020-02-25,15405.0,11.2879,2864.88,344.0,37,34,540,66.858642578125,71,415.0,,33.28333333333333,,1410.0,355.0,1055.0
p10,2020-02-26,14304.0,10.506900000000002,2639.18,249.0,54,39,596,68.3120927810669,93,342.0,,,,1201.0,357.0,844.0
p10,2020-02-27,12867.0,9.491000000000001,2685.62,299.0,35,29,587,65.86871528625488,64,363.0,,,,1267.0,357.0,910.0
p10,2020-02-28,632.0,0.46540000000000004,1552.58,34.0,0,0,860,66.29369831085205,0,34.0,,,,429.0,354.0,75.0
p10,2020-02-29,,,1468.8,0.0,0,0,1440,,0,0.0,,,,0.0,0.0,0.0
p10,2020-03-01,,,1468.8,0.0,0,0,1440,,0,0.0,,,,0.0,0.0,0.0
p10,2020-03-02,,,1468.8,0.0,0,0,1440,,0,0.0,,,,0.0,0.0,0.0
p10,2020-03-03,,,1468.8,0.0,0,0,1440,,0,0.0,,,,0.0,0.0,0.0
p10,2020-03-04,,,1468.8,0.0,0,0,1440,,0,0.0,,,,0.0,0.0,0.0
p10,2020-03-05,,,1468.8,0.0,0,0,1440,,0,0.0,,,,0.0,0.0,0.0
p10,2020-03-06,,,1468.8,0.0,0,0,1440,,0,0.0,,,,0.0,0.0,0.0
p10,2020-03-07,,,1468.8,0.0,0,0,1440,,0,0.0,,,,0.0,0.0,0.0
p10,2020-03-08,,,1468.8,0.0,0,0,1440,,0,0.0,,,,0.0,0.0,0.0
p10,2020-03-09,,,1468.8,0.0,0,0,1440,,0,0.0,,,,0.0,0.0,0.0
p10,2020-03-10,,,1468.8,0.0,0,0,1440,,0,0.0,,,,0.0,0.0,0.0
p10,2020-03-11,,,1468.8,0.0,0,0,1440,,0,0.0,,,,0.0,0.0,0.0
p10,2020-03-12,,,1468.8,0.0,0,0,1440,,0,0.0,,,,0.0,0.0,0.0
p10,2020-03-13,,,1468.8,0.0,0,0,1440,,0,0.0,,,,0.0,0.0,0.0
p10,2020-03-14,,,1468.8,0.0,0,0,1440,,0,0.0,,,,0.0,0.0,0.0
p10,2020-03-15,,,1468.8,0.0,0,0,1440,,0,0.0,,,,0.0,0.0,0.0
p10,2020-03-16,,,1468.8,0.0,0,0,1440,,0,0.0,,,,0.0,0.0,0.0
p10,2020-03-17,,,1468.8,0.0,0,0,1440,,0,0.0,,,,0.0,0.0,0.0
p10,2020-03-18,,,1468.8,0.0,0,0,1440,,0,0.0,,,,0.0,0.0,0.0
p10,2020-03-19,,,1468.8,0.0,0,0,1440,,0,0.0,,,,0.0,0.0,0.0
p10,2020-03-20,,,1468.8,0.0,0,0,1440,,0,0.0,,,,0.0,0.0,0.0
p10,2020-03-21,,,1468.8,0.0,0,0,1440,,0,0.0,,,,0.0,0.0,0.0
p10,2020-03-22,,,1468.8,0.0,0,0,1440,,0,0.0,,,,0.0,0.0,0.0
p10,2020-03-23,,,1468.8,0.0,0,0,1440,,0,0.0,,,,0.0,0.0,0.0
p10,2020-03-24,,,1468.8,0.0,0,0,1440,,0,0.0,,,,0.0,0.0,0.0
p10,2020-03-25,,,1468.8,0.0,0,0,1440,,0,0.0,,,,0.0,0.0,0.0
p10,2020-03-26,,,1468.8,0.0,0,0,1440,,0,0.0,,,,0.0,0.0,0.0
p10,2020-03-27,,,1468.8,0.0,0,0,1440,,0,0.0,,,,0.0,0.0,0.0
p10,2020-03-28,,,1468.8,0.0,0,0,1440,,0,0.0,,,,0.0,0.0,0.0
p10,2020-03-29,,,1468.8,0.0,0,0,1440,,0,0.0,,,,0.0,0.0,0.0
p10,2020-03-30,,,1468.8,0.0,0,0,1440,,0,0.0,,,,0.0,0.0,0.0
p10,2020-03-31,,,1468.8,0.0,0,0,1440,,0,0.0,,,,0.0,0.0,0.0
p11,2019-11-01,,,1497.6000000000001,0.0,0,0,1440,,0,0.0,,,,0.0,0.0,0.0
p11,2019-11-02,,,1497.6000000000001,0.0,0,0,1440,,0,0.0,,,,0.0,0.0,0.0
p11,2019-11-03,,,1497.6000000000001,0.0,0,0,1440,,0,0.0,,,,0.0,0.0,0.0
p11,2019-11-04,,,1497.6000000000001,0.0,0,0,1440,,0,0.0,,,,0.0,0.0,0.0
p11,2019-11-05,,,1497.6000000000001,0.0,0,0,1440,,0,0.0,,,,0.0,0.0,0.0
p11,2019-11-06,,,1497.6000000000001,0.0,0,0,1440,,0,0.0,,,,0.0,0.0,0.0
p11,2019-11-07,,,1497.6000000000001,0.0,0,0,1440,,0,0.0,,,,0.0,0.0,0.0
p11,2019-11-08,,,1497.6000000000001,0.0,0,0,1440,,0,0.0,,,,0.0,0.0,0.0
p11,2019-11-09,,,1497.6000000000001,0.0,0,0,1440,,0,0.0,,,,0.0,0.0,0.0
p11,2019-11-10,,,1497.6000000000001,0.0,0,0,1440,,0,0.0,,,,0.0,0.0,0.0
p11,2019-11-11,0.0,0.0,1498.15,0.0,0,0,1440,,0,0.0,,,,5.0,0.0,5.0
p11,2019-11-12,,,1497.6000000000001,0.0,0,0,1440,,0,0.0,,,,3.0,0.0,3.0
p11,2019-11-13,,,1497.6000000000001,0.0,0,0,1440,,0,0.0,,,,0.0,0.0,0.0
p11,2019-11-14,0.0,0.0,1497.71,0.0,0,0,1440,,0,0.0,,,,1.0,0.0,1.0
p11,2019-11-15,21596.0,15.171800000000001,3409.89,571.0,31,32,806,,63,634.0,,34.15,,1114.0,42.0,1072.0
p11,2019-11-16,11560.0,8.0889,2809.3,334.0,42,19,488,,61,395.0,,36.7,24.75,1434.0,359.0,1075.0
p11,2019-11-17,2609.0,1.8353000000000002,2406.11,211.0,34,32,731,,66,277.0,,,,1423.0,354.0,1069.0
p11,2019-11-18,16007.0,11.822700000000001,3002.72,325.0,8,47,628,,55,380.0,,43.916666666666664,43.916666666666664,1421.0,360.0,1061.0
p11,2019-11-19,7604.0,5.2639000000000005,2648.69,221.0,38,54,691,,92,313.0,510.0,91.11666666666666,51.016666666666666,1425.0,355.0,1070.0
p11,2019-11-20,11893.0,8.3148,2692.07,275.0,97,6,645,,103,378.0,,90.0,90.0,1431.0,360.0,1071.0
p11,2019-11-21,22653.0,15.937400000000002,3611.14,556.0,81,32,286,,113,669.0,,,,1435.0,358.0,1077.0
p11,2019-11-22,21624.0,15.234300000000001,3125.32,595.0,14,14,399,,28,623.0,,28.166666666666668,,1322.0,360.0,962.0
p11,2019-11-23,17960.0,12.6537,3018.45,527.0,14,22,410,,36,563.0,,,,1431.0,359.0,1072.0
p11,2019-11-24,17195.0,13.936200000000001,3110.31,254.0,21,77,513,,98,352.0,480.0,63.88333333333333,63.88333333333333,1432.0,357.0,1075.0
p11,2019-11-25,8115.0,5.719600000000001,2172.0,177.0,17,20,814,,37,214.0,,25.6,,1406.0,352.0,1054.0
p11,2019-11-26,14344.0,10.195,2829.5,206.0,41,81,601,,122,328.0,400.0,98.81666666666666,44.199999999999996,1432.0,359.0,1073.0
p11,2019-11-27,13874.0,9.712200000000001,2617.0099999999998,297.0,29,33,655,,62,359.0,,40.96666666666667,,1418.0,357.0,1061.0
p11,2019-11-28,20110.0,14.636400000000002,3108.21,182.0,60,119,654,,179,361.0,240.0,74.98333333333333,34.016666666666666,1327.0,323.0,1004.0
p11,2019-11-29,14164.0,9.963600000000001,2552.54,258.0,25,46,673,,71,329.0,,28.166666666666668,,1423.0,358.0,1065.0
p11,2019-11-30,7667.0,5.397500000000001,2317.31,290.0,13,6,527,,19,309.0,,16.216666666666665,,1417.0,344.0,1073.0
p11,2019-12-01,8142.0,5.706300000000001,2611.05,272.0,27,35,593,,62,334.0,,,,1433.0,357.0,1076.0
p11,2019-12-02,15265.0,11.6407,2780.53,228.0,21,69,697,,90,318.0,120.0,77.55,31.466666666666665,1428.0,360.0,1068.0
p11,2019-12-03,11528.0,8.7498,2443.94,150.0,14,67,764,,81,231.0,120.0,79.65,23.316666666666666,1259.0,344.0,915.0
p11,2019-12-04,13374.0,10.437700000000001,2713.97,189.0,15,70,693,,85,274.0,180.0,67.78333333333333,32.78333333333333,1206.0,360.0,846.0
p11,2019-12-05,19946.0,14.050300000000002,3499.16,513.0,87,26,386,,113,626.0,,,,1424.0,355.0,1069.0
p11,2019-12-06,3324.0,2.3382,1951.74,193.0,0,0,823,,0,193.0,,,,1429.0,357.0,1072.0
p11,2019-12-07,8883.0,6.239800000000001,2397.56,251.0,5,35,563,,40,291.0,,40.1,,1430.0,358.0,1072.0
p11,2019-12-08,6033.0,4.2495,2138.17,202.0,6,6,667,,12,214.0,,17.066666666666666,,1431.0,357.0,1074.0
p11,2019-12-09,8470.0,5.8841,2421.45,223.0,37,34,660,,71,294.0,200.0,45.6,45.6,1394.0,357.0,1037.0
p11,2019-12-10,6579.0,4.570200000000001,2148.19,196.0,4,6,746,,10,206.0,,,,1425.0,357.0,1068.0
p11,2019-12-11,22884.0,16.116400000000002,3466.14,621.0,28,35,305,,63,684.0,,,,1428.0,359.0,1069.0
p11,2019-12-12,10954.0,7.668500000000001,3124.52,426.0,35,41,431,,76,502.0,,,,1431.0,358.0,1073.0
p11,2019-12-13,4630.0,3.2599000000000005,2227.69,181.0,12,22,666,,34,215.0,,,,1424.0,354.0,1070.0
p11,2019-12-14,25631.0,18.063200000000002,3421.21,510.0,49,61,527,,110,620.0,,96.43333333333332,27.316666666666666,1300.0,317.0,983.0
p11,2019-12-15,12004.0,8.4665,2872.21,293.0,25,52,650,,77,370.0,,17.066666666666666,,1433.0,355.0,1078.0
p11,2019-12-16,21262.0,14.943100000000001,3167.08,559.0,16,20,410,,36,595.0,,,,1422.0,360.0,1062.0
p11,2019-12-17,13750.0,10.093300000000001,2845.13,274.0,30,56,632,,86,360.0,300.0,48.53333333333333,28.9,1432.0,359.0,1073.0
p11,2019-12-18,15139.0,10.591700000000001,2800.09,473.0,0,0,536,,0,473.0,,19.633333333333333,,1430.0,359.0,1071.0
p11,2019-12-19,19862.0,13.987900000000002,3302.27,517.0,26,35,332,,61,578.0,,,,1430.0,360.0,1070.0
p11,2019-12-20,17849.0,12.538100000000002,3097.62,502.0,41,11,269,,52,554.0,,,,1425.0,359.0,1066.0
p11,2019-12-21,16941.0,11.9343,3076.3,518.0,20,20,440,,40,558.0,,,,1362.0,357.0,1005.0
p11,2019-12-22,3350.0,2.3561,2118.54,191.0,7,13,684,,20,211.0,,,,1432.0,359.0,1073.0
p11,2019-12-23,8428.0,5.938700000000001,2218.79,232.0,3,7,751,,10,242.0,,22.2,,1095.0,357.0,738.0
p11,2019-12-24,7402.0,5.2159,2192.35,184.0,7,29,740,,36,220.0,,21.333333333333332,,1428.0,359.0,1069.0
p11,2019-12-25,3549.0,2.4949000000000003,2150.99,219.0,3,9,729,60.37471961975098,12,231.0,,,,1426.0,357.0,1069.0
p11,2019-12-26,8897.0,6.2709,2327.52,171.0,17,38,740,58.86103343963623,55,226.0,,52.916666666666664,,1408.0,360.0,1048.0
p11,2019-12-27,3790.0,2.6655,2020.77,213.0,0,0,683,58.00174903869629,0,213.0,,,,1420.0,360.0,1060.0
p11,2019-12-28,17923.0,12.622100000000001,3524.37,569.0,60,18,285,57.9563045501709,78,647.0,,,,1413.0,357.0,1056.0
p11,2019-12-29,11288.0,7.885700000000001,2587.41,184.0,14,68,696,58.329511642456055,82,266.0,,73.4,,1413.0,360.0,1053.0
p11,2019-12-30,17595.0,12.394200000000001,3337.41,528.0,51,10,354,59.07677173614502,61,589.0,,,,1425.0,360.0,1065.0
p11,2019-12-31,8429.0,5.929900000000001,2761.18,415.0,17,0,430,60.029128074645996,17,432.0,,,,1392.0,358.0,1034.0
p11,2020-01-01,6572.0,4.6287,2466.2,243.0,17,28,703,64.12816333770752,45,288.0,,,,1428.0,359.0,1069.0
p11,2020-01-02,27995.0,19.7005,3638.77,605.0,47,53,235,64.17614841461182,100,705.0,,90.46666666666665,,1431.0,360.0,1071.0
p11,2020-01-03,17121.0,11.971200000000001,3195.65,512.0,37,33,422,65.18675804138184,70,582.0,,,,1324.0,359.0,965.0
p11,2020-01-04,15798.0,11.1286,2910.91,487.0,5,9,469,67.53467655181885,14,501.0,,18.783333333333335,,1427.0,359.0,1068.0
p11,2020-01-05,3500.0,2.4598000000000004,2037.37,226.0,0,0,664,65.24365329742432,0,226.0,,,,1431.0,360.0,1071.0
p11,2020-01-06,18569.0,13.317000000000002,3193.34,316.0,31,69,553,62.91499423980713,100,416.0,90.0,46.349999999999994,30.133333333333333,1430.0,360.0,1070.0
p11,2020-01-07,7673.0,5.405500000000001,2272.09,251.0,6,3,736,63.92638397216797,9,260.0,,,,1426.0,358.0,1068.0
p11,2020-01-08,15611.0,11.102400000000001,2886.18,429.0,14,28,532,65.8426742553711,42,471.0,,,,1418.0,357.0,1061.0
p11,2020-01-09,14725.0,10.8696,2905.24,258.0,27,64,594,65.14916324615479,91,349.0,150.0,27.3,27.3,1424.0,359.0,1065.0
p11,2020-01-10,8693.0,6.1436,2368.37,226.0,12,19,687,65.64431285858154,31,257.0,,17.933333333333334,,1320.0,359.0,961.0
p11,2020-01-11,6316.0,4.386100000000001,2368.07,292.0,3,7,653,67.32419872283936,10,302.0,,,,1426.0,356.0,1070.0
p11,2020-01-12,7784.0,5.4096,2288.05,258.0,7,16,585,65.85323238372803,23,281.0,,,,1420.0,356.0,1064.0
p11,2020-01-13,15459.0,11.279900000000001,2879.85,236.0,30,74,672,64.66795349121094,104,340.0,200.0,38.233333333333334,22.016666666666666,1427.0,358.0,1069.0
p11,2020-01-14,11648.0,8.2163,2428.4,215.0,12,35,703,63.115875244140625,47,262.0,,46.93333333333333,,1431.0,360.0,1071.0
p11,2020-01-15,8299.0,5.8475,2333.45,186.0,16,43,717,62.23717403411865,59,245.0,,48.65,,1421.0,359.0,1062.0
p11,2020-01-16,12397.0,9.0982,2663.65,243.0,31,38,672,63.85519313812256,69,312.0,80.0,31.45,12.683333333333334,1428.0,358.0,1070.0
p11,2020-01-17,25173.0,18.569300000000002,3626.27,534.0,19,62,346,64.52474784851074,81,615.0,240.0,49.8,33.583333333333336,1416.0,359.0,1057.0
p11,2020-01-18,17569.0,12.377,2967.18,497.0,9,20,406,65.77804183959961,29,526.0,,,,1376.0,360.0,1016.0
p11,2020-01-19,9128.0,6.437800000000001,2240.06,218.0,12,19,590,64.2001256942749,31,249.0,,46.1,,1413.0,358.0,1055.0
p11,2020-01-20,10607.0,7.4247000000000005,2883.4,268.0,33,68,652,62.41092109680176,101,369.0,160.0,15.35,,1406.0,359.0,1047.0
p11,2020-01-21,11421.0,7.710100000000001,2848.7599999999998,214.0,10,75,659,63.17537021636963,85,299.0,500.0,50.0,50.0,1429.0,359.0,1070.0
p11,2020-01-22,9089.0,6.399500000000001,2229.84,196.0,8,25,683,64.95485877990723,33,229.0,,28.166666666666668,,1410.0,357.0,1053.0
p11,2020-01-23,16862.0,11.9031,3164.75,492.0,20,39,343,65.08565711975098,59,551.0,,,,1431.0,359.0,1072.0
p11,2020-01-24,11262.0,7.9712000000000005,2513.54,306.0,6,13,738,66.50057983398438,19,325.0,,,,1377.0,324.0,1053.0
p11,2020-01-25,9743.0,6.8604,3788.42,149.0,28,331,489,66.42219161987305,359,508.0,,330.0,330.0,1428.0,355.0,1073.0
p11,2020-01-26,17863.0,12.5928,3024.18,226.0,60,101,552,66.82357692718506,161,387.0,1080.0,167.18333333333334,167.18333333333334,1425.0,358.0,1067.0
p11,2020-01-27,7847.0,5.527100000000001,2288.66,248.0,11,10,719,67.50121593475342,21,269.0,,,,1422.0,358.0,1064.0
p11,2020-01-28,7334.0,5.1668,2173.7799999999997,204.0,10,14,664,65.6588077545166,24,228.0,,,,1424.0,358.0,1066.0
p11,2020-01-29,10488.0,7.3904000000000005,2436.2,236.0,21,30,666,64.15141868591309,51,287.0,,15.366666666666667,,1429.0,358.0,1071.0
p11,2020-01-30,21837.0,15.307200000000002,3322.64,489.0,31,63,377,63.2834529876709,94,583.0,,56.31666666666667,,1420.0,354.0,1066.0
p11,2020-01-31,17140.0,12.167800000000002,3034.38,482.0,21,8,492,63.408799171447754,29,511.0,,,,1243.0,360.0,883.0
p11,2020-02-01,16336.0,11.508700000000001,2899.2799999999997,504.0,6,8,379,61.0697717666626,14,518.0,,,,1428.0,356.0,1072.0
p11,2020-02-02,11730.0,8.2775,2492.38,206.0,45,31,702,62.40205764770508,76,282.0,,52.06666666666667,,1427.0,358.0,1069.0
p11,2020-02-03,8515.0,5.9713,2503.1,342.0,0,0,719,63.615715980529785,0,342.0,,,,1435.0,359.0,1076.0
p11,2020-02-04,13513.0,9.7117,2813.2,234.0,14,69,517,62.528472900390625,83,317.0,150.0,68.13333333333333,25.450000000000003,1427.0,359.0,1068.0
p11,2020-02-05,7215.0,5.0722000000000005,2291.48,221.0,6,20,715,62.34894943237305,26,247.0,,,,1418.0,359.0,1059.0
p11,2020-02-06,16921.0,11.894200000000001,2943.33,490.0,12,24,400,61.35254096984863,36,526.0,,,,1398.0,360.0,1038.0
p11,2020-02-07,8743.0,6.160100000000001,2387.22,262.0,4,9,643,62.11835861206055,13,275.0,,,,1415.0,354.0,1061.0
p11,2020-02-08,13756.0,9.020100000000001,3561.6,252.0,79,113,557,62.11280345916748,192,444.0,480.0,75.0,57.93333333333333,1306.0,357.0,949.0
p11,2020-02-09,6699.0,4.8277,2357.69,186.0,25,35,764,64.54501247406006,60,246.0,,,,1422.0,353.0,1069.0
p11,2020-02-10,20762.0,14.187800000000001,3868.84,505.0,32,86,333,63.86756706237793,118,623.0,480.0,72.5,57.13333333333333,1428.0,359.0,1069.0
p11,2020-02-11,7358.0,5.1134,2305.2,282.0,0,0,744,63.55196285247803,0,282.0,,,,1418.0,360.0,1058.0
p11,2020-02-12,11139.0,7.709600000000001,2647.14,241.0,86,14,702,62.47495460510254,100,341.0,350.0,75.0,75.0,1418.0,350.0,1068.0
p11,2020-02-13,10801.0,7.350700000000001,2843.74,204.0,40,63,627,61.41959857940674,103,307.0,,46.1,46.1,1427.0,358.0,1069.0
p11,2020-02-14,8941.0,6.320100000000001,2309.7,228.0,5,6,798,62.158249855041504,11,239.0,540.0,,,1428.0,360.0,1068.0
p11,2020-02-15,18391.0,12.994600000000002,3018.29,487.0,8,26,424,64.54026699066162,34,521.0,,,,1366.0,359.0,1007.0
p11,2020-02-16,6023.0,4.2416,2182.66,208.0,15,14,628,64.39687824249268,29,237.0,,,,1423.0,359.0,1064.0
p11,2020-02-17,10987.0,7.4952000000000005,3028.37,248.0,21,84,561,62.51630687713623,105,353.0,480.0,78.8,60.016666666666666,1421.0,358.0,1063.0
p11,2020-02-18,6469.0,4.463900000000001,2141.7599999999998,150.0,13,35,717,62.78920936584473,48,198.0,,15.366666666666667,,1425.0,360.0,1065.0
p11,2020-02-19,17656.0,12.420800000000002,3074.7999999999997,526.0,13,20,387,63.60581970214844,33,559.0,,,,1423.0,357.0,1066.0
p11,2020-02-20,13176.0,8.913,3118.15,279.0,21,65,666,63.44833183288574,86,365.0,480.0,60.0,60.0,1422.0,359.0,1063.0
p11,2020-02-21,14867.0,11.2474,2778.82,210.0,19,56,722,62.342774391174316,75,285.0,210.0,34.06666666666667,34.06666666666667,1160.0,360.0,800.0
p11,2020-02-22,6757.0,4.7724,2146.09,214.0,3,6,742,62.95137119293213,9,223.0,,,,1423.0,356.0,1067.0
p11,2020-02-23,9635.0,6.586100000000001,2880.06,216.0,31,76,579,63.31120014190674,107,323.0,600.0,57.35,57.35,1431.0,360.0,1071.0
p11,2020-02-24,12761.0,7.920100000000001,2756.52,276.0,22,45,629,63.48408222198486,67,343.0,120.0,41.7,41.7,1429.0,359.0,1070.0
p11,2020-02-25,8753.0,5.9671,2251.43,221.0,11,17,688,63.96349239349365,28,249.0,,24.75,,1419.0,358.0,1061.0
p11,2020-02-26,6878.0,4.7069,2232.64,289.0,0,0,692,63.306246757507324,0,289.0,,,,1424.0,360.0,1064.0
p11,2020-02-27,20511.0,14.266600000000002,3465.8,552.0,14,60,279,61.888028144836426,74,626.0,,,,1398.0,354.0,1044.0
p11,2020-02-28,1668.0,1.1720000000000002,1785.1,127.0,0,0,730,62.437686920166016,0,127.0,,,,1424.0,355.0,1069.0
p11,2020-02-29,22380.0,15.909500000000001,3337.5099999999998,571.0,4,22,274,61.61780548095703,26,597.0,,,,1417.0,360.0,1057.0
p11,2020-03-01,15979.0,10.9283,3352.35,249.0,43,110,583,61.84543800354004,153,402.0,540.0,76.48333333333333,52.583333333333336,1417.0,357.0,1060.0
p11,2020-03-02,7996.0,5.6661,2319.24,276.0,3,7,691,64.23892974853516,10,286.0,,,,1392.0,330.0,1062.0
p11,2020-03-03,7515.0,5.2612000000000005,2204.14,186.0,8,12,704,63.19683647155762,20,206.0,,,,1422.0,355.0,1067.0
p11,2020-03-04,10831.0,7.53,2728.0,233.0,26,57,682,65.60882663726807,83,316.0,,,,1424.0,360.0,1064.0
p11,2020-03-05,15097.0,10.570400000000001,2964.7,415.0,24,36,500,66.50652503967285,60,475.0,,,,1406.0,357.0,1049.0
p11,2020-03-06,5706.0,4.0192000000000005,2121.88,199.0,0,0,686,67.85393333435059,0,199.0,,,,1433.0,358.0,1075.0
p11,2020-03-07,9353.0,6.501,2549.55,325.0,11,9,554,68.34346961975098,20,345.0,,,,1403.0,358.0,1045.0
p11,2020-03-08,2153.0,1.5121000000000002,1894.33,167.0,0,0,868,67.39040946960449,0,167.0,,,,1425.0,357.0,1068.0
p11,2020-03-09,4904.0,3.3885000000000005,1975.66,159.0,0,0,821,65.71077919006348,0,159.0,,,,1362.0,318.0,1044.0
p11,2020-03-10,6880.0,4.7384,2204.84,210.0,11,21,694,64.62786293029785,32,242.0,,,,1425.0,360.0,1065.0
p11,2020-03-11,16385.0,11.4008,2803.99,248.0,23,83,611,63.11127471923828,106,354.0,,64.86666666666666,,1416.0,352.0,1064.0
p11,2020-03-12,21313.0,14.8762,3378.8199999999997,522.0,49,26,394,65.43542861938477,75,597.0,,,,1430.0,360.0,1070.0
p11,2020-03-13,3950.0,2.6820000000000004,1820.58,52.0,10,17,861,66.28252029418945,27,79.0,,26.45,,667.0,359.0,308.0
p11,2020-03-14,,,1497.6000000000001,0.0,0,0,1440,,0,0.0,,,,0.0,0.0,0.0
p11,2020-03-15,,,1497.6000000000001,0.0,0,0,1440,,0,0.0,,,,0.0,0.0,0.0
p11,2020-03-16,,,1497.6000000000001,0.0,0,0,1440,,0,0.0,,,,0.0,0.0,0.0
p11,2020-03-17,,,1497.6000000000001,0.0,0,0,1440,,0,0.0,,,,0.0,0.0,0.0
p11,2020-03-18,,,1497.6000000000001,0.0,0,0,1440,,0,0.0,,,,0.0,0.0,0.0
p11,2020-03-19,,,1497.6000000000001,0.0,0,0,1440,,0,0.0,,,,0.0,0.0,0.0
p11,2020-03-20,,,1497.6000000000001,0.0,0,0,1440,,0,0.0,,,,0.0,0.0,0.0
p11,2020-03-21,,,1497.6000000000001,0.0,0,0,1440,,0,0.0,,,,0.0,0.0,0.0
p11,2020-03-22,,,1497.6000000000001,0.0,0,0,1440,,0,0.0,,,,0.0,0.0,0.0
p11,2020-03-23,,,1497.6000000000001,0.0,0,0,1440,,0,0.0,,,,0.0,0.0,0.0
p11,2020-03-24,,,1497.6000000000001,0.0,0,0,1440,,0,0.0,,,,0.0,0.0,0.0
p11,2020-03-25,,,1497.6000000000001,0.0,0,0,1440,,0,0.0,,,,0.0,0.0,0.0
p11,2020-03-26,,,1497.6000000000001,0.0,0,0,1440,,0,0.0,,,,0.0,0.0,0.0
p11,2020-03-27,,,1497.6000000000001,0.0,0,0,1440,,0,0.0,,,,0.0,0.0,0.0
p11,2020-03-28,,,1497.6000000000001,0.0,0,0,1440,,0,0.0,,,,0.0,0.0,0.0
p11,2020-03-29,,,1497.6000000000001,0.0,0,0,1440,,0,0.0,,,,0.0,0.0,0.0
p11,2020-03-30,,,1497.6000000000001,0.0,0,0,1440,,0,0.0,,,,0.0,0.0,0.0
p11,2020-03-31,,,1497.6000000000001,0.0,0,0,1440,,0,0.0,,,,0.0,0.0,0.0
p12,2019-11-01,9503.0,7.085500000000001,2835.21,,14,15,1169,,29,,,,,897.0,28.0,869.0
p12,2019-11-02,,,1684.8,,0,0,1440,,0,,,,,0.0,0.0,0.0
p12,2019-11-03,9784.0,7.2964,2659.92,,5,33,1198,,38,,,,,663.0,0.0,663.0
p12,2019-11-04,11409.0,9.1638,2947.88,,34,37,1169,,71,,,,,835.0,67.0,768.0
p12,2019-11-05,7290.0,5.496,2599.74,,0,0,1209,,0,,,,,634.0,16.0,618.0
p12,2019-11-06,7393.0,5.4615,2617.14,,15,17,1200,,32,,,,,833.0,4.0,829.0
p12,2019-11-07,4211.0,3.0704000000000002,2296.5699999999997,,19,21,1203,,40,,,8.0,8.0,495.0,0.0,495.0
p12,2019-11-08,9382.0,6.9961,2808.85,,16,21,1184,,37,,,,,1100.0,51.0,1049.0
p12,2019-11-09,11087.0,9.6164,2761.1,,19,45,1254,,64,,,24.75,24.75,768.0,360.0,408.0
p12,2019-11-10,5293.0,3.9433000000000002,2446.45,,0,0,1217,,0,,,,,678.0,0.0,678.0
p12,2019-11-11,5954.0,4.441000000000001,2341.86,,0,0,1069,,0,,,,,671.0,0.0,671.0
p12,2019-11-12,8811.0,6.5064,2743.27,,19,21,1178,,40,,,,,641.0,0.0,641.0
p12,2019-11-13,11753.0,9.4451,2970.2999999999997,,15,47,1190,,62,,,,,1069.0,42.0,1027.0
p12,2019-11-14,9503.0,7.125700000000001,2711.85,,15,10,1001,,25,,,,,1230.0,356.0,874.0
p12,2019-11-15,11678.0,8.700600000000001,2823.24,,33,19,816,,52,,,24.733333333333334,,932.0,0.0,932.0
p12,2019-11-16,10768.0,8.029200000000001,2733.7999999999997,,24,12,1162,,36,,,42.66666666666667,,627.0,0.0,627.0
p12,2019-11-17,6839.0,4.819500000000001,2967.85,,34,49,1143,,83,,840.0,94.95,94.95,740.0,0.0,740.0
p12,2019-11-18,12851.0,11.944400000000002,3006.37,,19,62,1190,,81,,350.0,34.75,34.75,861.0,73.0,788.0
p12,2019-11-19,6063.0,4.5162,2642.2999999999997,,8,22,1183,,30,,250.0,,,825.0,0.0,825.0
p12,2019-11-20,10011.0,7.440200000000001,3051.39,,10,16,1081,,26,,,,,831.0,2.0,829.0
p12,2019-11-21,10289.0,7.670100000000001,2919.63,,21,14,1113,,35,,,,,1059.0,33.0,1026.0
p12,2019-11-22,11565.0,8.5053,3116.2,,39,45,1116,,84,,210.0,50.266666666666666,22.966666666666665,876.0,61.0,815.0
p12,2019-11-23,5499.0,4.0982,2350.3399999999997,,0,0,1244,,0,,,,,498.0,0.0,498.0
p12,2019-11-24,7000.0,5.220400000000001,2479.3199999999997,,21,24,844,,45,,720.0,22.183333333333334,,756.0,0.0,756.0
p12,2019-11-25,17833.0,15.719100000000001,3554.92,,40,94,1062,,134,,280.0,57.71666666666667,32.96666666666667,923.0,69.0,854.0
p12,2019-11-26,8302.0,6.1877,2747.81,,14,6,1143,,20,,,,,784.0,21.0,763.0
p12,2019-11-27,14453.0,12.142800000000001,3233.1,,29,76,1132,,105,,280.0,33.96666666666667,33.96666666666667,910.0,63.0,847.0
p12,2019-11-28,8909.0,6.723400000000001,2672.88,,24,18,1197,,42,,,,,844.0,0.0,844.0
p12,2019-11-29,18029.0,15.836300000000001,3586.09,,9,65,1040,,74,,320.0,33.28333333333333,33.28333333333333,1093.0,73.0,1020.0
p12,2019-11-30,14495.0,10.8076,3270.3,,29,49,1053,,78,,,,,1374.0,354.0,1020.0
p12,2019-12-01,7090.0,5.282100000000001,2615.36,,11,21,1143,,32,,,,,542.0,35.0,507.0
p12,2019-12-02,12488.0,11.689300000000001,3039.49,,5,70,1159,,75,,350.0,1.65,1.65,874.0,45.0,829.0
p12,2019-12-03,8768.0,6.497800000000001,2763.22,,20,9,1157,,29,,,,,521.0,9.0,512.0
p12,2019-12-04,12803.0,9.5457,3106.14,,48,29,1071,,77,,,17.916666666666668,,976.0,28.0,948.0
p12,2019-12-05,6412.0,4.778700000000001,2495.2799999999997,,6,5,1213,,11,,,,,735.0,0.0,735.0
p12,2019-12-06,11494.0,10.1928,2767.5499999999997,,15,63,1234,,78,,240.0,59.9,25.766666666666666,592.0,0.0,592.0
p12,2019-12-07,11124.0,8.2964,2676.0499999999997,,31,35,1195,,66,,,63.150000000000006,,669.0,0.0,669.0
p12,2019-12-08,10245.0,7.6381000000000006,2883.67,,41,26,1109,,67,,350.0,27.316666666666666,,610.0,0.0,610.0
p12,2019-12-09,10649.0,7.940600000000001,2846.86,,20,43,1167,,63,,,32.43333333333333,,890.0,53.0,837.0
p12,2019-12-10,11051.0,8.2405,2890.21,,12,27,1135,,39,,,40.96666666666667,,871.0,12.0,859.0
p12,2019-12-11,14109.0,11.8724,3045.32,,22,56,1153,,78,,400.0,22.2,,675.0,0.0,675.0
p12,2019-12-12,11763.0,8.774500000000002,2801.41,,24,60,1183,,84,,,68.26666666666667,,782.0,8.0,774.0
p12,2019-12-13,4502.0,3.3541000000000003,2246.8199999999997,,0,0,1264,,0,,,,,471.0,0.0,471.0
p12,2019-12-14,7282.0,5.430300000000001,2472.69,,7,9,1236,,16,,,27.3,,461.0,15.0,446.0
p12,2019-12-15,8684.0,6.472600000000001,2689.31,,0,0,1164,,0,,770.0,,,694.0,0.0,694.0
p12,2019-12-16,7970.0,5.925000000000001,2581.8,,1,8,1184,,9,,,,,837.0,0.0,837.0
p12,2019-12-17,14029.0,12.529300000000001,3101.29,,23,56,1109,,79,,300.0,47.78333333333333,30.716666666666665,849.0,70.0,779.0
p12,2019-12-18,11263.0,8.399700000000001,2843.0499999999997,,14,27,1156,,41,,,,,861.0,17.0,844.0
p12,2019-12-19,6531.0,4.82,2501.83,,24,29,1241,,53,,,,,1061.0,9.0,1052.0
p12,2019-12-20,9536.0,7.111600000000001,2705.14,,29,16,1170,,45,,,64.86666666666667,,1210.0,359.0,851.0
p12,2019-12-21,7749.0,5.744000000000001,2418.58,,6,7,1252,,13,,,16.216666666666665,,547.0,0.0,547.0
p12,2019-12-22,3249.0,2.4195,2148.73,,0,0,1297,,0,,,,,1398.0,349.0,1049.0
p12,2019-12-23,3636.0,2.7085000000000004,2175.59,,0,0,1273,,0,,,,,973.0,355.0,618.0
p12,2019-12-24,,,1699.1999999999998,,0,0,1440,,0,,,,,0.0,0.0,0.0
p12,2019-12-25,,,1699.1999999999998,,0,0,1440,,0,,,,,0.0,0.0,0.0
p12,2019-12-26,,,1699.1999999999998,,0,0,1440,,0,,,,,0.0,0.0,0.0
p12,2019-12-27,,,1699.1999999999998,,0,0,1440,,0,,,,,0.0,0.0,0.0
p12,2019-12-28,,,1699.1999999999998,,0,0,1440,,0,,,,,0.0,0.0,0.0
p12,2019-12-29,,,1699.1999999999998,,0,0,1440,,0,,,,,829.0,0.0,829.0
p12,2019-12-30,,,1699.1999999999998,,0,0,1440,,0,,,,,1401.0,352.0,1049.0
p12,2019-12-31,,,1684.8,,0,0,1440,,0,,,,,1346.0,358.0,988.0
p12,2020-01-01,,,1684.8,,0,0,1440,,0,,,,,306.0,74.0,232.0
p12,2020-01-02,8096.0,6.0375000000000005,2505.12,,5,32,1234,,37,,,,,881.0,8.0,873.0
p12,2020-01-03,7312.0,5.4347,2518.24,,25,20,1230,,45,,,,,862.0,0.0,862.0
p12,2020-01-04,14869.0,11.096200000000001,2802.77,,55,72,1217,,127,,,,,377.0,0.0,377.0
p12,2020-01-05,5902.0,4.3978,2471.79,,29,12,1212,,41,,490.0,,,574.0,0.0,574.0
p12,2020-01-06,15374.0,12.574900000000001,3163.7,,50,62,1126,,112,,300.0,,,883.0,63.0,820.0
p12,2020-01-07,8090.0,6.031300000000001,2513.0,,3,12,1225,,15,,,,,954.0,22.0,932.0
p12,2020-01-08,12800.0,9.5477,2947.13,,24,37,1155,,61,,,,,1203.0,328.0,875.0
p12,2020-01-09,7478.0,5.5772,2517.6,,14,21,1244,,35,,,,,1088.0,16.0,1072.0
p12,2020-01-10,15846.0,13.1346,3542.95,,33,85,1083,,118,,350.0,40.96666666666667,22.2,1230.0,351.0,879.0
p12,2020-01-11,7741.0,5.772,2492.2599999999998,,17,21,1220,,38,,,45.25,,723.0,0.0,723.0
p12,2020-01-12,20237.0,15.094100000000001,3666.89,,67,64,959,,131,,770.0,109.23333333333332,,1230.0,359.0,871.0
p12,2020-01-13,13283.0,11.215200000000001,3137.12,,27,60,1146,,87,,480.0,21.35,21.35,873.0,65.0,808.0
p12,2020-01-14,7560.0,5.6387,2452.19,,20,17,1263,,37,,,,,525.0,7.0,518.0
p12,2020-01-15,10759.0,7.979100000000001,2903.19,,21,33,1077,,54,,,18.766666666666666,,915.0,11.0,904.0
p12,2020-01-16,11032.0,8.229000000000001,2708.35,,18,36,1200,,54,,,60.58333333333333,,725.0,0.0,725.0
p12,2020-01-17,14791.0,11.032800000000002,3035.2,,34,58,1114,,92,,,58.88333333333333,,742.0,2.0,740.0
p12,2020-01-18,23737.0,17.68,3587.79,,73,94,1008,,167,,,220.13333333333333,,676.0,0.0,676.0
p12,2020-01-19,22837.0,17.0226,3602.36,,59,111,1029,,170,,,185.16666666666666,,773.0,0.0,773.0
p12,2020-01-20,4788.0,3.5692000000000004,2257.27,,23,13,1287,,36,,,,,449.0,0.0,449.0
p12,2020-01-21,7475.0,5.5785,2623.5299999999997,,4,8,1187,,12,,,,,858.0,0.0,858.0
p12,2020-01-22,12593.0,9.3749,3124.49,,26,24,1070,,50,,,,,868.0,14.0,854.0
p12,2020-01-23,10007.0,7.459700000000001,2742.62,,6,11,1144,,17,,,17.066666666666666,,1072.0,6.0,1066.0
p12,2020-01-24,5920.0,4.413200000000001,2345.48,,13,19,1284,,32,,,,,869.0,357.0,512.0
p12,2020-01-25,17635.0,13.158700000000001,3157.8199999999997,,100,69,1138,,169,,,218.46666666666667,,369.0,0.0,369.0
p12,2020-01-26,10014.0,7.469100000000001,2607.42,,32,25,1216,,57,,,61.449999999999996,,566.0,0.0,566.0
p12,2020-01-27,13850.0,10.297500000000001,3120.34,,32,76,1127,,108,,240.0,69.13333333333333,,934.0,72.0,862.0
p12,2020-01-28,12027.0,8.9779,2888.55,,16,41,1152,,57,,,29.016666666666666,,850.0,0.0,850.0
p12,2020-01-29,17317.0,12.921800000000001,3156.08,,52,73,1130,,125,,350.0,95.56666666666666,,836.0,74.0,762.0
p12,2020-01-30,11810.0,8.857700000000001,2915.0299999999997,,22,31,1137,,53,,,,,1004.0,0.0,1004.0
p12,2020-01-31,10515.0,7.833,2959.18,,25,32,1134,,57,,,33.28333333333333,,1126.0,360.0,766.0
p12,2020-02-01,10258.0,7.6446000000000005,2868.64,,30,11,1097,,41,,240.0,98.15,98.15,800.0,0.0,800.0
p12,2020-02-02,15384.0,11.4715,3433.16,,69,46,1005,,115,,600.0,34.15,16.216666666666665,789.0,0.0,789.0
p12,2020-02-03,7918.0,5.902900000000001,2664.74,,27,24,1201,,51,,,26.45,,813.0,15.0,798.0
p12,2020-02-04,8559.0,6.3193,2638.85,,27,25,1203,,52,,,38.4,,524.0,5.0,519.0
p12,2020-02-05,17918.0,13.3169,3617.08,,28,68,992,,96,,1110.0,53.766666666666666,,939.0,78.0,861.0
p12,2020-02-06,7912.0,5.881,2597.91,,0,0,1164,,0,,,,,890.0,20.0,870.0
p12,2020-02-07,17338.0,12.9311,3321.29,,26,52,1044,,78,,480.0,65.71666666666667,,871.0,69.0,802.0
p12,2020-02-08,13047.0,9.729700000000001,2912.66,,45,27,1109,,72,,,105.81666666666666,,674.0,0.0,674.0
p12,2020-02-09,6861.0,5.1124,2649.87,,18,9,1184,,27,,630.0,,,543.0,0.0,543.0
p12,2020-02-10,11512.0,8.5852,2966.06,,15,56,1157,,71,,540.0,47.8,,870.0,64.0,806.0
p12,2020-02-11,10009.0,7.465000000000001,2740.95,,18,42,1197,,60,,,59.733333333333334,,799.0,24.0,775.0
p12,2020-02-12,13878.0,10.349200000000002,3281.5499999999997,,35,48,1059,,83,,480.0,44.36666666666667,,932.0,64.0,868.0
p12,2020-02-13,9259.0,6.901800000000001,2780.86,,25,16,1146,,41,,,,,820.0,50.0,770.0
p12,2020-02-14,11761.0,9.660900000000002,3047.0099999999998,,22,47,1113,,69,,400.0,,,789.0,0.0,789.0
p12,2020-02-15,9388.0,6.995800000000001,2857.0099999999998,,23,5,499,,28,,,,,1253.0,360.0,893.0
p12,2020-02-16,9024.0,7.411900000000001,2871.34,,32,42,1132,,74,,480.0,,,688.0,0.0,688.0
p12,2020-02-17,14977.0,11.511000000000001,3241.19,,69,63,1100,,132,,540.0,,,665.0,63.0,602.0
p12,2020-02-18,18290.0,13.6486,3041.16,,42,74,1157,,116,,,116.91666666666667,,784.0,23.0,761.0
p12,2020-02-19,16893.0,12.6012,3261.74,,29,54,1065,,83,,360.0,64.0,,1124.0,59.0,1065.0
p12,2020-02-20,8159.0,6.0807,2634.61,,0,0,1175,,0,,,,,1290.0,359.0,931.0
p12,2020-02-21,8664.0,6.459600000000001,2642.67,,12,20,1186,,32,,420.0,,,782.0,0.0,782.0
p12,2020-02-22,23546.0,17.5959,3483.41,,79,75,1028,,154,,,132.26666666666668,,1265.0,358.0,907.0
p12,2020-02-23,17145.0,12.7933,3024.2799999999997,,39,64,1029,,103,,,124.58333333333333,,1394.0,359.0,1035.0
p12,2020-02-24,5835.0,4.2898000000000005,2404.5299999999997,,5,2,1265,,7,,,,,1220.0,359.0,861.0
p12,2020-02-25,10583.0,7.893600000000001,2901.57,,40,53,1186,,93,,480.0,35.833333333333336,,604.0,63.0,541.0
p12,2020-02-26,10772.0,8.0127,2821.97,,7,13,1144,,20,,,,,886.0,0.0,886.0
p12,2020-02-27,9274.0,6.9157,2660.87,,2,15,1213,,17,,,,,1109.0,30.0,1079.0
p12,2020-02-28,14767.0,11.017000000000001,3026.7,,35,54,1146,,89,,,,,1239.0,360.0,879.0
p12,2020-02-29,5174.0,3.8574,2246.89,,20,12,1278,,32,,,,,330.0,0.0,330.0
p12,2020-03-01,2926.0,2.1803000000000003,2148.98,,0,0,1323,,0,,,,,780.0,0.0,780.0
p12,2020-03-02,10825.0,8.0501,3012.12,,23,21,1111,,44,,360.0,,,913.0,66.0,847.0
p12,2020-03-03,8495.0,6.3352,2674.31,,12,22,1213,,34,,,,,933.0,29.0,904.0
p12,2020-03-04,4225.0,3.0841000000000003,2222.38,,0,0,1335,,0,,,,,464.0,0.0,464.0
p12,2020-03-05,10426.0,7.760300000000001,2773.08,,7,13,1169,,20,,420.0,,,879.0,33.0,846.0
p12,2020-03-06,3417.0,2.5486000000000004,2025.2299999999998,,15,7,1353,,22,,,,,101.0,66.0,35.0
p12,2020-03-07,2139.0,1.5944,1924.1599999999999,,0,0,1370,,0,,,,,308.0,0.0,308.0
p12,2020-03-08,6349.0,4.7348,2371.94,,19,21,1276,,40,,,,,592.0,0.0,592.0
p12,2020-03-09,14350.0,10.6835,3143.75,,45,60,1132,,105,,350.0,,,948.0,65.0,883.0
p12,2020-03-10,2483.0,1.8517000000000001,1890.07,,0,0,1379,,0,,,,,4.0,0.0,4.0
p12,2020-03-11,9989.0,7.3471,2712.5499999999997,,15,25,1177,,40,,,,,920.0,23.0,897.0
p12,2020-03-12,5175.0,3.8621000000000003,2032.29,,20,20,1368,,40,,,,,283.0,0.0,283.0
p12,2020-03-13,3723.0,2.7733000000000003,2227.96,,0,0,1282,,0,,,,,1436.0,360.0,1076.0
p12,2020-03-14,6255.0,4.643800000000001,2258.14,,28,13,1287,,41,,,,,299.0,3.0,296.0
p12,2020-03-15,0.0,0.0,1695.26,,0,0,1438,,0,,,,,795.0,0.0,795.0
p12,2020-03-16,0.0,0.0,1692.6999999999998,,0,0,1438,,0,,,,,1437.0,358.0,1079.0
p12,2020-03-17,,,1684.8,,0,0,1440,,0,,,,,534.0,357.0,177.0
p12,2020-03-18,,,1670.3999999999999,,0,0,1440,,0,,,,,0.0,0.0,0.0
p12,2020-03-19,,,1684.8,,0,0,1440,,0,,,,,0.0,0.0,0.0
p12,2020-03-20,,,1684.8,,0,0,1440,,0,,,,,0.0,0.0,0.0
p12,2020-03-21,,,1684.8,,0,0,1440,,0,,,,,6.0,0.0,6.0
p12,2020-03-22,0.0,0.0,1685.04,,0,0,1440,,0,,,,,8.0,0.0,8.0
p12,2020-03-23,,,1684.8,,0,0,1440,,0,,,,,0.0,0.0,0.0
p12,2020-03-24,,,1684.8,,0,0,1440,,0,,,,,0.0,0.0,0.0
p12,2020-03-25,,,1684.8,,0,0,1440,,0,,140.0,,,0.0,0.0,0.0
p12,2020-03-26,,,1684.8,,0,0,1440,,0,,,,,0.0,0.0,0.0
p12,2020-03-27,,,1684.8,,0,0,1440,,0,,140.0,,,0.0,0.0,0.0
p12,2020-03-28,,,1684.8,,0,0,1440,,0,,,,,0.0,0.0,0.0
p12,2020-03-29,,,1684.8,,0,0,1440,,0,,,,,0.0,0.0,0.0
p12,2020-03-30,,,1684.8,,0,0,1440,,0,,,,,0.0,0.0,0.0
p12,2020-03-31,,,1684.8,,0,0,1440,,0,,,,,0.0,0.0,0.0
p13,2019-11-01,,,1627.1999999999998,0.0,0,0,1440,,0,0.0,,,,0.0,0.0,0.0
p13,2019-11-02,,,1627.1999999999998,0.0,0,0,1440,,0,0.0,,,,0.0,0.0,0.0
p13,2019-11-03,,,1627.1999999999998,0.0,0,0,1440,,0,0.0,,,,0.0,0.0,0.0
p13,2019-11-04,,,1627.1999999999998,0.0,0,0,1440,,0,0.0,,,,0.0,0.0,0.0
p13,2019-11-05,,,1627.1999999999998,0.0,0,0,1440,,0,0.0,,,,0.0,0.0,0.0
p13,2019-11-06,,,1627.1999999999998,0.0,0,0,1440,,0,0.0,,,,0.0,0.0,0.0
p13,2019-11-07,,,1627.1999999999998,0.0,0,0,1440,,0,0.0,,,,0.0,0.0,0.0
p13,2019-11-08,,,1627.1999999999998,0.0,0,0,1440,,0,0.0,,,,0.0,0.0,0.0
p13,2019-11-09,,,1627.1999999999998,0.0,0,0,1440,,0,0.0,,,,0.0,0.0,0.0
p13,2019-11-10,,,1627.1999999999998,0.0,0,0,1440,,0,0.0,,,,0.0,0.0,0.0
p13,2019-11-11,15051.0,11.075000000000001,2896.23,189.0,46,48,1127,,94,283.0,200.0,49.88333333333333,30.266666666666666,562.0,0.0,562.0
p13,2019-11-12,15896.0,10.614700000000001,3092.5299999999997,376.0,53,17,544,,70,446.0,250.0,16.216666666666665,,1392.0,357.0,1035.0
p13,2019-11-13,7230.0,4.8425,2250.79,155.0,9,12,943,,21,176.0,,15.366666666666667,,1104.0,341.0,763.0
p13,2019-11-14,9631.0,7.206,2447.5099999999998,214.0,2,11,716,,13,227.0,,,,1378.0,359.0,1019.0
p13,2019-11-15,14562.0,11.0324,3144.04,319.0,37,33,543,,70,389.0,,23.033333333333335,,1395.0,359.0,1036.0
p13,2019-11-16,14437.0,10.941400000000002,3274.73,250.0,69,36,613,,105,355.0,,128.85,46.06666666666666,1030.0,360.0,670.0
p13,2019-11-17,16003.0,12.122900000000001,3522.75,416.0,65,2,408,,67,483.0,,64.85,17.916666666666668,1404.0,357.0,1047.0
p13,2019-11-18,18871.0,14.3045,3841.41,353.0,76,42,545,,118,471.0,,33.28333333333333,,1420.0,360.0,1060.0
p13,2019-11-19,17125.0,12.978200000000001,3912.88,429.0,31,19,550,,50,479.0,270.0,23.05,,1420.0,360.0,1060.0
p13,2019-11-20,13893.0,10.5236,3618.87,379.0,59,8,501,,67,446.0,,,,1400.0,359.0,1041.0
p13,2019-11-21,16814.0,12.6523,3832.0,299.0,56,61,578,,117,416.0,,56.333333333333336,,1266.0,359.0,907.0
p13,2019-11-22,20085.0,15.2642,4385.08,347.0,120,76,461,,196,543.0,,,,1378.0,360.0,1018.0
p13,2019-11-23,823.0,0.6231,2008.78,49.0,0,0,947,,0,49.0,,,,496.0,354.0,142.0
p13,2019-11-24,21119.0,15.997900000000001,4192.86,496.0,58,32,407,,90,586.0,,86.2,,1429.0,359.0,1070.0
p13,2019-11-25,17368.0,13.157700000000002,3951.51,398.0,73,22,462,,95,493.0,,16.216666666666665,,1407.0,360.0,1047.0
p13,2019-11-26,20929.0,15.858400000000001,4050.05,377.0,98,48,496,,146,523.0,,42.66666666666667,,1367.0,357.0,1010.0
p13,2019-11-27,24328.0,18.448600000000003,4868.9,544.0,121,65,287,,186,730.0,,,,1369.0,352.0,1017.0
p13,2019-11-28,22289.0,16.9055,4446.46,242.0,209,79,439,,288,530.0,,54.6,15.35,1389.0,353.0,1036.0
p13,2019-11-29,9959.0,7.5398000000000005,3204.39,347.0,14,12,606,,26,373.0,,,,1350.0,346.0,1004.0
p13,2019-11-30,22558.0,17.1138,4617.7,354.0,142,92,296,,234,588.0,,55.483333333333334,24.75,1345.0,357.0,988.0
p13,2019-12-01,,,1847.02,1.0,0,0,1439,,0,1.0,,,,0.0,0.0,0.0
p13,2019-12-02,,,1843.2,0.0,0,0,1440,,0,0.0,,,,0.0,0.0,0.0
p13,2019-12-03,,,1843.2,0.0,0,0,1440,,0,0.0,,,,0.0,0.0,0.0
p13,2019-12-04,,,1843.2,0.0,0,0,1440,,0,0.0,,,,0.0,0.0,0.0
p13,2019-12-05,,,1843.2,0.0,0,0,1440,,0,0.0,,,,0.0,0.0,0.0
p13,2019-12-06,,,1843.2,0.0,0,0,1440,,0,0.0,,,,0.0,0.0,0.0
p13,2019-12-07,,,1828.8,0.0,0,0,1440,,0,0.0,,,,0.0,0.0,0.0
p13,2019-12-08,,,1828.8,0.0,0,0,1440,,0,0.0,,,,0.0,0.0,0.0
p13,2019-12-09,6655.0,4.9999,2583.28,163.0,21,10,1185,,31,194.0,,,,667.0,0.0,667.0
p13,2019-12-10,11485.0,8.666500000000001,3287.71,329.0,28,10,674,,38,367.0,,,,1412.0,359.0,1053.0
p13,2019-12-11,5534.0,4.1934000000000005,2844.5,213.0,6,11,755,,17,230.0,,,,1398.0,356.0,1042.0
p13,2019-12-12,10272.0,7.781000000000001,3662.58,361.0,23,37,521,,60,421.0,,,,1427.0,357.0,1070.0
p13,2019-12-13,16394.0,12.4234,3919.87,291.0,44,89,536,,133,424.0,,70.81666666666666,,1416.0,351.0,1065.0
p13,2019-12-14,15090.0,11.436100000000001,3615.02,270.0,40,59,729,,99,369.0,,64.0,,1424.0,355.0,1069.0
p13,2019-12-15,19092.0,14.469100000000001,3010.05,187.0,37,37,641,,74,261.0,,91.3,,1429.0,355.0,1074.0
p13,2019-12-16,8198.0,6.207800000000001,2827.05,253.0,14,1,1172,,15,268.0,,,,1086.0,356.0,730.0
p13,2019-12-17,8415.0,6.374600000000001,2905.48,171.0,70,7,1192,,77,248.0,,,,759.0,0.0,759.0
p13,2019-12-18,9350.0,7.076300000000001,3377.35,376.0,16,6,356,,22,398.0,,,,1418.0,359.0,1059.0
p13,2019-12-19,22013.0,16.778000000000002,4780.4,354.0,179,71,204,,250,604.0,,57.18333333333334,,1427.0,356.0,1071.0
p13,2019-12-20,25148.0,19.020100000000003,4603.39,487.0,133,39,365,,172,659.0,,66.56666666666666,,1341.0,360.0,981.0
p13,2019-12-21,17831.0,13.514800000000001,4020.16,356.0,124,52,393,,176,532.0,,37.55,,1409.0,357.0,1052.0
p13,2019-12-22,13994.0,10.6018,3457.73,305.0,91,21,436,,112,417.0,,31.583333333333332,,1432.0,359.0,1073.0
p13,2019-12-23,12387.0,9.3849,3449.89,241.0,73,48,531,,121,362.0,,64.85,,1068.0,359.0,709.0
p13,2019-12-24,,,1828.8,0.0,0,0,1440,,0,0.0,,,,0.0,0.0,0.0
p13,2019-12-25,,,1828.8,0.0,0,0,1440,,0,0.0,,,,0.0,0.0,0.0
p13,2019-12-26,,,1828.8,0.0,0,0,1440,,0,0.0,,,,0.0,0.0,0.0
p13,2019-12-27,4851.0,3.6693000000000002,2691.81,222.0,8,0,664,,8,230.0,,,,1358.0,287.0,1071.0
p13,2019-12-28,9400.0,7.0152,3116.68,289.0,12,22,705,,34,323.0,,,,1376.0,359.0,1017.0
p13,2019-12-29,805.0,0.6089,1959.0,42.0,0,0,716,,0,42.0,,,,686.0,360.0,326.0
p13,2019-12-30,,,1843.2,0.0,0,0,1440,,0,0.0,,,,0.0,0.0,0.0
p13,2019-12-31,,,1843.2,0.0,0,0,1440,,0,0.0,,,,0.0,0.0,0.0
p13,2020-01-01,1792.0,1.3565,2071.97,67.0,0,0,1373,,0,67.0,,,,343.0,0.0,343.0
p13,2020-01-02,16762.0,13.661600000000002,3707.08,248.0,18,74,621,,92,340.0,140.0,63.66666666666667,63.66666666666667,1431.0,360.0,1071.0
p13,2020-01-03,3617.0,2.7399000000000004,2353.67,122.0,0,0,847,,0,122.0,,,,919.0,359.0,560.0
p13,2020-01-04,1954.0,1.4780000000000002,2216.0,97.0,0,0,1343,,0,97.0,,,,479.0,0.0,479.0
p13,2020-01-05,3751.0,2.8374,2515.4,183.0,9,1,737,,10,193.0,,,,1029.0,359.0,670.0
p13,2020-01-06,13189.0,10.1394,3768.26,251.0,80,67,509,,147,398.0,,53.75,53.75,1434.0,360.0,1074.0
p13,2020-01-07,13332.0,11.5639,3497.18,259.0,20,46,640,,66,325.0,210.0,25.466666666666665,25.466666666666665,1423.0,360.0,1063.0
p13,2020-01-08,8074.0,6.1146,2781.84,220.0,9,12,719,,21,241.0,,,,1431.0,360.0,1071.0
p13,2020-01-09,7381.0,5.590800000000001,2778.84,231.0,4,12,786,,16,247.0,,,,1311.0,360.0,951.0
p13,2020-01-10,8602.0,6.496300000000001,2967.79,260.0,3,11,706,,14,274.0,,,,1425.0,360.0,1065.0
p13,2020-01-11,7332.0,5.5548,2668.01,182.0,14,7,760,,21,203.0,,,,812.0,359.0,453.0
p13,2020-01-12,0.0,0.0,1843.32,0.0,0,0,1440,,0,0.0,,,,0.0,0.0,0.0
p13,2020-01-13,,,1843.2,0.0,0,0,1440,,0,0.0,,,,0.0,0.0,0.0
p13,2020-01-14,,,1843.2,0.0,0,0,1440,,0,0.0,,,,0.0,0.0,0.0
p13,2020-01-15,,,1843.2,0.0,0,0,1440,,0,0.0,,,,0.0,0.0,0.0
p13,2020-01-16,,,1843.2,0.0,0,0,1440,,0,0.0,,,,0.0,0.0,0.0
p13,2020-01-17,,,1843.2,0.0,0,0,1440,,0,0.0,,,,0.0,0.0,0.0
p13,2020-01-18,,,1843.2,0.0,0,0,1440,,0,0.0,,,,0.0,0.0,0.0
p13,2020-01-19,2097.0,1.5869000000000002,2170.2,98.0,0,0,1342,,0,98.0,,,,381.0,0.0,381.0
p13,2020-01-20,,,1843.2,0.0,0,0,1440,,0,0.0,,,,0.0,0.0,0.0
p13,2020-01-21,,,1843.2,0.0,0,0,1440,,0,0.0,,,,0.0,0.0,0.0
p13,2020-01-22,,,1843.2,0.0,0,0,1440,,0,0.0,,,,0.0,0.0,0.0
p13,2020-01-23,,,1843.2,0.0,0,0,1440,,0,0.0,,,,0.0,0.0,0.0
p13,2020-01-24,477.0,0.36090000000000005,1857.3400000000001,4.0,0,0,1436,,0,4.0,,,,73.0,0.0,73.0
p13,2020-01-25,21284.0,16.0152,4040.64,368.0,29,98,443,,127,495.0,,116.05,81.06666666666666,1429.0,359.0,1070.0
p13,2020-01-26,18753.0,14.293700000000001,3832.38,322.0,16,93,502,,109,431.0,,99.03333333333333,99.03333333333333,1432.0,357.0,1075.0
p13,2020-01-27,10270.0,7.668800000000001,3271.05,355.0,7,4,659,,11,366.0,,,,1433.0,355.0,1078.0
p13,2020-01-28,5988.0,4.5814,2543.97,183.0,0,0,760,,0,183.0,,,,1427.0,359.0,1068.0
p13,2020-01-29,11335.0,8.694500000000001,3125.49,283.0,13,16,564,,29,312.0,,,,1412.0,346.0,1066.0
p13,2020-01-30,2902.0,2.1957,2307.61,147.0,0,0,769,,0,147.0,,,,1016.0,357.0,659.0
p13,2020-01-31,3806.0,2.8821000000000003,2305.9,93.0,15,4,1328,,19,112.0,,,,400.0,0.0,400.0
p13,2020-02-01,908.0,0.6877000000000001,2030.89,34.0,7,2,1397,,9,43.0,210.0,,,643.0,360.0,283.0
p13,2020-02-02,10057.0,7.6093,3232.02,353.0,26,13,1048,,39,392.0,,,,1437.0,360.0,1077.0
p13,2020-02-03,11547.0,8.710700000000001,3268.06,258.0,59,32,1091,,91,349.0,,,,1428.0,358.0,1070.0
p13,2020-02-04,6466.0,4.8740000000000006,2654.9,194.0,12,5,1229,,17,211.0,,,,1426.0,360.0,1066.0
p13,2020-02-05,6075.0,4.599900000000001,2586.96,187.0,0,0,1253,,0,187.0,,,,1423.0,359.0,1064.0
p13,2020-02-06,6160.0,4.6661,2760.2,186.0,38,13,1203,,51,237.0,,,,1425.0,355.0,1070.0
p13,2020-02-07,6506.0,4.9177,2637.2,181.0,22,12,1225,,34,215.0,,,,1428.0,359.0,1069.0
p13,2020-02-08,40.0,0.0302,1920.03,19.0,0,0,1421,,0,19.0,,,,321.0,321.0,0.0
p13,2020-02-09,5347.0,4.0467,2622.87,201.0,18,4,1217,,22,223.0,,,,496.0,0.0,496.0
p13,2020-02-10,4724.0,3.5799000000000003,2307.16,112.0,0,0,1328,,0,112.0,,,,917.0,357.0,560.0
p13,2020-02-11,23.0,0.017400000000000002,1963.33,9.0,1,11,1419,,12,21.0,,,,73.0,0.0,73.0
p13,2020-02-12,6503.0,4.8745,2573.9,181.0,0,0,1259,,0,181.0,,,,1435.0,360.0,1075.0
p13,2020-02-13,7958.0,5.9664,2792.59,240.0,2,8,1190,,10,250.0,,,,1435.0,358.0,1077.0
p13,2020-02-14,8500.0,6.3782000000000005,2756.49,154.0,22,16,1248,,38,192.0,,,,1011.0,359.0,652.0
p13,2020-02-15,38.0,0.028800000000000003,1848.05,2.0,0,0,1438,,0,2.0,,,,2.0,2.0,0.0
p13,2020-02-16,4931.0,3.6670000000000003,2492.8,162.0,0,0,1278,,0,162.0,,,,770.0,0.0,770.0
p13,2020-02-17,3543.0,2.6713,2310.81,104.0,0,0,1336,,0,104.0,,,,875.0,359.0,516.0
p13,2020-02-18,8646.0,8.5539,2857.74,106.0,13,44,1277,,57,163.0,,34.833333333333336,34.833333333333336,885.0,36.0,849.0
p13,2020-02-19,12552.0,9.4236,3164.32,217.0,66,33,1124,,99,316.0,,,,1024.0,12.0,1012.0
p13,2020-02-20,,,1868.97,9.0,0,0,1431,,0,9.0,,,,0.0,0.0,0.0
p13,2020-02-21,,,1843.2,0.0,0,0,1440,,0,0.0,,,,0.0,0.0,0.0
p13,2020-02-22,,,1843.2,0.0,0,0,1440,,0,0.0,,,,0.0,0.0,0.0
p13,2020-02-23,,,1843.2,0.0,0,0,1440,,0,0.0,,,,0.0,0.0,0.0
p13,2020-02-24,,,1843.2,0.0,0,0,1440,,0,0.0,210.0,,,0.0,0.0,0.0
p13,2020-02-25,,,1843.2,0.0,0,0,1440,,0,0.0,,,,0.0,0.0,0.0
p13,2020-02-26,,,1843.2,0.0,0,0,1440,,0,0.0,,,,0.0,0.0,0.0
p13,2020-02-27,,,1843.2,0.0,0,0,1440,,0,0.0,270.0,,,0.0,0.0,0.0
p13,2020-02-28,,,1843.2,0.0,0,0,1440,,0,0.0,,,,0.0,0.0,0.0
p13,2020-02-29,,,1843.2,0.0,0,0,1440,,0,0.0,,,,0.0,0.0,0.0
p13,2020-03-01,,,1843.2,0.0,0,0,1440,,0,0.0,,,,0.0,0.0,0.0
p13,2020-03-02,,,1843.2,0.0,0,0,1440,,0,0.0,,,,0.0,0.0,0.0
p13,2020-03-03,,,1843.2,0.0,0,0,1440,,0,0.0,,,,0.0,0.0,0.0
p13,2020-03-04,,,1843.2,0.0,0,0,1440,,0,0.0,,,,0.0,0.0,0.0
p13,2020-03-05,,,1843.2,0.0,0,0,1440,,0,0.0,,,,0.0,0.0,0.0
p13,2020-03-06,,,1843.2,0.0,0,0,1440,,0,0.0,,,,0.0,0.0,0.0
p13,2020-03-07,,,1843.2,0.0,0,0,1440,,0,0.0,270.0,,,0.0,0.0,0.0
p13,2020-03-08,,,1843.2,0.0,0,0,1440,,0,0.0,,,,0.0,0.0,0.0
p13,2020-03-09,,,1843.2,0.0,0,0,1440,,0,0.0,,,,0.0,0.0,0.0
p13,2020-03-10,,,1843.2,0.0,0,0,1440,,0,0.0,,,,0.0,0.0,0.0
p13,2020-03-11,,,1843.2,0.0,0,0,1440,,0,0.0,,,,0.0,0.0,0.0
p13,2020-03-12,,,1843.2,0.0,0,0,1440,,0,0.0,,,,0.0,0.0,0.0
p13,2020-03-13,,,1843.2,0.0,0,0,1440,,0,0.0,,,,0.0,0.0,0.0
p13,2020-03-14,,,1843.2,0.0,0,0,1440,,0,0.0,,,,0.0,0.0,0.0
p13,2020-03-15,,,1843.2,0.0,0,0,1440,,0,0.0,,,,0.0,0.0,0.0
p13,2020-03-16,,,1843.2,0.0,0,0,1440,,0,0.0,,,,0.0,0.0,0.0
p13,2020-03-17,,,1843.2,0.0,0,0,1440,,0,0.0,,,,0.0,0.0,0.0
p13,2020-03-18,,,1843.2,0.0,0,0,1440,,0,0.0,210.0,,,0.0,0.0,0.0
p13,2020-03-19,,,1843.2,0.0,0,0,1440,,0,0.0,,,,0.0,0.0,0.0
p13,2020-03-20,7204.0,5.4549,2749.14,147.0,67,9,1217,,76,223.0,,17.933333333333334,,616.0,0.0,616.0
p13,2020-03-21,867.0,0.6563000000000001,2015.48,59.0,0,0,934,,0,59.0,,,,499.0,353.0,146.0
p13,2020-03-22,,,1843.2,0.0,0,0,1440,,0,0.0,,,,0.0,0.0,0.0
p13,2020-03-23,,,1843.2,0.0,0,0,1440,,0,0.0,,,,0.0,0.0,0.0
p13,2020-03-24,,,1843.2,0.0,0,0,1440,,0,0.0,,,,0.0,0.0,0.0
p13,2020-03-25,,,1843.2,0.0,0,0,1440,,0,0.0,,,,0.0,0.0,0.0
p13,2020-03-26,93.0,0.0703,1859.41,6.0,0,0,1434,,0,6.0,,,,8.0,0.0,8.0
p13,2020-03-27,,,1843.2,0.0,0,0,1440,,0,0.0,,,,0.0,0.0,0.0
p13,2020-03-28,,,1843.2,0.0,0,0,1440,,0,0.0,,,,0.0,0.0,0.0
p13,2020-03-29,,,1843.2,0.0,0,0,1440,,0,0.0,,,,0.0,0.0,0.0
p13,2020-03-30,,,1843.2,0.0,0,0,1440,,0,0.0,,,,0.0,0.0,0.0
p13,2020-03-31,,,1843.2,0.0,0,0,1440,,0,0.0,,,,0.0,0.0,0.0
p14,2019-11-13,,,1627.1999999999998,0.0,0,0,1440,,0,0.0,,,,0.0,0.0,0.0
p14,2019-11-14,8725.0,6.8025,2373.37,133.0,23,18,1266,62.5,41,174.0,,29.016666666666666,,1064.0,11.0,1053.0
p14,2019-11-15,16612.0,12.2453,3261.86,234.0,37,77,629,66.21768474578857,114,348.0,,81.93333333333334,,1386.0,341.0,1045.0
p14,2019-11-16,6010.0,4.504300000000001,2229.42,173.0,13,10,373,66.18476390838623,23,196.0,,,,1310.0,351.0,959.0
p14,2019-11-17,8845.0,6.830500000000001,2392.0699999999997,168.0,9,39,660,64.53385543823242,48,216.0,,50.53333333333333,,1388.0,351.0,1037.0
p14,2019-11-18,10527.0,7.8805000000000005,2576.18,139.0,28,48,682,62.88513374328613,76,215.0,,55.46666666666667,,1407.0,357.0,1050.0
p14,2019-11-19,16672.0,13.3353,3398.02,184.0,20,132,632,64.19821357727051,152,336.0,450.0,121.45,70.25,1375.0,338.0,1037.0
p14,2019-11-20,9928.0,7.5425,2435.85,142.0,19,42,549,62.988253593444824,61,203.0,,43.53333333333333,,1416.0,356.0,1060.0
p14,2019-11-21,6067.0,4.3654,2184.42,101.0,6,29,670,61.454726219177246,35,136.0,,49.5,,1315.0,354.0,961.0
p14,2019-11-22,1146.0,0.8577,1818.56,65.0,0,0,826,61.37740993499756,0,65.0,,,,1121.0,355.0,766.0
p14,2019-11-23,17345.0,13.0058,2989.19,175.0,32,75,573,62.077860832214355,107,282.0,,77.66666666666667,,1391.0,347.0,1044.0
p14,2019-11-24,23292.0,17.229400000000002,3331.11,192.0,42,124,376,62.02260398864746,166,358.0,,186.03333333333333,,1408.0,358.0,1050.0
p14,2019-11-25,5977.0,4.643000000000001,2288.96,78.0,11,47,876,61.950029373168945,58,136.0,,35.85,,1160.0,357.0,803.0
p14,2019-11-26,9814.0,7.499200000000001,2653.16,133.0,32,61,557,62.066633224487305,93,226.0,250.0,84.08333333333334,42.28333333333333,1264.0,355.0,909.0
p14,2019-11-27,10753.0,7.803100000000001,2553.23,128.0,14,61,774,63.27063179016113,75,203.0,,65.71666666666667,,1354.0,353.0,1001.0
p14,2019-11-28,11064.0,8.467400000000001,2617.71,164.0,9,46,759,63.38948154449463,55,219.0,,51.2,,1399.0,341.0,1058.0
p14,2019-11-29,514.0,0.3849,1713.9999999999998,36.0,0,0,819,,0,36.0,,,,465.0,356.0,109.0
p14,2019-11-30,,,1627.1999999999998,0.0,0,0,1440,,0,0.0,,,,0.0,0.0,0.0
p14,2019-12-01,,,1627.1999999999998,0.0,0,0,1440,,0,0.0,,,,0.0,0.0,0.0
p14,2019-12-02,16616.0,12.1699,3428.69,172.0,54,109,1105,64.27088356018066,163,335.0,280.0,112.63333333333333,33.266666666666666,1124.0,95.0,1029.0
p14,2019-12-03,10993.0,8.0397,2702.64,165.0,22,46,764,66.67873954772949,68,233.0,,50.349999999999994,,1393.0,348.0,1045.0
p14,2019-12-04,11020.0,8.192400000000001,2681.0099999999998,223.0,12,30,679,67.4242057800293,42,265.0,,21.333333333333332,,1386.0,344.0,1042.0
p14,2019-12-05,7162.0,5.370100000000001,2471.27,164.0,11,23,709,69.23947143554688,34,198.0,,23.033333333333335,,1372.0,347.0,1025.0
p14,2019-12-06,13555.0,10.0097,2812.79,231.0,15,41,650,67.40154838562012,56,287.0,,69.98333333333333,,1410.0,352.0,1058.0
p14,2019-12-07,12952.0,10.270700000000001,2788.89,186.0,22,63,455,67.49485683441162,85,271.0,,80.23333333333333,,1371.0,357.0,1014.0
p14,2019-12-08,1223.0,0.916,1835.8799999999999,70.0,0,0,935,66.63847160339355,0,70.0,,,,1058.0,357.0,701.0
p14,2019-12-09,9042.0,6.3749,2916.84,162.0,27,84,560,66.8273401260376,111,273.0,300.0,65.21666666666667,49.86666666666667,1382.0,342.0,1040.0
p14,2019-12-10,17335.0,13.992300000000002,3288.0099999999998,163.0,41,103,694,67.8953504562378,144,307.0,400.0,108.5,50.46666666666667,992.0,228.0,764.0
p14,2019-12-11,10756.0,7.747700000000001,2521.52,145.0,9,52,733,68.7201566696167,61,206.0,,61.43333333333334,,1360.0,352.0,1008.0
p14,2019-12-12,9290.0,6.7865,2333.18,112.0,8,51,578,66.7816801071167,59,171.0,,27.3,,1261.0,345.0,916.0
p14,2019-12-13,17971.0,13.684600000000001,3349.74,173.0,37,130,588,65.73664474487305,167,340.0,350.0,91.76666666666667,10.7,1332.0,272.0,1060.0
p14,2019-12-14,54.0,0.040400000000000005,1638.0299999999997,5.0,0,0,1215,,0,5.0,200.0,,,152.0,152.0,0.0
p14,2019-12-15,,,1627.1999999999998,0.0,0,0,1440,,0,0.0,,,,0.0,0.0,0.0
p14,2019-12-16,9089.0,6.733600000000001,2428.21,148.0,9,37,969,64.43187808990479,46,194.0,,47.8,,1350.0,329.0,1021.0
p14,2019-12-17,9971.0,7.463000000000001,2457.45,175.0,5,40,807,65.02585506439209,45,220.0,,58.866666666666674,,1398.0,337.0,1061.0
p14,2019-12-18,9373.0,6.9584,2636.9,128.0,14,50,724,65.06847476959229,64,192.0,,48.65,,1394.0,357.0,1037.0
p14,2019-12-19,4747.0,3.5597000000000003,2253.6,116.0,3,22,471,67.67055225372314,25,141.0,,25.6,,1367.0,358.0,1009.0
p14,2019-12-20,16968.0,12.686100000000001,3127.09,202.0,41,71,467,70.3452844619751,112,314.0,,94.71666666666667,,1398.0,336.0,1062.0
p14,2019-12-21,15757.0,11.812100000000001,2847.02,187.0,35,65,597,68.92012214660645,100,287.0,,108.38333333333333,,1382.0,326.0,1056.0
p14,2019-12-22,14911.0,11.176200000000001,2740.11,146.0,48,62,552,67.1286211013794,110,256.0,,115.2,,1145.0,356.0,789.0
p14,2019-12-23,6797.0,5.0949,2429.2599999999998,234.0,3,6,624,68.28105449676514,9,243.0,,,,1383.0,353.0,1030.0
p14,2019-12-24,5368.0,3.9588,2268.31,185.0,0,0,670,66.76136875152588,0,185.0,,,,1389.0,356.0,1033.0
p14,2019-12-25,14140.0,10.5469,2748.24,180.0,61,40,572,66.51541423797607,101,281.0,,134.83333333333334,,1390.0,354.0,1036.0
p14,2019-12-26,10475.0,7.8539,2749.68,261.0,7,33,549,66.52790451049805,40,301.0,,44.36666666666667,,1383.0,356.0,1027.0
p14,2019-12-27,12293.0,9.7794,2788.13,150.0,8,65,699,68.09179019927979,73,223.0,250.0,37.45,37.45,1387.0,360.0,1027.0
p14,2019-12-28,9953.0,7.4073,2503.93,179.0,10,26,667,68.53031826019287,36,215.0,,21.35,,1073.0,352.0,721.0
p14,2019-12-29,8352.0,6.221900000000001,2498.25,165.0,6,22,1247,68.57364177703857,28,193.0,,19.633333333333333,,1243.0,177.0,1066.0
p14,2019-12-30,9495.0,7.1195,2722.85,199.0,25,33,758,70.74984836578369,58,257.0,,37.55,,1405.0,355.0,1050.0
p14,2019-12-31,8441.0,6.327400000000001,2658.42,198.0,45,16,739,73.45028781890869,61,259.0,,,,1407.0,358.0,1049.0
p14,2020-01-01,7276.0,5.432300000000001,2599.36,225.0,17,5,847,75.1908369064331,22,247.0,,,,1413.0,357.0,1056.0
p14,2020-01-02,14414.0,10.747300000000001,2662.29,205.0,16,30,827,73.72400665283203,46,251.0,,60.583333333333336,,1405.0,354.0,1051.0
p14,2020-01-03,9461.0,7.021100000000001,2627.38,161.0,11,57,725,74.5508394241333,68,229.0,,52.083333333333336,,1335.0,354.0,981.0
p14,2020-01-04,2501.0,1.8745,1886.8,76.0,4,2,588,72.86369037628174,6,82.0,,,,761.0,357.0,404.0
p14,2020-01-05,9759.0,8.791500000000001,2469.85,78.0,15,58,1289,,73,151.0,150.0,51.766666666666666,23.6,671.0,0.0,671.0
p14,2020-01-06,15513.0,12.9549,3006.71,150.0,47,83,580,70.60910415649414,130,280.0,270.0,95.55000000000001,46.900000000000006,1373.0,355.0,1018.0
p14,2020-01-07,11182.0,8.7765,2594.24,149.0,18,45,640,69.06604766845703,63,212.0,,64.86666666666667,,1382.0,344.0,1038.0
p14,2020-01-08,16395.0,13.721100000000002,2949.0299999999997,161.0,17,68,480,69.25015544891357,85,246.0,180.0,75.8,23.75,1375.0,354.0,1021.0
p14,2020-01-09,18755.0,14.103700000000002,3111.47,166.0,27,105,708,68.52878761291504,132,298.0,,135.68333333333334,,1339.0,355.0,984.0
p14,2020-01-10,11099.0,9.623800000000001,2648.35,132.0,21,58,496,68.83415794372559,79,211.0,180.0,55.25,22.833333333333332,1383.0,357.0,1026.0
p14,2020-01-11,17918.0,15.559500000000002,3046.11,167.0,7,100,602,66.68851470947266,107,274.0,280.0,63.95,63.95,1387.0,360.0,1027.0
p14,2020-01-12,10707.0,8.040600000000001,2322.2,65.0,38,47,743,66.0896348953247,85,150.0,,87.05,,957.0,358.0,599.0
p14,2020-01-13,9647.0,7.1892000000000005,2441.45,180.0,7,40,831,63.81476020812988,47,227.0,,46.08333333333333,,1388.0,332.0,1056.0
p14,2020-01-14,18400.0,15.335300000000002,3419.89,169.0,25,124,495,64.49068927764893,149,318.0,540.0,96.95,51.71666666666667,1398.0,355.0,1043.0
p14,2020-01-15,17044.0,14.101500000000001,3034.45,155.0,18,93,568,65.5712194442749,111,266.0,150.0,96.4,28.116666666666667,1363.0,355.0,1008.0
p14,2020-01-16,25773.0,20.3731,3489.27,197.0,44,136,625,66.04477310180664,180,377.0,150.0,174.51666666666665,27.75,1387.0,359.0,1028.0
p14,2020-01-17,14873.0,11.856100000000001,2931.63,208.0,43,53,554,66.57000541687012,96,304.0,260.0,113.2,56.88333333333333,1398.0,356.0,1042.0
p14,2020-01-18,25060.0,20.485300000000002,3443.4,96.0,36,159,520,65.6075325012207,195,291.0,300.0,140.76666666666665,59.7,1357.0,358.0,999.0
p14,2020-01-19,14575.0,12.678500000000001,2639.5299999999997,91.0,23,72,360,65.37825202941895,95,186.0,120.0,75.95,28.166666666666668,1048.0,360.0,688.0
p14,2020-01-20,11051.0,8.2329,2467.45,173.0,6,39,789,64.35809993743896,45,218.0,,61.43333333333334,,1240.0,284.0,956.0
p14,2020-01-21,21716.0,18.4619,3481.16,177.0,33,131,513,63.00251865386963,164,341.0,440.0,104.48333333333333,60.11666666666666,1359.0,359.0,1000.0
p14,2020-01-22,17775.0,14.478600000000002,3094.18,172.0,8,79,764,63.27900981903076,87,259.0,150.0,68.7,31.15,1367.0,304.0,1063.0
p14,2020-01-23,19970.0,16.227,3154.49,199.0,18,88,757,63.36495876312256,106,305.0,150.0,83.3,29.533333333333335,1402.0,348.0,1054.0
p14,2020-01-24,13903.0,10.597700000000001,2671.31,149.0,16,66,634,63.313992500305176,82,231.0,,87.03333333333333,,1297.0,360.0,937.0
p14,2020-01-25,7362.0,6.3664000000000005,2308.49,117.0,4,32,609,63.419989585876465,36,153.0,80.0,19.316666666666666,19.316666666666666,1331.0,359.0,972.0
p14,2020-01-26,14724.0,12.257000000000001,2775.0099999999998,108.0,24,84,579,65.13426113128662,108,216.0,150.0,88.48333333333333,27.883333333333333,1335.0,360.0,975.0
p14,2020-01-27,10442.0,7.9792000000000005,2531.3399999999997,203.0,7,36,722,65.06856632232666,43,246.0,,44.36666666666667,,1360.0,311.0,1049.0
p14,2020-01-28,18829.0,15.883600000000001,3300.35,132.0,44,106,601,65.45690536499023,150,282.0,540.0,88.53333333333333,46.71666666666667,1232.0,356.0,876.0
p14,2020-01-29,6481.0,4.7148,2162.72,42.0,12,42,1059,67.86181640625,54,96.0,,58.88333333333333,,520.0,0.0,520.0
p14,2020-01-30,13178.0,9.8199,2575.74,123.0,29,66,959,69.50303936004639,95,218.0,180.0,166.18333333333334,72.33333333333333,621.0,0.0,621.0
p14,2020-01-31,12282.0,9.4718,2532.95,160.0,6,43,1080,68.60600757598877,49,209.0,,51.6,,884.0,0.0,884.0
p14,2020-02-01,10650.0,7.9351,2372.6,83.0,19,60,1278,,79,162.0,,88.75,,682.0,0.0,682.0
p14,2020-02-02,4595.0,3.4461000000000004,2008.1799999999998,84.0,14,17,544,68.9162015914917,31,115.0,,33.28333333333333,,1284.0,360.0,924.0
p14,2020-02-03,11002.0,8.184700000000001,2461.12,154.0,13,45,658,67.21428489685059,58,212.0,,66.58333333333333,,1214.0,357.0,857.0
p14,2020-02-04,19215.0,15.749100000000002,3171.0,157.0,24,103,1038,65.89617347717285,127,284.0,360.0,102.23333333333333,38.233333333333334,1013.0,0.0,1013.0
p14,2020-02-05,16118.0,12.2201,2927.45,235.0,8,44,1108,65.29419708251953,52,287.0,,63.15,,1236.0,167.0,1069.0
p14,2020-02-06,14674.0,12.2346,2899.1,125.0,20,80,719,64.37614440917969,100,225.0,300.0,48.333333333333336,48.333333333333336,1389.0,358.0,1031.0
p14,2020-02-07,10025.0,7.477500000000001,2466.97,166.0,3,29,824,64.05546283721924,32,198.0,,21.333333333333332,,1344.0,303.0,1041.0
p14,2020-02-08,31077.0,24.3459,3892.39,168.0,73,172,462,66.48653888702393,245,413.0,300.0,185.7,47.45,1342.0,360.0,982.0
p14,2020-02-09,17831.0,13.3312,2909.41,217.0,32,61,443,66.13677883148193,93,310.0,,115.19999999999999,,1368.0,359.0,1009.0
p14,2020-02-10,9144.0,6.8927000000000005,2499.21,152.0,17,31,1069,65.49364948272705,48,200.0,,52.9,,1235.0,255.0,980.0
p14,2020-02-11,21822.0,17.0337,,125.0,30,131,540,65.72141361236572,161,286.0,490.0,134.78333333333333,38.38333333333333,1343.0,359.0,984.0
p14,2020-02-12,11010.0,8.258700000000001,,176.0,12,37,628,64.92607879638672,49,225.0,,59.733333333333334,,1338.0,359.0,979.0
p14,2020-02-13,12294.0,9.4442,,140.0,9,49,886,64.8047456741333,58,198.0,,59.733333333333334,,970.0,162.0,808.0
p14,2020-02-14,16466.0,13.608300000000002,,189.0,4,80,1098,64.4537935256958,84,273.0,360.0,62.0,45.78333333333333,1084.0,10.0,1074.0
p14,2020-02-15,7151.0,5.357600000000001,,278.0,0,0,524,65.00059700012207,0,278.0,,29.016666666666666,29.016666666666666,1224.0,359.0,865.0
p14,2020-02-16,8378.0,6.216600000000001,,166.0,14,22,1238,64.69979572296143,36,202.0,,18.766666666666666,,1016.0,0.0,1016.0
p14,2020-02-17,9508.0,7.2148,,153.0,9,33,623,63.29109191894531,42,195.0,,45.21666666666667,,1337.0,359.0,978.0
p14,2020-02-18,20338.0,16.1996,,143.0,18,122,796,63.23940467834473,140,283.0,520.0,113.5,58.88333333333333,921.0,13.0,908.0
p14,2020-02-19,6034.0,4.4641,,115.0,7,22,729,62.13304805755615,29,144.0,,40.96666666666667,,1304.0,358.0,946.0
p14,2020-02-20,18519.0,14.7353,,142.0,11,107,821,61.357662200927734,118,260.0,150.0,88.26666666666667,27.683333333333334,1192.0,213.0,979.0
p14,2020-02-21,14916.0,11.8467,,73.0,8,90,814,61.55887413024902,98,171.0,150.0,101.3,28.766666666666666,613.0,218.0,395.0
p14,2020-02-22,6060.0,4.9693000000000005,,66.0,6,25,1343,61.59961128234863,31,97.0,100.0,20.783333333333335,20.783333333333335,533.0,0.0,533.0
p14,2020-02-23,6643.0,5.3761,,96.0,6,32,661,62.206122398376465,38,134.0,100.0,20.316666666666666,20.316666666666666,1209.0,360.0,849.0
p14,2020-02-24,9472.0,7.026700000000001,,91.0,19,59,622,62.06620788574219,78,169.0,,69.96666666666667,,1293.0,360.0,933.0
p14,2020-02-25,11412.0,8.4223,,128.0,18,55,710,62.00037097930908,73,201.0,,89.6,,1397.0,355.0,1042.0
p14,2020-02-26,14534.0,11.3031,,122.0,17,82,606,61.58976078033447,99,221.0,180.0,73.91666666666666,27.833333333333332,1002.0,360.0,642.0
p14,2020-02-27,9784.0,7.3821,,128.0,9,41,1262,61.62771511077881,50,178.0,,54.61666666666666,,1011.0,0.0,1011.0
p14,2020-02-28,19760.0,15.3352,,166.0,29,110,525,61.47603130340576,139,305.0,490.0,104.30000000000001,47.96666666666667,1380.0,358.0,1022.0
p14,2020-02-29,12973.0,10.0128,,117.0,16,64,574,60.81465148925781,80,197.0,150.0,89.7,30.816666666666666,1267.0,360.0,907.0
p14,2020-03-01,204.0,0.1526,,11.0,0,0,866,,0,11.0,,,,270.0,270.0,0.0
p14,2020-03-02,,,,0.0,0,0,1440,,0,0.0,,,,0.0,0.0,0.0
p14,2020-03-03,21941.0,16.929100000000002,,144.0,32,129,1135,61.34584999084473,161,305.0,560.0,116.16666666666666,58.13333333333333,996.0,0.0,996.0
p14,2020-03-04,12857.0,9.7744,,124.0,22,60,721,62.22507190704346,82,206.0,,100.68333333333334,,1343.0,267.0,1076.0
p14,2020-03-05,372.0,0.2787,,17.0,0,0,838,62.00524711608887,0,17.0,360.0,,,422.0,360.0,62.0
p14,2020-03-06,16889.0,12.3444,,220.0,15,67,1138,62.388023376464844,82,302.0,,79.36666666666667,,1019.0,0.0,1019.0
p14,2020-03-07,285.0,0.2136,,11.0,0,0,897,63.942527770996094,0,11.0,120.0,,,363.0,359.0,4.0
p14,2020-03-08,30956.0,24.2831,,184.0,31,176,1049,63.73527431488037,207,391.0,300.0,167.13333333333333,57.05,1121.0,48.0,1073.0
p14,2020-03-09,19005.0,14.815000000000001,,207.0,25,67,731,62.80241012573242,92,299.0,180.0,95.88333333333333,29.333333333333332,1394.0,359.0,1035.0
p14,2020-03-10,11645.0,8.733400000000001,,185.0,22,25,802,61.242576599121094,47,232.0,,33.266666666666666,,1393.0,360.0,1033.0
p14,2020-03-11,9673.0,7.204400000000001,,159.0,11,56,860,61.66065216064453,67,226.0,,51.2,,1347.0,358.0,989.0
p14,2020-03-12,237.0,0.17720000000000002,,15.0,0,0,842,61.89365005493164,0,15.0,,,,418.0,358.0,60.0
p14,2020-03-13,11953.0,9.9219,,121.0,12,66,1241,61.36636257171631,78,199.0,120.0,72.8,25.866666666666667,867.0,0.0,867.0
p14,2020-03-14,18203.0,15.008700000000001,,101.0,14,108,599,59.5143928527832,122,223.0,420.0,107.19999999999999,71.36666666666666,1012.0,360.0,652.0
p14,2020-03-15,8218.0,6.9819,,51.0,8,49,1332,59.66343307495117,57,108.0,200.0,37.88333333333333,37.88333333333333,482.0,0.0,482.0
p14,2020-03-16,46.0,0.0344,,3.0,0,0,923,,0,3.0,,,,293.0,293.0,0.0
p14,2020-03-17,6305.0,5.2617,,51.0,7,41,1341,59.57587242126465,48,99.0,180.0,25.083333333333332,25.083333333333332,588.0,0.0,588.0
p14,2020-03-18,2770.0,2.0408,,117.0,0,0,621,60.23234176635742,0,117.0,,,,1316.0,359.0,957.0
p14,2020-03-19,14346.0,11.6346,,119.0,17,90,809,60.081058502197266,107,226.0,350.0,70.05000000000001,44.45,1203.0,301.0,902.0
p14,2020-03-20,2225.0,1.6666,,113.0,0,0,1067,61.14246845245361,0,113.0,,,,1017.0,27.0,990.0
p14,2020-03-21,18482.0,18.994200000000003,,118.0,8,109,645,59.45655536651611,117,235.0,560.0,86.3,86.3,1139.0,360.0,779.0
p14,2020-03-22,6888.0,6.7514,,67.0,5,38,815,60.19571590423584,43,110.0,120.0,26.516666666666666,26.516666666666666,698.0,301.0,397.0
p14,2020-03-23,5137.0,3.846,,108.0,1,25,1193,60.36244297027588,26,134.0,,25.6,,961.0,0.0,961.0
p14,2020-03-24,7779.0,7.3489,,126.0,8,35,751,60.239386558532715,43,169.0,120.0,25.766666666666666,25.766666666666666,1202.0,246.0,956.0
p14,2020-03-25,6400.0,6.308700000000001,,59.0,4,36,680,61.116074562072754,40,99.0,150.0,24.866666666666667,24.866666666666667,984.0,339.0,645.0
p14,2020-03-26,6917.0,5.246700000000001,,139.0,9,24,704,61.61845111846924,33,172.0,,39.25,,1334.0,327.0,1007.0
p14,2020-03-27,19622.0,16.369500000000002,,118.0,20,127,620,62.2726936340332,147,265.0,120.0,134.93333333333334,25.733333333333334,1211.0,213.0,998.0
p14,2020-03-28,3744.0,2.8084000000000002,,52.0,12,12,945,61.70715618133545,24,76.0,,,,719.0,196.0,523.0
p14,2020-03-29,27173.0,25.6717,,154.0,22,150,601,61.742183685302734,172,326.0,700.0,147.38333333333333,104.71666666666667,1000.0,200.0,800.0
p14,2020-03-30,1640.0,1.2282000000000002,,83.0,0,0,1024,61.63831901550293,0,83.0,,,,1003.0,325.0,678.0
p14,2020-03-31,8586.0,7.688300000000001,,149.0,3,37,835,60.24467658996582,40,189.0,,25.183333333333334,25.183333333333334,1105.0,138.0,967.0
p15,2019-11-08,,,1641.6,0.0,0,0,1440,,0,0.0,,,,0.0,0.0,0.0
p15,2019-11-09,5186.0,3.8452,2319.38,159.0,13,7,1261,58.0,20,179.0,,,,651.0,0.0,651.0
p15,2019-11-10,15235.0,11.3618,3566.68,237.0,42,125,481,57.807162284851074,167,404.0,,58.766666666666666,,1360.0,360.0,1000.0
p15,2019-11-11,13430.0,10.0599,2907.2999999999997,229.0,20,50,612,57.20771408081055,70,299.0,,34.983333333333334,,1221.0,354.0,867.0
p15,2019-11-12,19036.0,15.612100000000002,3330.25,201.0,16,99,661,56.46173572540283,115,316.0,,99.83333333333333,42.666666666666664,1209.0,356.0,853.0
p15,2019-11-13,15421.0,11.218800000000002,3640.65,249.0,26,114,600,56.92208385467529,140,389.0,,127.71666666666667,80.76666666666667,1327.0,337.0,990.0
p15,2019-11-14,6507.0,4.8048,2410.17,215.0,7,10,740,56.21684551239014,17,232.0,,11.1,,1408.0,358.0,1050.0
p15,2019-11-15,11950.0,10.884200000000002,2960.0099999999998,156.0,32,82,696,55.08343696594238,114,270.0,,84.76666666666667,54.03333333333333,1399.0,356.0,1043.0
p15,2019-11-16,9443.0,8.186300000000001,2914.95,213.0,19,44,693,56.327890396118164,63,276.0,,567.1666666666666,567.1666666666666,1365.0,354.0,1011.0
p15,2019-11-17,14947.0,11.160400000000001,3287.48,198.0,34,87,589,56.99093246459961,121,319.0,1440.0,90.46666666666667,90.46666666666667,1399.0,360.0,1039.0
p15,2019-11-18,16353.0,12.328100000000001,3273.27,240.0,44,80,637,57.32547950744629,124,364.0,30.0,102.41666666666667,,1233.0,355.0,878.0
p15,2019-11-19,11871.0,9.5408,2842.1,224.0,6,44,623,57.10204601287842,50,274.0,350.0,23.966666666666665,23.966666666666665,1406.0,358.0,1048.0
p15,2019-11-20,12089.0,8.855500000000001,3170.23,183.0,16,109,629,55.96010780334473,125,308.0,490.0,106.45,73.16666666666667,1388.0,349.0,1039.0
p15,2019-11-21,15729.0,11.6262,3230.64,213.0,19,73,619,54.93721866607666,92,305.0,150.0,84.4,22.116666666666667,1378.0,355.0,1023.0
p15,2019-11-22,12649.0,9.2077,3280.14,256.0,24,90,625,54.33335494995117,114,370.0,540.0,127.89999999999999,75.83333333333333,1387.0,354.0,1033.0
p15,2019-11-23,18950.0,13.295100000000001,3501.42,338.0,63,57,419,54.1515474319458,120,458.0,480.0,86.78333333333333,86.78333333333333,1407.0,359.0,1048.0
p15,2019-11-24,11003.0,8.2086,2588.5899999999997,166.0,12,49,841,55.445197105407715,61,227.0,180.0,61.45,,1136.0,359.0,777.0
p15,2019-11-25,12472.0,9.082600000000001,3021.27,184.0,35,73,605,54.85158824920654,108,292.0,560.0,115.08333333333333,68.15,1395.0,355.0,1040.0
p15,2019-11-26,12602.0,8.973,3239.88,225.0,18,80,648,53.7756462097168,98,323.0,350.0,80.06666666666666,45.06666666666667,1390.0,348.0,1042.0
p15,2019-11-27,9624.0,7.171900000000001,2840.59,327.0,12,5,599,54.55968379974365,17,344.0,80.0,,,1383.0,353.0,1030.0
p15,2019-11-28,11908.0,11.348400000000002,2959.3399999999997,191.0,14,70,629,56.007134437561035,84,275.0,730.0,63.0,63.0,1395.0,350.0,1045.0
p15,2019-11-29,11669.0,11.7225,2920.6,154.0,2,81,646,57.30809020996094,83,237.0,900.0,81.7,81.7,1102.0,346.0,756.0
p15,2019-11-30,13488.0,12.432400000000001,3192.47,206.0,15,82,635,58.386549949645996,97,303.0,,69.08333333333333,69.08333333333333,1390.0,354.0,1036.0
p15,2019-12-01,10408.0,7.7731,2967.44,231.0,18,48,644,58.50502014160156,66,297.0,1110.0,70.28333333333333,60.05,1404.0,352.0,1052.0
p15,2019-12-02,11133.0,8.3193,3131.5899999999997,273.0,12,61,636,57.85385608673096,73,346.0,200.0,54.2,33.71666666666667,1414.0,357.0,1057.0
p15,2019-12-03,9338.0,6.9633,2795.31,164.0,13,69,633,57.801695823669434,82,246.0,240.0,73.93333333333334,38.95,1415.0,358.0,1057.0
p15,2019-12-04,6417.0,4.7822000000000005,2318.89,189.0,2,10,765,56.779991149902344,12,201.0,,11.1,,1387.0,358.0,1029.0
p15,2019-12-05,16487.0,12.219800000000001,2988.06,148.0,49,79,641,54.92530536651611,128,276.0,,91.3,,1416.0,358.0,1058.0
p15,2019-12-06,12803.0,11.7263,3077.46,239.0,23,72,704,54.534077644348145,95,334.0,360.0,73.3,73.3,1334.0,358.0,976.0
p15,2019-12-07,10565.0,9.9686,2741.92,144.0,8,69,601,55.31774044036865,77,221.0,540.0,82.0,82.0,1362.0,356.0,1006.0
p15,2019-12-08,13271.0,12.093200000000001,3029.66,221.0,18,65,564,56.21711540222168,83,304.0,540.0,70.33333333333333,70.33333333333333,1398.0,360.0,1038.0
p15,2019-12-09,16912.0,12.5471,3228.11,206.0,101,77,620,55.830183029174805,178,384.0,,170.45,80.0,1385.0,356.0,1029.0
p15,2019-12-10,18728.0,15.2635,3326.75,198.0,22,93,606,55.32680797576904,115,313.0,860.0,80.68333333333334,53.36666666666667,1408.0,349.0,1059.0
p15,2019-12-11,14518.0,10.7771,3045.24,195.0,11,89,663,55.94547080993652,100,295.0,180.0,90.58333333333334,20.616666666666667,1312.0,359.0,953.0
p15,2019-12-12,16456.0,13.024500000000002,3044.12,162.0,10,91,676,55.41680908203125,101,263.0,300.0,93.26666666666668,56.56666666666667,1407.0,360.0,1047.0
p15,2019-12-13,5673.0,4.2271,2341.18,205.0,0,0,773,55.97493648529053,0,205.0,120.0,,,1153.0,357.0,796.0
p15,2019-12-14,17569.0,9.2825,3147.24,256.0,27,63,581,55.35256290435791,90,346.0,,836.6833333333333,836.6833333333333,1393.0,357.0,1036.0
p15,2019-12-15,13174.0,9.004900000000001,2734.15,149.0,19,65,743,55.52332305908203,84,233.0,540.0,81.83333333333333,81.83333333333333,1391.0,360.0,1031.0
p15,2019-12-16,14587.0,10.5439,3412.0099999999998,174.0,27,128,539,55.138407707214355,155,329.0,630.0,173.53333333333333,84.76666666666667,1372.0,359.0,1013.0
p15,2019-12-17,19255.0,14.0455,3316.58,271.0,5,92,516,55.389580726623535,97,368.0,250.0,788.8833333333333,723.1666666666666,1323.0,356.0,967.0
p15,2019-12-18,16951.0,12.401900000000001,3268.0,221.0,34,94,665,55.2614049911499,128,349.0,360.0,121.16666666666666,43.5,1363.0,360.0,1003.0
p15,2019-12-19,21567.0,16.290200000000002,3382.4,164.0,21,134,640,54.96061992645264,155,319.0,180.0,153.6,31.533333333333335,1385.0,357.0,1028.0
p15,2019-12-20,11000.0,7.946300000000001,3144.92,138.0,33,107,709,54.36319637298584,140,278.0,630.0,153.88333333333335,104.4,1094.0,357.0,737.0
p15,2019-12-21,23554.0,17.12,3678.13,188.0,41,138,520,54.016783714294434,179,367.0,540.0,155.25,85.26666666666667,1383.0,356.0,1027.0
p15,2019-12-22,15790.0,16.026400000000002,3439.63,164.0,9,135,616,53.526339530944824,144,308.0,,134.18333333333334,134.18333333333334,1392.0,354.0,1038.0
p15,2019-12-23,20847.0,19.588700000000003,4106.86,182.0,63,165,403,54.02453327178955,228,410.0,1800.0,174.51666666666668,161.71666666666667,1325.0,354.0,971.0
p15,2019-12-24,5759.0,4.2879000000000005,2502.34,265.0,0,0,554,54.75826358795166,0,265.0,100.0,,,1383.0,359.0,1024.0
p15,2019-12-25,19403.0,20.2632,3701.18,135.0,8,171,531,54.3559513092041,179,314.0,1800.0,180.05,180.05,1395.0,354.0,1041.0
p15,2019-12-26,10691.0,9.582400000000002,2931.5699999999997,239.0,31,46,499,54.47832489013672,77,316.0,360.0,57.166666666666664,57.166666666666664,1387.0,357.0,1030.0
p15,2019-12-27,16999.0,17.8304,3518.7,152.0,25,137,545,54.04421043395996,162,314.0,1440.0,162.11666666666667,162.11666666666667,1383.0,349.0,1034.0
p15,2019-12-28,13861.0,10.345,3297.52,168.0,21,112,598,53.42056369781494,133,301.0,1620.0,109.51666666666667,109.51666666666667,1353.0,349.0,1004.0
p15,2019-12-29,8828.0,8.0654,2620.77,103.0,30,62,648,54.03110122680664,92,195.0,1800.0,74.08333333333333,74.08333333333333,1120.0,353.0,767.0
p15,2019-12-30,16041.0,15.4396,3516.29,190.0,9,127,622,53.51182460784912,136,326.0,1800.0,131.8,131.8,1389.0,358.0,1031.0
p15,2019-12-31,14366.0,14.464100000000002,3378.83,130.0,3,123,675,53.341278076171875,126,256.0,840.0,123.7,123.7,1384.0,348.0,1036.0
p15,2020-01-01,16394.0,16.120900000000002,3607.38,158.0,16,143,634,55.57780456542969,159,317.0,1080.0,147.68333333333334,147.68333333333334,1402.0,359.0,1043.0
p15,2020-01-02,7116.0,5.3043000000000005,2420.81,151.0,31,23,697,55.26144599914551,54,205.0,,23.05,,1387.0,359.0,1028.0
p15,2020-01-03,11031.0,10.8076,3004.89,176.0,6,74,709,54.534358978271484,80,256.0,,79.45,79.45,1396.0,356.0,1040.0
p15,2020-01-04,7209.0,5.3722,2559.35,223.0,26,6,632,53.22039604187012,32,255.0,630.0,,,1383.0,345.0,1038.0
p15,2020-01-05,16883.0,11.364600000000001,2960.27,147.0,38,88,480,53.43681335449219,126,273.0,400.0,141.43333333333334,141.43333333333334,1276.0,348.0,928.0
p15,2020-01-06,15656.0,11.3009,3685.77,264.0,25,137,543,53.44004726409912,162,426.0,560.0,160.3,92.03333333333333,1382.0,347.0,1035.0
p15,2020-01-07,16709.0,12.934700000000001,3106.69,198.0,23,84,689,53.02932262420654,107,305.0,300.0,86.16666666666666,46.9,1356.0,357.0,999.0
p15,2020-01-08,12504.0,9.0525,3234.89,199.0,18,110,622,52.755282402038574,128,327.0,630.0,126.71666666666667,79.76666666666667,1387.0,353.0,1034.0
p15,2020-01-09,13082.0,9.4951,3006.63,239.0,12,60,601,52.70371150970459,72,311.0,150.0,71.66666666666666,34.11666666666667,1399.0,356.0,1043.0
p15,2020-01-10,10342.0,9.8108,2978.94,209.0,7,70,596,52.73064994812012,77,286.0,350.0,71.08333333333333,71.08333333333333,1401.0,352.0,1049.0
p15,2020-01-11,17138.0,14.8779,3704.54,217.0,39,134,528,54.6773796081543,173,390.0,600.0,161.25,128.81666666666666,1387.0,354.0,1033.0
p15,2020-01-12,14325.0,14.075000000000001,3615.24,170.0,25,117,446,53.8531436920166,142,312.0,840.0,131.78333333333333,131.78333333333333,1402.0,354.0,1048.0
p15,2020-01-13,11119.0,8.609,3216.08,148.0,30,115,700,54.34998035430908,145,293.0,630.0,129.95,96.66666666666667,1161.0,356.0,805.0
p15,2020-01-14,19788.0,16.1198,3323.21,225.0,24,106,669,55.11507034301758,130,355.0,300.0,168.78333333333333,112.45,1393.0,354.0,1039.0
p15,2020-01-15,13415.0,10.5286,3218.5299999999997,226.0,21,97,646,54.981438636779785,118,344.0,420.0,113.76666666666667,66.83333333333333,1372.0,357.0,1015.0
p15,2020-01-16,18350.0,19.3151,3727.07,144.0,4,163,658,54.112525939941406,167,311.0,,165.36666666666667,165.36666666666667,1373.0,352.0,1021.0
p15,2020-01-17,10000.0,9.188,2941.48,173.0,9,58,695,56.023396492004395,67,240.0,420.0,54.45,54.45,1405.0,360.0,1045.0
p15,2020-01-18,13252.0,13.7971,3220.19,121.0,18,113,679,57.10157299041748,131,252.0,960.0,117.55,117.55,1417.0,357.0,1060.0
p15,2020-01-19,15075.0,14.757600000000002,3309.84,144.0,18,122,613,57.56239891052246,140,284.0,840.0,116.95,116.95,1311.0,357.0,954.0
p15,2020-01-20,11924.0,9.162500000000001,3131.69,162.0,34,93,710,57.16038799285889,127,289.0,630.0,120.11666666666666,85.11666666666666,1340.0,357.0,983.0
p15,2020-01-21,14777.0,10.235800000000001,3101.87,153.0,17,78,665,55.95334720611572,95,248.0,420.0,83.23333333333333,83.23333333333333,1396.0,360.0,1036.0
p15,2020-01-22,10352.0,7.429800000000001,3360.0299999999997,284.0,29,76,595,55.156211853027344,105,389.0,420.0,98.08333333333333,72.46666666666667,1403.0,354.0,1049.0
p15,2020-01-23,14818.0,10.629600000000002,3397.79,242.0,34,97,599,53.83052921295166,131,373.0,300.0,65.86666666666666,5.283333333333333,1379.0,352.0,1027.0
p15,2020-01-24,13087.0,9.7138,3104.15,305.0,18,27,639,53.71842098236084,45,350.0,,34.983333333333334,,1405.0,357.0,1048.0
p15,2020-01-25,17005.0,12.680100000000001,3230.39,209.0,49,82,692,55.285231590270996,131,340.0,,113.51666666666667,,1407.0,355.0,1052.0
p15,2020-01-26,19254.0,13.759,3089.0099999999998,142.0,28,105,579,54.394680976867676,133,275.0,600.0,164.83333333333334,164.83333333333334,1400.0,355.0,1045.0
p15,2020-01-27,10129.0,7.277900000000001,3183.41,202.0,27,88,604,53.513153076171875,115,317.0,630.0,79.56666666666666,79.56666666666666,1311.0,353.0,958.0
p15,2020-01-28,14586.0,9.245500000000002,3038.36,157.0,8,70,616,53.60969829559326,78,235.0,420.0,71.3,71.3,1389.0,354.0,1035.0
p15,2020-01-29,15215.0,11.048300000000001,3534.16,258.0,36,105,576,54.10439491271973,141,399.0,420.0,103.56666666666666,67.71666666666667,1376.0,345.0,1031.0
p15,2020-01-30,12037.0,12.0966,3008.16,167.0,9,86,583,54.438395500183105,95,262.0,540.0,92.65,92.65,1379.0,349.0,1030.0
p15,2020-01-31,12250.0,11.521600000000001,3120.95,215.0,3,80,582,54.67650032043457,83,298.0,630.0,78.8,78.8,1381.0,355.0,1026.0
p15,2020-02-01,12368.0,12.693200000000001,3109.23,119.0,14,104,719,54.81351852416992,118,237.0,700.0,101.8,101.8,1290.0,355.0,935.0
p15,2020-02-02,16326.0,15.814100000000002,3750.15,213.0,22,138,535,54.50321006774902,160,373.0,1080.0,126.21666666666667,126.21666666666667,1360.0,358.0,1002.0
p15,2020-02-03,16302.0,12.158500000000002,3224.7599999999998,282.0,22,72,591,54.14263916015625,94,376.0,,85.33333333333334,,1338.0,353.0,985.0
p15,2020-02-04,17495.0,12.327900000000001,3472.14,214.0,50,95,561,53.00606727600098,145,359.0,350.0,202.36666666666667,202.36666666666667,1333.0,351.0,982.0
p15,2020-02-05,13214.0,9.852200000000002,2941.47,291.0,31,35,545,52.48157215118408,66,357.0,,35.833333333333336,,1297.0,348.0,949.0
p15,2020-02-06,15784.0,15.862000000000002,3604.19,180.0,22,142,669,51.07762908935547,164,344.0,1440.0,155.35,155.35,1280.0,344.0,936.0
p15,2020-02-07,17029.0,15.793300000000002,3668.64,201.0,19,140,654,52.649657249450684,159,360.0,1440.0,169.36666666666667,169.36666666666667,1390.0,357.0,1033.0
p15,2020-02-08,9556.0,7.924600000000001,2813.62,188.0,33,55,633,54.27710819244385,88,276.0,210.0,32.71666666666667,32.71666666666667,1368.0,356.0,1012.0
p15,2020-02-09,15059.0,9.639700000000001,2881.5499999999997,123.0,22,94,617,53.69105529785156,116,239.0,600.0,114.36666666666666,114.36666666666666,1324.0,352.0,972.0
p15,2020-02-10,4348.0,3.2377000000000002,2184.22,201.0,0,0,708,51.83596706390381,0,201.0,,,,1315.0,348.0,967.0
p15,2020-02-11,14919.0,11.1308,3133.0,174.0,57,84,574,50.800506591796875,141,315.0,,67.41666666666666,,1368.0,357.0,1011.0
p15,2020-02-12,13852.0,10.3336,2977.16,219.0,29,65,649,51.11022472381592,94,313.0,,71.68333333333334,,1317.0,352.0,965.0
p15,2020-02-13,13446.0,9.9501,2921.0699999999997,182.0,15,76,649,49.893311500549316,91,273.0,,78.51666666666667,,1239.0,358.0,881.0
p15,2020-02-14,14044.0,10.4105,2990.31,161.0,27,87,687,49.69369411468506,114,275.0,,72.53333333333333,,1295.0,355.0,940.0
p15,2020-02-15,19953.0,13.556000000000001,3353.98,151.0,23,121,633,51.487457275390625,144,295.0,600.0,131.38333333333333,119.43333333333334,1372.0,358.0,1014.0
p15,2020-02-16,6658.0,4.9583,2479.56,269.0,4,3,536,52.10250473022461,7,276.0,,,,1295.0,358.0,937.0
p15,2020-02-17,14382.0,10.5204,3239.24,166.0,27,104,677,53.342894554138184,131,297.0,720.0,131.93333333333334,131.93333333333334,1368.0,358.0,1010.0
p15,2020-02-18,17397.0,16.955000000000002,3656.67,137.0,54,151,472,53.59341239929199,205,342.0,1440.0,168.75,157.65,1318.0,350.0,968.0
p15,2020-02-19,15571.0,15.412300000000002,3436.59,169.0,13,131,557,53.359418869018555,144,313.0,,123.28333333333333,123.28333333333333,1375.0,360.0,1015.0
p15,2020-02-20,14774.0,13.4099,3167.66,174.0,25,103,694,54.19353485107422,128,302.0,630.0,84.78333333333333,84.78333333333333,1295.0,354.0,941.0
p15,2020-02-21,20054.0,19.8546,3714.38,157.0,17,172,585,53.85183525085449,189,346.0,1620.0,189.16666666666669,189.16666666666669,1339.0,354.0,985.0
p15,2020-02-22,14646.0,13.5295,3536.85,202.0,62,117,442,54.59869956970215,179,381.0,960.0,124.73333333333333,124.73333333333333,1375.0,356.0,1019.0
p15,2020-02-23,19967.0,14.006400000000001,3090.0099999999998,146.0,59,103,507,54.92684078216553,162,308.0,360.0,165.25,165.25,1362.0,359.0,1003.0
p15,2020-02-24,13130.0,9.799800000000001,2932.35,197.0,12,73,734,53.66111469268799,85,282.0,,72.15,,1345.0,355.0,990.0
p15,2020-02-25,11479.0,8.5615,2765.08,195.0,41,42,735,51.994688987731934,83,278.0,,80.23333333333333,,1309.0,355.0,954.0
p15,2020-02-26,17773.0,13.252600000000001,3589.12,245.0,61,108,482,52.48948955535889,169,414.0,,67.41666666666666,,1338.0,356.0,982.0
p15,2020-02-27,11439.0,8.4002,2781.7599999999998,211.0,16,45,730,52.62321949005127,61,272.0,,40.96666666666667,,1188.0,349.0,839.0
p15,2020-02-28,17036.0,12.699100000000001,3572.0099999999998,225.0,30,123,584,53.252747535705566,153,378.0,840.0,132.06666666666666,132.06666666666666,1341.0,359.0,982.0
p15,2020-02-29,18784.0,17.550600000000003,3826.71,238.0,34,153,546,54.46369457244873,187,425.0,720.0,173.18333333333334,173.18333333333334,1348.0,355.0,993.0
p15,2020-03-01,15142.0,13.412300000000002,3296.81,214.0,34,111,603,55.15640068054199,145,359.0,1260.0,167.2,167.2,1351.0,349.0,1002.0
p15,2020-03-02,10536.0,7.8501,2787.98,204.0,23,45,799,53.78923034667969,68,272.0,,30.71666666666667,,1309.0,347.0,962.0
p15,2020-03-03,12410.0,9.1918,2904.14,188.0,30,79,1143,53.7810001373291,109,297.0,,92.16666666666666,,1370.0,349.0,1021.0
p15,2020-03-04,10310.0,7.689500000000001,2710.63,156.0,22,62,579,53.68789768218994,84,240.0,,67.43333333333334,,1394.0,356.0,1038.0
p15,2020-03-05,21591.0,19.4322,3754.2599999999998,195.0,27,156,612,54.938899993896484,183,378.0,,177.18333333333334,121.71666666666667,1352.0,332.0,1020.0
p15,2020-03-06,30146.0,22.005100000000002,4338.07,105.0,37,263,510,55.05061435699463,300,405.0,,305.43333333333334,192.8,1308.0,346.0,962.0
p15,2020-03-07,11091.0,8.266300000000001,2617.09,173.0,9,51,734,54.36316394805908,60,233.0,,56.31666666666667,,1360.0,339.0,1021.0
p15,2020-03-08,10180.0,7.524000000000001,2977.74,292.0,10,30,732,53.59245014190674,40,332.0,,26.45,26.45,1353.0,340.0,1013.0
p15,2020-03-09,7829.0,5.833900000000001,2598.86,260.0,12,11,672,53.16079807281494,23,283.0,,,,1388.0,356.0,1032.0
p15,2020-03-10,9485.0,7.0262,2680.46,156.0,35,44,718,53.40140342712402,79,235.0,,23.033333333333335,,1380.0,348.0,1032.0
p15,2020-03-11,15572.0,11.5821,3059.89,188.0,35,95,1085,53.456833839416504,130,318.0,,116.91666666666667,46.083333333333336,1185.0,345.0,840.0
p15,2020-03-12,15689.0,11.6989,3625.57,196.0,49,132,589,52.60077095031738,181,377.0,,346.23333333333335,346.23333333333335,1342.0,359.0,983.0
p15,2020-03-13,17184.0,15.544400000000001,3914.99,225.0,28,147,580,52.24573993682861,175,400.0,,136.08333333333334,136.08333333333334,1412.0,360.0,1052.0
p15,2020-03-14,19207.0,17.1752,4130.8,168.0,41,193,470,52.57822608947754,234,402.0,,159.65,159.65,1417.0,360.0,1057.0
p15,2020-03-15,6769.0,4.9237,3037.77,227.0,29,48,656,52.43131065368652,77,304.0,,14.5,,1422.0,360.0,1062.0
p15,2020-03-16,12205.0,7.9209000000000005,3590.66,178.0,4,135,628,52.49947738647461,139,317.0,730.0,943.1,34.45,1423.0,360.0,1063.0
p15,2020-03-17,12505.0,8.4512,3454.22,168.0,20,136,620,52.56961727142334,156,324.0,780.0,170.85,81.81666666666666,1419.0,360.0,1059.0
p15,2020-03-18,16445.0,11.711900000000002,3885.97,152.0,14,181,551,52.48140621185303,195,347.0,1020.0,190.68333333333334,75.95,1415.0,359.0,1056.0
p15,2020-03-19,13140.0,7.802100000000001,3661.31,106.0,29,153,584,52.56710433959961,182,288.0,780.0,473.78333333333336,85.18333333333334,1223.0,356.0,867.0
p15,2020-03-20,15865.0,12.9356,3035.09,131.0,11,115,676,52.36586284637451,126,257.0,600.0,151.13333333333333,,1422.0,359.0,1063.0
p15,2020-03-21,8490.0,5.639200000000001,2864.09,280.0,30,20,587,50.87630653381348,50,330.0,540.0,98.78333333333333,98.78333333333333,1315.0,356.0,959.0
p15,2020-03-22,9364.0,5.3909,3996.23,171.0,75,154,505,49.79665565490723,229,400.0,840.0,149.66666666666666,129.2,1411.0,360.0,1051.0
p15,2020-03-23,8809.0,6.5718000000000005,2728.2799999999997,156.0,3,55,768,49.68869686126709,58,214.0,240.0,56.31666666666667,,1410.0,360.0,1050.0
p15,2020-03-24,5877.0,2.5605,3373.6,213.0,5,84,654,49.67430591583252,89,302.0,600.0,109.7,109.7,1402.0,360.0,1042.0
p15,2020-03-25,10294.0,7.682500000000001,2846.47,141.0,5,67,690,50.14663124084473,72,213.0,360.0,93.01666666666667,,1416.0,354.0,1062.0
p15,2020-03-26,4076.0,2.0978000000000003,2286.4,137.0,10,13,755,50.29250907897949,23,160.0,720.0,105.63333333333334,105.63333333333334,1041.0,359.0,682.0
p15,2020-03-27,8976.0,6.693700000000001,3404.72,226.0,38,84,506,49.91049671173096,122,348.0,300.0,47.78333333333333,,1426.0,360.0,1066.0
p15,2020-03-28,6581.0,2.3454,3705.36,160.0,10,119,648,49.79629898071289,129,289.0,720.0,116.1,116.1,1402.0,357.0,1045.0
p15,2020-03-29,13796.0,10.289800000000001,3199.5699999999997,211.0,24,92,565,49.70303249359131,116,327.0,,56.3,18.766666666666666,1407.0,360.0,1047.0
p15,2020-03-30,5241.0,2.4039,3566.68,186.0,10,104,580,49.322346687316895,114,300.0,,94.18333333333334,94.18333333333334,1410.0,358.0,1052.0
p15,2020-03-31,9841.0,7.3378000000000005,3034.19,228.0,39,47,628,49.231117248535156,86,314.0,,45.25,,1409.0,360.0,1049.0
p16,2019-11-01,3062.0,2.2435,2142.0499999999997,107.0,0,0,907,65.24305152893066,0,107.0,,,,1333.0,284.0,1049.0
p16,2019-11-02,1472.0,1.1068,1958.34,94.0,0,0,874,66.18765544891357,0,94.0,,,,1257.0,290.0,967.0
p16,2019-11-03,610.0,0.45730000000000004,1859.87,59.0,0,0,990,67.24264144897461,0,59.0,,,,1123.0,247.0,876.0
p16,2019-11-04,2177.0,1.6389000000000002,1940.75,80.0,8,4,740,66.31688213348389,12,92.0,,,,1077.0,342.0,735.0
p16,2019-11-05,1690.0,1.2723000000000002,1922.04,67.0,0,0,816,65.78382301330566,0,67.0,,,,1133.0,194.0,939.0
p16,2019-11-06,597.0,0.44820000000000004,1852.98,53.0,0,0,802,64.45473194122314,0,53.0,,,,1228.0,300.0,928.0
p16,2019-11-07,4588.0,3.4191000000000003,2245.8199999999997,92.0,20,17,925,64.20050811767578,37,129.0,,,,1342.0,356.0,986.0
p16,2019-11-08,4786.0,3.6137,2244.49,109.0,11,17,867,65.58735179901123,28,137.0,,,,1371.0,355.0,1016.0
p16,2019-11-09,1709.0,1.286,1878.9099999999999,78.0,0,0,685,65.79418468475342,0,78.0,,,,1200.0,359.0,841.0
p16,2019-11-10,729.0,0.5479,1833.1299999999999,54.0,0,0,987,65.82270240783691,0,54.0,,,,966.0,204.0,762.0
p16,2019-11-11,340.0,0.25520000000000004,1760.83,29.0,0,0,851,66.2117748260498,0,29.0,,,,956.0,358.0,598.0
p16,2019-11-12,4724.0,3.5586,2237.75,95.0,7,21,880,66.5682725906372,28,123.0,,,,1119.0,358.0,761.0
p16,2019-11-13,1061.0,0.798,1827.6499999999999,56.0,0,0,809,67.72682094573975,0,56.0,,,,1128.0,307.0,821.0
p16,2019-11-14,4203.0,3.1678,2174.04,77.0,16,18,962,68.92206954956055,34,111.0,,,,1179.0,254.0,925.0
p16,2019-11-15,4553.0,3.4322000000000004,2126.85,102.0,5,8,893,68.85928726196289,13,115.0,,,,1278.0,292.0,986.0
p16,2019-11-16,2679.0,2.0171,2078.7,135.0,0,0,813,67.79998588562012,0,135.0,,,,1307.0,313.0,994.0
p16,2019-11-17,1594.0,1.1989,1943.83,89.0,0,0,824,68.6587142944336,0,89.0,,,,1231.0,283.0,948.0
p16,2019-11-18,1838.0,1.3847,1970.24,67.0,9,4,818,67.63545989990234,13,80.0,,,,1312.0,268.0,1044.0
p16,2019-11-19,1998.0,1.5044000000000002,1976.1599999999999,90.0,0,0,935,67.5720911026001,0,90.0,,15.366666666666667,,1306.0,234.0,1072.0
p16,2019-11-20,1233.0,0.9264000000000001,1952.9599999999998,91.0,0,0,871,68.00915813446045,0,91.0,,,,1230.0,283.0,947.0
p16,2019-11-21,5438.0,4.1448,2213.5,117.0,3,8,880,68.19139003753662,11,128.0,,,,1290.0,313.0,977.0
p16,2019-11-22,4593.0,3.4609,2245.97,118.0,22,7,709,68.89485454559326,29,147.0,,,,1223.0,312.0,911.0
p16,2019-11-23,2103.0,1.5836000000000001,1974.9499999999998,88.0,0,0,873,69.17442226409912,0,88.0,,,,1265.0,290.0,975.0
p16,2019-11-24,1124.0,0.8442000000000001,1880.3899999999999,79.0,0,0,887,68.77592372894287,0,79.0,,,,1215.0,274.0,941.0
p16,2019-11-25,847.0,0.6366,1871.1599999999999,56.0,0,0,912,68.20621109008789,0,56.0,,,,1266.0,286.0,980.0
p16,2019-11-26,907.0,0.6815,1896.58,67.0,0,0,847,66.95436668395996,0,67.0,,,,1270.0,285.0,985.0
p16,2019-11-27,4527.0,3.4176,2168.77,104.0,9,12,1037,67.5731029510498,21,125.0,,,,1276.0,272.0,1004.0
p16,2019-11-28,4089.0,3.1801000000000004,2175.72,98.0,8,14,900,66.02267265319824,22,120.0,,,,1162.0,214.0,948.0
p16,2019-11-29,2965.0,2.233,2103.7799999999997,121.0,0,0,702,66.24518871307373,0,121.0,,,,1280.0,358.0,922.0
p16,2019-11-30,2061.0,1.5518,2029.31,91.0,7,3,770,65.89618587493896,10,101.0,,,,1248.0,305.0,943.0
p16,2019-12-01,1007.0,0.757,1873.8999999999999,69.0,0,0,912,66.12990474700928,0,69.0,,,,1257.0,301.0,956.0
p16,2019-12-02,2161.0,1.6268,2004.6999999999998,93.0,0,0,880,66.3691520690918,0,93.0,,15.366666666666667,,1269.0,278.0,991.0
p16,2019-12-03,865.0,0.6496000000000001,1891.49,77.0,0,0,901,67.38138675689697,0,77.0,,,,1165.0,227.0,938.0
p16,2019-12-04,2232.0,1.6787,2124.98,126.0,8,4,761,66.4039535522461,12,138.0,,,,1236.0,263.0,973.0
p16,2019-12-05,2445.0,1.8404000000000003,2336.86,170.0,8,3,799,66.7825288772583,11,181.0,,,,1293.0,274.0,1019.0
p16,2019-12-06,1866.0,1.3917000000000002,2039.62,75.0,6,3,935,68.55153179168701,9,84.0,,16.216666666666665,,1250.0,289.0,961.0
p16,2019-12-07,487.0,0.3662,1784.9299999999998,36.0,0,0,952,68.08191299438477,0,36.0,,,,1074.0,101.0,973.0
p16,2019-12-08,771.0,0.5787000000000001,1844.52,56.0,0,0,903,68.24287223815918,0,56.0,,,,1217.0,285.0,932.0
p16,2019-12-09,5002.0,3.7698000000000005,2233.22,124.0,9,6,1095,69.79262924194336,15,139.0,,,,1107.0,315.0,792.0
p16,2019-12-10,2938.0,2.1708000000000003,2140.56,144.0,0,0,757,67.55006313323975,0,144.0,,,,1344.0,269.0,1075.0
p16,2019-12-11,871.0,0.6548,1954.6999999999998,71.0,0,0,837,66.6323356628418,0,71.0,,,,1217.0,237.0,980.0
p16,2019-12-12,1608.0,1.2111,1959.4699999999998,60.0,6,4,822,65.75046253204346,10,70.0,,,,1212.0,297.0,915.0
p16,2019-12-13,2942.0,2.2172,2128.46,104.0,3,6,864,66.47550773620605,9,113.0,,,,985.0,259.0,726.0
p16,2019-12-14,2166.0,1.6310000000000002,2002.8899999999999,88.0,0,0,743,66.87107944488525,0,88.0,,18.766666666666666,,1411.0,356.0,1055.0
p16,2019-12-15,558.0,0.4167,1816.51,50.0,0,0,836,66.51373672485352,0,50.0,,,,1375.0,302.0,1073.0
p16,2019-12-16,522.0,0.39170000000000005,1858.87,56.0,0,0,1384,66.09467315673828,0,56.0,,,,1161.0,297.0,864.0
p16,2019-12-17,567.0,0.4257,1805.4199999999998,45.0,0,0,580,63.21689224243164,0,45.0,,,,1426.0,354.0,1072.0
p16,2019-12-18,7497.0,5.6504,2520.94,154.0,44,9,793,62.88582992553711,53,207.0,,46.93333333333333,,1407.0,356.0,1051.0
p16,2019-12-19,2073.0,1.56,2014.75,94.0,0,0,967,63.4669303894043,0,94.0,,,,1248.0,246.0,1002.0
p16,2019-12-20,3141.0,2.3652,2159.0299999999997,131.0,0,0,907,64.84911155700684,0,131.0,,,,1350.0,300.0,1050.0
p16,2019-12-21,866.0,0.6509,1921.85,60.0,0,0,809,65.60495948791504,0,60.0,,,,1429.0,355.0,1074.0
p16,2019-12-22,947.0,0.6724,1947.6999999999998,69.0,0,0,806,65.19553184509277,0,69.0,,,,1431.0,360.0,1071.0
p16,2019-12-23,1828.0,1.3738000000000001,2094.49,126.0,0,0,843,64.71516513824463,0,126.0,,,,1361.0,305.0,1056.0
p16,2019-12-24,4974.0,3.7469,2372.85,147.0,27,0,853,64.67836952209473,27,174.0,,29.0,29.0,1428.0,358.0,1070.0
p16,2019-12-25,2354.0,1.7721000000000002,2071.02,92.0,8,2,776,65.35145664215088,10,102.0,,,,1294.0,349.0,945.0
p16,2019-12-26,1224.0,0.9199,1968.73,85.0,0,0,801,65.22792339324951,0,85.0,,,,1432.0,357.0,1075.0
p16,2019-12-27,8280.0,6.237500000000001,2749.09,228.0,48,12,739,65.66787052154541,60,288.0,,27.3,27.3,1410.0,349.0,1061.0
p16,2019-12-28,2539.0,1.9111000000000002,2077.13,118.0,0,0,831,66.94334697723389,0,118.0,,16.216666666666665,,1413.0,352.0,1061.0
p16,2019-12-29,1556.0,1.1698000000000002,1955.9599999999998,89.0,0,0,907,68.18885040283203,0,89.0,,,,1405.0,360.0,1045.0
p16,2019-12-30,7533.0,5.583200000000001,2756.74,274.0,16,7,817,70.4347152709961,23,297.0,,24.75,,1375.0,304.0,1071.0
p16,2019-12-31,1659.0,1.2475,2020.9099999999999,100.0,0,0,815,70.72243881225586,0,100.0,,,,1282.0,305.0,977.0
p16,2020-01-01,1731.0,1.3015,2381.29,184.0,10,0,710,72.97884845733643,10,194.0,,,,1433.0,360.0,1073.0
p16,2020-01-02,2530.0,1.9046,1989.48,102.0,0,0,1072,71.30801582336426,0,102.0,,,,1266.0,222.0,1044.0
p16,2020-01-03,767.0,0.5755,1855.25,71.0,0,0,835,69.3186388015747,0,71.0,,,,1323.0,255.0,1068.0
p16,2020-01-04,1215.0,0.9127000000000001,1919.9499999999998,89.0,0,0,896,67.72174644470215,0,89.0,,,,1188.0,243.0,945.0
p16,2020-01-05,696.0,0.5224000000000001,1850.29,59.0,0,0,986,66.89340591430664,0,59.0,,,,1245.0,296.0,949.0
p16,2020-01-06,389.0,0.2917,1789.73,39.0,0,0,987,67.14114665985107,0,39.0,,,,1007.0,295.0,712.0
p16,2020-01-07,644.0,0.4837,1841.12,50.0,0,0,991,66.49956130981445,0,50.0,,,,1251.0,309.0,942.0
p16,2020-01-08,1071.0,0.8043000000000001,1942.23,91.0,0,0,927,67.52813816070557,0,91.0,,,,1362.0,308.0,1054.0
p16,2020-01-09,614.0,0.46040000000000003,1852.36,57.0,0,0,943,67.79741954803467,0,57.0,,,,1323.0,300.0,1023.0
p16,2020-01-10,2089.0,1.5730000000000002,1955.32,67.0,8,5,807,65.60892963409424,13,80.0,,15.366666666666667,,1311.0,298.0,1013.0
p16,2020-01-11,1609.0,1.2097,2003.6999999999998,100.0,0,0,989,66.7468729019165,0,100.0,,,,1297.0,275.0,1022.0
p16,2020-01-12,1249.0,0.9391,1917.37,84.0,0,0,793,65.36594009399414,0,84.0,,,,1168.0,95.0,1073.0
p16,2020-01-13,861.0,0.6469,1874.0,62.0,0,0,925,65.60023021697998,0,62.0,,,,1292.0,294.0,998.0
p16,2020-01-14,693.0,0.5198,1865.1299999999999,66.0,0,0,887,65.29620933532715,0,66.0,,,,1312.0,296.0,1016.0
p16,2020-01-15,827.0,0.6211000000000001,1904.1,69.0,0,0,939,65.65274333953857,0,69.0,,,,1304.0,285.0,1019.0
p16,2020-01-16,1205.0,0.9055000000000001,1937.48,82.0,0,0,953,64.55492687225342,0,82.0,,,,1306.0,317.0,989.0
p16,2020-01-17,2789.0,2.0999000000000003,2194.49,129.0,9,3,803,65.17023658752441,12,141.0,,15.35,,1269.0,303.0,966.0
p16,2020-01-18,3036.0,2.2553,2174.5299999999997,117.0,8,3,960,65.22929286956787,11,128.0,,,,1185.0,156.0,1029.0
p16,2020-01-19,1129.0,0.8485,1909.7099999999998,84.0,0,0,942,64.79638195037842,0,84.0,,,,1324.0,325.0,999.0
p16,2020-01-20,1975.0,1.4868000000000001,1997.5,89.0,0,0,923,64.9463119506836,0,89.0,,17.916666666666668,,1274.0,277.0,997.0
p16,2020-01-21,4620.0,3.4718000000000004,2298.0899999999997,110.0,6,18,979,65.75829410552979,24,134.0,,,,1346.0,295.0,1051.0
p16,2020-01-22,2130.0,1.6037000000000001,2027.8799999999999,90.0,0,0,823,66.80061626434326,0,90.0,,,,1282.0,257.0,1025.0
p16,2020-01-23,2218.0,1.6698000000000002,2031.82,102.0,0,0,960,67.89087009429932,0,102.0,,,,1266.0,260.0,1006.0
p16,2020-01-24,802.0,0.6024,1886.4099999999999,69.0,0,0,827,67.46186542510986,0,69.0,,,,1336.0,262.0,1074.0
p16,2020-01-25,1980.0,1.4903000000000002,2007.59,88.0,0,0,948,67.26166534423828,0,88.0,,,,1377.0,308.0,1069.0
p16,2020-01-26,757.0,0.5686,1922.77,57.0,0,0,932,67.64591312408447,0,57.0,,,,1352.0,292.0,1060.0
p16,2020-01-27,2118.0,1.594,2015.78,101.0,0,0,877,67.22856903076172,0,101.0,,,,1276.0,292.0,984.0
p16,2020-01-28,954.0,0.7161000000000001,1936.83,78.0,0,0,1011,68.8093614578247,0,78.0,,,,1371.0,315.0,1056.0
p16,2020-01-29,2126.0,1.6005,2018.8799999999999,94.0,5,4,910,68.32095527648926,9,103.0,,,,1211.0,141.0,1070.0
p16,2020-01-30,1017.0,0.7638,1892.25,77.0,0,0,920,68.29134941101074,0,77.0,,,,1324.0,275.0,1049.0
p16,2020-01-31,2570.0,1.9343000000000001,2086.43,107.0,1,11,808,68.13613891601562,12,119.0,,,,1250.0,261.0,989.0
p16,2020-02-01,1217.0,0.9139,1991.28,95.0,0,0,912,68.60857105255127,0,95.0,,,,1255.0,261.0,994.0
p16,2020-02-02,1372.0,1.0307000000000002,1952.8899999999999,102.0,0,0,921,66.86806964874268,0,102.0,,,,1291.0,304.0,987.0
p16,2020-02-03,1063.0,0.7987000000000001,1954.76,83.0,0,0,858,66.95398426055908,0,83.0,,,,1429.0,356.0,1073.0
p16,2020-02-04,589.0,0.44210000000000005,1839.02,50.0,0,0,937,66.08078193664551,0,50.0,,,,1036.0,280.0,756.0
p16,2020-02-05,2368.0,1.7823000000000002,2124.73,131.0,0,0,903,65.62534618377686,0,131.0,,,,1299.0,303.0,996.0
p16,2020-02-06,819.0,0.6155,1917.05,69.0,0,0,928,65.38558197021484,0,69.0,,,,1342.0,358.0,984.0
p16,2020-02-07,2583.0,1.9449,2070.54,108.0,0,0,829,64.73645305633545,0,108.0,,,,1269.0,259.0,1010.0
p16,2020-02-08,855.0,0.6419,1921.04,74.0,0,0,803,64.87380409240723,0,74.0,,,,1342.0,289.0,1053.0
p16,2020-02-09,345.0,0.2584,1913.73,48.0,0,0,966,66.22788619995117,0,48.0,,,,1371.0,356.0,1015.0
p16,2020-02-10,337.0,0.25320000000000004,1763.9699999999998,24.0,0,0,1416,65.97100353240967,0,24.0,,,,528.0,356.0,172.0
p16,2020-02-11,1974.0,1.4859,2011.04,87.0,0,0,507,64.16094207763672,0,87.0,,,,1412.0,358.0,1054.0
p16,2020-02-12,1052.0,0.7899,1956.1799999999998,76.0,0,0,965,65.4623966217041,0,76.0,,,,1293.0,216.0,1077.0
p16,2020-02-13,1929.0,1.4522000000000002,2063.93,99.0,0,0,944,66.13138675689697,0,99.0,,,,1353.0,290.0,1063.0
p16,2020-02-14,2259.0,1.7005000000000001,2159.3399999999997,137.0,0,0,812,66.5026502609253,0,137.0,,20.483333333333334,20.483333333333334,1276.0,232.0,1044.0
p16,2020-02-15,755.0,0.5665,1902.34,63.0,0,0,981,66.75585079193115,0,63.0,,,,1244.0,247.0,997.0
p16,2020-02-16,782.0,0.5876,1875.54,56.0,0,0,1058,67.2634973526001,0,56.0,,,,1170.0,268.0,902.0
p16,2020-02-17,1957.0,1.4739000000000002,2003.09,66.0,13,1,788,66.91415977478027,14,80.0,,,,1078.0,65.0,1013.0
p16,2020-02-18,928.0,0.6966,1954.25,75.0,0,0,1032,65.24983787536621,0,75.0,,,,1266.0,321.0,945.0
p16,2020-02-19,1470.0,1.1071,1921.55,52.0,5,5,840,64.94964981079102,10,62.0,,,,1241.0,249.0,992.0
p16,2020-02-20,1144.0,0.8593000000000001,2000.82,87.0,0,0,896,65.45466804504395,0,87.0,,,,1354.0,284.0,1070.0
p16,2020-02-21,654.0,0.4909,1880.62,55.0,0,0,987,66.74506664276123,0,55.0,,,,1265.0,267.0,998.0
p16,2020-02-22,7433.0,5.6035,2939.7999999999997,161.0,79,51,654,66.37638664245605,130,291.0,,54.63333333333333,,1317.0,261.0,1056.0
p16,2020-02-23,393.0,0.2948,1963.48,56.0,10,0,938,67.78313732147217,10,66.0,,,,931.0,278.0,653.0
p16,2020-02-24,831.0,0.6242000000000001,1873.8899999999999,60.0,0,0,901,67.10895824432373,0,60.0,,,,1243.0,166.0,1077.0
p16,2020-02-25,961.0,0.7221000000000001,1953.9099999999999,70.0,0,0,1056,66.16707134246826,0,70.0,,,,1341.0,296.0,1045.0
p16,2020-02-26,1369.0,1.0294,1982.75,93.0,0,0,783,67.27083015441895,0,93.0,,,,1047.0,110.0,937.0
p16,2020-02-27,848.0,0.6371,1911.32,66.0,0,0,993,67.46240520477295,0,66.0,,,,1124.0,215.0,909.0
p16,2020-02-28,1989.0,1.4974,2008.03,91.0,0,0,910,68.03761386871338,0,91.0,,,,1243.0,280.0,963.0
p16,2020-02-29,730.0,0.5485000000000001,1865.9299999999998,59.0,0,0,921,66.51346015930176,0,59.0,,,,1159.0,133.0,1026.0
p16,2020-03-01,806.0,0.6065,1858.1899999999998,44.0,0,0,1396,66.74281787872314,0,44.0,,,,518.0,68.0,450.0
p16,2020-03-02,761.0,0.5711,1901.34,69.0,0,0,831,66.69368553161621,0,69.0,,,,1332.0,258.0,1074.0
p16,2020-03-03,2489.0,1.8747000000000003,2168.52,106.0,8,5,810,65.64037036895752,13,119.0,,,,1239.0,234.0,1005.0
p16,2020-03-04,685.0,0.5142,1974.07,62.0,0,0,1378,65.86407661437988,0,62.0,,,,1177.0,280.0,897.0
p16,2020-03-05,748.0,0.5618000000000001,1910.9199999999998,60.0,0,0,912,67.73857021331787,0,60.0,,,,1311.0,348.0,963.0
p16,2020-03-06,1995.0,1.5022000000000002,1974.6399999999999,83.0,0,0,755,67.28505611419678,0,83.0,,,,1272.0,357.0,915.0
p16,2020-03-07,524.0,0.39380000000000004,1806.9399999999998,44.0,0,0,1265,67.85862827301025,0,44.0,,,,888.0,267.0,621.0
p16,2020-03-08,1241.0,0.9326000000000001,1934.3999999999999,78.0,0,0,608,66.59546375274658,0,78.0,,,,1353.0,332.0,1021.0
p16,2020-03-09,2196.0,1.6536000000000002,2051.92,105.0,0,0,1074,68.73873519897461,0,105.0,,15.366666666666667,,1103.0,305.0,798.0
p16,2020-03-10,1398.0,1.0499,2012.78,97.0,0,0,1053,70.85803127288818,0,97.0,,,,1174.0,224.0,950.0
p16,2020-03-11,2144.0,1.6128000000000002,2043.35,95.0,0,0,916,69.75253868103027,0,95.0,,,,1302.0,295.0,1007.0
p16,2020-03-12,1981.0,1.4918,2037.48,89.0,0,0,1023,70.03062343597412,0,89.0,,,,1252.0,309.0,943.0
p16,2020-03-13,493.0,0.36970000000000003,1845.5,50.0,0,0,763,68.24087238311768,0,50.0,,,,1259.0,264.0,995.0
p16,2020-03-14,334.0,0.2504,1872.4399999999998,46.0,0,0,1394,68.03416347503662,0,46.0,,,,1065.0,359.0,706.0
p16,2020-03-15,1219.0,0.9155000000000001,1995.3799999999999,85.0,0,0,689,68.06121635437012,0,85.0,,,,1372.0,360.0,1012.0
p16,2020-03-16,2410.0,1.8144000000000002,2079.65,113.0,0,0,762,68.57831764221191,0,113.0,,17.066666666666666,,1380.0,360.0,1020.0
p16,2020-03-17,1263.0,0.9490000000000001,1953.83,96.0,0,0,982,70.08468723297119,0,96.0,,,,1368.0,360.0,1008.0
p16,2020-03-18,2194.0,1.6515000000000002,2058.1,94.0,6,1,736,69.48232936859131,7,101.0,,,,1368.0,357.0,1011.0
p16,2020-03-19,786.0,0.5905,1912.22,62.0,0,0,904,68.71319580078125,0,62.0,,,,1233.0,296.0,937.0
p16,2020-03-20,1783.0,1.3425,2025.3899999999999,62.0,9,5,774,68.00099849700928,14,76.0,,19.633333333333333,,1379.0,360.0,1019.0
p16,2020-03-21,875.0,0.6573000000000001,1934.9199999999998,66.0,0,0,973,67.14772033691406,0,66.0,,,,1335.0,360.0,975.0
p16,2020-03-22,720.0,0.5411,1935.04,60.0,0,0,825,66.5697717666626,0,60.0,,,,1298.0,318.0,980.0
p16,2020-03-23,2049.0,1.5426000000000002,2067.89,85.0,8,1,890,68.09024047851562,9,94.0,,,,1419.0,359.0,1060.0
p16,2020-03-24,1179.0,0.8859000000000001,1986.8899999999999,84.0,0,0,809,67.95336246490479,0,84.0,,,,1398.0,328.0,1070.0
p16,2020-03-25,2353.0,1.7716,2257.19,100.0,20,8,738,67.59271717071533,28,128.0,,,,1436.0,358.0,1078.0
p16,2020-03-26,700.0,0.5261,1866.1499999999999,49.0,0,0,1051,69.2730827331543,0,49.0,,,,1026.0,358.0,668.0
p16,2020-03-27,2070.0,1.5590000000000002,2094.91,93.0,4,5,822,68.89076709747314,9,102.0,,,,1369.0,302.0,1067.0
p16,2020-03-28,589.0,0.4418,1867.24,52.0,0,0,920,68.03663444519043,0,52.0,,,,1431.0,358.0,1073.0
p16,2020-03-29,1714.0,1.2902,1973.3799999999999,90.0,0,0,830,66.6260118484497,0,90.0,,23.9,23.9,1347.0,291.0,1056.0
p16,2020-03-30,1773.0,1.3124,2010.4499999999998,69.0,9,4,814,65.94717121124268,13,82.0,,,,1349.0,272.0,1077.0
p16,2020-03-31,777.0,0.5832,1950.59,67.0,0,0,932,65.90754318237305,0,67.0,,,,1345.0,290.0,1055.0
