pid,date,logId,start,end,type,n_main_sleeps,sleep_score,sleep_h,sleep_eff,bedtime_h,wake_h,time_in_bed_h,rhr_night
p01,2019-12-02,24883896361,2019-12-02 00:26:00,2019-12-02 03:59:30,stages,1,65.0,3.1666666666666665,95,6.433333333333334,3.9916666666666667,3.55,50.0
p01,2019-12-12,24977378510,2019-12-12 00:24:00,2019-12-12 04:33:00,stages,1,53.0,3.6666666666666665,96,6.4,4.55,4.15,51.0
p01,2020-02-14,25894489382,2020-02-14 01:37:30,2020-02-14 06:24:00,stages,1,55.0,4.116666666666666,100,7.625,6.4,4.766666666666667,51.0
p01,2020-02-21,26002023337,2020-02-21 01:29:00,2020-02-21 06:35:30,stages,1,58.0,4.383333333333334,98,7.483333333333333,6.591666666666667,5.1,51.0
p01,2020-02-25,26058384481,2020-02-25 01:42:00,2020-02-25 06:46:30,stages,1,59.0,4.4,97,7.7,6.775,5.066666666666666,50.0
p01,2019-12-20,25083130865,2019-12-20 01:48:30,2019-12-20 06:43:00,stages,1,65.0,4.45,95,7.808333333333334,6.716666666666667,4.9,52.0
p01,2020-02-17,25945567481,2020-02-17 00:22:00,2020-02-17 06:06:30,stages,1,66.0,4.816666666666666,95,6.366666666666666,6.108333333333333,5.733333333333333,55.0
p01,2019-12-06,24907589731,2019-12-06 00:27:00,2019-12-06 06:26:30,stages,1,54.0,4.833333333333333,89,6.45,6.441666666666666,5.983333333333333,51.0
p01,2020-02-26,26074956254,2020-02-26 01:52:30,2020-02-26 07:15:00,stages,1,69.0,4.933333333333334,97,7.875,7.25,5.366666666666666,51.0
p01,2020-02-05,25763452796,2020-02-05 00:16:30,2020-02-05 05:54:30,stages,2,62.0,5.0,99,6.275,5.908333333333333,5.633333333333334,52.0
p01,2020-03-04,26174144202,2020-03-04 00:36:30,2020-03-04 06:18:30,stages,1,67.0,5.0,96,6.608333333333333,6.308333333333334,5.7,53.0
p01,2020-03-15,26331393044,2020-03-15 00:46:00,2020-03-15 06:38:30,stages,1,64.0,5.016666666666667,95,6.766666666666667,6.641666666666667,5.866666666666666,50.0
p01,2020-01-22,25549335117,2020-01-22 00:31:00,2020-01-22 06:02:00,stages,1,68.0,5.033333333333333,99,6.516666666666667,6.033333333333333,5.516666666666667,50.0
p01,2020-01-13,25412360367,2020-01-13 00:06:30,2020-01-13 05:35:00,stages,1,68.0,5.033333333333333,99,6.108333333333333,5.583333333333333,5.466666666666667,52.0
p01,2020-01-27,25619836798,2020-01-27 00:28:00,2020-01-27 06:18:30,stages,1,69.0,5.116666666666666,99,6.466666666666667,6.308333333333334,5.833333333333333,52.0
p01,2020-03-27,26491780871,2020-03-27 02:27:00,2020-03-27 08:12:30,stages,1,72.0,5.116666666666666,97,8.45,8.208333333333334,5.75,50.0
p01,2019-12-17,25037232327,2019-12-17 00:29:30,2019-12-17 06:19:00,stages,1,66.0,5.15,97,6.491666666666666,6.316666666666666,5.816666666666666,53.0
p01,2019-11-29,24833913565,2019-11-29 00:12:00,2019-11-29 06:13:00,stages,1,67.0,5.15,93,6.2,6.216666666666667,6.016666666666667,49.0
p01,2019-12-19,25067390084,2019-12-19 00:54:00,2019-12-19 06:38:30,stages,1,71.0,5.166666666666667,96,6.9,6.641666666666667,5.733333333333333,52.0
p01,2020-01-18,25491307048,2020-01-18 00:48:30,2020-01-18 06:50:30,stages,1,66.0,5.183333333333334,99,6.808333333333334,6.841666666666667,6.033333333333333,52.0
p01,2019-11-07,24544805751,2019-11-06 23:45:30,2019-11-07 05:52:00,stages,2,71.0,5.2,97,5.758333333333334,5.866666666666666,6.1,54.0
p01,2019-12-05,24896517693,2019-12-05 00:40:00,2019-12-05 06:33:30,stages,1,66.0,5.233333333333333,95,6.666666666666667,6.558333333333334,5.883333333333334,51.0
p01,2020-02-24,26041241322,2020-02-24 00:14:00,2020-02-24 06:18:00,stages,1,71.0,5.25,95,6.233333333333333,6.3,6.066666666666666,51.0
p01,2020-01-07,25313751473,2020-01-07 00:05:00,2020-01-07 05:57:30,stages,1,66.0,5.25,98,6.083333333333333,5.958333333333333,5.866666666666666,51.0
p01,2019-11-16,24652788470,2019-11-16 00:47:30,2019-11-16 06:47:00,stages,1,67.0,5.283333333333333,93,6.791666666666667,6.783333333333333,5.983333333333333,51.0
p01,2020-02-06,25781305187,2020-02-06 00:21:00,2020-02-06 06:19:00,stages,1,72.0,5.283333333333333,96,6.35,6.316666666666666,5.966666666666667,53.0
p01,2019-11-26,24784535316,2019-11-25 23:49:00,2019-11-26 06:00:30,stages,1,66.0,5.3,98,5.816666666666666,6.008333333333334,6.183333333333334,52.0
p01,2019-11-11,24590226936,2019-11-11 00:09:00,2019-11-11 06:05:00,stages,1,66.0,5.3,97,6.15,6.083333333333333,5.933333333333334,52.0
p01,2019-11-19,24688967886,2019-11-19 00:17:00,2019-11-19 06:18:30,stages,1,67.0,5.3,96,6.283333333333333,6.308333333333334,6.016666666666667,50.0
p01,2020-01-06,25295313689,2020-01-06 00:35:30,2020-01-06 06:25:00,stages,2,72.0,5.3,99,6.591666666666667,6.416666666666667,5.816666666666666,52.0
p01,2020-02-20,25980514519,2020-02-20 01:22:00,2020-02-20 07:05:30,stages,1,75.0,5.3,99,7.366666666666666,7.091666666666667,5.716666666666667,52.0
p01,2020-02-28,26104885444,2020-02-28 00:37:30,2020-02-28 06:36:00,stages,1,71.0,5.3,94,6.625,6.6,5.966666666666667,54.0
p01,2020-02-27,26089770765,2020-02-27 00:13:00,2020-02-27 06:14:30,stages,1,68.0,5.316666666666666,96,6.216666666666667,6.241666666666666,6.016666666666667,53.0
p01,2019-11-13,24618615466,2019-11-13 00:28:00,2019-11-13 06:29:00,stages,1,76.0,5.333333333333333,97,6.466666666666667,6.483333333333333,6.016666666666667,52.0
p01,2020-01-29,25653433523,2020-01-29 00:26:30,2020-01-29 06:27:30,stages,1,72.0,5.416666666666667,99,6.441666666666666,6.458333333333333,6.016666666666667,52.0
p01,2019-11-14,24628844253,2019-11-14 00:22:00,2019-11-14 06:29:30,stages,1,65.0,5.416666666666667,99,6.366666666666666,6.491666666666666,6.116666666666666,51.0
p01,2019-11-05,24521896102,2019-11-05 00:22:30,2019-11-05 06:25:00,stages,1,73.0,5.433333333333334,99,6.375,6.416666666666667,6.033333333333333,54.0
p01,2020-01-28,25635799766,2020-01-28 00:03:00,2020-01-28 06:07:00,stages,1,66.0,5.433333333333334,97,6.05,6.116666666666666,6.066666666666666,51.0
p01,2020-03-10,26261658925,2020-03-09 23:53:00,2020-03-10 06:03:00,stages,1,70.0,5.433333333333334,97,5.883333333333334,6.05,6.166666666666667,51.0
p01,2020-02-01,25710158098,2020-02-01 00:02:30,2020-02-01 06:19:00,stages,1,64.0,5.433333333333334,97,6.041666666666667,6.316666666666666,6.266666666666667,53.0
p01,2020-02-10,25837553456,2020-02-10 00:28:00,2020-02-10 06:30:30,stages,1,70.0,5.45,99,6.466666666666667,6.508333333333334,6.033333333333333,51.0
p01,2020-01-08,25335178948,2020-01-07 23:51:00,2020-01-08 06:20:30,stages,1,69.0,5.45,90,5.85,6.341666666666667,6.483333333333333,53.0
p01,2019-11-21,24717053033,2019-11-21 00:04:00,2019-11-21 06:15:30,stages,1,70.0,5.45,98,6.066666666666666,6.258333333333334,6.183333333333334,52.0
p01,2019-12-18,25054810997,2019-12-18 00:23:00,2019-12-18 06:40:00,stages,1,68.0,5.483333333333333,94,6.383333333333334,6.666666666666667,6.283333333333333,53.0
p01,2020-02-13,25878895600,2020-02-13 00:13:00,2020-02-13 06:19:00,stages,1,74.0,5.5,98,6.216666666666667,6.316666666666666,6.1,53.0
p01,2019-11-18,24676261766,2019-11-18 00:23:30,2019-11-18 06:36:00,stages,1,72.0,5.5,98,6.391666666666667,6.6,6.2,51.0
p01,2020-03-12,26288429936,2020-03-12 00:44:00,2020-03-12 06:59:00,stages,1,64.0,5.516666666666667,97,6.733333333333333,6.983333333333333,6.25,51.0
p01,2020-02-04,25751096973,2020-02-04 00:09:00,2020-02-04 06:18:30,stages,1,70.0,5.516666666666667,98,6.15,6.308333333333334,6.15,53.0
p01,2020-03-19,26387142685,2020-03-19 01:02:00,2020-03-19 07:20:00,stages,1,74.0,5.533333333333333,97,7.033333333333333,7.333333333333333,6.3,50.0
p01,2019-11-25,24784535315,2019-11-25 00:31:30,2019-11-25 06:39:00,stages,1,71.0,5.533333333333333,98,6.525,6.65,6.116666666666666,53.0
p01,2019-12-09,24939299803,2019-12-08 23:49:30,2019-12-09 06:11:30,stages,1,62.0,5.533333333333333,94,5.825,6.191666666666666,6.366666666666666,51.0
p01,2019-11-22,24738250860,2019-11-22 00:18:30,2019-11-22 06:30:30,stages,1,66.0,5.55,97,6.308333333333334,6.508333333333334,6.2,52.0
p01,2020-03-09,26244404402,2020-03-09 00:15:00,2020-03-09 06:29:30,stages,1,73.0,5.566666666666666,98,6.25,6.491666666666666,6.233333333333333,52.0
p01,2019-12-04,24884748604,2019-12-04 00:08:30,2019-12-04 06:26:00,stages,1,67.0,5.583333333333333,94,6.141666666666667,6.433333333333334,6.283333333333333,50.0
p01,2019-12-10,24959428562,2019-12-10 00:22:30,2019-12-10 06:22:30,stages,1,78.0,5.6,99,6.375,6.375,6.0,53.0
p01,2020-01-19,25505680297,2020-01-19 02:44:30,2020-01-19 09:01:00,stages,1,66.0,5.616666666666666,97,8.741666666666667,9.016666666666667,6.266666666666667,51.0
p01,2019-12-13,24993382413,2019-12-13 00:17:00,2019-12-13 06:26:00,stages,1,68.0,5.616666666666666,96,6.283333333333333,6.433333333333334,6.15,53.0
p01,2019-11-17,24664385870,2019-11-17 00:30:00,2019-11-17 06:47:30,stages,1,71.0,5.616666666666666,96,6.5,6.791666666666667,6.283333333333333,51.0
p01,2020-02-12,25864331492,2020-02-11 23:50:00,2020-02-12 05:57:30,stages,1,74.0,5.633333333333334,98,5.833333333333333,5.958333333333333,6.116666666666666,52.0
p01,2019-12-30,25200382694,2019-12-30 02:03:30,2019-12-30 08:21:30,stages,1,65.0,5.633333333333334,98,8.058333333333334,8.358333333333333,6.3,51.0
p01,2020-02-07,25797449251,2020-02-07 00:13:00,2020-02-07 06:37:00,stages,1,69.0,5.666666666666667,95,6.216666666666667,6.616666666666666,6.4,52.0
p01,2019-11-06,24534036899,2019-11-06 00:25:30,2019-11-06 06:29:30,stages,1,67.0,5.683333333333334,99,6.425,6.491666666666666,6.066666666666666,52.0
p01,2020-03-20,26403965072,2020-03-20 00:23:00,2020-03-20 06:43:30,stages,1,72.0,5.683333333333334,99,6.383333333333334,6.725,6.333333333333333,49.0
p01,2019-11-28,24814208773,2019-11-27 23:57:30,2019-11-28 06:28:30,stages,1,70.0,5.683333333333334,94,5.958333333333333,6.475,6.516666666666667,51.0
p01,2019-11-15,24641842224,2019-11-15 00:14:00,2019-11-15 06:39:00,stages,1,74.0,5.7,95,6.233333333333333,6.65,6.416666666666667,51.0
p01,2020-01-30,25674732632,2020-01-30 00:09:00,2020-01-30 06:34:30,stages,1,73.0,5.716666666666667,98,6.15,6.575,6.416666666666667,51.0
p01,2020-01-10,25371920891,2020-01-10 00:26:00,2020-01-10 06:50:30,stages,1,71.0,5.733333333333333,93,6.433333333333334,6.841666666666667,6.4,53.0
p01,2019-11-09,24568877484,2019-11-09 00:31:30,2019-11-09 07:02:30,stages,1,74.0,5.733333333333333,99,6.525,7.041666666666667,6.516666666666667,53.0
p01,2019-12-03,24883896362,2019-12-03 00:01:00,2019-12-03 06:21:30,stages,1,76.0,5.75,98,6.016666666666667,6.358333333333333,6.333333333333333,50.0
p01,2020-03-16,26344100947,2020-03-15 23:55:00,2020-03-16 06:37:00,stages,1,76.0,5.75,98,5.916666666666667,6.616666666666666,6.7,51.0
p01,2020-03-31,26540075740,2020-03-31 00:44:30,2020-03-31 07:06:00,stages,1,,5.75,98,6.741666666666666,7.1,6.35,
p01,2020-03-01,26132199697,2020-03-01 01:30:30,2020-03-01 07:48:30,stages,1,73.0,5.766666666666667,96,7.508333333333334,7.808333333333334,6.3,55.0
p01,2020-03-25,26467322684,2020-03-25 00:50:00,2020-03-25 07:33:30,stages,1,71.0,5.783333333333333,99,6.833333333333333,7.558333333333334,6.716666666666667,50.0
p01,2020-01-09,25356549170,2020-01-08 23:58:30,2020-01-09 06:40:30,stages,1,67.0,5.8,93,5.975,6.675,6.7,52.0
p01,2020-03-29,26516647751,2020-03-29 00:46:30,2020-03-29 08:40:30,stages,1,62.0,5.816666666666666,99,6.775,8.675,7.9,51.0
p01,2020-01-31,25696136875,2020-01-30 23:55:00,2020-01-31 06:23:00,stages,1,70.0,5.816666666666666,97,5.916666666666667,6.383333333333334,6.466666666666667,50.0
p01,2020-01-23,25563369863,2020-01-23 00:05:30,2020-01-23 06:39:00,stages,1,71.0,5.816666666666666,98,6.091666666666667,6.65,6.55,50.0
p01,2020-01-17,25476657499,2020-01-16 23:33:00,2020-01-17 06:11:00,stages,1,73.0,5.833333333333333,96,5.55,6.183333333333334,6.633333333333334,51.0
p01,2020-01-16,25459709394,2020-01-15 23:16:30,2020-01-16 05:49:30,stages,1,73.0,5.85,99,5.275,5.825,6.55,51.0
p01,2020-02-19,25964084676,2020-02-19 00:54:00,2020-02-19 07:19:00,stages,1,74.0,5.866666666666666,99,6.9,7.316666666666666,6.416666666666667,54.0
p01,2020-03-28,26502379603,2020-03-28 01:03:30,2020-03-28 07:46:00,stages,1,67.0,5.9,96,7.058333333333334,7.766666666666667,6.7,50.0
p01,2019-11-23,24748626099,2019-11-22 23:58:00,2019-11-23 06:48:00,stages,1,71.0,5.933333333333334,98,5.966666666666667,6.8,6.833333333333333,53.0
p01,2020-03-05,26188840139,2020-03-04 23:45:30,2020-03-05 06:31:00,stages,1,75.0,5.966666666666667,97,5.758333333333334,6.516666666666667,6.75,52.0
p01,2020-01-20,25517965824,2020-01-19 23:34:00,2020-01-20 06:26:00,stages,1,73.0,5.983333333333333,99,5.566666666666666,6.433333333333334,6.866666666666666,52.0
p01,2020-02-11,25851281547,2020-02-11 00:04:00,2020-02-11 06:35:30,stages,1,73.0,5.983333333333333,97,6.066666666666666,6.591666666666667,6.516666666666667,51.0
p01,2020-01-01,25228401016,2020-01-01 01:57:00,2020-01-01 08:34:00,stages,1,75.0,6.0,98,7.95,8.566666666666666,6.616666666666666,52.0
p01,2019-11-08,24557456459,2019-11-07 23:48:30,2019-11-08 06:21:00,stages,1,74.0,6.0,100,5.808333333333334,6.35,6.533333333333333,53.0
p01,2019-11-04,24507914069,2019-11-03 23:55:30,2019-11-04 06:35:00,stages,1,68.0,6.016666666666667,96,5.925,6.583333333333333,6.65,53.0
p01,2020-02-29,26118440483,2020-02-29 00:44:00,2020-02-29 07:38:00,stages,1,69.0,6.033333333333333,94,6.733333333333333,7.633333333333334,6.9,55.0
p01,2019-12-31,25214134078,2019-12-31 01:09:30,2019-12-31 07:55:30,stages,1,78.0,6.066666666666666,97,7.158333333333333,7.925,6.766666666666667,53.0
p01,2020-01-14,25430218066,2020-01-13 23:29:30,2020-01-14 06:06:00,stages,1,75.0,6.066666666666666,97,5.491666666666666,6.1,6.6,52.0
p01,2020-01-21,25532323736,2020-01-20 23:37:00,2020-01-21 06:22:00,stages,1,77.0,6.083333333333333,97,5.616666666666666,6.366666666666666,6.75,51.0
p01,2019-11-27,24814208772,2019-11-26 23:34:30,2019-11-27 06:25:00,stages,1,75.0,6.083333333333333,97,5.575,6.416666666666667,6.833333333333333,51.0
p01,2020-03-02,26144800797,2020-03-01 23:44:00,2020-03-02 06:32:00,stages,1,77.0,6.1,94,5.733333333333333,6.533333333333333,6.8,54.0
p01,2019-12-16,25024072567,2019-12-15 23:41:30,2019-12-16 06:18:30,stages,1,75.0,6.116666666666666,99,5.691666666666666,6.308333333333334,6.616666666666666,54.0
p01,2020-01-03,25272136869,2020-01-02 23:19:30,2020-01-03 06:21:30,stages,1,73.0,6.133333333333334,96,5.325,6.358333333333333,7.033333333333333,52.0
p01,2020-02-03,25737094234,2020-02-02 23:15:30,2020-02-03 06:15:00,stages,1,78.0,6.15,95,5.258333333333334,6.25,6.983333333333333,54.0
p01,2020-03-06,26204846577,2020-03-05 23:45:00,2020-03-06 06:44:00,stages,2,71.0,6.15,94,5.75,6.733333333333333,6.983333333333333,52.0
p01,2019-12-15,25013252574,2019-12-15 00:40:30,2019-12-15 07:21:30,stages,1,74.0,6.15,97,6.675,7.358333333333333,6.683333333333334,54.0
p01,2019-12-24,25146907268,2019-12-24 00:33:00,2019-12-24 07:23:00,stages,1,71.0,6.15,98,6.55,7.383333333333334,6.833333333333333,51.0
p01,2020-03-08,26229880685,2020-03-08 00:12:00,2020-03-08 07:05:30,stages,1,71.0,6.183333333333334,96,6.2,7.091666666666667,6.883333333333334,52.0
p01,2020-02-02,25723889168,2020-02-02 00:18:00,2020-02-02 07:05:30,stages,1,69.0,6.2,99,6.3,7.091666666666667,6.783333333333333,53.0
p01,2020-03-03,26160067834,2020-03-02 23:35:00,2020-03-03 06:19:00,stages,1,84.0,6.233333333333333,99,5.583333333333333,6.316666666666666,6.733333333333333,54.0
p01,2020-03-23,26439963894,2020-03-23 00:28:00,2020-03-23 07:31:30,stages,1,73.0,6.25,99,6.466666666666667,7.525,7.05,50.0
p01,2019-11-02,24486013387,2019-11-02 00:09:30,2019-11-02 07:19:30,stages,1,79.0,6.3,97,6.158333333333333,7.325,7.166666666666667,53.0
p01,2019-11-12,24604556303,2019-11-11 23:19:00,2019-11-12 06:22:00,stages,1,70.0,6.3,98,5.316666666666666,6.366666666666666,7.05,52.0
p01,2019-11-03,24497341340,2019-11-03 00:32:00,2019-11-03 07:34:30,stages,1,71.0,6.3,96,6.533333333333333,7.575,7.033333333333333,52.0
p01,2020-02-22,26015459375,2020-02-22 00:57:00,2020-02-22 07:55:00,stages,1,72.0,6.3,97,6.95,7.916666666666667,6.966666666666667,51.0
p01,2020-02-09,25825902413,2020-02-09 00:37:00,2020-02-09 07:44:30,stages,1,76.0,6.316666666666666,94,6.616666666666666,7.741666666666666,7.116666666666666,53.0
p01,2020-01-26,25605534656,2020-01-25 23:57:30,2020-01-26 07:18:00,stages,1,71.0,6.35,95,5.958333333333333,7.3,7.333333333333333,52.0
p01,2020-03-21,26416876464,2020-03-21 00:25:00,2020-03-21 07:38:30,stages,1,74.0,6.35,98,6.416666666666667,7.641666666666667,7.216666666666667,49.0
p01,2020-01-15,25446511879,2020-01-14 23:11:00,2020-01-15 06:23:00,stages,1,78.0,6.366666666666666,93,5.183333333333334,6.383333333333334,7.2,51.0
p01,2019-11-10,24579324569,2019-11-10 00:15:30,2019-11-10 07:18:00,stages,1,81.0,6.366666666666666,99,6.258333333333334,7.3,7.033333333333333,53.0
p01,2019-11-20,24703157234,2019-11-19 23:28:00,2019-11-20 06:30:30,stages,1,74.0,6.383333333333334,97,5.466666666666667,6.508333333333334,7.033333333333333,53.0
p01,2019-12-21,25107850649,2019-12-21 01:00:30,2019-12-21 07:55:30,stages,1,79.0,6.416666666666667,99,7.008333333333334,7.925,6.916666666666667,54.0
p01,2019-12-14,25002949972,2019-12-14 00:14:00,2019-12-14 07:21:00,stages,1,71.0,6.433333333333334,97,6.233333333333333,7.35,7.116666666666666,54.0
p01,2020-03-30,26528257996,2020-03-30 00:17:00,2020-03-30 07:20:00,stages,1,78.0,6.433333333333334,98,6.283333333333333,7.333333333333333,7.05,53.0
p01,2019-12-01,24844211484,2019-12-01 00:03:30,2019-12-01 07:11:30,stages,1,72.0,6.45,96,6.058333333333334,7.191666666666666,7.133333333333334,51.0
p01,2020-01-25,25596279820,2020-01-24 23:37:30,2020-01-25 06:55:00,stages,1,74.0,6.45,97,5.625,6.916666666666667,7.283333333333333,51.0
p01,2020-02-18,25948956323,2020-02-18 00:21:30,2020-02-18 07:30:00,stages,1,68.0,6.483333333333333,97,6.358333333333333,7.5,7.133333333333334,53.0
p01,2020-03-13,26307254456,2020-03-13 00:09:00,2020-03-13 07:22:30,stages,1,82.0,6.483333333333333,94,6.15,7.375,7.216666666666667,52.0
p01,2020-01-24,25578218713,2020-01-23 23:09:00,2020-01-24 06:37:00,stages,1,73.0,6.533333333333333,94,5.15,6.616666666666666,7.466666666666667,51.0
p01,2020-03-07,26218265953,2020-03-07 00:17:30,2020-03-07 07:48:30,stages,1,68.0,6.533333333333333,97,6.291666666666667,7.808333333333334,7.516666666666667,52.0
p01,2019-11-30,24833913567,2019-11-30 00:31:00,2019-11-30 07:46:00,stages,1,74.0,6.7,97,6.516666666666667,7.766666666666667,7.25,50.0
p01,2019-12-08,24928897739,2019-12-08 00:02:00,2019-12-08 07:22:30,stages,1,80.0,6.7,97,6.033333333333333,7.375,7.333333333333333,52.0
p01,2019-12-22,25107850650,2019-12-22 00:26:30,2019-12-22 07:50:30,stages,1,78.0,6.716666666666667,97,6.441666666666666,7.841666666666667,7.4,53.0
p01,2019-12-26,25148279961,2019-12-26 00:19:30,2019-12-26 07:50:00,stages,1,78.0,6.766666666666667,96,6.325,7.833333333333333,7.5,51.0
p01,2020-03-22,26429247233,2020-03-22 00:28:00,2020-03-22 08:02:00,stages,1,74.0,6.8,98,6.466666666666667,8.033333333333333,7.566666666666666,50.0
p01,2020-02-23,26027506188,2020-02-23 00:35:30,2020-02-23 08:11:30,stages,1,75.0,6.833333333333333,95,6.591666666666667,8.191666666666666,7.6,52.0
p01,2020-01-12,25399900721,2020-01-12 00:12:00,2020-01-12 07:55:30,stages,1,72.0,6.9,98,6.2,7.925,7.716666666666667,52.0
p01,2020-03-26,26479066869,2020-03-26 00:13:00,2020-03-26 07:52:00,stages,1,76.0,6.916666666666667,98,6.216666666666667,7.866666666666666,7.65,50.0
p01,2019-12-11,24965365261,2019-12-10 22:41:00,2019-12-11 06:34:30,stages,1,76.0,6.933333333333334,94,4.683333333333334,6.575,7.883333333333334,51.0
p01,2019-12-27,25158984013,2019-12-27 00:44:30,2019-12-27 08:25:00,stages,1,78.0,6.95,94,6.741666666666666,8.416666666666666,7.666666666666667,50.0
p01,2020-02-16,25921424543,2020-02-15 23:24:00,2020-02-16 07:24:00,stages,1,71.0,6.95,96,5.4,7.4,8.0,54.0
p01,2019-12-29,25184652035,2019-12-29 00:06:00,2019-12-29 07:58:30,stages,1,74.0,6.966666666666667,96,6.1,7.975,7.866666666666666,50.0
p01,2019-11-24,24784535314,2019-11-24 00:45:30,2019-11-24 08:53:30,stages,1,80.0,7.016666666666667,95,6.758333333333334,8.891666666666667,8.133333333333333,53.0
p01,2019-12-25,25146907269,2019-12-25 01:26:00,2019-12-25 09:26:00,stages,1,82.0,7.05,97,7.433333333333334,9.433333333333334,8.0,52.0
p01,2020-02-15,25909204074,2020-02-15 00:17:00,2020-02-15 08:16:30,stages,1,69.0,7.05,94,6.283333333333333,8.275,7.983333333333333,53.0
p01,2019-12-07,24918333423,2019-12-06 23:29:00,2019-12-07 07:21:00,stages,2,81.0,7.066666666666666,94,5.483333333333333,7.35,7.866666666666666,53.0
p01,2020-02-08,25813865962,2020-02-08 00:03:30,2020-02-08 07:56:00,stages,1,80.0,7.083333333333333,99,6.058333333333334,7.933333333333334,7.866666666666666,54.0
p01,2020-03-18,26376122349,2020-03-18 00:10:00,2020-03-18 07:58:30,stages,1,81.0,7.116666666666666,99,6.166666666666667,7.975,7.8,50.0
p01,2020-01-05,25284389027,2020-01-05 00:03:30,2020-01-05 08:04:30,stages,1,69.0,7.166666666666667,96,6.058333333333334,8.075,8.016666666666667,51.0
p01,2019-12-23,25115046163,2019-12-23 00:50:30,2019-12-23 08:49:00,stages,1,79.0,7.166666666666667,95,6.841666666666667,8.816666666666666,7.966666666666667,52.0
p01,2020-03-24,26454824841,2020-03-23 23:45:30,2020-03-24 07:57:30,stages,1,76.0,7.3,98,5.758333333333334,7.958333333333333,8.2,50.0
p01,2019-12-28,25174124398,2019-12-28 00:00:30,2019-12-28 08:06:30,stages,1,75.0,7.316666666666666,94,6.008333333333334,8.108333333333333,8.1,50.0
p01,2020-03-14,26319462688,2020-03-14 00:28:30,2020-03-14 08:37:00,stages,1,76.0,7.433333333333334,98,6.475,8.616666666666667,8.133333333333333,50.0
p01,2020-01-04,25272136870,2020-01-03 23:44:00,2020-01-04 08:24:00,stages,1,78.0,7.65,99,5.733333333333333,8.4,8.666666666666666,51.0
p01,2020-03-17,26359380653,2020-03-16 21:46:00,2020-03-17 06:41:30,stages,1,76.0,7.883333333333334,100,3.7666666666666666,6.691666666666666,8.916666666666666,50.0
p01,2020-01-11,25385814738,2020-01-10 23:44:00,2020-01-11 08:40:00,stages,1,80.0,7.916666666666667,96,5.733333333333333,8.666666666666666,8.933333333333334,52.0
p01,2020-01-02,25239060912,2020-01-01 20:22:30,2020-01-02 05:42:30,stages,1,88.0,8.5,96,2.375,5.708333333333333,9.333333333333334,53.0
p02,2020-02-25,26081648909,2020-02-25 03:34:00,2020-02-25 06:13:00,classic,1,,2.5,94,9.566666666666666,6.216666666666667,2.65,
p02,2020-03-20,26414503649,2020-03-20 03:06:00,2020-03-20 06:53:00,classic,1,,3.0,80,9.1,6.883333333333334,3.783333333333333,
p02,2020-03-01,26130044118,2020-02-29 23:48:00,2020-03-01 03:28:00,stages,2,66.0,3.15,89,5.8,3.466666666666667,3.6666666666666665,46.0
p02,2019-12-06,24914622967,2019-12-05 23:10:00,2019-12-06 03:03:00,stages,1,58.0,3.3833333333333333,91,5.166666666666667,3.05,3.8833333333333333,44.0
p02,2019-12-23,25114886084,2019-12-23 00:30:00,2019-12-23 04:24:00,stages,1,70.0,3.6166666666666667,95,6.5,4.4,3.9,47.0
p02,2019-11-12,24614327984,2019-11-11 23:21:00,2019-11-12 03:43:30,stages,1,59.0,3.6666666666666665,98,5.35,3.725,4.366666666666666,46.0
p02,2020-03-29,26517964044,2020-03-29 03:00:00,2020-03-29 07:14:30,stages,1,59.0,3.716666666666667,92,9.0,7.241666666666666,4.233333333333333,49.0
p02,2020-01-17,25473326563,2020-01-16 23:27:00,2020-01-17 03:49:30,stages,1,62.0,3.8833333333333333,97,5.45,3.825,4.366666666666666,45.0
p02,2020-02-28,26111929586,2020-02-28 02:25:00,2020-02-28 07:08:00,stages,1,61.0,3.933333333333333,94,8.416666666666666,7.133333333333334,4.716666666666667,49.0
p02,2019-11-24,24781797201,2019-11-24 04:55:30,2019-11-24 09:39:00,stages,1,58.0,4.083333333333333,94,10.925,9.65,4.716666666666667,48.0
p02,2019-12-09,24959885733,2019-12-08 22:59:00,2019-12-09 03:41:00,stages,1,64.0,4.116666666666666,92,4.983333333333333,3.683333333333333,4.7,47.0
p02,2019-11-09,24575663643,2019-11-09 00:41:00,2019-11-09 05:49:00,stages,1,67.0,4.5,94,6.683333333333334,5.816666666666666,5.133333333333334,46.0
p02,2020-01-23,25571573772,2020-01-22 23:15:00,2020-01-23 04:38:00,stages,1,66.0,4.633333333333334,93,5.25,4.633333333333334,5.383333333333334,46.0
p02,2020-01-04,25271432662,2020-01-04 03:29:00,2020-01-04 09:10:00,stages,1,66.0,4.833333333333333,99,9.483333333333333,9.166666666666666,5.683333333333334,47.0
p02,2020-01-26,25607778677,2020-01-26 02:14:30,2020-01-26 07:41:30,stages,1,71.0,4.85,89,8.241666666666667,7.691666666666666,5.45,49.0
p02,2020-01-11,25387970382,2020-01-11 01:52:30,2020-01-11 07:50:30,stages,1,57.0,4.933333333333334,99,7.875,7.841666666666667,5.966666666666667,46.0
p02,2020-02-05,25765502411,2020-02-05 01:14:00,2020-02-05 07:01:30,stages,1,65.0,4.95,93,7.233333333333333,7.025,5.783333333333333,45.0
p02,2020-02-16,25923302916,2020-02-16 03:51:00,2020-02-16 09:50:30,stages,1,66.0,5.1,93,9.85,9.841666666666667,5.983333333333333,47.0
p02,2020-03-09,26256913420,2020-03-09 00:15:00,2020-03-09 06:46:00,stages,1,67.0,5.216666666666667,97,6.25,6.766666666666667,6.516666666666667,46.0
p02,2019-12-10,24959885735,2019-12-10 01:17:30,2019-12-10 07:31:30,stages,1,71.0,5.283333333333333,94,7.291666666666667,7.525,6.233333333333333,47.0
p02,2019-11-17,24683395962,2019-11-17 02:38:30,2019-11-17 08:41:30,stages,1,69.0,5.333333333333333,96,8.641666666666667,8.691666666666666,6.05,50.0
p02,2020-01-03,25266471756,2020-01-03 00:44:30,2020-01-03 06:43:00,stages,1,62.0,5.333333333333333,99,6.741666666666666,6.716666666666667,5.966666666666667,45.0
p02,2019-11-20,24707845505,2019-11-19 23:27:00,2019-11-20 05:42:30,stages,1,65.0,5.366666666666666,91,5.45,5.708333333333333,6.25,47.0
p02,2019-12-25,25164862609,2019-12-25 04:01:30,2019-12-25 09:58:30,stages,1,65.0,5.45,91,10.025,9.975,5.95,44.0
p02,2020-03-21,26416569739,2020-03-21 02:53:00,2020-03-21 09:08:00,stages,1,63.0,5.466666666666667,86,8.883333333333333,9.133333333333333,6.25,47.0
p02,2020-01-06,25307582501,2020-01-05 23:27:30,2020-01-06 06:14:00,stages,1,60.0,5.5,99,5.458333333333333,6.233333333333333,6.766666666666667,45.0
p02,2020-03-26,26476119722,2020-03-25 22:07:30,2020-03-26 04:18:30,stages,1,70.0,5.516666666666667,94,4.125,4.308333333333334,6.183333333333334,47.0
p02,2020-01-14,25430307582,2020-01-13 23:25:00,2020-01-14 06:21:00,stages,1,68.0,5.583333333333333,99,5.416666666666667,6.35,6.933333333333334,46.0
p02,2019-11-21,24745400642,2019-11-20 23:41:30,2019-11-21 06:45:00,stages,1,58.0,5.583333333333333,90,5.691666666666666,6.75,7.05,47.0
p02,2020-01-16,25461142287,2020-01-16 00:00:30,2020-01-16 07:01:00,stages,1,59.0,5.616666666666666,100,6.008333333333334,7.016666666666667,7.0,44.0
p02,2019-11-18,24683395963,2019-11-17 23:37:00,2019-11-18 06:06:30,stages,1,79.0,5.633333333333334,96,5.616666666666666,6.108333333333333,6.483333333333333,49.0
p02,2019-11-15,24659721258,2019-11-14 23:29:30,2019-11-15 06:09:30,stages,1,69.0,5.7,93,5.491666666666666,6.158333333333333,6.666666666666667,47.0
p02,2020-02-12,25874822659,2020-02-11 23:28:00,2020-02-12 06:02:30,stages,1,75.0,5.766666666666667,99,5.466666666666667,6.041666666666667,6.566666666666666,47.0
p02,2020-03-30,26530518810,2020-03-29 23:52:30,2020-03-30 06:21:00,stages,1,77.0,5.766666666666667,93,5.875,6.35,6.466666666666667,51.0
p02,2020-02-15,25908960378,2020-02-15 01:18:30,2020-02-15 07:49:30,stages,1,67.0,5.783333333333333,91,7.308333333333334,7.825,6.516666666666667,46.0
p02,2020-02-04,25751178715,2020-02-03 23:35:00,2020-02-04 06:34:30,stages,1,68.0,5.8,98,5.583333333333333,6.575,6.983333333333333,47.0
p02,2019-12-19,25067580603,2019-12-19 00:15:30,2019-12-19 06:57:00,stages,1,63.0,5.816666666666666,83,6.258333333333334,6.95,6.683333333333334,45.0
p02,2020-02-14,25894543060,2020-02-13 23:45:30,2020-02-14 06:58:00,stages,1,67.0,5.816666666666666,96,5.758333333333334,6.966666666666667,7.2,46.0
p02,2019-12-08,24935403285,2019-12-08 02:19:00,2019-12-08 09:13:30,stages,1,68.0,5.85,94,8.316666666666666,9.225,6.9,46.0
p02,2019-11-26,24792764705,2019-11-25 23:20:30,2019-11-26 06:33:00,stages,1,74.0,5.9,97,5.341666666666667,6.55,7.2,45.0
p02,2019-12-12,24977862184,2019-12-11 23:27:00,2019-12-12 06:40:00,stages,1,66.0,5.916666666666667,91,5.45,6.666666666666667,7.216666666666667,45.0
p02,2020-03-15,26342688077,2020-03-14 23:28:00,2020-03-15 06:34:00,stages,1,64.0,5.95,88,5.466666666666667,6.566666666666666,7.1,47.0
p02,2020-03-13,26306338653,2020-03-12 23:42:30,2020-03-13 06:45:00,stages,1,75.0,5.95,98,5.708333333333333,6.75,7.033333333333333,45.0
p02,2020-01-21,25529945029,2020-01-20 23:25:00,2020-01-21 06:43:30,stages,1,68.0,5.966666666666667,100,5.416666666666667,6.725,7.3,47.0
p02,2020-03-16,26349024331,2020-03-16 00:16:30,2020-03-16 07:39:30,stages,1,66.0,5.966666666666667,91,6.275,7.658333333333333,7.383333333333334,48.0
p02,2020-01-22,25557259037,2020-01-21 23:26:00,2020-01-22 06:43:00,stages,1,72.0,5.966666666666667,90,5.433333333333334,6.716666666666667,7.283333333333333,46.0
p02,2019-11-13,24636780923,2019-11-12 23:18:30,2019-11-13 06:39:00,stages,1,67.0,5.983333333333333,98,5.308333333333334,6.65,7.333333333333333,46.0
p02,2020-02-23,26036022643,2020-02-23 01:02:00,2020-02-23 07:53:30,stages,1,76.0,5.983333333333333,90,7.033333333333333,7.891666666666667,6.85,51.0
p02,2019-12-11,24972773659,2019-12-10 23:31:00,2019-12-11 06:24:30,stages,1,77.0,5.983333333333333,96,5.516666666666667,6.408333333333333,6.883333333333334,46.0
p02,2020-03-08,26256913419,2020-03-08 00:49:30,2020-03-08 08:13:30,stages,1,69.0,6.05,96,6.825,8.225,7.4,47.0
p02,2020-02-19,25968544430,2020-02-18 23:21:30,2020-02-19 06:43:30,stages,1,70.0,6.066666666666666,98,5.358333333333333,6.725,7.366666666666666,47.0
p02,2020-02-07,25797324044,2020-02-06 23:23:00,2020-02-07 06:52:00,stages,1,74.0,6.066666666666666,92,5.383333333333334,6.866666666666666,7.483333333333333,45.0
p02,2020-01-28,25645293844,2020-01-27 23:20:00,2020-01-28 06:08:00,stages,1,76.0,6.066666666666666,98,5.333333333333333,6.133333333333334,6.8,49.0
p02,2020-03-28,26504002101,2020-03-28 00:21:00,2020-03-28 07:44:30,stages,1,62.0,6.1,89,6.35,7.741666666666666,7.383333333333334,47.0
p02,2020-01-24,25586069832,2020-01-24 00:01:30,2020-01-24 07:04:30,stages,1,72.0,6.133333333333334,95,6.025,7.075,7.05,46.0
p02,2019-12-14,25009042355,2019-12-14 02:55:00,2019-12-14 10:22:00,stages,1,58.0,6.133333333333334,93,8.916666666666666,10.366666666666667,7.45,44.0
p02,2020-02-27,26098207996,2020-02-27 00:04:30,2020-02-27 07:18:30,stages,1,65.0,6.133333333333334,91,6.075,7.308333333333334,7.233333333333333,46.0
p02,2019-12-13,24999289340,2019-12-12 23:21:00,2019-12-13 06:46:30,stages,1,69.0,6.15,99,5.35,6.775,7.416666666666667,45.0
p02,2020-01-13,25418134167,2020-01-12 23:28:00,2020-01-13 06:28:00,stages,1,79.0,6.166666666666667,90,5.466666666666667,6.466666666666667,7.0,48.0
p02,2020-01-29,25653539379,2020-01-28 23:19:00,2020-01-29 06:43:30,stages,1,75.0,6.166666666666667,95,5.316666666666666,6.725,7.4,48.0
p02,2019-11-27,24814910760,2019-11-26 23:20:30,2019-11-27 06:26:30,stages,1,74.0,6.183333333333334,92,5.341666666666667,6.441666666666666,7.1,45.0
p02,2020-02-18,25968544429,2020-02-17 23:21:00,2020-02-18 06:47:30,stages,1,70.0,6.183333333333334,89,5.35,6.791666666666667,7.433333333333334,48.0
p02,2020-03-03,26161648714,2020-03-03 00:13:00,2020-03-03 07:26:00,stages,1,75.0,6.2,98,6.216666666666667,7.433333333333334,7.216666666666667,45.0
p02,2019-12-20,25086862747,2019-12-20 00:09:30,2019-12-20 06:57:00,stages,1,75.0,6.2,97,6.158333333333333,6.95,6.783333333333333,46.0
p02,2019-12-07,24923252420,2019-12-06 23:59:30,2019-12-07 07:05:30,stages,1,71.0,6.2,92,5.991666666666666,7.091666666666667,7.1,45.0
p02,2020-03-18,26380705349,2020-03-17 23:23:00,2020-03-18 07:13:00,stages,1,74.0,6.2,99,5.383333333333334,7.216666666666667,7.833333333333333,46.0
p02,2020-02-21,26011356895,2020-02-20 23:51:30,2020-02-21 06:43:30,stages,1,73.0,6.216666666666667,98,5.858333333333333,6.725,6.866666666666666,48.0
p02,2019-12-18,25060150828,2019-12-17 23:27:30,2019-12-18 06:53:30,stages,1,71.0,6.216666666666667,90,5.458333333333333,6.891666666666667,7.433333333333334,46.0
p02,2020-02-20,25978422161,2020-02-19 23:11:00,2020-02-20 06:59:00,stages,1,67.0,6.233333333333333,98,5.183333333333334,6.983333333333333,7.8,46.0
p02,2020-01-10,25380278163,2020-01-09 23:36:00,2020-01-10 06:53:30,stages,1,76.0,6.25,91,5.6,6.891666666666667,7.283333333333333,46.0
p02,2019-11-14,24636780924,2019-11-13 23:21:00,2019-11-14 06:30:30,stages,1,69.0,6.25,99,5.35,6.508333333333334,7.15,46.0
p02,2019-12-02,24857203229,2019-12-01 23:34:30,2019-12-02 06:39:30,stages,2,81.0,6.266666666666667,93,5.575,6.658333333333333,7.083333333333333,47.0
p02,2020-01-09,25363101741,2020-01-08 23:27:00,2020-01-09 06:53:30,stages,1,71.0,6.283333333333333,95,5.45,6.891666666666667,7.433333333333334,46.0
p02,2019-11-22,24745400643,2019-11-21 23:37:00,2019-11-22 06:52:30,stages,1,74.0,6.3,99,5.616666666666666,6.875,7.25,47.0
p02,2019-11-28,24814910761,2019-11-27 23:15:00,2019-11-28 06:32:00,stages,1,76.0,6.316666666666666,90,5.25,6.533333333333333,7.283333333333333,45.0
p02,2020-02-06,25783203957,2020-02-05 23:16:00,2020-02-06 06:50:00,stages,1,76.0,6.35,93,5.266666666666667,6.833333333333333,7.566666666666666,47.0
p02,2020-01-07,25320954691,2020-01-06 23:39:00,2020-01-07 06:46:30,stages,1,77.0,6.35,93,5.65,6.775,7.116666666666666,45.0
p02,2019-12-03,24862298733,2019-12-02 23:20:30,2019-12-03 06:41:00,stages,1,75.0,6.366666666666666,99,5.341666666666667,6.683333333333334,7.333333333333333,46.0
p02,2020-03-12,26288680064,2020-03-11 23:01:00,2020-03-12 06:22:00,stages,1,83.0,6.366666666666666,93,5.016666666666667,6.366666666666666,7.35,46.0
p02,2019-11-07,24550716102,2019-11-06 23:12:00,2019-11-07 06:09:30,stages,1,75.0,6.383333333333334,90,5.2,6.158333333333333,6.95,45.0
p02,2019-12-05,24896643098,2019-12-04 23:20:00,2019-12-05 06:42:30,stages,1,70.0,6.383333333333334,99,5.333333333333333,6.708333333333333,7.366666666666666,44.0
p02,2019-11-11,24590204015,2019-11-10 23:18:00,2019-11-11 06:32:30,stages,1,79.0,6.383333333333334,91,5.3,6.541666666666667,7.233333333333333,47.0
p02,2020-03-27,26489620190,2020-03-26 23:31:00,2020-03-27 07:37:30,stages,1,65.0,6.4,98,5.516666666666667,7.625,8.1,47.0
p02,2020-02-13,25878451698,2020-02-12 23:23:00,2020-02-13 06:58:00,stages,1,80.0,6.416666666666667,93,5.383333333333334,6.966666666666667,7.583333333333333,46.0
p02,2020-01-31,25696447227,2020-01-30 23:22:00,2020-01-31 07:02:00,stages,2,73.0,6.416666666666667,98,5.366666666666666,7.033333333333333,7.666666666666667,45.0
p02,2019-12-31,25234143557,2019-12-31 00:56:30,2019-12-31 08:33:00,stages,1,73.0,6.45,98,6.941666666666666,8.55,7.6,45.0
p02,2019-11-06,24541376912,2019-11-05 23:21:00,2019-11-06 06:54:00,stages,1,,6.45,93,5.35,6.9,7.55,
p02,2019-12-16,25033382891,2019-12-15 23:30:00,2019-12-16 06:43:00,stages,1,74.0,6.466666666666667,98,5.5,6.716666666666667,7.216666666666667,47.0
p02,2020-02-11,25861470136,2020-02-10 23:21:00,2020-02-11 06:39:30,stages,1,79.0,6.466666666666667,97,5.35,6.658333333333333,7.3,47.0
p02,2019-11-08,24554805106,2019-11-07 23:31:00,2019-11-08 07:29:00,stages,1,72.0,6.483333333333333,98,5.516666666666667,7.483333333333333,7.966666666666667,46.0
p02,2019-12-17,25036633149,2019-12-16 23:38:00,2019-12-17 06:53:30,stages,1,77.0,6.516666666666667,99,5.633333333333334,6.891666666666667,7.25,47.0
p02,2020-02-10,25840943219,2020-02-09 23:18:30,2020-02-10 06:55:30,stages,1,70.0,6.533333333333333,90,5.308333333333334,6.925,7.616666666666666,48.0
p02,2019-12-04,24895824299,2019-12-03 23:20:30,2019-12-04 06:44:00,stages,1,79.0,6.533333333333333,92,5.341666666666667,6.733333333333333,7.383333333333334,45.0
p02,2019-11-16,24659721260,2019-11-16 01:41:30,2019-11-16 09:49:30,stages,1,60.0,6.55,92,7.691666666666666,9.825,8.133333333333333,47.0
p02,2019-11-19,24698821500,2019-11-18 23:16:30,2019-11-19 06:27:00,stages,1,80.0,6.55,96,5.275,6.45,7.166666666666667,48.0
p02,2020-03-31,26540871816,2020-03-31 00:04:30,2020-03-31 08:20:30,stages,2,,6.566666666666666,98,6.075,8.341666666666667,8.266666666666667,
p02,2020-01-30,25666164253,2020-01-29 23:22:00,2020-01-30 07:05:30,stages,1,74.0,6.583333333333333,97,5.366666666666666,7.091666666666667,7.716666666666667,46.0
p02,2020-02-22,26017338140,2020-02-21 23:54:30,2020-02-22 07:49:00,stages,1,64.0,6.583333333333333,94,5.908333333333333,7.816666666666666,7.9,48.0
p02,2019-12-21,25101486533,2019-12-21 00:41:00,2019-12-21 08:07:30,stages,1,72.0,6.616666666666666,93,6.683333333333334,8.125,7.433333333333334,46.0
p02,2020-03-06,26209452058,2020-03-05 23:16:30,2020-03-06 07:09:00,stages,1,73.0,6.65,92,5.275,7.15,7.866666666666666,46.0
p02,2019-12-01,24838154739,2019-12-01 01:33:30,2019-12-01 10:02:30,stages,1,58.0,6.65,96,7.558333333333334,10.041666666666666,8.483333333333333,45.0
p02,2020-01-12,25409084902,2020-01-12 02:28:30,2020-01-12 10:36:00,stages,1,60.0,6.666666666666667,99,8.475,10.6,8.116666666666667,46.0
p02,2020-02-26,26081648910,2020-02-25 23:02:30,2020-02-26 07:03:30,stages,1,73.0,6.666666666666667,90,5.041666666666667,7.058333333333334,8.016666666666667,52.0
p02,2020-01-19,25510149237,2020-01-19 01:37:00,2020-01-19 09:33:00,stages,1,71.0,6.7,96,7.616666666666666,9.55,7.933333333333334,47.0
p02,2020-02-08,25819317393,2020-02-08 00:20:30,2020-02-08 08:15:30,stages,1,65.0,6.716666666666667,94,6.341666666666667,8.258333333333333,7.916666666666667,45.0
p02,2020-02-17,25933222245,2020-02-16 23:16:00,2020-02-17 06:46:30,stages,1,77.0,6.733333333333333,99,5.266666666666667,6.775,7.5,50.0
p02,2019-11-29,24829495799,2019-11-28 23:21:30,2019-11-29 06:48:00,stages,1,82.0,6.733333333333333,94,5.358333333333333,6.8,7.433333333333334,45.0
p02,2020-02-03,25737843221,2020-02-02 23:12:30,2020-02-03 06:45:30,stages,1,81.0,6.75,91,5.208333333333333,6.758333333333334,7.55,47.0
p02,2020-01-15,25453868774,2020-01-14 23:21:30,2020-01-15 06:50:00,stages,1,78.0,6.75,89,5.358333333333333,6.833333333333333,7.466666666666667,44.0
p02,2020-01-20,25518257560,2020-01-19 23:23:00,2020-01-20 07:01:30,stages,1,78.0,6.766666666666667,98,5.383333333333334,7.025,7.633333333333334,48.0
p02,2019-12-29,25189335380,2019-12-29 01:21:30,2019-12-29 08:49:30,stages,1,70.0,6.783333333333333,98,7.358333333333333,8.825,7.466666666666667,44.0
p02,2020-03-07,26217515055,2020-03-06 23:21:00,2020-03-07 06:41:30,stages,1,82.0,6.8,92,5.35,6.691666666666666,7.333333333333333,47.0
p02,2020-03-05,26196692623,2020-03-04 23:54:30,2020-03-05 08:14:00,stages,1,73.0,6.816666666666666,99,5.908333333333333,8.233333333333333,8.316666666666666,46.0
p02,2020-03-25,26473501698,2020-03-24 23:41:00,2020-03-25 07:55:30,stages,1,74.0,6.816666666666666,99,5.683333333333334,7.925,8.233333333333333,48.0
p02,2019-12-30,25206169676,2019-12-30 00:27:00,2019-12-30 08:28:30,stages,1,73.0,6.883333333333334,90,6.45,8.475,8.016666666666667,45.0
p02,2020-03-19,26387234498,2020-03-19 00:02:00,2020-03-19 08:09:00,stages,1,74.0,6.9,98,6.033333333333333,8.15,8.116666666666667,45.0
p02,2019-12-28,25171974888,2019-12-28 01:16:00,2019-12-28 09:06:30,stages,1,80.0,6.9,91,7.266666666666667,9.108333333333333,7.833333333333333,47.0
p02,2020-02-01,25712106444,2020-02-01 00:22:00,2020-02-01 08:28:00,stages,1,73.0,6.933333333333334,99,6.366666666666666,8.466666666666667,8.1,47.0
p02,2020-03-02,26148360023,2020-03-01 23:10:30,2020-03-02 07:13:30,stages,1,76.0,6.933333333333334,96,5.175,7.225,8.05,46.0
p02,2020-02-24,26081648908,2020-02-23 22:57:30,2020-02-24 06:50:00,stages,1,82.0,6.95,95,4.958333333333333,6.833333333333333,7.866666666666666,52.0
p02,2019-12-24,25132043903,2019-12-24 00:11:00,2019-12-24 08:34:30,stages,1,74.0,6.95,98,6.183333333333334,8.575,8.383333333333333,46.0
p02,2019-11-10,24586073757,2019-11-10 01:04:00,2019-11-10 08:53:00,stages,1,80.0,6.95,99,7.066666666666666,8.883333333333333,7.816666666666666,48.0
p02,2019-11-25,24781797203,2019-11-24 23:11:30,2019-11-25 06:39:30,stages,1,82.0,6.966666666666667,96,5.191666666666666,6.658333333333333,7.466666666666667,47.0
p02,2020-01-08,25333869511,2020-01-07 23:22:00,2020-01-08 07:15:00,stages,1,70.0,6.983333333333333,100,5.366666666666666,7.25,7.883333333333334,45.0
p02,2020-03-24,26473501697,2020-03-23 23:30:00,2020-03-24 08:13:00,stages,1,72.0,7.066666666666666,98,5.5,8.216666666666667,8.716666666666667,48.0
p02,2020-01-02,25266471755,2020-01-01 23:44:30,2020-01-02 08:13:00,stages,1,72.0,7.083333333333333,95,5.741666666666666,8.216666666666667,8.466666666666667,45.0
p02,2020-01-25,25595523986,2020-01-24 23:17:00,2020-01-25 07:23:00,stages,1,78.0,7.083333333333333,95,5.283333333333333,7.383333333333334,8.1,48.0
p02,2019-12-27,25164862611,2019-12-27 02:34:00,2019-12-27 10:35:00,stages,1,72.0,7.1,85,8.566666666666666,10.583333333333334,8.016666666666667,45.0
p02,2020-03-23,26443230995,2020-03-22 23:32:00,2020-03-23 08:04:30,stages,1,76.0,7.133333333333334,99,5.533333333333333,8.075,8.533333333333333,48.0
p02,2020-03-22,26434483581,2020-03-22 00:12:30,2020-03-22 09:05:00,stages,1,76.0,7.133333333333334,92,6.208333333333333,9.083333333333334,8.866666666666667,49.0
p02,2019-12-22,25104998807,2019-12-22 00:28:00,2019-12-22 08:42:00,stages,1,74.0,7.25,98,6.466666666666667,8.7,8.233333333333333,47.0
p02,2020-02-29,26119626219,2020-02-28 23:48:00,2020-02-29 08:02:30,stages,1,79.0,7.333333333333333,98,5.8,8.041666666666666,8.233333333333333,47.0
p02,2020-02-09,25826709445,2020-02-09 00:24:30,2020-02-09 08:44:00,stages,1,74.0,7.35,91,6.408333333333333,8.733333333333333,8.316666666666666,46.0
p02,2020-03-04,26178778529,2020-03-03 23:23:00,2020-03-04 08:01:30,stages,1,76.0,7.45,97,5.383333333333334,8.025,8.633333333333333,46.0
p02,2019-11-23,24754368469,2019-11-23 00:25:30,2019-11-23 08:54:30,stages,1,79.0,7.533333333333333,91,6.425,8.908333333333333,8.483333333333333,48.0
p02,2020-01-05,25282737909,2020-01-05 01:02:30,2020-01-05 10:06:30,stages,1,74.0,7.733333333333333,99,7.041666666666667,10.108333333333333,9.066666666666666,46.0
p02,2020-01-18,25491342276,2020-01-18 00:07:00,2020-01-18 08:55:30,stages,1,75.0,7.733333333333333,91,6.116666666666666,8.925,8.8,45.0
p02,2020-02-02,25732792765,2020-02-02 00:11:00,2020-02-02 09:28:30,stages,1,76.0,7.916666666666667,90,6.183333333333334,9.475,9.283333333333333,48.0
p02,2020-03-11,26285343735,2020-03-10 22:50:00,2020-03-11 07:42:30,stages,1,78.0,7.95,93,4.833333333333333,7.708333333333333,8.866666666666667,44.0
p02,2019-12-15,25013611278,2019-12-14 23:32:00,2019-12-15 08:18:30,stages,1,79.0,7.983333333333333,98,5.533333333333333,8.308333333333334,8.766666666666667,46.0
p02,2019-12-26,25164862610,2019-12-25 23:44:00,2019-12-26 08:36:00,stages,1,78.0,8.3,85,5.733333333333333,8.6,8.866666666666667,45.0
p02,2020-03-14,26319770221,2020-03-13 23:21:00,2020-03-14 08:44:30,stages,1,80.0,8.4,89,5.35,8.741666666666667,9.383333333333333,45.0
p03,2019-11-01,24472351655,2019-11-01 01:48:00,2019-11-01 04:03:00,classic,1,,2.1,93,7.8,4.05,2.25,
p03,2020-03-27,26509000926,2020-03-27 10:07:00,2020-03-27 12:59:30,classic,1,,2.6666666666666665,93,16.116666666666667,12.991666666666667,2.8666666666666667,
p03,2020-01-21,25533571518,2020-01-20 23:45:30,2020-01-21 03:18:30,stages,1,69.0,3.15,96,5.758333333333334,3.308333333333333,3.55,53.0
p03,2019-12-22,25149355675,2019-12-22 02:44:30,2019-12-22 06:45:30,stages,1,56.0,3.2333333333333334,90,8.741666666666667,6.758333333333334,4.016666666666667,59.0
p03,2019-11-12,24604252564,2019-11-12 00:16:00,2019-11-12 04:00:30,stages,1,70.0,3.2333333333333334,92,6.266666666666667,4.008333333333334,3.7333333333333334,57.0
p03,2020-01-25,25699777733,2020-01-25 05:51:00,2020-01-25 09:42:30,stages,1,66.0,3.3333333333333335,92,11.85,9.708333333333334,3.85,53.0
p03,2019-12-21,25149355673,2019-12-21 00:45:00,2019-12-21 05:51:30,stages,1,59.0,4.383333333333334,96,6.75,5.858333333333333,5.1,59.0
p03,2019-12-28,25173794790,2019-12-28 02:00:30,2019-12-28 07:12:30,stages,1,62.0,4.433333333333334,92,8.008333333333333,7.208333333333333,5.2,57.0
p03,2020-03-05,26189392113,2020-03-05 00:57:30,2020-03-05 06:33:30,stages,1,69.0,4.85,95,6.958333333333333,6.558333333333334,5.6,56.0
p03,2020-03-22,26509000922,2020-03-22 00:38:00,2020-03-22 06:36:00,stages,1,73.0,5.05,87,6.633333333333334,6.6,5.966666666666667,53.0
p03,2020-01-30,25699777738,2020-01-30 00:32:30,2020-01-30 06:39:00,stages,1,72.0,5.15,95,6.541666666666667,6.65,6.1,55.0
p03,2020-03-23,26509000923,2020-03-23 01:05:30,2020-03-23 06:51:00,stages,1,67.0,5.166666666666667,93,7.091666666666667,6.85,5.75,53.0
p03,2019-12-20,25149355672,2019-12-19 23:38:30,2019-12-20 05:32:00,stages,1,69.0,5.233333333333333,92,5.641666666666667,5.533333333333333,5.883333333333334,60.0
p03,2020-01-28,25699777735,2020-01-27 22:40:30,2020-01-28 04:48:30,stages,1,62.0,5.383333333333334,89,4.675,4.808333333333334,6.133333333333334,54.0
p03,2020-01-20,25517978451,2020-01-19 23:57:00,2020-01-20 06:24:00,stages,1,77.0,5.416666666666667,97,5.95,6.4,6.45,56.0
p03,2020-03-30,26529030635,2020-03-30 01:48:00,2020-03-30 07:52:30,stages,1,73.0,5.416666666666667,91,7.8,7.875,6.066666666666666,59.0
p03,2019-12-30,25199491746,2019-12-30 01:06:00,2019-12-30 07:28:30,stages,1,71.0,5.45,89,7.1,7.475,6.366666666666666,58.0
p03,2020-02-12,25901485616,2020-02-11 23:58:30,2020-02-12 06:29:00,stages,2,71.0,5.583333333333333,96,5.975,6.483333333333333,6.5,56.0
p03,2020-01-31,25699777739,2020-01-30 23:59:00,2020-01-31 06:17:30,stages,1,71.0,5.616666666666666,97,5.983333333333333,6.291666666666667,6.3,56.0
p03,2020-01-22,25550742027,2020-01-22 01:16:30,2020-01-22 07:45:00,stages,1,73.0,5.716666666666667,97,7.275,7.75,6.466666666666667,53.0
p03,2020-03-29,26516780913,2020-03-29 01:06:00,2020-03-29 08:25:30,stages,1,77.0,5.733333333333333,97,7.1,8.425,7.316666666666666,59.0
p03,2020-02-21,26003278888,2020-02-21 01:30:00,2020-02-21 08:12:30,stages,1,74.0,5.733333333333333,94,7.5,8.208333333333334,6.7,55.0
p03,2020-03-26,26509000925,2020-03-26 01:34:30,2020-03-26 08:03:30,stages,1,72.0,5.833333333333333,93,7.575,8.058333333333334,6.483333333333333,55.0
p03,2020-01-08,25335384187,2020-01-08 00:28:00,2020-01-08 07:12:00,stages,1,75.0,5.866666666666666,95,6.466666666666667,7.2,6.733333333333333,58.0
p03,2019-12-24,25149355677,2019-12-24 00:06:30,2019-12-24 06:47:30,stages,1,76.0,5.883333333333334,92,6.108333333333333,6.791666666666667,6.683333333333334,58.0
p03,2020-02-02,25723818906,2020-02-02 02:02:00,2020-02-02 08:57:30,stages,1,75.0,5.9,92,8.033333333333333,8.958333333333334,6.916666666666667,58.0
p03,2019-12-25,25149355678,2019-12-25 01:03:00,2019-12-25 07:51:00,stages,1,71.0,5.916666666666667,92,7.05,7.85,6.8,58.0
p03,2020-02-27,26176058395,2020-02-27 00:54:30,2020-02-27 07:28:00,stages,1,72.0,5.916666666666667,97,6.908333333333333,7.466666666666667,6.55,55.0
p03,2020-03-31,26540927980,2020-03-31 01:05:00,2020-03-31 07:45:30,stages,1,,5.933333333333334,92,7.083333333333333,7.758333333333334,6.666666666666667,
p03,2020-01-23,25563505527,2020-01-23 00:30:00,2020-01-23 07:35:30,stages,1,75.0,6.066666666666666,93,6.5,7.591666666666667,7.083333333333333,53.0
p03,2020-02-07,25797208763,2020-02-06 21:46:30,2020-02-07 05:04:00,stages,1,70.0,6.116666666666666,96,3.775,5.066666666666666,7.283333333333333,55.0
p03,2020-03-09,26246001563,2020-03-09 00:58:00,2020-03-09 08:00:30,stages,1,75.0,6.116666666666666,95,6.966666666666667,8.008333333333333,7.033333333333333,55.0
p03,2019-11-02,24490223982,2019-11-02 00:36:00,2019-11-02 07:40:00,stages,1,65.0,6.133333333333334,89,6.6,7.666666666666667,7.066666666666666,60.0
p03,2019-12-31,25215074096,2019-12-31 00:55:30,2019-12-31 07:54:00,stages,1,71.0,6.15,88,6.925,7.9,6.966666666666667,57.0
p03,2019-11-13,24624621242,2019-11-13 01:24:00,2019-11-13 08:11:30,stages,1,80.0,6.183333333333334,97,7.4,8.191666666666666,6.783333333333333,56.0
p03,2019-12-23,25149355676,2019-12-22 23:29:00,2019-12-23 06:37:30,stages,1,73.0,6.333333333333333,94,5.483333333333333,6.625,7.133333333333334,58.0
p03,2020-02-18,25981065833,2020-02-17 23:28:00,2020-02-18 06:28:30,stages,1,77.0,6.366666666666666,96,5.466666666666667,6.475,7.0,54.0
p03,2020-01-15,25518354325,2020-01-15 00:59:30,2020-01-15 08:02:00,stages,1,76.0,6.383333333333334,96,6.991666666666666,8.033333333333333,7.033333333333333,56.0
p03,2020-02-04,25783721925,2020-02-03 22:20:30,2020-02-04 05:58:30,stages,1,72.0,6.433333333333334,94,4.341666666666667,5.975,7.633333333333334,56.0
p03,2020-02-10,25901485614,2020-02-09 22:44:00,2020-02-10 06:11:00,stages,1,78.0,6.433333333333334,96,4.733333333333333,6.183333333333334,7.45,58.0
p03,2020-02-15,25981065830,2020-02-15 00:03:30,2020-02-15 07:18:00,stages,1,68.0,6.45,89,6.058333333333334,7.3,7.233333333333333,54.0
p03,2020-01-13,25412819392,2020-01-12 23:19:30,2020-01-13 06:37:00,stages,2,81.0,6.466666666666667,97,5.325,6.616666666666666,7.283333333333333,58.0
p03,2020-01-16,25518354326,2020-01-16 00:28:30,2020-01-16 07:49:00,stages,1,78.0,6.466666666666667,95,6.475,7.816666666666666,7.333333333333333,57.0
p03,2020-03-24,26509000924,2020-03-24 00:20:00,2020-03-24 07:31:30,stages,1,79.0,6.533333333333333,93,6.333333333333333,7.525,7.183333333333334,54.0
p03,2019-11-08,24559972016,2019-11-08 00:06:30,2019-11-08 07:25:00,stages,1,80.0,6.583333333333333,95,6.108333333333333,7.416666666666667,7.3,58.0
p03,2020-02-13,25901485617,2020-02-13 00:16:00,2020-02-13 07:50:30,stages,1,79.0,6.6,94,6.266666666666667,7.841666666666667,7.566666666666666,56.0
p03,2020-01-29,25699777736,2020-01-28 23:15:30,2020-01-29 06:48:00,stages,1,76.0,6.65,98,5.258333333333334,6.8,7.533333333333333,54.0
p03,2020-02-11,25901485615,2020-02-10 22:11:00,2020-02-11 06:11:00,stages,1,81.0,6.65,95,4.183333333333334,6.183333333333334,8.0,57.0
p03,2020-01-14,25518354324,2020-01-14 00:51:30,2020-01-14 08:12:30,stages,1,83.0,6.683333333333334,96,6.858333333333333,8.208333333333334,7.35,57.0
p03,2020-02-19,25981065834,2020-02-19 00:47:30,2020-02-19 08:18:00,stages,1,76.0,6.683333333333334,98,6.791666666666667,8.3,7.5,55.0
p03,2020-02-03,25783721924,2020-02-02 21:40:30,2020-02-03 06:17:30,stages,1,67.0,6.75,95,3.675,6.291666666666667,8.616666666666667,57.0
p03,2020-01-18,25518354328,2020-01-18 01:05:30,2020-01-18 08:34:30,stages,1,79.0,6.866666666666666,98,7.091666666666667,8.575,7.483333333333333,57.0
p03,2020-01-07,25317419702,2020-01-06 23:46:00,2020-01-07 07:32:00,stages,1,75.0,6.916666666666667,100,5.766666666666667,7.533333333333333,7.766666666666667,56.0
p03,2019-11-07,24559972015,2019-11-06 23:32:30,2019-11-07 07:26:00,stages,1,79.0,6.916666666666667,95,5.541666666666667,7.433333333333334,7.883333333333334,59.0
p03,2020-02-09,25901485613,2020-02-09 00:06:00,2020-02-09 08:12:00,stages,1,84.0,6.933333333333334,96,6.1,8.2,8.1,58.0
p03,2020-01-26,25699777734,2020-01-26 01:29:30,2020-01-26 09:24:30,stages,1,81.0,6.983333333333333,95,7.491666666666666,9.408333333333333,7.916666666666667,53.0
p03,2020-01-04,25317419699,2020-01-04 02:05:30,2020-01-04 09:56:00,stages,1,82.0,7.1,96,8.091666666666667,9.933333333333334,7.833333333333333,55.0
p03,2020-01-01,25228216350,2020-01-01 01:55:30,2020-01-01 09:53:30,stages,1,82.0,7.1,91,7.925,9.891666666666667,7.966666666666667,57.0
p03,2020-02-05,25783721926,2020-02-04 22:10:00,2020-02-05 06:20:30,stages,1,81.0,7.116666666666666,96,4.166666666666667,6.341666666666667,8.166666666666666,56.0
p03,2020-01-06,25317419701,2020-01-05 22:46:30,2020-01-06 07:00:30,stages,1,75.0,7.133333333333334,95,4.775,7.008333333333334,8.233333333333333,55.0
p03,2020-01-17,25518354327,2020-01-16 23:01:00,2020-01-17 07:19:00,stages,1,85.0,7.183333333333334,95,5.016666666666667,7.316666666666666,8.3,58.0
p03,2019-11-14,24630940989,2019-11-14 00:09:30,2019-11-14 08:10:30,stages,2,76.0,7.2,96,6.158333333333333,8.175,8.016666666666667,55.0
p03,2020-01-09,25355291573,2020-01-08 23:33:30,2020-01-09 07:50:00,stages,1,80.0,7.216666666666667,94,5.558333333333334,7.833333333333333,8.266666666666667,56.0
p03,2020-02-16,25981065831,2020-02-16 01:18:00,2020-02-16 09:11:30,stages,1,82.0,7.216666666666667,93,7.3,9.191666666666666,7.883333333333334,54.0
p03,2020-01-02,25242381570,2020-01-02 01:42:00,2020-01-02 10:10:30,stages,1,82.0,7.216666666666667,95,7.7,10.175,8.466666666666667,56.0
p03,2019-11-16,24654476587,2019-11-16 00:26:00,2019-11-16 08:49:30,stages,1,79.0,7.233333333333333,93,6.433333333333334,8.825,8.383333333333333,56.0
p03,2020-03-07,26219086089,2020-03-07 01:15:30,2020-03-07 09:22:30,stages,1,84.0,7.366666666666666,96,7.258333333333334,9.375,8.116666666666667,56.0
p03,2019-11-06,24533606348,2019-11-05 23:18:00,2019-11-06 07:29:30,stages,1,86.0,7.383333333333334,96,5.3,7.491666666666666,8.183333333333334,61.0
p03,2020-03-06,26205999431,2020-03-05 23:50:30,2020-03-06 08:19:30,stages,1,82.0,7.466666666666667,96,5.841666666666667,8.325,8.483333333333333,56.0
p03,2020-03-08,26232590156,2020-03-08 00:47:00,2020-03-08 09:41:00,stages,1,84.0,7.816666666666666,94,6.783333333333333,9.683333333333334,8.9,55.0
p03,2020-01-19,25518354329,2020-01-19 00:42:30,2020-01-19 09:28:00,stages,1,80.0,7.816666666666666,95,6.708333333333333,9.466666666666667,8.75,56.0
p03,2020-02-06,25783721927,2020-02-05 21:47:30,2020-02-06 06:45:00,stages,1,82.0,7.933333333333334,96,3.7916666666666665,6.75,8.95,56.0
p03,2019-12-29,25186719334,2019-12-28 23:52:00,2019-12-29 09:01:00,stages,1,80.0,8.233333333333333,96,5.866666666666666,9.016666666666667,9.15,57.0
p03,2020-01-10,25373846429,2020-01-09 23:06:30,2020-01-10 08:58:30,stages,1,87.0,8.6,95,5.108333333333333,8.975,9.866666666666667,57.0
p03,2020-02-01,25711302809,2020-01-31 23:22:00,2020-02-01 09:22:30,stages,1,82.0,8.633333333333333,95,5.366666666666666,9.375,10.0,58.0
p03,2020-01-11,25389450043,2020-01-11 00:36:00,2020-01-11 10:39:00,stages,1,87.0,8.933333333333334,96,6.6,10.65,10.05,58.0
p04,2020-01-06,25297949174,2020-01-06 01:38:00,2020-01-06 04:41:00,stages,1,67.0,2.65,92,7.633333333333334,4.683333333333334,3.05,66.0
p04,2020-02-16,25935918190,2020-02-16 11:36:00,2020-02-16 14:33:00,classic,1,,2.75,93,17.6,14.55,2.95,
p04,2020-01-31,25696518427,2020-01-31 03:05:00,2020-01-31 06:42:30,stages,1,65.0,3.2333333333333334,93,9.083333333333334,6.708333333333333,3.6166666666666667,65.0
p04,2020-01-11,25382923176,2020-01-11 01:52:00,2020-01-11 06:08:30,stages,1,58.0,3.75,94,7.866666666666666,6.141666666666667,4.266666666666667,64.0
p04,2020-02-04,25749083436,2020-02-04 02:13:30,2020-02-04 06:28:00,stages,1,58.0,3.7666666666666666,97,8.225,6.466666666666667,4.233333333333333,71.0
p04,2020-02-09,25836503170,2020-02-09 00:15:30,2020-02-09 04:34:30,stages,1,61.0,3.8833333333333333,92,6.258333333333334,4.575,4.316666666666666,68.0
p04,2020-02-10,25836503172,2020-02-10 02:34:30,2020-02-10 06:52:30,stages,1,73.0,4.016666666666667,93,8.575,6.875,4.3,68.0
p04,2020-02-02,25723406286,2020-02-02 03:24:30,2020-02-02 08:50:00,stages,1,67.0,4.883333333333334,94,9.408333333333333,8.833333333333334,5.416666666666667,69.0
p04,2020-01-09,25342276643,2020-01-08 22:57:00,2020-01-09 04:43:00,stages,1,66.0,4.933333333333334,91,4.95,4.716666666666667,5.766666666666667,65.0
p04,2020-03-21,26415801258,2020-03-20 23:10:00,2020-03-21 04:52:00,stages,1,72.0,4.933333333333334,91,5.166666666666667,4.866666666666666,5.7,70.0
p04,2020-03-01,26131375313,2020-03-01 02:30:00,2020-03-01 08:22:30,stages,1,60.0,5.0,91,8.5,8.375,5.866666666666666,73.0
p04,2019-12-19,25064894453,2019-12-19 00:18:30,2019-12-19 06:31:30,stages,1,69.0,5.316666666666666,93,6.308333333333334,6.525,6.216666666666667,67.0
p04,2020-03-14,26319194536,2020-03-14 00:59:00,2020-03-14 07:32:00,stages,1,71.0,5.6,90,6.983333333333333,7.533333333333333,6.55,71.0
p04,2020-02-23,26042446714,2020-02-23 01:23:30,2020-02-23 07:57:30,stages,1,67.0,5.666666666666667,93,7.391666666666667,7.958333333333333,6.566666666666666,73.0
p04,2020-01-15,25439779135,2020-01-14 22:25:00,2020-01-15 05:23:30,stages,1,77.0,5.866666666666666,93,4.416666666666667,5.391666666666667,6.966666666666667,61.0
p04,2019-11-17,24665677269,2019-11-17 03:29:30,2019-11-17 10:00:30,stages,1,69.0,5.883333333333334,94,9.491666666666667,10.008333333333333,6.516666666666667,64.0
p04,2020-02-11,25849780413,2020-02-10 22:11:30,2020-02-11 04:56:00,stages,1,76.0,5.966666666666667,92,4.191666666666666,4.933333333333334,6.733333333333333,68.0
p04,2020-02-15,25935918189,2020-02-15 04:35:30,2020-02-15 11:22:30,stages,1,69.0,6.033333333333333,90,10.591666666666667,11.375,6.783333333333333,69.0
p04,2020-02-17,25935918191,2020-02-17 01:42:00,2020-02-17 08:35:30,stages,1,79.0,6.1,93,7.7,8.591666666666667,6.883333333333334,70.0
p04,2020-03-08,26231258246,2020-03-08 00:19:00,2020-03-08 07:25:30,stages,1,80.0,6.15,96,6.316666666666666,7.425,7.1,72.0
p04,2020-03-22,26438065829,2020-03-22 03:50:30,2020-03-22 10:54:00,stages,1,74.0,6.216666666666667,92,9.841666666666667,10.9,7.05,70.0
p04,2020-03-12,26319194534,2020-03-11 23:53:00,2020-03-12 06:54:30,stages,1,79.0,6.233333333333333,97,5.883333333333334,6.908333333333333,7.016666666666667,72.0
p04,2019-12-02,24852153957,2019-12-01 23:04:00,2019-12-02 06:39:00,stages,1,72.0,6.333333333333333,89,5.066666666666666,6.65,7.583333333333333,69.0
p04,2019-12-13,24991784521,2019-12-12 22:17:00,2019-12-13 06:18:30,stages,1,73.0,6.4,91,4.283333333333333,6.308333333333334,8.016666666666667,66.0
p04,2020-01-13,25408895181,2020-01-12 21:45:00,2020-01-13 05:18:00,stages,1,75.0,6.416666666666667,93,3.75,5.3,7.55,63.0
p04,2020-03-24,26455360344,2020-03-23 23:29:00,2020-03-24 06:39:30,stages,1,80.0,6.416666666666667,95,5.483333333333333,6.658333333333333,7.166666666666667,68.0
p04,2020-01-29,25646822181,2020-01-28 20:57:30,2020-01-29 04:13:30,stages,1,77.0,6.433333333333334,89,2.9583333333333335,4.225,7.266666666666667,66.0
p04,2019-12-27,25163295849,2019-12-27 03:50:00,2019-12-27 11:24:30,stages,1,70.0,6.433333333333334,88,9.833333333333334,11.408333333333333,7.566666666666666,65.0
p04,2020-01-01,25229279710,2020-01-01 04:20:00,2020-01-01 11:46:30,stages,1,70.0,6.466666666666667,91,10.333333333333334,11.775,7.433333333333334,65.0
p04,2020-01-26,25603613945,2020-01-26 01:53:30,2020-01-26 09:13:30,stages,1,73.0,6.516666666666667,94,7.891666666666667,9.225,7.333333333333333,66.0
p04,2020-02-03,25734599170,2020-02-02 22:31:00,2020-02-03 05:45:00,stages,1,82.0,6.516666666666667,95,4.516666666666667,5.75,7.233333333333333,71.0
p04,2019-12-06,24917457523,2019-12-05 23:06:00,2019-12-06 06:39:00,stages,1,74.0,6.516666666666667,94,5.1,6.65,7.55,68.0
p04,2019-11-29,24817530410,2019-11-28 23:05:30,2019-11-29 06:43:30,stages,1,75.0,6.533333333333333,94,5.091666666666667,6.725,7.633333333333334,65.0
p04,2020-02-18,25947923454,2020-02-17 22:03:30,2020-02-18 05:35:30,stages,1,76.0,6.533333333333333,91,4.058333333333334,5.591666666666667,7.533333333333333,70.0
p04,2019-11-24,24763238715,2019-11-24 04:09:30,2019-11-24 11:49:30,stages,1,64.0,6.55,88,10.158333333333333,11.825,7.666666666666667,67.0
p04,2020-03-19,26393281546,2020-03-19 01:33:30,2020-03-19 09:01:00,stages,1,78.0,6.583333333333333,97,7.558333333333334,9.016666666666667,7.45,68.0
p04,2019-12-03,24862670534,2019-12-02 23:04:30,2019-12-03 06:49:30,stages,1,77.0,6.6,92,5.075,6.825,7.75,67.0
p04,2020-01-10,25363900643,2020-01-09 22:02:30,2020-01-10 05:41:30,stages,1,76.0,6.616666666666666,93,4.041666666666667,5.691666666666666,7.65,64.0
p04,2019-12-04,24885048516,2019-12-03 23:00:30,2019-12-04 06:43:30,stages,1,76.0,6.616666666666666,95,5.008333333333334,6.725,7.716666666666667,66.0
p04,2020-01-23,25559544688,2020-01-22 22:57:00,2020-01-23 06:37:30,stages,1,79.0,6.616666666666666,93,4.95,6.625,7.666666666666667,64.0
p04,2019-12-21,25095429305,2019-12-21 02:56:00,2019-12-21 10:39:30,stages,1,74.0,6.666666666666667,92,8.933333333333334,10.658333333333333,7.716666666666667,65.0
p04,2019-11-08,24557100954,2019-11-07 23:11:30,2019-11-08 06:51:00,stages,1,79.0,6.683333333333334,95,5.191666666666666,6.85,7.65,66.0
p04,2020-02-06,25773439116,2020-02-05 20:36:30,2020-02-06 04:33:30,stages,1,75.0,6.7,92,2.6083333333333334,4.558333333333334,7.95,71.0
p04,2019-11-22,24740600162,2019-11-21 23:01:30,2019-11-22 06:49:00,stages,1,71.0,6.7,91,5.025,6.816666666666666,7.783333333333333,64.0
p04,2019-12-01,24840179252,2019-12-01 02:34:30,2019-12-01 09:57:30,stages,1,75.0,6.716666666666667,96,8.575,9.958333333333334,7.383333333333334,67.0
p04,2020-01-14,25420767873,2020-01-13 21:59:00,2020-01-14 05:45:00,stages,1,80.0,6.733333333333333,90,3.9833333333333334,5.75,7.766666666666667,61.0
p04,2019-12-08,24931463868,2019-12-08 03:32:30,2019-12-08 11:13:30,stages,1,73.0,6.783333333333333,89,9.541666666666666,11.225,7.683333333333334,69.0
p04,2019-11-28,24806891340,2019-11-27 22:38:30,2019-11-28 06:50:30,stages,2,72.0,6.8,94,4.641666666666667,6.841666666666667,8.2,65.0
p04,2019-11-20,24703209588,2019-11-19 22:50:30,2019-11-20 06:44:30,stages,1,76.0,6.816666666666666,93,4.841666666666667,6.741666666666666,7.9,63.0
p04,2020-01-24,25575800770,2020-01-23 23:54:00,2020-01-24 07:21:00,stages,1,77.0,6.833333333333333,98,5.9,7.35,7.45,64.0
p04,2019-11-13,24619308629,2019-11-12 22:44:00,2019-11-13 06:50:30,stages,1,76.0,6.833333333333333,95,4.733333333333333,6.841666666666667,8.1,64.0
p04,2019-12-20,25083442326,2019-12-19 22:28:00,2019-12-20 06:28:30,stages,1,83.0,6.866666666666666,92,4.466666666666667,6.475,8.0,68.0
p04,2020-02-19,25963402543,2020-02-18 22:18:30,2020-02-19 06:22:30,stages,1,77.0,6.866666666666666,92,4.308333333333334,6.375,8.066666666666666,70.0
p04,2019-12-05,24897262953,2019-12-04 22:47:30,2019-12-05 06:44:30,stages,1,79.0,6.883333333333334,92,4.791666666666667,6.741666666666666,7.95,67.0
p04,2019-11-19,24698674030,2019-11-18 22:30:00,2019-11-19 06:43:30,stages,1,77.0,6.916666666666667,91,4.5,6.725,8.216666666666667,65.0
p04,2020-01-28,25629880781,2020-01-27 22:39:30,2020-01-28 06:26:30,stages,1,80.0,6.933333333333334,96,4.658333333333333,6.441666666666666,7.783333333333333,66.0
p04,2019-11-07,24544498988,2019-11-06 22:35:30,2019-11-07 06:44:30,stages,1,77.0,6.933333333333334,94,4.591666666666667,6.741666666666666,8.15,67.0
p04,2020-01-16,25457288238,2020-01-15 22:42:30,2020-01-16 06:34:30,stages,1,79.0,6.95,94,4.708333333333333,6.575,7.866666666666666,61.0
p04,2020-03-25,26467580134,2020-03-24 23:46:30,2020-03-25 07:52:00,stages,1,80.0,6.966666666666667,95,5.775,7.866666666666666,8.083333333333334,67.0
p04,2019-12-24,25136167610,2019-12-24 00:33:30,2019-12-24 08:27:30,stages,1,82.0,7.0,97,6.558333333333334,8.458333333333334,7.9,66.0
p04,2019-12-28,25173636067,2019-12-28 00:49:00,2019-12-28 09:07:30,stages,2,77.0,7.0,93,6.816666666666666,9.125,8.3,68.0
p04,2020-03-11,26319194532,2020-03-10 22:56:30,2020-03-11 06:47:00,stages,1,84.0,7.033333333333333,96,4.941666666666666,6.783333333333333,7.833333333333333,71.0
p04,2019-11-14,24628997447,2019-11-13 22:11:30,2019-11-14 06:42:30,stages,1,77.0,7.05,92,4.191666666666666,6.708333333333333,8.516666666666667,65.0
p04,2020-02-28,26105662997,2020-02-27 23:12:30,2020-02-28 07:14:30,stages,1,73.0,7.066666666666666,89,5.208333333333333,7.241666666666666,8.033333333333333,70.0
p04,2020-01-05,25283681814,2020-01-05 00:18:00,2020-01-05 09:11:30,stages,1,75.0,7.083333333333333,96,6.3,9.191666666666666,8.883333333333333,66.0
p04,2020-03-18,26393281545,2020-03-17 22:32:00,2020-03-18 06:51:30,stages,1,80.0,7.133333333333334,95,4.533333333333333,6.858333333333333,8.316666666666666,67.0
p04,2019-11-27,24797096980,2019-11-26 22:59:00,2019-11-27 07:09:30,stages,1,83.0,7.15,94,4.983333333333333,7.158333333333333,8.166666666666666,65.0
p04,2020-02-12,25863960321,2020-02-11 21:30:30,2020-02-12 05:48:30,stages,1,76.0,7.166666666666667,87,3.5083333333333333,5.808333333333334,8.3,67.0
p04,2019-11-26,24785904019,2019-11-25 22:14:00,2019-11-26 06:46:30,stages,1,83.0,7.166666666666667,94,4.233333333333333,6.775,8.533333333333333,67.0
p04,2019-11-11,24590721419,2019-11-10 22:21:30,2019-11-11 06:49:00,stages,1,79.0,7.166666666666667,94,4.358333333333333,6.816666666666666,8.45,66.0
p04,2019-12-11,24966675576,2019-12-10 22:18:30,2019-12-11 06:46:30,stages,1,83.0,7.183333333333334,92,4.308333333333334,6.775,8.466666666666667,67.0
p04,2020-03-15,26353709658,2020-03-14 22:40:00,2020-03-15 06:55:30,stages,1,84.0,7.2,97,4.666666666666667,6.925,8.25,71.0
p04,2019-12-18,25054766403,2019-12-17 22:19:00,2019-12-18 06:47:30,stages,1,79.0,7.216666666666667,89,4.316666666666666,6.791666666666667,8.466666666666667,67.0
p04,2020-01-30,25665963383,2020-01-29 22:30:00,2020-01-30 06:22:00,stages,1,85.0,7.25,97,4.5,6.366666666666666,7.866666666666666,65.0
p04,2020-03-09,26245194112,2020-03-08 22:31:00,2020-03-09 06:44:00,stages,1,83.0,7.283333333333333,93,4.516666666666667,6.733333333333333,8.216666666666667,71.0
p04,2019-12-30,25200027033,2019-12-30 00:20:30,2019-12-30 09:00:30,stages,1,72.0,7.283333333333333,89,6.341666666666667,9.008333333333333,8.666666666666666,64.0
p04,2020-01-22,25541501397,2020-01-21 21:44:30,2020-01-22 05:28:30,stages,1,83.0,7.283333333333333,97,3.7416666666666667,5.475,7.733333333333333,62.0
p04,2019-11-21,24719952653,2019-11-20 22:29:30,2019-11-21 06:46:30,stages,1,80.0,7.3,94,4.491666666666666,6.775,8.283333333333333,63.0
p04,2020-03-10,26260768443,2020-03-09 22:24:30,2020-03-10 06:49:30,stages,1,82.0,7.316666666666666,94,4.408333333333333,6.825,8.416666666666666,72.0
p04,2020-02-27,26088133858,2020-02-26 22:18:30,2020-02-27 06:47:00,stages,1,81.0,7.35,91,4.308333333333334,6.783333333333333,8.466666666666667,71.0
p04,2019-11-18,24676854526,2019-11-17 22:24:00,2019-11-18 06:45:00,stages,1,86.0,7.35,94,4.4,6.75,8.35,67.0
p04,2020-03-29,26516188492,2020-03-29 00:10:00,2020-03-29 09:18:00,stages,1,84.0,7.366666666666666,95,6.166666666666667,9.3,9.133333333333333,66.0
p04,2019-11-12,24604581722,2019-11-11 21:31:00,2019-11-12 06:46:00,stages,1,81.0,7.366666666666666,95,3.5166666666666666,6.766666666666667,9.25,64.0
p04,2020-02-25,26064965963,2020-02-24 22:10:00,2020-02-25 06:42:00,stages,1,82.0,7.366666666666666,97,4.166666666666667,6.7,8.533333333333333,73.0
p04,2020-02-26,26074293698,2020-02-25 22:12:30,2020-02-26 06:42:00,stages,2,83.0,7.4,93,4.208333333333333,6.7,8.483333333333333,72.0
p04,2019-12-22,25104446844,2019-12-22 01:42:30,2019-12-22 10:48:00,stages,1,72.0,7.416666666666667,96,7.708333333333333,10.8,9.083333333333334,66.0
p04,2020-03-31,26541848533,2020-03-30 23:28:30,2020-03-31 08:01:30,stages,1,,7.45,93,5.475,8.025,8.55,
p04,2020-02-13,25876041599,2020-02-12 22:49:30,2020-02-13 07:18:00,stages,1,77.0,7.483333333333333,93,4.825,7.3,8.466666666666667,67.0
p04,2020-01-18,25488142949,2020-01-17 21:51:00,2020-01-18 06:20:00,stages,1,87.0,7.516666666666667,93,3.85,6.333333333333333,8.483333333333333,62.0
p04,2020-01-25,25591120766,2020-01-24 22:53:00,2020-01-25 07:22:30,stages,1,85.0,7.516666666666667,95,4.883333333333334,7.375,8.483333333333333,66.0
p04,2020-03-16,26353709660,2020-03-16 00:01:00,2020-03-16 08:42:30,stages,1,85.0,7.566666666666666,92,6.016666666666667,8.708333333333334,8.683333333333334,71.0
p04,2019-11-25,24771196805,2019-11-24 21:53:00,2019-11-25 06:29:30,stages,1,85.0,7.616666666666666,92,3.8833333333333333,6.491666666666666,8.6,69.0
p04,2020-01-19,25499959802,2020-01-18 23:40:30,2020-01-19 08:34:30,stages,1,79.0,7.7,92,5.675,8.575,8.9,62.0
p04,2020-01-04,25272558302,2020-01-04 00:56:00,2020-01-04 09:50:30,stages,1,79.0,7.716666666666667,91,6.933333333333334,9.841666666666667,8.9,65.0
p04,2019-12-07,24917457525,2019-12-06 22:13:00,2019-12-07 07:23:00,stages,1,82.0,7.8,93,4.216666666666667,7.383333333333334,9.166666666666666,68.0
p04,2019-12-26,25150523713,2019-12-26 00:39:00,2019-12-26 09:35:00,stages,1,84.0,7.8,92,6.65,9.583333333333334,8.933333333333334,66.0
p04,2019-11-15,24642844365,2019-11-14 21:41:30,2019-11-15 06:49:30,stages,1,78.0,7.833333333333333,91,3.691666666666667,6.825,9.133333333333333,65.0
p04,2020-01-12,25395553240,2020-01-11 22:28:00,2020-01-12 07:34:30,stages,1,80.0,7.833333333333333,94,4.466666666666667,7.575,9.1,64.0
p04,2020-03-26,26485220347,2020-03-25 22:40:00,2020-03-26 07:57:00,stages,1,77.0,7.85,91,4.666666666666667,7.95,9.283333333333333,67.0
p04,2020-03-05,26190816499,2020-03-04 23:12:00,2020-03-05 08:13:30,stages,1,84.0,7.85,95,5.2,8.225,9.016666666666667,71.0
p04,2019-11-09,24569260396,2019-11-08 23:50:00,2019-11-09 09:00:30,stages,1,83.0,7.866666666666666,94,5.833333333333333,9.008333333333333,9.166666666666666,65.0
p04,2019-12-16,25024877171,2019-12-15 21:24:00,2019-12-16 06:43:30,stages,1,78.0,7.883333333333334,90,3.4,6.725,9.316666666666666,69.0
p04,2020-01-20,25513824138,2020-01-19 21:43:00,2020-01-20 06:24:30,stages,1,84.0,7.883333333333334,96,3.716666666666667,6.408333333333333,8.683333333333334,63.0
p04,2019-12-17,25037273100,2019-12-16 21:26:30,2019-12-17 06:46:30,stages,1,77.0,7.883333333333334,91,3.441666666666667,6.775,9.333333333333334,68.0
p04,2020-03-13,26319194535,2020-03-12 21:50:30,2020-03-13 06:46:30,stages,1,84.0,7.916666666666667,95,3.841666666666667,6.775,8.933333333333334,71.0
p04,2020-02-29,26119068981,2020-02-28 23:02:30,2020-02-29 08:01:00,stages,1,85.0,7.966666666666667,95,5.041666666666667,8.016666666666667,8.966666666666667,72.0
p04,2020-01-27,25615559390,2020-01-26 22:19:00,2020-01-27 07:34:30,stages,2,85.0,7.983333333333333,97,4.316666666666666,7.575,9.25,68.0
p04,2019-11-23,24750341846,2019-11-22 23:58:30,2019-11-23 09:25:30,stages,1,79.0,8.05,88,5.975,9.425,9.45,66.0
p04,2019-12-10,24956254076,2019-12-10 00:58:00,2019-12-10 10:35:30,stages,1,80.0,8.066666666666666,91,6.966666666666667,10.591666666666667,9.616666666666667,69.0
p04,2020-02-22,26016059200,2020-02-21 22:40:00,2020-02-22 07:52:00,stages,1,82.0,8.066666666666666,93,4.666666666666667,7.866666666666666,9.2,70.0
p04,2020-01-03,25257945582,2020-01-02 23:57:00,2020-01-03 09:15:30,stages,1,87.0,8.083333333333334,93,5.95,9.258333333333333,9.3,65.0
p04,2019-12-15,25014389068,2019-12-15 01:56:00,2019-12-15 11:34:30,stages,1,77.0,8.1,88,7.933333333333334,11.575,9.633333333333333,67.0
p04,2020-03-27,26492260577,2020-03-26 22:35:30,2020-03-27 07:39:30,stages,2,89.0,8.1,93,4.591666666666667,7.658333333333333,9.066666666666666,67.0
p04,2020-02-01,25707926715,2020-01-31 21:51:30,2020-02-01 06:36:30,stages,1,87.0,8.116666666666667,98,3.8583333333333334,6.608333333333333,8.75,67.0
p04,2020-01-02,25243305727,2020-01-02 00:24:00,2020-01-02 10:25:30,stages,1,80.0,8.116666666666667,94,6.4,10.425,10.016666666666667,67.0
p04,2019-12-23,25114574456,2019-12-22 23:15:00,2019-12-23 08:45:30,stages,1,90.0,8.15,89,5.25,8.758333333333333,9.5,68.0
p04,2019-12-25,25138586827,2019-12-25 00:35:30,2019-12-25 10:18:00,stages,1,81.0,8.216666666666667,87,6.591666666666667,10.3,9.7,66.0
p04,2020-03-17,26368934160,2020-03-16 22:05:00,2020-03-17 07:58:00,stages,1,79.0,8.233333333333333,92,4.083333333333333,7.966666666666667,9.883333333333333,68.0
p04,2020-03-23,26444879883,2020-03-22 22:41:00,2020-03-23 08:21:30,stages,1,89.0,8.25,95,4.683333333333334,8.358333333333333,9.666666666666666,70.0
p04,2020-02-24,26042446715,2020-02-23 21:42:30,2020-02-24 06:55:30,stages,1,91.0,8.35,96,3.7083333333333335,6.925,9.216666666666667,73.0
p04,2020-01-17,25469285399,2020-01-16 20:59:30,2020-01-17 06:53:00,stages,1,85.0,8.383333333333333,91,2.9916666666666667,6.883333333333334,9.883333333333333,62.0
p04,2020-02-08,25836503169,2020-02-07 22:31:30,2020-02-08 07:53:30,stages,1,86.0,8.45,91,4.525,7.891666666666667,9.366666666666667,68.0
p04,2019-12-09,24940819749,2019-12-08 22:30:00,2019-12-09 08:24:30,stages,1,88.0,8.45,92,4.5,8.408333333333333,9.9,71.0
p04,2020-03-20,26413497095,2020-03-19 22:34:30,2020-03-20 08:26:00,stages,1,82.0,8.466666666666667,91,4.575,8.433333333333334,9.85,68.0
p04,2020-03-07,26223106206,2020-03-06 23:00:30,2020-03-07 08:46:30,stages,1,87.0,8.5,89,5.008333333333334,8.775,9.766666666666667,72.0
p04,2019-11-10,24580044770,2019-11-09 23:57:30,2019-11-10 10:02:00,stages,1,84.0,8.683333333333334,93,5.958333333333333,10.033333333333333,10.066666666666666,66.0
p04,2019-12-29,25185943631,2019-12-28 23:54:30,2019-12-29 10:10:00,stages,1,86.0,8.7,93,5.908333333333333,10.166666666666666,10.25,67.0
p04,2020-01-21,25526604338,2020-01-20 19:30:00,2020-01-21 05:32:30,stages,1,91.0,8.8,96,1.5,5.541666666666667,10.033333333333333,63.0
p04,2020-03-03,26159173890,2020-03-02 21:19:00,2020-03-03 07:31:30,stages,1,86.0,8.866666666666667,92,3.316666666666667,7.525,10.2,76.0
p04,2019-12-14,25002488967,2019-12-13 23:16:00,2019-12-14 09:21:30,stages,1,87.0,8.95,91,5.266666666666667,9.358333333333333,10.083333333333334,66.0
p04,2020-03-28,26504210730,2020-03-27 22:45:30,2020-03-28 08:59:30,stages,1,88.0,9.033333333333333,93,4.758333333333334,8.991666666666667,10.233333333333333,67.0
p04,2020-03-04,26174533009,2020-03-03 21:51:00,2020-03-04 08:28:30,stages,1,87.0,9.083333333333334,96,3.85,8.475,10.616666666666667,74.0
p04,2019-11-30,24829077079,2019-11-29 23:21:00,2019-11-30 09:50:00,stages,1,85.0,9.166666666666666,94,5.35,9.833333333333334,10.483333333333333,66.0
p04,2019-12-31,25216007744,2019-12-30 23:32:00,2019-12-31 10:33:00,stages,1,84.0,9.2,90,5.533333333333333,10.55,11.016666666666667,65.0
p04,2020-02-21,26001844532,2020-02-20 20:27:30,2020-02-21 06:50:30,stages,1,85.0,9.2,92,2.4583333333333335,6.841666666666667,10.383333333333333,69.0
p04,2020-02-07,25793105126,2020-02-06 21:20:00,2020-02-07 08:33:30,stages,1,79.0,9.35,95,3.3333333333333335,8.558333333333334,11.216666666666667,68.0
p04,2020-03-06,26208427837,2020-03-05 22:21:00,2020-03-06 09:12:30,stages,1,89.0,9.6,96,4.35,9.208333333333334,10.85,72.0
p04,2020-02-20,25986094786,2020-02-19 20:53:00,2020-02-20 07:48:30,stages,1,88.0,9.65,92,2.8833333333333333,7.808333333333334,10.916666666666666,69.0
p04,2020-03-30,26530448366,2020-03-29 23:14:30,2020-03-30 10:01:30,stages,1,90.0,9.816666666666666,96,5.241666666666666,10.025,10.783333333333333,67.0
p04,2020-02-05,25762308512,2020-02-04 20:49:30,2020-02-05 08:27:30,stages,1,86.0,9.833333333333334,89,2.825,8.458333333333334,11.633333333333333,73.0
p04,2020-03-02,26143014034,2020-03-01 21:28:30,2020-03-02 10:08:00,stages,1,70.0,10.466666666666667,93,3.475,10.133333333333333,12.65,74.0
p05,2019-11-03,24497617507,2019-11-03 01:49:00,2019-11-03 06:07:30,stages,1,66.0,3.7333333333333334,89,7.816666666666666,6.125,4.3,66.0
p05,2019-12-29,25185084737,2019-12-29 01:23:00,2019-12-29 06:02:00,stages,1,77.0,4.216666666666667,93,7.383333333333334,6.033333333333333,4.65,66.0
p05,2019-12-03,24915539331,2019-12-03 00:06:30,2019-12-03 04:52:30,stages,1,73.0,4.316666666666666,97,6.108333333333333,4.875,4.766666666666667,64.0
p05,2020-02-06,25801674018,2020-02-06 00:45:30,2020-02-06 05:41:30,stages,2,79.0,4.483333333333333,98,6.758333333333334,5.691666666666666,4.933333333333334,62.0
p05,2020-02-03,25801674015,2020-02-03 00:51:00,2020-02-03 05:42:00,stages,1,82.0,4.516666666666667,99,6.85,5.7,4.85,62.0
p05,2019-12-07,24941889525,2019-12-07 00:03:00,2019-12-07 05:15:00,stages,1,71.0,4.65,94,6.05,5.25,5.2,67.0
p05,2019-12-18,25088880372,2019-12-17 23:49:00,2019-12-18 04:59:00,stages,1,77.0,4.666666666666667,98,5.816666666666666,4.983333333333333,5.166666666666667,66.0
p05,2020-01-01,25227445628,2020-01-01 01:52:30,2020-01-01 07:17:00,stages,1,59.0,4.666666666666667,91,7.875,7.283333333333333,5.4,66.0
p05,2019-11-13,24627152704,2019-11-13 00:22:00,2019-11-13 05:36:30,stages,1,76.0,4.683333333333334,96,6.366666666666666,5.608333333333333,5.233333333333333,64.0
p05,2020-01-04,25268306667,2020-01-04 00:41:00,2020-01-04 05:53:30,stages,1,74.0,4.7,96,6.683333333333334,5.891666666666667,5.2,68.0
p05,2019-12-22,25104898389,2019-12-22 00:48:00,2019-12-22 06:21:00,stages,1,68.0,4.733333333333333,95,6.8,6.35,5.55,66.0
p05,2020-03-29,26515420272,2020-03-28 23:56:00,2020-03-29 06:20:00,stages,1,75.0,4.75,99,5.933333333333334,6.333333333333333,6.4,67.0
p05,2019-12-11,25038452009,2019-12-11 00:35:00,2019-12-11 05:52:30,stages,1,77.0,4.983333333333333,98,6.583333333333333,5.875,5.283333333333333,64.0
p05,2020-02-16,26001437253,2020-02-16 00:46:30,2020-02-16 06:04:30,stages,1,78.0,5.0,100,6.775,6.075,5.3,59.0
p05,2019-12-04,24915539332,2019-12-04 00:26:00,2019-12-04 06:02:30,stages,1,78.0,5.033333333333333,96,6.433333333333334,6.041666666666667,5.6,65.0
p05,2019-11-02,24492529243,2019-11-02 00:23:30,2019-11-02 05:48:30,stages,1,73.0,5.05,96,6.391666666666667,5.808333333333334,5.416666666666667,64.0
p05,2019-12-08,24941889526,2019-12-08 00:37:30,2019-12-08 05:59:30,stages,2,85.0,5.183333333333334,100,6.625,5.991666666666666,5.366666666666666,67.0
p05,2020-02-15,26001437252,2020-02-15 00:58:00,2020-02-15 06:43:30,stages,1,78.0,5.216666666666667,94,6.966666666666667,6.725,5.75,59.0
p05,2019-12-15,25038452016,2019-12-15 04:38:00,2019-12-15 10:27:00,stages,1,66.0,5.316666666666666,93,10.633333333333333,10.45,5.816666666666666,64.0
p05,2019-11-18,24675145121,2019-11-17 23:54:00,2019-11-18 05:48:30,stages,1,79.0,5.316666666666666,100,5.9,5.808333333333334,5.9,61.0
p05,2019-12-01,24915539329,2019-12-01 00:16:30,2019-12-01 05:59:00,stages,1,78.0,5.316666666666666,99,6.275,5.983333333333333,5.7,63.0
p05,2020-01-17,25505101424,2020-01-17 00:50:00,2020-01-17 06:47:30,stages,1,78.0,5.366666666666666,97,6.833333333333333,6.791666666666667,5.95,62.0
p05,2019-11-07,24610755463,2019-11-06 23:36:30,2019-11-07 05:33:00,stages,1,78.0,5.383333333333334,91,5.608333333333333,5.55,5.933333333333334,66.0
p05,2020-03-14,26362009391,2020-03-13 23:54:30,2020-03-14 05:49:30,stages,1,82.0,5.4,95,5.908333333333333,5.825,5.916666666666667,66.0
p05,2020-01-05,25282206791,2020-01-04 23:33:30,2020-01-05 06:02:30,stages,1,70.0,5.433333333333334,90,5.558333333333334,6.041666666666667,6.483333333333333,66.0
p05,2020-01-25,25634666242,2020-01-24 23:55:00,2020-01-25 05:53:00,stages,1,80.0,5.433333333333334,96,5.916666666666667,5.883333333333334,5.966666666666667,62.0
p05,2020-01-11,25385045103,2020-01-11 00:24:30,2020-01-11 06:42:00,stages,1,76.0,5.433333333333334,94,6.408333333333333,6.7,6.283333333333333,65.0
p05,2019-12-24,25127453319,2019-12-24 00:38:00,2019-12-24 06:36:30,stages,1,77.0,5.466666666666667,97,6.633333333333334,6.608333333333333,5.966666666666667,64.0
p05,2020-01-13,25412377139,2020-01-12 23:53:30,2020-01-13 06:13:00,stages,1,80.0,5.483333333333333,94,5.891666666666667,6.216666666666667,6.316666666666666,61.0
p05,2020-01-20,25516463514,2020-01-19 23:26:30,2020-01-20 05:27:30,stages,1,80.0,5.5,96,5.441666666666666,5.458333333333333,6.016666666666667,62.0
p05,2019-11-06,24610755462,2019-11-05 23:54:30,2019-11-06 06:05:30,stages,1,78.0,5.533333333333333,93,5.908333333333333,6.091666666666667,6.183333333333334,66.0
p05,2020-03-06,26288393354,2020-03-05 23:35:00,2020-03-06 05:59:00,stages,1,62.0,5.566666666666666,88,5.583333333333333,5.983333333333333,6.4,62.0
p05,2020-03-08,26288393357,2020-03-08 00:28:00,2020-03-08 06:35:30,stages,1,79.0,5.583333333333333,96,6.466666666666667,6.591666666666667,6.116666666666666,66.0
p05,2020-03-11,26288393363,2020-03-10 23:35:30,2020-03-11 06:07:30,stages,1,75.0,5.633333333333334,93,5.591666666666667,6.125,6.533333333333333,70.0
p05,2019-11-14,24675145117,2019-11-13 23:47:00,2019-11-14 06:19:30,stages,1,74.0,5.65,92,5.783333333333333,6.325,6.533333333333333,61.0
p05,2019-12-31,25215287457,2019-12-30 23:39:30,2019-12-31 06:09:30,stages,1,73.0,5.683333333333334,97,5.658333333333333,6.158333333333333,6.5,65.0
p05,2020-03-07,26288393356,2020-03-07 00:50:00,2020-03-07 07:17:30,stages,2,72.0,5.683333333333334,93,6.833333333333333,7.291666666666667,6.45,64.0
p05,2019-11-16,24675145119,2019-11-16 00:01:00,2019-11-16 06:34:30,stages,1,76.0,5.7,96,6.016666666666667,6.575,6.55,61.0
p05,2020-03-31,26540912429,2020-03-30 23:56:00,2020-03-31 06:14:00,stages,1,,5.75,96,5.933333333333334,6.233333333333333,6.3,
p05,2020-03-26,26478918358,2020-03-25 23:29:00,2020-03-26 05:56:30,stages,1,79.0,5.766666666666667,98,5.483333333333333,5.941666666666666,6.45,68.0
p05,2020-03-12,26288393364,2020-03-11 23:01:30,2020-03-12 05:31:30,stages,1,79.0,5.783333333333333,97,5.025,5.525,6.5,70.0
p05,2019-11-26,24787002618,2019-11-25 23:05:30,2019-11-26 05:30:30,stages,1,78.0,5.85,99,5.091666666666667,5.508333333333334,6.416666666666667,61.0
p05,2020-01-29,25665675604,2020-01-28 23:45:00,2020-01-29 06:10:00,stages,1,81.0,5.85,96,5.75,6.166666666666667,6.416666666666667,63.0
p05,2020-03-24,26454450459,2020-03-23 23:29:30,2020-03-24 06:16:30,stages,1,78.0,5.883333333333334,96,5.491666666666666,6.275,6.783333333333333,68.0
p05,2020-03-15,26362009392,2020-03-14 23:51:30,2020-03-15 06:21:00,stages,1,71.0,5.883333333333334,98,5.858333333333333,6.35,6.483333333333333,67.0
p05,2019-12-12,25038452011,2019-12-12 00:23:30,2019-12-12 06:49:00,stages,1,78.0,5.883333333333334,94,6.391666666666667,6.816666666666666,6.416666666666667,64.0
p05,2020-03-21,26417712766,2020-03-20 23:25:30,2020-03-21 05:56:00,stages,1,84.0,5.916666666666667,97,5.425,5.933333333333334,6.5,68.0
p05,2020-01-07,25313319038,2020-01-07 00:02:30,2020-01-07 06:45:30,stages,2,79.0,5.95,92,6.041666666666667,6.758333333333334,6.716666666666667,63.0
p05,2019-11-09,24610755465,2019-11-08 23:16:30,2019-11-09 05:52:30,stages,1,79.0,5.95,94,5.275,5.875,6.6,66.0
p05,2019-12-19,25088880373,2019-12-19 00:16:30,2019-12-19 07:00:00,stages,1,77.0,5.966666666666667,96,6.275,7.0,6.716666666666667,66.0
p05,2020-02-20,26001437257,2020-02-19 22:33:00,2020-02-20 05:08:00,stages,1,82.0,5.983333333333333,97,4.55,5.133333333333334,6.583333333333333,63.0
p05,2020-03-18,26373461658,2020-03-17 22:50:30,2020-03-18 05:26:00,stages,1,89.0,6.0,99,4.841666666666667,5.433333333333334,6.583333333333333,69.0
p05,2019-12-23,25116960703,2019-12-23 00:06:00,2019-12-23 06:33:00,stages,1,82.0,6.0,99,6.1,6.55,6.45,66.0
p05,2020-03-19,26417712764,2020-03-18 23:17:00,2020-03-19 05:54:30,stages,1,86.0,6.016666666666667,97,5.283333333333333,5.908333333333333,6.616666666666666,69.0
p05,2019-12-02,24915539330,2019-12-01 23:09:00,2019-12-02 05:43:30,stages,1,81.0,6.016666666666667,96,5.15,5.725,6.566666666666666,64.0
p05,2019-11-10,24610755467,2019-11-09 23:23:00,2019-11-10 06:04:00,stages,1,83.0,6.033333333333333,99,5.383333333333334,6.066666666666666,6.683333333333334,65.0
p05,2020-01-27,25634666244,2020-01-26 23:41:30,2020-01-27 06:22:00,stages,1,81.0,6.033333333333333,96,5.691666666666666,6.366666666666666,6.666666666666667,60.0
p05,2020-01-15,25505101422,2020-01-15 00:21:00,2020-01-15 06:57:30,stages,1,83.0,6.033333333333333,96,6.35,6.958333333333333,6.6,61.0
p05,2020-01-10,25373227429,2020-01-09 22:25:30,2020-01-10 05:10:00,stages,1,77.0,6.05,95,4.425,5.166666666666667,6.733333333333333,63.0
p05,2019-12-05,24915539333,2019-12-04 23:54:30,2019-12-05 06:39:30,stages,1,80.0,6.05,95,5.908333333333333,6.658333333333333,6.75,66.0
p05,2019-11-08,24610755464,2019-11-07 23:52:30,2019-11-08 06:53:30,stages,2,77.0,6.083333333333333,93,5.875,6.891666666666667,7.016666666666667,65.0
p05,2019-12-20,25088880374,2019-12-20 00:29:30,2019-12-20 07:02:30,stages,1,83.0,6.133333333333334,100,6.491666666666666,7.041666666666667,6.55,66.0
p05,2020-01-09,25356622311,2020-01-08 23:29:30,2020-01-09 06:16:00,stages,1,79.0,6.133333333333334,99,5.491666666666666,6.266666666666667,6.766666666666667,64.0
p05,2020-01-23,25634666239,2020-01-22 23:15:00,2020-01-23 05:48:30,stages,1,83.0,6.166666666666667,98,5.25,5.808333333333334,6.55,63.0
p05,2020-01-19,25505101426,2020-01-18 23:39:00,2020-01-19 06:38:30,stages,1,78.0,6.2,93,5.65,6.641666666666667,6.983333333333333,62.0
p05,2020-03-16,26362009393,2020-03-15 23:02:00,2020-03-16 05:55:30,stages,1,85.0,6.233333333333333,99,5.033333333333333,5.925,6.883333333333334,68.0
p05,2020-01-18,25505101425,2020-01-18 00:05:00,2020-01-18 06:56:00,stages,1,82.0,6.233333333333333,98,6.083333333333333,6.933333333333334,6.85,62.0
p05,2020-01-26,25634666243,2020-01-25 23:20:30,2020-01-26 06:07:30,stages,1,80.0,6.266666666666667,97,5.341666666666667,6.125,6.783333333333333,62.0
p05,2019-11-17,24675145120,2019-11-16 23:33:00,2019-11-17 07:00:00,stages,1,72.0,6.266666666666667,91,5.55,7.0,7.45,61.0
p05,2019-11-22,24787002613,2019-11-22 00:12:30,2019-11-22 07:15:00,stages,1,81.0,6.3,95,6.208333333333333,7.25,7.033333333333333,61.0
p05,2020-01-28,25638548789,2020-01-27 23:32:30,2020-01-28 06:33:00,stages,1,79.0,6.333333333333333,96,5.541666666666667,6.55,7.0,62.0
p05,2020-03-13,26362009390,2020-03-12 22:46:00,2020-03-13 05:48:30,stages,1,86.0,6.35,97,4.766666666666667,5.808333333333334,7.033333333333333,66.0
p05,2019-11-25,24787002617,2019-11-25 00:39:00,2019-11-25 07:48:00,stages,1,78.0,6.35,93,6.65,7.8,7.15,60.0
p05,2019-12-17,25038452019,2019-12-16 23:56:30,2019-12-17 07:09:30,stages,1,80.0,6.366666666666666,94,5.941666666666666,7.158333333333333,7.216666666666667,66.0
p05,2020-03-28,26503722204,2020-03-27 23:27:00,2020-03-28 06:15:30,stages,1,87.0,6.366666666666666,98,5.45,6.258333333333334,6.8,68.0
p05,2020-02-18,26001437255,2020-02-17 22:59:30,2020-02-18 06:07:30,stages,1,81.0,6.416666666666667,97,4.991666666666666,6.125,7.133333333333334,61.0
p05,2020-01-06,25296480291,2020-01-05 23:06:30,2020-01-06 06:19:00,stages,1,78.0,6.416666666666667,96,5.108333333333333,6.316666666666666,7.2,64.0
p05,2019-11-24,24787002615,2019-11-23 23:39:30,2019-11-24 06:56:30,stages,1,74.0,6.45,92,5.658333333333333,6.941666666666666,7.283333333333333,61.0
p05,2020-01-12,25399907944,2020-01-11 23:49:00,2020-01-12 07:13:00,stages,1,79.0,6.45,87,5.816666666666666,7.216666666666667,7.4,63.0
p05,2019-12-26,25176840830,2019-12-26 02:04:00,2019-12-26 09:16:30,stages,1,81.0,6.466666666666667,97,8.066666666666666,9.275,7.2,64.0
p05,2019-11-27,24802914398,2019-11-26 23:48:30,2019-11-27 07:16:00,stages,1,79.0,6.466666666666667,94,5.808333333333334,7.266666666666667,7.45,61.0
p05,2020-02-19,26001437256,2020-02-18 23:25:00,2020-02-19 06:42:30,stages,1,83.0,6.483333333333333,97,5.416666666666667,6.708333333333333,7.283333333333333,62.0
p05,2019-12-14,25038452014,2019-12-13 23:43:00,2019-12-14 07:21:30,stages,1,76.0,6.5,85,5.716666666666667,7.358333333333333,7.633333333333334,65.0
p05,2020-02-05,25801674017,2020-02-04 23:54:00,2020-02-05 07:12:30,stages,1,85.0,6.55,99,5.9,7.208333333333333,7.3,62.0
p05,2020-03-22,26454450457,2020-03-21 23:14:30,2020-03-22 06:18:00,stages,1,89.0,6.6,100,5.241666666666666,6.3,7.05,69.0
p05,2020-03-20,26417712765,2020-03-19 23:30:00,2020-03-20 06:48:30,stages,1,87.0,6.616666666666666,95,5.5,6.808333333333334,7.3,69.0
p05,2020-01-03,25256382469,2020-01-02 23:17:00,2020-01-03 07:00:30,stages,1,80.0,6.633333333333334,93,5.283333333333333,7.008333333333334,7.716666666666667,68.0
p05,2020-01-24,25634666241,2020-01-23 23:15:00,2020-01-24 06:46:30,stages,1,82.0,6.633333333333334,94,5.25,6.775,7.516666666666667,62.0
p05,2020-01-14,25505101421,2020-01-13 23:14:30,2020-01-14 06:24:00,stages,1,84.0,6.633333333333334,97,5.241666666666666,6.4,7.15,61.0
p05,2020-02-17,26001437254,2020-02-16 23:10:30,2020-02-17 06:18:30,stages,1,85.0,6.633333333333334,97,5.175,6.308333333333334,7.133333333333334,60.0
p05,2019-12-06,24915539334,2019-12-05 22:54:00,2019-12-06 06:18:00,stages,1,77.0,6.683333333333334,97,4.9,6.3,7.4,66.0
p05,2019-12-30,25212478077,2019-12-29 23:53:00,2019-12-30 07:33:00,stages,1,82.0,6.716666666666667,94,5.883333333333334,7.55,7.666666666666667,66.0
p05,2020-03-17,26362009394,2020-03-16 22:31:00,2020-03-17 05:54:30,stages,1,87.0,6.733333333333333,97,4.516666666666667,5.908333333333333,7.383333333333334,68.0
p05,2019-11-30,24915539328,2019-11-30 00:51:00,2019-11-30 08:28:00,stages,1,79.0,6.75,94,6.85,8.466666666666667,7.616666666666666,63.0
p05,2020-01-02,25241213238,2020-01-01 23:13:00,2020-01-02 06:38:00,stages,1,81.0,6.8,96,5.216666666666667,6.633333333333334,7.416666666666667,67.0
p05,2020-03-23,26454450458,2020-03-22 22:31:00,2020-03-23 06:13:30,stages,1,86.0,6.916666666666667,98,4.516666666666667,6.225,7.7,68.0
p05,2019-12-16,25038452018,2019-12-15 23:36:30,2019-12-16 07:23:00,stages,1,79.0,6.95,95,5.608333333333333,7.383333333333334,7.766666666666667,65.0
p05,2019-11-20,24787002611,2019-11-19 22:25:00,2019-11-20 06:27:30,stages,1,81.0,7.0,93,4.416666666666667,6.458333333333333,8.033333333333333,60.0
p05,2020-02-07,25801674019,2020-02-06 23:21:00,2020-02-07 07:00:30,stages,1,91.0,7.0,97,5.35,7.008333333333334,7.65,62.0
p05,2019-11-21,24787002612,2019-11-20 22:49:00,2019-11-21 06:41:30,stages,1,85.0,7.0,93,4.816666666666666,6.691666666666666,7.866666666666666,60.0
p05,2020-03-10,26288393361,2020-03-09 23:53:00,2020-03-10 07:34:30,stages,1,90.0,7.016666666666667,96,5.883333333333334,7.575,7.683333333333334,68.0
p05,2020-03-27,26491303914,2020-03-26 22:31:00,2020-03-27 06:22:30,stages,1,91.0,7.066666666666666,99,4.516666666666667,6.375,7.85,68.0
p05,2019-11-29,24823985722,2019-11-28 22:49:00,2019-11-29 06:40:30,stages,1,83.0,7.1,93,4.816666666666666,6.675,7.85,62.0
p05,2019-12-28,25176840832,2019-12-28 01:04:30,2019-12-28 09:28:30,stages,1,78.0,7.1,90,7.075,9.475,8.4,65.0
p05,2020-03-25,26467007799,2020-03-24 23:26:00,2020-03-25 07:16:30,stages,1,89.0,7.216666666666667,96,5.433333333333334,7.275,7.833333333333333,67.0
p05,2020-01-16,25505101423,2020-01-15 22:09:00,2020-01-16 06:12:00,stages,1,88.0,7.233333333333333,97,4.15,6.2,8.05,62.0
p05,2019-11-15,24675145118,2019-11-14 22:09:30,2019-11-15 06:37:00,stages,1,76.0,7.25,93,4.158333333333333,6.616666666666666,8.45,61.0
p05,2020-02-02,25801674014,2020-02-01 22:45:30,2020-02-02 06:36:30,stages,1,92.0,7.366666666666666,100,4.758333333333334,6.608333333333333,7.85,63.0
p05,2019-11-23,24787002614,2019-11-22 21:55:30,2019-11-23 06:14:00,stages,1,81.0,7.416666666666667,94,3.925,6.233333333333333,8.3,61.0
p05,2019-11-28,24823985721,2019-11-27 22:43:30,2019-11-28 06:54:00,stages,1,84.0,7.416666666666667,96,4.725,6.9,8.166666666666666,62.0
p05,2019-12-13,25038452012,2019-12-12 22:31:30,2019-12-13 06:48:30,stages,1,84.0,7.55,97,4.525,6.808333333333334,8.283333333333333,64.0
p05,2020-03-09,26288393358,2020-03-08 22:30:30,2020-03-09 06:55:00,stages,1,86.0,7.666666666666667,98,4.508333333333334,6.916666666666667,8.4,67.0
p05,2020-02-04,25801674016,2020-02-03 22:12:00,2020-02-04 06:51:30,stages,1,91.0,7.733333333333333,99,4.2,6.858333333333333,8.65,62.0
p05,2020-03-30,26528244004,2020-03-29 21:43:30,2020-03-30 06:29:00,stages,1,88.0,7.933333333333334,96,3.725,6.483333333333333,8.75,66.0
p05,2019-12-25,25176840829,2019-12-24 23:53:00,2019-12-25 09:45:30,stages,1,87.0,8.833333333333334,96,5.883333333333334,9.758333333333333,9.866666666666667,64.0
p05,2019-12-09,24941889527,2019-12-08 19:09:00,2019-12-09 06:44:30,stages,1,88.0,10.283333333333333,94,1.15,6.741666666666666,11.583333333333334,66.0
p05,2019-12-27,25176840831,2019-12-26 21:43:30,2019-12-27 10:01:30,stages,1,85.0,10.466666666666667,89,3.725,10.025,12.3,64.0
p06,2019-11-10,24586868998,2019-11-09 22:18:00,2019-11-10 01:13:30,classic,1,,2.6166666666666667,95,4.3,1.225,2.9166666666666665,
p06,2019-11-23,24752041950,2019-11-23 09:44:00,2019-11-23 12:56:00,stages,1,66.0,2.7666666666666666,94,15.733333333333333,12.933333333333334,3.2,49.0
p06,2019-11-26,24783452020,2019-11-25 21:04:00,2019-11-26 00:21:00,stages,1,65.0,2.8,95,3.066666666666667,0.35,3.283333333333333,50.0
p06,2019-11-29,24817501661,2019-11-29 01:43:30,2019-11-29 06:24:00,stages,1,71.0,3.783333333333333,96,7.725,6.4,4.666666666666667,49.0
p06,2019-12-15,25013700651,2019-12-15 04:02:00,2019-12-15 08:39:30,stages,1,65.0,4.116666666666666,97,10.033333333333333,8.658333333333333,4.616666666666666,52.0
p06,2019-11-27,24797705507,2019-11-27 02:56:30,2019-11-27 07:48:30,stages,1,67.0,4.266666666666667,100,8.941666666666666,7.808333333333334,4.866666666666666,51.0
p06,2020-03-19,26387490904,2020-03-18 23:43:30,2020-03-19 04:34:00,stages,1,69.0,4.433333333333334,97,5.725,4.566666666666666,4.833333333333333,50.0
p06,2020-03-14,26319261854,2020-03-14 02:25:30,2020-03-14 07:30:00,stages,1,64.0,4.45,99,8.425,7.5,5.066666666666666,53.0
p06,2020-01-07,25312139850,2020-01-07 00:52:00,2020-01-07 06:24:30,stages,1,75.0,5.016666666666667,98,6.866666666666666,6.408333333333333,5.533333333333333,53.0
p06,2019-12-31,25214554128,2019-12-31 00:53:30,2019-12-31 06:26:30,stages,1,78.0,5.033333333333333,99,6.891666666666667,6.441666666666666,5.55,51.0
p06,2020-02-05,25765650855,2020-02-05 00:26:30,2020-02-05 06:14:30,stages,1,71.0,5.066666666666666,99,6.441666666666666,6.241666666666666,5.8,49.0
p06,2020-02-17,25934232287,2020-02-17 00:39:00,2020-02-17 06:18:30,stages,1,74.0,5.083333333333333,100,6.65,6.308333333333334,5.65,50.0
p06,2019-11-24,24762453576,2019-11-24 05:38:00,2019-11-24 11:28:00,stages,1,77.0,5.083333333333333,96,11.633333333333333,11.466666666666667,5.833333333333333,47.0
p06,2019-12-04,24885254393,2019-12-04 00:12:00,2019-12-04 06:16:30,stages,1,73.0,5.216666666666667,97,6.2,6.275,6.066666666666666,49.0
p06,2020-02-03,25736859885,2020-02-03 00:17:00,2020-02-03 06:25:30,stages,1,76.0,5.233333333333333,98,6.283333333333333,6.425,6.133333333333334,50.0
p06,2020-01-15,25446013819,2020-01-15 00:34:00,2020-01-15 06:23:00,stages,1,80.0,5.266666666666667,99,6.566666666666666,6.383333333333334,5.816666666666666,51.0
p06,2019-12-09,24939969481,2019-12-08 23:40:00,2019-12-09 05:37:30,stages,1,70.0,5.283333333333333,99,5.666666666666667,5.625,5.95,49.0
p06,2019-12-11,24966405966,2019-12-10 23:52:30,2019-12-11 05:58:30,stages,1,73.0,5.35,97,5.875,5.975,6.1,50.0
p06,2020-01-08,25334660981,2020-01-08 00:34:30,2020-01-08 06:33:00,stages,1,78.0,5.366666666666666,96,6.575,6.55,5.966666666666667,52.0
p06,2019-12-02,24850322623,2019-12-02 00:17:00,2019-12-02 06:18:30,stages,1,71.0,5.383333333333334,97,6.283333333333333,6.308333333333334,6.016666666666667,48.0
p06,2020-02-28,26104665399,2020-02-27 23:53:00,2020-02-28 05:53:30,stages,2,81.0,5.4,97,5.883333333333334,5.891666666666667,6.0,50.0
p06,2019-11-03,24496661273,2019-11-03 01:42:00,2019-11-03 07:45:30,stages,1,69.0,5.416666666666667,95,7.7,7.758333333333334,6.05,47.0
p06,2020-03-31,26542085533,2020-03-31 00:02:00,2020-03-31 05:58:00,stages,1,,5.416666666666667,99,6.033333333333333,5.966666666666667,5.933333333333334,
p06,2020-02-10,25838989593,2020-02-10 00:08:00,2020-02-10 06:23:30,stages,1,76.0,5.433333333333334,97,6.133333333333334,6.391666666666667,6.25,50.0
p06,2020-03-23,26440133624,2020-03-22 23:54:00,2020-03-23 05:47:30,stages,1,80.0,5.45,96,5.9,5.791666666666667,5.883333333333334,50.0
p06,2019-12-19,25067461853,2019-12-18 23:47:00,2019-12-19 06:01:30,stages,1,77.0,5.45,99,5.783333333333333,6.025,6.233333333333333,50.0
p06,2020-03-21,26416279906,2020-03-21 00:21:30,2020-03-21 06:23:00,stages,1,77.0,5.483333333333333,100,6.358333333333333,6.383333333333334,6.016666666666667,51.0
p06,2019-12-03,24862152273,2019-12-02 23:58:30,2019-12-03 06:11:00,stages,1,78.0,5.483333333333333,97,5.975,6.183333333333334,6.2,49.0
p06,2020-01-10,25373253385,2020-01-10 00:28:30,2020-01-10 06:42:00,stages,1,77.0,5.5,99,6.475,6.7,6.216666666666667,50.0
p06,2020-01-29,25653328354,2020-01-29 00:27:00,2020-01-29 06:38:30,stages,2,79.0,5.516666666666667,99,6.45,6.641666666666667,6.183333333333334,52.0
p06,2019-12-30,25197759552,2019-12-30 00:20:00,2019-12-30 06:34:30,stages,2,74.0,5.533333333333333,95,6.333333333333333,6.575,6.233333333333333,51.0
p06,2019-12-27,25161716370,2019-12-27 00:31:00,2019-12-27 06:40:00,stages,1,73.0,5.6,96,6.516666666666667,6.666666666666667,6.15,51.0
p06,2019-12-20,25082636142,2019-12-19 23:49:30,2019-12-20 06:13:00,stages,1,74.0,5.6,96,5.825,6.216666666666667,6.383333333333334,50.0
p06,2020-03-25,26467721578,2020-03-24 23:05:30,2020-03-25 05:30:30,stages,1,79.0,5.616666666666666,96,5.091666666666667,5.508333333333334,6.416666666666667,49.0
p06,2020-03-11,26275655344,2020-03-10 23:55:00,2020-03-11 06:02:00,stages,1,83.0,5.616666666666666,98,5.916666666666667,6.033333333333333,6.116666666666666,55.0
p06,2019-11-09,24568212410,2019-11-08 23:28:30,2019-11-09 05:37:30,stages,1,79.0,5.616666666666666,97,5.475,5.625,6.15,49.0
p06,2020-01-02,25239283106,2020-01-02 00:07:00,2020-01-02 06:13:30,stages,1,75.0,5.633333333333334,98,6.116666666666666,6.225,6.1,52.0
p06,2020-01-04,25271359837,2020-01-04 02:02:00,2020-01-04 08:13:30,stages,1,78.0,5.65,98,8.033333333333333,8.225,6.183333333333334,54.0
p06,2019-11-14,24631465096,2019-11-13 21:46:00,2019-11-14 03:53:30,stages,1,74.0,5.65,99,3.7666666666666666,3.8916666666666666,6.116666666666666,49.0
p06,2020-02-13,25877131377,2020-02-12 23:28:00,2020-02-13 05:40:00,stages,1,81.0,5.666666666666667,97,5.466666666666667,5.666666666666667,6.2,49.0
p06,2020-02-11,25850779123,2020-02-10 23:57:30,2020-02-11 06:04:30,stages,1,78.0,5.666666666666667,100,5.958333333333333,6.075,6.116666666666666,49.0
p06,2020-02-20,25980532848,2020-02-20 00:16:00,2020-02-20 06:31:30,stages,1,78.0,5.666666666666667,100,6.266666666666667,6.525,6.25,48.0
p06,2019-12-17,25037255114,2019-12-16 23:24:00,2019-12-17 06:00:30,stages,1,80.0,5.683333333333334,97,5.4,6.008333333333334,6.6,53.0
p06,2019-12-18,25052435147,2019-12-17 23:42:00,2019-12-18 06:19:30,stages,1,79.0,5.683333333333334,99,5.7,6.325,6.616666666666666,52.0
p06,2020-03-05,26189121783,2020-03-05 00:10:30,2020-03-05 06:24:30,stages,1,82.0,5.766666666666667,99,6.175,6.408333333333333,6.233333333333333,51.0
p06,2020-03-12,26288295819,2020-03-11 23:51:00,2020-03-12 06:24:00,stages,1,83.0,5.8,99,5.85,6.4,6.55,54.0
p06,2020-01-28,25637478318,2020-01-28 00:18:00,2020-01-28 06:39:00,stages,1,79.0,5.8,100,6.3,6.65,6.35,52.0
p06,2020-02-07,25798353049,2020-02-07 00:03:00,2020-02-07 06:37:00,stages,1,79.0,5.8,100,6.05,6.616666666666666,6.566666666666666,48.0
p06,2020-01-14,25429485307,2020-01-14 00:05:00,2020-01-14 06:24:00,stages,1,77.0,5.816666666666666,99,6.083333333333333,6.4,6.316666666666666,50.0
p06,2020-01-16,25461465565,2020-01-16 00:01:30,2020-01-16 06:29:00,stages,1,73.0,5.833333333333333,97,6.025,6.483333333333333,6.45,50.0
p06,2020-03-27,26490737722,2020-03-26 23:27:30,2020-03-27 05:59:30,stages,1,79.0,5.833333333333333,97,5.458333333333333,5.991666666666666,6.533333333333333,48.0
p06,2019-12-13,24991429232,2019-12-12 23:41:30,2019-12-13 06:07:30,stages,1,77.0,5.866666666666666,99,5.691666666666666,6.125,6.433333333333334,50.0
p06,2020-01-13,25413802187,2020-01-12 23:54:00,2020-01-13 06:34:30,stages,1,70.0,5.883333333333334,99,5.9,6.575,6.666666666666667,49.0
p06,2020-01-22,25548040573,2020-01-22 00:19:30,2020-01-22 06:42:00,stages,1,78.0,5.9,99,6.325,6.7,6.366666666666666,52.0
p06,2020-03-24,26453968121,2020-03-23 23:03:30,2020-03-24 05:48:00,stages,1,77.0,5.933333333333334,99,5.058333333333334,5.8,6.733333333333333,48.0
p06,2020-02-27,26089811250,2020-02-26 23:35:00,2020-02-27 06:14:30,stages,1,79.0,5.966666666666667,96,5.583333333333333,6.241666666666666,6.65,50.0
p06,2019-12-10,24953593889,2019-12-09 23:33:00,2019-12-10 06:02:00,stages,1,83.0,5.966666666666667,97,5.55,6.033333333333333,6.483333333333333,49.0
p06,2020-01-27,25617452062,2020-01-26 23:42:00,2020-01-27 06:29:30,stages,1,81.0,5.966666666666667,95,5.7,6.491666666666666,6.783333333333333,52.0
p06,2020-02-04,25750584254,2020-02-04 00:01:00,2020-02-04 06:33:30,stages,1,84.0,6.0,99,6.016666666666667,6.558333333333334,6.533333333333333,50.0
p06,2020-01-06,25297391731,2020-01-06 00:16:00,2020-01-06 06:49:30,stages,1,84.0,6.0,99,6.266666666666667,6.825,6.55,54.0
p06,2019-12-12,24977749065,2019-12-11 23:31:00,2019-12-12 06:17:30,stages,1,78.0,6.033333333333333,98,5.516666666666667,6.291666666666667,6.766666666666667,50.0
p06,2020-03-29,26515610388,2020-03-28 23:06:00,2020-03-29 06:48:30,stages,2,80.0,6.05,99,5.1,6.808333333333334,7.7,47.0
p06,2020-01-17,25476917193,2020-01-16 23:49:30,2020-01-17 06:27:30,stages,1,80.0,6.05,97,5.825,6.458333333333333,6.633333333333334,51.0
p06,2020-01-20,25517888831,2020-01-19 23:58:00,2020-01-20 06:36:30,stages,1,82.0,6.05,99,5.966666666666667,6.608333333333333,6.633333333333334,52.0
p06,2020-01-03,25256118203,2020-01-02 23:12:00,2020-01-03 06:02:30,stages,1,75.0,6.066666666666666,98,5.2,6.041666666666667,6.833333333333333,52.0
p06,2020-02-23,26027975964,2020-02-23 00:48:00,2020-02-23 07:29:00,stages,1,76.0,6.066666666666666,98,6.8,7.483333333333333,6.683333333333334,49.0
p06,2020-02-29,26118756478,2020-02-29 00:56:30,2020-02-29 07:50:30,stages,1,75.0,6.066666666666666,97,6.941666666666666,7.841666666666667,6.9,48.0
p06,2019-11-20,24707432044,2019-11-20 00:59:30,2019-11-20 07:57:30,stages,1,67.0,6.066666666666666,98,6.991666666666666,7.958333333333333,6.966666666666667,47.0
p06,2019-12-14,25002803912,2019-12-14 00:13:00,2019-12-14 06:54:00,stages,1,76.0,6.083333333333333,98,6.216666666666667,6.9,6.683333333333334,49.0
p06,2020-03-17,26358832290,2020-03-16 23:11:30,2020-03-17 05:53:30,stages,1,84.0,6.083333333333333,98,5.191666666666666,5.891666666666667,6.7,52.0
p06,2020-03-13,26305611070,2020-03-12 23:26:00,2020-03-13 06:08:30,stages,1,84.0,6.1,99,5.433333333333334,6.141666666666667,6.7,53.0
p06,2020-01-09,25356148165,2020-01-08 23:32:00,2020-01-09 06:15:30,stages,1,81.0,6.133333333333334,97,5.533333333333333,6.258333333333334,6.716666666666667,51.0
p06,2020-02-12,25866071929,2020-02-11 23:57:00,2020-02-12 06:34:00,stages,1,81.0,6.133333333333334,100,5.95,6.566666666666666,6.616666666666666,50.0
p06,2019-12-08,24928573960,2019-12-08 00:29:00,2019-12-08 07:22:30,stages,1,75.0,6.15,99,6.483333333333333,7.375,6.883333333333334,48.0
p06,2020-01-31,25696521519,2020-01-30 23:40:00,2020-01-31 06:28:30,stages,1,84.0,6.15,98,5.666666666666667,6.475,6.8,51.0
p06,2020-03-30,26530022073,2020-03-29 22:30:30,2020-03-30 05:39:30,stages,1,74.0,6.166666666666667,97,4.508333333333334,5.658333333333333,7.15,47.0
p06,2020-03-20,26403243142,2020-03-19 22:41:00,2020-03-20 05:18:30,stages,1,82.0,6.183333333333334,98,4.683333333333334,5.308333333333334,6.616666666666666,52.0
p06,2019-11-16,24656738399,2019-11-15 23:50:30,2019-11-16 07:02:00,stages,1,77.0,6.183333333333334,94,5.841666666666667,7.033333333333333,7.183333333333334,48.0
p06,2019-11-08,24557853408,2019-11-07 23:27:00,2019-11-08 06:15:00,stages,1,75.0,6.2,98,5.45,6.25,6.8,48.0
p06,2020-02-21,26002337682,2020-02-20 23:36:30,2020-02-21 06:24:00,stages,1,77.0,6.216666666666667,98,5.608333333333333,6.4,6.783333333333333,48.0
p06,2020-01-01,25227582714,2020-01-01 01:24:00,2020-01-01 08:08:00,stages,1,75.0,6.216666666666667,99,7.4,8.133333333333333,6.733333333333333,51.0
p06,2020-01-26,25605264731,2020-01-26 00:49:30,2020-01-26 07:44:00,stages,1,75.0,6.25,98,6.825,7.733333333333333,6.9,51.0
p06,2020-03-03,26161004333,2020-03-02 23:19:30,2020-03-03 06:15:00,stages,1,81.0,6.266666666666667,98,5.325,6.25,6.916666666666667,51.0
p06,2019-12-05,24895268147,2019-12-04 23:28:00,2019-12-05 06:27:30,stages,1,72.0,6.266666666666667,96,5.466666666666667,6.458333333333333,6.983333333333333,47.0
p06,2020-03-16,26343602207,2020-03-15 23:15:30,2020-03-16 06:02:00,stages,1,87.0,6.3,100,5.258333333333334,6.033333333333333,6.766666666666667,53.0
p06,2019-11-07,24545763802,2019-11-06 23:14:00,2019-11-07 06:11:00,stages,1,83.0,6.316666666666666,99,5.233333333333333,6.183333333333334,6.95,49.0
p06,2019-12-25,25138404147,2019-12-25 00:52:00,2019-12-25 07:50:30,stages,1,77.0,6.316666666666666,97,6.866666666666666,7.841666666666667,6.966666666666667,51.0
p06,2020-03-10,26259993350,2020-03-09 23:30:30,2020-03-10 06:21:00,stages,1,87.0,6.383333333333334,100,5.508333333333334,6.35,6.833333333333333,56.0
p06,2020-01-21,25531174764,2020-01-20 23:21:30,2020-01-21 06:39:00,stages,1,81.0,6.4,100,5.358333333333333,6.65,7.283333333333333,52.0
p06,2020-03-26,26480033361,2020-03-25 22:52:00,2020-03-26 05:50:00,stages,1,81.0,6.4,97,4.866666666666666,5.833333333333333,6.966666666666667,48.0
p06,2020-02-24,26041229849,2020-02-23 23:25:00,2020-02-24 06:20:30,stages,1,83.0,6.416666666666667,98,5.416666666666667,6.341666666666667,6.916666666666667,50.0
p06,2020-01-23,25562547490,2020-01-22 22:58:00,2020-01-23 06:05:30,stages,1,79.0,6.45,99,4.966666666666667,6.091666666666667,7.116666666666666,51.0
p06,2020-03-07,26217116872,2020-03-06 23:31:00,2020-03-07 06:40:30,stages,1,76.0,6.466666666666667,99,5.516666666666667,6.675,7.15,52.0
p06,2020-01-19,25504567259,2020-01-19 00:39:30,2020-01-19 07:59:30,stages,1,74.0,6.5,99,6.658333333333333,7.991666666666666,7.333333333333333,51.0
p06,2019-11-04,24507282488,2019-11-03 23:10:00,2019-11-04 06:19:30,stages,1,74.0,6.516666666666667,97,5.166666666666667,6.325,7.15,49.0
p06,2020-02-15,25908407009,2020-02-15 01:04:30,2020-02-15 08:11:30,stages,1,77.0,6.533333333333333,100,7.075,8.191666666666666,7.116666666666666,49.0
p06,2019-12-06,24906930424,2019-12-05 23:04:30,2019-12-06 06:04:00,stages,1,84.0,6.533333333333333,99,5.075,6.066666666666666,6.983333333333333,49.0
p06,2019-11-05,24521264019,2019-11-04 22:57:00,2019-11-05 06:00:00,stages,1,80.0,6.566666666666666,98,4.95,6.0,7.05,50.0
p06,2019-12-24,25126883184,2019-12-23 23:50:30,2019-12-24 07:15:00,stages,1,78.0,6.616666666666666,97,5.841666666666667,7.25,7.4,50.0
p06,2020-01-05,25282098546,2020-01-05 00:39:00,2020-01-05 07:43:30,stages,1,80.0,6.633333333333334,98,6.65,7.725,7.066666666666666,54.0
p06,2019-12-23,25117004319,2019-12-22 23:57:30,2019-12-23 07:50:30,stages,1,71.0,6.633333333333334,90,5.958333333333333,7.841666666666667,7.883333333333334,50.0
p06,2019-11-15,24646187589,2019-11-14 22:33:00,2019-11-15 05:52:00,stages,1,82.0,6.633333333333334,97,4.55,5.866666666666666,7.316666666666666,48.0
p06,2020-02-26,26073888409,2020-02-25 22:53:00,2020-02-26 06:42:00,stages,1,85.0,6.633333333333334,97,4.883333333333334,6.7,7.816666666666666,50.0
p06,2020-03-18,26374126410,2020-03-17 23:35:00,2020-03-18 07:01:30,stages,1,87.0,6.666666666666667,100,5.583333333333333,7.025,7.433333333333334,51.0
p06,2020-01-30,25674502121,2020-01-29 23:21:30,2020-01-30 06:38:30,stages,1,85.0,6.7,100,5.358333333333333,6.641666666666667,7.283333333333333,52.0
p06,2020-02-18,25948396113,2020-02-17 23:11:30,2020-02-18 06:33:30,stages,1,83.0,6.716666666666667,99,5.191666666666666,6.558333333333334,7.366666666666666,49.0
p06,2020-02-06,25781693555,2020-02-05 22:31:00,2020-02-06 06:09:30,stages,1,79.0,6.733333333333333,98,4.516666666666667,6.158333333333333,7.633333333333334,48.0
p06,2020-02-19,25963905307,2020-02-18 23:11:00,2020-02-19 06:28:00,stages,1,83.0,6.733333333333333,97,5.183333333333334,6.466666666666667,7.283333333333333,49.0
p06,2020-03-09,26244084601,2020-03-08 22:41:30,2020-03-09 06:19:30,stages,1,82.0,6.75,94,4.691666666666666,6.325,7.633333333333334,55.0
p06,2019-11-12,24607479239,2019-11-11 21:23:00,2019-11-12 04:55:30,stages,1,79.0,6.783333333333333,98,3.3833333333333333,4.925,7.533333333333333,48.0
p06,2020-03-02,26144614961,2020-03-01 22:36:00,2020-03-02 06:25:00,stages,1,81.0,6.816666666666666,97,4.6,6.416666666666667,7.816666666666666,50.0
p06,2020-02-01,25711766631,2020-02-01 00:12:00,2020-02-01 07:47:00,stages,1,77.0,6.866666666666666,100,6.2,7.783333333333333,7.583333333333333,50.0
p06,2020-01-12,25399136780,2020-01-11 23:49:00,2020-01-12 07:40:00,stages,1,76.0,6.933333333333334,98,5.816666666666666,7.666666666666667,7.85,49.0
p06,2019-12-22,25105870834,2019-12-21 23:23:30,2019-12-22 07:21:30,stages,1,76.0,6.966666666666667,97,5.391666666666667,7.358333333333333,7.966666666666667,51.0
p06,2020-01-24,25578275833,2020-01-23 23:26:00,2020-01-24 07:10:30,stages,1,84.0,6.983333333333333,98,5.433333333333334,7.175,7.733333333333333,51.0
p06,2020-02-14,25894169430,2020-02-13 22:35:30,2020-02-14 06:13:00,stages,1,83.0,6.983333333333333,99,4.591666666666667,6.216666666666667,7.616666666666666,49.0
p06,2020-03-06,26204886334,2020-03-05 22:50:00,2020-03-06 06:21:00,stages,1,86.0,7.0,100,4.833333333333333,6.35,7.516666666666667,52.0
p06,2020-03-28,26502679753,2020-03-27 22:55:00,2020-03-28 07:00:00,stages,1,80.0,7.0,96,4.916666666666667,7.0,8.083333333333334,48.0
p06,2020-02-22,26015155891,2020-02-21 23:41:00,2020-02-22 07:37:00,stages,1,78.0,7.05,100,5.683333333333334,7.616666666666666,7.933333333333334,48.0
p06,2019-11-18,24679261464,2019-11-17 22:47:00,2019-11-18 06:37:30,stages,1,79.0,7.05,99,4.783333333333333,6.625,7.833333333333333,47.0
p06,2019-11-06,24533091206,2019-11-05 22:44:30,2019-11-06 06:30:00,stages,1,83.0,7.05,97,4.741666666666666,6.5,7.75,50.0
p06,2020-01-25,25594019790,2020-01-25 00:42:00,2020-01-25 08:30:30,stages,1,83.0,7.083333333333333,100,6.7,8.508333333333333,7.8,51.0
p06,2020-02-09,25824329417,2020-02-08 23:35:30,2020-02-09 07:38:00,stages,1,76.0,7.1,97,5.591666666666667,7.633333333333334,8.033333333333333,48.0
p06,2019-11-22,24741602840,2019-11-21 23:16:30,2019-11-22 07:16:30,stages,1,84.0,7.116666666666666,98,5.275,7.275,8.0,49.0
p06,2020-02-25,26057650721,2020-02-24 22:21:00,2020-02-25 06:23:30,stages,1,82.0,7.183333333333334,99,4.35,6.391666666666667,8.033333333333333,49.0
p06,2019-11-28,24805899784,2019-11-27 21:44:00,2019-11-28 05:46:30,stages,1,88.0,7.216666666666667,97,3.7333333333333334,5.775,8.033333333333333,51.0
p06,2019-11-19,24693510220,2019-11-18 22:50:30,2019-11-19 07:20:30,stages,1,76.0,7.216666666666667,94,4.841666666666667,7.341666666666667,8.5,47.0
p06,2019-12-29,25187701481,2019-12-29 00:54:30,2019-12-29 08:56:00,stages,1,82.0,7.216666666666667,98,6.908333333333333,8.933333333333334,8.016666666666667,51.0
p06,2019-11-21,24722175987,2019-11-20 23:24:00,2019-11-21 07:20:30,stages,1,86.0,7.266666666666667,98,5.4,7.341666666666667,7.933333333333334,49.0
p06,2020-02-08,25811026084,2020-02-07 22:49:30,2020-02-08 07:26:00,stages,1,80.0,7.316666666666666,99,4.825,7.433333333333334,8.6,48.0
p06,2019-12-01,24839914629,2019-12-01 00:55:30,2019-12-01 08:57:30,stages,1,87.0,7.316666666666666,98,6.925,8.958333333333334,8.033333333333333,49.0
p06,2020-03-22,26428919224,2020-03-21 23:15:00,2020-03-22 07:35:30,stages,1,84.0,7.333333333333333,96,5.25,7.591666666666667,8.333333333333334,51.0
p06,2019-11-30,24829064419,2019-11-30 00:25:00,2019-11-30 08:27:30,stages,2,87.0,7.366666666666666,100,6.416666666666667,8.458333333333334,8.033333333333333,49.0
p06,2020-03-08,26232195412,2020-03-07 23:51:30,2020-03-08 08:24:00,stages,1,78.0,7.383333333333334,98,5.858333333333333,8.4,8.533333333333333,53.0
p06,2020-01-18,25492090464,2020-01-18 00:00:00,2020-01-18 08:10:30,stages,1,82.0,7.416666666666667,99,6.0,8.175,8.166666666666666,51.0
p06,2020-03-01,26128930957,2020-02-29 22:57:30,2020-03-01 07:54:30,stages,1,82.0,7.583333333333333,96,4.958333333333333,7.908333333333333,8.95,49.0
p06,2019-11-13,24621015054,2019-11-12 20:54:00,2019-11-13 05:07:30,stages,1,84.0,7.633333333333334,100,2.9,5.125,8.216666666666667,49.0
p06,2019-12-07,24919092741,2019-12-07 00:23:00,2019-12-07 08:59:30,stages,1,83.0,7.7,96,6.383333333333334,8.991666666666667,8.6,48.0
p06,2020-01-11,25387470221,2020-01-10 23:29:30,2020-01-11 08:06:30,stages,1,88.0,7.866666666666666,99,5.491666666666666,8.108333333333333,8.616666666666667,51.0
p06,2020-02-16,25921923357,2020-02-15 23:42:00,2020-02-16 08:28:30,stages,1,89.0,7.883333333333334,99,5.7,8.475,8.766666666666667,51.0
p06,2019-12-21,25092965569,2019-12-20 23:19:30,2019-12-21 07:56:30,stages,1,86.0,7.933333333333334,99,5.325,7.941666666666666,8.616666666666667,51.0
p06,2019-12-16,25024964804,2019-12-15 21:16:30,2019-12-16 06:01:00,stages,1,90.0,8.016666666666667,96,3.275,6.016666666666667,8.733333333333333,54.0
p06,2019-11-02,24485702526,2019-11-01 23:10:00,2019-11-02 08:00:30,stages,1,,8.05,98,5.166666666666667,8.008333333333333,8.833333333333334,
p06,2019-12-26,25149224051,2019-12-26 00:24:00,2019-12-26 09:36:30,stages,1,83.0,8.116666666666667,95,6.4,9.608333333333333,9.2,51.0
p06,2019-11-11,24592858496,2019-11-10 19:20:30,2019-11-11 05:12:30,stages,1,82.0,8.116666666666667,90,1.3416666666666666,5.208333333333333,9.866666666666667,49.0
p06,2020-02-02,25724583482,2020-02-01 23:52:00,2020-02-02 08:41:30,stages,1,90.0,8.133333333333333,97,5.866666666666666,8.691666666666666,8.816666666666666,51.0
p06,2019-12-28,25173570962,2019-12-27 23:41:00,2019-12-28 08:44:30,stages,1,91.0,8.15,99,5.683333333333334,8.741666666666667,9.05,52.0
p06,2019-11-17,24665542206,2019-11-16 21:55:00,2019-11-17 08:31:30,stages,1,77.0,8.516666666666667,92,3.9166666666666665,8.525,10.6,48.0
p06,2020-03-15,26330880526,2020-03-14 21:12:30,2020-03-15 07:08:30,stages,1,88.0,8.55,93,3.2083333333333335,7.141666666666667,9.933333333333334,55.0
p07,2020-03-01,26132654905,2020-03-01 04:34:30,2020-03-01 07:45:30,stages,1,57.0,2.7,91,10.575,7.758333333333334,3.183333333333333,58.0
p07,2020-02-16,25921511175,2020-02-16 04:39:00,2020-02-16 08:07:00,stages,1,57.0,2.933333333333333,97,10.65,8.116666666666667,3.466666666666667,58.0
p07,2020-01-05,25287210896,2020-01-05 08:25:00,2020-01-05 12:36:30,stages,1,55.0,3.566666666666667,93,14.416666666666666,12.608333333333333,4.183333333333334,59.0
p07,2020-03-08,26232597244,2020-03-08 05:12:00,2020-03-08 09:28:30,stages,1,57.0,3.75,95,11.2,9.475,4.266666666666667,57.0
p07,2019-11-24,24762389261,2019-11-24 04:56:30,2019-11-24 09:38:30,stages,1,48.0,3.9166666666666665,90,10.941666666666666,9.641666666666667,4.7,56.0
p07,2019-11-17,24665658497,2019-11-17 05:16:00,2019-11-17 10:32:30,stages,1,55.0,3.966666666666667,90,11.266666666666667,10.541666666666666,5.266666666666667,55.0
p07,2020-01-01,25229351887,2020-01-01 06:20:00,2020-01-01 10:56:30,stages,1,62.0,4.066666666666666,93,12.333333333333334,10.941666666666666,4.6,58.0
p07,2019-12-08,24929281012,2019-12-08 04:30:30,2019-12-08 09:25:30,stages,1,54.0,4.1,94,10.508333333333333,9.425,4.916666666666667,58.0
p07,2019-11-22,24739496011,2019-11-21 23:30:00,2019-11-22 05:21:00,stages,1,67.0,5.1,97,5.5,5.35,5.85,55.0
p07,2020-01-19,25505039645,2020-01-19 02:40:00,2020-01-19 08:27:00,stages,1,68.0,5.116666666666666,91,8.666666666666666,8.45,5.783333333333333,61.0
p07,2020-03-13,26306676546,2020-03-13 01:43:00,2020-03-13 07:52:30,stages,1,68.0,5.15,95,7.716666666666667,7.875,6.15,58.0
p07,2019-12-06,24906019321,2019-12-05 22:09:00,2019-12-06 04:25:30,stages,1,63.0,5.283333333333333,90,4.15,4.425,6.266666666666667,56.0
p07,2019-12-20,25083460566,2019-12-20 02:12:30,2019-12-20 08:07:30,stages,1,67.0,5.45,97,8.208333333333334,8.125,5.916666666666667,57.0
p07,2020-01-06,25296670417,2020-01-05 23:25:00,2020-01-06 06:32:30,stages,1,59.0,5.55,86,5.416666666666667,6.541666666666667,7.116666666666666,62.0
p07,2020-02-26,26073401124,2020-02-25 23:10:30,2020-02-26 05:48:30,stages,1,71.0,5.616666666666666,94,5.175,5.808333333333334,6.633333333333334,56.0
p07,2019-11-30,24832789478,2019-11-30 03:38:30,2019-11-30 10:07:30,stages,1,74.0,5.95,97,9.641666666666667,10.125,6.483333333333333,57.0
p07,2020-01-30,25676420525,2020-01-30 00:51:30,2020-01-30 07:40:30,stages,1,77.0,6.033333333333333,95,6.858333333333333,7.675,6.816666666666666,57.0
p07,2019-12-07,24920178889,2019-12-07 03:09:00,2019-12-07 09:40:00,stages,1,70.0,6.05,97,9.15,9.666666666666666,6.516666666666667,56.0
p07,2020-03-07,26217176441,2020-03-06 23:25:30,2020-03-07 06:32:30,stages,1,72.0,6.1,94,5.425,6.541666666666667,7.116666666666666,58.0
p07,2020-03-06,26206247505,2020-03-06 01:23:30,2020-03-06 08:29:00,stages,1,74.0,6.116666666666666,96,7.391666666666667,8.483333333333333,7.083333333333333,57.0
p07,2019-11-09,24568088329,2019-11-09 00:07:30,2019-11-09 06:58:00,stages,1,76.0,6.116666666666666,97,6.125,6.966666666666667,6.833333333333333,53.0
p07,2020-03-27,26491324901,2020-03-26 23:47:30,2020-03-27 06:55:00,stages,1,76.0,6.133333333333334,97,5.791666666666667,6.916666666666667,7.116666666666666,58.0
p07,2020-02-15,25908450486,2020-02-15 01:13:30,2020-02-15 08:25:30,stages,1,71.0,6.15,97,7.225,8.425,7.2,57.0
p07,2020-02-23,26028613587,2020-02-22 23:15:00,2020-02-23 06:19:30,stages,1,76.0,6.233333333333333,96,5.25,6.325,7.066666666666666,55.0
p07,2020-03-15,26330434754,2020-03-14 22:59:30,2020-03-15 06:22:30,stages,1,71.0,6.25,95,4.991666666666666,6.375,7.383333333333334,59.0
p07,2019-12-25,25137393783,2019-12-25 01:28:00,2019-12-25 08:19:00,stages,1,78.0,6.266666666666667,96,7.466666666666667,8.316666666666666,6.85,56.0
p07,2020-01-18,25490575439,2020-01-17 21:54:00,2020-01-18 06:05:30,stages,1,68.0,6.333333333333333,92,3.9,6.091666666666667,8.183333333333334,62.0
p07,2020-02-02,25724963332,2020-02-02 03:40:00,2020-02-02 11:08:00,stages,1,67.0,6.333333333333333,92,9.666666666666666,11.133333333333333,7.466666666666667,57.0
p07,2020-02-06,25782616438,2020-02-06 00:17:00,2020-02-06 07:38:30,stages,1,78.0,6.45,97,6.283333333333333,7.641666666666667,7.35,58.0
p07,2020-02-08,25812210490,2020-02-08 01:52:30,2020-02-08 09:15:30,stages,1,76.0,6.45,96,7.875,9.258333333333333,7.383333333333334,59.0
p07,2020-03-22,26428306841,2020-03-21 23:33:30,2020-03-22 06:48:30,stages,1,79.0,6.466666666666667,93,5.558333333333334,6.808333333333334,7.25,58.0
p07,2020-01-25,25594100410,2020-01-25 00:27:00,2020-01-25 08:19:30,stages,1,77.0,6.533333333333333,96,6.45,8.325,7.866666666666666,58.0
p07,2020-01-28,25636026784,2020-01-27 22:42:30,2020-01-28 06:53:30,stages,1,68.0,6.6,95,4.708333333333333,6.891666666666667,8.183333333333334,58.0
p07,2019-11-28,24813192830,2019-11-27 22:32:00,2019-11-28 06:14:00,stages,1,78.0,6.616666666666666,96,4.533333333333333,6.233333333333333,7.7,56.0
p07,2019-12-10,24955222875,2019-12-10 01:45:30,2019-12-10 09:22:30,stages,1,80.0,6.616666666666666,97,7.758333333333334,9.375,7.616666666666666,58.0
p07,2020-01-15,25447432922,2020-01-15 00:06:00,2020-01-15 07:30:30,stages,1,81.0,6.633333333333334,95,6.1,7.508333333333334,7.4,61.0
p07,2019-12-05,24897470664,2019-12-04 23:10:00,2019-12-05 07:08:30,stages,2,75.0,6.733333333333333,96,5.166666666666667,7.141666666666667,7.966666666666667,55.0
p07,2020-01-24,25578081183,2020-01-23 23:26:30,2020-01-24 06:54:30,stages,1,80.0,6.75,98,5.441666666666666,6.908333333333333,7.466666666666667,58.0
p07,2020-01-27,25618667722,2020-01-26 23:05:00,2020-01-27 06:45:30,stages,1,83.0,6.75,98,5.083333333333333,6.758333333333334,7.666666666666667,58.0
p07,2020-01-29,25654029950,2020-01-28 22:54:00,2020-01-29 07:18:30,stages,1,75.0,6.816666666666666,96,4.9,7.308333333333334,8.4,57.0
p07,2020-01-11,25384935788,2020-01-10 23:08:00,2020-01-11 06:57:30,stages,1,78.0,6.816666666666666,98,5.133333333333334,6.958333333333333,7.816666666666666,58.0
p07,2020-03-26,26480264755,2020-03-26 00:19:00,2020-03-26 08:26:30,stages,1,78.0,6.9,92,6.316666666666666,8.441666666666666,8.116666666666667,59.0
p07,2019-11-18,24677959808,2019-11-17 23:56:30,2019-11-18 08:12:00,stages,1,74.0,6.933333333333334,96,5.941666666666666,8.2,8.25,57.0
p07,2020-01-12,25398649912,2020-01-11 22:43:30,2020-01-12 06:59:30,stages,1,75.0,6.95,98,4.725,6.991666666666666,8.266666666666667,59.0
p07,2019-11-29,24816794063,2019-11-28 22:20:00,2019-11-29 06:06:30,stages,1,80.0,6.95,96,4.333333333333333,6.108333333333333,7.766666666666667,56.0
p07,2019-12-19,25069236727,2019-12-18 23:03:30,2019-12-19 06:51:30,stages,1,80.0,6.966666666666667,95,5.058333333333334,6.858333333333333,7.8,56.0
p07,2019-12-31,25217353110,2019-12-31 01:22:00,2019-12-31 09:10:30,stages,1,86.0,7.0,96,7.366666666666666,9.175,7.8,56.0
p07,2019-11-16,24653443687,2019-11-15 23:36:30,2019-11-16 07:44:30,stages,1,80.0,7.1,95,5.608333333333333,7.741666666666666,8.133333333333333,54.0
p07,2019-12-26,25149562053,2019-12-25 23:31:00,2019-12-26 07:54:30,stages,1,80.0,7.116666666666666,96,5.516666666666667,7.908333333333333,8.383333333333333,58.0
p07,2020-03-19,26388009851,2020-03-19 00:00:30,2020-03-19 08:27:30,stages,1,80.0,7.116666666666666,94,6.008333333333334,8.458333333333334,8.45,62.0
p07,2019-12-16,25024291416,2019-12-15 22:38:30,2019-12-16 06:50:30,stages,1,77.0,7.116666666666666,96,4.641666666666667,6.841666666666667,8.2,55.0
p07,2019-12-12,24977713670,2019-12-11 22:53:30,2019-12-12 07:01:00,stages,1,83.0,7.116666666666666,97,4.891666666666667,7.016666666666667,8.116666666666667,57.0
p07,2019-12-13,24992472662,2019-12-12 22:27:00,2019-12-13 06:51:30,stages,1,79.0,7.133333333333334,97,4.45,6.858333333333333,8.4,55.0
p07,2019-12-28,25173332208,2019-12-28 00:55:30,2019-12-28 09:02:30,stages,1,85.0,7.15,96,6.925,9.041666666666666,8.116666666666667,59.0
p07,2020-01-14,25430231153,2020-01-13 22:35:00,2020-01-14 07:00:30,stages,1,77.0,7.166666666666667,96,4.583333333333333,7.008333333333334,8.416666666666666,60.0
p07,2020-02-12,25866923863,2020-02-11 23:52:00,2020-02-12 08:11:00,stages,1,80.0,7.166666666666667,96,5.866666666666666,8.183333333333334,8.316666666666666,58.0
p07,2020-01-10,25371912665,2020-01-09 22:34:00,2020-01-10 07:04:30,stages,1,78.0,7.166666666666667,92,4.566666666666666,7.075,8.5,59.0
p07,2019-12-02,24850225725,2019-12-01 21:39:00,2019-12-02 06:12:00,stages,1,80.0,7.183333333333334,94,3.65,6.2,8.55,57.0
p07,2020-01-21,25531200031,2020-01-20 23:18:00,2020-01-21 07:27:30,stages,1,89.0,7.2,97,5.3,7.458333333333333,8.15,61.0
p07,2019-12-24,25127634557,2019-12-24 00:36:00,2019-12-24 09:28:30,stages,1,78.0,7.266666666666667,95,6.6,9.475,8.866666666666667,57.0
p07,2020-03-05,26188191473,2020-03-04 22:24:00,2020-03-05 06:18:30,stages,1,88.0,7.266666666666667,97,4.4,6.308333333333334,7.9,56.0
p07,2020-01-31,25698593538,2020-01-30 23:03:30,2020-01-31 07:21:30,stages,1,84.0,7.283333333333333,96,5.058333333333334,7.358333333333333,8.3,58.0
p07,2019-11-27,24797261032,2019-11-26 23:48:00,2019-11-27 08:19:30,stages,1,81.0,7.283333333333333,95,5.8,8.325,8.516666666666667,56.0
p07,2020-03-28,26503441818,2020-03-27 23:45:30,2020-03-28 08:01:00,stages,1,81.0,7.283333333333333,97,5.758333333333334,8.016666666666667,8.25,58.0
p07,2019-12-22,25104272160,2019-12-21 23:32:30,2019-12-22 07:47:00,stages,1,87.0,7.3,98,5.541666666666667,7.783333333333333,8.233333333333333,58.0
p07,2019-12-15,25013421504,2019-12-14 23:40:00,2019-12-15 08:15:30,stages,1,83.0,7.316666666666666,97,5.666666666666667,8.258333333333333,8.583333333333334,55.0
p07,2019-12-23,25117434287,2019-12-22 23:51:00,2019-12-23 08:25:30,stages,1,87.0,7.316666666666666,96,5.85,8.425,8.566666666666666,57.0
p07,2020-01-22,25547728178,2020-01-21 22:54:30,2020-01-22 07:08:30,stages,1,80.0,7.333333333333333,97,4.908333333333333,7.141666666666667,8.233333333333333,58.0
p07,2020-01-23,25562874196,2020-01-22 23:35:30,2020-01-23 08:00:00,stages,1,84.0,7.35,95,5.591666666666667,8.0,8.4,58.0
p07,2020-02-13,25879492138,2020-02-12 23:24:00,2020-02-13 07:56:30,stages,1,80.0,7.35,93,5.4,7.941666666666666,8.533333333333333,58.0
p07,2020-02-20,25981039894,2020-02-19 22:58:00,2020-02-20 07:30:30,stages,1,79.0,7.35,96,4.966666666666667,7.508333333333334,8.533333333333333,55.0
p07,2019-11-13,24620397192,2019-11-12 22:39:30,2019-11-13 07:17:30,stages,1,76.0,7.383333333333334,96,4.658333333333333,7.291666666666667,8.633333333333333,52.0
p07,2019-11-07,24544274440,2019-11-06 22:32:30,2019-11-07 07:18:00,stages,1,,7.383333333333334,94,4.541666666666667,7.3,8.75,
p07,2019-11-20,24704811691,2019-11-20 00:50:30,2019-11-20 09:22:00,stages,1,85.0,7.4,97,6.841666666666667,9.366666666666667,8.516666666666667,55.0
p07,2020-01-09,25355306338,2020-01-08 22:19:00,2020-01-09 07:15:30,stages,1,80.0,7.4,92,4.316666666666666,7.258333333333334,8.933333333333334,59.0
p07,2020-03-04,26174036989,2020-03-03 23:09:00,2020-03-04 07:31:30,stages,2,82.0,7.4,97,5.15,7.525,8.366666666666667,56.0
p07,2019-12-18,25054524296,2019-12-17 23:26:00,2019-12-18 07:45:30,stages,1,86.0,7.416666666666667,92,5.433333333333334,7.758333333333334,8.316666666666666,57.0
p07,2020-02-10,25838092062,2020-02-09 22:40:30,2020-02-10 06:49:30,stages,1,85.0,7.416666666666667,96,4.675,6.825,8.15,59.0
p07,2019-12-29,25185510805,2019-12-28 23:44:00,2019-12-29 08:02:30,stages,1,85.0,7.416666666666667,95,5.733333333333333,8.041666666666666,8.3,59.0
p07,2019-12-21,25095207998,2019-12-21 00:50:00,2019-12-21 09:00:30,stages,1,88.0,7.433333333333334,97,6.833333333333333,9.008333333333333,8.166666666666666,58.0
p07,2019-11-14,24629313502,2019-11-13 22:39:00,2019-11-14 07:10:30,stages,1,78.0,7.45,97,4.65,7.175,8.516666666666667,52.0
p07,2020-02-11,25851374525,2020-02-10 22:35:00,2020-02-11 07:05:30,stages,1,83.0,7.45,96,4.583333333333333,7.091666666666667,8.5,59.0
p07,2020-02-03,25737280538,2020-02-02 22:18:00,2020-02-03 06:58:30,stages,2,88.0,7.45,97,4.3,6.975,8.666666666666666,59.0
p07,2020-02-25,26057469565,2020-02-24 22:12:00,2020-02-25 06:39:30,stages,1,83.0,7.466666666666667,95,4.2,6.658333333333333,8.45,55.0
p07,2020-03-18,26374029513,2020-03-17 22:11:00,2020-03-18 06:42:30,stages,1,82.0,7.483333333333333,95,4.183333333333334,6.708333333333333,8.516666666666667,60.0
p07,2020-03-20,26405074529,2020-03-19 23:50:00,2020-03-20 08:22:30,stages,1,86.0,7.5,96,5.833333333333333,8.375,8.533333333333333,62.0
p07,2019-12-03,24863363675,2019-12-02 23:10:00,2019-12-03 07:42:30,stages,1,88.0,7.516666666666667,95,5.166666666666667,7.708333333333333,8.533333333333333,55.0
p07,2019-11-12,24620397191,2019-11-11 22:28:00,2019-11-12 07:02:00,stages,1,78.0,7.533333333333333,97,4.466666666666667,7.033333333333333,8.566666666666666,52.0
p07,2020-03-11,26276301388,2020-03-10 22:06:00,2020-03-11 07:03:30,stages,1,86.0,7.533333333333333,96,4.1,7.058333333333334,8.95,59.0
p07,2020-02-17,25935644860,2020-02-16 21:21:00,2020-02-17 06:19:30,stages,1,80.0,7.533333333333333,96,3.35,6.325,8.966666666666667,60.0
p07,2020-01-04,25269683889,2020-01-03 23:42:00,2020-01-04 08:46:30,stages,2,76.0,7.55,89,5.7,8.775,9.066666666666666,59.0
p07,2020-02-05,25765893059,2020-02-05 00:03:30,2020-02-05 08:32:30,stages,1,83.0,7.566666666666666,94,6.058333333333334,8.541666666666666,8.483333333333333,57.0
p07,2020-02-04,25749725664,2020-02-03 21:46:00,2020-02-04 06:37:30,stages,1,80.0,7.566666666666666,94,3.7666666666666666,6.625,8.85,57.0
p07,2020-02-09,25825785735,2020-02-09 00:25:30,2020-02-09 08:47:30,stages,1,84.0,7.566666666666666,97,6.425,8.791666666666666,8.366666666666667,59.0
p07,2020-02-28,26100050551,2020-02-27 22:53:30,2020-02-28 07:39:30,stages,1,81.0,7.566666666666666,94,4.891666666666667,7.658333333333333,8.766666666666667,57.0
p07,2019-11-08,24557669295,2019-11-07 22:24:30,2019-11-08 07:02:30,stages,1,82.0,7.566666666666666,98,4.408333333333333,7.041666666666667,8.633333333333333,55.0
p07,2019-12-01,24840278233,2019-11-30 23:59:00,2019-12-01 08:31:30,stages,1,85.0,7.6,96,5.983333333333333,8.525,8.533333333333333,58.0
p07,2019-11-11,24591118909,2019-11-10 22:55:30,2019-11-11 07:22:00,stages,1,86.0,7.6,97,4.925,7.366666666666666,8.433333333333334,53.0
p07,2020-03-31,26542097498,2020-03-30 23:57:00,2020-03-31 08:27:00,stages,1,,7.616666666666666,95,5.95,8.45,8.5,
p07,2020-02-19,25963994903,2020-02-18 22:26:00,2020-02-19 07:08:30,stages,1,81.0,7.666666666666667,97,4.433333333333334,7.141666666666667,8.7,56.0
p07,2020-03-03,26161486964,2020-03-02 22:58:00,2020-03-03 07:35:30,stages,1,79.0,7.7,96,4.966666666666667,7.591666666666667,8.616666666666667,57.0
p07,2020-03-14,26319805852,2020-03-13 23:55:00,2020-03-14 08:45:30,stages,1,80.0,7.733333333333333,95,5.916666666666667,8.758333333333333,8.833333333333334,57.0
p07,2020-01-20,25518056227,2020-01-19 22:26:30,2020-01-20 07:47:30,stages,1,77.0,7.733333333333333,92,4.441666666666666,7.791666666666667,9.35,63.0
p07,2019-12-11,24968864039,2019-12-11 00:09:00,2019-12-11 09:10:30,stages,1,85.0,7.766666666666667,94,6.15,9.175,9.016666666666667,57.0
p07,2020-02-29,26118719654,2020-02-28 22:39:00,2020-02-29 07:57:30,stages,1,77.0,7.766666666666667,93,4.65,7.958333333333333,9.3,59.0
p07,2020-03-17,26359894201,2020-03-16 23:11:30,2020-03-17 07:45:30,stages,1,87.0,7.783333333333333,95,5.191666666666666,7.758333333333334,8.566666666666666,58.0
p07,2020-02-22,26016150425,2020-02-21 23:01:00,2020-02-22 08:05:00,stages,1,81.0,7.8,90,5.016666666666667,8.083333333333334,9.066666666666666,55.0
p07,2019-12-17,25037523694,2019-12-16 22:07:00,2019-12-17 06:54:30,stages,1,82.0,7.8,98,4.116666666666666,6.908333333333333,8.783333333333333,57.0
p07,2019-12-27,25161934339,2019-12-27 02:02:00,2019-12-27 11:24:30,stages,1,70.0,7.866666666666666,88,8.033333333333333,11.408333333333333,9.366666666666667,58.0
p07,2019-11-23,24750473684,2019-11-23 00:40:30,2019-11-23 09:31:30,stages,1,85.0,7.9,94,6.675,9.525,8.85,57.0
p07,2020-03-21,26417013188,2020-03-20 22:52:30,2020-03-21 07:50:30,stages,1,80.0,7.933333333333334,95,4.875,7.841666666666667,8.966666666666667,60.0
p07,2020-02-18,25948680681,2020-02-17 22:18:00,2020-02-18 07:30:30,stages,1,89.0,8.0,93,4.3,7.508333333333334,9.2,57.0
p07,2020-02-07,25799440967,2020-02-06 22:51:30,2020-02-07 07:49:30,stages,1,85.0,8.016666666666667,97,4.858333333333333,7.825,8.966666666666667,58.0
p07,2019-12-14,25003613866,2019-12-13 22:53:00,2019-12-14 08:07:30,stages,1,88.0,8.033333333333333,98,4.883333333333334,8.125,9.233333333333333,56.0
p07,2019-12-04,24885180630,2019-12-03 22:33:00,2019-12-04 07:54:30,stages,1,84.0,8.033333333333333,96,4.55,7.908333333333333,9.35,55.0
p07,2020-02-24,26042341074,2020-02-23 21:55:30,2020-02-24 07:16:30,stages,1,82.0,8.033333333333333,96,3.925,7.275,9.35,56.0
p07,2020-01-17,25480489361,2020-01-16 23:08:00,2020-01-17 08:15:30,stages,1,87.0,8.033333333333333,98,5.133333333333334,8.258333333333333,9.116666666666667,61.0
p07,2019-12-30,25199464785,2019-12-29 23:38:00,2019-12-30 09:03:30,stages,1,85.0,8.033333333333333,95,5.633333333333334,9.058333333333334,9.416666666666666,59.0
p07,2020-03-16,26344729203,2020-03-15 22:44:00,2020-03-16 07:55:30,stages,1,94.0,8.066666666666666,98,4.733333333333333,7.925,9.183333333333334,59.0
p07,2020-03-24,26455193802,2020-03-23 23:28:30,2020-03-24 08:39:30,stages,1,83.0,8.083333333333334,97,5.475,8.658333333333333,9.183333333333334,56.0
p07,2020-01-26,25606665471,2020-01-25 23:18:00,2020-01-26 09:02:30,stages,1,84.0,8.1,96,5.3,9.041666666666666,9.733333333333333,58.0
p07,2020-01-02,25240531257,2020-01-01 23:30:30,2020-01-02 08:52:30,stages,1,84.0,8.1,94,5.508333333333334,8.875,9.366666666666667,60.0
p07,2020-03-10,26260549766,2020-03-09 21:59:30,2020-03-10 07:29:30,stages,1,86.0,8.116666666666667,94,3.9916666666666667,7.491666666666666,9.5,60.0
p07,2019-11-15,24642856054,2019-11-14 21:19:30,2019-11-15 06:42:00,stages,1,80.0,8.133333333333333,97,3.325,6.7,9.366666666666667,53.0
p07,2020-03-25,26467281126,2020-03-24 23:47:00,2020-03-25 08:50:30,stages,1,83.0,8.15,96,5.783333333333333,8.841666666666667,9.05,58.0
p07,2019-11-19,24690222313,2019-11-18 23:54:00,2019-11-19 09:17:30,stages,1,88.0,8.216666666666667,96,5.9,9.291666666666666,9.383333333333333,56.0
p07,2019-11-21,24720082785,2019-11-20 22:56:00,2019-11-21 08:46:30,stages,1,84.0,8.216666666666667,94,4.933333333333334,8.775,9.833333333333334,55.0
p07,2020-01-03,25255559440,2020-01-03 00:16:00,2020-01-03 10:06:30,stages,1,85.0,8.233333333333333,89,6.266666666666667,10.108333333333333,9.833333333333334,59.0
p07,2020-03-23,26443543725,2020-03-22 23:36:00,2020-03-23 09:00:30,stages,1,87.0,8.383333333333333,96,5.6,9.008333333333333,9.4,56.0
p07,2020-02-27,26090818638,2020-02-26 22:22:30,2020-02-27 09:17:30,stages,1,75.0,8.466666666666667,87,4.375,9.291666666666666,10.916666666666666,57.0
p07,2019-11-26,24787280516,2019-11-25 23:19:00,2019-11-26 08:42:30,stages,1,87.0,8.5,96,5.316666666666666,8.708333333333334,9.383333333333333,56.0
p07,2020-01-07,25313286393,2020-01-06 20:40:30,2020-01-07 06:50:30,stages,1,83.0,8.5,93,2.675,6.841666666666667,10.166666666666666,60.0
p07,2020-03-12,26288677246,2020-03-11 22:07:00,2020-03-12 07:32:30,stages,1,90.0,8.533333333333333,98,4.116666666666666,7.541666666666667,9.416666666666666,58.0
p07,2020-01-08,25335933537,2020-01-07 23:20:30,2020-01-08 09:10:30,stages,1,88.0,8.55,93,5.341666666666667,9.175,9.833333333333334,59.0
p07,2020-03-30,26529472619,2020-03-29 23:08:30,2020-03-30 08:59:30,stages,1,88.0,8.683333333333334,96,5.141666666666667,8.991666666666667,9.85,57.0
p07,2020-02-01,25711876439,2020-01-31 23:33:00,2020-02-01 09:14:30,stages,1,90.0,8.7,94,5.55,9.241666666666667,9.683333333333334,57.0
p07,2019-12-09,24940595750,2019-12-08 22:16:00,2019-12-09 08:02:30,stages,1,93.0,8.816666666666666,96,4.266666666666667,8.041666666666666,9.766666666666667,60.0
p07,2020-02-14,25895293560,2020-02-13 22:05:30,2020-02-14 07:59:30,stages,1,89.0,8.833333333333334,96,4.091666666666667,7.991666666666666,9.9,57.0
p07,2020-03-09,26245291369,2020-03-08 21:20:30,2020-03-09 07:33:30,stages,1,86.0,9.116666666666667,96,3.341666666666667,7.558333333333334,10.216666666666667,59.0
p07,2019-11-25,24773265387,2019-11-24 22:06:00,2019-11-25 08:52:30,stages,1,89.0,9.816666666666666,97,4.1,8.875,10.766666666666667,59.0
p07,2020-01-13,25412247503,2020-01-12 21:13:30,2020-01-13 09:08:30,stages,1,82.0,9.833333333333334,95,3.225,9.141666666666667,11.916666666666666,60.0
p07,2020-03-02,26144839236,2020-03-01 20:09:30,2020-03-02 07:25:30,stages,1,87.0,9.966666666666667,94,2.158333333333333,7.425,11.266666666666667,60.0
p08,2020-01-12,25398758459,2020-01-12 00:20:00,2020-01-12 04:40:00,stages,1,52.0,3.7333333333333334,85,6.333333333333333,4.666666666666667,4.333333333333333,55.0
p08,2020-01-30,25676265651,2020-01-30 00:29:00,2020-01-30 05:59:30,stages,1,63.0,4.7,93,6.483333333333333,5.991666666666666,5.5,58.0
p08,2020-02-26,26073306584,2020-02-25 23:18:00,2020-02-26 04:44:00,stages,1,70.0,4.95,97,5.3,4.733333333333333,5.433333333333334,56.0
p08,2019-11-24,24759989126,2019-11-24 04:30:00,2019-11-24 10:36:30,stages,1,60.0,5.4,94,10.5,10.608333333333333,6.1,55.0
p08,2020-01-01,25235687156,2020-01-01 06:35:30,2020-01-01 12:53:30,stages,1,63.0,5.4,91,12.591666666666667,12.891666666666667,6.3,53.0
p08,2020-01-28,25637442441,2020-01-28 00:19:30,2020-01-28 07:09:00,stages,1,68.0,5.733333333333333,95,6.325,7.15,6.816666666666666,55.0
p08,2019-12-10,24955358947,2019-12-10 00:56:30,2019-12-10 07:32:00,stages,2,65.0,5.783333333333333,93,6.941666666666666,7.533333333333333,6.583333333333333,54.0
p08,2020-02-21,26002194338,2020-02-21 01:06:00,2020-02-21 07:39:30,stages,1,75.0,5.966666666666667,96,7.1,7.658333333333333,6.55,58.0
p08,2019-12-24,25127024324,2019-12-23 23:56:30,2019-12-24 07:05:30,stages,1,62.0,5.983333333333333,91,5.941666666666666,7.091666666666667,7.15,52.0
p08,2019-12-07,24919819656,2019-12-07 00:52:30,2019-12-07 07:44:30,stages,1,73.0,6.1,95,6.875,7.741666666666666,6.866666666666666,54.0
p08,2020-01-26,25605676430,2020-01-25 22:41:00,2020-01-26 05:45:30,stages,1,69.0,6.3,94,4.683333333333334,5.758333333333334,7.066666666666666,51.0
p08,2019-11-29,24818660562,2019-11-29 00:01:30,2019-11-29 07:31:30,stages,1,68.0,6.383333333333334,96,6.025,7.525,7.5,54.0
p08,2020-01-27,25620684571,2020-01-27 00:37:00,2020-01-27 07:49:00,stages,1,65.0,6.433333333333334,91,6.616666666666666,7.816666666666666,7.2,53.0
p08,2020-01-02,25241745366,2020-01-02 01:55:30,2020-01-02 09:09:00,stages,1,75.0,6.45,98,7.925,9.15,7.216666666666667,55.0
p08,2020-01-07,25314381786,2020-01-06 23:30:00,2020-01-07 07:16:30,stages,1,66.0,6.5,95,5.5,7.275,7.766666666666667,52.0
p08,2020-03-24,26455233345,2020-03-24 00:24:00,2020-03-24 08:08:30,stages,1,70.0,6.516666666666667,96,6.4,8.141666666666667,7.733333333333333,51.0
p08,2020-03-30,26529747076,2020-03-30 00:27:00,2020-03-30 08:08:30,stages,1,72.0,6.533333333333333,95,6.45,8.141666666666667,7.683333333333334,53.0
p08,2020-02-14,25896043613,2020-02-13 23:52:00,2020-02-14 07:24:30,stages,1,62.0,6.583333333333333,92,5.866666666666666,7.408333333333333,7.533333333333333,59.0
p08,2020-01-06,25297525148,2020-01-05 23:34:30,2020-01-06 07:19:30,stages,1,70.0,6.65,91,5.575,7.325,7.75,52.0
p08,2019-12-28,25173413607,2019-12-28 01:13:00,2019-12-28 09:19:30,stages,1,63.0,6.65,94,7.216666666666667,9.325,8.1,54.0
p08,2020-03-03,26161394767,2020-03-02 23:16:00,2020-03-03 07:06:00,stages,1,69.0,6.666666666666667,90,5.266666666666667,7.1,7.833333333333333,55.0
p08,2019-12-04,24884819051,2019-12-03 23:11:30,2019-12-04 07:07:30,stages,1,68.0,6.666666666666667,95,5.191666666666666,7.125,7.933333333333334,54.0
p08,2020-01-24,25580502821,2020-01-24 00:22:00,2020-01-24 08:17:30,stages,1,68.0,6.683333333333334,95,6.366666666666666,8.291666666666666,7.916666666666667,50.0
p08,2019-11-14,24629537286,2019-11-13 23:49:30,2019-11-14 07:36:00,stages,1,73.0,6.7,94,5.825,7.6,7.766666666666667,53.0
p08,2019-12-19,25069701660,2019-12-19 00:24:00,2019-12-19 08:26:30,stages,1,70.0,6.733333333333333,92,6.4,8.441666666666666,8.033333333333333,54.0
p08,2020-01-29,25660670215,2020-01-29 00:47:30,2020-01-29 08:36:00,stages,1,68.0,6.75,92,6.791666666666667,8.6,7.8,56.0
p08,2020-03-02,26144544457,2020-03-01 23:14:00,2020-03-02 07:08:00,stages,1,72.0,6.783333333333333,94,5.233333333333333,7.133333333333334,7.9,56.0
p08,2020-03-09,26244543950,2020-03-08 23:10:00,2020-03-09 07:34:30,stages,2,67.0,6.8,94,5.166666666666667,7.575,8.4,54.0
p08,2020-02-19,25964757873,2020-02-18 23:22:30,2020-02-19 07:25:30,stages,1,69.0,6.816666666666666,95,5.375,7.425,8.05,59.0
p08,2019-11-12,24605116778,2019-11-11 23:02:00,2019-11-12 07:07:30,stages,1,72.0,6.816666666666666,91,5.033333333333333,7.125,8.083333333333334,52.0
p08,2019-12-18,25055615665,2019-12-18 00:51:00,2019-12-18 08:49:30,stages,1,72.0,6.833333333333333,96,6.85,8.825,7.966666666666667,55.0
p08,2019-12-13,24992858512,2019-12-12 23:43:00,2019-12-13 07:44:00,stages,1,77.0,6.833333333333333,96,5.716666666666667,7.733333333333333,8.016666666666667,56.0
p08,2019-12-02,24851379856,2019-12-01 23:20:30,2019-12-02 07:24:00,stages,1,73.0,6.85,94,5.341666666666667,7.4,8.05,56.0
p08,2020-01-08,25336575804,2020-01-07 23:45:00,2020-01-08 07:55:30,stages,1,71.0,6.883333333333334,93,5.75,7.925,8.166666666666666,53.0
p08,2020-02-04,25751665539,2020-02-03 23:46:00,2020-02-04 07:46:30,stages,1,74.0,6.916666666666667,95,5.766666666666667,7.775,8.0,58.0
p08,2020-02-20,25981209158,2020-02-19 23:10:00,2020-02-20 07:15:30,stages,1,76.0,6.933333333333334,96,5.166666666666667,7.258333333333334,8.083333333333334,59.0
p08,2019-11-19,24689343230,2019-11-18 23:39:00,2019-11-19 07:48:30,stages,1,66.0,6.933333333333334,88,5.65,7.808333333333334,8.15,52.0
p08,2020-02-13,25879353993,2020-02-12 23:32:30,2020-02-13 07:17:30,stages,1,72.0,6.933333333333334,96,5.541666666666667,7.291666666666667,7.75,58.0
p08,2020-03-18,26376446174,2020-03-18 00:07:00,2020-03-18 08:13:00,stages,1,70.0,6.933333333333334,94,6.116666666666666,8.216666666666667,8.1,55.0
p08,2019-11-22,24737364324,2019-11-21 23:55:30,2019-11-22 08:07:30,stages,1,71.0,6.95,95,5.925,8.125,8.2,56.0
p08,2019-12-03,24863076809,2019-12-02 23:42:00,2019-12-03 08:07:30,stages,1,69.0,6.95,95,5.7,8.125,8.416666666666666,54.0
p08,2020-02-10,25839200853,2020-02-09 23:21:30,2020-02-10 07:22:30,stages,1,73.0,6.966666666666667,93,5.358333333333333,7.375,8.016666666666667,59.0
p08,2020-02-17,25935544067,2020-02-16 23:17:00,2020-02-17 07:18:30,stages,1,75.0,7.0,94,5.283333333333333,7.308333333333334,8.016666666666667,57.0
p08,2019-11-15,24642696271,2019-11-14 23:36:00,2019-11-15 07:56:30,stages,1,76.0,7.0,90,5.6,7.941666666666666,8.333333333333334,51.0
p08,2020-02-03,25736970595,2020-02-02 23:10:00,2020-02-03 07:14:30,stages,1,78.0,7.016666666666667,98,5.166666666666667,7.241666666666666,8.066666666666666,57.0
p08,2019-11-20,24703090834,2019-11-19 23:21:00,2019-11-20 07:30:00,stages,1,73.0,7.05,90,5.35,7.5,8.15,53.0
p08,2020-02-27,26089325653,2020-02-26 22:25:00,2020-02-27 06:35:30,stages,1,76.0,7.05,92,4.416666666666667,6.591666666666667,8.166666666666666,56.0
p08,2019-11-13,24619240566,2019-11-12 23:05:00,2019-11-13 07:09:00,stages,1,74.0,7.05,93,5.083333333333333,7.15,8.066666666666666,51.0
p08,2020-03-16,26345109700,2020-03-15 23:53:00,2020-03-16 08:05:00,stages,1,78.0,7.066666666666666,96,5.883333333333334,8.083333333333334,8.2,55.0
p08,2020-02-22,26016417132,2020-02-22 01:35:00,2020-02-22 09:39:00,stages,1,71.0,7.066666666666666,94,7.583333333333333,9.65,8.066666666666666,58.0
p08,2019-12-09,24940641066,2019-12-08 23:54:00,2019-12-09 08:13:00,stages,1,74.0,7.066666666666666,91,5.9,8.216666666666667,8.316666666666666,53.0
p08,2020-03-17,26360190581,2020-03-17 00:06:00,2020-03-17 08:10:30,stages,1,77.0,7.083333333333333,96,6.1,8.175,8.066666666666666,54.0
p08,2020-01-04,25271304800,2020-01-04 00:16:30,2020-01-04 09:15:00,stages,1,71.0,7.1,92,6.275,9.25,8.966666666666667,53.0
p08,2019-12-12,24978474292,2019-12-11 23:22:30,2019-12-12 07:29:00,stages,1,74.0,7.116666666666666,94,5.375,7.483333333333333,8.1,56.0
p08,2020-02-06,25782412752,2020-02-05 23:15:30,2020-02-06 07:35:30,stages,1,74.0,7.116666666666666,98,5.258333333333334,7.591666666666667,8.333333333333334,58.0
p08,2019-11-25,24772750924,2019-11-24 23:29:00,2019-11-25 07:46:30,stages,1,77.0,7.133333333333334,95,5.483333333333333,7.775,8.283333333333333,59.0
p08,2019-12-20,25085069675,2019-12-20 03:16:30,2019-12-20 12:03:30,stages,1,62.0,7.166666666666667,82,9.275,12.058333333333334,8.783333333333333,54.0
p08,2020-01-05,25284236029,2020-01-05 00:36:00,2020-01-05 08:40:00,stages,1,73.0,7.166666666666667,96,6.6,8.666666666666666,8.066666666666666,51.0
p08,2020-03-26,26479270124,2020-03-25 23:59:30,2020-03-26 08:01:30,stages,1,77.0,7.166666666666667,96,5.991666666666666,8.025,8.033333333333333,52.0
p08,2020-03-27,26491432162,2020-03-26 23:46:30,2020-03-27 08:05:30,stages,1,75.0,7.166666666666667,92,5.775,8.091666666666667,8.316666666666666,52.0
p08,2019-11-18,24676413873,2019-11-17 23:44:00,2019-11-18 08:07:30,stages,1,76.0,7.183333333333334,92,5.733333333333333,8.125,8.383333333333333,53.0
p08,2020-03-06,26204725934,2020-03-05 22:51:30,2020-03-06 06:58:30,stages,1,77.0,7.183333333333334,96,4.858333333333333,6.975,8.116666666666667,55.0
p08,2020-02-12,25866655841,2020-02-11 23:28:30,2020-02-12 07:54:30,stages,1,72.0,7.183333333333334,93,5.475,7.908333333333333,8.433333333333334,58.0
p08,2020-01-23,25564026334,2020-01-22 23:58:00,2020-01-23 08:11:00,stages,1,79.0,7.183333333333334,97,5.966666666666667,8.183333333333334,8.216666666666667,50.0
p08,2020-01-20,25519957827,2020-01-19 22:49:30,2020-01-20 06:59:30,stages,1,77.0,7.183333333333334,94,4.825,6.991666666666666,8.166666666666666,49.0
p08,2019-11-26,24786762017,2019-11-25 23:31:00,2019-11-26 07:37:00,stages,1,81.0,7.216666666666667,94,5.516666666666667,7.616666666666666,8.1,57.0
p08,2019-12-21,25095243998,2019-12-21 00:06:00,2019-12-21 08:17:30,stages,1,78.0,7.216666666666667,96,6.1,8.291666666666666,8.183333333333334,56.0
p08,2020-02-05,25766044861,2020-02-04 22:59:00,2020-02-05 07:31:30,stages,1,75.0,7.233333333333333,97,4.983333333333333,7.525,8.533333333333333,57.0
p08,2020-03-08,26230985507,2020-03-08 00:10:30,2020-03-08 08:15:30,stages,1,79.0,7.266666666666667,96,6.175,8.258333333333333,8.083333333333334,54.0
p08,2020-03-04,26173879486,2020-03-03 23:02:30,2020-03-04 07:25:30,stages,1,75.0,7.266666666666667,94,5.041666666666667,7.425,8.383333333333333,56.0
p08,2019-11-21,24718836569,2019-11-20 23:32:30,2019-11-21 07:48:00,stages,1,73.0,7.283333333333333,91,5.541666666666667,7.8,8.25,55.0
p08,2020-01-14,25432470191,2020-01-13 23:28:30,2020-01-14 08:05:30,stages,1,73.0,7.283333333333333,90,5.475,8.091666666666667,8.616666666666667,59.0
p08,2020-03-07,26219032446,2020-03-07 00:30:00,2020-03-07 09:02:30,stages,1,73.0,7.3,92,6.5,9.041666666666666,8.533333333333333,54.0
p08,2020-02-24,26042561207,2020-02-23 23:28:00,2020-02-24 07:45:00,stages,1,79.0,7.333333333333333,91,5.466666666666667,7.75,8.283333333333333,58.0
p08,2019-12-22,25113248449,2019-12-22 03:31:00,2019-12-22 12:12:30,stages,1,67.0,7.333333333333333,90,9.516666666666667,12.208333333333334,8.683333333333334,53.0
p08,2019-12-06,24908259986,2019-12-05 23:39:00,2019-12-06 08:08:00,stages,1,78.0,7.333333333333333,93,5.65,8.133333333333333,8.483333333333333,55.0
p08,2019-11-28,24808113226,2019-11-27 23:04:30,2019-11-28 07:23:30,stages,1,77.0,7.366666666666666,90,5.075,7.391666666666667,8.316666666666666,55.0
p08,2020-03-23,26442087723,2020-03-22 23:29:00,2020-03-23 07:57:30,stages,1,78.0,7.383333333333334,95,5.483333333333333,7.958333333333333,8.466666666666667,53.0
p08,2020-01-09,25356162782,2020-01-08 23:26:00,2020-01-09 07:47:30,stages,2,77.0,7.4,96,5.433333333333334,7.791666666666667,8.35,53.0
p08,2020-02-25,26060084602,2020-02-24 23:51:30,2020-02-25 08:24:30,stages,1,76.0,7.433333333333334,95,5.858333333333333,8.408333333333333,8.55,57.0
p08,2020-01-21,25532148446,2020-01-20 23:50:00,2020-01-21 08:10:30,stages,1,76.0,7.45,92,5.833333333333333,8.175,8.333333333333334,47.0
p08,2019-12-05,24896338188,2019-12-04 23:16:00,2019-12-05 07:50:30,stages,1,74.0,7.45,95,5.266666666666667,7.841666666666667,8.566666666666666,54.0
p08,2020-03-05,26190481933,2020-03-04 23:06:00,2020-03-05 07:56:30,stages,1,75.0,7.466666666666667,95,5.1,7.941666666666666,8.833333333333334,56.0
p08,2020-02-28,26105794276,2020-02-27 23:44:30,2020-02-28 08:08:00,stages,1,72.0,7.483333333333333,95,5.741666666666666,8.133333333333333,8.383333333333333,55.0
p08,2019-12-01,24840185583,2019-12-01 00:19:00,2019-12-01 08:48:00,stages,1,78.0,7.483333333333333,93,6.316666666666666,8.8,8.483333333333333,56.0
p08,2019-11-27,24796686687,2019-11-26 23:25:00,2019-11-27 07:57:30,stages,1,76.0,7.483333333333333,93,5.416666666666667,7.958333333333333,8.533333333333333,55.0
p08,2020-03-31,26542825294,2020-03-30 23:51:00,2020-03-31 08:07:00,stages,1,,7.516666666666667,97,5.85,8.116666666666667,8.266666666666667,
p08,2020-03-12,26289851452,2020-03-11 23:28:30,2020-03-12 08:12:00,stages,1,76.0,7.55,93,5.475,8.2,8.716666666666667,54.0
p08,2020-03-25,26468262285,2020-03-24 23:22:00,2020-03-25 08:12:00,stages,1,74.0,7.55,95,5.366666666666666,8.2,8.833333333333334,50.0
p08,2020-01-13,25411255861,2020-01-12 23:14:30,2020-01-13 08:26:30,stages,1,63.0,7.566666666666666,85,5.241666666666666,8.441666666666666,9.2,57.0
p08,2020-02-18,25947815256,2020-02-17 22:57:30,2020-02-18 07:27:30,stages,1,70.0,7.566666666666666,93,4.958333333333333,7.458333333333333,8.5,57.0
p08,2020-01-25,25593088473,2020-01-25 00:13:30,2020-01-25 08:40:30,stages,1,81.0,7.633333333333334,96,6.225,8.675,8.45,51.0
p08,2020-02-11,25852528540,2020-02-10 23:00:00,2020-02-11 07:40:30,stages,1,81.0,7.683333333333334,90,5.0,7.675,8.666666666666666,59.0
p08,2020-03-20,26404954216,2020-03-19 23:06:00,2020-03-20 08:03:00,stages,1,75.0,7.7,95,5.1,8.05,8.95,54.0
p08,2020-02-07,25800076594,2020-02-06 22:49:30,2020-02-07 07:36:30,stages,1,74.0,7.7,92,4.825,7.608333333333333,8.783333333333333,58.0
p08,2020-01-10,25374341616,2020-01-09 22:46:00,2020-01-10 07:38:30,stages,1,72.0,7.766666666666667,94,4.766666666666667,7.641666666666667,8.866666666666667,52.0
p08,2020-03-10,26260917942,2020-03-09 22:21:30,2020-03-10 07:23:00,stages,1,75.0,7.783333333333333,95,4.358333333333333,7.383333333333334,9.016666666666667,54.0
p08,2020-01-31,25697740876,2020-01-30 23:05:00,2020-01-31 08:01:30,stages,1,78.0,7.783333333333333,93,5.083333333333333,8.025,8.933333333333334,58.0
p08,2020-01-16,25462227826,2020-01-15 23:38:00,2020-01-16 08:49:30,stages,1,76.0,7.8,95,5.633333333333334,8.825,9.183333333333334,57.0
p08,2020-02-09,25824381899,2020-02-08 23:25:00,2020-02-09 08:13:30,stages,1,78.0,7.8,96,5.416666666666667,8.225,8.8,59.0
p08,2020-03-19,26396185261,2020-03-18 23:22:30,2020-03-19 08:14:30,stages,1,76.0,7.816666666666666,95,5.375,8.241666666666667,8.866666666666667,55.0
p08,2020-01-19,25503882703,2020-01-18 22:53:30,2020-01-19 07:55:30,stages,1,79.0,7.833333333333333,94,4.891666666666667,7.925,9.033333333333333,51.0
p08,2020-02-16,25921507449,2020-02-15 23:51:30,2020-02-16 08:52:00,stages,1,81.0,7.983333333333333,95,5.858333333333333,8.866666666666667,9.0,60.0
p08,2020-01-17,25479226191,2020-01-16 23:34:30,2020-01-17 08:23:30,stages,1,86.0,8.0,95,5.575,8.391666666666667,8.816666666666666,55.0
p08,2020-01-11,25387880415,2020-01-11 00:14:00,2020-01-11 10:01:00,stages,1,76.0,8.0,97,6.233333333333333,10.016666666666667,9.783333333333333,53.0
p08,2020-02-15,25909323567,2020-02-15 00:29:30,2020-02-15 09:31:00,stages,1,86.0,8.116666666666667,98,6.491666666666666,9.516666666666667,9.016666666666667,62.0
p08,2019-11-17,24666667030,2019-11-17 00:23:30,2019-11-17 09:36:30,stages,1,83.0,8.183333333333334,90,6.391666666666667,9.608333333333333,9.216666666666667,54.0
p08,2019-12-31,25217621156,2019-12-31 02:05:00,2019-12-31 11:28:00,stages,1,85.0,8.25,96,8.083333333333334,11.466666666666667,9.383333333333333,54.0
p08,2020-02-01,25712974113,2020-01-31 23:34:30,2020-02-01 09:04:00,stages,1,82.0,8.25,96,5.575,9.066666666666666,9.483333333333333,56.0
p08,2020-01-22,25550444788,2020-01-21 22:38:30,2020-01-22 08:02:30,stages,1,76.0,8.266666666666667,96,4.641666666666667,8.041666666666666,9.4,48.0
p08,2020-03-13,26308415189,2020-03-13 00:12:00,2020-03-13 09:42:30,stages,1,77.0,8.283333333333333,94,6.2,9.708333333333334,9.5,54.0
p08,2019-11-30,24827636725,2019-11-30 01:30:30,2019-11-30 10:41:30,stages,1,76.0,8.316666666666666,94,7.508333333333334,10.691666666666666,9.183333333333334,54.0
p08,2019-12-08,24929604298,2019-12-08 00:05:00,2019-12-08 09:43:30,stages,1,79.0,8.366666666666667,93,6.083333333333333,9.725,9.633333333333333,52.0
p08,2020-03-22,26431025224,2020-03-21 23:34:00,2020-03-22 09:47:00,stages,1,78.0,8.516666666666667,95,5.566666666666666,9.783333333333333,10.216666666666667,54.0
p08,2020-03-11,26278465038,2020-03-10 23:45:00,2020-03-11 09:45:30,stages,1,77.0,8.55,94,5.75,9.758333333333333,10.0,53.0
p08,2019-12-29,25190947826,2019-12-29 03:21:00,2019-12-29 13:12:00,stages,1,74.0,8.566666666666666,92,9.35,13.2,9.85,54.0
p08,2019-11-16,24655696518,2019-11-16 00:33:30,2019-11-16 10:53:30,stages,1,75.0,8.6,91,6.558333333333334,10.891666666666667,10.333333333333334,53.0
p08,2019-12-11,24967460099,2019-12-10 22:23:00,2019-12-11 08:19:30,stages,1,79.0,8.6,92,4.383333333333334,8.325,9.933333333333334,56.0
p08,2020-03-01,26133078910,2020-03-01 00:26:30,2020-03-01 10:33:00,stages,1,79.0,8.616666666666667,95,6.441666666666666,10.55,10.1,56.0
p08,2019-12-23,25116910326,2019-12-23 00:24:30,2019-12-23 10:09:00,stages,1,85.0,8.633333333333333,94,6.408333333333333,10.15,9.733333333333333,55.0
p08,2019-12-25,25139986673,2019-12-25 02:01:30,2019-12-25 12:03:30,stages,1,75.0,8.683333333333334,94,8.025,12.058333333333334,10.033333333333333,54.0
p08,2020-02-23,26030621079,2020-02-23 00:25:30,2020-02-23 10:18:00,stages,1,84.0,8.7,98,6.425,10.3,9.866666666666667,60.0
p08,2020-03-15,26332760431,2020-03-14 23:04:00,2020-03-15 09:27:00,stages,1,79.0,8.7,97,5.066666666666666,9.45,10.383333333333333,56.0
p08,2019-12-27,25164708623,2019-12-27 01:37:30,2019-12-27 12:04:00,stages,1,80.0,8.716666666666667,95,7.625,12.066666666666666,10.433333333333334,55.0
p08,2019-12-30,25200786971,2019-12-30 01:31:30,2019-12-30 11:35:30,stages,1,85.0,8.733333333333333,96,7.525,11.591666666666667,10.066666666666666,56.0
p08,2020-02-08,25813542360,2020-02-08 00:04:00,2020-02-08 10:10:00,stages,2,87.0,8.916666666666666,94,6.066666666666666,10.166666666666666,10.1,59.0
p08,2020-01-15,25446733264,2020-01-14 23:17:30,2020-01-15 10:12:30,stages,1,68.0,8.933333333333334,85,5.291666666666667,10.208333333333334,10.916666666666666,57.0
p08,2020-03-28,26510243451,2020-03-28 00:15:00,2020-03-28 10:42:00,stages,1,82.0,9.116666666666667,96,6.25,10.7,10.45,52.0
p08,2020-02-29,26119630601,2020-02-29 00:11:00,2020-02-29 10:21:30,stages,1,82.0,9.15,97,6.183333333333334,10.358333333333333,10.166666666666666,57.0
p08,2020-02-02,25726409657,2020-02-01 23:50:00,2020-02-02 10:25:30,stages,1,85.0,9.416666666666666,95,5.833333333333333,10.425,10.583333333333334,56.0
p08,2019-11-23,24751559045,2019-11-23 00:12:00,2019-11-23 10:56:00,stages,1,79.0,9.45,94,6.2,10.933333333333334,10.733333333333333,55.0
p08,2020-01-18,25493194532,2020-01-18 00:31:00,2020-01-18 12:07:30,stages,1,88.0,10.35,94,6.516666666666667,12.125,11.6,53.0
p09,2020-03-24,26456421318,2020-03-24 08:06:30,2020-03-24 11:49:00,stages,1,54.0,3.0,90,14.108333333333333,11.816666666666666,3.7,60.0
p09,2020-01-21,25531899749,2020-01-21 02:26:00,2020-01-21 06:51:30,stages,1,52.0,3.4166666666666665,91,8.433333333333334,6.858333333333333,4.416666666666667,62.0
p09,2020-01-30,25674733351,2020-01-30 02:27:30,2020-01-30 07:02:30,stages,1,61.0,3.8666666666666667,96,8.458333333333334,7.041666666666667,4.583333333333333,59.0
p09,2019-11-12,24605390218,2019-11-12 00:47:00,2019-11-12 05:52:00,stages,1,47.0,3.933333333333333,87,6.783333333333333,5.866666666666666,5.083333333333333,60.0
p09,2020-01-19,25505123442,2020-01-19 05:41:00,2020-01-19 10:20:30,stages,1,56.0,3.933333333333333,90,11.683333333333334,10.341666666666667,4.65,61.0
p09,2019-12-06,24906589461,2019-12-05 23:15:00,2019-12-06 04:20:30,stages,1,46.0,4.0,88,5.25,4.341666666666667,5.083333333333333,60.0
p09,2020-02-06,25779588114,2020-02-06 00:52:30,2020-02-06 06:03:00,stages,1,45.0,4.166666666666667,90,6.875,6.05,5.166666666666667,55.0
p09,2019-12-18,25052330233,2019-12-18 01:16:00,2019-12-18 06:34:00,stages,1,62.0,4.383333333333334,94,7.266666666666667,6.566666666666666,5.3,61.0
p09,2020-01-04,25272508177,2020-01-04 05:46:00,2020-01-04 11:12:00,stages,1,69.0,4.583333333333333,97,11.766666666666667,11.2,5.433333333333334,66.0
p09,2020-01-24,25580737742,2020-01-24 02:49:00,2020-01-24 07:58:30,stages,1,70.0,4.616666666666666,97,8.816666666666666,7.975,5.15,60.0
p09,2020-02-10,25840570771,2020-02-10 01:52:00,2020-02-10 08:02:30,stages,1,59.0,4.8,93,7.866666666666666,8.041666666666666,6.166666666666667,56.0
p09,2019-11-01,24473888347,2019-11-01 00:59:30,2019-11-01 07:28:00,stages,1,35.0,4.85,93,6.991666666666666,7.466666666666667,6.466666666666667,59.0
p09,2020-02-11,25853553372,2020-02-11 02:19:00,2020-02-11 08:05:30,stages,2,70.0,4.9,98,8.316666666666666,8.091666666666667,5.766666666666667,56.0
p09,2019-11-20,24702983574,2019-11-20 00:59:00,2019-11-20 07:04:00,stages,1,66.0,5.016666666666667,92,6.983333333333333,7.066666666666666,6.083333333333333,59.0
p09,2020-02-23,26031073232,2020-02-23 04:21:00,2020-02-23 10:16:00,stages,1,65.0,5.033333333333333,92,10.35,10.266666666666667,5.916666666666667,56.0
p09,2019-11-04,24507742742,2019-11-03 23:08:30,2019-11-04 05:15:30,stages,1,67.0,5.066666666666666,96,5.141666666666667,5.258333333333334,6.116666666666666,61.0
p09,2020-02-05,25767105801,2020-02-05 01:52:00,2020-02-05 08:01:00,stages,1,71.0,5.2,97,7.866666666666666,8.016666666666667,6.15,57.0
p09,2020-03-03,26163697716,2020-03-03 02:39:00,2020-03-03 08:30:00,classic,1,64.0,5.216666666666667,92,8.65,8.5,5.85,63.0
p09,2019-11-25,24773286527,2019-11-25 02:56:30,2019-11-25 08:59:30,stages,1,74.0,5.25,97,8.941666666666666,8.991666666666667,6.05,59.0
p09,2020-01-17,25479973778,2020-01-17 02:49:30,2020-01-17 09:42:00,stages,1,63.0,5.266666666666667,90,8.825,9.7,6.866666666666666,63.0
p09,2019-12-20,25086162415,2019-12-20 06:24:00,2019-12-20 12:22:00,stages,1,78.0,5.3,97,12.4,12.366666666666667,5.966666666666667,63.0
p09,2020-02-13,25878785670,2020-02-13 01:42:00,2020-02-13 08:11:30,stages,1,61.0,5.3,92,7.7,8.191666666666666,6.483333333333333,54.0
p09,2019-12-03,24862638991,2019-12-03 00:41:00,2019-12-03 07:13:00,stages,1,69.0,5.3,95,6.683333333333334,7.216666666666667,6.533333333333333,60.0
p09,2019-12-14,25005016350,2019-12-14 04:25:00,2019-12-14 10:34:30,stages,1,62.0,5.316666666666666,90,10.416666666666666,10.575,6.15,60.0
p09,2020-02-15,25910182110,2020-02-15 04:37:00,2020-02-15 10:49:30,stages,1,66.0,5.316666666666666,93,10.616666666666667,10.825,6.2,56.0
p09,2019-12-21,25094992186,2019-12-21 05:34:30,2019-12-21 11:32:00,stages,1,77.0,5.35,97,11.575,11.533333333333333,5.95,64.0
p09,2019-12-23,25081670675,2019-12-23 05:30:00,2019-12-23 11:30:00,classic,1,,5.416666666666667,100,11.5,11.5,6.0,
p09,2020-03-31,26544481635,2020-03-31 05:48:30,2020-03-31 12:31:00,stages,1,,5.5,93,11.808333333333334,12.516666666666667,6.7,
p09,2019-11-07,24544462062,2019-11-06 23:01:00,2019-11-07 06:05:00,stages,1,59.0,5.566666666666666,91,5.016666666666667,6.083333333333333,7.066666666666666,60.0
p09,2020-02-14,25896607643,2020-02-14 01:21:00,2020-02-14 08:07:30,stages,1,72.0,5.683333333333334,95,7.35,8.125,6.766666666666667,55.0
p09,2020-01-12,25401236226,2020-01-12 03:52:00,2020-01-12 10:24:30,stages,2,66.0,5.716666666666667,88,9.866666666666667,10.408333333333333,6.533333333333333,67.0
p09,2020-02-01,25712890156,2020-02-01 03:36:00,2020-02-01 10:51:30,stages,1,66.0,5.766666666666667,93,9.6,10.858333333333333,7.25,58.0
p09,2020-01-07,25313144787,2020-01-06 23:01:30,2020-01-07 06:05:00,stages,1,67.0,5.766666666666667,93,5.025,6.083333333333333,7.05,65.0
p09,2019-11-14,24631012164,2019-11-14 03:03:30,2019-11-14 10:08:30,stages,1,68.0,5.766666666666667,94,9.058333333333334,10.141666666666667,7.083333333333333,59.0
p09,2020-02-24,26044250543,2020-02-24 02:19:30,2020-02-24 09:14:00,stages,1,71.0,5.783333333333333,95,8.325,9.233333333333333,6.9,59.0
p09,2020-01-09,25358553178,2020-01-09 02:52:00,2020-01-09 10:05:30,stages,1,63.0,5.8,87,8.866666666666667,10.091666666666667,7.216666666666667,64.0
p09,2020-02-09,25829445321,2020-02-09 05:44:30,2020-02-09 13:32:00,stages,1,70.0,5.816666666666666,95,11.741666666666667,13.533333333333333,7.783333333333333,57.0
p09,2019-12-22,25107297557,2019-12-22 03:35:00,2019-12-22 10:20:30,stages,1,68.0,5.833333333333333,93,9.583333333333334,10.341666666666667,6.75,64.0
p09,2020-01-15,25448079183,2020-01-15 00:42:30,2020-01-15 07:48:30,stages,1,67.0,5.85,93,6.708333333333333,7.808333333333334,7.1,64.0
p09,2020-01-11,25386146109,2020-01-11 00:48:30,2020-01-11 07:51:30,stages,1,62.0,5.866666666666666,91,6.808333333333334,7.858333333333333,7.05,65.0
p09,2019-12-17,25039372186,2019-12-17 02:09:30,2019-12-17 09:04:30,stages,1,72.0,5.883333333333334,92,8.158333333333333,9.075,6.916666666666667,63.0
p09,2019-12-13,24993713797,2019-12-13 02:12:00,2019-12-13 09:13:00,stages,2,75.0,5.883333333333334,90,8.2,9.216666666666667,7.016666666666667,60.0
p09,2020-02-29,26118669941,2020-02-29 02:18:00,2020-02-29 08:57:30,stages,1,70.0,5.9,90,8.3,8.958333333333334,6.65,61.0
p09,2020-03-13,26309890938,2020-03-13 04:58:30,2020-03-13 11:59:00,stages,1,76.0,6.033333333333333,98,10.975,11.983333333333333,7.0,59.0
p09,2019-12-04,24886989441,2019-12-04 00:52:00,2019-12-04 08:00:30,stages,1,78.0,6.05,91,6.866666666666666,8.008333333333333,7.133333333333334,59.0
p09,2020-01-27,25621290504,2020-01-27 03:19:00,2020-01-27 10:29:30,stages,1,72.0,6.15,96,9.316666666666666,10.491666666666667,7.166666666666667,57.0
p09,2019-11-03,24498326600,2019-11-03 03:02:00,2019-11-03 10:12:30,stages,1,76.0,6.216666666666667,96,9.033333333333333,10.208333333333334,7.166666666666667,60.0
p09,2019-12-25,25139107976,2019-12-25 04:23:00,2019-12-25 11:34:00,stages,1,81.0,6.266666666666667,96,10.383333333333333,11.566666666666666,7.183333333333334,65.0
p09,2020-01-14,25435298920,2020-01-14 04:37:30,2020-01-14 12:00:30,stages,1,75.0,6.333333333333333,89,10.625,12.008333333333333,7.383333333333334,66.0
p09,2020-01-01,25232910684,2020-01-01 03:41:30,2020-01-01 11:09:30,stages,1,66.0,6.333333333333333,88,9.691666666666666,11.158333333333333,7.466666666666667,64.0
p09,2020-02-26,26076162078,2020-02-26 01:47:30,2020-02-26 09:41:00,stages,1,66.0,6.333333333333333,89,7.791666666666667,9.683333333333334,7.883333333333334,59.0
p09,2019-11-28,24807495940,2019-11-27 23:47:00,2019-11-28 07:34:30,stages,1,73.0,6.333333333333333,91,5.783333333333333,7.575,7.783333333333333,62.0
p09,2019-11-05,24523832509,2019-11-05 01:02:00,2019-11-05 08:15:00,stages,1,80.0,6.383333333333334,97,7.033333333333333,8.25,7.216666666666667,60.0
p09,2020-03-08,26234110764,2020-03-08 04:45:30,2020-03-08 12:05:00,stages,1,70.0,6.4,89,10.758333333333333,12.083333333333334,7.316666666666666,62.0
p09,2019-12-02,24852793413,2019-12-02 01:07:00,2019-12-02 09:07:00,stages,1,71.0,6.433333333333334,97,7.116666666666666,9.116666666666667,8.0,60.0
p09,2020-02-02,25726169094,2020-02-02 04:31:00,2020-02-02 12:08:30,stages,1,69.0,6.45,93,10.516666666666667,12.141666666666667,7.616666666666666,58.0
p09,2020-01-26,25609374815,2020-01-26 02:51:30,2020-01-26 10:34:30,stages,1,71.0,6.516666666666667,93,8.858333333333333,10.575,7.716666666666667,58.0
p09,2020-02-07,25799607750,2020-02-06 23:57:00,2020-02-07 07:57:30,stages,1,70.0,6.516666666666667,96,5.95,7.958333333333333,8.0,57.0
p09,2019-11-30,24829309862,2019-11-30 01:46:00,2019-11-30 09:25:00,stages,1,80.0,6.566666666666666,98,7.766666666666667,9.416666666666666,7.65,60.0
p09,2020-03-02,26147224125,2020-03-02 00:49:00,2020-03-02 09:08:30,stages,1,70.0,6.666666666666667,88,6.816666666666666,9.141666666666667,8.316666666666666,66.0
p09,2020-03-17,26364134429,2020-03-17 04:52:00,2020-03-17 12:46:00,stages,1,76.0,6.666666666666667,89,10.866666666666667,12.766666666666667,7.9,60.0
p09,2020-03-06,26207730335,2020-03-06 03:08:00,2020-03-06 11:22:30,stages,1,71.0,6.733333333333333,90,9.133333333333333,11.375,8.233333333333333,63.0
p09,2020-02-03,25739624751,2020-02-03 03:22:30,2020-02-03 11:08:30,stages,1,77.0,6.783333333333333,99,9.375,11.141666666666667,7.766666666666667,59.0
p09,2020-02-04,25757682461,2020-02-04 04:00:30,2020-02-04 11:09:30,classic,1,,6.783333333333333,95,10.008333333333333,11.158333333333333,7.15,
p09,2019-12-11,24968736727,2019-12-11 01:39:00,2019-12-11 10:13:00,stages,1,71.0,6.8,90,7.65,10.216666666666667,8.566666666666666,62.0
p09,2020-02-25,26060648639,2020-02-25 01:08:30,2020-02-25 08:55:30,stages,1,78.0,6.8,97,7.141666666666667,8.925,7.783333333333333,59.0
p09,2020-03-21,26420588240,2020-03-21 04:49:30,2020-03-21 12:55:00,stages,1,72.0,6.8,88,10.825,12.916666666666666,8.083333333333334,61.0
p09,2020-01-03,25263038117,2020-01-03 05:09:30,2020-01-03 13:34:30,stages,1,72.0,6.883333333333334,89,11.158333333333333,13.575,8.416666666666666,68.0
p09,2019-11-26,24788504983,2019-11-26 02:10:30,2019-11-26 10:19:30,stages,1,70.0,6.9,90,8.175,10.325,8.15,59.0
p09,2020-02-18,25953036768,2020-02-18 03:26:00,2020-02-18 11:51:30,stages,1,79.0,6.916666666666667,90,9.433333333333334,11.858333333333333,8.416666666666666,60.0
p09,2020-03-25,26467716152,2020-03-24 23:59:30,2020-03-25 08:04:30,stages,1,85.0,7.033333333333333,96,5.991666666666666,8.075,8.083333333333334,60.0
p09,2020-02-16,25927436029,2020-02-16 01:02:30,2020-02-16 09:13:30,stages,1,77.0,7.05,97,7.041666666666667,9.225,8.183333333333334,58.0
p09,2019-12-09,24941427929,2019-12-09 01:14:00,2019-12-09 10:28:30,stages,1,65.0,7.066666666666666,88,7.233333333333333,10.475,9.233333333333333,63.0
p09,2020-03-12,26294259490,2020-03-12 03:22:00,2020-03-12 12:29:00,stages,2,72.0,7.15,88,9.366666666666667,12.483333333333333,9.116666666666667,61.0
p09,2020-03-01,26132997238,2020-03-01 01:19:00,2020-03-01 10:00:00,stages,1,73.0,7.166666666666667,92,7.316666666666666,10.0,8.683333333333334,63.0
p09,2020-01-25,25595684768,2020-01-25 02:02:00,2020-01-25 10:09:00,stages,1,87.0,7.183333333333334,94,8.033333333333333,10.15,8.116666666666667,59.0
p09,2020-03-05,26191900916,2020-03-05 00:33:30,2020-03-05 09:53:30,stages,1,68.0,7.266666666666667,83,6.558333333333334,9.891666666666667,9.333333333333334,61.0
p09,2019-11-18,24677879780,2019-11-18 01:34:30,2019-11-18 10:58:30,stages,1,73.0,7.366666666666666,94,7.575,10.975,9.4,62.0
p09,2020-03-27,26499298294,2020-03-27 09:45:30,2020-03-27 18:49:30,stages,1,75.0,7.366666666666666,94,15.758333333333333,18.825,9.066666666666666,57.0
p09,2019-11-21,24719955186,2019-11-21 00:31:00,2019-11-21 09:09:00,stages,1,83.0,7.5,94,6.516666666666667,9.15,8.633333333333333,59.0
p09,2020-01-08,25337474498,2020-01-08 03:43:00,2020-01-08 12:13:30,stages,1,86.0,7.583333333333333,96,9.716666666666667,12.225,8.5,64.0
p09,2020-02-21,26004576430,2020-02-21 01:55:00,2020-02-21 10:29:30,stages,1,86.0,7.616666666666666,97,7.916666666666667,10.491666666666667,8.566666666666666,58.0
p09,2019-11-24,24763312141,2019-11-24 03:59:30,2019-11-24 12:57:30,stages,1,79.0,7.666666666666667,93,9.991666666666667,12.958333333333334,8.966666666666667,59.0
p09,2019-12-27,25163531129,2019-12-27 02:42:30,2019-12-27 11:49:30,stages,1,74.0,7.683333333333334,88,8.708333333333334,11.825,9.116666666666667,63.0
p09,2019-11-09,24571478900,2019-11-09 00:59:30,2019-11-09 10:25:00,stages,1,74.0,7.716666666666667,96,6.991666666666666,10.416666666666666,9.416666666666666,61.0
p09,2020-03-29,26518392737,2020-03-29 03:22:30,2020-03-29 12:27:00,stages,1,76.0,7.733333333333333,91,9.375,12.45,9.066666666666666,58.0
p09,2020-01-16,25466223628,2020-01-16 04:43:00,2020-01-16 13:28:00,stages,1,83.0,7.766666666666667,96,10.716666666666667,13.466666666666667,8.75,64.0
p09,2020-01-10,25379228419,2020-01-10 05:10:30,2020-01-10 14:40:00,stages,1,81.0,7.816666666666666,87,11.175,14.666666666666666,9.483333333333333,64.0
p09,2020-03-04,26175269143,2020-03-03 23:20:00,2020-03-04 08:48:00,stages,1,84.0,7.833333333333333,93,5.333333333333333,8.8,9.466666666666667,61.0
p09,2019-11-22,24739825092,2019-11-22 00:06:30,2019-11-22 09:17:30,stages,1,81.0,7.833333333333333,90,6.108333333333333,9.291666666666666,9.183333333333334,58.0
p09,2020-01-29,25657066828,2020-01-29 01:19:00,2020-01-29 10:23:30,stages,1,82.0,7.85,97,7.316666666666666,10.391666666666667,9.066666666666666,59.0
p09,2019-12-29,25190868050,2019-12-29 05:07:30,2019-12-29 14:34:30,stages,1,80.0,7.916666666666667,96,11.125,14.575,9.45,64.0
p09,2020-01-06,25303124240,2020-01-06 04:36:30,2020-01-06 14:02:00,stages,1,80.0,7.95,94,10.608333333333333,14.033333333333333,9.416666666666666,65.0
p09,2019-11-06,24537211129,2019-11-05 23:53:30,2019-11-06 08:52:00,stages,1,84.0,7.983333333333333,95,5.891666666666667,8.866666666666667,8.966666666666667,59.0
p09,2019-12-08,24931156027,2019-12-08 02:04:30,2019-12-08 11:54:30,stages,1,79.0,8.016666666666667,87,8.075,11.908333333333333,9.833333333333334,61.0
p09,2020-01-31,25701485063,2020-01-31 02:53:30,2020-01-31 12:15:30,stages,1,82.0,8.033333333333333,97,8.891666666666667,12.258333333333333,9.366666666666667,57.0
p09,2020-01-05,25286365460,2020-01-05 03:23:00,2020-01-05 12:37:00,stages,1,86.0,8.066666666666666,93,9.383333333333333,12.616666666666667,9.233333333333333,65.0
p09,2020-03-19,26395074862,2020-03-19 04:50:00,2020-03-19 14:27:00,stages,1,80.0,8.133333333333333,94,10.833333333333334,14.45,9.616666666666667,59.0
p09,2019-12-19,25070206392,2019-12-19 01:15:00,2019-12-19 10:16:30,stages,1,92.0,8.15,99,7.25,10.275,9.016666666666667,63.0
p09,2019-11-29,24819114873,2019-11-28 23:18:00,2019-11-29 09:12:00,stages,1,83.0,8.166666666666666,95,5.3,9.2,9.9,62.0
p09,2019-11-23,24752243507,2019-11-23 01:59:00,2019-11-23 11:40:30,stages,1,78.0,8.216666666666667,93,7.983333333333333,11.675,9.683333333333334,58.0
p09,2020-03-09,26249022684,2020-03-09 02:27:30,2020-03-09 12:22:00,stages,1,83.0,8.266666666666667,89,8.458333333333334,12.366666666666667,9.9,64.0
p09,2020-03-26,26484493771,2020-03-26 04:05:00,2020-03-26 14:17:00,stages,1,82.0,8.333333333333334,94,10.083333333333334,14.283333333333333,10.2,59.0
p09,2020-01-18,25494608252,2020-01-18 02:07:00,2020-01-18 12:02:00,stages,1,86.0,8.366666666666667,94,8.116666666666667,12.033333333333333,9.916666666666666,63.0
p09,2019-11-13,24621434633,2019-11-13 00:55:30,2019-11-13 10:41:30,stages,2,85.0,8.4,93,6.925,10.691666666666666,9.766666666666667,60.0
p09,2019-11-27,24797565601,2019-11-26 23:13:00,2019-11-27 09:02:30,stages,1,89.0,8.45,96,5.216666666666667,9.041666666666666,9.816666666666666,61.0
p09,2019-12-15,25016198916,2019-12-15 02:26:00,2019-12-15 11:50:00,stages,1,86.0,8.45,96,8.433333333333334,11.833333333333334,9.4,63.0
p09,2020-03-20,26410303072,2020-03-20 05:04:30,2020-03-20 14:49:30,stages,1,87.0,8.516666666666667,96,11.075,14.825,9.75,61.0
p09,2020-03-07,26220801790,2020-03-07 03:01:30,2020-03-07 12:56:00,stages,1,88.0,8.6,93,9.025,12.933333333333334,9.9,63.0
p09,2019-11-15,24643783757,2019-11-15 01:01:00,2019-11-15 10:00:00,classic,1,83.0,8.633333333333333,97,7.016666666666667,10.0,8.983333333333333,59.0
p09,2020-03-11,26281648081,2020-03-11 03:05:30,2020-03-11 13:11:30,stages,1,87.0,8.666666666666666,92,9.091666666666667,13.191666666666666,10.1,63.0
p09,2019-11-17,24667185737,2019-11-17 02:51:00,2019-11-17 13:15:00,stages,1,79.0,8.733333333333333,92,8.85,13.25,10.4,60.0
p09,2020-02-12,25865386432,2020-02-11 21:35:30,2020-02-12 07:49:30,stages,1,86.0,8.75,97,3.591666666666667,7.825,10.233333333333333,57.0
p09,2019-12-12,24980733296,2019-12-12 01:36:00,2019-12-12 12:14:30,stages,1,84.0,8.866666666666667,94,7.6,12.241666666666667,10.633333333333333,63.0
p09,2020-03-23,26448288074,2020-03-23 04:08:30,2020-03-23 15:24:00,stages,1,78.0,8.9,91,10.141666666666667,15.4,11.25,61.0
p09,2020-03-30,26535676981,2020-03-30 06:04:30,2020-03-30 16:29:30,stages,1,88.0,8.9,96,12.075,16.491666666666667,10.416666666666666,60.0
p09,2019-11-19,24694003172,2019-11-19 02:47:30,2019-11-19 13:29:30,stages,1,80.0,8.983333333333333,91,8.791666666666666,13.491666666666667,10.7,60.0
p09,2019-11-16,24656729323,2019-11-16 01:47:00,2019-11-16 12:42:30,stages,1,81.0,9.166666666666666,93,7.783333333333333,12.708333333333334,10.916666666666666,58.0
p09,2020-03-16,26346845922,2020-03-16 04:15:00,2020-03-16 15:29:30,stages,1,81.0,9.2,90,10.25,15.491666666666667,11.233333333333333,59.0
p09,2019-12-16,25027910397,2019-12-16 00:56:00,2019-12-16 11:49:00,stages,1,88.0,9.283333333333333,91,6.933333333333334,11.816666666666666,10.883333333333333,64.0
p09,2020-02-27,26094922886,2020-02-27 01:32:00,2020-02-27 13:32:00,stages,1,81.0,9.683333333333334,90,7.533333333333333,13.533333333333333,12.0,60.0
p09,2019-12-05,24896171622,2019-12-04 19:54:30,2019-12-05 07:32:30,stages,1,81.0,9.816666666666666,90,1.9083333333333334,7.541666666666667,11.633333333333333,60.0
p09,2020-02-17,25940470809,2020-02-17 02:52:00,2020-02-17 15:03:30,stages,1,81.0,10.066666666666666,92,8.866666666666667,15.058333333333334,12.183333333333334,58.0
p09,2019-12-28,25177901385,2019-12-28 00:46:00,2019-12-28 12:24:00,stages,1,86.0,10.1,92,6.766666666666667,12.4,11.633333333333333,65.0
p09,2019-12-26,25149865558,2019-12-25 23:01:30,2019-12-26 11:01:30,stages,1,89.0,10.583333333333334,95,5.025,11.025,12.0,64.0
p09,2019-12-10,24958465459,2019-12-10 02:17:30,2019-12-10 14:46:30,stages,1,84.0,10.6,96,8.291666666666666,14.775,12.483333333333333,64.0
p09,2020-03-22,26434110091,2020-03-22 01:26:00,2020-03-22 14:16:30,stages,1,83.0,10.683333333333334,94,7.433333333333334,14.275,12.833333333333334,63.0
p09,2020-01-28,25635571778,2020-01-27 23:56:00,2020-01-28 11:08:30,classic,1,53.0,10.75,98,5.933333333333334,11.141666666666667,11.2,58.0
p09,2019-12-07,24920492450,2019-12-07 01:21:00,2019-12-07 13:47:00,classic,1,87.0,11.183333333333334,90,7.35,13.783333333333333,12.433333333333334,60.0
p09,2020-01-20,25519810016,2020-01-19 19:57:30,2020-01-20 09:14:00,stages,1,85.0,11.216666666666667,96,1.9583333333333333,9.233333333333333,13.266666666666667,64.0
p09,2019-11-11,24598030074,2019-11-11 03:19:00,2019-11-11 16:07:00,stages,1,90.0,11.316666666666666,95,9.316666666666666,16.116666666666667,12.8,59.0
p09,2019-12-30,25202790992,2019-12-30 01:17:00,2019-12-30 14:01:30,classic,1,,11.383333333333333,90,7.283333333333333,14.025,12.733333333333333,
p09,2019-11-08,24558120699,2019-11-08 00:55:00,2019-11-08 14:35:30,stages,1,87.0,11.516666666666667,93,6.916666666666667,14.591666666666667,13.666666666666666,62.0
p09,2020-01-13,25418412275,2020-01-13 00:11:30,2020-01-13 13:26:00,stages,1,91.0,11.633333333333333,96,6.191666666666666,13.433333333333334,13.233333333333333,69.0
p09,2019-12-24,25129907217,2019-12-23 20:56:00,2019-12-24 12:49:30,stages,1,82.0,13.716666666666667,96,2.933333333333333,12.825,15.883333333333333,65.0
p10,2020-02-14,25896735075,2020-02-14 02:24:30,2020-02-14 07:59:30,stages,1,64.0,4.883333333333334,87,8.408333333333333,7.991666666666666,5.583333333333333,68.0
p10,2019-11-20,24702317028,2019-11-19 23:49:30,2019-11-20 05:58:00,stages,1,62.0,5.316666666666666,92,5.825,5.966666666666667,6.133333333333334,67.0
p10,2020-02-21,26003240102,2020-02-21 00:38:30,2020-02-21 06:57:30,stages,1,64.0,5.316666666666666,95,6.641666666666667,6.958333333333333,6.316666666666666,64.0
p10,2020-02-24,26044112041,2020-02-24 02:25:30,2020-02-24 08:28:00,stages,1,71.0,5.433333333333334,92,8.425,8.466666666666667,6.033333333333333,65.0
p10,2020-02-03,25737225957,2020-02-03 01:11:00,2020-02-03 07:47:30,stages,2,65.0,5.6,86,7.183333333333334,7.791666666666667,6.6,63.0
p10,2019-11-25,24771882118,2019-11-25 00:13:00,2019-11-25 07:27:00,stages,1,66.0,5.9,87,6.216666666666667,7.45,7.233333333333333,70.0
p10,2020-01-28,25637358577,2020-01-28 00:19:30,2020-01-28 07:28:00,stages,1,69.0,5.933333333333334,94,6.325,7.466666666666667,7.133333333333334,69.0
p10,2019-11-15,24644451603,2019-11-15 00:51:30,2019-11-15 07:41:00,stages,1,75.0,6.0,93,6.858333333333333,7.683333333333334,6.816666666666666,65.0
p10,2019-12-09,24939944443,2019-12-09 00:52:00,2019-12-09 07:45:30,stages,1,75.0,6.033333333333333,92,6.866666666666666,7.758333333333334,6.883333333333334,68.0
p10,2020-01-31,25697462530,2020-01-31 00:42:00,2020-01-31 07:28:30,stages,1,75.0,6.15,95,6.7,7.475,6.766666666666667,65.0
p10,2020-02-10,25837152579,2020-02-09 23:26:30,2020-02-10 06:33:30,stages,1,73.0,6.25,89,5.441666666666666,6.558333333333334,7.116666666666666,69.0
p10,2020-02-11,25854512629,2020-02-10 23:49:00,2020-02-11 06:47:00,stages,1,81.0,6.3,94,5.816666666666666,6.783333333333333,6.966666666666667,69.0
p10,2020-01-08,25355080752,2020-01-08 00:22:00,2020-01-08 07:31:30,stages,1,80.0,6.383333333333334,95,6.366666666666666,7.525,7.15,70.0
p10,2020-01-07,25314193156,2020-01-07 00:54:30,2020-01-07 08:15:30,stages,1,73.0,6.433333333333334,90,6.908333333333333,8.258333333333333,7.35,68.0
p10,2019-12-04,24884988764,2019-12-03 23:35:00,2019-12-04 07:14:30,stages,1,75.0,6.45,91,5.583333333333333,7.241666666666666,7.65,64.0
p10,2019-11-22,24739614546,2019-11-21 23:31:00,2019-11-22 06:59:00,stages,1,74.0,6.533333333333333,93,5.516666666666667,6.983333333333333,7.466666666666667,67.0
p10,2019-11-18,24675814270,2019-11-17 23:48:00,2019-11-18 07:08:00,stages,1,78.0,6.6,94,5.8,7.133333333333334,7.333333333333333,64.0
p10,2020-01-29,25654969866,2020-01-29 01:08:30,2020-01-29 09:08:30,stages,1,66.0,6.6,92,7.141666666666667,9.141666666666667,8.0,69.0
p10,2019-11-26,24785313785,2019-11-25 23:46:00,2019-11-26 07:14:30,stages,1,79.0,6.716666666666667,91,5.766666666666667,7.241666666666666,7.466666666666667,69.0
p10,2020-02-08,25813517746,2020-02-08 01:40:30,2020-02-08 09:41:00,stages,1,66.0,6.716666666666667,91,7.675,9.683333333333334,8.0,67.0
p10,2020-01-27,25619688370,2020-01-26 23:51:00,2020-01-27 07:19:30,stages,1,78.0,6.766666666666667,94,5.85,7.325,7.466666666666667,69.0
p10,2020-01-13,25416935394,2020-01-13 00:03:00,2020-01-13 07:32:00,stages,1,82.0,6.833333333333333,96,6.05,7.533333333333333,7.483333333333333,71.0
p10,2019-12-03,24863392537,2019-12-02 23:38:00,2019-12-03 07:13:00,stages,1,80.0,6.85,94,5.633333333333334,7.216666666666667,7.583333333333333,67.0
p10,2020-01-18,25507053401,2020-01-18 03:14:00,2020-01-18 11:01:30,stages,1,72.0,6.866666666666666,90,9.233333333333333,11.025,7.783333333333333,69.0
p10,2019-11-13,24627151617,2019-11-12 23:56:00,2019-11-13 07:33:30,stages,1,79.0,6.866666666666666,95,5.933333333333334,7.558333333333334,7.616666666666666,65.0
p10,2019-12-06,24908454644,2019-12-06 00:55:30,2019-12-06 08:58:30,stages,1,71.0,6.883333333333334,86,6.925,8.975,8.05,69.0
p10,2019-11-28,24807321135,2019-11-27 23:43:00,2019-11-28 07:30:30,stages,1,77.0,6.9,93,5.716666666666667,7.508333333333334,7.783333333333333,69.0
p10,2019-11-23,24753915241,2019-11-23 00:37:00,2019-11-23 08:29:30,stages,1,75.0,6.95,93,6.616666666666666,8.491666666666667,7.866666666666666,69.0
p10,2020-01-15,25459972137,2020-01-15 01:12:30,2020-01-15 08:56:00,stages,1,79.0,6.983333333333333,94,7.208333333333333,8.933333333333334,7.716666666666667,68.0
p10,2020-01-23,25562950657,2020-01-22 23:43:00,2020-01-23 07:46:30,stages,1,71.0,6.983333333333333,90,5.716666666666667,7.775,8.05,67.0
p10,2020-01-16,25459972138,2020-01-15 23:27:00,2020-01-16 07:20:30,stages,1,84.0,7.05,97,5.45,7.341666666666667,7.883333333333334,68.0
p10,2020-02-17,25934643081,2020-02-16 23:48:00,2020-02-17 08:09:30,stages,1,73.0,7.083333333333333,91,5.8,8.158333333333333,8.35,68.0
p10,2019-11-12,24606870468,2019-11-12 00:29:00,2019-11-12 08:37:30,stages,1,82.0,7.1,92,6.483333333333333,8.625,8.133333333333333,65.0
p10,2020-02-13,25878517132,2020-02-12 23:16:30,2020-02-13 06:58:30,stages,1,82.0,7.116666666666666,94,5.275,6.975,7.7,68.0
p10,2020-01-26,25608475398,2020-01-26 02:14:00,2020-01-26 10:22:30,stages,1,79.0,7.133333333333334,90,8.233333333333333,10.375,8.133333333333333,69.0
p10,2019-11-27,24798204067,2019-11-27 00:59:00,2019-11-27 08:45:30,stages,1,80.0,7.133333333333334,90,6.983333333333333,8.758333333333333,7.766666666666667,69.0
p10,2020-01-24,25580560440,2020-01-24 00:43:30,2020-01-24 08:49:30,stages,1,77.0,7.15,91,6.725,8.825,8.1,67.0
p10,2019-12-18,25055442353,2019-12-18 01:52:00,2019-12-18 09:48:30,stages,1,84.0,7.183333333333334,93,7.866666666666666,9.808333333333334,7.933333333333334,70.0
p10,2019-12-11,24966933101,2019-12-11 00:11:30,2019-12-11 08:01:30,stages,1,82.0,7.183333333333334,92,6.191666666666666,8.025,7.833333333333333,66.0
p10,2020-01-21,25533495256,2020-01-21 00:00:00,2020-01-21 08:08:00,stages,1,80.0,7.233333333333333,92,6.0,8.133333333333333,8.133333333333333,70.0
p10,2019-11-14,24644451602,2019-11-14 00:26:30,2019-11-14 08:39:00,stages,1,79.0,7.283333333333333,93,6.441666666666666,8.65,8.2,66.0
p10,2019-12-02,24850453134,2019-12-01 22:47:00,2019-12-02 07:03:30,stages,1,83.0,7.283333333333333,95,4.783333333333333,7.058333333333334,8.266666666666667,69.0
p10,2019-12-19,25068663577,2019-12-18 23:53:30,2019-12-19 08:03:00,stages,1,80.0,7.3,91,5.891666666666667,8.05,8.15,70.0
p10,2020-02-06,25782545584,2020-02-06 00:25:00,2020-02-06 08:43:30,stages,1,75.0,7.3,88,6.416666666666667,8.725,8.3,64.0
p10,2020-02-05,25765074320,2020-02-04 23:32:00,2020-02-05 07:49:30,stages,1,83.0,7.35,93,5.533333333333333,7.825,8.283333333333333,64.0
p10,2020-01-30,25676413267,2020-01-29 23:45:00,2020-01-30 08:07:30,stages,1,79.0,7.383333333333334,92,5.75,8.125,8.366666666666667,67.0
p10,2020-02-26,26076106953,2020-02-25 23:22:00,2020-02-26 07:44:00,stages,1,72.0,7.383333333333334,93,5.366666666666666,7.733333333333333,8.366666666666667,66.0
p10,2019-12-29,25187305533,2019-12-28 23:45:30,2019-12-29 08:19:30,stages,1,71.0,7.433333333333334,89,5.758333333333334,8.325,8.566666666666666,66.0
p10,2020-02-27,26097289710,2020-02-26 23:23:00,2020-02-27 07:33:00,stages,1,81.0,7.466666666666667,93,5.383333333333334,7.55,8.166666666666666,68.0
p10,2020-01-09,25355080753,2020-01-08 23:55:00,2020-01-09 08:02:30,stages,1,85.0,7.466666666666667,95,5.916666666666667,8.041666666666666,8.116666666666667,70.0
p10,2019-12-12,24983237804,2019-12-12 00:53:30,2019-12-12 09:15:30,stages,1,84.0,7.533333333333333,93,6.891666666666667,9.258333333333333,8.366666666666667,68.0
p10,2020-01-11,25416935392,2020-01-11 01:30:30,2020-01-11 10:02:00,stages,1,76.0,7.533333333333333,89,7.508333333333334,10.033333333333333,8.516666666666667,70.0
p10,2019-12-21,25094978614,2019-12-21 01:38:00,2019-12-21 10:25:30,stages,1,80.0,7.533333333333333,90,7.633333333333334,10.425,8.783333333333333,69.0
p10,2020-02-09,25827174960,2020-02-09 01:52:30,2020-02-09 10:09:30,stages,1,79.0,7.55,92,7.875,10.158333333333333,8.283333333333333,69.0
p10,2020-02-25,26059972550,2020-02-24 23:40:00,2020-02-25 07:45:00,stages,1,81.0,7.55,94,5.666666666666667,7.75,8.083333333333334,66.0
p10,2019-12-08,24933988592,2019-12-08 01:49:30,2019-12-08 10:22:00,stages,1,82.0,7.566666666666666,91,7.825,10.366666666666667,8.533333333333333,70.0
p10,2019-11-17,24664611893,2019-11-17 00:45:30,2019-11-17 09:21:30,stages,1,80.0,7.6,91,6.758333333333334,9.358333333333333,8.6,64.0
p10,2019-11-29,24818724704,2019-11-28 23:31:30,2019-11-29 08:06:30,stages,1,84.0,7.6,90,5.525,8.108333333333333,8.583333333333334,70.0
p10,2019-11-11,24591546332,2019-11-10 22:48:30,2019-11-11 07:43:00,stages,1,77.0,7.616666666666666,86,4.808333333333334,7.716666666666667,8.9,65.0
p10,2020-01-17,25480527333,2020-01-17 00:36:00,2020-01-17 09:04:30,stages,1,78.0,7.666666666666667,93,6.6,9.075,8.466666666666667,67.0
p10,2019-12-28,25175833571,2019-12-27 23:28:30,2019-12-28 08:23:00,stages,1,76.0,7.666666666666667,85,5.475,8.383333333333333,8.9,67.0
p10,2019-12-27,25162344602,2019-12-27 01:53:30,2019-12-27 10:54:30,stages,1,72.0,7.666666666666667,91,7.891666666666667,10.908333333333333,9.016666666666667,67.0
p10,2020-01-22,25550388604,2020-01-21 23:33:00,2020-01-22 08:21:30,stages,1,78.0,7.7,90,5.55,8.358333333333333,8.8,68.0
p10,2020-02-19,25967008242,2020-02-18 23:42:00,2020-02-19 08:22:00,stages,1,82.0,7.716666666666667,91,5.7,8.366666666666667,8.666666666666666,67.0
p10,2019-12-20,25083760556,2019-12-19 23:45:00,2019-12-20 08:21:30,stages,1,80.0,7.733333333333333,93,5.75,8.358333333333333,8.6,70.0
p10,2019-12-17,25040536493,2019-12-17 01:20:00,2019-12-17 10:07:30,stages,1,80.0,7.75,86,7.333333333333333,10.125,8.783333333333333,69.0
p10,2019-11-09,24581798173,2019-11-09 02:39:00,2019-11-09 11:14:30,stages,1,83.0,7.75,95,8.65,11.241666666666667,8.583333333333334,71.0
p10,2019-11-10,24581798174,2019-11-10 01:17:30,2019-11-10 10:24:30,stages,1,76.0,7.766666666666667,88,7.291666666666667,10.408333333333333,9.116666666666667,70.0
p10,2020-01-19,25507053403,2020-01-19 00:45:30,2020-01-19 09:36:00,stages,1,79.0,7.783333333333333,92,6.758333333333334,9.6,8.833333333333334,69.0
p10,2019-12-10,24955416682,2019-12-10 00:17:30,2019-12-10 09:04:30,stages,1,83.0,7.816666666666666,90,6.291666666666667,9.075,8.783333333333333,67.0
p10,2019-12-22,25107493158,2019-12-22 01:00:00,2019-12-22 10:02:00,stages,1,77.0,7.85,89,7.0,10.033333333333333,9.033333333333333,68.0
p10,2020-02-28,26105749295,2020-02-27 22:12:00,2020-02-28 07:18:00,stages,1,73.0,7.95,88,4.2,7.3,9.1,65.0
p10,2019-12-15,25014537807,2019-12-14 23:33:30,2019-12-15 08:26:00,stages,1,75.0,7.983333333333333,92,5.558333333333334,8.433333333333334,8.866666666666667,69.0
p10,2020-01-25,25595121009,2020-01-25 00:37:30,2020-01-25 09:49:30,stages,1,74.0,8.0,88,6.625,9.825,9.2,68.0
p10,2020-02-07,25800543785,2020-02-06 22:42:00,2020-02-07 07:43:30,stages,1,82.0,8.016666666666667,94,4.7,7.725,9.016666666666667,65.0
p10,2019-12-13,24994186376,2019-12-12 23:48:00,2019-12-13 08:58:00,stages,1,82.0,8.05,86,5.8,8.966666666666667,9.166666666666666,67.0
p10,2020-02-04,25751043192,2020-02-03 22:38:00,2020-02-04 07:37:30,stages,1,88.0,8.1,95,4.633333333333334,7.625,8.983333333333333,65.0
p10,2020-02-01,25711100944,2020-02-01 01:00:30,2020-02-01 09:53:30,stages,1,85.0,8.1,91,7.008333333333334,9.891666666666667,8.883333333333333,65.0
p10,2020-02-22,26029566309,2020-02-22 01:39:30,2020-02-22 10:39:30,stages,1,83.0,8.116666666666667,94,7.658333333333333,10.658333333333333,9.0,64.0
p10,2020-01-14,25430944573,2020-01-13 23:45:00,2020-01-14 08:49:30,stages,1,88.0,8.2,91,5.75,8.825,9.066666666666666,69.0
p10,2020-02-20,25982248943,2020-02-19 23:44:30,2020-02-20 08:56:00,stages,1,84.0,8.216666666666667,91,5.741666666666666,8.933333333333334,9.183333333333334,65.0
p10,2020-02-02,25726434349,2020-02-02 01:42:00,2020-02-02 10:45:30,stages,1,84.0,8.283333333333333,93,7.7,10.758333333333333,9.05,64.0
p10,2019-11-21,24719901259,2019-11-20 22:54:30,2019-11-21 08:05:30,stages,1,86.0,8.283333333333333,94,4.908333333333333,8.091666666666667,9.183333333333334,69.0
p10,2019-12-14,25005125214,2019-12-14 00:26:30,2019-12-14 10:10:30,stages,1,73.0,8.283333333333333,87,6.441666666666666,10.175,9.733333333333333,67.0
p10,2019-12-05,24897723331,2019-12-04 23:29:30,2019-12-05 08:42:30,stages,2,83.0,8.3,92,5.491666666666666,8.708333333333334,9.216666666666667,66.0
p10,2020-02-18,25948224943,2020-02-17 22:48:00,2020-02-18 08:15:30,stages,1,84.0,8.416666666666666,89,4.8,8.258333333333333,9.45,67.0
p10,2019-11-19,24690330469,2019-11-18 22:00:30,2019-11-19 07:38:00,stages,1,79.0,8.416666666666666,93,4.008333333333334,7.633333333333334,9.616666666666667,64.0
p10,2019-11-08,24581798172,2019-11-07 22:29:30,2019-11-08 08:07:30,stages,1,,8.533333333333333,93,4.491666666666666,8.125,9.633333333333333,
p10,2019-11-16,24654870171,2019-11-15 23:50:00,2019-11-16 09:36:00,stages,1,84.0,8.6,91,5.833333333333333,9.6,9.766666666666667,64.0
p10,2020-01-02,25242601312,2020-01-02 00:03:00,2020-01-02 09:53:00,stages,1,87.0,8.833333333333334,93,6.05,9.883333333333333,9.833333333333334,69.0
p10,2019-12-24,25141514835,2019-12-24 00:32:00,2019-12-24 10:20:00,stages,1,87.0,8.9,94,6.533333333333333,10.333333333333334,9.8,68.0
p10,2020-02-16,25923394989,2020-02-16 01:13:00,2020-02-16 11:05:30,stages,1,85.0,8.95,93,7.216666666666667,11.091666666666667,9.866666666666667,70.0
p10,2019-11-24,24762331591,2019-11-24 00:43:00,2019-11-24 11:09:30,stages,1,86.0,9.216666666666667,93,6.716666666666667,11.158333333333333,10.433333333333334,70.0
p10,2019-12-30,25201518679,2019-12-30 00:46:30,2019-12-30 11:21:30,stages,1,82.0,9.35,88,6.775,11.358333333333333,10.583333333333334,68.0
p10,2019-12-31,25216525429,2019-12-31 00:04:00,2019-12-31 10:49:30,stages,1,84.0,9.816666666666666,92,6.066666666666666,10.825,10.75,69.0
p10,2019-12-07,24920722571,2019-12-07 00:46:30,2019-12-07 12:17:30,stages,1,86.0,10.283333333333333,95,6.775,12.291666666666666,11.516666666666667,71.0
p10,2019-11-30,24832234105,2019-11-30 01:29:30,2019-11-30 14:12:30,stages,1,70.0,10.333333333333334,87,7.491666666666666,14.208333333333334,12.716666666666667,68.0
p10,2019-12-16,25029014472,2019-12-15 23:08:30,2019-12-16 11:52:00,stages,1,73.0,10.516666666666667,93,5.141666666666667,11.866666666666667,12.716666666666667,71.0
p10,2020-01-01,25242601311,2020-01-01 00:37:00,2020-01-01 13:45:00,stages,1,68.0,10.7,88,6.616666666666666,13.75,13.133333333333333,69.0
p11,2019-12-14,25001848975,2019-12-14 00:54:30,2019-12-14 05:47:30,stages,1,65.0,4.333333333333333,97,6.908333333333333,5.791666666666667,4.883333333333334,66.0
p11,2020-01-04,25276983638,2020-01-04 00:32:30,2020-01-04 05:44:00,stages,1,59.0,4.6,93,6.541666666666667,5.733333333333333,5.183333333333334,65.0
p11,2019-11-17,24666109427,2019-11-17 03:53:30,2019-11-17 09:26:00,stages,1,62.0,4.983333333333333,91,9.891666666666667,9.433333333333334,5.533333333333333,64.0
p11,2020-02-03,25735834986,2020-02-02 22:35:00,2020-02-03 04:54:30,stages,1,72.0,5.683333333333334,96,4.583333333333333,4.908333333333333,6.316666666666666,62.0
p11,2020-01-24,25580024550,2020-01-24 00:03:00,2020-01-24 06:20:30,stages,1,69.0,5.816666666666666,98,6.05,6.341666666666667,6.283333333333333,65.0
p11,2019-12-13,24999959384,2019-12-13 03:48:30,2019-12-13 10:40:30,stages,1,63.0,5.916666666666667,95,9.808333333333334,10.675,6.866666666666666,64.0
p11,2020-02-12,25868325463,2020-02-12 00:04:00,2020-02-12 06:41:30,stages,1,73.0,6.0,96,6.066666666666666,6.691666666666666,6.616666666666666,63.0
p11,2020-02-14,25894760505,2020-02-13 23:27:00,2020-02-14 06:10:00,stages,1,73.0,6.033333333333333,98,5.45,6.166666666666667,6.716666666666667,61.0
p11,2019-11-22,24739164427,2019-11-22 00:16:30,2019-11-22 07:14:30,stages,1,62.0,6.05,94,6.275,7.241666666666666,6.966666666666667,66.0
p11,2020-03-08,26231546955,2020-03-08 01:13:00,2020-03-08 07:58:00,stages,1,73.0,6.1,99,7.216666666666667,7.966666666666667,6.75,68.0
p11,2020-02-21,26001861569,2020-02-20 23:54:30,2020-02-21 07:07:30,stages,1,70.0,6.15,94,5.908333333333333,7.125,7.216666666666667,63.0
p11,2020-01-31,25698237534,2020-01-31 00:03:30,2020-01-31 07:20:30,stages,1,66.0,6.183333333333334,97,6.058333333333334,7.341666666666667,7.283333333333333,63.0
p11,2019-12-04,24885493209,2019-12-03 23:08:00,2019-12-04 05:59:00,stages,1,68.0,6.183333333333334,98,5.133333333333334,5.983333333333333,6.85,62.0
p11,2019-11-18,24674853574,2019-11-17 22:47:30,2019-11-18 05:59:30,stages,1,73.0,6.216666666666667,98,4.791666666666667,5.991666666666666,7.2,69.0
p11,2019-12-02,24851111930,2019-12-01 23:07:00,2019-12-02 06:12:00,stages,1,69.0,6.216666666666667,95,5.116666666666666,6.2,7.083333333333333,63.0
p11,2020-01-13,25412591575,2020-01-12 23:06:00,2020-01-13 06:14:30,stages,1,70.0,6.233333333333333,95,5.1,6.241666666666666,7.133333333333334,65.0
p11,2020-02-20,25984676362,2020-02-20 00:09:30,2020-02-20 06:58:30,stages,1,73.0,6.25,97,6.158333333333333,6.975,6.816666666666666,62.0
p11,2019-11-25,24772191508,2019-11-25 00:07:00,2019-11-25 06:59:00,stages,1,72.0,6.266666666666667,96,6.116666666666666,6.983333333333333,6.866666666666666,65.0
p11,2020-02-11,25852874151,2020-02-11 01:05:00,2020-02-11 07:59:30,stages,1,72.0,6.266666666666667,95,7.083333333333333,7.991666666666666,6.9,63.0
p11,2019-12-06,24909279992,2019-12-06 00:43:00,2019-12-06 07:47:30,stages,1,68.0,6.283333333333333,97,6.716666666666667,7.791666666666667,7.066666666666666,65.0
p11,2020-03-04,26173389699,2020-03-03 23:42:00,2020-03-04 07:04:30,stages,1,66.0,6.316666666666666,95,5.7,7.075,7.366666666666666,63.0
p11,2020-01-20,25517495946,2020-01-19 23:00:00,2020-01-20 05:59:00,stages,1,75.0,6.316666666666666,95,5.0,5.983333333333333,6.983333333333333,64.0
p11,2019-12-18,25056011257,2019-12-17 23:50:30,2019-12-18 07:01:30,stages,1,72.0,6.316666666666666,98,5.841666666666667,7.025,7.183333333333334,63.0
p11,2019-11-19,24688773695,2019-11-18 22:47:30,2019-11-19 06:03:30,stages,1,73.0,6.35,98,4.791666666666667,6.058333333333334,7.266666666666667,66.0
p11,2019-11-20,24706371068,2019-11-19 23:01:30,2019-11-20 05:59:00,stages,1,75.0,6.366666666666666,96,5.025,5.983333333333333,6.95,65.0
p11,2019-11-29,24817735470,2019-11-28 22:40:30,2019-11-29 05:59:00,stages,1,73.0,6.383333333333334,99,4.675,5.983333333333333,7.3,65.0
p11,2019-11-27,24796295655,2019-11-26 22:54:00,2019-11-27 06:00:00,stages,1,71.0,6.416666666666667,96,4.9,6.0,7.1,64.0
p11,2020-01-03,25258537618,2020-01-03 01:52:30,2020-01-03 09:09:00,stages,1,68.0,6.433333333333334,94,7.875,9.15,7.266666666666667,64.0
p11,2020-02-09,25828087882,2020-02-09 03:58:30,2020-02-09 11:09:00,stages,1,69.0,6.433333333333334,91,9.975,11.15,7.166666666666667,62.0
p11,2019-12-16,25024744548,2019-12-15 23:43:30,2019-12-16 06:59:00,stages,1,76.0,6.45,99,5.725,6.983333333333333,7.25,65.0
p11,2019-12-15,25015756692,2019-12-15 03:16:30,2019-12-15 10:17:00,stages,1,69.0,6.466666666666667,96,9.275,10.283333333333333,7.0,63.0
p11,2020-01-01,25228484040,2020-01-01 02:52:30,2020-01-01 10:21:30,stages,1,65.0,6.466666666666667,87,8.875,10.358333333333333,7.483333333333333,60.0
p11,2019-12-05,24900304785,2019-12-04 23:19:00,2019-12-05 06:27:30,stages,1,75.0,6.5,99,5.316666666666666,6.458333333333333,7.133333333333334,64.0
p11,2019-11-28,24807197307,2019-11-27 23:01:30,2019-11-28 06:06:30,stages,1,76.0,6.516666666666667,97,5.025,6.108333333333333,7.083333333333333,66.0
p11,2019-12-23,25117569601,2019-12-23 01:42:00,2019-12-23 09:09:00,stages,1,75.0,6.516666666666667,97,7.7,9.15,7.45,65.0
p11,2019-12-17,25038875578,2019-12-17 00:30:30,2019-12-17 07:58:30,stages,1,66.0,6.516666666666667,90,6.508333333333334,7.975,7.466666666666667,63.0
p11,2020-01-08,25335244267,2020-01-07 22:58:30,2020-01-08 06:15:30,stages,1,69.0,6.533333333333333,96,4.975,6.258333333333334,7.283333333333333,63.0
p11,2019-12-03,24862237228,2019-12-02 23:13:00,2019-12-03 06:38:30,stages,1,73.0,6.533333333333333,99,5.216666666666667,6.641666666666667,7.416666666666667,62.0
p11,2020-02-08,25814157525,2020-02-08 00:02:30,2020-02-08 07:22:00,stages,2,76.0,6.533333333333333,96,6.041666666666667,7.366666666666666,7.316666666666666,62.0
p11,2020-01-07,25313796043,2020-01-06 22:54:00,2020-01-07 06:18:30,stages,1,70.0,6.533333333333333,97,4.9,6.308333333333334,7.4,62.0
p11,2020-01-27,25618590276,2020-01-26 22:49:30,2020-01-27 06:21:30,stages,1,68.0,6.583333333333333,98,4.825,6.358333333333333,7.533333333333333,66.0
p11,2020-02-26,26074332853,2020-02-25 23:19:30,2020-02-26 06:59:00,stages,1,80.0,6.583333333333333,99,5.325,6.983333333333333,7.65,63.0
p11,2020-01-25,25593040521,2020-01-25 01:04:00,2020-01-25 08:27:00,stages,1,74.0,6.683333333333334,92,7.066666666666666,8.45,7.383333333333334,66.0
p11,2020-03-12,26292008416,2020-03-11 23:27:30,2020-03-12 06:57:00,stages,1,76.0,6.716666666666667,98,5.458333333333333,6.95,7.483333333333333,63.0
p11,2020-03-11,26276937936,2020-03-10 23:05:30,2020-03-11 07:01:00,stages,1,76.0,6.75,97,5.091666666666667,7.016666666666667,7.916666666666667,64.0
p11,2020-03-09,26244694896,2020-03-08 22:35:30,2020-03-09 06:16:00,stages,2,77.0,6.75,96,4.591666666666667,6.266666666666667,7.666666666666667,67.0
p11,2020-01-16,25461092965,2020-01-15 22:47:30,2020-01-16 06:24:00,stages,1,68.0,6.75,93,4.791666666666667,6.4,7.6,62.0
p11,2020-03-01,26131732239,2020-03-01 00:14:30,2020-03-01 07:49:30,stages,1,76.0,6.783333333333333,96,6.241666666666666,7.825,7.583333333333333,61.0
p11,2019-12-11,24969111459,2019-12-10 22:31:30,2019-12-11 06:02:30,stages,1,75.0,6.8,98,4.525,6.041666666666667,7.516666666666667,61.0
p11,2020-02-02,25724765343,2020-02-02 01:30:30,2020-02-02 09:06:30,stages,1,77.0,6.816666666666666,96,7.508333333333334,9.108333333333333,7.6,61.0
p11,2020-03-05,26191002755,2020-03-04 23:23:00,2020-03-05 07:08:00,stages,1,75.0,6.816666666666666,98,5.383333333333334,7.133333333333334,7.75,65.0
p11,2019-12-09,24940521318,2019-12-08 22:44:00,2019-12-09 06:50:30,stages,1,68.0,6.816666666666666,95,4.733333333333333,6.841666666666667,8.1,63.0
p11,2019-12-21,25095277460,2019-12-21 01:04:00,2019-12-21 08:26:30,stages,1,77.0,6.916666666666667,99,7.066666666666666,8.441666666666666,7.366666666666666,65.0
p11,2020-02-24,26043159941,2020-02-23 22:52:30,2020-02-24 06:41:00,stages,1,76.0,6.933333333333334,96,4.875,6.683333333333334,7.8,63.0
p11,2019-11-23,24749800244,2019-11-23 00:52:00,2019-11-23 08:39:30,stages,1,74.0,6.933333333333334,97,6.866666666666666,8.658333333333333,7.783333333333333,68.0
p11,2020-02-22,26015817417,2020-02-22 00:52:00,2020-02-22 08:47:00,stages,1,80.0,6.966666666666667,96,6.866666666666666,8.783333333333333,7.916666666666667,62.0
p11,2020-03-02,26144396447,2020-03-01 22:37:30,2020-03-02 06:20:30,stages,1,72.0,7.016666666666667,96,4.625,6.341666666666667,7.716666666666667,61.0
p11,2020-02-10,25840144838,2020-02-09 23:51:00,2020-02-10 07:55:30,stages,1,75.0,7.033333333333333,95,5.85,7.925,8.066666666666666,64.0
p11,2020-02-05,25766882201,2020-02-04 23:29:00,2020-02-05 07:27:30,stages,1,78.0,7.033333333333333,99,5.483333333333333,7.458333333333333,7.966666666666667,62.0
p11,2019-12-24,25131194962,2019-12-24 00:48:30,2019-12-24 08:48:30,stages,1,79.0,7.05,98,6.808333333333334,8.808333333333334,8.0,64.0
p11,2019-12-10,24954740208,2019-12-09 22:43:30,2019-12-10 06:52:00,stages,2,76.0,7.05,97,4.725,6.866666666666666,8.133333333333333,62.0
p11,2020-01-30,25675166536,2020-01-29 23:06:00,2020-01-30 07:06:00,stages,1,79.0,7.083333333333333,96,5.1,7.1,8.0,64.0
p11,2020-01-29,25655886134,2020-01-28 23:03:00,2020-01-29 07:10:30,stages,1,78.0,7.116666666666666,97,5.05,7.175,8.116666666666667,65.0
p11,2020-01-06,25296278253,2020-01-05 22:37:00,2020-01-06 06:28:30,stages,1,80.0,7.133333333333334,98,4.616666666666666,6.475,7.85,65.0
p11,2020-01-15,25446926167,2020-01-14 23:20:00,2020-01-15 07:18:30,stages,1,81.0,7.15,94,5.333333333333333,7.308333333333334,7.966666666666667,63.0
p11,2020-03-06,26205977360,2020-03-06 00:02:00,2020-03-06 07:58:00,stages,1,73.0,7.166666666666667,95,6.033333333333333,7.966666666666667,7.933333333333334,66.0
p11,2020-01-17,25481231622,2020-01-16 23:09:30,2020-01-17 07:08:30,stages,1,78.0,7.2,99,5.158333333333333,7.141666666666667,7.983333333333333,63.0
p11,2019-12-25,25139446188,2019-12-25 01:39:00,2019-12-25 09:39:00,stages,1,83.0,7.2,99,7.65,9.65,8.0,61.0
p11,2020-01-14,25431776434,2020-01-13 22:56:00,2020-01-14 06:51:30,stages,1,83.0,7.216666666666667,97,4.933333333333334,6.858333333333333,7.916666666666667,64.0
p11,2019-12-28,25174032700,2019-12-27 23:32:00,2019-12-28 08:00:00,stages,1,77.0,7.25,97,5.533333333333333,8.0,8.466666666666667,58.0
p11,2020-02-25,26058492023,2020-02-24 22:34:00,2020-02-25 06:57:30,stages,1,73.0,7.283333333333333,95,4.566666666666666,6.958333333333333,8.383333333333333,63.0
p11,2019-11-21,24717409112,2019-11-20 22:30:30,2019-11-21 06:35:30,stages,1,72.0,7.3,98,4.508333333333334,6.591666666666667,8.083333333333334,64.0
p11,2019-12-26,25150122347,2019-12-26 00:50:30,2019-12-26 08:45:00,stages,1,81.0,7.316666666666666,99,6.841666666666667,8.75,7.9,60.0
p11,2020-02-06,25781152853,2020-02-05 22:22:30,2020-02-06 06:57:00,stages,1,73.0,7.333333333333333,98,4.375,6.95,8.566666666666666,62.0
p11,2020-02-13,25878929427,2020-02-12 23:08:30,2020-02-13 07:34:30,stages,1,76.0,7.35,98,5.141666666666667,7.575,8.433333333333334,62.0
p11,2020-01-26,25606373712,2020-01-26 00:28:00,2020-01-26 08:49:30,stages,1,74.0,7.35,96,6.466666666666667,8.825,8.35,66.0
p11,2020-01-09,25360197578,2020-01-08 22:40:30,2020-01-09 06:58:00,stages,2,78.0,7.366666666666666,97,4.675,6.966666666666667,8.283333333333333,65.0
p11,2019-12-29,25228484037,2019-12-29 00:23:00,2019-12-29 08:21:00,stages,1,75.0,7.366666666666666,100,6.383333333333334,8.35,7.966666666666667,57.0
p11,2020-01-21,25531409402,2020-01-20 22:44:00,2020-01-21 06:46:30,stages,1,75.0,7.4,96,4.733333333333333,6.775,8.033333333333333,62.0
p11,2020-01-11,25387894831,2020-01-11 00:59:00,2020-01-11 09:04:30,stages,1,72.0,7.416666666666667,98,6.983333333333333,9.075,8.083333333333334,65.0
p11,2020-02-19,25964306599,2020-02-18 22:30:30,2020-02-19 06:44:30,stages,1,79.0,7.466666666666667,98,4.508333333333334,6.741666666666666,8.233333333333333,62.0
p11,2019-12-30,25228484038,2019-12-29 23:42:00,2019-12-30 07:59:00,stages,1,78.0,7.5,97,5.7,7.983333333333333,8.283333333333333,58.0
p11,2020-01-02,25239569708,2020-01-01 22:40:00,2020-01-02 07:00:00,stages,1,75.0,7.533333333333333,98,4.666666666666667,7.0,8.333333333333334,64.0
p11,2020-03-13,26309796010,2020-03-13 00:22:30,2020-03-13 08:42:30,stages,1,83.0,7.533333333333333,99,6.375,8.708333333333334,8.333333333333334,65.0
p11,2020-03-10,26261003718,2020-03-09 22:13:30,2020-03-10 06:38:00,stages,1,86.0,7.566666666666666,95,4.225,6.633333333333334,8.4,65.0
p11,2020-02-15,25906589254,2020-02-14 23:39:00,2020-02-15 07:54:30,stages,1,82.0,7.566666666666666,97,5.65,7.908333333333333,8.25,62.0
p11,2020-01-18,25492669061,2020-01-17 23:50:00,2020-01-18 08:18:30,stages,1,78.0,7.616666666666666,94,5.833333333333333,8.308333333333334,8.466666666666667,64.0
p11,2020-02-17,25935947160,2020-02-16 22:27:30,2020-02-17 07:14:00,stages,1,79.0,7.616666666666666,96,4.458333333333333,7.233333333333333,8.766666666666667,64.0
p11,2019-12-01,24840607391,2019-11-30 23:43:30,2019-12-01 08:16:30,stages,1,78.0,7.716666666666667,98,5.725,8.275,8.55,64.0
p11,2019-11-26,24786338894,2019-11-25 22:40:00,2019-11-26 07:11:00,stages,1,84.0,7.733333333333333,97,4.666666666666667,7.183333333333334,8.516666666666667,66.0
p11,2020-01-10,25372601970,2020-01-09 22:42:30,2020-01-10 06:59:00,stages,1,81.0,7.75,98,4.708333333333333,6.983333333333333,8.266666666666667,65.0
p11,2019-12-19,25069600658,2019-12-18 23:30:00,2019-12-19 08:20:00,stages,1,73.0,7.75,97,5.5,8.333333333333334,8.833333333333334,63.0
p11,2019-12-12,24979167566,2019-12-12 00:03:30,2019-12-12 08:30:30,stages,1,79.0,7.833333333333333,97,6.058333333333334,8.508333333333333,8.45,63.0
p11,2020-02-07,25800039119,2020-02-06 23:51:30,2020-02-07 08:33:30,stages,1,77.0,7.916666666666667,95,5.858333333333333,8.558333333333334,8.7,61.0
p11,2020-01-22,25548960636,2020-01-21 22:48:30,2020-01-22 07:36:30,stages,1,78.0,7.916666666666667,96,4.808333333333334,7.608333333333333,8.8,63.0
p11,2020-03-07,26219514875,2020-03-06 23:28:30,2020-03-07 08:30:00,stages,1,78.0,7.966666666666667,94,5.475,8.5,9.016666666666667,67.0
p11,2020-02-18,25947240267,2020-02-17 22:07:30,2020-02-18 06:52:30,stages,1,84.0,7.966666666666667,97,4.125,6.875,8.75,62.0
p11,2019-12-22,25106669191,2019-12-22 00:34:00,2019-12-22 09:39:00,stages,1,70.0,7.983333333333333,94,6.566666666666666,9.65,9.083333333333334,64.0
p11,2020-03-03,26162397819,2020-03-02 22:37:00,2020-03-03 07:27:30,stages,1,85.0,8.0,96,4.616666666666666,7.458333333333333,8.833333333333334,64.0
p11,2020-02-23,26029159963,2020-02-22 23:20:30,2020-02-23 08:18:30,stages,1,81.0,8.033333333333333,94,5.341666666666667,8.308333333333334,8.966666666666667,62.0
p11,2020-02-27,26090605189,2020-02-26 22:32:30,2020-02-27 07:28:00,stages,1,84.0,8.066666666666666,97,4.541666666666667,7.466666666666667,8.916666666666666,63.0
p11,2020-01-05,25283867561,2020-01-05 00:02:00,2020-01-05 09:12:30,stages,1,85.0,8.1,97,6.033333333333333,9.208333333333334,9.166666666666666,67.0
p11,2019-12-27,25161164267,2019-12-26 23:23:30,2019-12-27 08:28:00,stages,1,82.0,8.133333333333333,97,5.391666666666667,8.466666666666667,9.066666666666666,58.0
p11,2019-12-08,24929203359,2019-12-07 23:11:00,2019-12-08 08:30:00,stages,1,81.0,8.216666666666667,94,5.183333333333334,8.5,9.316666666666666,66.0
p11,2020-01-28,25638461424,2020-01-27 22:28:00,2020-01-28 07:36:30,stages,1,84.0,8.233333333333333,96,4.466666666666667,7.608333333333333,9.133333333333333,67.0
p11,2020-01-23,25562806278,2020-01-22 22:35:30,2020-01-23 07:41:30,stages,1,80.0,8.25,97,4.591666666666667,7.691666666666666,9.1,64.0
p11,2019-11-16,24654882530,2019-11-16 00:21:00,2019-11-16 09:38:30,stages,1,80.0,8.283333333333333,97,6.35,9.641666666666667,9.283333333333333,60.0
p11,2019-11-24,24761620975,2019-11-23 23:22:30,2019-11-24 08:58:00,stages,1,83.0,8.383333333333333,99,5.375,8.966666666666667,9.583333333333334,67.0
p11,2019-12-07,24918660646,2019-12-06 22:55:00,2019-12-07 08:41:30,stages,1,79.0,8.416666666666666,97,4.916666666666667,8.691666666666666,9.766666666666667,66.0
p11,2020-02-01,25710818618,2020-02-01 00:11:30,2020-02-01 09:14:30,stages,1,86.0,8.5,98,6.191666666666666,9.241666666666667,9.05,63.0
p11,2019-12-31,25228484039,2019-12-30 23:03:30,2019-12-31 08:41:30,stages,1,79.0,8.516666666666667,94,5.058333333333334,8.691666666666666,9.633333333333333,59.0
p11,2020-02-29,26123762088,2020-02-28 23:21:30,2020-02-29 08:50:30,stages,1,81.0,8.616666666666667,98,5.358333333333333,8.841666666666667,9.483333333333333,62.0
p11,2020-01-12,25409496107,2020-01-11 22:59:00,2020-01-12 08:33:30,stages,1,85.0,8.65,97,4.983333333333333,8.558333333333334,9.566666666666666,67.0
p11,2020-02-28,26107494806,2020-02-28 00:23:30,2020-02-28 10:06:30,stages,1,77.0,8.65,96,6.391666666666667,10.108333333333333,9.716666666666667,61.0
p11,2020-02-16,25935947159,2020-02-15 22:51:30,2020-02-16 08:27:00,stages,1,84.0,8.766666666666667,95,4.858333333333333,8.45,9.583333333333334,64.0
p11,2019-11-30,24828062378,2019-11-29 22:56:30,2019-11-30 09:00:30,stages,1,82.0,8.983333333333333,98,4.941666666666666,9.008333333333333,10.066666666666666,66.0
p11,2020-01-19,25505615007,2020-01-18 23:00:00,2020-01-19 09:01:30,stages,1,86.0,8.983333333333333,97,5.0,9.025,10.016666666666667,65.0
p11,2020-02-04,25751552213,2020-02-03 21:50:00,2020-02-04 07:56:30,stages,1,81.0,9.0,97,3.8333333333333335,7.941666666666666,10.1,63.0
p11,2019-12-20,25084865676,2019-12-20 00:18:30,2019-12-20 10:35:30,stages,1,80.0,9.233333333333333,95,6.308333333333334,10.591666666666667,10.283333333333333,63.0
p12,2020-02-15,25918019688,2020-02-14 21:42:30,2020-02-15 07:44:00,stages,1,85.0,8.916666666666666,89,3.7083333333333335,7.733333333333333,10.016666666666667,61.0
p13,2019-11-13,24616863198,2019-11-13 00:02:00,2019-11-13 05:23:00,stages,1,,4.65,94,6.033333333333333,5.383333333333334,5.35,
p13,2019-12-14,25008407963,2019-12-14 02:14:00,2019-12-14 07:56:30,stages,1,59.0,4.7,92,8.233333333333333,7.941666666666666,5.7,56.0
p13,2019-12-28,25174651283,2019-12-28 02:01:30,2019-12-28 08:54:00,stages,1,56.0,5.383333333333334,92,8.025,8.9,6.866666666666666,57.0
p13,2019-12-15,25020557194,2019-12-15 00:09:00,2019-12-15 06:59:30,stages,1,66.0,5.666666666666667,90,6.15,6.991666666666666,6.833333333333333,58.0
p13,2019-12-11,24975003856,2019-12-10 22:27:30,2019-12-11 04:57:30,stages,1,75.0,5.716666666666667,96,4.458333333333333,4.958333333333333,6.5,54.0
p13,2019-12-10,24952922316,2019-12-10 00:14:30,2019-12-10 06:53:30,stages,1,76.0,5.75,97,6.241666666666666,6.891666666666667,6.65,55.0
p13,2020-01-09,25356292535,2020-01-09 00:53:30,2020-01-09 07:40:30,stages,1,73.0,5.933333333333334,94,6.891666666666667,7.675,6.783333333333333,59.0
p13,2019-11-19,24689120333,2019-11-19 00:39:00,2019-11-19 07:30:00,stages,1,74.0,5.966666666666667,90,6.65,7.5,6.85,58.0
p13,2020-01-06,25297109629,2020-01-05 23:51:30,2020-01-06 06:44:00,stages,1,68.0,5.966666666666667,90,5.858333333333333,6.733333333333333,6.866666666666666,55.0
p13,2020-03-21,26417463185,2020-03-21 00:16:00,2020-03-21 07:43:30,stages,1,71.0,6.0,98,6.266666666666667,7.725,7.45,59.0
p13,2019-11-27,24797723457,2019-11-27 01:50:00,2019-11-27 08:53:00,stages,1,78.0,6.0,92,7.833333333333333,8.883333333333333,7.05,55.0
p13,2019-12-20,25082876763,2019-12-20 00:30:30,2019-12-20 07:26:30,stages,1,72.0,6.033333333333333,93,6.508333333333334,7.441666666666666,6.933333333333334,60.0
p13,2019-11-26,24786099062,2019-11-26 00:44:30,2019-11-26 07:46:00,stages,2,81.0,6.183333333333334,93,6.741666666666666,7.766666666666667,7.016666666666667,57.0
p13,2020-01-27,25622340379,2020-01-27 01:52:00,2020-01-27 08:47:30,stages,1,78.0,6.216666666666667,95,7.866666666666666,8.791666666666666,6.916666666666667,57.0
p13,2019-11-24,24760294583,2019-11-24 01:00:30,2019-11-24 08:27:30,stages,1,69.0,6.25,91,7.008333333333334,8.458333333333334,7.45,60.0
p13,2019-11-22,24738544501,2019-11-21 23:52:00,2019-11-22 07:08:00,stages,1,70.0,6.3,89,5.866666666666666,7.133333333333334,7.266666666666667,60.0
p13,2019-11-18,24678098844,2019-11-18 00:18:00,2019-11-18 07:22:30,stages,1,80.0,6.416666666666667,95,6.3,7.375,7.066666666666666,59.0
p13,2019-11-21,24718952889,2019-11-20 23:58:30,2019-11-21 07:25:00,stages,1,69.0,6.416666666666667,91,5.975,7.416666666666667,7.433333333333334,58.0
p13,2020-01-03,25258045367,2020-01-03 00:05:30,2020-01-03 07:57:00,stages,1,69.0,6.516666666666667,95,6.091666666666667,7.95,7.85,54.0
p13,2019-11-23,24750212382,2019-11-23 00:39:00,2019-11-23 08:03:00,stages,1,80.0,6.6,96,6.65,8.05,7.4,59.0
p13,2019-11-16,24653518172,2019-11-16 00:47:00,2019-11-16 08:39:30,stages,1,65.0,6.616666666666666,89,6.783333333333333,8.658333333333333,7.866666666666666,55.0
p13,2020-01-10,25373713975,2020-01-10 00:07:30,2020-01-10 07:48:00,stages,1,79.0,6.75,95,6.125,7.8,7.666666666666667,61.0
p13,2019-11-29,24818331202,2019-11-28 23:15:00,2019-11-29 06:56:30,stages,1,79.0,6.833333333333333,92,5.25,6.941666666666666,7.683333333333334,55.0
p13,2020-01-07,25314168589,2020-01-06 23:58:00,2020-01-07 07:53:00,stages,1,75.0,6.85,93,5.966666666666667,7.883333333333334,7.916666666666667,59.0
p13,2020-01-02,25247750945,2020-01-02 00:29:00,2020-01-02 08:28:00,stages,1,77.0,6.866666666666666,95,6.483333333333333,8.466666666666667,7.983333333333333,56.0
p13,2019-12-13,24994360941,2019-12-12 22:55:00,2019-12-13 06:55:00,stages,1,68.0,6.883333333333334,92,4.916666666666667,6.916666666666667,8.0,55.0
p13,2019-11-28,24808719036,2019-11-28 01:35:00,2019-11-28 09:26:30,stages,1,76.0,6.95,97,7.583333333333333,9.441666666666666,7.85,54.0
p13,2019-12-12,24985361086,2019-12-11 22:41:00,2019-12-12 06:59:30,stages,1,66.0,6.95,96,4.683333333333334,6.991666666666666,8.3,53.0
p13,2020-01-08,25335648458,2020-01-07 23:44:30,2020-01-08 07:44:30,stages,1,84.0,7.016666666666667,91,5.741666666666666,7.741666666666666,8.0,61.0
p13,2019-11-14,24630309789,2019-11-13 23:16:00,2019-11-14 07:33:30,stages,1,,7.033333333333333,93,5.266666666666667,7.558333333333334,8.283333333333333,
p13,2019-11-25,24771569817,2019-11-24 23:23:00,2019-11-25 07:28:30,stages,1,84.0,7.1,93,5.383333333333334,7.475,8.083333333333334,59.0
p13,2019-11-12,24602585329,2019-11-11 23:30:00,2019-11-12 07:30:00,classic,1,,7.183333333333334,92,5.5,7.5,8.0,
p13,2020-01-11,25387880450,2020-01-11 02:18:00,2020-01-11 10:15:00,stages,1,83.0,7.2,97,8.3,10.25,7.95,59.0
p13,2019-11-20,24703446338,2019-11-19 23:25:00,2019-11-20 07:38:30,stages,1,86.0,7.316666666666666,95,5.416666666666667,7.641666666666667,8.216666666666667,59.0
p13,2020-01-28,25638105669,2020-01-28 00:08:00,2020-01-28 08:25:30,stages,1,84.0,7.35,95,6.133333333333334,8.425,8.283333333333333,57.0
p13,2019-11-15,24642349055,2019-11-14 23:18:00,2019-11-15 07:46:00,stages,1,85.0,7.433333333333334,93,5.3,7.766666666666667,8.466666666666667,57.0
p13,2020-01-05,25297109628,2020-01-05 01:31:30,2020-01-05 10:02:00,stages,1,75.0,7.45,92,7.525,10.033333333333333,8.5,55.0
p13,2020-01-25,25595907550,2020-01-25 01:25:00,2020-01-25 09:47:00,stages,2,83.0,7.466666666666667,94,7.416666666666667,9.783333333333333,8.366666666666667,60.0
p13,2020-01-30,25678154361,2020-01-30 00:21:30,2020-01-30 09:05:30,stages,1,77.0,7.533333333333333,94,6.358333333333333,9.091666666666667,8.733333333333333,54.0
p13,2020-01-26,25608548545,2020-01-26 01:27:30,2020-01-26 09:55:00,stages,1,84.0,7.583333333333333,94,7.458333333333333,9.916666666666666,8.45,59.0
p13,2019-12-21,25095092989,2019-12-21 01:10:30,2019-12-21 09:46:00,stages,1,81.0,7.783333333333333,96,7.175,9.766666666666667,8.583333333333334,60.0
p13,2019-11-17,24665315583,2019-11-17 00:21:00,2019-11-17 09:30:30,stages,1,76.0,7.883333333333334,92,6.35,9.508333333333333,9.15,58.0
p13,2019-12-27,25163263748,2019-12-27 02:25:00,2019-12-27 11:31:30,stages,1,80.0,7.9,89,8.416666666666666,11.525,9.1,56.0
p13,2020-01-29,25654796106,2020-01-28 23:26:30,2020-01-29 08:51:00,stages,1,85.0,8.0,96,5.441666666666666,8.85,9.4,56.0
p13,2019-12-23,25133795812,2019-12-23 00:44:00,2019-12-23 09:51:30,stages,1,89.0,8.05,96,6.733333333333333,9.858333333333333,9.116666666666667,59.0
p13,2019-12-19,25069493594,2019-12-19 01:22:00,2019-12-19 10:51:00,stages,1,78.0,8.2,88,7.366666666666666,10.85,9.483333333333333,57.0
p13,2019-11-30,24829297328,2019-11-29 23:51:00,2019-11-30 09:07:00,stages,1,88.0,8.266666666666667,93,5.85,9.116666666666667,9.266666666666667,55.0
p13,2019-12-22,25133795811,2019-12-22 01:15:00,2019-12-22 11:02:30,stages,1,88.0,8.516666666666667,97,7.25,11.041666666666666,9.783333333333333,59.0
p13,2019-12-29,25247750944,2019-12-28 23:39:30,2019-12-29 11:01:30,stages,1,87.0,10.166666666666666,96,5.658333333333333,11.025,11.366666666666667,56.0
p13,2019-12-18,25055758567,2019-12-17 22:12:00,2019-12-18 09:38:30,stages,1,92.0,10.3,95,4.2,9.641666666666667,11.433333333333334,59.0
p14,2020-02-05,25761608355,2020-02-04 22:02:00,2020-02-05 00:45:00,classic,1,,2.4,89,4.033333333333333,0.75,2.716666666666667,
p14,2020-02-10,25837605038,2020-02-10 02:24:00,2020-02-10 05:15:30,classic,1,,2.65,96,8.4,5.258333333333334,2.85,
p14,2020-02-18,25945921224,2020-02-17 21:23:30,2020-02-18 01:12:30,stages,1,62.0,3.2,95,3.3916666666666666,1.2083333333333333,3.816666666666667,63.0
p14,2019-12-14,25001883842,2019-12-13 23:52:00,2019-12-14 03:32:30,stages,1,73.0,3.3333333333333335,95,5.866666666666666,3.5416666666666665,3.6666666666666665,65.0
p14,2020-04-01,26549937513,2020-03-31 19:49:00,2020-04-01 00:09:00,stages,1,,3.5,94,1.8166666666666667,0.15,4.333333333333333,
p14,2020-01-30,25667905078,2020-01-29 19:51:00,2020-01-30 00:14:30,stages,1,48.0,3.533333333333333,88,1.85,0.24166666666666667,4.383333333333334,67.0
p14,2020-01-29,25647727161,2020-01-28 19:40:00,2020-01-29 00:25:00,stages,1,35.0,3.533333333333333,69,1.6666666666666667,0.4166666666666667,4.75,65.0
p14,2020-03-20,26402848730,2020-03-19 21:06:30,2020-03-20 01:26:30,stages,1,56.0,3.55,89,3.1083333333333334,1.4416666666666667,4.333333333333333,60.0
p14,2019-12-16,25070769292,2019-12-16 01:25:30,2019-12-16 06:02:30,stages,1,64.0,3.85,95,7.425,6.041666666666667,4.616666666666666,65.0
p14,2020-01-03,25258260678,2020-01-03 01:22:00,2020-01-03 06:27:30,stages,1,66.0,4.583333333333333,97,7.366666666666666,6.458333333333333,5.083333333333333,73.0
p14,2020-03-30,26543161791,2020-03-29 22:44:00,2020-03-30 04:17:30,stages,1,68.0,4.816666666666666,95,4.733333333333333,4.291666666666667,5.55,61.0
p14,2020-03-11,26276246371,2020-03-11 01:07:00,2020-03-11 07:01:30,stages,1,62.0,4.833333333333333,99,7.116666666666666,7.025,5.9,61.0
p14,2020-01-01,25233340851,2020-01-01 04:27:00,2020-01-01 10:13:00,stages,1,66.0,4.95,98,10.45,10.216666666666667,5.766666666666667,73.0
p14,2020-02-20,25981498203,2020-02-19 22:17:30,2020-02-20 04:17:00,stages,1,72.0,5.1,95,4.291666666666667,4.283333333333333,5.983333333333333,62.0
p14,2020-01-23,25582114369,2020-01-22 23:16:30,2020-01-23 05:35:00,stages,1,60.0,5.166666666666667,92,5.275,5.583333333333333,6.3,63.0
p14,2020-02-13,25877530632,2020-02-12 21:19:30,2020-02-13 03:16:00,stages,1,72.0,5.283333333333333,97,3.325,3.2666666666666666,5.933333333333334,64.0
p14,2020-01-02,25240162379,2020-01-02 00:40:00,2020-01-02 06:42:30,stages,1,76.0,5.333333333333333,98,6.666666666666667,6.708333333333333,6.033333333333333,75.0
p14,2020-01-22,25582114368,2020-01-21 21:42:30,2020-01-22 04:39:30,stages,1,62.0,5.5,89,3.7083333333333335,4.658333333333333,6.95,63.0
p14,2020-01-13,25419399714,2020-01-12 23:34:00,2020-01-13 05:56:30,stages,1,71.0,5.533333333333333,94,5.566666666666666,5.941666666666666,6.366666666666666,66.0
p14,2020-03-21,26415650961,2020-03-20 20:53:00,2020-03-21 03:20:30,stages,1,73.0,5.566666666666666,98,2.8833333333333333,3.341666666666667,6.45,61.0
p14,2020-03-10,26261905393,2020-03-10 00:44:30,2020-03-10 07:30:30,stages,1,68.0,5.6,95,6.741666666666666,7.508333333333334,6.766666666666667,62.0
p14,2019-12-17,25070769293,2019-12-16 21:18:00,2019-12-17 04:11:00,stages,1,68.0,5.633333333333334,85,3.3,4.183333333333334,6.883333333333334,65.0
p14,2020-03-19,26387104248,2020-03-18 22:45:00,2020-03-19 05:30:00,stages,1,71.0,5.65,95,4.75,5.5,6.75,60.0
p14,2020-03-09,26245157988,2020-03-09 00:20:00,2020-03-09 07:10:00,stages,1,72.0,5.683333333333334,91,6.333333333333333,7.166666666666667,6.833333333333333,63.0
p14,2020-02-07,25797362725,2020-02-06 23:04:00,2020-02-07 06:02:30,stages,1,66.0,5.75,96,5.066666666666666,6.041666666666667,6.966666666666667,64.0
p14,2019-11-25,24773508487,2019-11-25 01:33:00,2019-11-25 08:41:00,stages,1,68.0,5.833333333333333,95,7.55,8.683333333333334,7.133333333333334,62.0
p14,2020-01-09,25357433314,2020-01-09 01:41:00,2020-01-09 08:55:00,stages,1,70.0,5.866666666666666,97,7.683333333333334,8.916666666666666,7.233333333333333,69.0
p14,2020-03-31,26543161792,2020-03-30 21:18:30,2020-03-31 04:15:00,stages,1,,5.916666666666667,98,3.308333333333333,4.25,6.933333333333334,
p14,2019-12-10,24951685695,2019-12-09 21:28:30,2019-12-10 04:47:30,stages,1,61.0,6.0,91,3.475,4.791666666666667,7.316666666666666,66.0
p14,2020-01-16,25459957751,2020-01-15 21:42:30,2020-01-16 05:00:30,stages,1,68.0,6.016666666666667,92,3.7083333333333335,5.008333333333334,7.3,65.0
p14,2019-12-03,24861414185,2019-12-02 20:44:00,2019-12-03 04:07:30,stages,1,57.0,6.016666666666667,80,2.7333333333333334,4.125,7.383333333333334,64.0
p14,2019-12-04,24884861895,2019-12-03 21:59:30,2019-12-04 06:15:30,stages,1,51.0,6.133333333333334,82,3.9916666666666667,6.258333333333334,8.266666666666667,66.0
p14,2020-01-20,25517299693,2020-01-19 21:30:30,2020-01-20 04:44:00,stages,1,72.0,6.2,92,3.5083333333333333,4.733333333333333,7.216666666666667,65.0
p14,2019-12-08,24930891613,2019-12-07 23:47:00,2019-12-08 07:02:30,stages,1,79.0,6.266666666666667,93,5.783333333333333,7.041666666666667,7.25,67.0
p14,2020-03-28,26543161789,2020-03-27 21:16:30,2020-03-28 04:15:30,stages,1,75.0,6.283333333333333,98,3.275,4.258333333333334,6.983333333333333,62.0
p14,2019-12-30,25200635456,2019-12-30 00:24:00,2019-12-30 07:29:30,stages,1,70.0,6.333333333333333,98,6.4,7.491666666666666,7.083333333333333,68.0
p14,2019-12-31,25219356587,2019-12-31 01:39:30,2019-12-31 09:02:00,stages,1,72.0,6.416666666666667,99,7.658333333333333,9.033333333333333,7.366666666666666,70.0
p14,2019-11-27,24796190773,2019-11-26 22:21:00,2019-11-27 06:04:30,stages,1,68.0,6.433333333333334,95,4.35,6.075,7.716666666666667,62.0
p14,2019-11-19,24687503266,2019-11-18 20:22:30,2019-11-19 04:14:30,stages,1,64.0,6.45,94,2.375,4.241666666666666,7.866666666666666,62.0
p14,2020-03-04,26172453371,2020-03-03 20:23:00,2020-03-04 04:56:30,stages,1,59.0,6.466666666666667,90,2.3833333333333333,4.941666666666666,8.55,61.0
p14,2019-11-28,24810623434,2019-11-27 21:29:00,2019-11-28 05:11:30,stages,1,77.0,6.55,98,3.4833333333333334,5.191666666666666,7.7,63.0
p14,2019-11-15,24641138645,2019-11-14 19:41:30,2019-11-15 03:25:00,stages,1,69.0,6.55,94,1.6916666666666667,3.4166666666666665,7.716666666666667,62.0
p14,2019-11-18,24675109416,2019-11-17 21:48:30,2019-11-18 05:48:00,stages,1,73.0,6.6,97,3.808333333333333,5.8,7.983333333333333,64.0
p14,2020-02-21,26001144025,2020-02-20 20:38:30,2020-02-21 04:13:30,stages,1,75.0,6.616666666666666,97,2.6416666666666666,4.225,7.583333333333333,61.0
p14,2020-01-27,25618448249,2020-01-26 22:06:30,2020-01-27 05:58:30,stages,1,77.0,6.716666666666667,93,4.108333333333333,5.975,7.866666666666666,65.0
p14,2020-02-06,25785212361,2020-02-05 21:29:30,2020-02-06 05:46:00,stages,1,74.0,6.766666666666667,93,3.4916666666666667,5.766666666666667,8.266666666666667,65.0
p14,2019-12-11,24965924900,2019-12-10 22:57:00,2019-12-11 07:18:00,stages,1,67.0,6.8,87,4.95,7.3,8.35,67.0
p14,2020-02-03,25738090994,2020-02-02 23:08:00,2020-02-03 07:19:30,stages,1,74.0,6.85,94,5.133333333333334,7.325,8.183333333333334,68.0
p14,2019-12-05,24894254138,2019-12-04 22:37:30,2019-12-05 07:30:30,stages,1,58.0,6.866666666666666,83,4.625,7.508333333333334,8.883333333333333,67.0
p14,2019-12-13,24991605949,2019-12-12 20:59:00,2019-12-13 05:31:30,stages,2,67.0,6.883333333333334,95,2.9833333333333334,5.525,8.533333333333333,66.0
p14,2020-03-07,26215232762,2020-03-06 21:36:00,2020-03-07 06:28:30,stages,1,59.0,6.883333333333334,88,3.6,6.475,8.866666666666667,62.0
p14,2019-12-27,25160634807,2019-12-26 23:25:00,2019-12-27 08:03:30,stages,1,62.0,6.9,91,5.416666666666667,8.058333333333334,8.633333333333333,66.0
p14,2019-11-23,24747845478,2019-11-22 20:05:00,2019-11-23 04:42:30,stages,1,71.0,6.916666666666667,92,2.0833333333333335,4.708333333333333,8.616666666666667,61.0
p14,2019-12-28,25176129647,2019-12-27 21:33:00,2019-12-28 06:51:00,stages,1,61.0,6.95,94,3.55,6.85,9.3,68.0
p14,2020-03-24,26452726595,2020-03-23 19:36:00,2020-03-24 04:16:30,stages,1,77.0,7.183333333333334,94,1.6,4.275,8.666666666666666,60.0
p14,2020-03-16,26344515090,2020-03-15 21:17:30,2020-03-16 05:51:30,stages,1,74.0,7.266666666666667,96,3.2916666666666665,5.858333333333333,8.566666666666666,59.0
p14,2020-02-25,26057283892,2020-02-24 20:51:00,2020-02-25 05:40:00,stages,1,72.0,7.333333333333333,92,2.85,5.666666666666667,8.816666666666666,62.0
p14,2019-12-06,24906921659,2019-12-05 20:40:00,2019-12-06 05:03:30,stages,1,78.0,7.333333333333333,94,2.6666666666666665,5.058333333333334,8.383333333333333,69.0
p14,2020-03-22,26429105487,2020-03-21 21:26:30,2020-03-22 06:01:30,stages,1,76.0,7.366666666666666,98,3.441666666666667,6.025,8.583333333333334,59.0
p14,2019-12-18,25070769294,2019-12-17 21:51:00,2019-12-18 06:35:00,stages,1,78.0,7.5,94,3.85,6.583333333333333,8.733333333333333,64.0
p14,2019-11-22,24745178449,2019-11-21 19:59:00,2019-11-22 05:08:30,stages,1,75.0,7.566666666666666,96,1.9833333333333334,5.141666666666667,9.15,61.0
p14,2020-03-27,26488863691,2020-03-26 19:17:00,2020-03-27 04:32:00,stages,1,68.0,7.583333333333333,92,1.2833333333333334,4.533333333333333,9.25,61.0
p14,2019-12-26,25148709571,2019-12-25 22:15:30,2019-12-26 08:06:00,stages,1,67.0,7.616666666666666,85,4.258333333333334,8.1,9.833333333333334,66.0
p14,2019-12-24,25124548577,2019-12-23 22:05:00,2019-12-24 07:50:30,stages,1,72.0,7.716666666666667,87,4.083333333333333,7.841666666666667,9.75,68.0
p14,2020-01-17,25477895843,2020-01-16 21:57:30,2020-01-17 07:39:30,stages,1,68.0,7.75,96,3.9583333333333335,7.658333333333333,9.7,66.0
p14,2020-01-11,25394112364,2020-01-10 23:16:00,2020-01-11 08:40:30,stages,1,76.0,7.75,92,5.266666666666667,8.675,9.4,68.0
p14,2019-12-21,25092749642,2019-12-20 20:39:00,2019-12-21 05:55:00,stages,1,78.0,7.85,89,2.65,5.916666666666667,9.266666666666667,70.0
p14,2020-01-28,25635767830,2020-01-27 21:30:30,2020-01-28 06:47:30,stages,1,77.0,7.866666666666666,92,3.5083333333333333,6.791666666666667,9.283333333333333,65.0
p14,2020-01-15,25448456573,2020-01-14 22:05:00,2020-01-15 08:11:30,stages,1,67.0,7.9,92,4.083333333333333,8.191666666666666,10.1,64.0
p14,2020-01-07,25314982277,2020-01-06 21:45:00,2020-01-07 07:33:30,stages,1,71.0,7.9,89,3.75,7.558333333333334,9.8,70.0
p14,2020-01-21,25532467042,2020-01-20 21:34:00,2020-01-21 07:20:30,stages,1,71.0,7.916666666666667,93,3.566666666666667,7.341666666666667,9.766666666666667,64.0
p14,2020-03-01,26130846693,2020-02-29 19:50:00,2020-03-01 05:13:30,stages,1,73.0,7.95,93,1.8333333333333333,5.225,9.383333333333333,60.0
p14,2020-01-14,25431134858,2020-01-13 22:06:30,2020-01-14 08:34:00,stages,1,74.0,8.05,86,4.108333333333333,8.566666666666666,10.45,63.0
p14,2020-01-06,25296725887,2020-01-05 22:08:00,2020-01-06 07:48:30,stages,1,82.0,8.05,93,4.133333333333334,7.808333333333334,9.666666666666666,72.0
p14,2020-01-12,25419399713,2020-01-12 00:20:30,2020-01-12 09:27:30,stages,2,86.0,8.083333333333334,97,6.341666666666667,9.458333333333334,9.116666666666667,66.0
p14,2019-12-09,24940304170,2019-12-08 21:21:00,2019-12-09 07:28:00,stages,1,75.0,8.1,93,3.35,7.466666666666667,10.116666666666667,66.0
p14,2019-11-17,24663179595,2019-11-16 20:29:30,2019-11-17 05:54:00,stages,1,83.0,8.1,91,2.4916666666666667,5.9,9.4,66.0
p14,2020-03-26,26478445243,2020-03-25 20:32:30,2020-03-26 05:56:30,stages,1,81.0,8.116666666666667,95,2.5416666666666665,5.941666666666666,9.4,61.0
p14,2020-03-18,26373729500,2020-03-17 20:35:00,2020-03-18 06:06:30,stages,1,79.0,8.133333333333333,96,2.5833333333333335,6.108333333333333,9.516666666666667,59.0
p14,2019-11-29,24817278131,2019-11-28 20:46:00,2019-11-29 06:31:30,stages,1,84.0,8.15,94,2.7666666666666666,6.525,9.75,63.0
p14,2020-01-24,25614779105,2020-01-23 23:02:30,2020-01-24 08:37:30,stages,1,79.0,8.15,96,5.041666666666667,8.625,9.583333333333334,63.0
p14,2020-02-19,25966720342,2020-02-18 22:43:00,2020-02-19 08:10:00,stages,1,83.0,8.15,97,4.716666666666667,8.166666666666666,9.45,63.0
p14,2019-11-20,24699180909,2019-11-19 18:52:30,2019-11-20 04:50:30,stages,1,78.0,8.166666666666666,91,0.875,4.841666666666667,9.966666666666667,64.0
p14,2020-02-08,25815375466,2020-02-07 22:30:00,2020-02-08 07:55:30,stages,1,78.0,8.183333333333334,96,4.5,7.925,9.416666666666666,64.0
p14,2019-12-23,25117758435,2019-12-22 22:17:30,2019-12-23 07:50:30,stages,1,76.0,8.183333333333334,88,4.291666666666667,7.841666666666667,9.55,67.0
p14,2020-02-15,25908252353,2020-02-14 21:53:00,2020-02-15 07:27:30,stages,1,78.0,8.183333333333334,97,3.8833333333333333,7.458333333333333,9.566666666666666,64.0
p14,2020-02-28,26104032066,2020-02-27 20:43:30,2020-02-28 06:53:30,stages,1,79.0,8.233333333333333,91,2.725,6.891666666666667,10.166666666666666,61.0
p14,2019-12-25,25135448706,2019-12-24 22:21:00,2019-12-25 08:08:30,stages,1,75.0,8.266666666666667,88,4.35,8.141666666666667,9.783333333333333,66.0
p14,2020-03-12,26289377439,2020-03-11 21:15:30,2020-03-12 06:58:30,stages,2,82.0,8.316666666666666,95,3.2583333333333333,6.975,9.716666666666667,61.0
p14,2020-03-05,26191570338,2020-03-04 20:45:30,2020-03-05 06:31:00,stages,1,81.0,8.333333333333334,95,2.7583333333333333,6.516666666666667,9.75,62.0
p14,2020-02-26,26073949052,2020-02-25 20:14:30,2020-02-26 06:28:00,stages,1,81.0,8.6,92,2.2416666666666667,6.466666666666667,10.216666666666667,62.0
p14,2020-02-12,25866381372,2020-02-11 22:01:30,2020-02-12 07:48:30,stages,1,87.0,8.616666666666667,95,4.025,7.808333333333334,9.783333333333333,65.0
p14,2019-11-21,24720785898,2019-11-20 19:23:30,2019-11-21 05:58:00,stages,1,77.0,8.633333333333333,89,1.3916666666666666,5.966666666666667,10.566666666666666,62.0
p14,2020-02-24,26039743577,2020-02-23 20:40:30,2020-02-24 07:29:30,stages,1,80.0,8.7,91,2.675,7.491666666666666,10.816666666666666,62.0
p14,2020-01-18,25492484739,2020-01-17 22:34:00,2020-01-18 09:03:00,stages,1,82.0,8.7,90,4.566666666666666,9.05,10.483333333333333,66.0
p14,2020-02-11,25854488062,2020-02-10 22:12:00,2020-02-11 08:26:00,stages,2,84.0,8.716666666666667,96,4.2,8.433333333333334,10.233333333333333,65.0
p14,2019-12-22,25107412207,2019-12-21 21:11:30,2019-12-22 07:44:00,stages,1,79.0,8.783333333333333,94,3.191666666666667,7.733333333333333,10.533333333333333,68.0
p14,2020-03-14,26318203098,2020-03-13 20:51:00,2020-03-14 07:09:00,stages,1,84.0,8.8,93,2.85,7.15,10.3,61.0
p14,2019-12-20,25083494184,2019-12-19 18:17:30,2019-12-20 05:17:00,stages,1,67.0,8.95,84,0.2916666666666667,5.283333333333333,10.983333333333333,67.0
p14,2020-01-26,25614779107,2020-01-25 21:01:30,2020-01-26 07:47:00,stages,1,78.0,9.033333333333333,91,3.025,7.783333333333333,10.75,63.0
p14,2020-02-29,26119843453,2020-02-28 20:27:00,2020-02-29 07:36:00,stages,1,76.0,9.066666666666666,89,2.45,7.6,11.15,61.0
p14,2020-01-04,25269703715,2020-01-03 20:55:00,2020-01-04 08:12:00,stages,1,84.0,9.1,92,2.9166666666666665,8.2,11.283333333333333,74.0
p14,2020-03-25,26465519157,2020-03-24 19:38:30,2020-03-25 06:40:00,stages,1,76.0,9.166666666666666,96,1.6416666666666666,6.666666666666667,11.016666666666667,60.0
p14,2020-02-23,26028190681,2020-02-22 21:10:00,2020-02-23 07:55:30,stages,1,81.0,9.2,93,3.1666666666666665,7.925,10.75,61.0
p14,2020-01-25,25614779106,2020-01-24 22:13:30,2020-01-25 09:32:00,stages,1,77.0,9.233333333333333,92,4.225,9.533333333333333,11.3,63.0
p14,2019-11-26,24784974658,2019-11-25 20:39:00,2019-11-26 07:36:30,stages,1,79.0,9.233333333333333,95,2.65,7.608333333333333,10.95,61.0
p14,2019-12-12,24976289787,2019-12-11 21:24:30,2019-12-12 08:55:30,stages,1,80.0,9.283333333333333,91,3.408333333333333,8.925,11.516666666666667,68.0
p14,2020-02-17,25934668477,2020-02-16 20:43:00,2020-02-17 07:05:30,stages,1,87.0,9.316666666666666,98,2.716666666666667,7.091666666666667,10.366666666666667,64.0
p14,2019-12-07,24930891612,2019-12-06 21:02:00,2019-12-07 08:56:30,stages,1,81.0,9.383333333333333,89,3.033333333333333,8.941666666666666,11.9,67.0
p14,2020-01-10,25367071746,2020-01-09 20:46:00,2020-01-10 08:59:00,stages,1,75.0,9.383333333333333,88,2.7666666666666666,8.983333333333333,12.216666666666667,68.0
p14,2020-01-08,25336285862,2020-01-07 20:56:00,2020-01-08 08:50:00,stages,1,73.0,9.4,87,2.933333333333333,8.833333333333334,11.9,69.0
p14,2019-11-16,24650757084,2019-11-15 19:24:30,2019-11-16 07:31:00,stages,1,75.0,9.75,92,1.4083333333333334,7.516666666666667,12.1,66.0
p14,2020-02-09,25821482333,2020-02-08 20:36:00,2020-02-09 08:03:30,stages,1,78.0,9.85,93,2.6,8.058333333333334,11.45,66.0
p14,2019-11-24,24757906201,2019-11-23 18:17:30,2019-11-24 06:03:30,stages,1,82.0,9.95,91,0.2916666666666667,6.058333333333334,11.766666666666667,62.0
p14,2020-02-02,25724040495,2020-02-01 20:46:30,2020-02-02 08:31:30,stages,1,73.0,9.95,86,2.775,8.525,11.75,68.0
p14,2019-12-19,25070769295,2019-12-18 19:22:30,2019-12-19 08:07:00,stages,1,69.0,10.833333333333334,85,1.375,8.116666666666667,12.733333333333333,66.0
p15,2020-03-08,26230016047,2020-03-08 00:17:30,2020-03-08 06:33:30,stages,1,75.0,5.366666666666666,95,6.291666666666667,6.558333333333334,6.266666666666667,54.0
p15,2020-03-02,26146247883,2020-03-02 01:17:30,2020-03-02 07:26:30,stages,1,76.0,5.383333333333334,97,7.291666666666667,7.441666666666666,6.15,55.0
p15,2019-11-24,24760704021,2019-11-24 02:51:00,2019-11-24 09:03:30,stages,1,65.0,5.483333333333333,94,8.85,9.058333333333334,6.2,54.0
p15,2020-03-05,26191424468,2020-03-04 22:42:00,2020-03-05 05:07:30,stages,1,73.0,5.666666666666667,93,4.7,5.125,6.416666666666667,53.0
p15,2020-01-25,25593085200,2020-01-25 01:58:00,2020-01-25 08:46:00,stages,1,63.0,5.783333333333333,95,7.966666666666667,8.766666666666667,6.8,53.0
p15,2019-12-06,24907576818,2019-12-06 01:27:00,2019-12-06 08:09:00,stages,1,76.0,5.866666666666666,98,7.45,8.15,6.7,54.0
p15,2020-02-24,26041810424,2020-02-23 23:01:00,2020-02-24 06:05:00,stages,1,79.0,5.883333333333334,95,5.016666666666667,6.083333333333333,7.066666666666666,54.0
p15,2019-11-22,24738047767,2019-11-21 22:44:30,2019-11-22 06:09:30,stages,1,68.0,5.983333333333333,97,4.741666666666666,6.158333333333333,7.416666666666667,54.0
p15,2020-01-14,25430542622,2020-01-13 23:22:00,2020-01-14 06:18:30,stages,1,75.0,5.983333333333333,96,5.366666666666666,6.308333333333334,6.933333333333334,54.0
p15,2020-02-25,26057806684,2020-02-24 23:46:00,2020-02-25 06:53:00,stages,1,80.0,6.166666666666667,98,5.766666666666667,6.883333333333334,7.116666666666666,53.0
p15,2020-02-06,25783294571,2020-02-06 00:53:30,2020-02-06 08:01:00,stages,2,78.0,6.183333333333334,95,6.891666666666667,8.016666666666667,7.116666666666666,52.0
p15,2020-01-24,25579891877,2020-01-23 23:08:00,2020-01-24 06:39:30,stages,1,77.0,6.233333333333333,97,5.133333333333334,6.658333333333333,7.516666666666667,53.0
p15,2019-12-09,24940322096,2019-12-08 22:41:30,2019-12-09 05:58:00,stages,1,74.0,6.266666666666667,94,4.691666666666666,5.966666666666667,7.266666666666667,56.0
p15,2020-02-07,25800402838,2020-02-07 01:32:00,2020-02-07 08:38:30,stages,1,77.0,6.283333333333333,98,7.533333333333333,8.641666666666667,7.1,51.0
p15,2019-12-18,25052755948,2019-12-17 23:43:30,2019-12-18 06:49:30,stages,1,84.0,6.433333333333334,96,5.725,6.825,7.1,55.0
p15,2020-01-22,25549254968,2020-01-21 22:41:30,2020-01-22 06:17:30,stages,1,78.0,6.433333333333334,95,4.691666666666666,6.291666666666667,7.6,55.0
p15,2020-01-13,25412798571,2020-01-12 22:52:30,2020-01-13 06:19:30,stages,1,76.0,6.466666666666667,95,4.875,6.325,7.45,53.0
p15,2020-03-23,26443004057,2020-03-23 00:06:30,2020-03-23 07:44:30,stages,1,73.0,6.5,98,6.108333333333333,7.741666666666666,7.633333333333334,49.0
p15,2020-02-27,26089208242,2020-02-26 22:44:00,2020-02-27 06:02:00,stages,1,83.0,6.516666666666667,96,4.733333333333333,6.033333333333333,7.3,52.0
p15,2019-12-13,24992362895,2019-12-12 22:30:00,2019-12-13 06:12:30,stages,1,73.0,6.566666666666666,95,4.5,6.208333333333333,7.7,55.0
p15,2019-12-20,25082353353,2019-12-19 23:28:00,2019-12-20 07:01:30,stages,1,79.0,6.583333333333333,96,5.466666666666667,7.025,7.55,54.0
p15,2020-02-20,25982571576,2020-02-20 00:48:30,2020-02-20 08:12:30,stages,1,80.0,6.583333333333333,99,6.808333333333334,8.208333333333334,7.4,53.0
p15,2019-11-18,24676195931,2019-11-17 22:54:30,2019-11-18 06:13:30,stages,1,80.0,6.6,97,4.908333333333333,6.225,7.316666666666666,56.0
p15,2019-11-13,24617272983,2019-11-12 22:32:00,2019-11-13 06:03:30,stages,1,82.0,6.6,96,4.533333333333333,6.058333333333334,7.516666666666667,56.0
p15,2020-01-29,25653684681,2020-01-28 22:22:30,2020-01-29 06:08:00,stages,1,78.0,6.633333333333334,95,4.375,6.133333333333334,7.75,53.0
p15,2020-01-20,25518725688,2020-01-19 23:08:30,2020-01-20 06:29:30,stages,1,83.0,6.65,95,5.141666666666667,6.491666666666666,7.35,57.0
p15,2020-03-10,26261186953,2020-03-10 00:04:30,2020-03-10 07:41:00,stages,1,81.0,6.65,97,6.075,7.683333333333334,7.6,53.0
p15,2020-01-07,25312618070,2020-01-06 22:56:00,2020-01-07 06:22:00,stages,2,86.0,6.666666666666667,98,4.933333333333334,6.366666666666666,7.433333333333334,53.0
p15,2020-01-03,25257638621,2020-01-03 00:50:00,2020-01-03 08:45:30,stages,1,79.0,6.666666666666667,95,6.833333333333333,8.758333333333333,7.916666666666667,55.0
p15,2019-12-15,25013536681,2019-12-15 01:03:30,2019-12-15 08:47:30,stages,1,77.0,6.683333333333334,94,7.058333333333334,8.791666666666666,7.733333333333333,55.0
p15,2020-01-15,25447314595,2020-01-14 23:09:30,2020-01-15 06:39:30,stages,1,81.0,6.7,98,5.158333333333333,6.658333333333333,7.5,55.0
p15,2020-03-07,26226706834,2020-03-06 23:14:30,2020-03-07 07:08:00,stages,2,75.0,6.716666666666667,95,5.241666666666666,7.133333333333334,7.883333333333334,55.0
p15,2019-12-02,24851196907,2019-12-01 23:03:00,2019-12-02 06:41:30,stages,1,76.0,6.733333333333333,95,5.05,6.691666666666666,7.633333333333334,58.0
p15,2019-12-04,24886457682,2019-12-03 23:36:30,2019-12-04 07:30:30,stages,1,76.0,6.766666666666667,96,5.608333333333333,7.508333333333334,7.9,57.0
p15,2020-03-13,26307333743,2020-03-13 00:28:00,2020-03-13 08:08:30,stages,1,83.0,6.766666666666667,96,6.466666666666667,8.141666666666667,7.666666666666667,52.0
p15,2019-11-12,24604913131,2019-11-11 22:53:00,2019-11-12 06:36:00,stages,1,84.0,6.783333333333333,95,4.883333333333334,6.6,7.716666666666667,57.0
p15,2020-02-17,25935436015,2020-02-17 00:05:00,2020-02-17 07:51:00,stages,1,79.0,6.833333333333333,94,6.083333333333333,7.85,7.766666666666667,52.0
p15,2020-01-06,25296986339,2020-01-05 22:14:30,2020-01-06 06:05:30,stages,1,80.0,6.85,96,4.241666666666666,6.091666666666667,7.85,53.0
p15,2020-02-12,25866064344,2020-02-11 22:38:00,2020-02-12 06:36:00,stages,1,81.0,6.866666666666666,96,4.633333333333334,6.6,7.966666666666667,50.0
p15,2019-11-16,24653902490,2019-11-16 00:40:00,2019-11-16 08:31:00,stages,1,81.0,6.866666666666666,96,6.666666666666667,8.516666666666667,7.85,55.0
p15,2020-02-28,26105848016,2020-02-27 23:13:30,2020-02-28 07:11:30,stages,1,78.0,6.883333333333334,96,5.225,7.191666666666666,7.966666666666667,52.0
p15,2020-03-15,26417741438,2020-03-15 00:09:00,2020-03-15 08:09:30,stages,1,82.0,6.883333333333334,96,6.15,8.158333333333333,8.0,52.0
p15,2020-02-03,25737518959,2020-02-02 22:27:30,2020-02-03 06:21:00,stages,1,79.0,6.9,96,4.458333333333333,6.35,7.883333333333334,54.0
p15,2019-11-14,24629135318,2019-11-13 22:33:30,2019-11-14 06:21:30,stages,1,80.0,6.916666666666667,94,4.558333333333334,6.358333333333333,7.8,56.0
p15,2020-02-01,25710438814,2020-01-31 23:42:00,2020-02-01 07:46:30,stages,1,76.0,6.933333333333334,97,5.7,7.775,8.066666666666666,54.0
p15,2019-11-15,24642850657,2019-11-15 00:07:30,2019-11-15 08:02:00,stages,1,86.0,7.0,97,6.125,8.033333333333333,7.9,56.0
p15,2019-12-11,24967619790,2019-12-10 22:53:30,2019-12-11 06:56:00,stages,1,75.0,7.0,97,4.891666666666667,6.933333333333334,8.033333333333333,55.0
p15,2020-02-14,25895142334,2020-02-13 22:53:00,2020-02-14 06:51:00,stages,1,84.0,7.0,96,4.883333333333334,6.85,7.966666666666667,49.0
p15,2019-11-26,24786170255,2019-11-25 22:52:00,2019-11-26 06:41:30,stages,1,86.0,7.0,95,4.866666666666666,6.691666666666666,7.816666666666666,54.0
p15,2020-02-29,26119125921,2020-02-29 00:42:00,2020-02-29 08:31:30,stages,1,81.0,7.033333333333333,97,6.7,8.525,7.816666666666666,53.0
p15,2020-01-23,25562069970,2020-01-22 22:33:00,2020-01-23 06:21:00,stages,1,87.0,7.05,97,4.55,6.35,7.8,55.0
p15,2019-12-19,25067880572,2019-12-18 23:19:00,2019-12-19 07:20:30,stages,1,84.0,7.066666666666666,94,5.316666666666666,7.341666666666667,8.016666666666667,55.0
p15,2020-01-01,25227863086,2020-01-01 00:56:00,2020-01-01 09:05:00,stages,1,75.0,7.1,98,6.933333333333334,9.083333333333334,8.15,53.0
p15,2020-01-16,25461945840,2020-01-16 01:20:00,2020-01-16 09:11:30,stages,1,83.0,7.116666666666666,96,7.333333333333333,9.191666666666666,7.85,54.0
p15,2019-12-30,25199120835,2019-12-30 00:19:30,2019-12-30 08:31:30,stages,1,84.0,7.15,94,6.325,8.525,8.2,54.0
p15,2020-03-31,26541805252,2020-03-30 23:38:00,2020-03-31 07:56:30,stages,1,,7.183333333333334,97,5.633333333333334,7.941666666666666,8.3,
p15,2020-03-24,26455221651,2020-03-24 00:05:30,2020-03-24 08:09:30,stages,1,84.0,7.183333333333334,96,6.091666666666667,8.158333333333333,8.066666666666666,49.0
p15,2019-12-22,25104888444,2019-12-22 00:05:00,2019-12-22 08:41:00,stages,1,86.0,7.2,97,6.083333333333333,8.683333333333334,8.6,54.0
p15,2019-12-12,24977159392,2019-12-11 22:11:30,2019-12-12 06:33:00,stages,1,88.0,7.2,95,4.191666666666666,6.55,8.35,55.0
p15,2020-03-01,26132574488,2020-03-01 01:26:00,2020-03-01 09:24:00,stages,1,85.0,7.216666666666667,98,7.433333333333334,9.4,7.966666666666667,54.0
p15,2020-03-17,26417741440,2020-03-16 23:26:30,2020-03-17 07:43:00,stages,1,87.0,7.216666666666667,97,5.441666666666666,7.716666666666667,8.266666666666667,52.0
p15,2020-03-16,26417741439,2020-03-15 22:50:30,2020-03-16 07:06:00,stages,1,88.0,7.266666666666667,97,4.841666666666667,7.1,8.25,52.0
p15,2019-12-01,24839007234,2019-11-30 22:59:00,2019-12-01 07:18:00,stages,1,87.0,7.266666666666667,97,4.983333333333333,7.3,8.316666666666666,58.0
p15,2019-11-30,24828448322,2019-11-29 22:41:00,2019-11-30 07:03:00,stages,1,86.0,7.283333333333333,95,4.683333333333334,7.05,8.366666666666667,57.0
p15,2020-03-12,26298520947,2020-03-12 00:58:00,2020-03-12 08:52:30,stages,1,89.0,7.283333333333333,97,6.966666666666667,8.875,7.9,53.0
p15,2020-03-09,26243760919,2020-03-08 22:30:30,2020-03-09 06:36:00,stages,1,88.0,7.3,97,4.508333333333334,6.6,8.083333333333334,53.0
p15,2020-04-01,26554194588,2020-03-31 22:58:30,2020-04-01 07:35:00,stages,1,,7.3,96,4.975,7.583333333333333,8.6,
p15,2020-01-18,25492115076,2020-01-17 23:55:30,2020-01-18 08:24:30,stages,1,81.0,7.3,96,5.925,8.408333333333333,8.483333333333333,56.0
p15,2020-01-08,25334316314,2020-01-07 22:11:30,2020-01-08 06:22:30,stages,1,84.0,7.3,98,4.191666666666666,6.375,8.183333333333334,53.0
p15,2020-03-28,26504010331,2020-03-27 23:24:00,2020-03-28 07:47:30,stages,1,84.0,7.333333333333333,93,5.4,7.791666666666667,8.383333333333333,49.0
p15,2020-02-10,25838541518,2020-02-09 21:54:30,2020-02-10 06:46:00,stages,1,81.0,7.333333333333333,94,3.908333333333333,6.766666666666667,8.85,53.0
p15,2019-11-27,24795770768,2019-11-26 21:55:30,2019-11-27 06:13:00,stages,1,78.0,7.383333333333334,96,3.925,6.216666666666667,8.283333333333333,53.0
p15,2020-02-08,25812032464,2020-02-08 00:08:00,2020-02-08 08:59:00,stages,1,70.0,7.4,96,6.133333333333334,8.983333333333333,8.85,52.0
p15,2019-11-20,24703656265,2019-11-19 22:29:30,2019-11-20 06:52:30,stages,1,84.0,7.433333333333334,97,4.491666666666666,6.875,8.383333333333333,57.0
p15,2019-12-31,25216644527,2019-12-31 00:09:00,2019-12-31 08:38:00,stages,1,87.0,7.533333333333333,97,6.15,8.633333333333333,8.483333333333333,53.0
p15,2019-12-14,25003151299,2019-12-14 00:15:00,2019-12-14 08:48:30,stages,1,84.0,7.566666666666666,97,6.25,8.808333333333334,8.55,55.0
p15,2020-01-11,25386198986,2020-01-10 23:42:30,2020-01-11 08:25:00,stages,1,80.0,7.583333333333333,96,5.708333333333333,8.416666666666666,8.7,52.0
p15,2020-02-13,25877553273,2020-02-12 22:03:00,2020-02-13 06:41:30,stages,1,86.0,7.583333333333333,94,4.05,6.691666666666666,8.633333333333333,51.0
p15,2020-02-15,25909066627,2020-02-14 23:05:30,2020-02-15 07:37:30,stages,1,76.0,7.6,95,5.091666666666667,7.625,8.533333333333333,49.0
p15,2020-03-26,26479427137,2020-03-25 23:24:00,2020-03-26 08:09:00,stages,1,85.0,7.6,96,5.4,8.15,8.75,50.0
p15,2020-01-17,25478840853,2020-01-16 23:36:00,2020-01-17 08:01:30,stages,1,78.0,7.633333333333334,98,5.6,8.025,8.416666666666666,54.0
p15,2020-03-20,26417741443,2020-03-19 23:32:00,2020-03-20 07:59:30,stages,1,88.0,7.633333333333334,96,5.533333333333333,7.991666666666666,8.45,52.0
p15,2019-11-11,24591056990,2019-11-10 21:54:00,2019-11-11 06:43:00,stages,1,83.0,7.666666666666667,95,3.9,6.716666666666667,8.816666666666666,57.0
p15,2020-01-21,25534298092,2020-01-21 00:09:00,2020-01-21 08:56:30,stages,1,85.0,7.683333333333334,95,6.15,8.941666666666666,8.783333333333333,57.0
p15,2020-02-04,25750053826,2020-02-03 21:59:00,2020-02-04 06:39:00,stages,1,88.0,7.7,96,3.9833333333333334,6.65,8.666666666666666,54.0
p15,2020-02-21,26003514042,2020-02-20 23:40:00,2020-02-21 08:09:00,stages,1,87.0,7.716666666666667,98,5.666666666666667,8.15,8.483333333333333,54.0
p15,2020-01-27,25619481583,2020-01-26 21:59:00,2020-01-27 06:38:30,stages,1,86.0,7.733333333333333,97,3.9833333333333334,6.641666666666667,8.65,54.0
p15,2019-11-17,24664226830,2019-11-16 23:27:30,2019-11-17 08:20:00,stages,1,80.0,7.733333333333333,96,5.458333333333333,8.333333333333334,8.866666666666667,56.0
p15,2019-11-21,24719522895,2019-11-20 21:50:30,2019-11-21 06:27:00,stages,1,84.0,7.75,97,3.841666666666667,6.45,8.6,55.0
p15,2019-12-17,25038451066,2019-12-16 21:15:00,2019-12-17 06:31:00,stages,1,86.0,7.75,96,3.25,6.516666666666667,9.266666666666667,55.0
p15,2020-01-09,25352179773,2020-01-08 22:40:00,2020-01-09 07:28:30,stages,1,87.0,7.783333333333333,97,4.666666666666667,7.475,8.8,52.0
p15,2019-12-05,24896838727,2019-12-04 22:55:30,2019-12-05 07:38:30,stages,1,87.0,7.783333333333333,96,4.925,7.641666666666667,8.716666666666667,56.0
p15,2020-03-06,26226706832,2020-03-06 01:04:30,2020-03-06 09:49:30,stages,1,85.0,7.8,95,7.075,9.825,8.75,54.0
p15,2020-01-19,25504607595,2020-01-18 23:23:30,2020-01-19 08:27:00,stages,1,85.0,7.916666666666667,97,5.391666666666667,8.45,9.05,57.0
p15,2019-12-10,24953974067,2019-12-09 22:16:00,2019-12-10 06:57:00,stages,1,88.0,7.95,97,4.266666666666667,6.95,8.683333333333334,55.0
p15,2020-01-31,25700085108,2020-01-30 23:47:30,2020-01-31 09:08:00,stages,1,82.0,7.95,96,5.791666666666667,9.133333333333333,9.333333333333334,54.0
p15,2020-03-21,26417741444,2020-03-20 22:19:30,2020-03-21 07:03:00,stages,1,88.0,7.966666666666667,95,4.325,7.05,8.716666666666667,52.0
p15,2019-11-19,24691220805,2019-11-18 23:04:00,2019-11-19 08:07:30,stages,1,89.0,8.016666666666667,95,5.066666666666666,8.125,9.05,57.0
p15,2020-02-02,25724311069,2020-02-01 23:05:30,2020-02-02 07:58:00,stages,1,90.0,8.033333333333333,96,5.091666666666667,7.966666666666667,8.866666666666667,54.0
p15,2020-03-22,26429620871,2020-03-21 23:58:00,2020-03-22 08:53:00,stages,1,91.0,8.05,98,5.966666666666667,8.883333333333333,8.916666666666666,50.0
p15,2020-02-26,26074345327,2020-02-25 22:06:30,2020-02-26 07:10:30,stages,1,86.0,8.05,96,4.108333333333333,7.175,9.066666666666666,51.0
p15,2020-03-14,26320026706,2020-03-13 23:57:00,2020-03-14 09:25:00,stages,1,89.0,8.05,97,5.95,9.416666666666666,9.466666666666667,52.0
p15,2019-11-23,24749630544,2019-11-22 22:49:30,2019-11-23 08:12:30,stages,1,82.0,8.066666666666666,96,4.825,8.208333333333334,9.383333333333333,54.0
p15,2020-02-05,25763914826,2020-02-04 21:21:30,2020-02-05 06:20:00,stages,1,91.0,8.066666666666666,96,3.3583333333333334,6.333333333333333,8.966666666666667,53.0
p15,2019-11-28,24809175217,2019-11-27 23:52:00,2019-11-28 08:48:30,stages,1,84.0,8.083333333333334,97,5.866666666666666,8.808333333333334,8.933333333333334,54.0
p15,2020-02-11,25854269416,2020-02-10 23:05:00,2020-02-11 08:16:30,stages,1,90.0,8.1,95,5.083333333333333,8.275,9.183333333333334,51.0
p15,2020-01-04,25271703431,2020-01-03 23:51:00,2020-01-04 09:04:00,stages,1,91.0,8.1,98,5.85,9.066666666666666,9.216666666666667,54.0
p15,2019-12-28,25174073779,2019-12-28 00:17:00,2019-12-28 09:18:30,stages,1,91.0,8.116666666666667,96,6.283333333333333,9.308333333333334,9.016666666666667,54.0
p15,2019-12-03,24862738212,2019-12-02 22:36:00,2019-12-03 07:57:00,stages,1,83.0,8.116666666666667,95,4.6,7.95,9.35,57.0
p15,2019-12-27,25161646793,2019-12-26 23:31:30,2019-12-27 09:13:00,stages,1,85.0,8.116666666666667,95,5.525,9.216666666666667,9.683333333333334,54.0
p15,2020-03-25,26467564226,2020-03-24 23:49:00,2020-03-25 08:46:00,stages,1,89.0,8.133333333333333,97,5.816666666666666,8.766666666666667,8.95,49.0
p15,2020-03-18,26417741441,2020-03-17 22:59:00,2020-03-18 08:01:00,stages,1,92.0,8.15,96,4.983333333333333,8.016666666666667,9.033333333333333,52.0
p15,2020-01-02,25243146021,2020-01-02 00:24:30,2020-01-02 09:22:30,stages,1,91.0,8.15,95,6.408333333333333,9.375,8.966666666666667,55.0
p15,2020-01-10,25375068132,2020-01-09 23:12:30,2020-01-10 08:30:30,stages,1,87.0,8.216666666666667,94,5.208333333333333,8.508333333333333,9.3,52.0
p15,2019-11-10,24580352364,2019-11-09 23:11:00,2019-11-10 08:26:30,stages,1,83.0,8.25,96,5.183333333333334,8.441666666666666,9.25,58.0
p15,2019-12-16,25025097285,2019-12-15 22:02:00,2019-12-16 07:34:30,stages,1,87.0,8.25,96,4.033333333333333,7.575,9.533333333333333,55.0
p15,2019-12-21,25095053385,2019-12-20 23:07:00,2019-12-21 08:20:30,stages,1,90.0,8.25,93,5.116666666666666,8.341666666666667,9.216666666666667,54.0
p15,2020-03-29,26517490208,2020-03-28 23:22:30,2020-03-29 09:30:30,stages,1,90.0,8.283333333333333,98,5.375,9.508333333333333,10.133333333333333,49.0
p15,2020-03-30,26529912939,2020-03-29 23:19:30,2020-03-30 08:39:30,stages,1,87.0,8.3,96,5.325,8.658333333333333,9.333333333333334,49.0
p15,2019-11-25,24772132861,2019-11-24 22:49:30,2019-11-25 07:52:30,stages,1,91.0,8.35,97,4.825,7.875,9.05,55.0
p15,2019-11-29,24818411077,2019-11-28 23:20:00,2019-11-29 08:37:00,stages,1,89.0,8.366666666666667,95,5.333333333333333,8.616666666666667,9.283333333333333,56.0
p15,2019-12-25,25136639092,2019-12-25 00:13:00,2019-12-25 10:08:00,stages,1,83.0,8.383333333333333,95,6.216666666666667,10.133333333333333,9.916666666666666,54.0
p15,2020-02-09,25825016167,2020-02-08 22:14:00,2020-02-09 07:58:00,stages,1,85.0,8.383333333333333,94,4.233333333333333,7.966666666666667,9.733333333333333,54.0
p15,2020-03-27,26492614721,2020-03-26 23:16:30,2020-03-27 09:03:00,stages,1,89.0,8.45,97,5.275,9.05,9.766666666666667,50.0
p15,2020-02-19,25966340691,2020-02-18 23:29:30,2020-02-19 08:59:30,stages,1,90.0,8.466666666666667,97,5.491666666666666,8.991666666666667,9.5,53.0
p15,2020-03-19,26417741442,2020-03-18 23:17:00,2020-03-19 08:45:30,stages,1,91.0,8.6,97,5.283333333333333,8.758333333333333,9.466666666666667,52.0
p15,2019-12-08,24929531204,2019-12-07 23:29:00,2019-12-08 09:01:30,stages,2,87.0,8.6,97,5.483333333333333,9.025,9.533333333333333,55.0
p15,2020-01-30,25676706062,2020-01-29 22:41:30,2020-01-30 08:37:00,stages,1,89.0,8.783333333333333,96,4.691666666666666,8.616666666666667,9.916666666666666,54.0
p15,2019-12-29,25187860091,2019-12-28 23:59:30,2019-12-29 09:56:30,stages,1,90.0,8.816666666666666,96,5.991666666666666,9.941666666666666,9.95,53.0
p15,2020-01-28,25638854598,2020-01-27 22:48:00,2020-01-28 08:37:30,stages,1,90.0,8.916666666666666,96,4.8,8.625,9.816666666666666,53.0
p15,2020-01-26,25607313840,2020-01-25 23:14:30,2020-01-26 09:00:30,stages,1,92.0,8.983333333333333,97,5.241666666666666,9.008333333333333,9.766666666666667,55.0
p15,2019-12-23,25117131550,2019-12-22 22:27:00,2019-12-23 08:54:30,stages,1,85.0,8.983333333333333,96,4.45,8.908333333333333,10.45,53.0
p15,2020-02-16,25920262772,2020-02-15 21:26:00,2020-02-16 07:54:30,stages,1,86.0,9.016666666666667,96,3.433333333333333,7.908333333333333,10.466666666666667,51.0
p15,2019-12-07,24919077262,2019-12-06 22:40:00,2019-12-07 08:58:30,stages,1,83.0,9.033333333333333,95,4.666666666666667,8.975,10.3,54.0
p15,2019-12-24,25127626515,2019-12-23 22:33:00,2019-12-24 08:54:00,stages,1,87.0,9.05,95,4.55,8.9,10.35,54.0
p15,2020-02-22,26016593830,2020-02-21 22:49:30,2020-02-22 09:06:30,stages,1,88.0,9.133333333333333,96,4.825,9.108333333333333,10.283333333333333,53.0
p15,2019-12-26,25149261228,2019-12-25 23:14:30,2019-12-26 09:39:30,stages,1,90.0,9.2,99,5.241666666666666,9.658333333333333,10.416666666666666,54.0
p15,2020-02-23,26030070096,2020-02-22 23:24:00,2020-02-23 09:49:30,stages,1,88.0,9.25,95,5.4,9.825,10.416666666666666,54.0
p15,2020-03-04,26191424467,2020-03-03 23:12:30,2020-03-04 09:34:00,stages,1,92.0,9.383333333333333,98,5.208333333333333,9.566666666666666,10.35,53.0
p15,2020-02-18,25950524044,2020-02-17 22:02:30,2020-02-18 08:29:00,stages,1,90.0,9.416666666666666,93,4.041666666666667,8.483333333333333,10.433333333333334,53.0
p15,2020-01-05,25283649724,2020-01-04 21:33:00,2020-01-05 09:00:00,stages,1,87.0,9.716666666666667,91,3.55,9.0,11.45,53.0
p15,2020-01-12,25401610910,2020-01-11 22:00:00,2020-01-12 09:22:00,stages,1,90.0,10.0,96,4.0,9.366666666666667,11.366666666666667,54.0
p16,2020-03-07,26217225592,2020-03-07 04:10:30,2020-03-07 06:21:30,classic,1,,2.15,98,10.175,6.358333333333333,2.183333333333333,
p16,2019-12-09,24942817422,2019-12-09 08:50:30,2019-12-09 12:17:00,stages,1,55.0,2.783333333333333,89,14.841666666666667,12.283333333333333,3.433333333333333,68.0
p16,2019-11-27,24799326085,2019-11-27 05:55:30,2019-11-27 10:33:30,stages,1,57.0,3.8666666666666667,91,11.925,10.558333333333334,4.633333333333334,66.0
p16,2020-01-02,25244867456,2020-01-02 09:10:00,2020-01-02 13:36:30,stages,1,68.0,3.8833333333333333,94,15.166666666666666,13.608333333333333,4.433333333333334,72.0
p16,2020-03-10,26263306075,2020-03-10 04:57:00,2020-03-10 09:47:30,stages,1,56.0,4.066666666666666,86,10.95,9.791666666666666,4.833333333333333,68.0
p16,2020-02-25,26063756310,2020-02-25 08:43:30,2020-02-25 13:58:00,stages,1,61.0,4.4,94,14.725,13.966666666666667,5.233333333333333,67.0
p16,2020-01-21,25534534361,2020-01-21 05:12:30,2020-01-21 10:40:00,stages,1,66.0,4.65,89,11.208333333333334,10.666666666666666,5.45,64.0
p16,2020-02-18,25954105314,2020-02-18 09:01:00,2020-02-18 14:34:00,stages,1,76.0,4.75,94,15.016666666666667,14.566666666666666,5.55,66.0
p16,2020-03-12,26292532202,2020-03-12 06:54:00,2020-03-12 12:22:00,stages,2,69.0,4.816666666666666,96,12.9,12.366666666666667,5.466666666666667,69.0
p16,2019-12-30,25201413192,2019-12-30 05:32:30,2019-12-30 10:58:30,stages,1,67.0,4.85,91,11.541666666666666,10.975,5.433333333333334,68.0
p16,2020-02-16,25927555880,2020-02-16 09:28:00,2020-02-16 14:54:30,stages,1,74.0,4.9,96,15.466666666666667,14.908333333333333,5.433333333333334,66.0
p16,2020-03-26,26483120825,2020-03-26 06:17:30,2020-03-26 11:58:00,stages,1,68.0,4.9,95,12.291666666666666,11.966666666666667,5.666666666666667,67.0
p16,2020-01-11,25391860069,2020-01-11 08:57:30,2020-01-11 14:48:30,stages,1,63.0,4.983333333333333,87,14.958333333333334,14.808333333333334,5.85,65.0
p16,2020-01-18,25495430276,2020-01-18 07:33:00,2020-01-18 13:25:30,stages,1,69.0,5.116666666666666,89,13.55,13.425,5.866666666666666,65.0
p16,2020-01-28,25645276247,2020-01-28 08:08:00,2020-01-28 13:59:00,stages,1,68.0,5.116666666666666,92,14.133333333333333,13.983333333333333,5.85,67.0
p16,2020-03-17,26360584677,2020-03-17 01:22:00,2020-03-17 07:24:00,stages,1,69.0,5.233333333333333,88,7.366666666666666,7.4,6.033333333333333,68.0
p16,2019-11-14,24631110012,2019-11-14 04:42:00,2019-11-14 10:49:30,stages,1,68.0,5.25,93,10.7,10.825,6.116666666666666,67.0
p16,2020-02-27,26097636397,2020-02-27 09:41:30,2020-02-27 16:02:30,stages,1,67.0,5.333333333333333,91,15.691666666666666,16.041666666666668,6.35,67.0
p16,2019-12-19,25071634396,2019-12-19 07:00:00,2019-12-19 13:19:00,stages,1,68.0,5.35,93,13.0,13.316666666666666,6.316666666666666,62.0
p16,2019-12-20,25087563807,2019-12-20 06:07:30,2019-12-20 12:49:30,stages,1,60.0,5.433333333333334,92,12.125,12.825,6.7,63.0
p16,2020-01-23,25567760908,2020-01-23 07:12:30,2020-01-23 13:31:00,stages,1,69.0,5.483333333333333,92,13.208333333333334,13.516666666666667,6.3,66.0
p16,2020-01-07,25321811489,2020-01-07 08:09:00,2020-01-07 14:48:00,stages,1,68.0,5.566666666666666,91,14.15,14.8,6.65,67.0
p16,2019-11-03,24499082265,2019-11-03 05:14:30,2019-11-03 11:46:00,stages,1,72.0,5.7,92,11.241666666666667,11.766666666666667,6.516666666666667,66.0
p16,2019-11-07,24546796166,2019-11-07 03:19:00,2019-11-07 09:45:00,stages,1,76.0,5.716666666666667,91,9.316666666666666,9.75,6.433333333333334,64.0
p16,2020-01-05,25287568499,2020-01-05 08:54:00,2020-01-05 15:29:00,stages,1,72.0,5.716666666666667,89,14.9,15.483333333333333,6.583333333333333,67.0
p16,2020-02-21,26009466437,2020-02-21 09:24:30,2020-02-21 16:02:30,stages,1,74.0,5.75,94,15.408333333333333,16.041666666666668,6.633333333333334,65.0
p16,2020-03-21,26418255203,2020-03-21 03:13:30,2020-03-21 09:55:00,stages,1,73.0,5.8,93,9.225,9.916666666666666,6.683333333333334,68.0
p16,2020-02-13,25883742020,2020-02-13 07:52:00,2020-02-13 14:29:30,stages,1,75.0,5.8,96,13.866666666666667,14.491666666666667,6.616666666666666,65.0
p16,2020-02-05,25772242965,2020-02-05 08:33:30,2020-02-05 15:20:00,stages,1,73.0,5.8,96,14.558333333333334,15.333333333333334,6.766666666666667,66.0
p16,2020-02-12,25873824982,2020-02-12 09:17:00,2020-02-12 15:56:00,stages,1,72.0,5.816666666666666,92,15.283333333333333,15.933333333333334,6.65,64.0
p16,2020-02-15,25915198576,2020-02-15 09:16:00,2020-02-15 15:52:00,stages,1,78.0,5.916666666666667,98,15.266666666666667,15.866666666666667,6.6,66.0
p16,2019-11-19,24693111172,2019-11-19 06:06:00,2019-11-19 13:01:00,stages,1,73.0,5.916666666666667,92,12.1,13.016666666666667,6.916666666666667,67.0
p16,2019-12-27,25163248703,2019-12-27 05:35:30,2019-12-27 12:28:30,stages,1,72.0,5.95,92,11.591666666666667,12.475,6.883333333333334,65.0
p16,2020-01-16,25466022233,2020-01-16 06:54:00,2020-01-16 13:39:00,stages,1,76.0,5.966666666666667,98,12.9,13.65,6.75,65.0
p16,2020-01-30,25690940536,2020-01-30 07:21:30,2020-01-30 14:45:00,stages,1,69.0,6.016666666666667,90,13.358333333333333,14.75,7.383333333333334,68.0
p16,2019-11-10,24581948732,2019-11-10 04:19:30,2019-11-10 10:59:00,stages,1,79.0,6.016666666666667,92,10.325,10.983333333333333,6.65,65.0
p16,2019-12-24,25128906989,2019-12-24 05:18:00,2019-12-24 12:11:30,stages,1,77.0,6.033333333333333,91,11.3,12.191666666666666,6.883333333333334,64.0
p16,2020-01-19,25507423965,2020-01-19 05:40:00,2020-01-19 12:34:00,stages,1,76.0,6.05,95,11.666666666666666,12.566666666666666,6.9,65.0
p16,2020-01-06,25302525076,2020-01-06 07:56:00,2020-01-06 14:50:00,stages,1,76.0,6.1,93,13.933333333333334,14.833333333333334,6.9,66.0
p16,2020-03-11,26277678952,2020-03-11 03:12:00,2020-03-11 10:21:30,stages,1,75.0,6.116666666666666,89,9.2,10.358333333333333,7.15,70.0
p16,2019-11-28,24809686749,2019-11-28 03:58:30,2019-11-28 10:58:30,stages,1,75.0,6.116666666666666,93,9.975,10.975,7.0,67.0
p16,2020-01-08,25341114263,2020-01-08 07:38:00,2020-01-08 14:40:00,stages,1,77.0,6.15,92,13.633333333333333,14.666666666666666,7.033333333333333,66.0
p16,2020-01-25,25599822926,2020-01-25 08:07:00,2020-01-25 14:51:00,stages,1,80.0,6.166666666666667,97,14.116666666666667,14.85,6.733333333333333,67.0
p16,2020-01-29,25661037174,2020-01-29 08:47:00,2020-01-29 15:54:00,stages,1,79.0,6.183333333333334,93,14.783333333333333,15.9,7.116666666666666,68.0
p16,2020-01-15,25453790466,2020-01-15 08:13:00,2020-01-15 15:25:30,stages,1,75.0,6.2,92,14.216666666666667,15.425,7.2,65.0
p16,2019-11-21,24721182213,2019-11-21 03:29:30,2019-11-21 10:41:30,stages,1,74.0,6.2,90,9.491666666666667,10.691666666666666,7.2,68.0
p16,2020-01-09,25360755421,2020-01-09 06:08:30,2020-01-09 13:29:00,stages,1,70.0,6.216666666666667,88,12.141666666666667,13.483333333333333,7.333333333333333,67.0
p16,2019-11-08,24558990812,2019-11-08 02:38:30,2019-11-08 09:55:00,stages,1,73.0,6.25,89,8.641666666666667,9.916666666666666,7.266666666666667,64.0
p16,2020-02-02,25729251802,2020-02-02 07:41:30,2020-02-02 14:39:00,stages,1,76.0,6.266666666666667,93,13.691666666666666,14.65,6.95,68.0
p16,2020-01-20,25521805444,2020-01-20 05:17:30,2020-01-20 12:26:00,stages,1,76.0,6.3,93,11.291666666666666,12.433333333333334,7.133333333333334,64.0
p16,2020-02-28,26112785637,2020-02-28 10:10:00,2020-02-28 17:29:00,stages,1,76.0,6.3,90,16.166666666666668,17.483333333333334,7.316666666666666,67.0
p16,2019-11-12,24605316774,2019-11-12 01:58:00,2019-11-12 09:15:30,stages,1,76.0,6.366666666666666,92,7.966666666666667,9.258333333333333,7.283333333333333,66.0
p16,2020-01-26,25612517337,2020-01-26 07:58:30,2020-01-26 15:30:00,stages,1,71.0,6.383333333333334,97,13.975,15.5,7.516666666666667,67.0
p16,2019-11-01,24475133162,2019-11-01 03:09:00,2019-11-01 10:15:00,stages,1,82.0,6.383333333333334,91,9.15,10.25,7.1,63.0
p16,2019-12-06,24911245476,2019-12-06 06:33:30,2019-12-06 13:35:00,stages,1,76.0,6.4,93,12.558333333333334,13.583333333333334,7.016666666666667,66.0
p16,2020-03-31,26545247495,2020-03-31 05:58:00,2020-03-31 13:19:00,stages,1,,6.416666666666667,95,11.966666666666667,13.316666666666666,7.35,
p16,2020-02-06,25788689555,2020-02-06 08:20:00,2020-02-06 15:43:00,stages,1,77.0,6.433333333333334,95,14.333333333333334,15.716666666666667,7.383333333333334,65.0
p16,2020-02-01,25715951839,2020-02-01 08:05:00,2020-02-01 15:18:00,stages,1,81.0,6.466666666666667,91,14.083333333333334,15.3,7.216666666666667,68.0
p16,2019-11-15,24644838984,2019-11-15 02:56:30,2019-11-15 10:08:30,stages,1,78.0,6.466666666666667,94,8.941666666666666,10.141666666666667,7.2,68.0
p16,2020-01-13,25419758903,2020-01-13 07:53:30,2020-01-13 15:26:30,stages,1,73.0,6.483333333333333,90,13.891666666666667,15.441666666666666,7.55,65.0
p16,2019-12-18,25058824744,2019-12-18 06:11:30,2019-12-18 13:32:00,stages,1,76.0,6.483333333333333,93,12.191666666666666,13.533333333333333,7.333333333333333,63.0
p16,2019-12-07,24922790065,2019-12-07 07:11:00,2019-12-07 14:43:00,stages,1,74.0,6.5,93,13.183333333333334,14.716666666666667,7.533333333333333,68.0
p16,2019-12-29,25189013034,2019-12-29 06:04:30,2019-12-29 13:28:30,stages,1,78.0,6.516666666666667,90,12.075,13.475,7.4,66.0
p16,2020-02-04,25758972702,2020-02-04 07:57:00,2020-02-04 15:30:30,stages,1,79.0,6.55,94,13.95,15.508333333333333,7.55,66.0
p16,2020-02-22,26022824102,2020-02-22 09:02:30,2020-02-22 17:18:00,stages,1,66.0,6.583333333333333,87,15.041666666666666,17.3,8.25,66.0
p16,2020-02-23,26034727494,2020-02-23 08:39:30,2020-02-23 15:55:30,stages,1,79.0,6.6,96,14.658333333333333,15.925,7.266666666666667,66.0
p16,2020-03-05,26188170268,2020-03-04 21:10:00,2020-03-05 04:58:30,stages,1,66.0,6.616666666666666,86,3.1666666666666665,4.975,7.8,65.0
p16,2019-11-02,24487362288,2019-11-02 03:56:30,2019-11-02 11:49:00,stages,1,74.0,6.616666666666666,94,9.941666666666666,11.816666666666666,7.866666666666666,65.0
p16,2020-03-23,26444101095,2020-03-23 02:35:00,2020-03-23 10:11:00,stages,1,73.0,6.633333333333334,90,8.583333333333334,10.183333333333334,7.6,66.0
p16,2020-02-20,25991408408,2020-02-20 08:35:30,2020-02-20 16:13:00,stages,1,78.0,6.633333333333334,94,14.591666666666667,16.216666666666665,7.616666666666666,64.0
p16,2019-12-08,24933574883,2019-12-08 06:28:00,2019-12-08 14:29:00,stages,1,73.0,6.65,87,12.466666666666667,14.483333333333333,8.016666666666667,68.0
p16,2019-11-25,24777113858,2019-11-25 06:53:00,2019-11-25 14:45:30,stages,1,75.0,6.666666666666667,94,12.883333333333333,14.758333333333333,7.866666666666666,68.0
p16,2020-02-29,26125814128,2020-02-29 09:35:00,2020-02-29 17:15:00,stages,1,76.0,6.666666666666667,93,15.583333333333334,17.25,7.666666666666667,68.0
p16,2019-12-13,24997373530,2019-12-13 07:05:30,2019-12-13 14:49:00,stages,2,75.0,6.683333333333334,91,13.091666666666667,14.816666666666666,7.716666666666667,65.0
p16,2019-12-23,25119406870,2019-12-23 05:30:30,2019-12-23 13:22:00,stages,1,75.0,6.7,94,11.508333333333333,13.366666666666667,7.85,65.0
p16,2020-01-04,25276973144,2020-01-04 07:53:30,2020-01-04 15:28:30,stages,1,79.0,6.716666666666667,94,13.891666666666667,15.475,7.583333333333333,69.0
p16,2019-12-03,24868050354,2019-12-03 06:42:00,2019-12-03 14:24:30,stages,1,75.0,6.716666666666667,93,12.7,14.408333333333333,7.7,66.0
p16,2019-11-20,24705281208,2019-11-20 04:55:00,2019-11-20 12:53:30,stages,1,72.0,6.733333333333333,88,10.916666666666666,12.891666666666667,7.966666666666667,67.0
p16,2019-12-05,24900571642,2019-12-05 05:59:00,2019-12-05 13:39:30,stages,1,77.0,6.733333333333333,94,11.983333333333333,13.658333333333333,7.666666666666667,66.0
p16,2020-03-08,26229210115,2020-03-07 19:05:00,2020-03-08 03:20:00,stages,1,67.0,6.733333333333333,90,1.0833333333333333,3.3333333333333335,8.25,67.0
p16,2020-02-24,26049537279,2020-02-24 08:35:00,2020-02-24 16:34:00,stages,1,81.0,6.75,92,14.583333333333334,16.566666666666666,7.983333333333333,67.0
p16,2019-12-02,24855723923,2019-12-02 05:53:30,2019-12-02 13:41:00,stages,1,76.0,6.75,95,11.891666666666667,13.683333333333334,7.783333333333333,66.0
p16,2020-03-19,26390870708,2020-03-19 02:09:30,2020-03-19 10:03:30,stages,1,74.0,6.8,89,8.158333333333333,10.058333333333334,7.9,69.0
p16,2019-11-24,24764120502,2019-11-24 06:46:00,2019-11-24 14:40:30,stages,1,77.0,6.833333333333333,93,12.766666666666667,14.675,7.9,69.0
p16,2020-01-27,25625873354,2020-01-27 07:03:00,2020-01-27 14:45:00,stages,1,77.0,6.85,90,13.05,14.75,7.7,67.0
p16,2019-12-01,24843096580,2019-12-01 06:27:00,2019-12-01 14:06:00,stages,1,80.0,6.883333333333334,96,12.45,14.1,7.65,65.0
p16,2019-11-23,24752672344,2019-11-23 06:14:00,2019-11-23 14:13:30,stages,1,74.0,6.883333333333334,91,12.233333333333333,14.225,7.983333333333333,68.0
p16,2020-03-28,26507885399,2020-03-28 04:50:30,2020-03-28 12:39:00,stages,1,83.0,6.983333333333333,95,10.841666666666667,12.65,7.8,68.0
p16,2020-01-14,25437642449,2020-01-14 06:56:00,2020-01-14 15:03:30,stages,1,83.0,7.166666666666667,95,12.933333333333334,15.058333333333334,8.116666666666667,65.0
p16,2020-03-03,26168495218,2020-03-03 07:18:30,2020-03-03 15:50:00,stages,1,81.0,7.216666666666667,84,13.308333333333334,15.833333333333334,8.516666666666667,66.0
p16,2020-02-07,25805858601,2020-02-07 07:40:00,2020-02-07 16:03:30,stages,1,82.0,7.216666666666667,93,13.666666666666666,16.058333333333334,8.383333333333333,65.0
p16,2019-11-16,24655406868,2019-11-16 03:05:30,2019-11-16 11:18:00,stages,1,85.0,7.216666666666667,91,9.091666666666667,11.3,8.2,68.0
p16,2020-02-14,25902137595,2020-02-14 08:13:30,2020-02-14 16:24:30,stages,1,85.0,7.3,98,14.225,16.408333333333335,8.183333333333334,66.0
p16,2020-03-29,26519603409,2020-03-29 05:02:30,2020-03-29 13:43:00,stages,1,83.0,7.366666666666666,96,11.041666666666666,13.716666666666667,8.666666666666666,68.0
p16,2019-12-28,25176719527,2019-12-28 04:51:00,2019-12-28 13:02:00,stages,1,83.0,7.383333333333334,91,10.85,13.033333333333333,8.183333333333334,65.0
p16,2020-01-17,25483565578,2020-01-17 06:17:00,2020-01-17 14:33:30,stages,1,79.0,7.383333333333334,91,12.283333333333333,14.558333333333334,8.266666666666667,64.0
p16,2020-02-03,25744920969,2020-02-03 07:35:00,2020-02-03 15:54:30,stages,1,84.0,7.383333333333334,92,13.583333333333334,15.908333333333333,8.316666666666666,66.0
p16,2019-11-17,24667829211,2019-11-17 05:14:30,2019-11-17 14:01:30,stages,1,79.0,7.416666666666667,96,11.241666666666667,14.025,8.783333333333333,67.0
p16,2019-11-26,24790707813,2019-11-26 06:07:30,2019-11-26 14:54:00,stages,1,80.0,7.433333333333334,92,12.125,14.9,8.766666666666667,68.0
p16,2020-01-31,25703892788,2020-01-31 06:25:30,2020-01-31 14:59:00,stages,1,84.0,7.55,94,12.425,14.983333333333333,8.55,68.0
p16,2020-01-03,25263824965,2020-01-03 07:36:00,2020-01-03 16:30:00,stages,1,81.0,7.583333333333333,93,13.6,16.5,8.9,71.0
p16,2020-01-01,25229942679,2020-01-01 07:54:00,2020-01-01 16:50:00,stages,1,74.0,7.633333333333334,87,13.9,16.833333333333332,8.933333333333334,70.0
p16,2020-02-17,25942181057,2020-02-17 07:53:30,2020-02-17 17:25:30,stages,1,73.0,7.633333333333334,87,13.891666666666667,17.425,9.533333333333333,67.0
p16,2020-01-22,25556528489,2020-01-22 06:01:30,2020-01-22 14:48:30,stages,1,79.0,7.7,92,12.025,14.808333333333334,8.783333333333333,65.0
p16,2019-11-18,24678735549,2019-11-18 05:20:30,2019-11-18 14:23:00,stages,1,77.0,7.716666666666667,89,11.341666666666667,14.383333333333333,9.033333333333333,68.0
p16,2019-12-11,24972533015,2019-12-11 06:18:00,2019-12-11 15:10:30,stages,1,81.0,7.766666666666667,94,12.3,15.175,8.866666666666667,67.0
p16,2020-02-19,25972201866,2020-02-19 07:27:30,2020-02-19 16:25:30,stages,1,81.0,7.766666666666667,96,13.458333333333334,16.425,8.966666666666667,65.0
p16,2020-03-27,26495767462,2020-03-27 03:43:00,2020-03-27 12:19:30,stages,1,86.0,7.816666666666666,92,9.716666666666667,12.325,8.6,69.0
p16,2019-11-06,24537767497,2019-11-06 02:53:30,2019-11-06 12:39:00,stages,1,74.0,7.833333333333333,86,8.891666666666667,12.65,9.75,65.0
p16,2019-12-04,24890977954,2019-12-04 05:34:30,2019-12-04 14:35:30,stages,1,83.0,7.883333333333334,94,11.575,14.591666666666667,9.016666666666667,67.0
p16,2020-01-12,25405143988,2020-01-12 06:18:00,2020-01-12 15:41:00,stages,2,77.0,7.883333333333334,93,12.3,15.683333333333334,9.383333333333333,66.0
p16,2020-03-24,26457359082,2020-03-24 02:29:00,2020-03-24 11:36:30,stages,1,84.0,7.9,94,8.483333333333333,11.608333333333333,9.116666666666667,68.0
p16,2019-12-26,25151570457,2019-12-26 04:53:30,2019-12-26 14:07:30,stages,1,80.0,7.916666666666667,92,10.891666666666667,14.125,9.233333333333333,65.0
p16,2020-03-02,26152813875,2020-03-02 07:44:00,2020-03-02 16:44:30,stages,1,85.0,7.933333333333334,92,13.733333333333333,16.741666666666667,9.0,66.0
p16,2019-12-31,25220294058,2019-12-31 06:27:30,2019-12-31 15:12:30,stages,1,87.0,7.933333333333334,98,12.458333333333334,15.208333333333334,8.75,70.0
p16,2020-02-26,26081978494,2020-02-26 08:08:30,2020-02-26 17:32:30,stages,1,76.0,7.95,91,14.141666666666667,17.541666666666668,9.4,66.0
p16,2020-01-24,25587870332,2020-01-24 06:01:00,2020-01-24 15:05:30,stages,1,80.0,7.95,89,12.016666666666667,15.091666666666667,9.066666666666666,67.0
p16,2019-12-12,24980451031,2019-12-12 05:22:00,2019-12-12 14:30:00,stages,1,80.0,7.966666666666667,90,11.366666666666667,14.5,9.133333333333333,66.0
p16,2020-01-10,25381188442,2020-01-10 06:53:30,2020-01-10 16:07:00,stages,1,80.0,7.983333333333333,94,12.891666666666667,16.116666666666667,9.216666666666667,67.0
p16,2019-12-10,24960211381,2019-12-10 05:18:30,2019-12-10 14:17:30,stages,1,88.0,8.05,94,11.308333333333334,14.291666666666666,8.983333333333333,69.0
p16,2020-03-30,26532874137,2020-03-30 04:58:00,2020-03-30 14:02:00,stages,1,89.0,8.083333333333334,94,10.966666666666667,14.033333333333333,9.066666666666666,66.0
p16,2020-03-25,26470116596,2020-03-25 02:30:30,2020-03-25 12:04:30,stages,1,86.0,8.183333333333334,94,8.508333333333333,12.075,9.566666666666666,67.0
p16,2020-03-16,26346406987,2020-03-16 00:38:30,2020-03-16 10:03:30,stages,1,89.0,8.183333333333334,94,6.641666666666667,10.058333333333334,9.416666666666666,68.0
p16,2020-02-08,25819341995,2020-02-08 07:55:00,2020-02-08 17:18:30,stages,1,87.0,8.183333333333334,89,13.916666666666666,17.308333333333334,9.383333333333333,64.0
p16,2019-11-05,24526950765,2019-11-05 04:36:30,2019-11-05 13:53:30,stages,1,86.0,8.2,92,10.608333333333333,13.891666666666667,9.283333333333333,66.0
p16,2019-11-22,24740091015,2019-11-22 04:46:30,2019-11-22 14:31:00,stages,1,83.0,8.233333333333333,87,10.775,14.516666666666667,9.733333333333333,68.0
p16,2019-12-22,25109055415,2019-12-22 05:36:30,2019-12-22 15:02:00,stages,1,85.0,8.25,93,11.608333333333333,15.033333333333333,9.416666666666666,65.0
p16,2019-11-13,24622990198,2019-11-13 03:42:00,2019-11-13 13:17:30,stages,2,86.0,8.25,92,9.7,13.291666666666666,9.583333333333334,66.0
p16,2020-03-22,26430272724,2020-03-22 02:01:00,2020-03-22 11:16:30,stages,1,87.0,8.266666666666667,90,8.016666666666667,11.275,9.25,67.0
p16,2020-03-20,26406457719,2020-03-20 01:00:00,2020-03-20 10:50:00,stages,1,86.0,8.266666666666667,90,7.0,10.833333333333334,9.833333333333334,68.0
p16,2019-12-25,25142067603,2019-12-25 06:08:00,2019-12-25 15:30:00,stages,1,89.0,8.4,92,12.133333333333333,15.5,9.366666666666667,64.0
p16,2019-12-21,25098253601,2019-12-21 05:36:30,2019-12-21 15:08:00,stages,1,89.0,8.416666666666666,92,11.608333333333333,15.133333333333333,9.516666666666667,64.0
p16,2019-11-30,24833412578,2019-11-30 05:27:30,2019-11-30 14:56:30,stages,1,91.0,8.433333333333334,96,11.458333333333334,14.941666666666666,9.483333333333333,66.0
p16,2019-11-11,24594632863,2019-11-11 03:43:00,2019-11-11 13:03:30,stages,1,92.0,8.616666666666667,95,9.716666666666667,13.058333333333334,9.333333333333334,65.0
p16,2020-03-18,26376901580,2020-03-18 00:42:30,2020-03-18 10:45:30,stages,1,87.0,8.65,90,6.708333333333333,10.758333333333333,10.05,70.0
p16,2020-03-06,26205086378,2020-03-06 02:25:00,2020-03-06 12:27:30,stages,1,79.0,8.7,89,8.416666666666666,12.458333333333334,10.033333333333333,67.0
p16,2019-12-14,25009192349,2019-12-14 07:06:30,2019-12-14 17:15:30,stages,1,83.0,8.783333333333333,90,13.108333333333333,17.258333333333333,10.15,66.0
p16,2019-11-04,24511591686,2019-11-04 01:37:00,2019-11-04 11:45:00,stages,1,84.0,8.833333333333334,89,7.616666666666666,11.75,10.133333333333333,67.0
p16,2019-11-29,24821909892,2019-11-29 03:31:00,2019-11-29 13:48:00,stages,1,85.0,8.883333333333333,87,9.516666666666667,13.8,10.283333333333333,66.0
p16,2020-03-13,26314263336,2020-03-13 07:41:00,2020-03-13 18:08:00,stages,1,89.0,9.15,95,13.683333333333334,18.133333333333333,10.45,70.0
p16,2020-03-15,26331542325,2020-03-14 21:53:00,2020-03-15 08:59:30,stages,1,84.0,9.566666666666666,91,3.8833333333333333,8.991666666666667,11.1,68.0
p16,2019-11-09,24571641730,2019-11-09 00:42:30,2019-11-09 12:00:00,stages,1,89.0,9.933333333333334,92,6.708333333333333,12.0,11.283333333333333,65.0
p16,2019-12-17,25038100889,2019-12-17 00:33:00,2019-12-17 14:08:30,stages,1,86.0,11.6,89,6.55,14.141666666666667,13.583333333333334,66.0
p16,2020-02-11,25851499188,2020-02-11 01:43:30,2020-02-11 15:50:00,stages,2,87.0,12.216666666666667,88,7.725,15.833333333333334,14.1,65.0
