config,pid,kind,feature,dir,thr,n_in,k_in,rate_in,rate_out,score,p_global,p_feature
spec1,p01,bad,srpe_load_lag1,above,0.0,29,23,0.7931034482758621,0.36666666666666664,0.24942886725075625,0.0,0.0
spec1,p01,bad,sleep_eff_lag1,below,96.0,33,22,0.6666666666666666,0.41346153846153844,0.0826142795379613,0.19090909090909092,0.0
spec1,p01,bad,lightly_lag1,below,200.0,32,20,0.625,0.43564356435643564,0.01689744153881556,0.5818181818181818,0.1
spec1,p01,bad,sleep_h_avg3,below,5.5,24,15,0.625,0.4375,-0.01040380962092935,0.7181818181818181,0.05454545454545454
spec1,p01,bad,lightly_avg3,below,220.0,48,24,0.5,0.45454545454545453,-0.09065446522507686,1.0,0.39090909090909093
spec1,p01,bad,sleep_h_lag1,below,5.5,39,20,0.5128205128205128,0.45918367346938777,-0.09719258701242206,1.0,0.34545454545454546
spec1,p01,bad,steps_avg3,below,9000.0,11,7,0.6363636363636364,0.456,-0.10220322310836277,1.0,0.6090909090909091
spec1,p01,bad,srpe_load_avg3,above,100.0,34,17,0.5,0.47058823529411764,-0.12989760901362774,1.0,0.4090909090909091
spec1,p01,bad,bedtime_h_lag1,above,6.5,38,18,0.47368421052631576,0.47474747474747475,-0.14995968665805892,1.0,0.6363636363636364
spec1,p01,bad,bedtime_h_avg3,above,6.5,34,16,0.47058823529411764,0.47058823529411764,-0.15607571896300398,1.0,0.5454545454545454
spec1,p01,bad,mvpa_avg3,below,70.0,54,24,0.4444444444444444,0.4878048780487805,-0.16778230929280236,1.0,0.8454545454545455
spec1,p01,bad,mvpa_lag1,below,60.0,59,26,0.4406779661016949,0.5135135135135135,-0.19201339117388616,1.0,0.9
spec1,p01,bad,steps_lag1,below,10000.0,31,14,0.45161290322580644,0.49019607843137253,-0.19858125006551147,1.0,0.9272727272727272
spec1,p04,bad,bedtime_h_avg3,above,6.0,38,18,0.47368421052631576,0.2608695652173913,0.06391822287202453,0.2336448598130841,0.028037383177570093
spec1,p04,bad,bedtime_h_lag1,above,6.5,23,12,0.5217391304347826,0.28,0.04962429864218493,0.4485981308411215,0.06542056074766354
spec1,p04,bad,mvpa_lag1,below,40.0,58,23,0.39655172413793105,0.25,0.030885689501111313,0.5700934579439252,0.07476635514018691
spec1,p04,bad,lightly_lag1,below,200.0,54,21,0.3888888888888889,0.2631578947368421,0.0072595303629083285,0.7850467289719626,0.1588785046728972
spec1,p04,bad,sleep_h_lag1,below,6.0,15,8,0.5333333333333333,0.2962962962962963,0.0048700052142116035,0.794392523364486,0.1308411214953271
spec1,p04,bad,sleep_eff_lag1,below,93.0,54,21,0.3888888888888889,0.2753623188405797,-0.0049448937408292926,0.8598130841121495,0.17757009345794392
spec1,p04,bad,sleep_h_avg3,below,7.0,53,20,0.37735849056603776,0.2857142857142857,-0.02635351999694746,0.9158878504672897,0.14953271028037382
spec1,p04,bad,steps_lag1,below,9000.0,50,18,0.36,0.2875,-0.04611437032817123,0.9813084112149533,0.34579439252336447
spec1,p04,bad,steps_avg3,below,9000.0,35,14,0.4,0.30612244897959184,-0.0506173996465194,0.9813084112149533,0.22429906542056074
spec1,p04,bad,lightly_avg3,below,220.0,66,23,0.3484848484848485,0.31343283582089554,-0.06867576243529144,0.9906542056074766,0.4485981308411215
spec1,p04,bad,srpe_load_lag1,above,300.0,24,9,0.375,0.3181818181818182,-0.10659048384550363,1.0,0.5607476635514018
spec1,p04,bad,mvpa_avg3,below,40.0,53,17,0.32075471698113206,0.3375,-0.126579554106597,1.0,0.719626168224299
spec1,p04,bad,srpe_load_avg3,above,200.0,41,11,0.2682926829268293,0.3548387096774194,-0.19789065686405252,1.0,0.8037383177570093
spec1,p04,good,steps_avg3,above,11000.0,52,23,0.4423076923076923,0.24691358024691357,0.06903489163896731,0.22429906542056074,0.0
spec1,p04,good,sleep_eff_lag1,above,93.0,50,22,0.44,0.2602739726027397,0.05134589949961377,0.34579439252336447,0.04672897196261682
spec1,p04,good,bedtime_h_lag1,below,4.5,44,20,0.45454545454545453,0.26582278481012656,0.05122729305840956,0.3644859813084112,0.04672897196261682
spec1,p04,good,bedtime_h_avg3,below,4.5,27,13,0.48148148148148145,0.2815533980582524,0.025876108438838363,0.5607476635514018,0.04672897196261682
spec1,p04,good,lightly_avg3,above,220.0,66,25,0.3787878787878788,0.26865671641791045,0.002835999386250565,0.719626168224299,0.2616822429906542
spec1,p04,good,steps_lag1,above,10000.0,65,24,0.36923076923076925,0.2923076923076923,-0.030015470417019796,0.9065420560747663,0.22429906542056074
spec1,p04,good,mvpa_lag1,above,50.0,58,21,0.3620689655172414,0.3055555555555556,-0.05500821207055223,0.9813084112149533,0.3925233644859813
spec1,p04,good,lightly_lag1,above,220.0,62,22,0.3548387096774194,0.3088235294117647,-0.06139792364790431,0.9906542056074766,0.411214953271028
spec1,p04,good,mvpa_avg3,above,70.0,17,7,0.4117647058823529,0.3103448275862069,-0.09423696719489308,1.0,0.4672897196261682
spec1,p04,good,srpe_load_avg3,below,100.0,31,11,0.3548387096774194,0.32038834951456313,-0.10922387209890497,1.0,0.4392523364485981
spec1,p04,good,srpe_load_lag1,below,100.0,61,18,0.29508196721311475,0.3561643835616438,-0.1606157295217906,1.0,0.8504672897196262
spec1,p04,good,sleep_h_lag1,above,7.5,44,13,0.29545454545454547,0.35443037974683544,-0.1728767708744025,1.0,0.822429906542056
spec1,p04,good,sleep_h_avg3,above,7.5,41,8,0.1951219512195122,0.38202247191011235,-0.27967931441805305,1.0,1.0
spec1,p05,bad,lightly_lag1,below,240.0,45,25,0.5555555555555556,0.32,0.09175883416365321,0.4421052631578947,0.05263157894736842
spec1,p05,bad,sleep_h_lag1,below,5.5,27,16,0.5925925925925926,0.4,0.007263830553640882,0.7473684210526316,0.10526315789473684
spec1,p05,bad,sleep_h_avg3,below,5.5,12,8,0.6666666666666666,0.4148936170212766,-0.02427602962366271,0.8842105263157894,0.15789473684210525
spec1,p05,bad,sleep_eff_lag1,below,95.0,33,18,0.5454545454545454,0.4057971014492754,-0.02594052201177971,0.8842105263157894,0.15789473684210525
spec1,p05,bad,mvpa_avg3,below,70.0,49,22,0.4489795918367347,0.35714285714285715,-0.03861660784649379,0.9263157894736842,0.23157894736842105
spec1,p05,bad,lightly_avg3,below,240.0,42,19,0.4523809523809524,0.36363636363636365,-0.05140472544997837,0.9578947368421052,0.29473684210526313
spec1,p05,bad,steps_avg3,below,12000.0,55,22,0.4,0.390625,-0.1094419621356642,0.9894736842105263,0.5157894736842106
spec1,p05,bad,bedtime_h_lag1,above,6.0,33,16,0.48484848484848486,0.43478260869565216,-0.10974479222640993,0.9894736842105263,0.42105263157894735
spec1,p05,bad,mvpa_lag1,below,50.0,35,14,0.4,0.4117647058823529,-0.15625965654928048,1.0,0.7157894736842105
spec1,p05,bad,bedtime_h_avg3,above,6.0,29,11,0.3793103448275862,0.4675324675324675,-0.2406545102237941,1.0,0.7157894736842105
spec1,p05,bad,srpe_load_avg3,above,0.0,20,7,0.35,0.4411764705882353,-0.25998692272029067,1.0,0.8105263157894737
spec1,p05,bad,steps_lag1,below,10000.0,38,12,0.3157894736842105,0.45121951219512196,-0.26037531195845554,1.0,0.9473684210526315
spec1,p05,good,lightly_avg3,above,260.0,54,9,0.16666666666666666,0.03076923076923077,0.05947366909687313,0.3473684210526316,0.09473684210526316
spec1,p05,good,bedtime_h_lag1,below,5.5,40,4,0.1,0.04838709677419355,-0.008808209178618687,0.9052631578947369,0.22105263157894736
spec1,p05,good,steps_lag1,above,12000.0,60,7,0.11666666666666667,0.06666666666666667,-0.008990192632166182,0.9157894736842105,0.3894736842105263
spec1,p05,good,mvpa_lag1,above,90.0,48,6,0.125,0.06944444444444445,-0.010874726940436015,0.9368421052631579,0.29473684210526313
spec1,p05,good,sleep_eff_lag1,above,96.0,43,4,0.09302325581395349,0.05084745762711865,-0.014076412523772133,0.9473684210526315,0.24210526315789474
spec1,p05,good,mvpa_avg3,above,80.0,53,6,0.11320754716981132,0.07575757575757576,-0.02282798664688908,0.968421052631579,0.3473684210526316
spec1,p05,good,lightly_lag1,above,280.0,33,4,0.12121212121212122,0.08045977011494253,-0.03229893743910023,1.0,0.35789473684210527
spec1,p05,good,steps_avg3,above,14000.0,23,3,0.13043478260869565,0.08333333333333333,-0.03795756818988631,1.0,0.4105263157894737
spec1,p05,good,sleep_h_lag1,above,6.5,28,2,0.07142857142857142,0.06756756756756757,-0.04775592011979678,1.0,0.4631578947368421
spec1,p05,good,bedtime_h_avg3,below,5.5,34,2,0.058823529411764705,0.06944444444444445,-0.05316213138060201,1.0,0.5473684210526316
spec1,p05,good,sleep_h_avg3,above,6.5,21,1,0.047619047619047616,0.07058823529411765,-0.06213246582219435,1.0,0.45263157894736844
spec1,p06,bad,sleep_h_avg3,below,6.0,49,33,0.673469387755102,0.4020618556701031,0.13172758120395966,0.15,0.016666666666666666
spec1,p06,bad,sleep_h_lag1,below,6.0,56,36,0.6428571428571429,0.39325842696629215,0.11867803020702056,0.18333333333333332,0.0
spec1,p06,bad,sleep_eff_lag1,below,98.0,56,35,0.625,0.4044943820224719,0.08955687832242115,0.21666666666666667,0.05
spec1,p06,bad,bedtime_h_avg3,above,6.5,18,13,0.7222222222222222,0.4609375,0.030331724538054772,0.39166666666666666,0.16666666666666666
spec1,p06,bad,lightly_avg3,below,260.0,14,10,0.7142857142857143,0.46564885496183206,-0.012144266686675953,0.6583333333333333,0.21666666666666667
spec1,p06,bad,steps_avg3,below,10000.0,18,12,0.6666666666666666,0.4645669291338583,-0.0270762356913547,0.775,0.225
spec1,p06,bad,bedtime_h_lag1,above,6.0,49,27,0.5510204081632653,0.4583333333333333,-0.04518466533655219,0.8916666666666667,0.2916666666666667
spec1,p06,bad,mvpa_avg3,below,50.0,37,21,0.5675675675675675,0.46296296296296297,-0.053823899620955795,0.925,0.36666666666666664
spec1,p06,bad,lightly_lag1,below,320.0,70,36,0.5142857142857142,0.47368421052631576,-0.07414238312371402,0.975,0.39166666666666666
spec1,p06,bad,steps_lag1,below,6000.0,12,8,0.6666666666666666,0.47761194029850745,-0.08699435290089358,0.9833333333333333,0.5583333333333333
spec1,p06,bad,mvpa_lag1,below,70.0,73,36,0.4931506849315068,0.4931506849315068,-0.11144402628459499,0.9916666666666667,0.6416666666666667
spec1,p06,bad,srpe_load_avg3,above,100.0,26,11,0.4230769230769231,0.5042016806722689,-0.24875978164497492,1.0,0.6833333333333333
spec1,p06,bad,srpe_load_lag1,above,100.0,37,15,0.40540540540540543,0.5229357798165137,-0.2594728214171123,1.0,0.9416666666666667
spec1,p06,good,sleep_h_lag1,above,6.5,54,19,0.35185185185185186,0.054945054945054944,0.18328326227914524,0.008333333333333333,0.0
spec1,p06,good,sleep_h_avg3,above,6.5,49,15,0.30612244897959184,0.08247422680412371,0.11267900812735109,0.075,0.0
spec1,p06,good,bedtime_h_avg3,below,5.0,18,7,0.3888888888888889,0.125,0.0780499192693116,0.2,0.008333333333333333
spec1,p06,good,bedtime_h_lag1,below,5.5,58,13,0.22413793103448276,0.12643678160919541,0.009498551719520215,0.7833333333333333,0.15
spec1,p06,good,mvpa_lag1,above,80.0,62,9,0.14516129032258066,0.16666666666666666,-0.08837343610319659,1.0,0.875
spec1,p06,good,steps_avg3,above,16000.0,38,5,0.13157894736842105,0.16822429906542055,-0.11068647030810619,1.0,0.9083333333333333
spec1,p06,good,steps_lag1,above,16000.0,55,7,0.12727272727272726,0.17582417582417584,-0.11278287164937388,1.0,0.9333333333333333
spec1,p06,good,lightly_avg3,above,400.0,16,2,0.125,0.16279069767441862,-0.12781394833736148,1.0,0.95
spec1,p06,good,mvpa_avg3,above,120.0,16,2,0.125,0.16279069767441862,-0.12781394833736148,1.0,0.8916666666666667
spec1,p06,good,sleep_eff_lag1,above,98.0,59,7,0.11864406779661017,0.19767441860465115,-0.13899933582551113,1.0,0.9666666666666667
spec1,p06,good,lightly_lag1,above,380.0,45,4,0.08888888888888889,0.18811881188118812,-0.15300826374698495,1.0,0.9833333333333333
spec1,p07,bad,bedtime_h_avg3,above,6.0,38,14,0.3684210526315789,0.16666666666666666,0.06717346488747128,0.2647058823529412,0.0392156862745098
spec1,p07,bad,lightly_lag1,below,200.0,19,7,0.3684210526315789,0.19444444444444445,-0.0029517206817060437,0.8823529411764706,0.20588235294117646
spec1,p07,bad,sleep_h_avg3,below,6.5,19,7,0.3684210526315789,0.2018348623853211,-0.010342138622582708,0.9117647058823529,0.18627450980392157
spec1,p07,bad,bedtime_h_lag1,above,6.5,20,7,0.35,0.21153846153846154,-0.030348913670516925,0.9705882352941176,0.30392156862745096
spec1,p07,bad,mvpa_lag1,below,70.0,35,10,0.2857142857142857,0.1956521739130435,-0.032388539930087834,0.9705882352941176,0.27450980392156865
spec1,p07,bad,sleep_h_lag1,below,6.0,13,5,0.38461538461538464,0.21621621621621623,-0.03912175040384805,0.9705882352941176,0.30392156862745096
spec1,p07,bad,sleep_eff_lag1,below,95.0,35,10,0.2857142857142857,0.21348314606741572,-0.05021951208446007,0.9901960784313726,0.4019607843137255
spec1,p07,bad,steps_lag1,below,9000.0,11,4,0.36363636363636365,0.20689655172413793,-0.05523431558282407,1.0,0.5490196078431373
spec1,p07,bad,mvpa_avg3,below,70.0,33,9,0.2727272727272727,0.2127659574468085,-0.0620932308835804,1.0,0.5294117647058824
spec1,p07,bad,lightly_avg3,below,220.0,24,7,0.2916666666666667,0.21359223300970873,-0.06444762966806594,1.0,0.5392156862745098
spec1,p07,bad,steps_avg3,below,11000.0,12,4,0.3333333333333333,0.21739130434782608,-0.07927346445046474,1.0,0.6176470588235294
spec1,p07,bad,srpe_load_avg3,above,300.0,47,10,0.2127659574468085,0.2345679012345679,-0.11467209999209471,1.0,0.6666666666666666
spec1,p07,bad,srpe_load_lag1,above,300.0,47,6,0.1276595744680851,0.2804878048780488,-0.22064257707602403,1.0,1.0
spec1,p07,good,sleep_h_lag1,above,8.0,26,14,0.5384615384615384,0.336734693877551,0.017841668166750146,0.7352941176470589,0.058823529411764705
spec1,p07,good,sleep_h_avg3,above,7.5,30,15,0.5,0.3469387755102041,-0.015400263238466494,0.8921568627450981,0.0392156862745098
spec1,p07,good,srpe_load_lag1,below,100.0,33,14,0.42424242424242425,0.375,-0.10264641004970099,1.0,0.5294117647058824
spec1,p07,good,mvpa_lag1,above,130.0,20,9,0.45,0.37383177570093457,-0.11563675484384162,1.0,0.6372549019607843
spec1,p07,good,mvpa_avg3,above,130.0,12,6,0.5,0.3739130434782609,-0.12013487308483867,1.0,0.696078431372549
spec1,p07,good,srpe_load_avg3,below,200.0,35,13,0.37142857142857144,0.3870967741935484,-0.15544070050463776,1.0,0.5882352941176471
spec1,p07,good,steps_lag1,above,22000.0,11,5,0.45454545454545453,0.3793103448275862,-0.1666007693877057,1.0,0.8235294117647058
spec1,p07,good,bedtime_h_avg3,below,5.5,64,22,0.34375,0.421875,-0.1826452496453097,1.0,0.8921568627450981
spec1,p07,good,sleep_eff_lag1,above,96.0,38,13,0.34210526315789475,0.3953488372093023,-0.18322663694471275,1.0,0.7549019607843137
spec1,p07,good,lightly_avg3,above,280.0,26,9,0.34615384615384615,0.39603960396039606,-0.20191945423187477,1.0,0.9019607843137255
spec1,p07,good,bedtime_h_lag1,below,4.0,10,4,0.4,0.37719298245614036,-0.20901540125263068,1.0,0.8725490196078431
spec1,p07,good,lightly_lag1,above,260.0,56,17,0.30357142857142855,0.4507042253521127,-0.25170257914435346,1.0,0.9901960784313726
spec1,p07,good,steps_avg3,above,18000.0,41,12,0.2926829268292683,0.43023255813953487,-0.25414238180894605,1.0,0.9803921568627451
spec1,p08,bad,sleep_h_avg3,below,7.0,26,13,0.5,0.22058823529411764,0.10001482785590315,0.18840579710144928,0.014492753623188406
spec1,p08,bad,sleep_h_lag1,below,7.0,31,14,0.45161290322580644,0.2222222222222222,0.06939260614363885,0.30434782608695654,0.014492753623188406
spec1,p08,bad,lightly_avg3,below,220.0,43,17,0.3953488372093023,0.20833333333333334,0.05531772865123066,0.391304347826087,0.014492753623188406
spec1,p08,bad,mvpa_lag1,below,100.0,36,14,0.3888888888888889,0.2413793103448276,0.006467243833401859,0.7681159420289855,0.08695652173913043
spec1,p08,bad,bedtime_h_lag1,above,7.0,12,6,0.5,0.2682926829268293,-0.014514512533407076,0.8840579710144928,0.2608695652173913
spec1,p08,bad,steps_avg3,below,17000.0,44,15,0.3409090909090909,0.2553191489361702,-0.03656282264977076,0.9130434782608695,0.2753623188405797
spec1,p08,bad,steps_lag1,below,10000.0,10,5,0.5,0.27380952380952384,-0.03721993019403655,0.927536231884058,0.3333333333333333
spec1,p08,bad,sleep_eff_lag1,below,94.0,37,13,0.35135135135135137,0.2631578947368421,-0.044903828425833375,0.9565217391304348,0.3333333333333333
spec1,p08,bad,lightly_lag1,below,160.0,11,5,0.45454545454545453,0.27710843373493976,-0.06439885829505929,0.9710144927536232,0.36231884057971014
spec1,p08,bad,mvpa_avg3,below,110.0,32,11,0.34375,0.2711864406779661,-0.0670841071346806,0.9710144927536232,0.2898550724637681
spec1,p08,bad,bedtime_h_avg3,above,6.0,30,8,0.26666666666666666,0.3125,-0.17067504446089382,1.0,0.7681159420289855
spec1,p08,bad,srpe_load_lag1,above,400.0,29,7,0.2413793103448276,0.31343283582089554,-0.19125015397027423,1.0,0.927536231884058
spec1,p08,bad,srpe_load_avg3,above,400.0,25,4,0.16,0.34285714285714286,-0.27882366677136294,1.0,0.9855072463768116
spec1,p08,good,sleep_eff_lag1,above,94.0,42,26,0.6190476190476191,0.40384615384615385,0.06429152835380991,0.3188405797101449,0.07246376811594203
spec1,p08,good,sleep_h_lag1,above,7.5,31,20,0.6451612903225806,0.42857142857142855,0.040904951856720384,0.4492753623188406,0.028985507246376812
spec1,p08,good,mvpa_lag1,above,120.0,42,23,0.5476190476190477,0.4423076923076923,-0.042819064836465304,0.927536231884058,0.30434782608695654
spec1,p08,good,sleep_h_avg3,above,8.0,10,7,0.7,0.47619047619047616,-0.07941725621091095,0.9855072463768116,0.34782608695652173
spec1,p08,good,mvpa_avg3,above,150.0,20,12,0.6,0.4788732394366197,-0.09229529712141366,1.0,0.4492753623188406
spec1,p08,good,steps_lag1,above,17000.0,47,24,0.5106382978723404,0.46808510638297873,-0.0956629304892499,1.0,0.4492753623188406
spec1,p08,good,srpe_load_lag1,below,200.0,25,14,0.56,0.4788732394366197,-0.10820306924097534,1.0,0.4057971014492754
spec1,p08,good,lightly_avg3,above,240.0,32,17,0.53125,0.4915254237288136,-0.1270330444030754,1.0,0.463768115942029
spec1,p08,good,srpe_load_avg3,below,300.0,39,20,0.5128205128205128,0.5,-0.1380089135430343,1.0,0.5797101449275363
spec1,p08,good,bedtime_h_avg3,below,5.5,27,14,0.5185185185185185,0.4925373134328358,-0.15268406757073155,1.0,0.4492753623188406
spec1,p08,good,lightly_lag1,above,240.0,37,18,0.4864864864864865,0.49122807017543857,-0.1567665369033282,1.0,0.5652173913043478
spec1,p08,good,steps_avg3,above,18000.0,40,19,0.475,0.5294117647058824,-0.20005946920406542,1.0,0.855072463768116
spec1,p08,good,bedtime_h_lag1,below,5.5,37,17,0.4594594594594595,0.5263157894736842,-0.2159325111891069,1.0,0.7681159420289855
spec1,p09,bad,sleep_h_lag1,below,5.5,19,9,0.47368421052631576,0.14666666666666667,0.12662838820781874,0.041666666666666664,0.0
spec1,p09,bad,sleep_eff_lag1,below,93.0,41,11,0.2682926829268293,0.16981132075471697,-0.01286326794135012,0.7916666666666666,0.2222222222222222
spec1,p09,bad,lightly_lag1,below,120.0,20,7,0.35,0.20967741935483872,-0.028487871486894106,0.875,0.18055555555555555
spec1,p09,bad,lightly_avg3,below,140.0,34,10,0.29411764705882354,0.2037037037037037,-0.035359177604384145,0.9027777777777778,0.20833333333333334
spec1,p09,bad,mvpa_avg3,below,20.0,35,10,0.2857142857142857,0.20754716981132076,-0.04428353582836511,0.9305555555555556,0.2638888888888889
spec1,p09,bad,steps_lag1,below,4000.0,18,6,0.3333333333333333,0.21875,-0.05596445636337144,0.9444444444444444,0.2222222222222222
spec1,p09,bad,mvpa_lag1,below,10.0,23,7,0.30434782608695654,0.22033898305084745,-0.06430070284112288,0.9583333333333334,0.16666666666666666
spec1,p09,bad,steps_avg3,below,5000.0,29,8,0.27586206896551724,0.22033898305084745,-0.07335316966582006,0.9722222222222222,0.3611111111111111
spec1,p09,bad,bedtime_h_lag1,above,8.5,39,9,0.23076923076923078,0.2,-0.0735433757121624,0.9722222222222222,0.5416666666666666
spec1,p09,bad,sleep_h_avg3,below,6.5,29,7,0.2413793103448276,0.21212121212121213,-0.0899385302705908,0.9861111111111112,0.5694444444444444
spec1,p09,bad,bedtime_h_avg3,above,10.0,13,3,0.23076923076923078,0.21951219512195122,-0.1377184041972941,1.0,0.7916666666666666
spec1,p09,good,lightly_avg3,above,160.0,41,18,0.43902439024390244,0.2127659574468085,0.08613309027428981,0.2361111111111111,0.027777777777777776
spec1,p09,good,lightly_lag1,above,180.0,29,13,0.4482758620689655,0.24528301886792453,0.03884609261953337,0.4583333333333333,0.08333333333333333
spec1,p09,good,mvpa_lag1,above,20.0,40,16,0.4,0.23809523809523808,0.025385868028775516,0.5416666666666666,0.08333333333333333
spec1,p09,good,steps_lag1,above,7000.0,34,14,0.4117647058823529,0.25,0.013657377856888586,0.7083333333333334,0.08333333333333333
spec1,p09,good,sleep_h_lag1,above,7.5,34,15,0.4411764705882353,0.2833333333333333,0.00549906881963419,0.7638888888888888,0.18055555555555555
spec1,p09,good,steps_avg3,above,7000.0,36,14,0.3888888888888889,0.2692307692307692,-0.021384215052539762,0.9027777777777778,0.19444444444444445
spec1,p09,good,sleep_eff_lag1,above,94.0,34,14,0.4117647058823529,0.3,-0.0363426221431114,0.9305555555555556,0.18055555555555555
spec1,p09,good,mvpa_avg3,above,30.0,38,14,0.3684210526315789,0.28,-0.04615986844586209,0.9861111111111112,0.25
spec1,p09,good,sleep_h_avg3,above,8.0,19,8,0.42105263157894735,0.3026315789473684,-0.07121537502706463,1.0,0.4166666666666667
spec1,p09,good,bedtime_h_lag1,below,6.5,14,6,0.42857142857142855,0.325,-0.11119490069599475,1.0,0.7083333333333334
spec1,p09,good,bedtime_h_avg3,below,8.0,44,14,0.3181818181818182,0.3333333333333333,-0.13334203401659767,1.0,0.7638888888888888
spec1,p10,bad,sleep_h_lag1,below,7.0,23,13,0.5652173913043478,0.19298245614035087,0.17512803690981876,0.01639344262295082,0.0
spec1,p10,bad,sleep_eff_lag1,below,91.0,24,13,0.5416666666666666,0.19642857142857142,0.15431696410249487,0.03278688524590164,0.0
spec1,p10,bad,lightly_avg3,below,260.0,36,14,0.3888888888888889,0.20833333333333334,0.03951322084489611,0.4918032786885246,0.09836065573770492
spec1,p10,bad,sleep_h_avg3,below,7.0,19,8,0.42105263157894735,0.24615384615384617,-0.014737642233542375,0.8360655737704918,0.09836065573770492
spec1,p10,bad,steps_lag1,below,12000.0,42,14,0.3333333333333333,0.23809523809523808,-0.027972430475514898,0.9344262295081968,0.2786885245901639
spec1,p10,bad,mvpa_avg3,below,50.0,35,11,0.3142857142857143,0.2653061224489796,-0.07979954185115504,0.9836065573770492,0.47540983606557374
spec1,p10,bad,bedtime_h_lag1,above,7.0,16,6,0.375,0.28125,-0.09644017445247197,1.0,0.5081967213114754
spec1,p10,bad,srpe_load_avg3,above,100.0,25,8,0.32,0.2777777777777778,-0.10572790260886633,1.0,0.3770491803278688
spec1,p10,bad,lightly_lag1,below,260.0,36,10,0.2777777777777778,0.2916666666666667,-0.13318496640852873,1.0,0.639344262295082
spec1,p10,bad,srpe_load_lag1,above,100.0,22,7,0.3181818181818182,0.2982456140350877,-0.13464174048816294,1.0,0.5245901639344263
spec1,p10,bad,steps_avg3,below,12000.0,38,10,0.2631578947368421,0.30434782608695654,-0.15463320218994356,1.0,0.8360655737704918
spec1,p10,bad,mvpa_lag1,below,40.0,36,9,0.25,0.3125,-0.17499676160774613,1.0,0.8688524590163934
spec1,p10,bad,bedtime_h_avg3,above,6.5,27,6,0.2222222222222222,0.3157894736842105,-0.20971851879012096,1.0,0.9180327868852459
spec1,p10,good,lightly_avg3,above,340.0,10,10,1.0,0.4189189189189189,0.3035409123144645,0.0,0.0
spec1,p10,good,lightly_lag1,above,320.0,21,17,0.8095238095238095,0.38095238095238093,0.2190377536548861,0.0,0.0
spec1,p10,good,sleep_h_lag1,above,7.5,40,24,0.6,0.375,0.07095619827393507,0.19672131147540983,0.03278688524590164
spec1,p10,good,steps_lag1,above,12000.0,42,24,0.5714285714285714,0.40476190476190477,0.017297874356839937,0.3442622950819672,0.09836065573770492
spec1,p10,good,sleep_h_avg3,above,7.5,34,20,0.5882352941176471,0.42,0.0022130414651927444,0.4918032786885246,0.04918032786885246
spec1,p10,good,sleep_eff_lag1,above,92.0,31,18,0.5806451612903226,0.42857142857142855,-0.020911785051218823,0.6885245901639344,0.13114754098360656
spec1,p10,good,bedtime_h_lag1,below,5.5,15,10,0.6666666666666666,0.4461538461538462,-0.02902259464171636,0.7049180327868853,0.16393442622950818
spec1,p10,good,mvpa_lag1,above,60.0,34,16,0.47058823529411764,0.5,-0.18548748366888634,1.0,0.8360655737704918
spec1,p10,good,steps_avg3,above,14000.0,26,12,0.46153846153846156,0.5,-0.21244417304765095,1.0,0.8360655737704918
spec1,p10,good,mvpa_avg3,above,70.0,27,10,0.37037037037037035,0.543859649122807,-0.3285367784434385,1.0,0.9836065573770492
spec1,p10,good,bedtime_h_avg3,below,6.0,23,8,0.34782608695652173,0.5409836065573771,-0.3528730601875547,1.0,0.9836065573770492
spec1,p11,bad,sleep_eff_lag1,below,96.0,26,12,0.46153846153846156,0.25,0.03755582695234905,0.569620253164557,0.06329113924050633
spec1,p11,bad,bedtime_h_lag1,above,6.0,33,13,0.3939393939393939,0.2602739726027397,-0.013445150287657665,0.8734177215189873,0.22784810126582278
spec1,p11,bad,lightly_avg3,below,300.0,51,18,0.35294117647058826,0.25925925925925924,-0.022916205446661397,0.9113924050632911,0.24050632911392406
spec1,p11,bad,lightly_lag1,below,200.0,18,8,0.4444444444444444,0.2727272727272727,-0.027134961713381478,0.9240506329113924,0.17721518987341772
spec1,p11,bad,steps_lag1,below,11000.0,52,18,0.34615384615384615,0.25925925925925924,-0.0277509785198731,0.9240506329113924,0.35443037974683544
spec1,p11,bad,steps_avg3,below,12000.0,52,18,0.34615384615384615,0.2641509433962264,-0.032642662656840266,0.9493670886075949,0.35443037974683544
spec1,p11,bad,mvpa_avg3,below,50.0,38,14,0.3684210526315789,0.26865671641791045,-0.03481658486377251,0.9493670886075949,0.35443037974683544
spec1,p11,bad,mvpa_lag1,below,20.0,22,9,0.4090909090909091,0.27380952380952384,-0.04125392712132006,0.9493670886075949,0.43037974683544306
spec1,p11,bad,sleep_h_lag1,below,7.0,50,17,0.34,0.26785714285714285,-0.04348944650653225,0.9493670886075949,0.16455696202531644
spec1,p11,bad,sleep_h_avg3,below,7.0,44,14,0.3181818181818182,0.29508196721311475,-0.0950906678963791,1.0,0.45569620253164556
spec1,p11,bad,bedtime_h_avg3,above,5.5,47,13,0.2765957446808511,0.3275862068965517,-0.15822214698502238,1.0,0.7974683544303798
spec1,p11,bad,srpe_load_lag1,above,100.0,26,5,0.19230769230769232,0.3076923076923077,-0.22262294997442503,1.0,0.8607594936708861
spec1,p11,bad,srpe_load_avg3,above,200.0,17,3,0.17647058823529413,0.2972972972972973,-0.2353871601718074,1.0,0.7848101265822784
spec1,p14,bad,lightly_avg3,below,120.0,12,8,0.6666666666666666,0.3780487804878049,0.012568806909808994,0.875,0.0375
spec1,p14,bad,mvpa_lag1,below,50.0,32,17,0.53125,0.359375,0.005117379325738192,0.9,0.1125
spec1,p14,bad,steps_lag1,below,8000.0,19,11,0.5789473684210527,0.37662337662337664,-0.01386786197177553,0.9875,0.1875
spec1,p14,bad,lightly_lag1,below,140.0,31,16,0.5161290322580645,0.36923076923076925,-0.020829586361037544,0.9875,0.0625
spec1,p14,bad,steps_avg3,below,9000.0,15,9,0.6,0.379746835443038,-0.022282407877960986,0.9875,0.2625
spec1,p14,bad,mvpa_avg3,below,50.0,22,12,0.5454545454545454,0.375,-0.02840526710958441,0.9875,0.2375
spec1,p14,bad,sleep_h_lag1,below,7.5,49,23,0.46938775510204084,0.38461538461538464,-0.04758256563643687,1.0,0.2125
spec1,p14,bad,sleep_h_avg3,below,7.0,33,16,0.48484848484848486,0.37681159420289856,-0.05177377773365632,1.0,0.2875
spec1,p14,bad,srpe_load_avg3,above,100.0,51,24,0.47058823529411764,0.4339622641509434,-0.09343454988677935,1.0,0.35
spec1,p14,bad,srpe_load_lag1,above,100.0,39,18,0.46153846153846156,0.4461538461538462,-0.13048737381336267,1.0,0.5375
spec1,p14,bad,sleep_eff_lag1,below,89.0,17,8,0.47058823529411764,0.4166666666666667,-0.15501865470578563,1.0,0.9
spec1,p14,bad,bedtime_h_avg3,above,4.5,23,9,0.391304347826087,0.4177215189873418,-0.19614773916352032,1.0,0.8375
spec1,p14,bad,bedtime_h_lag1,above,4.5,25,9,0.36,0.4473684210526316,-0.24489185673527522,1.0,0.9125
spec1,p14,good,srpe_load_avg3,below,100.0,49,15,0.30612244897959184,0.10909090909090909,0.08606232584056571,0.3625,0.0
spec1,p14,good,lightly_lag1,above,180.0,21,8,0.38095238095238093,0.14666666666666667,0.060841011313158416,0.575,0.025
spec1,p14,good,sleep_eff_lag1,above,93.0,45,11,0.24444444444444444,0.14285714285714285,-0.0005037926020499961,0.9125,0.2625
spec1,p14,good,lightly_avg3,above,160.0,43,11,0.2558139534883721,0.1568627450980392,-0.007569086327383789,0.925,0.2125
spec1,p14,good,mvpa_lag1,above,140.0,12,4,0.3333333333333333,0.17857142857142858,-0.04045358867406723,0.9875,0.4
spec1,p14,good,mvpa_avg3,above,120.0,12,3,0.25,0.1951219512195122,-0.10618191159055083,1.0,0.7125
spec1,p14,good,steps_lag1,above,12000.0,45,8,0.17777777777777778,0.21568627450980393,-0.12274348525126563,1.0,0.875
spec1,p14,good,sleep_h_lag1,above,8.0,39,6,0.15384615384615385,0.20967741935483872,-0.13720368090432405,1.0,0.8375
spec1,p14,good,steps_avg3,above,19000.0,10,2,0.2,0.20238095238095238,-0.14570000440025907,1.0,0.9
spec1,p14,good,bedtime_h_lag1,below,2.5,16,1,0.0625,0.21176470588235294,-0.20064564857402173,1.0,0.975
spec1,p14,good,bedtime_h_avg3,below,2.5,14,1,0.07142857142857142,0.22727272727272727,-0.21455084116043563,1.0,0.9625
spec1,p14,good,sleep_h_avg3,above,8.0,32,3,0.09375,0.2571428571428571,-0.2247418945165376,1.0,1.0
spec1,p15,bad,sleep_h_lag1,below,7.5,43,23,0.5348837209302325,0.38,0.009153897288727786,0.6515151515151515,0.16666666666666666
spec1,p15,bad,srpe_load_avg3,above,600.0,25,14,0.56,0.42424242424242425,-0.0535722540467799,0.9393939393939394,0.2727272727272727
spec1,p15,bad,bedtime_h_lag1,above,5.5,28,15,0.5357142857142857,0.4153846153846154,-0.057260663963598746,0.9393939393939394,0.16666666666666666
spec1,p15,bad,srpe_load_lag1,above,600.0,33,17,0.5151515151515151,0.41379310344827586,-0.061612057586173385,0.9393939393939394,0.3939393939393939
spec1,p15,bad,sleep_h_avg3,below,7.0,13,8,0.6153846153846154,0.425,-0.06977519027731449,0.9545454545454546,0.30303030303030304
spec1,p15,bad,mvpa_lag1,below,120.0,46,22,0.4782608695652174,0.43478260869565216,-0.09353800993893102,0.9696969696969697,0.42424242424242425
spec1,p15,bad,bedtime_h_avg3,above,6.0,12,7,0.5833333333333334,0.43209876543209874,-0.11259142977672593,1.0,0.4090909090909091
spec1,p15,bad,sleep_eff_lag1,below,96.0,29,14,0.4827586206896552,0.4375,-0.12364180669204777,1.0,0.48484848484848486
spec1,p15,bad,steps_avg3,below,13000.0,32,14,0.4375,0.45901639344262296,-0.1773655337481912,1.0,0.7272727272727273
spec1,p15,bad,steps_lag1,below,13000.0,38,16,0.42105263157894735,0.48148148148148145,-0.20295873336328618,1.0,0.8181818181818182
spec1,p15,bad,lightly_lag1,below,160.0,21,9,0.42857142857142855,0.4647887323943662,-0.22009173752915573,1.0,0.7878787878787878
spec1,p15,bad,mvpa_avg3,below,90.0,22,9,0.4090909090909091,0.4647887323943662,-0.2322331357061624,1.0,0.9090909090909091
spec1,p15,bad,lightly_avg3,below,180.0,26,9,0.34615384615384615,0.4925373134328358,-0.2984171637043145,1.0,0.9393939393939394
spec1,p15,good,srpe_load_lag1,below,100.0,19,11,0.5789473684210527,0.3194444444444444,0.04331107020715669,0.5303030303030303,0.045454545454545456
spec1,p15,good,mvpa_lag1,above,120.0,45,19,0.4222222222222222,0.3191489361702128,-0.0294640563533346,0.8484848484848485,0.25757575757575757
spec1,p15,good,bedtime_h_avg3,below,5.0,37,16,0.43243243243243246,0.32142857142857145,-0.03471370302505833,0.9545454545454546,0.3787878787878788
spec1,p15,good,sleep_eff_lag1,above,96.0,33,14,0.42424242424242425,0.3333333333333333,-0.0609797433830343,0.9848484848484849,0.24242424242424243
spec1,p15,good,lightly_avg3,above,200.0,35,14,0.4,0.3448275862068966,-0.08932253687382413,1.0,0.3939393939393939
spec1,p15,good,srpe_load_avg3,below,400.0,36,14,0.3888888888888889,0.34545454545454546,-0.097607991276316,1.0,0.48484848484848486
spec1,p15,good,lightly_lag1,above,220.0,25,10,0.4,0.3582089552238806,-0.1241783785819714,1.0,0.5757575757575758
spec1,p15,good,steps_lag1,above,16000.0,26,10,0.38461538461538464,0.36363636363636365,-0.1393527685180194,1.0,0.7424242424242424
spec1,p15,good,sleep_h_avg3,above,8.0,18,7,0.3888888888888889,0.36,-0.1569500807306884,1.0,0.5
spec1,p15,good,sleep_h_lag1,above,8.0,34,12,0.35294117647058826,0.3728813559322034,-0.1580042069792427,1.0,0.7121212121212122
spec1,p15,good,bedtime_h_lag1,below,5.0,41,14,0.34146341463414637,0.38461538461538464,-0.16902921094895001,1.0,0.8181818181818182
spec1,p15,good,mvpa_avg3,above,120.0,37,12,0.32432432432432434,0.39285714285714285,-0.19652636464898804,1.0,0.8787878787878788
spec1,p15,good,steps_avg3,above,14000.0,37,11,0.2972972972972973,0.4107142857142857,-0.2358212622502037,1.0,0.9696969696969697
spec1,p16,bad,sleep_h_lag1,below,5.5,10,10,1.0,0.22535211267605634,0.49710771855732705,0.0,0.0
spec1,p16,bad,bedtime_h_lag1,above,14.0,15,10,0.6666666666666666,0.24242424242424243,0.1747070090878874,0.01818181818181818,0.0
spec1,p16,bad,sleep_eff_lag1,below,90.0,18,11,0.6111111111111112,0.23809523809523808,0.1480914477113236,0.05454545454545454,0.01818181818181818
spec1,p16,bad,bedtime_h_avg3,above,13.0,27,14,0.5185185185185185,0.22641509433962265,0.1134381515224816,0.09090909090909091,0.0
spec1,p16,bad,sleep_h_avg3,below,6.5,33,16,0.48484848484848486,0.2127659574468085,0.11227185902243372,0.09090909090909091,0.01818181818181818
spec1,p16,bad,lightly_lag1,below,80.0,33,14,0.42424242424242425,0.26666666666666666,0.00568692328363235,0.4,0.10909090909090909
spec1,p16,bad,steps_lag1,below,1000.0,24,11,0.4583333333333333,0.2777777777777778,0.0011328057390365132,0.41818181818181815,0.07272727272727272
spec1,p16,bad,lightly_avg3,below,80.0,31,13,0.41935483870967744,0.27450980392156865,-0.010356773186076085,0.4909090909090909,0.10909090909090909
spec1,p16,good,steps_avg3,above,3000.0,14,9,0.6428571428571429,0.23529411764705882,0.1523459291743453,0.01818181818181818,0.0
spec1,p16,good,steps_lag1,above,2000.0,27,12,0.4444444444444444,0.21568627450980393,0.060169702190924323,0.18181818181818182,0.05454545454545454
spec1,p16,good,lightly_lag1,above,100.0,21,10,0.47619047619047616,0.22807017543859648,0.055366947529032984,0.18181818181818182,0.03636363636363636
spec1,p16,good,sleep_eff_lag1,above,93.0,22,10,0.45454545454545453,0.2542372881355932,0.014962856184455253,0.43636363636363634,0.14545454545454545
spec1,p16,good,bedtime_h_avg3,below,12.0,33,13,0.3939393939393939,0.23404255319148937,0.01278626912359268,0.45454545454545453,0.05454545454545454
spec1,p16,good,sleep_h_lag1,above,7.0,29,12,0.41379310344827586,0.25,0.005129352796455211,0.4909090909090909,0.07272727272727272
spec1,p16,good,mvpa_avg3,above,10.0,14,7,0.5,0.2647058823529412,0.003282796841811597,0.5272727272727272,0.05454545454545454
spec1,p16,good,mvpa_lag1,above,0.0,22,9,0.4090909090909091,0.25,-0.017444403311796225,0.6363636363636364,0.10909090909090909
spec1,p16,good,lightly_avg3,above,100.0,21,9,0.42857142857142855,0.26229508196721313,-0.01759808710200267,0.6363636363636364,0.09090909090909091
spec1,p16,good,sleep_h_avg3,above,7.0,26,10,0.38461538461538464,0.25925925925925924,-0.03497566414091499,0.7454545454545455,0.10909090909090909
spec1,p16,good,bedtime_h_lag1,below,9.5,11,5,0.45454545454545453,0.2857142857142857,-0.07300471027440522,0.9818181818181818,0.3090909090909091
spec2,p01,bad,srpe_load_lag1,above,0.0,29,23,0.7931034482758621,0.36666666666666664,0.24942886725075625,0.0,0.0
spec2,p01,bad,lightly_lag1,below,200.0,32,20,0.625,0.43564356435643564,0.01689744153881556,0.6636363636363637,0.1
spec2,p01,bad,hr_sleep_mean_lag1,above,57.0,43,25,0.5813953488372093,0.425531914893617,0.00775124266350069,0.7,0.12727272727272726
spec2,p01,bad,sleep_h_avg3,below,5.5,24,15,0.625,0.4375,-0.01040380962092935,0.8363636363636363,0.05454545454545454
spec2,p01,bad,wake_pct_lag1,above,11.0,66,34,0.5151515151515151,0.43661971830985913,-0.039515869870501596,0.9545454545454546,0.2909090909090909
spec2,p01,bad,lightly_avg3,below,220.0,48,24,0.5,0.45454545454545453,-0.09065446522507686,1.0,0.39090909090909093
spec2,p01,bad,sleep_h_lag1,below,5.5,39,20,0.5128205128205128,0.45918367346938777,-0.09719258701242206,1.0,0.34545454545454546
spec2,p01,bad,steps_avg3,below,9000.0,11,7,0.6363636363636364,0.456,-0.10220322310836277,1.0,0.6090909090909091
spec2,p01,bad,srpe_load_avg3,above,100.0,34,17,0.5,0.47058823529411764,-0.12989760901362774,1.0,0.4090909090909091
spec2,p01,bad,bedtime_h_lag1,above,6.5,38,18,0.47368421052631576,0.47474747474747475,-0.14995968665805892,1.0,0.6363636363636364
spec2,p01,bad,bedtime_h_avg3,above,6.5,34,16,0.47058823529411764,0.47058823529411764,-0.15607571896300398,1.0,0.5454545454545454
spec2,p01,bad,mvpa_avg3,below,70.0,54,24,0.4444444444444444,0.4878048780487805,-0.16778230929280236,1.0,0.8454545454545455
spec2,p01,bad,mvpa_lag1,below,60.0,59,26,0.4406779661016949,0.5135135135135135,-0.19201339117388616,1.0,0.9
spec2,p01,bad,steps_lag1,below,10000.0,31,14,0.45161290322580644,0.49019607843137253,-0.19858125006551147,1.0,0.9272727272727272
spec2,p01,bad,rem_pct_lag1,below,16.0,67,27,0.40298507462686567,0.5428571428571428,-0.2489540235534493,1.0,0.9818181818181818
spec2,p04,bad,bedtime_h_avg3,above,6.0,38,18,0.47368421052631576,0.2608695652173913,0.06391822287202453,0.308411214953271,0.028037383177570093
spec2,p04,bad,bedtime_h_lag1,above,6.5,23,12,0.5217391304347826,0.28,0.04962429864218493,0.4672897196261682,0.06542056074766354
spec2,p04,bad,mvpa_lag1,below,40.0,58,23,0.39655172413793105,0.25,0.030885689501111313,0.5794392523364486,0.07476635514018691
spec2,p04,bad,lightly_lag1,below,200.0,54,21,0.3888888888888889,0.2631578947368421,0.0072595303629083285,0.7850467289719626,0.1588785046728972
spec2,p04,bad,sleep_h_lag1,below,6.0,15,8,0.5333333333333333,0.2962962962962963,0.0048700052142116035,0.794392523364486,0.1308411214953271
spec2,p04,bad,rem_pct_lag1,below,22.0,45,18,0.4,0.28205128205128205,-0.011804487571706601,0.897196261682243,0.1588785046728972
spec2,p04,bad,sleep_h_avg3,below,7.0,53,20,0.37735849056603776,0.2857142857142857,-0.02635351999694746,0.9532710280373832,0.14953271028037382
spec2,p04,bad,hr_sleep_mean_lag1,above,69.0,56,21,0.375,0.2878787878787879,-0.027778491411866002,0.9532710280373832,0.2897196261682243
spec2,p04,bad,wake_pct_lag1,above,15.0,25,11,0.44,0.29591836734693877,-0.02926461787691309,0.9532710280373832,0.21495327102803738
spec2,p04,bad,steps_lag1,below,9000.0,50,18,0.36,0.2875,-0.04611437032817123,0.9906542056074766,0.34579439252336447
spec2,p04,bad,steps_avg3,below,9000.0,35,14,0.4,0.30612244897959184,-0.0506173996465194,0.9906542056074766,0.22429906542056074
spec2,p04,bad,lightly_avg3,below,220.0,66,23,0.3484848484848485,0.31343283582089554,-0.06867576243529144,1.0,0.4485981308411215
spec2,p04,bad,srpe_load_lag1,above,300.0,24,9,0.375,0.3181818181818182,-0.10659048384550363,1.0,0.5607476635514018
spec2,p04,bad,mvpa_avg3,below,40.0,53,17,0.32075471698113206,0.3375,-0.126579554106597,1.0,0.719626168224299
spec2,p04,bad,srpe_load_avg3,above,200.0,41,11,0.2682926829268293,0.3548387096774194,-0.19789065686405252,1.0,0.8037383177570093
spec2,p04,good,steps_avg3,above,11000.0,52,23,0.4423076923076923,0.24691358024691357,0.06903489163896731,0.2616822429906542,0.0
spec2,p04,good,bedtime_h_lag1,below,4.5,44,20,0.45454545454545453,0.26582278481012656,0.05122729305840956,0.3925233644859813,0.04672897196261682
spec2,p04,good,bedtime_h_avg3,below,4.5,27,13,0.48148148148148145,0.2815533980582524,0.025876108438838363,0.5700934579439252,0.04672897196261682
spec2,p04,good,lightly_avg3,above,220.0,66,25,0.3787878787878788,0.26865671641791045,0.002835999386250565,0.7850467289719626,0.2616822429906542
spec2,p04,good,steps_lag1,above,10000.0,65,24,0.36923076923076925,0.2923076923076923,-0.030015470417019796,0.9439252336448598,0.22429906542056074
spec2,p04,good,hr_sleep_mean_lag1,below,68.0,59,22,0.3728813559322034,0.30158730158730157,-0.04074912126145008,0.9813084112149533,0.32710280373831774
spec2,p04,good,mvpa_lag1,above,50.0,58,21,0.3620689655172414,0.3055555555555556,-0.05500821207055223,0.9906542056074766,0.3925233644859813
spec2,p04,good,lightly_lag1,above,220.0,62,22,0.3548387096774194,0.3088235294117647,-0.06139792364790431,0.9906542056074766,0.411214953271028
spec2,p04,good,mvpa_avg3,above,70.0,17,7,0.4117647058823529,0.3103448275862069,-0.09423696719489308,1.0,0.4672897196261682
spec2,p04,good,srpe_load_avg3,below,100.0,31,11,0.3548387096774194,0.32038834951456313,-0.10922387209890497,1.0,0.4392523364485981
spec2,p04,good,rem_pct_lag1,above,26.0,35,12,0.34285714285714286,0.32954545454545453,-0.12123050171856528,1.0,0.6822429906542056
spec2,p04,good,wake_pct_lag1,below,13.0,52,17,0.3269230769230769,0.3380281690140845,-0.1228091517030439,1.0,0.6822429906542056
spec2,p04,good,srpe_load_lag1,below,100.0,61,18,0.29508196721311475,0.3561643835616438,-0.1606157295217906,1.0,0.8504672897196262
spec2,p04,good,sleep_h_lag1,above,7.5,44,13,0.29545454545454547,0.35443037974683544,-0.1728767708744025,1.0,0.822429906542056
spec2,p04,good,sleep_h_avg3,above,7.5,41,8,0.1951219512195122,0.38202247191011235,-0.27967931441805305,1.0,1.0
spec2,p05,bad,lightly_lag1,below,240.0,45,25,0.5555555555555556,0.32,0.09175883416365321,0.4842105263157895,0.05263157894736842
spec2,p05,bad,sleep_h_lag1,below,5.5,27,16,0.5925925925925926,0.4,0.007263830553640882,0.7684210526315789,0.10526315789473684
spec2,p05,bad,sleep_h_avg3,below,5.5,12,8,0.6666666666666666,0.4148936170212766,-0.02427602962366271,0.8842105263157894,0.15789473684210525
spec2,p05,bad,mvpa_avg3,below,70.0,49,22,0.4489795918367347,0.35714285714285715,-0.03861660784649379,0.9368421052631579,0.23157894736842105
spec2,p05,bad,lightly_avg3,below,240.0,42,19,0.4523809523809524,0.36363636363636365,-0.05140472544997837,0.9789473684210527,0.29473684210526313
spec2,p05,bad,wake_pct_lag1,above,10.0,47,22,0.46808510638297873,0.43636363636363634,-0.10304901467900995,0.9894736842105263,0.4105263157894737
spec2,p05,bad,steps_avg3,below,12000.0,55,22,0.4,0.390625,-0.1094419621356642,0.9894736842105263,0.5157894736842106
spec2,p05,bad,bedtime_h_lag1,above,6.0,33,16,0.48484848484848486,0.43478260869565216,-0.10974479222640993,0.9894736842105263,0.42105263157894735
spec2,p05,bad,rem_pct_lag1,below,22.0,36,17,0.4722222222222222,0.4393939393939394,-0.11953601032184602,0.9894736842105263,0.6
spec2,p05,bad,mvpa_lag1,below,50.0,35,14,0.4,0.4117647058823529,-0.15625965654928048,1.0,0.7157894736842105
spec2,p05,bad,hr_sleep_mean_lag1,above,62.0,25,11,0.44,0.45454545454545453,-0.18789170507542885,1.0,0.7052631578947368
spec2,p05,bad,bedtime_h_avg3,above,6.0,29,11,0.3793103448275862,0.4675324675324675,-0.2406545102237941,1.0,0.7157894736842105
spec2,p05,bad,srpe_load_avg3,above,0.0,20,7,0.35,0.4411764705882353,-0.25998692272029067,1.0,0.8105263157894737
spec2,p05,bad,steps_lag1,below,10000.0,38,12,0.3157894736842105,0.45121951219512196,-0.26037531195845554,1.0,0.9473684210526315
spec2,p05,good,lightly_avg3,above,260.0,54,9,0.16666666666666666,0.03076923076923077,0.05947366909687313,0.3684210526315789,0.09473684210526316
spec2,p05,good,rem_pct_lag1,above,24.0,42,5,0.11904761904761904,0.03333333333333333,0.018603934316857515,0.6736842105263158,0.05263157894736842
spec2,p05,good,bedtime_h_lag1,below,5.5,40,4,0.1,0.04838709677419355,-0.008808209178618687,0.9052631578947369,0.22105263157894736
spec2,p05,good,steps_lag1,above,12000.0,60,7,0.11666666666666667,0.06666666666666667,-0.008990192632166182,0.9263157894736842,0.3894736842105263
spec2,p05,good,mvpa_lag1,above,90.0,48,6,0.125,0.06944444444444445,-0.010874726940436015,0.9473684210526315,0.29473684210526313
spec2,p05,good,hr_sleep_mean_lag1,below,58.0,26,3,0.11538461538461539,0.05263157894736842,-0.012599860735873478,0.9578947368421052,0.2736842105263158
spec2,p05,good,mvpa_avg3,above,80.0,53,6,0.11320754716981132,0.07575757575757576,-0.02282798664688908,0.9789473684210527,0.3473684210526316
spec2,p05,good,wake_pct_lag1,below,9.0,31,3,0.0967741935483871,0.056338028169014086,-0.02287399207437011,0.9789473684210527,0.2736842105263158
spec2,p05,good,lightly_lag1,above,280.0,33,4,0.12121212121212122,0.08045977011494253,-0.03229893743910023,1.0,0.35789473684210527
spec2,p05,good,steps_avg3,above,14000.0,23,3,0.13043478260869565,0.08333333333333333,-0.03795756818988631,1.0,0.4105263157894737
spec2,p05,good,sleep_h_lag1,above,6.5,28,2,0.07142857142857142,0.06756756756756757,-0.04775592011979678,1.0,0.4631578947368421
spec2,p05,good,bedtime_h_avg3,below,5.5,34,2,0.058823529411764705,0.06944444444444445,-0.05316213138060201,1.0,0.5473684210526316
spec2,p05,good,sleep_h_avg3,above,6.5,21,1,0.047619047619047616,0.07058823529411765,-0.06213246582219435,1.0,0.45263157894736844
spec2,p06,bad,sleep_h_avg3,below,6.0,49,33,0.673469387755102,0.4020618556701031,0.13172758120395966,0.16666666666666666,0.016666666666666666
spec2,p06,bad,sleep_h_lag1,below,6.0,56,36,0.6428571428571429,0.39325842696629215,0.11867803020702056,0.18333333333333332,0.0
spec2,p06,bad,bedtime_h_avg3,above,6.5,18,13,0.7222222222222222,0.4609375,0.030331724538054772,0.5,0.16666666666666666
spec2,p06,bad,wake_pct_lag1,above,12.0,32,20,0.625,0.45535714285714285,-0.0028161369618916465,0.7333333333333333,0.18333333333333332
spec2,p06,bad,lightly_avg3,below,260.0,14,10,0.7142857142857143,0.46564885496183206,-0.012144266686675953,0.7916666666666666,0.21666666666666667
spec2,p06,bad,steps_avg3,below,10000.0,18,12,0.6666666666666666,0.4645669291338583,-0.0270762356913547,0.8583333333333333,0.225
spec2,p06,bad,bedtime_h_lag1,above,6.0,49,27,0.5510204081632653,0.4583333333333333,-0.04518466533655219,0.9416666666666667,0.2916666666666667
spec2,p06,bad,mvpa_avg3,below,50.0,37,21,0.5675675675675675,0.46296296296296297,-0.053823899620955795,0.9416666666666667,0.36666666666666664
spec2,p06,bad,lightly_lag1,below,320.0,70,36,0.5142857142857142,0.47368421052631576,-0.07414238312371402,0.9666666666666667,0.39166666666666666
spec2,p06,bad,steps_lag1,below,6000.0,12,8,0.6666666666666666,0.47761194029850745,-0.08699435290089358,0.9916666666666667,0.5583333333333333
spec2,p06,bad,rem_pct_lag1,below,16.0,46,24,0.5217391304347826,0.47959183673469385,-0.09822011525318058,0.9916666666666667,0.5
spec2,p06,bad,mvpa_lag1,below,70.0,73,36,0.4931506849315068,0.4931506849315068,-0.11144402628459499,1.0,0.6416666666666667
spec2,p06,bad,hr_sleep_mean_lag1,above,53.0,65,27,0.4153846153846154,0.55,-0.24639944526197693,1.0,0.9583333333333334
spec2,p06,bad,srpe_load_avg3,above,100.0,26,11,0.4230769230769231,0.5042016806722689,-0.24875978164497492,1.0,0.6833333333333333
spec2,p06,bad,srpe_load_lag1,above,100.0,37,15,0.40540540540540543,0.5229357798165137,-0.2594728214171123,1.0,0.9416666666666667
spec2,p06,good,sleep_h_lag1,above,6.5,54,19,0.35185185185185186,0.054945054945054944,0.18328326227914524,0.008333333333333333,0.0
spec2,p06,good,sleep_h_avg3,above,6.5,49,15,0.30612244897959184,0.08247422680412371,0.11267900812735109,0.09166666666666666,0.0
spec2,p06,good,bedtime_h_avg3,below,5.0,18,7,0.3888888888888889,0.125,0.0780499192693116,0.24166666666666667,0.008333333333333333
spec2,p06,good,hr_sleep_mean_lag1,below,49.0,14,5,0.35714285714285715,0.1450381679389313,0.018406739433096064,0.75,0.10833333333333334
spec2,p06,good,bedtime_h_lag1,below,5.5,58,13,0.22413793103448276,0.12643678160919541,0.009498551719520215,0.8416666666666667,0.15
spec2,p06,good,rem_pct_lag1,above,20.0,63,12,0.19047619047619047,0.14814814814814814,-0.035687329703163045,0.975,0.49166666666666664
spec2,p06,good,mvpa_lag1,above,80.0,62,9,0.14516129032258066,0.16666666666666666,-0.08837343610319659,1.0,0.875
spec2,p06,good,steps_avg3,above,16000.0,38,5,0.13157894736842105,0.16822429906542055,-0.11068647030810619,1.0,0.9083333333333333
spec2,p06,good,steps_lag1,above,16000.0,55,7,0.12727272727272726,0.17582417582417584,-0.11278287164937388,1.0,0.9333333333333333
spec2,p06,good,wake_pct_lag1,below,9.0,53,7,0.1320754716981132,0.18681318681318682,-0.12133548480629111,1.0,0.9166666666666666
spec2,p06,good,lightly_avg3,above,400.0,16,2,0.125,0.16279069767441862,-0.12781394833736148,1.0,0.95
spec2,p06,good,mvpa_avg3,above,120.0,16,2,0.125,0.16279069767441862,-0.12781394833736148,1.0,0.8916666666666667
spec2,p06,good,lightly_lag1,above,380.0,45,4,0.08888888888888889,0.18811881188118812,-0.15300826374698495,1.0,0.9833333333333333
spec2,p07,bad,wake_pct_lag1,above,13.0,58,19,0.3275862068965517,0.15151515151515152,0.06931608728826949,0.3235294117647059,0.0392156862745098
spec2,p07,bad,bedtime_h_avg3,above,6.0,38,14,0.3684210526315789,0.16666666666666666,0.06717346488747128,0.3235294117647059,0.0392156862745098
spec2,p07,bad,hr_sleep_mean_lag1,above,60.0,11,5,0.45454545454545453,0.21238938053097345,0.00032019490890702884,0.9215686274509803,0.11764705882352941
spec2,p07,bad,rem_pct_lag1,below,18.0,46,14,0.30434782608695654,0.19230769230769232,-0.0015109842332033108,0.9313725490196079,0.24509803921568626
spec2,p07,bad,lightly_lag1,below,200.0,19,7,0.3684210526315789,0.19444444444444445,-0.0029517206817060437,0.9411764705882353,0.20588235294117646
spec2,p07,bad,sleep_h_avg3,below,6.5,19,7,0.3684210526315789,0.2018348623853211,-0.010342138622582708,0.9509803921568627,0.18627450980392157
spec2,p07,bad,bedtime_h_lag1,above,6.5,20,7,0.35,0.21153846153846154,-0.030348913670516925,0.9901960784313726,0.30392156862745096
spec2,p07,bad,mvpa_lag1,below,70.0,35,10,0.2857142857142857,0.1956521739130435,-0.032388539930087834,0.9901960784313726,0.27450980392156865
spec2,p07,bad,sleep_h_lag1,below,6.0,13,5,0.38461538461538464,0.21621621621621623,-0.03912175040384805,1.0,0.30392156862745096
spec2,p07,bad,steps_lag1,below,9000.0,11,4,0.36363636363636365,0.20689655172413793,-0.05523431558282407,1.0,0.5490196078431373
spec2,p07,bad,mvpa_avg3,below,70.0,33,9,0.2727272727272727,0.2127659574468085,-0.0620932308835804,1.0,0.5294117647058824
spec2,p07,bad,lightly_avg3,below,220.0,24,7,0.2916666666666667,0.21359223300970873,-0.06444762966806594,1.0,0.5392156862745098
spec2,p07,bad,steps_avg3,below,11000.0,12,4,0.3333333333333333,0.21739130434782608,-0.07927346445046474,1.0,0.6176470588235294
spec2,p07,bad,srpe_load_avg3,above,300.0,47,10,0.2127659574468085,0.2345679012345679,-0.11467209999209471,1.0,0.6666666666666666
spec2,p07,bad,srpe_load_lag1,above,300.0,47,6,0.1276595744680851,0.2804878048780488,-0.22064257707602403,1.0,1.0
spec2,p07,good,sleep_h_lag1,above,8.0,26,14,0.5384615384615384,0.336734693877551,0.017841668166750146,0.7745098039215687,0.058823529411764705
spec2,p07,good,sleep_h_avg3,above,7.5,30,15,0.5,0.3469387755102041,-0.015400263238466494,0.9313725490196079,0.0392156862745098
spec2,p07,good,hr_sleep_mean_lag1,below,55.0,61,26,0.4262295081967213,0.3333333333333333,-0.02318304775365898,0.9411764705882353,0.20588235294117646
spec2,p07,good,rem_pct_lag1,above,20.0,57,24,0.42105263157894735,0.34328358208955223,-0.04140958455903371,0.9607843137254902,0.3431372549019608
spec2,p07,good,wake_pct_lag1,below,12.0,49,21,0.42857142857142855,0.3466666666666667,-0.04643557767709616,0.9607843137254902,0.22549019607843138
spec2,p07,good,srpe_load_lag1,below,100.0,33,14,0.42424242424242425,0.375,-0.10264641004970099,1.0,0.5294117647058824
spec2,p07,good,mvpa_lag1,above,130.0,20,9,0.45,0.37383177570093457,-0.11563675484384162,1.0,0.6372549019607843
spec2,p07,good,mvpa_avg3,above,130.0,12,6,0.5,0.3739130434782609,-0.12013487308483867,1.0,0.696078431372549
spec2,p07,good,srpe_load_avg3,below,200.0,35,13,0.37142857142857144,0.3870967741935484,-0.15544070050463776,1.0,0.5882352941176471
spec2,p07,good,steps_lag1,above,22000.0,11,5,0.45454545454545453,0.3793103448275862,-0.1666007693877057,1.0,0.8235294117647058
spec2,p07,good,bedtime_h_avg3,below,5.5,64,22,0.34375,0.421875,-0.1826452496453097,1.0,0.8921568627450981
spec2,p07,good,lightly_avg3,above,280.0,26,9,0.34615384615384615,0.39603960396039606,-0.20191945423187477,1.0,0.9019607843137255
spec2,p07,good,bedtime_h_lag1,below,4.0,10,4,0.4,0.37719298245614036,-0.20901540125263068,1.0,0.8725490196078431
spec2,p07,good,lightly_lag1,above,260.0,56,17,0.30357142857142855,0.4507042253521127,-0.25170257914435346,1.0,0.9901960784313726
spec2,p07,good,steps_avg3,above,18000.0,41,12,0.2926829268292683,0.43023255813953487,-0.25414238180894605,1.0,0.9803921568627451
spec2,p08,bad,hr_sleep_mean_lag1,above,61.0,14,9,0.6428571428571429,0.2375,0.15014004682140414,0.057971014492753624,0.0
spec2,p08,bad,sleep_h_avg3,below,7.0,26,13,0.5,0.22058823529411764,0.10001482785590315,0.18840579710144928,0.014492753623188406
spec2,p08,bad,sleep_h_lag1,below,7.0,31,14,0.45161290322580644,0.2222222222222222,0.06939260614363885,0.3333333333333333,0.014492753623188406
spec2,p08,bad,lightly_avg3,below,220.0,43,17,0.3953488372093023,0.20833333333333334,0.05531772865123066,0.4492753623188406,0.014492753623188406
spec2,p08,bad,mvpa_lag1,below,100.0,36,14,0.3888888888888889,0.2413793103448276,0.006467243833401859,0.8260869565217391,0.08695652173913043
spec2,p08,bad,bedtime_h_lag1,above,7.0,12,6,0.5,0.2682926829268293,-0.014514512533407076,0.927536231884058,0.2608695652173913
spec2,p08,bad,steps_avg3,below,17000.0,44,15,0.3409090909090909,0.2553191489361702,-0.03656282264977076,0.9565217391304348,0.2753623188405797
spec2,p08,bad,steps_lag1,below,10000.0,10,5,0.5,0.27380952380952384,-0.03721993019403655,0.9565217391304348,0.3333333333333333
spec2,p08,bad,lightly_lag1,below,160.0,11,5,0.45454545454545453,0.27710843373493976,-0.06439885829505929,0.9855072463768116,0.36231884057971014
spec2,p08,bad,mvpa_avg3,below,110.0,32,11,0.34375,0.2711864406779661,-0.0670841071346806,0.9855072463768116,0.2898550724637681
spec2,p08,bad,rem_pct_lag1,below,8.0,16,6,0.375,0.28205128205128205,-0.09724145650375401,1.0,0.463768115942029
spec2,p08,bad,bedtime_h_avg3,above,6.0,30,8,0.26666666666666666,0.3125,-0.17067504446089382,1.0,0.7681159420289855
spec2,p08,bad,srpe_load_lag1,above,400.0,29,7,0.2413793103448276,0.31343283582089554,-0.19125015397027423,1.0,0.927536231884058
spec2,p08,bad,wake_pct_lag1,above,14.0,40,10,0.25,0.3333333333333333,-0.19146365437783813,1.0,0.9565217391304348
spec2,p08,bad,srpe_load_avg3,above,400.0,25,4,0.16,0.34285714285714286,-0.27882366677136294,1.0,0.9855072463768116
spec2,p08,good,sleep_h_lag1,above,7.5,31,20,0.6451612903225806,0.42857142857142855,0.040904951856720384,0.4927536231884058,0.028985507246376812
spec2,p08,good,hr_sleep_mean_lag1,below,56.0,33,20,0.6060606060606061,0.4426229508196721,-0.005791522754568346,0.8260869565217391,0.11594202898550725
spec2,p08,good,mvpa_lag1,above,120.0,42,23,0.5476190476190477,0.4423076923076923,-0.042819064836465304,0.9710144927536232,0.30434782608695654
spec2,p08,good,sleep_h_avg3,above,8.0,10,7,0.7,0.47619047619047616,-0.07941725621091095,0.9855072463768116,0.34782608695652173
spec2,p08,good,mvpa_avg3,above,150.0,20,12,0.6,0.4788732394366197,-0.09229529712141366,1.0,0.4492753623188406
spec2,p08,good,steps_lag1,above,17000.0,47,24,0.5106382978723404,0.46808510638297873,-0.0956629304892499,1.0,0.4492753623188406
spec2,p08,good,srpe_load_lag1,below,200.0,25,14,0.56,0.4788732394366197,-0.10820306924097534,1.0,0.4057971014492754
spec2,p08,good,lightly_avg3,above,240.0,32,17,0.53125,0.4915254237288136,-0.1270330444030754,1.0,0.463768115942029
spec2,p08,good,srpe_load_avg3,below,300.0,39,20,0.5128205128205128,0.5,-0.1380089135430343,1.0,0.5797101449275363
spec2,p08,good,bedtime_h_avg3,below,5.5,27,14,0.5185185185185185,0.4925373134328358,-0.15268406757073155,1.0,0.4492753623188406
spec2,p08,good,lightly_lag1,above,240.0,37,18,0.4864864864864865,0.49122807017543857,-0.1567665369033282,1.0,0.5652173913043478
spec2,p08,good,steps_avg3,above,18000.0,40,19,0.475,0.5294117647058824,-0.20005946920406542,1.0,0.855072463768116
spec2,p08,good,bedtime_h_lag1,below,5.5,37,17,0.4594594594594595,0.5263157894736842,-0.2159325111891069,1.0,0.7681159420289855
spec2,p08,good,rem_pct_lag1,above,18.0,14,7,0.5,0.5,-0.23201132080524722,1.0,0.855072463768116
spec2,p08,good,wake_pct_lag1,below,12.0,25,10,0.4,0.5362318840579711,-0.3022013074160619,1.0,0.9565217391304348
spec2,p09,bad,sleep_h_lag1,below,5.5,19,9,0.47368421052631576,0.14666666666666667,0.12662838820781874,0.09722222222222222,0.0
spec2,p09,bad,rem_pct_lag1,below,18.0,34,10,0.29411764705882354,0.12727272727272726,0.04107179882659229,0.4861111111111111,0.06944444444444445
spec2,p09,bad,wake_pct_lag1,above,17.0,31,9,0.2903225806451613,0.13793103448275862,0.023025172701570118,0.6527777777777778,0.1388888888888889
spec2,p09,bad,lightly_lag1,below,120.0,20,7,0.35,0.20967741935483872,-0.028487871486894106,0.9166666666666666,0.18055555555555555
spec2,p09,bad,lightly_avg3,below,140.0,34,10,0.29411764705882354,0.2037037037037037,-0.035359177604384145,0.9305555555555556,0.20833333333333334
spec2,p09,bad,mvpa_avg3,below,20.0,35,10,0.2857142857142857,0.20754716981132076,-0.04428353582836511,0.9583333333333334,0.2638888888888889
spec2,p09,bad,steps_lag1,below,4000.0,18,6,0.3333333333333333,0.21875,-0.05596445636337144,0.9722222222222222,0.2222222222222222
spec2,p09,bad,mvpa_lag1,below,10.0,23,7,0.30434782608695654,0.22033898305084745,-0.06430070284112288,0.9861111111111112,0.16666666666666666
spec2,p09,bad,steps_avg3,below,5000.0,29,8,0.27586206896551724,0.22033898305084745,-0.07335316966582006,1.0,0.3611111111111111
spec2,p09,bad,bedtime_h_lag1,above,8.5,39,9,0.23076923076923078,0.2,-0.0735433757121624,1.0,0.5416666666666666
spec2,p09,bad,sleep_h_avg3,below,6.5,29,7,0.2413793103448276,0.21212121212121213,-0.0899385302705908,1.0,0.5694444444444444
spec2,p09,bad,bedtime_h_avg3,above,10.0,13,3,0.23076923076923078,0.21951219512195122,-0.1377184041972941,1.0,0.7916666666666666
spec2,p09,bad,hr_sleep_mean_lag1,above,58.0,41,6,0.14634146341463414,0.25,-0.1811584547054459,1.0,0.9861111111111112
spec2,p09,good,lightly_avg3,above,160.0,41,18,0.43902439024390244,0.2127659574468085,0.08613309027428981,0.2777777777777778,0.027777777777777776
spec2,p09,good,rem_pct_lag1,above,22.0,24,13,0.5416666666666666,0.27692307692307694,0.07382245860798936,0.3333333333333333,0.013888888888888888
spec2,p09,good,lightly_lag1,above,180.0,29,13,0.4482758620689655,0.24528301886792453,0.03884609261953337,0.5277777777777778,0.08333333333333333
spec2,p09,good,mvpa_lag1,above,20.0,40,16,0.4,0.23809523809523808,0.025385868028775516,0.6111111111111112,0.08333333333333333
spec2,p09,good,steps_lag1,above,7000.0,34,14,0.4117647058823529,0.25,0.013657377856888586,0.7083333333333334,0.08333333333333333
spec2,p09,good,sleep_h_lag1,above,7.5,34,15,0.4411764705882353,0.2833333333333333,0.00549906881963419,0.7638888888888888,0.18055555555555555
spec2,p09,good,wake_pct_lag1,below,12.0,10,6,0.6,0.31645569620253167,-0.003786148752345342,0.8333333333333334,0.125
spec2,p09,good,steps_avg3,above,7000.0,36,14,0.3888888888888889,0.2692307692307692,-0.021384215052539762,0.9166666666666666,0.19444444444444445
spec2,p09,good,mvpa_avg3,above,30.0,38,14,0.3684210526315789,0.28,-0.04615986844586209,0.9444444444444444,0.25
spec2,p09,good,sleep_h_avg3,above,8.0,19,8,0.42105263157894735,0.3026315789473684,-0.07121537502706463,1.0,0.4166666666666667
spec2,p09,good,bedtime_h_lag1,below,6.5,14,6,0.42857142857142855,0.325,-0.11119490069599475,1.0,0.7083333333333334
spec2,p09,good,bedtime_h_avg3,below,8.0,44,14,0.3181818181818182,0.3333333333333333,-0.13334203401659767,1.0,0.7638888888888888
spec2,p09,good,hr_sleep_mean_lag1,below,56.0,32,10,0.3125,0.36065573770491804,-0.18113221653873068,1.0,0.9027777777777778
spec2,p10,bad,wake_pct_lag1,above,12.0,31,17,0.5483870967741935,0.14285714285714285,0.2348616531795485,0.0,0.0
spec2,p10,bad,sleep_h_lag1,below,7.0,23,13,0.5652173913043478,0.19298245614035087,0.17512803690981876,0.04918032786885246,0.0
spec2,p10,bad,rem_pct_lag1,below,18.0,11,7,0.6363636363636364,0.2463768115942029,0.10741996529743433,0.16393442622950818,0.04918032786885246
spec2,p10,bad,lightly_avg3,below,260.0,36,14,0.3888888888888889,0.20833333333333334,0.03951322084489611,0.6229508196721312,0.09836065573770492
spec2,p10,bad,sleep_h_avg3,below,7.0,19,8,0.42105263157894735,0.24615384615384617,-0.014737642233542375,0.8524590163934426,0.09836065573770492
spec2,p10,bad,steps_lag1,below,12000.0,42,14,0.3333333333333333,0.23809523809523808,-0.027972430475514898,0.9508196721311475,0.2786885245901639
spec2,p10,bad,hr_sleep_mean_lag1,above,72.0,21,8,0.38095238095238093,0.2711864406779661,-0.06367876269814102,1.0,0.36065573770491804
spec2,p10,bad,mvpa_avg3,below,50.0,35,11,0.3142857142857143,0.2653061224489796,-0.07979954185115504,1.0,0.47540983606557374
spec2,p10,bad,bedtime_h_lag1,above,7.0,16,6,0.375,0.28125,-0.09644017445247197,1.0,0.5081967213114754
spec2,p10,bad,srpe_load_avg3,above,100.0,25,8,0.32,0.2777777777777778,-0.10572790260886633,1.0,0.3770491803278688
spec2,p10,bad,lightly_lag1,below,260.0,36,10,0.2777777777777778,0.2916666666666667,-0.13318496640852873,1.0,0.639344262295082
spec2,p10,bad,srpe_load_lag1,above,100.0,22,7,0.3181818181818182,0.2982456140350877,-0.13464174048816294,1.0,0.5245901639344263
spec2,p10,bad,steps_avg3,below,12000.0,38,10,0.2631578947368421,0.30434782608695654,-0.15463320218994356,1.0,0.8360655737704918
spec2,p10,bad,mvpa_lag1,below,40.0,36,9,0.25,0.3125,-0.17499676160774613,1.0,0.8688524590163934
spec2,p10,bad,bedtime_h_avg3,above,6.5,27,6,0.2222222222222222,0.3157894736842105,-0.20971851879012096,1.0,0.9180327868852459
spec2,p10,good,lightly_avg3,above,340.0,10,10,1.0,0.4189189189189189,0.3035409123144645,0.0,0.0
spec2,p10,good,lightly_lag1,above,320.0,21,17,0.8095238095238095,0.38095238095238093,0.2190377536548861,0.01639344262295082,0.0
spec2,p10,good,hr_sleep_mean_lag1,below,68.0,21,15,0.7142857142857143,0.4067796610169492,0.09365260075467496,0.16393442622950818,0.0
spec2,p10,good,wake_pct_lag1,below,9.0,11,9,0.8181818181818182,0.43478260869565216,0.08823125372610313,0.18032786885245902,0.06557377049180328
spec2,p10,good,sleep_h_lag1,above,7.5,40,24,0.6,0.375,0.07095619827393507,0.26229508196721313,0.03278688524590164
spec2,p10,good,steps_lag1,above,12000.0,42,24,0.5714285714285714,0.40476190476190477,0.017297874356839937,0.4426229508196721,0.09836065573770492
spec2,p10,good,sleep_h_avg3,above,7.5,34,20,0.5882352941176471,0.42,0.0022130414651927444,0.5901639344262295,0.04918032786885246
spec2,p10,good,bedtime_h_lag1,below,5.5,15,10,0.6666666666666666,0.4461538461538462,-0.02902259464171636,0.7540983606557377,0.16393442622950818
spec2,p10,good,mvpa_lag1,above,60.0,34,16,0.47058823529411764,0.5,-0.18548748366888634,1.0,0.8360655737704918
spec2,p10,good,steps_avg3,above,14000.0,26,12,0.46153846153846156,0.5,-0.21244417304765095,1.0,0.8360655737704918
spec2,p10,good,rem_pct_lag1,above,24.0,32,14,0.4375,0.5208333333333334,-0.2391824736389016,1.0,0.9016393442622951
spec2,p10,good,mvpa_avg3,above,70.0,27,10,0.37037037037037035,0.543859649122807,-0.3285367784434385,1.0,0.9836065573770492
spec2,p10,good,bedtime_h_avg3,below,6.0,23,8,0.34782608695652173,0.5409836065573771,-0.3528730601875547,1.0,0.9836065573770492
spec2,p11,bad,hr_sleep_mean_lag1,above,73.0,11,6,0.5454545454545454,0.2736842105263158,0.0064035451636724194,0.7721518987341772,0.12658227848101267
spec2,p11,bad,bedtime_h_lag1,above,6.0,33,13,0.3939393939393939,0.2602739726027397,-0.013445150287657665,0.8987341772151899,0.22784810126582278
spec2,p11,bad,lightly_avg3,below,300.0,51,18,0.35294117647058826,0.25925925925925924,-0.022916205446661397,0.9620253164556962,0.24050632911392406
spec2,p11,bad,lightly_lag1,below,200.0,18,8,0.4444444444444444,0.2727272727272727,-0.027134961713381478,0.9746835443037974,0.17721518987341772
spec2,p11,bad,steps_lag1,below,11000.0,52,18,0.34615384615384615,0.25925925925925924,-0.0277509785198731,0.9746835443037974,0.35443037974683544
spec2,p11,bad,steps_avg3,below,12000.0,52,18,0.34615384615384615,0.2641509433962264,-0.032642662656840266,0.9873417721518988,0.35443037974683544
spec2,p11,bad,mvpa_avg3,below,50.0,38,14,0.3684210526315789,0.26865671641791045,-0.03481658486377251,0.9873417721518988,0.35443037974683544
spec2,p11,bad,mvpa_lag1,below,20.0,22,9,0.4090909090909091,0.27380952380952384,-0.04125392712132006,0.9873417721518988,0.43037974683544306
spec2,p11,bad,sleep_h_lag1,below,7.0,50,17,0.34,0.26785714285714285,-0.04348944650653225,0.9873417721518988,0.16455696202531644
spec2,p11,bad,rem_pct_lag1,below,16.0,48,16,0.3333333333333333,0.27586206896551724,-0.0590960552565494,1.0,0.4177215189873418
spec2,p11,bad,wake_pct_lag1,above,13.0,15,6,0.4,0.2857142857142857,-0.08747200488833906,1.0,0.4050632911392405
spec2,p11,bad,sleep_h_avg3,below,7.0,44,14,0.3181818181818182,0.29508196721311475,-0.0950906678963791,1.0,0.45569620253164556
spec2,p11,bad,bedtime_h_avg3,above,5.5,47,13,0.2765957446808511,0.3275862068965517,-0.15822214698502238,1.0,0.7974683544303798
spec2,p11,bad,srpe_load_lag1,above,100.0,26,5,0.19230769230769232,0.3076923076923077,-0.22262294997442503,1.0,0.8607594936708861
spec2,p11,bad,srpe_load_avg3,above,200.0,17,3,0.17647058823529413,0.2972972972972973,-0.2353871601718074,1.0,0.7848101265822784
spec2,p14,bad,lightly_avg3,below,120.0,12,8,0.6666666666666666,0.3780487804878049,0.012568806909808994,0.925,0.0375
spec2,p14,bad,mvpa_lag1,below,50.0,32,17,0.53125,0.359375,0.005117379325738192,0.9375,0.1125
spec2,p14,bad,steps_lag1,below,8000.0,19,11,0.5789473684210527,0.37662337662337664,-0.01386786197177553,0.9875,0.1875
spec2,p14,bad,lightly_lag1,below,140.0,31,16,0.5161290322580645,0.36923076923076925,-0.020829586361037544,0.9875,0.0625
spec2,p14,bad,steps_avg3,below,9000.0,15,9,0.6,0.379746835443038,-0.022282407877960986,0.9875,0.2625
spec2,p14,bad,mvpa_avg3,below,50.0,22,12,0.5454545454545454,0.375,-0.02840526710958441,0.9875,0.2375
spec2,p14,bad,sleep_h_lag1,below,7.5,49,23,0.46938775510204084,0.38461538461538464,-0.04758256563643687,1.0,0.2125
spec2,p14,bad,sleep_h_avg3,below,7.0,33,16,0.48484848484848486,0.37681159420289856,-0.05177377773365632,1.0,0.2875
spec2,p14,bad,srpe_load_avg3,above,100.0,51,24,0.47058823529411764,0.4339622641509434,-0.09343454988677935,1.0,0.35
spec2,p14,bad,hr_sleep_mean_lag1,above,71.0,10,6,0.6,0.4065934065934066,-0.09392385914322027,1.0,0.6875
spec2,p14,bad,srpe_load_lag1,above,100.0,39,18,0.46153846153846156,0.4461538461538462,-0.13048737381336267,1.0,0.5375
spec2,p14,bad,rem_pct_lag1,below,10.0,12,6,0.5,0.41379310344827586,-0.16001493305485365,1.0,0.8125
spec2,p14,bad,bedtime_h_avg3,above,4.5,23,9,0.391304347826087,0.4177215189873418,-0.19614773916352032,1.0,0.8375
spec2,p14,bad,wake_pct_lag1,above,18.0,36,14,0.3888888888888889,0.4444444444444444,-0.19659789026621496,1.0,0.8875
spec2,p14,bad,bedtime_h_lag1,above,4.5,25,9,0.36,0.4473684210526316,-0.24489185673527522,1.0,0.9125
spec2,p14,good,srpe_load_avg3,below,100.0,49,15,0.30612244897959184,0.10909090909090909,0.08606232584056571,0.5375,0.0
spec2,p14,good,lightly_lag1,above,180.0,21,8,0.38095238095238093,0.14666666666666667,0.060841011313158416,0.6875,0.025
spec2,p14,good,wake_pct_lag1,below,13.0,10,4,0.4,0.16853932584269662,-0.00036174463918695055,0.95,0.25
spec2,p14,good,lightly_avg3,above,160.0,43,11,0.2558139534883721,0.1568627450980392,-0.007569086327383789,0.95,0.2125
spec2,p14,good,rem_pct_lag1,above,18.0,42,10,0.23809523809523808,0.15789473684210525,-0.023086528731923406,1.0,0.3
spec2,p14,good,mvpa_lag1,above,140.0,12,4,0.3333333333333333,0.17857142857142858,-0.04045358867406723,1.0,0.4
spec2,p14,good,mvpa_avg3,above,120.0,12,3,0.25,0.1951219512195122,-0.10618191159055083,1.0,0.7125
spec2,p14,good,steps_lag1,above,12000.0,45,8,0.17777777777777778,0.21568627450980393,-0.12274348525126563,1.0,0.875
spec2,p14,good,sleep_h_lag1,above,8.0,39,6,0.15384615384615385,0.20967741935483872,-0.13720368090432405,1.0,0.8375
spec2,p14,good,steps_avg3,above,19000.0,10,2,0.2,0.20238095238095238,-0.14570000440025907,1.0,0.9
spec2,p14,good,bedtime_h_lag1,below,2.5,16,1,0.0625,0.21176470588235294,-0.20064564857402173,1.0,0.975
spec2,p14,good,hr_sleep_mean_lag1,below,63.0,35,3,0.08571428571428572,0.24242424242424243,-0.21284241141894553,1.0,1.0
spec2,p14,good,bedtime_h_avg3,below,2.5,14,1,0.07142857142857142,0.22727272727272727,-0.21455084116043563,1.0,0.9625
spec2,p14,good,sleep_h_avg3,above,8.0,32,3,0.09375,0.2571428571428571,-0.2247418945165376,1.0,1.0
spec2,p15,bad,sleep_h_lag1,below,7.5,43,23,0.5348837209302325,0.38,0.009153897288727786,0.7424242424242424,0.16666666666666666
spec2,p15,bad,rem_pct_lag1,below,20.0,43,22,0.5116279069767442,0.4,-0.03247936233925919,0.9696969696969697,0.21212121212121213
spec2,p15,bad,srpe_load_avg3,above,600.0,25,14,0.56,0.42424242424242425,-0.0535722540467799,0.9696969696969697,0.2727272727272727
spec2,p15,bad,bedtime_h_lag1,above,5.5,28,15,0.5357142857142857,0.4153846153846154,-0.057260663963598746,0.9696969696969697,0.16666666666666666
spec2,p15,bad,srpe_load_lag1,above,600.0,33,17,0.5151515151515151,0.41379310344827586,-0.061612057586173385,0.9696969696969697,0.3939393939393939
spec2,p15,bad,sleep_h_avg3,below,7.0,13,8,0.6153846153846154,0.425,-0.06977519027731449,0.9848484848484849,0.30303030303030304
spec2,p15,bad,hr_sleep_mean_lag1,above,56.0,18,10,0.5555555555555556,0.4266666666666667,-0.08950597238415042,0.9848484848484849,0.3787878787878788
spec2,p15,bad,mvpa_lag1,below,120.0,46,22,0.4782608695652174,0.43478260869565216,-0.09353800993893102,0.9848484848484849,0.42424242424242425
spec2,p15,bad,wake_pct_lag1,above,13.0,28,14,0.5,0.4307692307692308,-0.10444076244476735,0.9848484848484849,0.5454545454545454
spec2,p15,bad,bedtime_h_avg3,above,6.0,12,7,0.5833333333333334,0.43209876543209874,-0.11259142977672593,1.0,0.4090909090909091
spec2,p15,bad,steps_avg3,below,13000.0,32,14,0.4375,0.45901639344262296,-0.1773655337481912,1.0,0.7272727272727273
spec2,p15,bad,steps_lag1,below,13000.0,38,16,0.42105263157894735,0.48148148148148145,-0.20295873336328618,1.0,0.8181818181818182
spec2,p15,bad,lightly_lag1,below,160.0,21,9,0.42857142857142855,0.4647887323943662,-0.22009173752915573,1.0,0.7878787878787878
spec2,p15,bad,mvpa_avg3,below,90.0,22,9,0.4090909090909091,0.4647887323943662,-0.2322331357061624,1.0,0.9090909090909091
spec2,p15,bad,lightly_avg3,below,180.0,26,9,0.34615384615384615,0.4925373134328358,-0.2984171637043145,1.0,0.9393939393939394
spec2,p15,good,srpe_load_lag1,below,100.0,19,11,0.5789473684210527,0.3194444444444444,0.04331107020715669,0.5454545454545454,0.045454545454545456
spec2,p15,good,mvpa_lag1,above,120.0,45,19,0.4222222222222222,0.3191489361702128,-0.0294640563533346,0.8939393939393939,0.25757575757575757
spec2,p15,good,bedtime_h_avg3,below,5.0,37,16,0.43243243243243246,0.32142857142857145,-0.03471370302505833,0.9393939393939394,0.3787878787878788
spec2,p15,good,hr_sleep_mean_lag1,below,52.0,34,14,0.4117647058823529,0.3389830508474576,-0.07532567299056903,1.0,0.3787878787878788
spec2,p15,good,lightly_avg3,above,200.0,35,14,0.4,0.3448275862068966,-0.08932253687382413,1.0,0.3939393939393939
spec2,p15,good,srpe_load_avg3,below,400.0,36,14,0.3888888888888889,0.34545454545454546,-0.097607991276316,1.0,0.48484848484848486
spec2,p15,good,lightly_lag1,above,220.0,25,10,0.4,0.3582089552238806,-0.1241783785819714,1.0,0.5757575757575758
spec2,p15,good,rem_pct_lag1,above,22.0,32,12,0.375,0.36065573770491804,-0.13131905304532596,1.0,0.5606060606060606
spec2,p15,good,steps_lag1,above,16000.0,26,10,0.38461538461538464,0.36363636363636365,-0.1393527685180194,1.0,0.7424242424242424
spec2,p15,good,sleep_h_avg3,above,8.0,18,7,0.3888888888888889,0.36,-0.1569500807306884,1.0,0.5
spec2,p15,good,sleep_h_lag1,above,8.0,34,12,0.35294117647058826,0.3728813559322034,-0.1580042069792427,1.0,0.7121212121212122
spec2,p15,good,bedtime_h_lag1,below,5.0,41,14,0.34146341463414637,0.38461538461538464,-0.16902921094895001,1.0,0.8181818181818182
spec2,p15,good,wake_pct_lag1,below,11.0,30,10,0.3333333333333333,0.38095238095238093,-0.188649425683919,1.0,0.7727272727272727
spec2,p15,good,mvpa_avg3,above,120.0,37,12,0.32432432432432434,0.39285714285714285,-0.19652636464898804,1.0,0.8787878787878788
spec2,p15,good,steps_avg3,above,14000.0,37,11,0.2972972972972973,0.4107142857142857,-0.2358212622502037,1.0,0.9696969696969697
spec2,p16,bad,sleep_h_lag1,below,5.5,10,10,1.0,0.22535211267605634,0.49710771855732705,0.0,0.0
spec2,p16,bad,bedtime_h_lag1,above,14.0,15,10,0.6666666666666666,0.24242424242424243,0.1747070090878874,0.03636363636363636,0.0
spec2,p16,bad,bedtime_h_avg3,above,13.0,27,14,0.5185185185185185,0.22641509433962265,0.1134381515224816,0.10909090909090909,0.0
spec2,p16,bad,sleep_h_avg3,below,6.5,33,16,0.48484848484848486,0.2127659574468085,0.11227185902243372,0.10909090909090909,0.01818181818181818
spec2,p16,bad,wake_pct_lag1,above,14.0,27,13,0.48148148148148145,0.24074074074074073,0.06668876575635005,0.21818181818181817,0.03636363636363636
spec2,p16,bad,hr_sleep_mean_lag1,above,64.0,31,14,0.45161290322580644,0.24,0.051614828365861065,0.2545454545454545,0.05454545454545454
spec2,p16,bad,rem_pct_lag1,below,12.0,13,7,0.5384615384615384,0.27941176470588236,0.012022559612438088,0.36363636363636365,0.07272727272727272
spec2,p16,bad,lightly_lag1,below,80.0,33,14,0.42424242424242425,0.26666666666666666,0.00568692328363235,0.41818181818181815,0.10909090909090909
spec2,p16,bad,steps_lag1,below,1000.0,24,11,0.4583333333333333,0.2777777777777778,0.0011328057390365132,0.509090909090909,0.07272727272727272
spec2,p16,bad,lightly_avg3,below,80.0,31,13,0.41935483870967744,0.27450980392156865,-0.010356773186076085,0.5636363636363636,0.10909090909090909
spec2,p16,good,steps_avg3,above,3000.0,14,9,0.6428571428571429,0.23529411764705882,0.1523459291743453,0.01818181818181818,0.0
spec2,p16,good,steps_lag1,above,2000.0,27,12,0.4444444444444444,0.21568627450980393,0.060169702190924323,0.3090909090909091,0.05454545454545454
spec2,p16,good,lightly_lag1,above,100.0,21,10,0.47619047619047616,0.22807017543859648,0.055366947529032984,0.3090909090909091,0.03636363636363636
spec2,p16,good,rem_pct_lag1,above,20.0,21,10,0.47619047619047616,0.25,0.03343712296762946,0.41818181818181815,0.07272727272727272
spec2,p16,good,bedtime_h_avg3,below,12.0,33,13,0.3939393939393939,0.23404255319148937,0.01278626912359268,0.509090909090909,0.05454545454545454
spec2,p16,good,sleep_h_lag1,above,7.0,29,12,0.41379310344827586,0.25,0.005129352796455211,0.5272727272727272,0.07272727272727272
spec2,p16,good,mvpa_avg3,above,10.0,14,7,0.5,0.2647058823529412,0.003282796841811597,0.6,0.05454545454545454
spec2,p16,good,mvpa_lag1,above,0.0,22,9,0.4090909090909091,0.25,-0.017444403311796225,0.7272727272727273,0.10909090909090909
spec2,p16,good,lightly_avg3,above,100.0,21,9,0.42857142857142855,0.26229508196721313,-0.01759808710200267,0.7272727272727273,0.09090909090909091
spec2,p16,good,sleep_h_avg3,above,7.0,26,10,0.38461538461538464,0.25925925925925924,-0.03497566414091499,0.8181818181818182,0.10909090909090909
spec2,p16,good,wake_pct_lag1,below,13.0,36,13,0.3611111111111111,0.26666666666666666,-0.04191279874485346,0.8545454545454545,0.2727272727272727
spec2,p16,good,bedtime_h_lag1,below,9.5,11,5,0.45454545454545453,0.2857142857142857,-0.07300471027440522,0.9818181818181818,0.3090909090909091
spec2,p16,good,hr_sleep_mean_lag1,below,61.0,15,6,0.4,0.2878787878787879,-0.08963650705284126,0.9818181818181818,0.509090909090909
r1,p01,bad,srpe_load_lag1,above,0.0,29,23,0.7931034482758621,0.36666666666666664,0.24942886725075625,0.0,0.0
r1,p01,bad,sleep_eff_lag1,below,96.0,33,22,0.6666666666666666,0.41346153846153844,0.0826142795379613,0.2545454545454545,0.0
r1,p01,bad,sleep_eff_avg3,below,96.0,33,21,0.6363636363636364,0.4174757281553398,0.04868299806000115,0.4636363636363636,0.01818181818181818
r1,p01,bad,lightly_lag1,below,200.0,32,20,0.625,0.43564356435643564,0.01689744153881556,0.6454545454545455,0.1
r1,p01,bad,sedentary_avg3,above,720.0,64,35,0.546875,0.4142857142857143,0.011448110921083499,0.6636363636363637,0.16363636363636364
r1,p01,bad,sleep_h_avg3,below,5.5,24,15,0.625,0.4375,-0.01040380962092935,0.7909090909090909,0.05454545454545454
r1,p01,bad,lightly_avg3,below,220.0,48,24,0.5,0.45454545454545453,-0.09065446522507686,1.0,0.39090909090909093
r1,p01,bad,sleep_h_lag1,below,5.5,39,20,0.5128205128205128,0.45918367346938777,-0.09719258701242206,1.0,0.34545454545454546
r1,p01,bad,sedentary_lag1,above,810.0,27,15,0.5555555555555556,0.47115384615384615,-0.09802665135807737,1.0,0.4636363636363636
r1,p01,bad,steps_avg3,below,9000.0,11,7,0.6363636363636364,0.456,-0.10220322310836277,1.0,0.6090909090909091
r1,p01,bad,srpe_load_avg3,above,100.0,34,17,0.5,0.47058823529411764,-0.12989760901362774,1.0,0.4090909090909091
r1,p01,bad,bedtime_h_lag1,above,6.5,38,18,0.47368421052631576,0.47474747474747475,-0.14995968665805892,1.0,0.6363636363636364
r1,p01,bad,bedtime_h_avg3,above,6.5,34,16,0.47058823529411764,0.47058823529411764,-0.15607571896300398,1.0,0.5454545454545454
r1,p01,bad,mvpa_avg3,below,70.0,54,24,0.4444444444444444,0.4878048780487805,-0.16778230929280236,1.0,0.8454545454545455
r1,p01,bad,mvpa_lag1,below,60.0,59,26,0.4406779661016949,0.5135135135135135,-0.19201339117388616,1.0,0.9
r1,p01,bad,steps_lag1,below,10000.0,31,14,0.45161290322580644,0.49019607843137253,-0.19858125006551147,1.0,0.9272727272727272
r1,p01,bad,rhr_night_lag1,above,52.0,43,17,0.3953488372093023,0.5106382978723404,-0.24698723588777638,1.0,0.9272727272727272
r1,p01,bad,rhr_night_avg3,above,52.0,48,14,0.2916666666666667,0.5681818181818182,-0.3857676575631845,1.0,1.0
r1,p04,bad,bedtime_h_avg3,above,6.0,38,18,0.47368421052631576,0.2608695652173913,0.06391822287202453,0.4392523364485981,0.028037383177570093
r1,p04,bad,sleep_eff_avg3,below,93.0,64,26,0.40625,0.24242424242424243,0.05214300192834642,0.5607476635514018,0.028037383177570093
r1,p04,bad,bedtime_h_lag1,above,6.5,23,12,0.5217391304347826,0.28,0.04962429864218493,0.5981308411214953,0.06542056074766354
r1,p04,bad,mvpa_lag1,below,40.0,58,23,0.39655172413793105,0.25,0.030885689501111313,0.719626168224299,0.07476635514018691
r1,p04,bad,lightly_lag1,below,200.0,54,21,0.3888888888888889,0.2631578947368421,0.0072595303629083285,0.8691588785046729,0.1588785046728972
r1,p04,bad,sleep_h_lag1,below,6.0,15,8,0.5333333333333333,0.2962962962962963,0.0048700052142116035,0.8785046728971962,0.1308411214953271
r1,p04,bad,sleep_eff_lag1,below,93.0,54,21,0.3888888888888889,0.2753623188405797,-0.0049448937408292926,0.9252336448598131,0.17757009345794392
r1,p04,bad,sleep_h_avg3,below,7.0,53,20,0.37735849056603776,0.2857142857142857,-0.02635351999694746,0.9532710280373832,0.14953271028037382
r1,p04,bad,steps_lag1,below,9000.0,50,18,0.36,0.2875,-0.04611437032817123,1.0,0.34579439252336447
r1,p04,bad,steps_avg3,below,9000.0,35,14,0.4,0.30612244897959184,-0.0506173996465194,1.0,0.22429906542056074
r1,p04,bad,sedentary_avg3,above,660.0,56,21,0.375,0.3108108108108108,-0.0507105143438889,1.0,0.308411214953271
r1,p04,bad,rhr_night_avg3,above,68.0,44,16,0.36363636363636365,0.3023255813953488,-0.06449224012043456,1.0,0.4392523364485981
r1,p04,bad,lightly_avg3,below,220.0,66,23,0.3484848484848485,0.31343283582089554,-0.06867576243529144,1.0,0.4485981308411215
r1,p04,bad,rhr_night_lag1,above,68.0,41,15,0.36585365853658536,0.3048780487804878,-0.06898174461111967,1.0,0.4392523364485981
r1,p04,bad,sedentary_lag1,above,780.0,17,7,0.4117647058823529,0.3018867924528302,-0.08577893206151635,1.0,0.4485981308411215
r1,p04,bad,srpe_load_lag1,above,300.0,24,9,0.375,0.3181818181818182,-0.10659048384550363,1.0,0.5607476635514018
r1,p04,bad,mvpa_avg3,below,40.0,53,17,0.32075471698113206,0.3375,-0.126579554106597,1.0,0.719626168224299
r1,p04,bad,srpe_load_avg3,above,200.0,41,11,0.2682926829268293,0.3548387096774194,-0.19789065686405252,1.0,0.8037383177570093
r1,p04,good,sleep_eff_avg3,above,93.0,54,24,0.4444444444444444,0.23684210526315788,0.08318046349282024,0.24299065420560748,0.009345794392523364
r1,p04,good,steps_avg3,above,11000.0,52,23,0.4423076923076923,0.24691358024691357,0.06903489163896731,0.29906542056074764,0.0
r1,p04,good,sleep_eff_lag1,above,93.0,50,22,0.44,0.2602739726027397,0.05134589949961377,0.4485981308411215,0.04672897196261682
r1,p04,good,bedtime_h_lag1,below,4.5,44,20,0.45454545454545453,0.26582278481012656,0.05122729305840956,0.4672897196261682,0.04672897196261682
r1,p04,good,rhr_night_avg3,below,65.0,23,12,0.5217391304347826,0.2803738317757009,0.049250466866484044,0.4672897196261682,0.102803738317757
r1,p04,good,bedtime_h_avg3,below,4.5,27,13,0.48148148148148145,0.2815533980582524,0.025876108438838363,0.6448598130841121,0.04672897196261682
r1,p04,good,lightly_avg3,above,220.0,66,25,0.3787878787878788,0.26865671641791045,0.002835999386250565,0.8317757009345794,0.2616822429906542
r1,p04,good,sedentary_avg3,below,570.0,13,7,0.5384615384615384,0.2905982905982906,0.0008360337200298273,0.8411214953271028,0.14953271028037382
r1,p04,good,rhr_night_lag1,below,67.0,49,20,0.40816326530612246,0.28378378378378377,-0.0016334377240732612,0.8411214953271028,0.1588785046728972
r1,p04,good,sedentary_lag1,below,630.0,53,20,0.37735849056603776,0.2714285714285714,-0.01206780571123317,0.8504672897196262,0.21495327102803738
r1,p04,good,steps_lag1,above,10000.0,65,24,0.36923076923076925,0.2923076923076923,-0.030015470417019796,0.9439252336448598,0.22429906542056074
r1,p04,good,mvpa_lag1,above,50.0,58,21,0.3620689655172414,0.3055555555555556,-0.05500821207055223,0.9906542056074766,0.3925233644859813
r1,p04,good,lightly_lag1,above,220.0,62,22,0.3548387096774194,0.3088235294117647,-0.06139792364790431,1.0,0.411214953271028
r1,p04,good,mvpa_avg3,above,70.0,17,7,0.4117647058823529,0.3103448275862069,-0.09423696719489308,1.0,0.4672897196261682
r1,p04,good,srpe_load_avg3,below,100.0,31,11,0.3548387096774194,0.32038834951456313,-0.10922387209890497,1.0,0.4392523364485981
r1,p04,good,srpe_load_lag1,below,100.0,61,18,0.29508196721311475,0.3561643835616438,-0.1606157295217906,1.0,0.8504672897196262
r1,p04,good,sleep_h_lag1,above,7.5,44,13,0.29545454545454547,0.35443037974683544,-0.1728767708744025,1.0,0.822429906542056
r1,p04,good,sleep_h_avg3,above,7.5,41,8,0.1951219512195122,0.38202247191011235,-0.27967931441805305,1.0,1.0
r1,p05,bad,sleep_eff_avg3,below,96.0,49,28,0.5714285714285714,0.3333333333333333,0.09936914183682216,0.6210526315789474,0.0
r1,p05,bad,lightly_lag1,below,240.0,45,25,0.5555555555555556,0.32,0.09175883416365321,0.6210526315789474,0.05263157894736842
r1,p05,bad,sleep_h_lag1,below,5.5,27,16,0.5925925925925926,0.4,0.007263830553640882,0.9157894736842105,0.10526315789473684
r1,p05,bad,sleep_h_avg3,below,5.5,12,8,0.6666666666666666,0.4148936170212766,-0.02427602962366271,1.0,0.15789473684210525
r1,p05,bad,sleep_eff_lag1,below,95.0,33,18,0.5454545454545454,0.4057971014492754,-0.02594052201177971,1.0,0.15789473684210525
r1,p05,bad,mvpa_avg3,below,70.0,49,22,0.4489795918367347,0.35714285714285715,-0.03861660784649379,1.0,0.23157894736842105
r1,p05,bad,lightly_avg3,below,240.0,42,19,0.4523809523809524,0.36363636363636365,-0.05140472544997837,1.0,0.29473684210526313
r1,p05,bad,rhr_night_lag1,above,64.0,47,23,0.48936170212765956,0.41818181818181815,-0.06542857481578307,1.0,0.3684210526315789
r1,p05,bad,rhr_night_avg3,above,64.0,53,24,0.4528301886792453,0.4339622641509434,-0.10738858254946876,1.0,0.6
r1,p05,bad,steps_avg3,below,12000.0,55,22,0.4,0.390625,-0.1094419621356642,1.0,0.5157894736842106
r1,p05,bad,bedtime_h_lag1,above,6.0,33,16,0.48484848484848486,0.43478260869565216,-0.10974479222640993,1.0,0.42105263157894735
r1,p05,bad,sedentary_avg3,above,720.0,51,20,0.39215686274509803,0.421875,-0.15160355141972304,1.0,0.6421052631578947
r1,p05,bad,mvpa_lag1,below,50.0,35,14,0.4,0.4117647058823529,-0.15625965654928048,1.0,0.7157894736842105
r1,p05,bad,sedentary_lag1,above,750.0,43,16,0.37209302325581395,0.47058823529411764,-0.22682684635637435,1.0,0.9052631578947369
r1,p05,bad,bedtime_h_avg3,above,6.0,29,11,0.3793103448275862,0.4675324675324675,-0.2406545102237941,1.0,0.7157894736842105
r1,p05,bad,srpe_load_avg3,above,0.0,20,7,0.35,0.4411764705882353,-0.25998692272029067,1.0,0.8105263157894737
r1,p05,bad,steps_lag1,below,10000.0,38,12,0.3157894736842105,0.45121951219512196,-0.26037531195845554,1.0,0.9473684210526315
r1,p05,good,lightly_avg3,above,260.0,54,9,0.16666666666666666,0.03076923076923077,0.05947366909687313,0.47368421052631576,0.09473684210526316
r1,p05,good,rhr_night_lag1,below,64.0,42,6,0.14285714285714285,0.016666666666666666,0.05049209017523268,0.5263157894736842,0.11578947368421053
r1,p05,good,rhr_night_avg3,below,63.0,38,5,0.13157894736842105,0.029411764705882353,0.02812606405143201,0.7473684210526316,0.17894736842105263
r1,p05,good,sedentary_lag1,below,660.0,35,5,0.14285714285714285,0.06578947368421052,-0.003188085635675547,0.9157894736842105,0.3157894736842105
r1,p05,good,bedtime_h_lag1,below,5.5,40,4,0.1,0.04838709677419355,-0.008808209178618687,0.968421052631579,0.22105263157894736
r1,p05,good,steps_lag1,above,12000.0,60,7,0.11666666666666667,0.06666666666666667,-0.008990192632166182,0.9789473684210527,0.3894736842105263
r1,p05,good,mvpa_lag1,above,90.0,48,6,0.125,0.06944444444444445,-0.010874726940436015,0.9789473684210527,0.29473684210526313
r1,p05,good,sleep_eff_avg3,above,96.0,45,4,0.08888888888888889,0.04918032786885246,-0.014069779734649304,0.9894736842105263,0.2
r1,p05,good,sleep_eff_lag1,above,96.0,43,4,0.09302325581395349,0.05084745762711865,-0.014076412523772133,0.9894736842105263,0.24210526315789474
r1,p05,good,mvpa_avg3,above,80.0,53,6,0.11320754716981132,0.07575757575757576,-0.02282798664688908,0.9894736842105263,0.3473684210526316
r1,p05,good,lightly_lag1,above,280.0,33,4,0.12121212121212122,0.08045977011494253,-0.03229893743910023,1.0,0.35789473684210527
r1,p05,good,sedentary_avg3,below,690.0,51,5,0.09803921568627451,0.078125,-0.03551755504692303,1.0,0.4631578947368421
r1,p05,good,steps_avg3,above,14000.0,23,3,0.13043478260869565,0.08333333333333333,-0.03795756818988631,1.0,0.4105263157894737
r1,p05,good,sleep_h_lag1,above,6.5,28,2,0.07142857142857142,0.06756756756756757,-0.04775592011979678,1.0,0.4631578947368421
r1,p05,good,bedtime_h_avg3,below,5.5,34,2,0.058823529411764705,0.06944444444444445,-0.05316213138060201,1.0,0.5473684210526316
r1,p05,good,sleep_h_avg3,above,6.5,21,1,0.047619047619047616,0.07058823529411765,-0.06213246582219435,1.0,0.45263157894736844
r1,p06,bad,sleep_h_avg3,below,6.0,49,33,0.673469387755102,0.4020618556701031,0.13172758120395966,0.18333333333333332,0.016666666666666666
r1,p06,bad,sleep_h_lag1,below,6.0,56,36,0.6428571428571429,0.39325842696629215,0.11867803020702056,0.2,0.0
r1,p06,bad,sleep_eff_lag1,below,98.0,56,35,0.625,0.4044943820224719,0.08955687832242115,0.31666666666666665,0.05
r1,p06,bad,sleep_eff_avg3,below,98.0,69,41,0.5942028985507246,0.4025974025974026,0.07375933421957148,0.35,0.058333333333333334
r1,p06,bad,bedtime_h_avg3,above,6.5,18,13,0.7222222222222222,0.4609375,0.030331724538054772,0.6083333333333333,0.16666666666666666
r1,p06,bad,lightly_avg3,below,260.0,14,10,0.7142857142857143,0.46564885496183206,-0.012144266686675953,0.8416666666666667,0.21666666666666667
r1,p06,bad,sedentary_avg3,above,660.0,27,17,0.6296296296296297,0.46551724137931033,-0.023228195144847308,0.9083333333333333,0.20833333333333334
r1,p06,bad,steps_avg3,below,10000.0,18,12,0.6666666666666666,0.4645669291338583,-0.0270762356913547,0.9083333333333333,0.225
r1,p06,bad,bedtime_h_lag1,above,6.0,49,27,0.5510204081632653,0.4583333333333333,-0.04518466533655219,0.9583333333333334,0.2916666666666667
r1,p06,bad,mvpa_avg3,below,50.0,37,21,0.5675675675675675,0.46296296296296297,-0.053823899620955795,0.9916666666666667,0.36666666666666664
r1,p06,bad,sedentary_lag1,above,630.0,56,30,0.5357142857142857,0.4772727272727273,-0.07023316070032654,1.0,0.30833333333333335
r1,p06,bad,lightly_lag1,below,320.0,70,36,0.5142857142857142,0.47368421052631576,-0.07414238312371402,1.0,0.39166666666666666
r1,p06,bad,steps_lag1,below,6000.0,12,8,0.6666666666666666,0.47761194029850745,-0.08699435290089358,1.0,0.5583333333333333
r1,p06,bad,rhr_night_avg3,above,50.0,69,34,0.4927536231884058,0.4868421052631579,-0.10851986035212363,1.0,0.6333333333333333
r1,p06,bad,mvpa_lag1,below,70.0,73,36,0.4931506849315068,0.4931506849315068,-0.11144402628459499,1.0,0.6416666666666667
r1,p06,bad,rhr_night_lag1,above,50.0,59,27,0.4576271186440678,0.5238095238095238,-0.1867985024070995,1.0,0.7666666666666667
r1,p06,bad,srpe_load_avg3,above,100.0,26,11,0.4230769230769231,0.5042016806722689,-0.24875978164497492,1.0,0.6833333333333333
r1,p06,bad,srpe_load_lag1,above,100.0,37,15,0.40540540540540543,0.5229357798165137,-0.2594728214171123,1.0,0.9416666666666667
r1,p06,good,sleep_h_lag1,above,6.5,54,19,0.35185185185185186,0.054945054945054944,0.18328326227914524,0.016666666666666666,0.0
r1,p06,good,sleep_h_avg3,above,6.5,49,15,0.30612244897959184,0.08247422680412371,0.11267900812735109,0.15833333333333333,0.0
r1,p06,good,bedtime_h_avg3,below,5.0,18,7,0.3888888888888889,0.125,0.0780499192693116,0.31666666666666665,0.008333333333333333
r1,p06,good,rhr_night_lag1,below,50.0,59,13,0.22033898305084745,0.11904761904761904,0.014493106195618527,0.8583333333333333,0.18333333333333332
r1,p06,good,bedtime_h_lag1,below,5.5,58,13,0.22413793103448276,0.12643678160919541,0.009498551719520215,0.8833333333333333,0.15
r1,p06,good,rhr_night_avg3,below,49.0,39,9,0.23076923076923078,0.1320754716981132,-0.005618847410275601,0.9333333333333333,0.25
r1,p06,good,mvpa_lag1,above,80.0,62,9,0.14516129032258066,0.16666666666666666,-0.08837343610319659,1.0,0.875
r1,p06,good,steps_avg3,above,16000.0,38,5,0.13157894736842105,0.16822429906542055,-0.11068647030810619,1.0,0.9083333333333333
r1,p06,good,steps_lag1,above,16000.0,55,7,0.12727272727272726,0.17582417582417584,-0.11278287164937388,1.0,0.9333333333333333
r1,p06,good,sedentary_avg3,below,570.0,32,4,0.125,0.17117117117117117,-0.12147063272642816,1.0,0.9083333333333333
r1,p06,good,sleep_eff_avg3,above,98.0,59,7,0.11864406779661017,0.1839080459770115,-0.12523296319787147,1.0,0.9083333333333333
r1,p06,good,sedentary_lag1,below,570.0,51,6,0.11764705882352941,0.1827956989247312,-0.12774571128300352,1.0,0.95
r1,p06,good,lightly_avg3,above,400.0,16,2,0.125,0.16279069767441862,-0.12781394833736148,1.0,0.95
r1,p06,good,mvpa_avg3,above,120.0,16,2,0.125,0.16279069767441862,-0.12781394833736148,1.0,0.8916666666666667
r1,p06,good,sleep_eff_lag1,above,98.0,59,7,0.11864406779661017,0.19767441860465115,-0.13899933582551113,1.0,0.9666666666666667
r1,p06,good,lightly_lag1,above,380.0,45,4,0.08888888888888889,0.18811881188118812,-0.15300826374698495,1.0,0.9833333333333333
r1,p07,bad,bedtime_h_avg3,above,6.0,38,14,0.3684210526315789,0.16666666666666666,0.06717346488747128,0.39215686274509803,0.0392156862745098
r1,p07,bad,lightly_lag1,below,200.0,19,7,0.3684210526315789,0.19444444444444445,-0.0029517206817060437,0.9215686274509803,0.20588235294117646
r1,p07,bad,sedentary_lag1,above,600.0,50,14,0.28,0.18055555555555555,-0.005815411978751933,0.9313725490196079,0.22549019607843138
r1,p07,bad,sleep_h_avg3,below,6.5,19,7,0.3684210526315789,0.2018348623853211,-0.010342138622582708,0.9313725490196079,0.18627450980392157
r1,p07,bad,bedtime_h_lag1,above,6.5,20,7,0.35,0.21153846153846154,-0.030348913670516925,0.9705882352941176,0.30392156862745096
r1,p07,bad,mvpa_lag1,below,70.0,35,10,0.2857142857142857,0.1956521739130435,-0.032388539930087834,0.9705882352941176,0.27450980392156865
r1,p07,bad,sleep_eff_avg3,below,95.0,34,10,0.29411764705882354,0.20212765957446807,-0.033783133475148525,0.9901960784313726,0.28431372549019607
r1,p07,bad,sleep_h_lag1,below,6.0,13,5,0.38461538461538464,0.21621621621621623,-0.03912175040384805,0.9901960784313726,0.30392156862745096
r1,p07,bad,sleep_eff_lag1,below,95.0,35,10,0.2857142857142857,0.21348314606741572,-0.05021951208446007,0.9901960784313726,0.4019607843137255
r1,p07,bad,steps_lag1,below,9000.0,11,4,0.36363636363636365,0.20689655172413793,-0.05523431558282407,1.0,0.5490196078431373
r1,p07,bad,mvpa_avg3,below,70.0,33,9,0.2727272727272727,0.2127659574468085,-0.0620932308835804,1.0,0.5294117647058824
r1,p07,bad,lightly_avg3,below,220.0,24,7,0.2916666666666667,0.21359223300970873,-0.06444762966806594,1.0,0.5392156862745098
r1,p07,bad,steps_avg3,below,11000.0,12,4,0.3333333333333333,0.21739130434782608,-0.07927346445046474,1.0,0.6176470588235294
r1,p07,bad,sedentary_avg3,above,600.0,45,10,0.2222222222222222,0.2077922077922078,-0.08234668913215146,1.0,0.5294117647058824
r1,p07,bad,rhr_night_lag1,above,58.0,36,9,0.25,0.22988505747126436,-0.0923818190790105,1.0,0.5098039215686274
r1,p07,bad,rhr_night_avg3,above,59.0,18,5,0.2777777777777778,0.22018348623853212,-0.09518779477497737,1.0,0.6372549019607843
r1,p07,bad,srpe_load_avg3,above,300.0,47,10,0.2127659574468085,0.2345679012345679,-0.11467209999209471,1.0,0.6666666666666666
r1,p07,bad,srpe_load_lag1,above,300.0,47,6,0.1276595744680851,0.2804878048780488,-0.22064257707602403,1.0,1.0
r1,p07,good,sleep_h_lag1,above,8.0,26,14,0.5384615384615384,0.336734693877551,0.017841668166750146,0.7843137254901961,0.058823529411764705
r1,p07,good,sleep_h_avg3,above,7.5,30,15,0.5,0.3469387755102041,-0.015400263238466494,0.9117647058823529,0.0392156862745098
r1,p07,good,sleep_eff_avg3,above,96.0,38,18,0.47368421052631576,0.34444444444444444,-0.019656656355028612,0.9313725490196079,0.12745098039215685
r1,p07,good,sedentary_lag1,below,570.0,49,20,0.40816326530612246,0.3698630136986301,-0.0877126676389196,1.0,0.5294117647058824
r1,p07,good,srpe_load_lag1,below,100.0,33,14,0.42424242424242425,0.375,-0.10264641004970099,1.0,0.5294117647058824
r1,p07,good,mvpa_lag1,above,130.0,20,9,0.45,0.37383177570093457,-0.11563675484384162,1.0,0.6372549019607843
r1,p07,good,mvpa_avg3,above,130.0,12,6,0.5,0.3739130434782609,-0.12013487308483867,1.0,0.696078431372549
r1,p07,good,srpe_load_avg3,below,200.0,35,13,0.37142857142857144,0.3870967741935484,-0.15544070050463776,1.0,0.5882352941176471
r1,p07,good,steps_lag1,above,22000.0,11,5,0.45454545454545453,0.3793103448275862,-0.1666007693877057,1.0,0.8235294117647058
r1,p07,good,rhr_night_lag1,below,58.0,59,20,0.3389830508474576,0.40625,-0.17487516401616507,1.0,0.7843137254901961
r1,p07,good,bedtime_h_avg3,below,5.5,64,22,0.34375,0.421875,-0.1826452496453097,1.0,0.8921568627450981
r1,p07,good,sleep_eff_lag1,above,96.0,38,13,0.34210526315789475,0.3953488372093023,-0.18322663694471275,1.0,0.7549019607843137
r1,p07,good,lightly_avg3,above,280.0,26,9,0.34615384615384615,0.39603960396039606,-0.20191945423187477,1.0,0.9019607843137255
r1,p07,good,bedtime_h_lag1,below,4.0,10,4,0.4,0.37719298245614036,-0.20901540125263068,1.0,0.8725490196078431
r1,p07,good,lightly_lag1,above,260.0,56,17,0.30357142857142855,0.4507042253521127,-0.25170257914435346,1.0,0.9901960784313726
r1,p07,good,steps_avg3,above,18000.0,41,12,0.2926829268292683,0.43023255813953487,-0.25414238180894605,1.0,0.9803921568627451
r1,p07,good,rhr_night_avg3,below,56.0,24,7,0.2916666666666667,0.4077669902912621,-0.25862238694961937,1.0,0.9215686274509803
r1,p07,good,sedentary_avg3,below,540.0,27,7,0.25925925925925924,0.43157894736842106,-0.29987686313975326,1.0,1.0
r1,p08,bad,sleep_h_avg3,below,7.0,26,13,0.5,0.22058823529411764,0.10001482785590315,0.3333333333333333,0.014492753623188406
r1,p08,bad,sleep_h_lag1,below,7.0,31,14,0.45161290322580644,0.2222222222222222,0.06939260614363885,0.4782608695652174,0.014492753623188406
r1,p08,bad,lightly_avg3,below,220.0,43,17,0.3953488372093023,0.20833333333333334,0.05531772865123066,0.5362318840579711,0.014492753623188406
r1,p08,bad,mvpa_lag1,below,100.0,36,14,0.3888888888888889,0.2413793103448276,0.006467243833401859,0.8260869565217391,0.08695652173913043
r1,p08,bad,bedtime_h_lag1,above,7.0,12,6,0.5,0.2682926829268293,-0.014514512533407076,0.9420289855072463,0.2608695652173913
r1,p08,bad,sleep_eff_avg3,below,94.0,38,14,0.3684210526315789,0.25,-0.016159868445862063,0.9420289855072463,0.2463768115942029
r1,p08,bad,steps_avg3,below,17000.0,44,15,0.3409090909090909,0.2553191489361702,-0.03656282264977076,0.9565217391304348,0.2753623188405797
r1,p08,bad,steps_lag1,below,10000.0,10,5,0.5,0.27380952380952384,-0.03721993019403655,0.9710144927536232,0.3333333333333333
r1,p08,bad,sleep_eff_lag1,below,94.0,37,13,0.35135135135135137,0.2631578947368421,-0.044903828425833375,0.9855072463768116,0.3333333333333333
r1,p08,bad,rhr_night_avg3,above,58.0,11,5,0.45454545454545453,0.27710843373493976,-0.06439885829505929,1.0,0.4057971014492754
r1,p08,bad,lightly_lag1,below,160.0,11,5,0.45454545454545453,0.27710843373493976,-0.06439885829505929,1.0,0.36231884057971014
r1,p08,bad,mvpa_avg3,below,110.0,32,11,0.34375,0.2711864406779661,-0.0670841071346806,1.0,0.2898550724637681
r1,p08,bad,rhr_night_lag1,above,56.0,22,8,0.36363636363636365,0.2777777777777778,-0.08044805005169883,1.0,0.391304347826087
r1,p08,bad,sedentary_avg3,above,600.0,28,9,0.32142857142857145,0.2833333333333333,-0.10400285789912592,1.0,0.3333333333333333
r1,p08,bad,sedentary_lag1,above,630.0,22,7,0.3181818181818182,0.3076923076923077,-0.14408843414538294,1.0,0.6956521739130435
r1,p08,bad,bedtime_h_avg3,above,6.0,30,8,0.26666666666666666,0.3125,-0.17067504446089382,1.0,0.7681159420289855
r1,p08,bad,srpe_load_lag1,above,400.0,29,7,0.2413793103448276,0.31343283582089554,-0.19125015397027423,1.0,0.927536231884058
r1,p08,bad,srpe_load_avg3,above,400.0,25,4,0.16,0.34285714285714286,-0.27882366677136294,1.0,0.9855072463768116
r1,p08,good,sleep_eff_lag1,above,94.0,42,26,0.6190476190476191,0.40384615384615385,0.06429152835380991,0.36231884057971014,0.07246376811594203
r1,p08,good,sleep_h_lag1,above,7.5,31,20,0.6451612903225806,0.42857142857142855,0.040904951856720384,0.5362318840579711,0.028985507246376812
r1,p08,good,mvpa_lag1,above,120.0,42,23,0.5476190476190477,0.4423076923076923,-0.042819064836465304,0.9855072463768116,0.30434782608695654
r1,p08,good,sleep_h_avg3,above,8.0,10,7,0.7,0.47619047619047616,-0.07941725621091095,1.0,0.34782608695652173
r1,p08,good,mvpa_avg3,above,150.0,20,12,0.6,0.4788732394366197,-0.09229529712141366,1.0,0.4492753623188406
r1,p08,good,steps_lag1,above,17000.0,47,24,0.5106382978723404,0.46808510638297873,-0.0956629304892499,1.0,0.4492753623188406
r1,p08,good,srpe_load_lag1,below,200.0,25,14,0.56,0.4788732394366197,-0.10820306924097534,1.0,0.4057971014492754
r1,p08,good,rhr_night_lag1,below,53.0,15,9,0.6,0.4810126582278481,-0.1235482306627711,1.0,0.5072463768115942
r1,p08,good,lightly_avg3,above,240.0,32,17,0.53125,0.4915254237288136,-0.1270330444030754,1.0,0.463768115942029
r1,p08,good,sedentary_avg3,below,570.0,37,19,0.5135135135135135,0.49019607843137253,-0.1312497061715634,1.0,0.5942028985507246
r1,p08,good,srpe_load_avg3,below,300.0,39,20,0.5128205128205128,0.5,-0.1380089135430343,1.0,0.5797101449275363
r1,p08,good,bedtime_h_avg3,below,5.5,27,14,0.5185185185185185,0.4925373134328358,-0.15268406757073155,1.0,0.4492753623188406
r1,p08,good,lightly_lag1,above,240.0,37,18,0.4864864864864865,0.49122807017543857,-0.1567665369033282,1.0,0.5652173913043478
r1,p08,good,sleep_eff_avg3,above,95.0,14,8,0.5714285714285714,0.4875,-0.16159733097130646,1.0,0.7101449275362319
r1,p08,good,steps_avg3,above,18000.0,40,19,0.475,0.5294117647058824,-0.20005946920406542,1.0,0.855072463768116
r1,p08,good,bedtime_h_lag1,below,5.5,37,17,0.4594594594594595,0.5263157894736842,-0.2159325111891069,1.0,0.7681159420289855
r1,p08,good,sedentary_lag1,below,510.0,20,9,0.45,0.4925373134328358,-0.23434229257574285,1.0,0.9130434782608695
r1,p08,good,rhr_night_avg3,below,54.0,28,12,0.42857142857142855,0.5303030303030303,-0.26522006849571805,1.0,0.8840579710144928
r1,p09,bad,sedentary_avg3,above,750.0,33,11,0.3333333333333333,0.05555555555555555,0.14194473912248146,0.041666666666666664,0.013888888888888888
r1,p09,bad,sleep_h_lag1,below,5.5,19,9,0.47368421052631576,0.14666666666666667,0.12662838820781874,0.09722222222222222,0.0
r1,p09,bad,sedentary_lag1,above,780.0,26,8,0.3076923076923077,0.12195121951219512,0.04305998988573159,0.5833333333333334,0.06944444444444445
r1,p09,bad,sleep_eff_lag1,below,93.0,41,11,0.2682926829268293,0.16981132075471697,-0.01286326794135012,0.9722222222222222,0.2222222222222222
r1,p09,bad,lightly_lag1,below,120.0,20,7,0.35,0.20967741935483872,-0.028487871486894106,1.0,0.18055555555555555
r1,p09,bad,lightly_avg3,below,140.0,34,10,0.29411764705882354,0.2037037037037037,-0.035359177604384145,1.0,0.20833333333333334
r1,p09,bad,mvpa_avg3,below,20.0,35,10,0.2857142857142857,0.20754716981132076,-0.04428353582836511,1.0,0.2638888888888889
r1,p09,bad,steps_lag1,below,4000.0,18,6,0.3333333333333333,0.21875,-0.05596445636337144,1.0,0.2222222222222222
r1,p09,bad,mvpa_lag1,below,10.0,23,7,0.30434782608695654,0.22033898305084745,-0.06430070284112288,1.0,0.16666666666666666
r1,p09,bad,steps_avg3,below,5000.0,29,8,0.27586206896551724,0.22033898305084745,-0.07335316966582006,1.0,0.3611111111111111
r1,p09,bad,bedtime_h_lag1,above,8.5,39,9,0.23076923076923078,0.2,-0.0735433757121624,1.0,0.5416666666666666
r1,p09,bad,sleep_h_avg3,below,6.5,29,7,0.2413793103448276,0.21212121212121213,-0.0899385302705908,1.0,0.5694444444444444
r1,p09,bad,sleep_eff_avg3,below,90.0,12,3,0.25,0.21686746987951808,-0.1279274302505567,1.0,0.8472222222222222
r1,p09,bad,bedtime_h_avg3,above,10.0,13,3,0.23076923076923078,0.21951219512195122,-0.1377184041972941,1.0,0.7916666666666666
r1,p09,bad,rhr_night_avg3,above,63.0,25,4,0.16,0.25,-0.1859665239142201,1.0,0.9583333333333334
r1,p09,bad,rhr_night_lag1,above,61.0,37,5,0.13513513513513514,0.2545454545454545,-0.19541338192037827,1.0,0.9861111111111112
r1,p09,good,sleep_eff_avg3,above,93.0,44,20,0.45454545454545453,0.21568627450980393,0.10136380335873219,0.2916666666666667,0.027777777777777776
r1,p09,good,lightly_avg3,above,160.0,41,18,0.43902439024390244,0.2127659574468085,0.08613309027428981,0.375,0.027777777777777776
r1,p09,good,lightly_lag1,above,180.0,29,13,0.4482758620689655,0.24528301886792453,0.03884609261953337,0.6527777777777778,0.08333333333333333
r1,p09,good,mvpa_lag1,above,20.0,40,16,0.4,0.23809523809523808,0.025385868028775516,0.6666666666666666,0.08333333333333333
r1,p09,good,steps_lag1,above,7000.0,34,14,0.4117647058823529,0.25,0.013657377856888586,0.8055555555555556,0.08333333333333333
r1,p09,good,sleep_h_lag1,above,7.5,34,15,0.4411764705882353,0.2833333333333333,0.00549906881963419,0.8472222222222222,0.18055555555555555
r1,p09,good,rhr_night_avg3,below,60.0,35,14,0.4,0.27586206896551724,-0.020357019632444795,0.9166666666666666,0.18055555555555555
r1,p09,good,steps_avg3,above,7000.0,36,14,0.3888888888888889,0.2692307692307692,-0.021384215052539762,0.9305555555555556,0.19444444444444445
r1,p09,good,sleep_eff_lag1,above,94.0,34,14,0.4117647058823529,0.3,-0.0363426221431114,0.9444444444444444,0.18055555555555555
r1,p09,good,mvpa_avg3,above,30.0,38,14,0.3684210526315789,0.28,-0.04615986844586209,1.0,0.25
r1,p09,good,sleep_h_avg3,above,8.0,19,8,0.42105263157894735,0.3026315789473684,-0.07121537502706463,1.0,0.4166666666666667
r1,p09,good,rhr_night_lag1,below,60.0,30,12,0.4,0.3225806451612903,-0.07667670190045633,1.0,0.3888888888888889
r1,p09,good,bedtime_h_lag1,below,6.5,14,6,0.42857142857142855,0.325,-0.11119490069599475,1.0,0.7083333333333334
r1,p09,good,sedentary_lag1,below,630.0,17,7,0.4117647058823529,0.34,-0.1238921396086862,1.0,0.6666666666666666
r1,p09,good,bedtime_h_avg3,below,8.0,44,14,0.3181818181818182,0.3333333333333333,-0.13334203401659767,1.0,0.7638888888888888
r1,p09,good,sedentary_avg3,below,660.0,16,6,0.375,0.32075471698113206,-0.13594489143360403,1.0,0.5555555555555556
r1,p10,bad,sleep_h_lag1,below,7.0,23,13,0.5652173913043478,0.19298245614035087,0.17512803690981876,0.03278688524590164,0.0
r1,p10,bad,sleep_eff_lag1,below,91.0,24,13,0.5416666666666666,0.19642857142857142,0.15431696410249487,0.04918032786885246,0.0
r1,p10,bad,lightly_avg3,below,260.0,36,14,0.3888888888888889,0.20833333333333334,0.03951322084489611,0.5245901639344263,0.09836065573770492
r1,p10,bad,sedentary_avg3,above,630.0,26,10,0.38461538461538464,0.23529411764705882,-0.011010522528714567,0.8852459016393442,0.16393442622950818
r1,p10,bad,sleep_h_avg3,below,7.0,19,8,0.42105263157894735,0.24615384615384617,-0.014737642233542375,0.9016393442622951,0.09836065573770492
r1,p10,bad,steps_lag1,below,12000.0,42,14,0.3333333333333333,0.23809523809523808,-0.027972430475514898,0.9508196721311475,0.2786885245901639
r1,p10,bad,sedentary_lag1,above,630.0,29,11,0.3793103448275862,0.2608695652173913,-0.033991607908717886,0.9836065573770492,0.19672131147540983
r1,p10,bad,sleep_eff_avg3,below,91.0,30,10,0.3333333333333333,0.25925925925925924,-0.0669563039907973,1.0,0.47540983606557374
r1,p10,bad,mvpa_avg3,below,50.0,35,11,0.3142857142857143,0.2653061224489796,-0.07979954185115504,1.0,0.47540983606557374
r1,p10,bad,bedtime_h_lag1,above,7.0,16,6,0.375,0.28125,-0.09644017445247197,1.0,0.5081967213114754
r1,p10,bad,rhr_night_lag1,above,68.0,31,10,0.3225806451612903,0.2857142857142857,-0.10002197824115536,1.0,0.5573770491803278
r1,p10,bad,rhr_night_avg3,above,68.0,41,12,0.2926829268292683,0.27906976744186046,-0.10297959111127164,1.0,0.5901639344262295
r1,p10,bad,srpe_load_avg3,above,100.0,25,8,0.32,0.2777777777777778,-0.10572790260886633,1.0,0.3770491803278688
r1,p10,bad,lightly_lag1,below,260.0,36,10,0.2777777777777778,0.2916666666666667,-0.13318496640852873,1.0,0.639344262295082
r1,p10,bad,srpe_load_lag1,above,100.0,22,7,0.3181818181818182,0.2982456140350877,-0.13464174048816294,1.0,0.5245901639344263
r1,p10,bad,steps_avg3,below,12000.0,38,10,0.2631578947368421,0.30434782608695654,-0.15463320218994356,1.0,0.8360655737704918
r1,p10,bad,mvpa_lag1,below,40.0,36,9,0.25,0.3125,-0.17499676160774613,1.0,0.8688524590163934
r1,p10,bad,bedtime_h_avg3,above,6.5,27,6,0.2222222222222222,0.3157894736842105,-0.20971851879012096,1.0,0.9180327868852459
r1,p10,good,lightly_avg3,above,340.0,10,10,1.0,0.4189189189189189,0.3035409123144645,0.0,0.0
r1,p10,good,lightly_lag1,above,320.0,21,17,0.8095238095238095,0.38095238095238093,0.2190377536548861,0.0,0.0
r1,p10,good,sleep_h_lag1,above,7.5,40,24,0.6,0.375,0.07095619827393507,0.3114754098360656,0.03278688524590164
r1,p10,good,steps_lag1,above,12000.0,42,24,0.5714285714285714,0.40476190476190477,0.017297874356839937,0.47540983606557374,0.09836065573770492
r1,p10,good,sedentary_avg3,below,600.0,36,21,0.5833333333333334,0.4146341463414634,0.007365550301313417,0.5573770491803278,0.11475409836065574
r1,p10,good,sleep_h_avg3,above,7.5,34,20,0.5882352941176471,0.42,0.0022130414651927444,0.6065573770491803,0.04918032786885246
r1,p10,good,sedentary_lag1,below,480.0,11,8,0.7272727272727273,0.453125,-0.01877529301024622,0.7049180327868853,0.11475409836065574
r1,p10,good,sleep_eff_lag1,above,92.0,31,18,0.5806451612903226,0.42857142857142855,-0.020911785051218823,0.7377049180327869,0.13114754098360656
r1,p10,good,sleep_eff_avg3,above,92.0,31,18,0.5806451612903226,0.4339622641509434,-0.026302620630733686,0.7377049180327869,0.19672131147540983
r1,p10,good,bedtime_h_lag1,below,5.5,15,10,0.6666666666666666,0.4461538461538462,-0.02902259464171636,0.7540983606557377,0.16393442622950818
r1,p10,good,rhr_night_avg3,below,67.0,26,15,0.5769230769230769,0.4482758620689655,-0.05879289285776723,0.9344262295081968,0.4262295081967213
r1,p10,good,rhr_night_lag1,below,67.0,21,12,0.5714285714285714,0.4576271186440678,-0.09216495567374328,0.9672131147540983,0.5081967213114754
r1,p10,good,mvpa_lag1,above,60.0,34,16,0.47058823529411764,0.5,-0.18548748366888634,1.0,0.8360655737704918
r1,p10,good,steps_avg3,above,14000.0,26,12,0.46153846153846156,0.5,-0.21244417304765095,1.0,0.8360655737704918
r1,p10,good,mvpa_avg3,above,70.0,27,10,0.37037037037037035,0.543859649122807,-0.3285367784434385,1.0,0.9836065573770492
r1,p10,good,bedtime_h_avg3,below,6.0,23,8,0.34782608695652173,0.5409836065573771,-0.3528730601875547,1.0,0.9836065573770492
r1,p11,bad,sedentary_lag1,above,720.0,15,8,0.5333333333333333,0.25842696629213485,0.04273933521837303,0.569620253164557,0.02531645569620253
r1,p11,bad,sleep_eff_lag1,below,96.0,26,12,0.46153846153846156,0.25,0.03755582695234905,0.6075949367088608,0.06329113924050633
r1,p11,bad,bedtime_h_lag1,above,6.0,33,13,0.3939393939393939,0.2602739726027397,-0.013445150287657665,0.9240506329113924,0.22784810126582278
r1,p11,bad,lightly_avg3,below,300.0,51,18,0.35294117647058826,0.25925925925925924,-0.022916205446661397,0.9493670886075949,0.24050632911392406
r1,p11,bad,rhr_night_lag1,above,65.0,21,9,0.42857142857142855,0.27058823529411763,-0.02589124042890717,0.9493670886075949,0.13924050632911392
r1,p11,bad,lightly_lag1,below,200.0,18,8,0.4444444444444444,0.2727272727272727,-0.027134961713381478,0.9493670886075949,0.17721518987341772
r1,p11,bad,steps_lag1,below,11000.0,52,18,0.34615384615384615,0.25925925925925924,-0.0277509785198731,0.9493670886075949,0.35443037974683544
r1,p11,bad,steps_avg3,below,12000.0,52,18,0.34615384615384615,0.2641509433962264,-0.032642662656840266,0.9746835443037974,0.35443037974683544
r1,p11,bad,mvpa_avg3,below,50.0,38,14,0.3684210526315789,0.26865671641791045,-0.03481658486377251,0.9746835443037974,0.35443037974683544
r1,p11,bad,mvpa_lag1,below,20.0,22,9,0.4090909090909091,0.27380952380952384,-0.04125392712132006,0.9746835443037974,0.43037974683544306
r1,p11,bad,sleep_h_lag1,below,7.0,50,17,0.34,0.26785714285714285,-0.04348944650653225,0.9746835443037974,0.16455696202531644
r1,p11,bad,rhr_night_avg3,above,64.0,43,15,0.3488372093023256,0.27419354838709675,-0.05000956089746572,0.9873417721518988,0.3037974683544304
r1,p11,bad,sleep_eff_avg3,below,96.0,29,10,0.3448275862068966,0.2894736842105263,-0.0900685967186215,1.0,0.45569620253164556
r1,p11,bad,sleep_h_avg3,below,7.0,44,14,0.3181818181818182,0.29508196721311475,-0.0950906678963791,1.0,0.45569620253164556
r1,p11,bad,sedentary_avg3,above,660.0,24,8,0.3333333333333333,0.2875,-0.10778021311620353,1.0,0.5189873417721519
r1,p11,bad,bedtime_h_avg3,above,5.5,47,13,0.2765957446808511,0.3275862068965517,-0.15822214698502238,1.0,0.7974683544303798
r1,p11,bad,srpe_load_lag1,above,100.0,26,5,0.19230769230769232,0.3076923076923077,-0.22262294997442503,1.0,0.8607594936708861
r1,p11,bad,srpe_load_avg3,above,200.0,17,3,0.17647058823529413,0.2972972972972973,-0.2353871601718074,1.0,0.7848101265822784
r1,p14,bad,sedentary_avg3,above,690.0,17,9,0.5294117647058824,0.25862068965517243,0.05100828346032249,0.8875,0.075
r1,p14,bad,lightly_avg3,below,120.0,12,8,0.6666666666666666,0.3780487804878049,0.012568806909808994,0.95,0.0375
r1,p14,bad,mvpa_lag1,below,50.0,32,17,0.53125,0.359375,0.005117379325738192,0.95,0.1125
r1,p14,bad,steps_lag1,below,8000.0,19,11,0.5789473684210527,0.37662337662337664,-0.01386786197177553,0.9875,0.1875
r1,p14,bad,lightly_lag1,below,140.0,31,16,0.5161290322580645,0.36923076923076925,-0.020829586361037544,0.9875,0.0625
r1,p14,bad,steps_avg3,below,9000.0,15,9,0.6,0.379746835443038,-0.022282407877960986,0.9875,0.2625
r1,p14,bad,sedentary_lag1,above,660.0,34,15,0.4411764705882353,0.3170731707317073,-0.028240768578739806,0.9875,0.25
r1,p14,bad,mvpa_avg3,below,50.0,22,12,0.5454545454545454,0.375,-0.02840526710958441,0.9875,0.2375
r1,p14,bad,sleep_h_lag1,below,7.5,49,23,0.46938775510204084,0.38461538461538464,-0.04758256563643687,1.0,0.2125
r1,p14,bad,sleep_h_avg3,below,7.0,33,16,0.48484848484848486,0.37681159420289856,-0.05177377773365632,1.0,0.2875
r1,p14,bad,srpe_load_avg3,above,100.0,51,24,0.47058823529411764,0.4339622641509434,-0.09343454988677935,1.0,0.35
r1,p14,bad,sleep_eff_avg3,below,89.0,11,6,0.5454545454545454,0.3956043956043956,-0.11551663991440736,1.0,0.7625
r1,p14,bad,srpe_load_lag1,above,100.0,39,18,0.46153846153846156,0.4461538461538462,-0.13048737381336267,1.0,0.5375
r1,p14,bad,sleep_eff_lag1,below,89.0,17,8,0.47058823529411764,0.4166666666666667,-0.15501865470578563,1.0,0.9
r1,p14,bad,bedtime_h_avg3,above,4.5,23,9,0.391304347826087,0.4177215189873418,-0.19614773916352032,1.0,0.8375
r1,p14,bad,bedtime_h_lag1,above,4.5,25,9,0.36,0.4473684210526316,-0.24489185673527522,1.0,0.9125
r1,p14,bad,rhr_night_lag1,above,66.0,24,8,0.3333333333333333,0.4533333333333333,-0.27361354644953684,1.0,0.8875
r1,p14,bad,rhr_night_avg3,above,65.0,39,11,0.28205128205128205,0.5081967213114754,-0.3427634711720425,1.0,0.9625
r1,p14,good,srpe_load_avg3,below,100.0,49,15,0.30612244897959184,0.10909090909090909,0.08606232584056571,0.55,0.0
r1,p14,good,lightly_lag1,above,180.0,21,8,0.38095238095238093,0.14666666666666667,0.060841011313158416,0.7,0.025
r1,p14,good,sedentary_avg3,below,600.0,22,8,0.36363636363636365,0.18867924528301888,0.008650482443060076,0.95,0.15
r1,p14,good,sleep_eff_lag1,above,93.0,45,11,0.24444444444444444,0.14285714285714285,-0.0005037926020499961,0.95,0.2625
r1,p14,good,sleep_eff_avg3,above,95.0,17,6,0.35294117647058826,0.17647058823529413,-0.003375726796245093,0.95,0.275
r1,p14,good,lightly_avg3,above,160.0,43,11,0.2558139534883721,0.1568627450980392,-0.007569086327383789,0.9875,0.2125
r1,p14,good,sedentary_lag1,below,600.0,29,8,0.27586206896551724,0.17391304347826086,-0.026927230093233473,1.0,0.275
r1,p14,good,mvpa_lag1,above,140.0,12,4,0.3333333333333333,0.17857142857142858,-0.04045358867406723,1.0,0.4
r1,p14,good,mvpa_avg3,above,120.0,12,3,0.25,0.1951219512195122,-0.10618191159055083,1.0,0.7125
r1,p14,good,steps_lag1,above,12000.0,45,8,0.17777777777777778,0.21568627450980393,-0.12274348525126563,1.0,0.875
r1,p14,good,sleep_h_lag1,above,8.0,39,6,0.15384615384615385,0.20967741935483872,-0.13720368090432405,1.0,0.8375
r1,p14,good,steps_avg3,above,19000.0,10,2,0.2,0.20238095238095238,-0.14570000440025907,1.0,0.9
r1,p14,good,rhr_night_avg3,below,63.0,35,5,0.14285714285714285,0.24615384615384617,-0.18355245810531118,1.0,0.825
r1,p14,good,rhr_night_lag1,below,64.0,43,5,0.11627906976744186,0.25,-0.19929647005137915,1.0,0.875
r1,p14,good,bedtime_h_lag1,below,2.5,16,1,0.0625,0.21176470588235294,-0.20064564857402173,1.0,0.975
r1,p14,good,bedtime_h_avg3,below,2.5,14,1,0.07142857142857142,0.22727272727272727,-0.21455084116043563,1.0,0.9625
r1,p14,good,sleep_h_avg3,above,8.0,32,3,0.09375,0.2571428571428571,-0.2247418945165376,1.0,1.0
r1,p15,bad,sleep_h_lag1,below,7.5,43,23,0.5348837209302325,0.38,0.009153897288727786,0.7272727272727273,0.16666666666666666
r1,p15,bad,srpe_load_avg3,above,600.0,25,14,0.56,0.42424242424242425,-0.0535722540467799,0.9393939393939394,0.2727272727272727
r1,p15,bad,bedtime_h_lag1,above,5.5,28,15,0.5357142857142857,0.4153846153846154,-0.057260663963598746,0.9393939393939394,0.16666666666666666
r1,p15,bad,srpe_load_lag1,above,600.0,33,17,0.5151515151515151,0.41379310344827586,-0.061612057586173385,0.9393939393939394,0.3939393939393939
r1,p15,bad,rhr_night_avg3,above,54.0,33,17,0.5151515151515151,0.4166666666666667,-0.06448562080456421,0.9545454545454546,0.16666666666666666
r1,p15,bad,sleep_h_avg3,below,7.0,13,8,0.6153846153846154,0.425,-0.06977519027731449,0.9545454545454546,0.30303030303030304
r1,p15,bad,mvpa_lag1,below,120.0,46,22,0.4782608695652174,0.43478260869565216,-0.09353800993893102,0.9696969696969697,0.42424242424242425
r1,p15,bad,bedtime_h_avg3,above,6.0,12,7,0.5833333333333334,0.43209876543209874,-0.11259142977672593,1.0,0.4090909090909091
r1,p15,bad,sedentary_lag1,above,630.0,33,16,0.48484848484848486,0.4423076923076923,-0.11726987583845006,1.0,0.3787878787878788
r1,p15,bad,sleep_eff_lag1,below,96.0,29,14,0.4827586206896552,0.4375,-0.12364180669204777,1.0,0.48484848484848486
r1,p15,bad,rhr_night_lag1,above,54.0,29,13,0.4482758620689655,0.453125,-0.1689958885125421,1.0,0.5
r1,p15,bad,steps_avg3,below,13000.0,32,14,0.4375,0.45901639344262296,-0.1773655337481912,1.0,0.7272727272727273
r1,p15,bad,sleep_eff_avg3,below,96.0,42,18,0.42857142857142855,0.47058823529411764,-0.17941394010263545,1.0,0.6515151515151515
r1,p15,bad,steps_lag1,below,13000.0,38,16,0.42105263157894735,0.48148148148148145,-0.20295873336328618,1.0,0.8181818181818182
r1,p15,bad,lightly_lag1,below,160.0,21,9,0.42857142857142855,0.4647887323943662,-0.22009173752915573,1.0,0.7878787878787878
r1,p15,bad,mvpa_avg3,below,90.0,22,9,0.4090909090909091,0.4647887323943662,-0.2322331357061624,1.0,0.9090909090909091
r1,p15,bad,sedentary_avg3,above,630.0,36,14,0.3888888888888889,0.49122807017543857,-0.2433815159972091,1.0,0.9242424242424242
r1,p15,bad,lightly_avg3,below,180.0,26,9,0.34615384615384615,0.4925373134328358,-0.2984171637043145,1.0,0.9393939393939394
r1,p15,good,srpe_load_lag1,below,100.0,19,11,0.5789473684210527,0.3194444444444444,0.04331107020715669,0.6212121212121212,0.045454545454545456
r1,p15,good,mvpa_lag1,above,120.0,45,19,0.4222222222222222,0.3191489361702128,-0.0294640563533346,0.9696969696969697,0.25757575757575757
r1,p15,good,bedtime_h_avg3,below,5.0,37,16,0.43243243243243246,0.32142857142857145,-0.03471370302505833,1.0,0.3787878787878788
r1,p15,good,sedentary_lag1,below,600.0,36,16,0.4444444444444444,0.3469387755102041,-0.05152847674477273,1.0,0.3787878787878788
r1,p15,good,sleep_eff_lag1,above,96.0,33,14,0.42424242424242425,0.3333333333333333,-0.0609797433830343,1.0,0.24242424242424243
r1,p15,good,lightly_avg3,above,200.0,35,14,0.4,0.3448275862068966,-0.08932253687382413,1.0,0.3939393939393939
r1,p15,good,srpe_load_avg3,below,400.0,36,14,0.3888888888888889,0.34545454545454546,-0.097607991276316,1.0,0.48484848484848486
r1,p15,good,sedentary_avg3,below,600.0,37,14,0.3783783783783784,0.35714285714285715,-0.11650498250394686,1.0,0.5454545454545454
r1,p15,good,lightly_lag1,above,220.0,25,10,0.4,0.3582089552238806,-0.1241783785819714,1.0,0.5757575757575758
r1,p15,good,rhr_night_avg3,below,53.0,26,10,0.38461538461538464,0.3582089552238806,-0.13392536010553632,1.0,0.5606060606060606
r1,p15,good,rhr_night_lag1,below,53.0,23,9,0.391304347826087,0.35714285714285715,-0.1355690773190357,1.0,0.6818181818181818
r1,p15,good,steps_lag1,above,16000.0,26,10,0.38461538461538464,0.36363636363636365,-0.1393527685180194,1.0,0.7424242424242424
r1,p15,good,sleep_h_avg3,above,8.0,18,7,0.3888888888888889,0.36,-0.1569500807306884,1.0,0.5
r1,p15,good,sleep_h_lag1,above,8.0,34,12,0.35294117647058826,0.3728813559322034,-0.1580042069792427,1.0,0.7121212121212122
r1,p15,good,bedtime_h_lag1,below,5.0,41,14,0.34146341463414637,0.38461538461538464,-0.16902921094895001,1.0,0.8181818181818182
r1,p15,good,sleep_eff_avg3,above,96.0,38,13,0.34210526315789475,0.38181818181818183,-0.16969598155359228,1.0,0.7575757575757576
r1,p15,good,mvpa_avg3,above,120.0,37,12,0.32432432432432434,0.39285714285714285,-0.19652636464898804,1.0,0.8787878787878788
r1,p15,good,steps_avg3,above,14000.0,37,11,0.2972972972972973,0.4107142857142857,-0.2358212622502037,1.0,0.9696969696969697
r1,p16,bad,sleep_h_lag1,below,5.5,10,10,1.0,0.22535211267605634,0.49710771855732705,0.0,0.0
r1,p16,bad,bedtime_h_lag1,above,14.0,15,10,0.6666666666666666,0.24242424242424243,0.1747070090878874,0.01818181818181818,0.0
r1,p16,bad,sleep_eff_lag1,below,90.0,18,11,0.6111111111111112,0.23809523809523808,0.1480914477113236,0.05454545454545454,0.01818181818181818
r1,p16,bad,bedtime_h_avg3,above,13.0,27,14,0.5185185185185185,0.22641509433962265,0.1134381515224816,0.09090909090909091,0.0
r1,p16,bad,sleep_h_avg3,below,6.5,33,16,0.48484848484848486,0.2127659574468085,0.11227185902243372,0.09090909090909091,0.01818181818181818
r1,p16,bad,sedentary_lag1,above,900.0,29,13,0.4482758620689655,0.2222222222222222,0.06190688926523569,0.21818181818181817,0.0
r1,p16,bad,lightly_lag1,below,80.0,33,14,0.42424242424242425,0.26666666666666666,0.00568692328363235,0.6181818181818182,0.10909090909090909
r1,p16,bad,steps_lag1,below,1000.0,24,11,0.4583333333333333,0.2777777777777778,0.0011328057390365132,0.6363636363636364,0.07272727272727272
r1,p16,bad,lightly_avg3,below,80.0,31,13,0.41935483870967744,0.27450980392156865,-0.010356773186076085,0.7272727272727273,0.10909090909090909
r1,p16,bad,sedentary_avg3,above,900.0,23,10,0.43478260869565216,0.2692307692307692,-0.01288708590878268,0.7454545454545455,0.12727272727272726
r1,p16,bad,sleep_eff_avg3,below,92.0,32,13,0.40625,0.2708333333333333,-0.01563930853019535,0.7454545454545455,0.18181818181818182
r1,p16,bad,rhr_night_lag1,above,67.0,23,10,0.43478260869565216,0.27586206896551724,-0.0195183856435307,0.7636363636363637,0.10909090909090909
r1,p16,bad,rhr_night_avg3,above,67.0,26,10,0.38461538461538464,0.2962962962962963,-0.07201270117795203,0.9454545454545454,0.2909090909090909
r1,p16,good,steps_avg3,above,3000.0,14,9,0.6428571428571429,0.23529411764705882,0.1523459291743453,0.01818181818181818,0.0
r1,p16,good,sedentary_lag1,below,870.0,28,13,0.4642857142857143,0.21621621621621623,0.07909682118037958,0.2,0.01818181818181818
r1,p16,good,steps_lag1,above,2000.0,27,12,0.4444444444444444,0.21568627450980393,0.060169702190924323,0.2545454545454545,0.05454545454545454
r1,p16,good,lightly_lag1,above,100.0,21,10,0.47619047619047616,0.22807017543859648,0.055366947529032984,0.2545454545454545,0.03636363636363636
r1,p16,good,sleep_eff_lag1,above,93.0,22,10,0.45454545454545453,0.2542372881355932,0.014962856184455253,0.6,0.14545454545454545
r1,p16,good,bedtime_h_avg3,below,12.0,33,13,0.3939393939393939,0.23404255319148937,0.01278626912359268,0.6,0.05454545454545454
r1,p16,good,sleep_h_lag1,above,7.0,29,12,0.41379310344827586,0.25,0.005129352796455211,0.6727272727272727,0.07272727272727272
r1,p16,good,mvpa_avg3,above,10.0,14,7,0.5,0.2647058823529412,0.003282796841811597,0.6909090909090909,0.05454545454545454
r1,p16,good,sedentary_avg3,below,870.0,34,13,0.38235294117647056,0.24390243902439024,-0.004902790508302418,0.7090909090909091,0.12727272727272726
r1,p16,good,mvpa_lag1,above,0.0,22,9,0.4090909090909091,0.25,-0.017444403311796225,0.7818181818181819,0.10909090909090909
r1,p16,good,lightly_avg3,above,100.0,21,9,0.42857142857142855,0.26229508196721313,-0.01759808710200267,0.7818181818181819,0.09090909090909091
r1,p16,good,sleep_h_avg3,above,7.0,26,10,0.38461538461538464,0.25925925925925924,-0.03497566414091499,0.8909090909090909,0.10909090909090909
r1,p16,good,bedtime_h_lag1,below,9.5,11,5,0.45454545454545453,0.2857142857142857,-0.07300471027440522,0.9818181818181818,0.3090909090909091
r1,p16,good,sleep_eff_avg3,above,92.0,40,13,0.325,0.275,-0.07415683037338275,0.9818181818181818,0.4
r1,p16,good,rhr_night_lag1,below,66.0,25,8,0.32,0.30357142857142855,-0.1315215534025171,1.0,0.6909090909090909
r1,p16,good,rhr_night_avg3,below,66.0,25,7,0.28,0.3090909090909091,-0.16625417071709336,1.0,0.7636363636363637
r2,p01,bad,srpe_load_lag1,above,0.0,29,23,0.7931034482758621,0.36666666666666664,0.24942886725075625,0.0,0.0
r2,p01,bad,sleep_eff_lag1,below,96.0,33,22,0.6666666666666666,0.41346153846153844,0.0826142795379613,0.2909090909090909,0.0
r2,p01,bad,sleep_eff_avg3,below,96.0,33,21,0.6363636363636364,0.4174757281553398,0.04868299806000115,0.5,0.01818181818181818
r2,p01,bad,lightly_lag1,below,200.0,32,20,0.625,0.43564356435643564,0.01689744153881556,0.7181818181818181,0.1
r2,p01,bad,sedentary_avg3,above,720.0,64,35,0.546875,0.4142857142857143,0.011448110921083499,0.7363636363636363,0.16363636363636364
r2,p01,bad,hr_sleep_mean_lag1,above,57.0,43,25,0.5813953488372093,0.425531914893617,0.00775124266350069,0.7636363636363637,0.12727272727272726
r2,p01,bad,sleep_h_avg3,below,5.5,24,15,0.625,0.4375,-0.01040380962092935,0.9,0.05454545454545454
r2,p01,bad,wake_pct_lag1,above,11.0,66,34,0.5151515151515151,0.43661971830985913,-0.039515869870501596,0.990909090909091,0.2909090909090909
r2,p01,bad,lightly_avg3,below,220.0,48,24,0.5,0.45454545454545453,-0.09065446522507686,1.0,0.39090909090909093
r2,p01,bad,sleep_h_lag1,below,5.5,39,20,0.5128205128205128,0.45918367346938777,-0.09719258701242206,1.0,0.34545454545454546
r2,p01,bad,sedentary_lag1,above,810.0,27,15,0.5555555555555556,0.47115384615384615,-0.09802665135807737,1.0,0.4636363636363636
r2,p01,bad,steps_avg3,below,9000.0,11,7,0.6363636363636364,0.456,-0.10220322310836277,1.0,0.6090909090909091
r2,p01,bad,srpe_load_avg3,above,100.0,34,17,0.5,0.47058823529411764,-0.12989760901362774,1.0,0.4090909090909091
r2,p01,bad,bedtime_h_lag1,above,6.5,38,18,0.47368421052631576,0.47474747474747475,-0.14995968665805892,1.0,0.6363636363636364
r2,p01,bad,bedtime_h_avg3,above,6.5,34,16,0.47058823529411764,0.47058823529411764,-0.15607571896300398,1.0,0.5454545454545454
r2,p01,bad,mvpa_avg3,below,70.0,54,24,0.4444444444444444,0.4878048780487805,-0.16778230929280236,1.0,0.8454545454545455
r2,p01,bad,mvpa_lag1,below,60.0,59,26,0.4406779661016949,0.5135135135135135,-0.19201339117388616,1.0,0.9
r2,p01,bad,steps_lag1,below,10000.0,31,14,0.45161290322580644,0.49019607843137253,-0.19858125006551147,1.0,0.9272727272727272
r2,p01,bad,rhr_night_lag1,above,52.0,43,17,0.3953488372093023,0.5106382978723404,-0.24698723588777638,1.0,0.9272727272727272
r2,p01,bad,rem_pct_lag1,below,16.0,67,27,0.40298507462686567,0.5428571428571428,-0.2489540235534493,1.0,0.9818181818181818
r2,p01,bad,rhr_night_avg3,above,52.0,48,14,0.2916666666666667,0.5681818181818182,-0.3857676575631845,1.0,1.0
r2,p04,bad,bedtime_h_avg3,above,6.0,38,18,0.47368421052631576,0.2608695652173913,0.06391822287202453,0.5233644859813084,0.028037383177570093
r2,p04,bad,sleep_eff_avg3,below,93.0,64,26,0.40625,0.24242424242424243,0.05214300192834642,0.6355140186915887,0.028037383177570093
r2,p04,bad,bedtime_h_lag1,above,6.5,23,12,0.5217391304347826,0.28,0.04962429864218493,0.6728971962616822,0.06542056074766354
r2,p04,bad,mvpa_lag1,below,40.0,58,23,0.39655172413793105,0.25,0.030885689501111313,0.7850467289719626,0.07476635514018691
r2,p04,bad,lightly_lag1,below,200.0,54,21,0.3888888888888889,0.2631578947368421,0.0072595303629083285,0.897196261682243,0.1588785046728972
r2,p04,bad,sleep_h_lag1,below,6.0,15,8,0.5333333333333333,0.2962962962962963,0.0048700052142116035,0.9065420560747663,0.1308411214953271
r2,p04,bad,sleep_eff_lag1,below,93.0,54,21,0.3888888888888889,0.2753623188405797,-0.0049448937408292926,0.9439252336448598,0.17757009345794392
r2,p04,bad,rem_pct_lag1,below,22.0,45,18,0.4,0.28205128205128205,-0.011804487571706601,0.9626168224299065,0.1588785046728972
r2,p04,bad,sleep_h_avg3,below,7.0,53,20,0.37735849056603776,0.2857142857142857,-0.02635351999694746,0.9719626168224299,0.14953271028037382
r2,p04,bad,hr_sleep_mean_lag1,above,69.0,56,21,0.375,0.2878787878787879,-0.027778491411866002,0.9719626168224299,0.2897196261682243
r2,p04,bad,wake_pct_lag1,above,15.0,25,11,0.44,0.29591836734693877,-0.02926461787691309,0.9719626168224299,0.21495327102803738
r2,p04,bad,steps_lag1,below,9000.0,50,18,0.36,0.2875,-0.04611437032817123,1.0,0.34579439252336447
r2,p04,bad,steps_avg3,below,9000.0,35,14,0.4,0.30612244897959184,-0.0506173996465194,1.0,0.22429906542056074
r2,p04,bad,sedentary_avg3,above,660.0,56,21,0.375,0.3108108108108108,-0.0507105143438889,1.0,0.308411214953271
r2,p04,bad,rhr_night_avg3,above,68.0,44,16,0.36363636363636365,0.3023255813953488,-0.06449224012043456,1.0,0.4392523364485981
r2,p04,bad,lightly_avg3,below,220.0,66,23,0.3484848484848485,0.31343283582089554,-0.06867576243529144,1.0,0.4485981308411215
r2,p04,bad,rhr_night_lag1,above,68.0,41,15,0.36585365853658536,0.3048780487804878,-0.06898174461111967,1.0,0.4392523364485981
r2,p04,bad,sedentary_lag1,above,780.0,17,7,0.4117647058823529,0.3018867924528302,-0.08577893206151635,1.0,0.4485981308411215
r2,p04,bad,srpe_load_lag1,above,300.0,24,9,0.375,0.3181818181818182,-0.10659048384550363,1.0,0.5607476635514018
r2,p04,bad,mvpa_avg3,below,40.0,53,17,0.32075471698113206,0.3375,-0.126579554106597,1.0,0.719626168224299
r2,p04,bad,srpe_load_avg3,above,200.0,41,11,0.2682926829268293,0.3548387096774194,-0.19789065686405252,1.0,0.8037383177570093
r2,p04,good,sleep_eff_avg3,above,93.0,54,24,0.4444444444444444,0.23684210526315788,0.08318046349282024,0.2803738317757009,0.009345794392523364
r2,p04,good,steps_avg3,above,11000.0,52,23,0.4423076923076923,0.24691358024691357,0.06903489163896731,0.34579439252336447,0.0
r2,p04,good,sleep_eff_lag1,above,93.0,50,22,0.44,0.2602739726027397,0.05134589949961377,0.4766355140186916,0.04672897196261682
r2,p04,good,bedtime_h_lag1,below,4.5,44,20,0.45454545454545453,0.26582278481012656,0.05122729305840956,0.4953271028037383,0.04672897196261682
r2,p04,good,rhr_night_avg3,below,65.0,23,12,0.5217391304347826,0.2803738317757009,0.049250466866484044,0.4953271028037383,0.102803738317757
r2,p04,good,bedtime_h_avg3,below,4.5,27,13,0.48148148148148145,0.2815533980582524,0.025876108438838363,0.6915887850467289,0.04672897196261682
r2,p04,good,lightly_avg3,above,220.0,66,25,0.3787878787878788,0.26865671641791045,0.002835999386250565,0.8785046728971962,0.2616822429906542
r2,p04,good,sedentary_avg3,below,570.0,13,7,0.5384615384615384,0.2905982905982906,0.0008360337200298273,0.8878504672897196,0.14953271028037382
r2,p04,good,rhr_night_lag1,below,67.0,49,20,0.40816326530612246,0.28378378378378377,-0.0016334377240732612,0.8878504672897196,0.1588785046728972
r2,p04,good,sedentary_lag1,below,630.0,53,20,0.37735849056603776,0.2714285714285714,-0.01206780571123317,0.9065420560747663,0.21495327102803738
r2,p04,good,steps_lag1,above,10000.0,65,24,0.36923076923076925,0.2923076923076923,-0.030015470417019796,0.9719626168224299,0.22429906542056074
r2,p04,good,hr_sleep_mean_lag1,below,68.0,59,22,0.3728813559322034,0.30158730158730157,-0.04074912126145008,1.0,0.32710280373831774
r2,p04,good,mvpa_lag1,above,50.0,58,21,0.3620689655172414,0.3055555555555556,-0.05500821207055223,1.0,0.3925233644859813
r2,p04,good,lightly_lag1,above,220.0,62,22,0.3548387096774194,0.3088235294117647,-0.06139792364790431,1.0,0.411214953271028
r2,p04,good,mvpa_avg3,above,70.0,17,7,0.4117647058823529,0.3103448275862069,-0.09423696719489308,1.0,0.4672897196261682
r2,p04,good,srpe_load_avg3,below,100.0,31,11,0.3548387096774194,0.32038834951456313,-0.10922387209890497,1.0,0.4392523364485981
r2,p04,good,rem_pct_lag1,above,26.0,35,12,0.34285714285714286,0.32954545454545453,-0.12123050171856528,1.0,0.6822429906542056
r2,p04,good,wake_pct_lag1,below,13.0,52,17,0.3269230769230769,0.3380281690140845,-0.1228091517030439,1.0,0.6822429906542056
r2,p04,good,srpe_load_lag1,below,100.0,61,18,0.29508196721311475,0.3561643835616438,-0.1606157295217906,1.0,0.8504672897196262
r2,p04,good,sleep_h_lag1,above,7.5,44,13,0.29545454545454547,0.35443037974683544,-0.1728767708744025,1.0,0.822429906542056
r2,p04,good,sleep_h_avg3,above,7.5,41,8,0.1951219512195122,0.38202247191011235,-0.27967931441805305,1.0,1.0
r2,p05,bad,sleep_eff_avg3,below,96.0,49,28,0.5714285714285714,0.3333333333333333,0.09936914183682216,0.6421052631578947,0.0
r2,p05,bad,lightly_lag1,below,240.0,45,25,0.5555555555555556,0.32,0.09175883416365321,0.6421052631578947,0.05263157894736842
r2,p05,bad,sleep_h_lag1,below,5.5,27,16,0.5925925925925926,0.4,0.007263830553640882,0.9157894736842105,0.10526315789473684
r2,p05,bad,sleep_h_avg3,below,5.5,12,8,0.6666666666666666,0.4148936170212766,-0.02427602962366271,1.0,0.15789473684210525
r2,p05,bad,sleep_eff_lag1,below,95.0,33,18,0.5454545454545454,0.4057971014492754,-0.02594052201177971,1.0,0.15789473684210525
r2,p05,bad,mvpa_avg3,below,70.0,49,22,0.4489795918367347,0.35714285714285715,-0.03861660784649379,1.0,0.23157894736842105
r2,p05,bad,lightly_avg3,below,240.0,42,19,0.4523809523809524,0.36363636363636365,-0.05140472544997837,1.0,0.29473684210526313
r2,p05,bad,rhr_night_lag1,above,64.0,47,23,0.48936170212765956,0.41818181818181815,-0.06542857481578307,1.0,0.3684210526315789
r2,p05,bad,wake_pct_lag1,above,10.0,47,22,0.46808510638297873,0.43636363636363634,-0.10304901467900995,1.0,0.4105263157894737
r2,p05,bad,rhr_night_avg3,above,64.0,53,24,0.4528301886792453,0.4339622641509434,-0.10738858254946876,1.0,0.6
r2,p05,bad,steps_avg3,below,12000.0,55,22,0.4,0.390625,-0.1094419621356642,1.0,0.5157894736842106
r2,p05,bad,bedtime_h_lag1,above,6.0,33,16,0.48484848484848486,0.43478260869565216,-0.10974479222640993,1.0,0.42105263157894735
r2,p05,bad,rem_pct_lag1,below,22.0,36,17,0.4722222222222222,0.4393939393939394,-0.11953601032184602,1.0,0.6
r2,p05,bad,sedentary_avg3,above,720.0,51,20,0.39215686274509803,0.421875,-0.15160355141972304,1.0,0.6421052631578947
r2,p05,bad,mvpa_lag1,below,50.0,35,14,0.4,0.4117647058823529,-0.15625965654928048,1.0,0.7157894736842105
r2,p05,bad,hr_sleep_mean_lag1,above,62.0,25,11,0.44,0.45454545454545453,-0.18789170507542885,1.0,0.7052631578947368
r2,p05,bad,sedentary_lag1,above,750.0,43,16,0.37209302325581395,0.47058823529411764,-0.22682684635637435,1.0,0.9052631578947369
r2,p05,bad,bedtime_h_avg3,above,6.0,29,11,0.3793103448275862,0.4675324675324675,-0.2406545102237941,1.0,0.7157894736842105
r2,p05,bad,srpe_load_avg3,above,0.0,20,7,0.35,0.4411764705882353,-0.25998692272029067,1.0,0.8105263157894737
r2,p05,bad,steps_lag1,below,10000.0,38,12,0.3157894736842105,0.45121951219512196,-0.26037531195845554,1.0,0.9473684210526315
r2,p05,good,lightly_avg3,above,260.0,54,9,0.16666666666666666,0.03076923076923077,0.05947366909687313,0.4842105263157895,0.09473684210526316
r2,p05,good,rhr_night_lag1,below,64.0,42,6,0.14285714285714285,0.016666666666666666,0.05049209017523268,0.5473684210526316,0.11578947368421053
r2,p05,good,rhr_night_avg3,below,63.0,38,5,0.13157894736842105,0.029411764705882353,0.02812606405143201,0.8,0.17894736842105263
r2,p05,good,rem_pct_lag1,above,24.0,42,5,0.11904761904761904,0.03333333333333333,0.018603934316857515,0.8421052631578947,0.05263157894736842
r2,p05,good,sedentary_lag1,below,660.0,35,5,0.14285714285714285,0.06578947368421052,-0.003188085635675547,0.9473684210526315,0.3157894736842105
r2,p05,good,bedtime_h_lag1,below,5.5,40,4,0.1,0.04838709677419355,-0.008808209178618687,0.9789473684210527,0.22105263157894736
r2,p05,good,steps_lag1,above,12000.0,60,7,0.11666666666666667,0.06666666666666667,-0.008990192632166182,0.9894736842105263,0.3894736842105263
r2,p05,good,mvpa_lag1,above,90.0,48,6,0.125,0.06944444444444445,-0.010874726940436015,0.9894736842105263,0.29473684210526313
r2,p05,good,hr_sleep_mean_lag1,below,58.0,26,3,0.11538461538461539,0.05263157894736842,-0.012599860735873478,1.0,0.2736842105263158
r2,p05,good,sleep_eff_avg3,above,96.0,45,4,0.08888888888888889,0.04918032786885246,-0.014069779734649304,1.0,0.2
r2,p05,good,sleep_eff_lag1,above,96.0,43,4,0.09302325581395349,0.05084745762711865,-0.014076412523772133,1.0,0.24210526315789474
r2,p05,good,mvpa_avg3,above,80.0,53,6,0.11320754716981132,0.07575757575757576,-0.02282798664688908,1.0,0.3473684210526316
r2,p05,good,wake_pct_lag1,below,9.0,31,3,0.0967741935483871,0.056338028169014086,-0.02287399207437011,1.0,0.2736842105263158
r2,p05,good,lightly_lag1,above,280.0,33,4,0.12121212121212122,0.08045977011494253,-0.03229893743910023,1.0,0.35789473684210527
r2,p05,good,sedentary_avg3,below,690.0,51,5,0.09803921568627451,0.078125,-0.03551755504692303,1.0,0.4631578947368421
r2,p05,good,steps_avg3,above,14000.0,23,3,0.13043478260869565,0.08333333333333333,-0.03795756818988631,1.0,0.4105263157894737
r2,p05,good,sleep_h_lag1,above,6.5,28,2,0.07142857142857142,0.06756756756756757,-0.04775592011979678,1.0,0.4631578947368421
r2,p05,good,bedtime_h_avg3,below,5.5,34,2,0.058823529411764705,0.06944444444444445,-0.05316213138060201,1.0,0.5473684210526316
r2,p05,good,sleep_h_avg3,above,6.5,21,1,0.047619047619047616,0.07058823529411765,-0.06213246582219435,1.0,0.45263157894736844
r2,p06,bad,sleep_h_avg3,below,6.0,49,33,0.673469387755102,0.4020618556701031,0.13172758120395966,0.2,0.016666666666666666
r2,p06,bad,sleep_h_lag1,below,6.0,56,36,0.6428571428571429,0.39325842696629215,0.11867803020702056,0.21666666666666667,0.0
r2,p06,bad,sleep_eff_lag1,below,98.0,56,35,0.625,0.4044943820224719,0.08955687832242115,0.36666666666666664,0.05
r2,p06,bad,sleep_eff_avg3,below,98.0,69,41,0.5942028985507246,0.4025974025974026,0.07375933421957148,0.4083333333333333,0.058333333333333334
r2,p06,bad,bedtime_h_avg3,above,6.5,18,13,0.7222222222222222,0.4609375,0.030331724538054772,0.6833333333333333,0.16666666666666666
r2,p06,bad,wake_pct_lag1,above,12.0,32,20,0.625,0.45535714285714285,-0.0028161369618916465,0.8583333333333333,0.18333333333333332
r2,p06,bad,lightly_avg3,below,260.0,14,10,0.7142857142857143,0.46564885496183206,-0.012144266686675953,0.9,0.21666666666666667
r2,p06,bad,sedentary_avg3,above,660.0,27,17,0.6296296296296297,0.46551724137931033,-0.023228195144847308,0.9333333333333333,0.20833333333333334
r2,p06,bad,steps_avg3,below,10000.0,18,12,0.6666666666666666,0.4645669291338583,-0.0270762356913547,0.9416666666666667,0.225
r2,p06,bad,bedtime_h_lag1,above,6.0,49,27,0.5510204081632653,0.4583333333333333,-0.04518466533655219,0.9916666666666667,0.2916666666666667
r2,p06,bad,mvpa_avg3,below,50.0,37,21,0.5675675675675675,0.46296296296296297,-0.053823899620955795,1.0,0.36666666666666664
r2,p06,bad,sedentary_lag1,above,630.0,56,30,0.5357142857142857,0.4772727272727273,-0.07023316070032654,1.0,0.30833333333333335
r2,p06,bad,lightly_lag1,below,320.0,70,36,0.5142857142857142,0.47368421052631576,-0.07414238312371402,1.0,0.39166666666666666
r2,p06,bad,steps_lag1,below,6000.0,12,8,0.6666666666666666,0.47761194029850745,-0.08699435290089358,1.0,0.5583333333333333
r2,p06,bad,rem_pct_lag1,below,16.0,46,24,0.5217391304347826,0.47959183673469385,-0.09822011525318058,1.0,0.5
r2,p06,bad,rhr_night_avg3,above,50.0,69,34,0.4927536231884058,0.4868421052631579,-0.10851986035212363,1.0,0.6333333333333333
r2,p06,bad,mvpa_lag1,below,70.0,73,36,0.4931506849315068,0.4931506849315068,-0.11144402628459499,1.0,0.6416666666666667
r2,p06,bad,rhr_night_lag1,above,50.0,59,27,0.4576271186440678,0.5238095238095238,-0.1867985024070995,1.0,0.7666666666666667
r2,p06,bad,hr_sleep_mean_lag1,above,53.0,65,27,0.4153846153846154,0.55,-0.24639944526197693,1.0,0.9583333333333334
r2,p06,bad,srpe_load_avg3,above,100.0,26,11,0.4230769230769231,0.5042016806722689,-0.24875978164497492,1.0,0.6833333333333333
r2,p06,bad,srpe_load_lag1,above,100.0,37,15,0.40540540540540543,0.5229357798165137,-0.2594728214171123,1.0,0.9416666666666667
r2,p06,good,sleep_h_lag1,above,6.5,54,19,0.35185185185185186,0.054945054945054944,0.18328326227914524,0.016666666666666666,0.0
r2,p06,good,sleep_h_avg3,above,6.5,49,15,0.30612244897959184,0.08247422680412371,0.11267900812735109,0.175,0.0
r2,p06,good,bedtime_h_avg3,below,5.0,18,7,0.3888888888888889,0.125,0.0780499192693116,0.35,0.008333333333333333
r2,p06,good,hr_sleep_mean_lag1,below,49.0,14,5,0.35714285714285715,0.1450381679389313,0.018406739433096064,0.8583333333333333,0.10833333333333334
r2,p06,good,rhr_night_lag1,below,50.0,59,13,0.22033898305084745,0.11904761904761904,0.014493106195618527,0.8916666666666667,0.18333333333333332
r2,p06,good,bedtime_h_lag1,below,5.5,58,13,0.22413793103448276,0.12643678160919541,0.009498551719520215,0.9166666666666666,0.15
r2,p06,good,rhr_night_avg3,below,49.0,39,9,0.23076923076923078,0.1320754716981132,-0.005618847410275601,0.9583333333333334,0.25
r2,p06,good,rem_pct_lag1,above,20.0,63,12,0.19047619047619047,0.14814814814814814,-0.035687329703163045,0.9833333333333333,0.49166666666666664
r2,p06,good,mvpa_lag1,above,80.0,62,9,0.14516129032258066,0.16666666666666666,-0.08837343610319659,1.0,0.875
r2,p06,good,steps_avg3,above,16000.0,38,5,0.13157894736842105,0.16822429906542055,-0.11068647030810619,1.0,0.9083333333333333
r2,p06,good,steps_lag1,above,16000.0,55,7,0.12727272727272726,0.17582417582417584,-0.11278287164937388,1.0,0.9333333333333333
r2,p06,good,wake_pct_lag1,below,9.0,53,7,0.1320754716981132,0.18681318681318682,-0.12133548480629111,1.0,0.9166666666666666
r2,p06,good,sedentary_avg3,below,570.0,32,4,0.125,0.17117117117117117,-0.12147063272642816,1.0,0.9083333333333333
r2,p06,good,sleep_eff_avg3,above,98.0,59,7,0.11864406779661017,0.1839080459770115,-0.12523296319787147,1.0,0.9083333333333333
r2,p06,good,sedentary_lag1,below,570.0,51,6,0.11764705882352941,0.1827956989247312,-0.12774571128300352,1.0,0.95
r2,p06,good,lightly_avg3,above,400.0,16,2,0.125,0.16279069767441862,-0.12781394833736148,1.0,0.95
r2,p06,good,mvpa_avg3,above,120.0,16,2,0.125,0.16279069767441862,-0.12781394833736148,1.0,0.8916666666666667
r2,p06,good,sleep_eff_lag1,above,98.0,59,7,0.11864406779661017,0.19767441860465115,-0.13899933582551113,1.0,0.9666666666666667
r2,p06,good,lightly_lag1,above,380.0,45,4,0.08888888888888889,0.18811881188118812,-0.15300826374698495,1.0,0.9833333333333333
r2,p07,bad,wake_pct_lag1,above,13.0,58,19,0.3275862068965517,0.15151515151515152,0.06931608728826949,0.43137254901960786,0.0392156862745098
r2,p07,bad,bedtime_h_avg3,above,6.0,38,14,0.3684210526315789,0.16666666666666666,0.06717346488747128,0.43137254901960786,0.0392156862745098
r2,p07,bad,hr_sleep_mean_lag1,above,60.0,11,5,0.45454545454545453,0.21238938053097345,0.00032019490890702884,0.9509803921568627,0.11764705882352941
r2,p07,bad,rem_pct_lag1,below,18.0,46,14,0.30434782608695654,0.19230769230769232,-0.0015109842332033108,0.9509803921568627,0.24509803921568626
r2,p07,bad,lightly_lag1,below,200.0,19,7,0.3684210526315789,0.19444444444444445,-0.0029517206817060437,0.9509803921568627,0.20588235294117646
r2,p07,bad,sedentary_lag1,above,600.0,50,14,0.28,0.18055555555555555,-0.005815411978751933,0.9509803921568627,0.22549019607843138
r2,p07,bad,sleep_h_avg3,below,6.5,19,7,0.3684210526315789,0.2018348623853211,-0.010342138622582708,0.9509803921568627,0.18627450980392157
r2,p07,bad,bedtime_h_lag1,above,6.5,20,7,0.35,0.21153846153846154,-0.030348913670516925,0.9901960784313726,0.30392156862745096
r2,p07,bad,mvpa_lag1,below,70.0,35,10,0.2857142857142857,0.1956521739130435,-0.032388539930087834,0.9901960784313726,0.27450980392156865
r2,p07,bad,sleep_eff_avg3,below,95.0,34,10,0.29411764705882354,0.20212765957446807,-0.033783133475148525,1.0,0.28431372549019607
r2,p07,bad,sleep_h_lag1,below,6.0,13,5,0.38461538461538464,0.21621621621621623,-0.03912175040384805,1.0,0.30392156862745096
r2,p07,bad,sleep_eff_lag1,below,95.0,35,10,0.2857142857142857,0.21348314606741572,-0.05021951208446007,1.0,0.4019607843137255
r2,p07,bad,steps_lag1,below,9000.0,11,4,0.36363636363636365,0.20689655172413793,-0.05523431558282407,1.0,0.5490196078431373
r2,p07,bad,mvpa_avg3,below,70.0,33,9,0.2727272727272727,0.2127659574468085,-0.0620932308835804,1.0,0.5294117647058824
r2,p07,bad,lightly_avg3,below,220.0,24,7,0.2916666666666667,0.21359223300970873,-0.06444762966806594,1.0,0.5392156862745098
r2,p07,bad,steps_avg3,below,11000.0,12,4,0.3333333333333333,0.21739130434782608,-0.07927346445046474,1.0,0.6176470588235294
r2,p07,bad,sedentary_avg3,above,600.0,45,10,0.2222222222222222,0.2077922077922078,-0.08234668913215146,1.0,0.5294117647058824
r2,p07,bad,rhr_night_lag1,above,58.0,36,9,0.25,0.22988505747126436,-0.0923818190790105,1.0,0.5098039215686274
r2,p07,bad,rhr_night_avg3,above,59.0,18,5,0.2777777777777778,0.22018348623853212,-0.09518779477497737,1.0,0.6372549019607843
r2,p07,bad,srpe_load_avg3,above,300.0,47,10,0.2127659574468085,0.2345679012345679,-0.11467209999209471,1.0,0.6666666666666666
r2,p07,bad,srpe_load_lag1,above,300.0,47,6,0.1276595744680851,0.2804878048780488,-0.22064257707602403,1.0,1.0
r2,p07,good,sleep_h_lag1,above,8.0,26,14,0.5384615384615384,0.336734693877551,0.017841668166750146,0.8235294117647058,0.058823529411764705
r2,p07,good,sleep_h_avg3,above,7.5,30,15,0.5,0.3469387755102041,-0.015400263238466494,0.9607843137254902,0.0392156862745098
r2,p07,good,sleep_eff_avg3,above,96.0,38,18,0.47368421052631576,0.34444444444444444,-0.019656656355028612,0.9607843137254902,0.12745098039215685
r2,p07,good,hr_sleep_mean_lag1,below,55.0,61,26,0.4262295081967213,0.3333333333333333,-0.02318304775365898,0.9607843137254902,0.20588235294117646
r2,p07,good,rem_pct_lag1,above,20.0,57,24,0.42105263157894735,0.34328358208955223,-0.04140958455903371,0.9705882352941176,0.3431372549019608
r2,p07,good,wake_pct_lag1,below,12.0,49,21,0.42857142857142855,0.3466666666666667,-0.04643557767709616,0.9803921568627451,0.22549019607843138
r2,p07,good,sedentary_lag1,below,570.0,49,20,0.40816326530612246,0.3698630136986301,-0.0877126676389196,1.0,0.5294117647058824
r2,p07,good,srpe_load_lag1,below,100.0,33,14,0.42424242424242425,0.375,-0.10264641004970099,1.0,0.5294117647058824
r2,p07,good,mvpa_lag1,above,130.0,20,9,0.45,0.37383177570093457,-0.11563675484384162,1.0,0.6372549019607843
r2,p07,good,mvpa_avg3,above,130.0,12,6,0.5,0.3739130434782609,-0.12013487308483867,1.0,0.696078431372549
r2,p07,good,srpe_load_avg3,below,200.0,35,13,0.37142857142857144,0.3870967741935484,-0.15544070050463776,1.0,0.5882352941176471
r2,p07,good,steps_lag1,above,22000.0,11,5,0.45454545454545453,0.3793103448275862,-0.1666007693877057,1.0,0.8235294117647058
r2,p07,good,rhr_night_lag1,below,58.0,59,20,0.3389830508474576,0.40625,-0.17487516401616507,1.0,0.7843137254901961
r2,p07,good,bedtime_h_avg3,below,5.5,64,22,0.34375,0.421875,-0.1826452496453097,1.0,0.8921568627450981
r2,p07,good,sleep_eff_lag1,above,96.0,38,13,0.34210526315789475,0.3953488372093023,-0.18322663694471275,1.0,0.7549019607843137
r2,p07,good,lightly_avg3,above,280.0,26,9,0.34615384615384615,0.39603960396039606,-0.20191945423187477,1.0,0.9019607843137255
r2,p07,good,bedtime_h_lag1,below,4.0,10,4,0.4,0.37719298245614036,-0.20901540125263068,1.0,0.8725490196078431
r2,p07,good,lightly_lag1,above,260.0,56,17,0.30357142857142855,0.4507042253521127,-0.25170257914435346,1.0,0.9901960784313726
r2,p07,good,steps_avg3,above,18000.0,41,12,0.2926829268292683,0.43023255813953487,-0.25414238180894605,1.0,0.9803921568627451
r2,p07,good,rhr_night_avg3,below,56.0,24,7,0.2916666666666667,0.4077669902912621,-0.25862238694961937,1.0,0.9215686274509803
r2,p07,good,sedentary_avg3,below,540.0,27,7,0.25925925925925924,0.43157894736842106,-0.29987686313975326,1.0,1.0
r2,p08,bad,hr_sleep_mean_lag1,above,61.0,14,9,0.6428571428571429,0.2375,0.15014004682140414,0.13043478260869565,0.0
r2,p08,bad,sleep_h_avg3,below,7.0,26,13,0.5,0.22058823529411764,0.10001482785590315,0.36231884057971014,0.014492753623188406
r2,p08,bad,sleep_h_lag1,below,7.0,31,14,0.45161290322580644,0.2222222222222222,0.06939260614363885,0.5072463768115942,0.014492753623188406
r2,p08,bad,lightly_avg3,below,220.0,43,17,0.3953488372093023,0.20833333333333334,0.05531772865123066,0.5797101449275363,0.014492753623188406
r2,p08,bad,mvpa_lag1,below,100.0,36,14,0.3888888888888889,0.2413793103448276,0.006467243833401859,0.8985507246376812,0.08695652173913043
r2,p08,bad,bedtime_h_lag1,above,7.0,12,6,0.5,0.2682926829268293,-0.014514512533407076,0.9710144927536232,0.2608695652173913
r2,p08,bad,sleep_eff_avg3,below,94.0,38,14,0.3684210526315789,0.25,-0.016159868445862063,0.9710144927536232,0.2463768115942029
r2,p08,bad,steps_avg3,below,17000.0,44,15,0.3409090909090909,0.2553191489361702,-0.03656282264977076,0.9855072463768116,0.2753623188405797
r2,p08,bad,steps_lag1,below,10000.0,10,5,0.5,0.27380952380952384,-0.03721993019403655,0.9855072463768116,0.3333333333333333
r2,p08,bad,sleep_eff_lag1,below,94.0,37,13,0.35135135135135137,0.2631578947368421,-0.044903828425833375,1.0,0.3333333333333333
r2,p08,bad,lightly_lag1,below,160.0,11,5,0.45454545454545453,0.27710843373493976,-0.06439885829505929,1.0,0.36231884057971014
r2,p08,bad,rhr_night_avg3,above,58.0,11,5,0.45454545454545453,0.27710843373493976,-0.06439885829505929,1.0,0.4057971014492754
r2,p08,bad,mvpa_avg3,below,110.0,32,11,0.34375,0.2711864406779661,-0.0670841071346806,1.0,0.2898550724637681
r2,p08,bad,rhr_night_lag1,above,56.0,22,8,0.36363636363636365,0.2777777777777778,-0.08044805005169883,1.0,0.391304347826087
r2,p08,bad,rem_pct_lag1,below,8.0,16,6,0.375,0.28205128205128205,-0.09724145650375401,1.0,0.463768115942029
r2,p08,bad,sedentary_avg3,above,600.0,28,9,0.32142857142857145,0.2833333333333333,-0.10400285789912592,1.0,0.3333333333333333
r2,p08,bad,sedentary_lag1,above,630.0,22,7,0.3181818181818182,0.3076923076923077,-0.14408843414538294,1.0,0.6956521739130435
r2,p08,bad,bedtime_h_avg3,above,6.0,30,8,0.26666666666666666,0.3125,-0.17067504446089382,1.0,0.7681159420289855
r2,p08,bad,srpe_load_lag1,above,400.0,29,7,0.2413793103448276,0.31343283582089554,-0.19125015397027423,1.0,0.927536231884058
r2,p08,bad,wake_pct_lag1,above,14.0,40,10,0.25,0.3333333333333333,-0.19146365437783813,1.0,0.9565217391304348
r2,p08,bad,srpe_load_avg3,above,400.0,25,4,0.16,0.34285714285714286,-0.27882366677136294,1.0,0.9855072463768116
r2,p08,good,sleep_eff_lag1,above,94.0,42,26,0.6190476190476191,0.40384615384615385,0.06429152835380991,0.4057971014492754,0.07246376811594203
r2,p08,good,sleep_h_lag1,above,7.5,31,20,0.6451612903225806,0.42857142857142855,0.040904951856720384,0.5797101449275363,0.028985507246376812
r2,p08,good,hr_sleep_mean_lag1,below,56.0,33,20,0.6060606060606061,0.4426229508196721,-0.005791522754568346,0.8840579710144928,0.11594202898550725
r2,p08,good,mvpa_lag1,above,120.0,42,23,0.5476190476190477,0.4423076923076923,-0.042819064836465304,1.0,0.30434782608695654
r2,p08,good,sleep_h_avg3,above,8.0,10,7,0.7,0.47619047619047616,-0.07941725621091095,1.0,0.34782608695652173
r2,p08,good,mvpa_avg3,above,150.0,20,12,0.6,0.4788732394366197,-0.09229529712141366,1.0,0.4492753623188406
r2,p08,good,steps_lag1,above,17000.0,47,24,0.5106382978723404,0.46808510638297873,-0.0956629304892499,1.0,0.4492753623188406
r2,p08,good,srpe_load_lag1,below,200.0,25,14,0.56,0.4788732394366197,-0.10820306924097534,1.0,0.4057971014492754
r2,p08,good,rhr_night_lag1,below,53.0,15,9,0.6,0.4810126582278481,-0.1235482306627711,1.0,0.5072463768115942
r2,p08,good,lightly_avg3,above,240.0,32,17,0.53125,0.4915254237288136,-0.1270330444030754,1.0,0.463768115942029
r2,p08,good,sedentary_avg3,below,570.0,37,19,0.5135135135135135,0.49019607843137253,-0.1312497061715634,1.0,0.5942028985507246
r2,p08,good,srpe_load_avg3,below,300.0,39,20,0.5128205128205128,0.5,-0.1380089135430343,1.0,0.5797101449275363
r2,p08,good,bedtime_h_avg3,below,5.5,27,14,0.5185185185185185,0.4925373134328358,-0.15268406757073155,1.0,0.4492753623188406
r2,p08,good,lightly_lag1,above,240.0,37,18,0.4864864864864865,0.49122807017543857,-0.1567665369033282,1.0,0.5652173913043478
r2,p08,good,sleep_eff_avg3,above,95.0,14,8,0.5714285714285714,0.4875,-0.16159733097130646,1.0,0.7101449275362319
r2,p08,good,steps_avg3,above,18000.0,40,19,0.475,0.5294117647058824,-0.20005946920406542,1.0,0.855072463768116
r2,p08,good,bedtime_h_lag1,below,5.5,37,17,0.4594594594594595,0.5263157894736842,-0.2159325111891069,1.0,0.7681159420289855
r2,p08,good,rem_pct_lag1,above,18.0,14,7,0.5,0.5,-0.23201132080524722,1.0,0.855072463768116
r2,p08,good,sedentary_lag1,below,510.0,20,9,0.45,0.4925373134328358,-0.23434229257574285,1.0,0.9130434782608695
r2,p08,good,rhr_night_avg3,below,54.0,28,12,0.42857142857142855,0.5303030303030303,-0.26522006849571805,1.0,0.8840579710144928
r2,p08,good,wake_pct_lag1,below,12.0,25,10,0.4,0.5362318840579711,-0.3022013074160619,1.0,0.9565217391304348
r2,p09,bad,sedentary_avg3,above,750.0,33,11,0.3333333333333333,0.05555555555555555,0.14194473912248146,0.08333333333333333,0.013888888888888888
r2,p09,bad,sleep_h_lag1,below,5.5,19,9,0.47368421052631576,0.14666666666666667,0.12662838820781874,0.1527777777777778,0.0
r2,p09,bad,sedentary_lag1,above,780.0,26,8,0.3076923076923077,0.12195121951219512,0.04305998988573159,0.6388888888888888,0.06944444444444445
r2,p09,bad,rem_pct_lag1,below,18.0,34,10,0.29411764705882354,0.12727272727272726,0.04107179882659229,0.6527777777777778,0.06944444444444445
r2,p09,bad,wake_pct_lag1,above,17.0,31,9,0.2903225806451613,0.13793103448275862,0.023025172701570118,0.8194444444444444,0.1388888888888889
r2,p09,bad,sleep_eff_lag1,below,93.0,41,11,0.2682926829268293,0.16981132075471697,-0.01286326794135012,0.9722222222222222,0.2222222222222222
r2,p09,bad,lightly_lag1,below,120.0,20,7,0.35,0.20967741935483872,-0.028487871486894106,1.0,0.18055555555555555
r2,p09,bad,lightly_avg3,below,140.0,34,10,0.29411764705882354,0.2037037037037037,-0.035359177604384145,1.0,0.20833333333333334
r2,p09,bad,mvpa_avg3,below,20.0,35,10,0.2857142857142857,0.20754716981132076,-0.04428353582836511,1.0,0.2638888888888889
r2,p09,bad,steps_lag1,below,4000.0,18,6,0.3333333333333333,0.21875,-0.05596445636337144,1.0,0.2222222222222222
r2,p09,bad,mvpa_lag1,below,10.0,23,7,0.30434782608695654,0.22033898305084745,-0.06430070284112288,1.0,0.16666666666666666
r2,p09,bad,steps_avg3,below,5000.0,29,8,0.27586206896551724,0.22033898305084745,-0.07335316966582006,1.0,0.3611111111111111
r2,p09,bad,bedtime_h_lag1,above,8.5,39,9,0.23076923076923078,0.2,-0.0735433757121624,1.0,0.5416666666666666
r2,p09,bad,sleep_h_avg3,below,6.5,29,7,0.2413793103448276,0.21212121212121213,-0.0899385302705908,1.0,0.5694444444444444
r2,p09,bad,sleep_eff_avg3,below,90.0,12,3,0.25,0.21686746987951808,-0.1279274302505567,1.0,0.8472222222222222
r2,p09,bad,bedtime_h_avg3,above,10.0,13,3,0.23076923076923078,0.21951219512195122,-0.1377184041972941,1.0,0.7916666666666666
r2,p09,bad,hr_sleep_mean_lag1,above,58.0,41,6,0.14634146341463414,0.25,-0.1811584547054459,1.0,0.9861111111111112
r2,p09,bad,rhr_night_avg3,above,63.0,25,4,0.16,0.25,-0.1859665239142201,1.0,0.9583333333333334
r2,p09,bad,rhr_night_lag1,above,61.0,37,5,0.13513513513513514,0.2545454545454545,-0.19541338192037827,1.0,0.9861111111111112
r2,p09,good,sleep_eff_avg3,above,93.0,44,20,0.45454545454545453,0.21568627450980393,0.10136380335873219,0.2916666666666667,0.027777777777777776
r2,p09,good,lightly_avg3,above,160.0,41,18,0.43902439024390244,0.2127659574468085,0.08613309027428981,0.4027777777777778,0.027777777777777776
r2,p09,good,rem_pct_lag1,above,22.0,24,13,0.5416666666666666,0.27692307692307694,0.07382245860798936,0.4861111111111111,0.013888888888888888
r2,p09,good,lightly_lag1,above,180.0,29,13,0.4482758620689655,0.24528301886792453,0.03884609261953337,0.7083333333333334,0.08333333333333333
r2,p09,good,mvpa_lag1,above,20.0,40,16,0.4,0.23809523809523808,0.025385868028775516,0.7361111111111112,0.08333333333333333
r2,p09,good,steps_lag1,above,7000.0,34,14,0.4117647058823529,0.25,0.013657377856888586,0.8333333333333334,0.08333333333333333
r2,p09,good,sleep_h_lag1,above,7.5,34,15,0.4411764705882353,0.2833333333333333,0.00549906881963419,0.875,0.18055555555555555
r2,p09,good,wake_pct_lag1,below,12.0,10,6,0.6,0.31645569620253167,-0.003786148752345342,0.9166666666666666,0.125
r2,p09,good,rhr_night_avg3,below,60.0,35,14,0.4,0.27586206896551724,-0.020357019632444795,0.9444444444444444,0.18055555555555555
r2,p09,good,steps_avg3,above,7000.0,36,14,0.3888888888888889,0.2692307692307692,-0.021384215052539762,0.9583333333333334,0.19444444444444445
r2,p09,good,sleep_eff_lag1,above,94.0,34,14,0.4117647058823529,0.3,-0.0363426221431114,0.9722222222222222,0.18055555555555555
r2,p09,good,mvpa_avg3,above,30.0,38,14,0.3684210526315789,0.28,-0.04615986844586209,1.0,0.25
r2,p09,good,sleep_h_avg3,above,8.0,19,8,0.42105263157894735,0.3026315789473684,-0.07121537502706463,1.0,0.4166666666666667
r2,p09,good,rhr_night_lag1,below,60.0,30,12,0.4,0.3225806451612903,-0.07667670190045633,1.0,0.3888888888888889
r2,p09,good,bedtime_h_lag1,below,6.5,14,6,0.42857142857142855,0.325,-0.11119490069599475,1.0,0.7083333333333334
r2,p09,good,sedentary_lag1,below,630.0,17,7,0.4117647058823529,0.34,-0.1238921396086862,1.0,0.6666666666666666
r2,p09,good,bedtime_h_avg3,below,8.0,44,14,0.3181818181818182,0.3333333333333333,-0.13334203401659767,1.0,0.7638888888888888
r2,p09,good,sedentary_avg3,below,660.0,16,6,0.375,0.32075471698113206,-0.13594489143360403,1.0,0.5555555555555556
r2,p09,good,hr_sleep_mean_lag1,below,56.0,32,10,0.3125,0.36065573770491804,-0.18113221653873068,1.0,0.9027777777777778
r2,p10,bad,wake_pct_lag1,above,12.0,31,17,0.5483870967741935,0.14285714285714285,0.2348616531795485,0.01639344262295082,0.0
r2,p10,bad,sleep_h_lag1,below,7.0,23,13,0.5652173913043478,0.19298245614035087,0.17512803690981876,0.04918032786885246,0.0
r2,p10,bad,sleep_eff_lag1,below,91.0,24,13,0.5416666666666666,0.19642857142857142,0.15431696410249487,0.06557377049180328,0.0
r2,p10,bad,rem_pct_lag1,below,18.0,11,7,0.6363636363636364,0.2463768115942029,0.10741996529743433,0.21311475409836064,0.04918032786885246
r2,p10,bad,lightly_avg3,below,260.0,36,14,0.3888888888888889,0.20833333333333334,0.03951322084489611,0.639344262295082,0.09836065573770492
r2,p10,bad,sedentary_avg3,above,630.0,26,10,0.38461538461538464,0.23529411764705882,-0.011010522528714567,0.9016393442622951,0.16393442622950818
r2,p10,bad,sleep_h_avg3,below,7.0,19,8,0.42105263157894735,0.24615384615384617,-0.014737642233542375,0.9180327868852459,0.09836065573770492
r2,p10,bad,steps_lag1,below,12000.0,42,14,0.3333333333333333,0.23809523809523808,-0.027972430475514898,0.9672131147540983,0.2786885245901639
r2,p10,bad,sedentary_lag1,above,630.0,29,11,0.3793103448275862,0.2608695652173913,-0.033991607908717886,0.9836065573770492,0.19672131147540983
r2,p10,bad,hr_sleep_mean_lag1,above,72.0,21,8,0.38095238095238093,0.2711864406779661,-0.06367876269814102,1.0,0.36065573770491804
r2,p10,bad,sleep_eff_avg3,below,91.0,30,10,0.3333333333333333,0.25925925925925924,-0.0669563039907973,1.0,0.47540983606557374
r2,p10,bad,mvpa_avg3,below,50.0,35,11,0.3142857142857143,0.2653061224489796,-0.07979954185115504,1.0,0.47540983606557374
r2,p10,bad,bedtime_h_lag1,above,7.0,16,6,0.375,0.28125,-0.09644017445247197,1.0,0.5081967213114754
r2,p10,bad,rhr_night_lag1,above,68.0,31,10,0.3225806451612903,0.2857142857142857,-0.10002197824115536,1.0,0.5573770491803278
r2,p10,bad,rhr_night_avg3,above,68.0,41,12,0.2926829268292683,0.27906976744186046,-0.10297959111127164,1.0,0.5901639344262295
r2,p10,bad,srpe_load_avg3,above,100.0,25,8,0.32,0.2777777777777778,-0.10572790260886633,1.0,0.3770491803278688
r2,p10,bad,lightly_lag1,below,260.0,36,10,0.2777777777777778,0.2916666666666667,-0.13318496640852873,1.0,0.639344262295082
r2,p10,bad,srpe_load_lag1,above,100.0,22,7,0.3181818181818182,0.2982456140350877,-0.13464174048816294,1.0,0.5245901639344263
r2,p10,bad,steps_avg3,below,12000.0,38,10,0.2631578947368421,0.30434782608695654,-0.15463320218994356,1.0,0.8360655737704918
r2,p10,bad,mvpa_lag1,below,40.0,36,9,0.25,0.3125,-0.17499676160774613,1.0,0.8688524590163934
r2,p10,bad,bedtime_h_avg3,above,6.5,27,6,0.2222222222222222,0.3157894736842105,-0.20971851879012096,1.0,0.9180327868852459
r2,p10,good,lightly_avg3,above,340.0,10,10,1.0,0.4189189189189189,0.3035409123144645,0.0,0.0
r2,p10,good,lightly_lag1,above,320.0,21,17,0.8095238095238095,0.38095238095238093,0.2190377536548861,0.01639344262295082,0.0
r2,p10,good,hr_sleep_mean_lag1,below,68.0,21,15,0.7142857142857143,0.4067796610169492,0.09365260075467496,0.26229508196721313,0.0
r2,p10,good,wake_pct_lag1,below,9.0,11,9,0.8181818181818182,0.43478260869565216,0.08823125372610313,0.29508196721311475,0.06557377049180328
r2,p10,good,sleep_h_lag1,above,7.5,40,24,0.6,0.375,0.07095619827393507,0.36065573770491804,0.03278688524590164
r2,p10,good,steps_lag1,above,12000.0,42,24,0.5714285714285714,0.40476190476190477,0.017297874356839937,0.5409836065573771,0.09836065573770492
r2,p10,good,sedentary_avg3,below,600.0,36,21,0.5833333333333334,0.4146341463414634,0.007365550301313417,0.6229508196721312,0.11475409836065574
r2,p10,good,sleep_h_avg3,above,7.5,34,20,0.5882352941176471,0.42,0.0022130414651927444,0.6721311475409836,0.04918032786885246
r2,p10,good,sedentary_lag1,below,480.0,11,8,0.7272727272727273,0.453125,-0.01877529301024622,0.7540983606557377,0.11475409836065574
r2,p10,good,sleep_eff_lag1,above,92.0,31,18,0.5806451612903226,0.42857142857142855,-0.020911785051218823,0.8032786885245902,0.13114754098360656
r2,p10,good,sleep_eff_avg3,above,92.0,31,18,0.5806451612903226,0.4339622641509434,-0.026302620630733686,0.8032786885245902,0.19672131147540983
r2,p10,good,bedtime_h_lag1,below,5.5,15,10,0.6666666666666666,0.4461538461538462,-0.02902259464171636,0.8032786885245902,0.16393442622950818
r2,p10,good,rhr_night_avg3,below,67.0,26,15,0.5769230769230769,0.4482758620689655,-0.05879289285776723,0.9344262295081968,0.4262295081967213
r2,p10,good,rhr_night_lag1,below,67.0,21,12,0.5714285714285714,0.4576271186440678,-0.09216495567374328,0.9672131147540983,0.5081967213114754
r2,p10,good,mvpa_lag1,above,60.0,34,16,0.47058823529411764,0.5,-0.18548748366888634,1.0,0.8360655737704918
r2,p10,good,steps_avg3,above,14000.0,26,12,0.46153846153846156,0.5,-0.21244417304765095,1.0,0.8360655737704918
r2,p10,good,rem_pct_lag1,above,24.0,32,14,0.4375,0.5208333333333334,-0.2391824736389016,1.0,0.9016393442622951
r2,p10,good,mvpa_avg3,above,70.0,27,10,0.37037037037037035,0.543859649122807,-0.3285367784434385,1.0,0.9836065573770492
r2,p10,good,bedtime_h_avg3,below,6.0,23,8,0.34782608695652173,0.5409836065573771,-0.3528730601875547,1.0,0.9836065573770492
r2,p11,bad,sedentary_lag1,above,720.0,15,8,0.5333333333333333,0.25842696629213485,0.04273933521837303,0.6329113924050633,0.02531645569620253
r2,p11,bad,sleep_eff_lag1,below,96.0,26,12,0.46153846153846156,0.25,0.03755582695234905,0.6708860759493671,0.06329113924050633
r2,p11,bad,hr_sleep_mean_lag1,above,73.0,11,6,0.5454545454545454,0.2736842105263158,0.0064035451636724194,0.8354430379746836,0.12658227848101267
r2,p11,bad,bedtime_h_lag1,above,6.0,33,13,0.3939393939393939,0.2602739726027397,-0.013445150287657665,0.9493670886075949,0.22784810126582278
r2,p11,bad,lightly_avg3,below,300.0,51,18,0.35294117647058826,0.25925925925925924,-0.022916205446661397,0.9746835443037974,0.24050632911392406
r2,p11,bad,rhr_night_lag1,above,65.0,21,9,0.42857142857142855,0.27058823529411763,-0.02589124042890717,0.9746835443037974,0.13924050632911392
r2,p11,bad,lightly_lag1,below,200.0,18,8,0.4444444444444444,0.2727272727272727,-0.027134961713381478,0.9746835443037974,0.17721518987341772
r2,p11,bad,steps_lag1,below,11000.0,52,18,0.34615384615384615,0.25925925925925924,-0.0277509785198731,0.9746835443037974,0.35443037974683544
r2,p11,bad,steps_avg3,below,12000.0,52,18,0.34615384615384615,0.2641509433962264,-0.032642662656840266,1.0,0.35443037974683544
r2,p11,bad,mvpa_avg3,below,50.0,38,14,0.3684210526315789,0.26865671641791045,-0.03481658486377251,1.0,0.35443037974683544
r2,p11,bad,mvpa_lag1,below,20.0,22,9,0.4090909090909091,0.27380952380952384,-0.04125392712132006,1.0,0.43037974683544306
r2,p11,bad,sleep_h_lag1,below,7.0,50,17,0.34,0.26785714285714285,-0.04348944650653225,1.0,0.16455696202531644
r2,p11,bad,rhr_night_avg3,above,64.0,43,15,0.3488372093023256,0.27419354838709675,-0.05000956089746572,1.0,0.3037974683544304
r2,p11,bad,rem_pct_lag1,below,16.0,48,16,0.3333333333333333,0.27586206896551724,-0.0590960552565494,1.0,0.4177215189873418
r2,p11,bad,wake_pct_lag1,above,13.0,15,6,0.4,0.2857142857142857,-0.08747200488833906,1.0,0.4050632911392405
r2,p11,bad,sleep_eff_avg3,below,96.0,29,10,0.3448275862068966,0.2894736842105263,-0.0900685967186215,1.0,0.45569620253164556
r2,p11,bad,sleep_h_avg3,below,7.0,44,14,0.3181818181818182,0.29508196721311475,-0.0950906678963791,1.0,0.45569620253164556
r2,p11,bad,sedentary_avg3,above,660.0,24,8,0.3333333333333333,0.2875,-0.10778021311620353,1.0,0.5189873417721519
r2,p11,bad,bedtime_h_avg3,above,5.5,47,13,0.2765957446808511,0.3275862068965517,-0.15822214698502238,1.0,0.7974683544303798
r2,p11,bad,srpe_load_lag1,above,100.0,26,5,0.19230769230769232,0.3076923076923077,-0.22262294997442503,1.0,0.8607594936708861
r2,p11,bad,srpe_load_avg3,above,200.0,17,3,0.17647058823529413,0.2972972972972973,-0.2353871601718074,1.0,0.7848101265822784
r2,p14,bad,sedentary_avg3,above,690.0,17,9,0.5294117647058824,0.25862068965517243,0.05100828346032249,0.9,0.075
r2,p14,bad,lightly_avg3,below,120.0,12,8,0.6666666666666666,0.3780487804878049,0.012568806909808994,0.9625,0.0375
r2,p14,bad,mvpa_lag1,below,50.0,32,17,0.53125,0.359375,0.005117379325738192,0.9625,0.1125
r2,p14,bad,steps_lag1,below,8000.0,19,11,0.5789473684210527,0.37662337662337664,-0.01386786197177553,1.0,0.1875
r2,p14,bad,lightly_lag1,below,140.0,31,16,0.5161290322580645,0.36923076923076925,-0.020829586361037544,1.0,0.0625
r2,p14,bad,steps_avg3,below,9000.0,15,9,0.6,0.379746835443038,-0.022282407877960986,1.0,0.2625
r2,p14,bad,sedentary_lag1,above,660.0,34,15,0.4411764705882353,0.3170731707317073,-0.028240768578739806,1.0,0.25
r2,p14,bad,mvpa_avg3,below,50.0,22,12,0.5454545454545454,0.375,-0.02840526710958441,1.0,0.2375
r2,p14,bad,sleep_h_lag1,below,7.5,49,23,0.46938775510204084,0.38461538461538464,-0.04758256563643687,1.0,0.2125
r2,p14,bad,sleep_h_avg3,below,7.0,33,16,0.48484848484848486,0.37681159420289856,-0.05177377773365632,1.0,0.2875
r2,p14,bad,srpe_load_avg3,above,100.0,51,24,0.47058823529411764,0.4339622641509434,-0.09343454988677935,1.0,0.35
r2,p14,bad,hr_sleep_mean_lag1,above,71.0,10,6,0.6,0.4065934065934066,-0.09392385914322027,1.0,0.6875
r2,p14,bad,sleep_eff_avg3,below,89.0,11,6,0.5454545454545454,0.3956043956043956,-0.11551663991440736,1.0,0.7625
r2,p14,bad,srpe_load_lag1,above,100.0,39,18,0.46153846153846156,0.4461538461538462,-0.13048737381336267,1.0,0.5375
r2,p14,bad,sleep_eff_lag1,below,89.0,17,8,0.47058823529411764,0.4166666666666667,-0.15501865470578563,1.0,0.9
r2,p14,bad,rem_pct_lag1,below,10.0,12,6,0.5,0.41379310344827586,-0.16001493305485365,1.0,0.8125
r2,p14,bad,bedtime_h_avg3,above,4.5,23,9,0.391304347826087,0.4177215189873418,-0.19614773916352032,1.0,0.8375
r2,p14,bad,wake_pct_lag1,above,18.0,36,14,0.3888888888888889,0.4444444444444444,-0.19659789026621496,1.0,0.8875
r2,p14,bad,bedtime_h_lag1,above,4.5,25,9,0.36,0.4473684210526316,-0.24489185673527522,1.0,0.9125
r2,p14,bad,rhr_night_lag1,above,66.0,24,8,0.3333333333333333,0.4533333333333333,-0.27361354644953684,1.0,0.8875
r2,p14,bad,rhr_night_avg3,above,65.0,39,11,0.28205128205128205,0.5081967213114754,-0.3427634711720425,1.0,0.9625
r2,p14,good,srpe_load_avg3,below,100.0,49,15,0.30612244897959184,0.10909090909090909,0.08606232584056571,0.6375,0.0
r2,p14,good,lightly_lag1,above,180.0,21,8,0.38095238095238093,0.14666666666666667,0.060841011313158416,0.7375,0.025
r2,p14,good,sedentary_avg3,below,600.0,22,8,0.36363636363636365,0.18867924528301888,0.008650482443060076,0.975,0.15
r2,p14,good,wake_pct_lag1,below,13.0,10,4,0.4,0.16853932584269662,-0.00036174463918695055,0.975,0.25
r2,p14,good,sleep_eff_lag1,above,93.0,45,11,0.24444444444444444,0.14285714285714285,-0.0005037926020499961,0.975,0.2625
r2,p14,good,sleep_eff_avg3,above,95.0,17,6,0.35294117647058826,0.17647058823529413,-0.003375726796245093,0.975,0.275
r2,p14,good,lightly_avg3,above,160.0,43,11,0.2558139534883721,0.1568627450980392,-0.007569086327383789,1.0,0.2125
r2,p14,good,rem_pct_lag1,above,18.0,42,10,0.23809523809523808,0.15789473684210525,-0.023086528731923406,1.0,0.3
r2,p14,good,sedentary_lag1,below,600.0,29,8,0.27586206896551724,0.17391304347826086,-0.026927230093233473,1.0,0.275
r2,p14,good,mvpa_lag1,above,140.0,12,4,0.3333333333333333,0.17857142857142858,-0.04045358867406723,1.0,0.4
r2,p14,good,mvpa_avg3,above,120.0,12,3,0.25,0.1951219512195122,-0.10618191159055083,1.0,0.7125
r2,p14,good,steps_lag1,above,12000.0,45,8,0.17777777777777778,0.21568627450980393,-0.12274348525126563,1.0,0.875
r2,p14,good,sleep_h_lag1,above,8.0,39,6,0.15384615384615385,0.20967741935483872,-0.13720368090432405,1.0,0.8375
r2,p14,good,steps_avg3,above,19000.0,10,2,0.2,0.20238095238095238,-0.14570000440025907,1.0,0.9
r2,p14,good,rhr_night_avg3,below,63.0,35,5,0.14285714285714285,0.24615384615384617,-0.18355245810531118,1.0,0.825
r2,p14,good,rhr_night_lag1,below,64.0,43,5,0.11627906976744186,0.25,-0.19929647005137915,1.0,0.875
r2,p14,good,bedtime_h_lag1,below,2.5,16,1,0.0625,0.21176470588235294,-0.20064564857402173,1.0,0.975
r2,p14,good,hr_sleep_mean_lag1,below,63.0,35,3,0.08571428571428572,0.24242424242424243,-0.21284241141894553,1.0,1.0
r2,p14,good,bedtime_h_avg3,below,2.5,14,1,0.07142857142857142,0.22727272727272727,-0.21455084116043563,1.0,0.9625
r2,p14,good,sleep_h_avg3,above,8.0,32,3,0.09375,0.2571428571428571,-0.2247418945165376,1.0,1.0
r2,p15,bad,sleep_h_lag1,below,7.5,43,23,0.5348837209302325,0.38,0.009153897288727786,0.8181818181818182,0.16666666666666666
r2,p15,bad,rem_pct_lag1,below,20.0,43,22,0.5116279069767442,0.4,-0.03247936233925919,0.9696969696969697,0.21212121212121213
r2,p15,bad,srpe_load_avg3,above,600.0,25,14,0.56,0.42424242424242425,-0.0535722540467799,0.9696969696969697,0.2727272727272727
r2,p15,bad,bedtime_h_lag1,above,5.5,28,15,0.5357142857142857,0.4153846153846154,-0.057260663963598746,0.9696969696969697,0.16666666666666666
r2,p15,bad,srpe_load_lag1,above,600.0,33,17,0.5151515151515151,0.41379310344827586,-0.061612057586173385,0.9696969696969697,0.3939393939393939
r2,p15,bad,rhr_night_avg3,above,54.0,33,17,0.5151515151515151,0.4166666666666667,-0.06448562080456421,0.9848484848484849,0.16666666666666666
r2,p15,bad,sleep_h_avg3,below,7.0,13,8,0.6153846153846154,0.425,-0.06977519027731449,0.9848484848484849,0.30303030303030304
r2,p15,bad,hr_sleep_mean_lag1,above,56.0,18,10,0.5555555555555556,0.4266666666666667,-0.08950597238415042,0.9848484848484849,0.3787878787878788
r2,p15,bad,mvpa_lag1,below,120.0,46,22,0.4782608695652174,0.43478260869565216,-0.09353800993893102,0.9848484848484849,0.42424242424242425
r2,p15,bad,wake_pct_lag1,above,13.0,28,14,0.5,0.4307692307692308,-0.10444076244476735,0.9848484848484849,0.5454545454545454
r2,p15,bad,bedtime_h_avg3,above,6.0,12,7,0.5833333333333334,0.43209876543209874,-0.11259142977672593,1.0,0.4090909090909091
r2,p15,bad,sedentary_lag1,above,630.0,33,16,0.48484848484848486,0.4423076923076923,-0.11726987583845006,1.0,0.3787878787878788
r2,p15,bad,sleep_eff_lag1,below,96.0,29,14,0.4827586206896552,0.4375,-0.12364180669204777,1.0,0.48484848484848486
r2,p15,bad,rhr_night_lag1,above,54.0,29,13,0.4482758620689655,0.453125,-0.1689958885125421,1.0,0.5
r2,p15,bad,steps_avg3,below,13000.0,32,14,0.4375,0.45901639344262296,-0.1773655337481912,1.0,0.7272727272727273
r2,p15,bad,sleep_eff_avg3,below,96.0,42,18,0.42857142857142855,0.47058823529411764,-0.17941394010263545,1.0,0.6515151515151515
r2,p15,bad,steps_lag1,below,13000.0,38,16,0.42105263157894735,0.48148148148148145,-0.20295873336328618,1.0,0.8181818181818182
r2,p15,bad,lightly_lag1,below,160.0,21,9,0.42857142857142855,0.4647887323943662,-0.22009173752915573,1.0,0.7878787878787878
r2,p15,bad,mvpa_avg3,below,90.0,22,9,0.4090909090909091,0.4647887323943662,-0.2322331357061624,1.0,0.9090909090909091
r2,p15,bad,sedentary_avg3,above,630.0,36,14,0.3888888888888889,0.49122807017543857,-0.2433815159972091,1.0,0.9242424242424242
r2,p15,bad,lightly_avg3,below,180.0,26,9,0.34615384615384615,0.4925373134328358,-0.2984171637043145,1.0,0.9393939393939394
r2,p15,good,srpe_load_lag1,below,100.0,19,11,0.5789473684210527,0.3194444444444444,0.04331107020715669,0.6818181818181818,0.045454545454545456
r2,p15,good,mvpa_lag1,above,120.0,45,19,0.4222222222222222,0.3191489361702128,-0.0294640563533346,0.9848484848484849,0.25757575757575757
r2,p15,good,bedtime_h_avg3,below,5.0,37,16,0.43243243243243246,0.32142857142857145,-0.03471370302505833,1.0,0.3787878787878788
r2,p15,good,sedentary_lag1,below,600.0,36,16,0.4444444444444444,0.3469387755102041,-0.05152847674477273,1.0,0.3787878787878788
r2,p15,good,sleep_eff_lag1,above,96.0,33,14,0.42424242424242425,0.3333333333333333,-0.0609797433830343,1.0,0.24242424242424243
r2,p15,good,hr_sleep_mean_lag1,below,52.0,34,14,0.4117647058823529,0.3389830508474576,-0.07532567299056903,1.0,0.3787878787878788
r2,p15,good,lightly_avg3,above,200.0,35,14,0.4,0.3448275862068966,-0.08932253687382413,1.0,0.3939393939393939
r2,p15,good,srpe_load_avg3,below,400.0,36,14,0.3888888888888889,0.34545454545454546,-0.097607991276316,1.0,0.48484848484848486
r2,p15,good,sedentary_avg3,below,600.0,37,14,0.3783783783783784,0.35714285714285715,-0.11650498250394686,1.0,0.5454545454545454
r2,p15,good,lightly_lag1,above,220.0,25,10,0.4,0.3582089552238806,-0.1241783785819714,1.0,0.5757575757575758
r2,p15,good,rem_pct_lag1,above,22.0,32,12,0.375,0.36065573770491804,-0.13131905304532596,1.0,0.5606060606060606
r2,p15,good,rhr_night_avg3,below,53.0,26,10,0.38461538461538464,0.3582089552238806,-0.13392536010553632,1.0,0.5606060606060606
r2,p15,good,rhr_night_lag1,below,53.0,23,9,0.391304347826087,0.35714285714285715,-0.1355690773190357,1.0,0.6818181818181818
r2,p15,good,steps_lag1,above,16000.0,26,10,0.38461538461538464,0.36363636363636365,-0.1393527685180194,1.0,0.7424242424242424
r2,p15,good,sleep_h_avg3,above,8.0,18,7,0.3888888888888889,0.36,-0.1569500807306884,1.0,0.5
r2,p15,good,sleep_h_lag1,above,8.0,34,12,0.35294117647058826,0.3728813559322034,-0.1580042069792427,1.0,0.7121212121212122
r2,p15,good,bedtime_h_lag1,below,5.0,41,14,0.34146341463414637,0.38461538461538464,-0.16902921094895001,1.0,0.8181818181818182
r2,p15,good,sleep_eff_avg3,above,96.0,38,13,0.34210526315789475,0.38181818181818183,-0.16969598155359228,1.0,0.7575757575757576
r2,p15,good,wake_pct_lag1,below,11.0,30,10,0.3333333333333333,0.38095238095238093,-0.188649425683919,1.0,0.7727272727272727
r2,p15,good,mvpa_avg3,above,120.0,37,12,0.32432432432432434,0.39285714285714285,-0.19652636464898804,1.0,0.8787878787878788
r2,p15,good,steps_avg3,above,14000.0,37,11,0.2972972972972973,0.4107142857142857,-0.2358212622502037,1.0,0.9696969696969697
r2,p16,bad,sleep_h_lag1,below,5.5,10,10,1.0,0.22535211267605634,0.49710771855732705,0.0,0.0
r2,p16,bad,bedtime_h_lag1,above,14.0,15,10,0.6666666666666666,0.24242424242424243,0.1747070090878874,0.03636363636363636,0.0
r2,p16,bad,sleep_eff_lag1,below,90.0,18,11,0.6111111111111112,0.23809523809523808,0.1480914477113236,0.07272727272727272,0.01818181818181818
r2,p16,bad,bedtime_h_avg3,above,13.0,27,14,0.5185185185185185,0.22641509433962265,0.1134381515224816,0.12727272727272726,0.0
r2,p16,bad,sleep_h_avg3,below,6.5,33,16,0.48484848484848486,0.2127659574468085,0.11227185902243372,0.12727272727272726,0.01818181818181818
r2,p16,bad,wake_pct_lag1,above,14.0,27,13,0.48148148148148145,0.24074074074074073,0.06668876575635005,0.2727272727272727,0.03636363636363636
r2,p16,bad,sedentary_lag1,above,900.0,29,13,0.4482758620689655,0.2222222222222222,0.06190688926523569,0.2727272727272727,0.0
r2,p16,bad,hr_sleep_mean_lag1,above,64.0,31,14,0.45161290322580644,0.24,0.051614828365861065,0.32727272727272727,0.05454545454545454
r2,p16,bad,rem_pct_lag1,below,12.0,13,7,0.5384615384615384,0.27941176470588236,0.012022559612438088,0.5272727272727272,0.07272727272727272
r2,p16,bad,lightly_lag1,below,80.0,33,14,0.42424242424242425,0.26666666666666666,0.00568692328363235,0.6363636363636364,0.10909090909090909
r2,p16,bad,steps_lag1,below,1000.0,24,11,0.4583333333333333,0.2777777777777778,0.0011328057390365132,0.6909090909090909,0.07272727272727272
r2,p16,bad,lightly_avg3,below,80.0,31,13,0.41935483870967744,0.27450980392156865,-0.010356773186076085,0.7818181818181819,0.10909090909090909
r2,p16,bad,sedentary_avg3,above,900.0,23,10,0.43478260869565216,0.2692307692307692,-0.01288708590878268,0.8,0.12727272727272726
r2,p16,bad,sleep_eff_avg3,below,92.0,32,13,0.40625,0.2708333333333333,-0.01563930853019535,0.8,0.18181818181818182
r2,p16,bad,rhr_night_lag1,above,67.0,23,10,0.43478260869565216,0.27586206896551724,-0.0195183856435307,0.8363636363636363,0.10909090909090909
r2,p16,bad,rhr_night_avg3,above,67.0,26,10,0.38461538461538464,0.2962962962962963,-0.07201270117795203,0.9818181818181818,0.2909090909090909
r2,p16,good,steps_avg3,above,3000.0,14,9,0.6428571428571429,0.23529411764705882,0.1523459291743453,0.01818181818181818,0.0
r2,p16,good,sedentary_lag1,below,870.0,28,13,0.4642857142857143,0.21621621621621623,0.07909682118037958,0.36363636363636365,0.01818181818181818
r2,p16,good,steps_lag1,above,2000.0,27,12,0.4444444444444444,0.21568627450980393,0.060169702190924323,0.43636363636363634,0.05454545454545454
r2,p16,good,lightly_lag1,above,100.0,21,10,0.47619047619047616,0.22807017543859648,0.055366947529032984,0.43636363636363634,0.03636363636363636
r2,p16,good,rem_pct_lag1,above,20.0,21,10,0.47619047619047616,0.25,0.03343712296762946,0.5272727272727272,0.07272727272727272
r2,p16,good,sleep_eff_lag1,above,93.0,22,10,0.45454545454545453,0.2542372881355932,0.014962856184455253,0.7090909090909091,0.14545454545454545
r2,p16,good,bedtime_h_avg3,below,12.0,33,13,0.3939393939393939,0.23404255319148937,0.01278626912359268,0.7090909090909091,0.05454545454545454
r2,p16,good,sleep_h_lag1,above,7.0,29,12,0.41379310344827586,0.25,0.005129352796455211,0.7454545454545455,0.07272727272727272
r2,p16,good,mvpa_avg3,above,10.0,14,7,0.5,0.2647058823529412,0.003282796841811597,0.7818181818181819,0.05454545454545454
r2,p16,good,sedentary_avg3,below,870.0,34,13,0.38235294117647056,0.24390243902439024,-0.004902790508302418,0.8181818181818182,0.12727272727272726
r2,p16,good,mvpa_lag1,above,0.0,22,9,0.4090909090909091,0.25,-0.017444403311796225,0.8545454545454545,0.10909090909090909
r2,p16,good,lightly_avg3,above,100.0,21,9,0.42857142857142855,0.26229508196721313,-0.01759808710200267,0.8545454545454545,0.09090909090909091
r2,p16,good,sleep_h_avg3,above,7.0,26,10,0.38461538461538464,0.25925925925925924,-0.03497566414091499,0.9090909090909091,0.10909090909090909
r2,p16,good,wake_pct_lag1,below,13.0,36,13,0.3611111111111111,0.26666666666666666,-0.04191279874485346,0.9090909090909091,0.2727272727272727
r2,p16,good,bedtime_h_lag1,below,9.5,11,5,0.45454545454545453,0.2857142857142857,-0.07300471027440522,0.9818181818181818,0.3090909090909091
r2,p16,good,sleep_eff_avg3,above,92.0,40,13,0.325,0.275,-0.07415683037338275,0.9818181818181818,0.4
r2,p16,good,hr_sleep_mean_lag1,below,61.0,15,6,0.4,0.2878787878787879,-0.08963650705284126,1.0,0.509090909090909
r2,p16,good,rhr_night_lag1,below,66.0,25,8,0.32,0.30357142857142855,-0.1315215534025171,1.0,0.6909090909090909
r2,p16,good,rhr_night_avg3,below,66.0,25,7,0.28,0.3090909090909091,-0.16625417071709336,1.0,0.7636363636363637
r2_wide,p01,bad,srpe_load_lag1,above,0.0,29,23,0.7931034482758621,0.36666666666666664,0.24942886725075625,0.0,0.0
r2_wide,p01,bad,z_cardio_peak_lag1,above,10.0,29,23,0.7931034482758621,0.3942307692307692,0.22186476468665367,0.00909090909090909,0.0
r2_wide,p01,bad,z_cardio_peak_avg3,above,10.0,62,39,0.6290322580645161,0.33783783783783783,0.16673951128393616,0.05454545454545454,0.00909090909090909
r2_wide,p01,bad,sleep_eff_lag1,below,96.0,33,22,0.6666666666666666,0.41346153846153844,0.0826142795379613,0.38181818181818183,0.0
r2_wide,p01,bad,sleep_eff_avg3,below,96.0,33,21,0.6363636363636364,0.4174757281553398,0.04868299806000115,0.5818181818181818,0.01818181818181818
r2_wide,p01,bad,lightly_lag1,below,200.0,32,20,0.625,0.43564356435643564,0.01689744153881556,0.8363636363636363,0.1
r2_wide,p01,bad,sedentary_avg3,above,720.0,64,35,0.546875,0.4142857142857143,0.011448110921083499,0.8454545454545455,0.16363636363636364
r2_wide,p01,bad,wake_long_n_avg3,above,2.0,29,18,0.6206896551724138,0.42990654205607476,0.010115720036774856,0.8818181818181818,0.03636363636363636
r2_wide,p01,bad,hr_sleep_mean_lag1,above,57.0,43,25,0.5813953488372093,0.425531914893617,0.00775124266350069,0.8909090909090909,0.12727272727272726
r2_wide,p01,bad,sleep_h_avg3,below,5.5,24,15,0.625,0.4375,-0.01040380962092935,0.9454545454545454,0.05454545454545454
r2_wide,p01,bad,hr_sleep_mean_avg3,above,56.0,53,28,0.5283018867924528,0.43373493975903615,-0.037136416751471724,1.0,0.19090909090909092
r2_wide,p01,bad,wake_pct_lag1,above,11.0,66,34,0.5151515151515151,0.43661971830985913,-0.039515869870501596,1.0,0.2909090909090909
r2_wide,p01,bad,wake_pct_avg3,above,11.0,61,31,0.5081967213114754,0.44,-0.05397593546769802,1.0,0.2636363636363636
r2_wide,p01,bad,lightly_avg3,below,220.0,48,24,0.5,0.45454545454545453,-0.09065446522507686,1.0,0.39090909090909093
r2_wide,p01,bad,sleep_h_lag1,below,5.5,39,20,0.5128205128205128,0.45918367346938777,-0.09719258701242206,1.0,0.34545454545454546
r2_wide,p01,bad,sedentary_lag1,above,810.0,27,15,0.5555555555555556,0.47115384615384615,-0.09802665135807737,1.0,0.4636363636363636
r2_wide,p01,bad,steps_avg3,below,9000.0,11,7,0.6363636363636364,0.456,-0.10220322310836277,1.0,0.6090909090909091
r2_wide,p01,bad,wake_long_n_lag1,above,1.0,66,31,0.4696969696969697,0.4788732394366197,-0.12457092971750072,1.0,0.6090909090909091
r2_wide,p01,bad,srpe_load_avg3,above,100.0,34,17,0.5,0.47058823529411764,-0.12989760901362774,1.0,0.4090909090909091
r2_wide,p01,bad,bedtime_h_lag1,above,6.5,38,18,0.47368421052631576,0.47474747474747475,-0.14995968665805892,1.0,0.6363636363636364
r2_wide,p01,bad,bedtime_h_avg3,above,6.5,34,16,0.47058823529411764,0.47058823529411764,-0.15607571896300398,1.0,0.5454545454545454
r2_wide,p01,bad,mvpa_avg3,below,70.0,54,24,0.4444444444444444,0.4878048780487805,-0.16778230929280236,1.0,0.8454545454545455
r2_wide,p01,bad,deep_pct_lag1,below,10.0,61,27,0.4426229508196721,0.5,-0.17492391966079557,1.0,0.8181818181818182
r2_wide,p01,bad,deep_pct_avg3,below,8.0,18,9,0.5,0.4661016949152542,-0.1757946553254543,1.0,0.7
r2_wide,p01,bad,mvpa_lag1,below,60.0,59,26,0.4406779661016949,0.5135135135135135,-0.19201339117388616,1.0,0.9
r2_wide,p01,bad,steps_lag1,below,10000.0,31,14,0.45161290322580644,0.49019607843137253,-0.19858125006551147,1.0,0.9272727272727272
r2_wide,p01,bad,rhr_night_lag1,above,52.0,43,17,0.3953488372093023,0.5106382978723404,-0.24698723588777638,1.0,0.9272727272727272
r2_wide,p01,bad,rem_pct_avg3,below,14.0,41,16,0.3902439024390244,0.5052631578947369,-0.24870380574146567,1.0,0.8363636363636363
r2_wide,p01,bad,rem_pct_lag1,below,16.0,67,27,0.40298507462686567,0.5428571428571428,-0.2489540235534493,1.0,0.9818181818181818
r2_wide,p01,bad,rhr_night_avg3,above,52.0,48,14,0.2916666666666667,0.5681818181818182,-0.3857676575631845,1.0,1.0
r2_wide,p04,bad,deep_pct_avg3,below,18.0,12,8,0.6666666666666666,0.288135593220339,0.10248199417727488,0.3364485981308411,0.0
r2_wide,p04,bad,bedtime_h_avg3,above,6.0,38,18,0.47368421052631576,0.2608695652173913,0.06391822287202453,0.5794392523364486,0.028037383177570093
r2_wide,p04,bad,sleep_eff_avg3,below,93.0,64,26,0.40625,0.24242424242424243,0.05214300192834642,0.6915887850467289,0.028037383177570093
r2_wide,p04,bad,bedtime_h_lag1,above,6.5,23,12,0.5217391304347826,0.28,0.04962429864218493,0.7476635514018691,0.06542056074766354
r2_wide,p04,bad,mvpa_lag1,below,40.0,58,23,0.39655172413793105,0.25,0.030885689501111313,0.8411214953271028,0.07476635514018691
r2_wide,p04,bad,deep_pct_lag1,below,20.0,42,18,0.42857142857142855,0.2716049382716049,0.019569356919877268,0.897196261682243,0.04672897196261682
r2_wide,p04,bad,lightly_lag1,below,200.0,54,21,0.3888888888888889,0.2631578947368421,0.0072595303629083285,0.9345794392523364,0.1588785046728972
r2_wide,p04,bad,sleep_h_lag1,below,6.0,15,8,0.5333333333333333,0.2962962962962963,0.0048700052142116035,0.9439252336448598,0.1308411214953271
r2_wide,p04,bad,sleep_eff_lag1,below,93.0,54,21,0.3888888888888889,0.2753623188405797,-0.0049448937408292926,0.9626168224299065,0.17757009345794392
r2_wide,p04,bad,rem_pct_lag1,below,22.0,45,18,0.4,0.28205128205128205,-0.011804487571706601,0.9813084112149533,0.1588785046728972
r2_wide,p04,bad,rem_pct_avg3,below,22.0,42,17,0.40476190476190477,0.2840909090909091,-0.013664432378818314,0.9813084112149533,0.12149532710280374
r2_wide,p04,bad,sleep_h_avg3,below,7.0,53,20,0.37735849056603776,0.2857142857142857,-0.02635351999694746,0.9813084112149533,0.14953271028037382
r2_wide,p04,bad,hr_sleep_mean_lag1,above,69.0,56,21,0.375,0.2878787878787879,-0.027778491411866002,0.9813084112149533,0.2897196261682243
r2_wide,p04,bad,wake_pct_lag1,above,15.0,25,11,0.44,0.29591836734693877,-0.02926461787691309,0.9813084112149533,0.21495327102803738
r2_wide,p04,bad,wake_pct_avg3,above,14.0,45,17,0.37777777777777777,0.29411764705882354,-0.043038794075324904,0.9906542056074766,0.14953271028037382
r2_wide,p04,bad,steps_lag1,below,9000.0,50,18,0.36,0.2875,-0.04611437032817123,1.0,0.34579439252336447
r2_wide,p04,bad,steps_avg3,below,9000.0,35,14,0.4,0.30612244897959184,-0.0506173996465194,1.0,0.22429906542056074
r2_wide,p04,bad,sedentary_avg3,above,660.0,56,21,0.375,0.3108108108108108,-0.0507105143438889,1.0,0.308411214953271
r2_wide,p04,bad,rhr_night_avg3,above,68.0,44,16,0.36363636363636365,0.3023255813953488,-0.06449224012043456,1.0,0.4392523364485981
r2_wide,p04,bad,lightly_avg3,below,220.0,66,23,0.3484848484848485,0.31343283582089554,-0.06867576243529144,1.0,0.4485981308411215
r2_wide,p04,bad,rhr_night_lag1,above,68.0,41,15,0.36585365853658536,0.3048780487804878,-0.06898174461111967,1.0,0.4392523364485981
r2_wide,p04,bad,sedentary_lag1,above,780.0,17,7,0.4117647058823529,0.3018867924528302,-0.08577893206151635,1.0,0.4485981308411215
r2_wide,p04,bad,srpe_load_lag1,above,300.0,24,9,0.375,0.3181818181818182,-0.10659048384550363,1.0,0.5607476635514018
r2_wide,p04,bad,z_cardio_peak_lag1,above,30.0,23,8,0.34782608695652173,0.308411214953271,-0.12030066858344862,1.0,0.6822429906542056
r2_wide,p04,bad,wake_long_n_lag1,above,4.0,19,7,0.3684210526315789,0.3173076923076923,-0.1258149685449539,1.0,0.5046728971962616
r2_wide,p04,bad,mvpa_avg3,below,40.0,53,17,0.32075471698113206,0.3375,-0.126579554106597,1.0,0.719626168224299
r2_wide,p04,bad,hr_sleep_mean_avg3,above,70.0,49,15,0.30612244897959184,0.3333333333333333,-0.13818009840185852,1.0,0.7757009345794392
r2_wide,p04,bad,wake_long_n_avg3,above,3.0,51,14,0.27450980392156865,0.35443037974683544,-0.18328915964140374,1.0,0.8037383177570093
r2_wide,p04,bad,srpe_load_avg3,above,200.0,41,11,0.2682926829268293,0.3548387096774194,-0.19789065686405252,1.0,0.8037383177570093
r2_wide,p04,bad,z_cardio_peak_avg3,above,20.0,23,4,0.17391304347826086,0.36363636363636365,-0.2938509601302359,1.0,0.9813084112149533
r2_wide,p04,good,sleep_eff_avg3,above,93.0,54,24,0.4444444444444444,0.23684210526315788,0.08318046349282024,0.3177570093457944,0.009345794392523364
r2_wide,p04,good,steps_avg3,above,11000.0,52,23,0.4423076923076923,0.24691358024691357,0.06903489163896731,0.3925233644859813,0.0
r2_wide,p04,good,sleep_eff_lag1,above,93.0,50,22,0.44,0.2602739726027397,0.05134589949961377,0.5607476635514018,0.04672897196261682
r2_wide,p04,good,bedtime_h_lag1,below,4.5,44,20,0.45454545454545453,0.26582278481012656,0.05122729305840956,0.5794392523364486,0.04672897196261682
r2_wide,p04,good,rhr_night_avg3,below,65.0,23,12,0.5217391304347826,0.2803738317757009,0.049250466866484044,0.6074766355140186,0.102803738317757
r2_wide,p04,good,bedtime_h_avg3,below,4.5,27,13,0.48148148148148145,0.2815533980582524,0.025876108438838363,0.8411214953271028,0.04672897196261682
r2_wide,p04,good,lightly_avg3,above,220.0,66,25,0.3787878787878788,0.26865671641791045,0.002835999386250565,0.9626168224299065,0.2616822429906542
r2_wide,p04,good,sedentary_avg3,below,570.0,13,7,0.5384615384615384,0.2905982905982906,0.0008360337200298273,0.9626168224299065,0.14953271028037382
r2_wide,p04,good,rhr_night_lag1,below,67.0,49,20,0.40816326530612246,0.28378378378378377,-0.0016334377240732612,0.9626168224299065,0.1588785046728972
r2_wide,p04,good,sedentary_lag1,below,630.0,53,20,0.37735849056603776,0.2714285714285714,-0.01206780571123317,0.9719626168224299,0.21495327102803738
r2_wide,p04,good,wake_long_n_lag1,below,3.0,51,20,0.39215686274509803,0.2916666666666667,-0.021395218086389722,0.9906542056074766,0.1308411214953271
r2_wide,p04,good,rem_pct_avg3,above,28.0,11,6,0.5454545454545454,0.3025210084033613,-0.022433252713373097,0.9906542056074766,0.24299065420560748
r2_wide,p04,good,steps_lag1,above,10000.0,65,24,0.36923076923076925,0.2923076923076923,-0.030015470417019796,1.0,0.22429906542056074
r2_wide,p04,good,hr_sleep_mean_lag1,below,68.0,59,22,0.3728813559322034,0.30158730158730157,-0.04074912126145008,1.0,0.32710280373831774
r2_wide,p04,good,mvpa_lag1,above,50.0,58,21,0.3620689655172414,0.3055555555555556,-0.05500821207055223,1.0,0.3925233644859813
r2_wide,p04,good,deep_pct_avg3,above,22.0,53,19,0.3584905660377358,0.2987012987012987,-0.055683600290062474,1.0,0.2803738317757009
r2_wide,p04,good,lightly_lag1,above,220.0,62,22,0.3548387096774194,0.3088235294117647,-0.06139792364790431,1.0,0.411214953271028
r2_wide,p04,good,deep_pct_lag1,above,22.0,59,21,0.3559322033898305,0.3125,-0.06646884130565237,1.0,0.38317757009345793
r2_wide,p04,good,wake_long_n_avg3,below,3.0,61,21,0.3442622950819672,0.30434782608695654,-0.06687443568832444,1.0,0.3925233644859813
r2_wide,p04,good,wake_pct_avg3,below,12.0,28,11,0.39285714285714285,0.30392156862745096,-0.06826705035165062,1.0,0.3644859813084112
r2_wide,p04,good,mvpa_avg3,above,70.0,17,7,0.4117647058823529,0.3103448275862069,-0.09423696719489308,1.0,0.4672897196261682
r2_wide,p04,good,srpe_load_avg3,below,100.0,31,11,0.3548387096774194,0.32038834951456313,-0.10922387209890497,1.0,0.4392523364485981
r2_wide,p04,good,rem_pct_lag1,above,26.0,35,12,0.34285714285714286,0.32954545454545453,-0.12123050171856528,1.0,0.6822429906542056
r2_wide,p04,good,hr_sleep_mean_avg3,below,67.0,54,17,0.3148148148148148,0.32894736842105265,-0.1221562255300705,1.0,0.7289719626168224
r2_wide,p04,good,wake_pct_lag1,below,13.0,52,17,0.3269230769230769,0.3380281690140845,-0.1228091517030439,1.0,0.6822429906542056
r2_wide,p04,good,srpe_load_lag1,below,100.0,61,18,0.29508196721311475,0.3561643835616438,-0.1606157295217906,1.0,0.8504672897196262
r2_wide,p04,good,z_cardio_peak_avg3,below,10.0,52,15,0.28846153846153844,0.345679012345679,-0.16238098892739206,1.0,0.7476635514018691
r2_wide,p04,good,sleep_h_lag1,above,7.5,44,13,0.29545454545454547,0.35443037974683544,-0.1728767708744025,1.0,0.822429906542056
r2_wide,p04,good,sleep_h_avg3,above,7.5,41,8,0.1951219512195122,0.38202247191011235,-0.27967931441805305,1.0,1.0
r2_wide,p05,bad,sleep_eff_avg3,below,96.0,49,28,0.5714285714285714,0.3333333333333333,0.09936914183682216,0.6947368421052632,0.0
r2_wide,p05,bad,lightly_lag1,below,240.0,45,25,0.5555555555555556,0.32,0.09175883416365321,0.6947368421052632,0.05263157894736842
r2_wide,p05,bad,sleep_h_lag1,below,5.5,27,16,0.5925925925925926,0.4,0.007263830553640882,0.968421052631579,0.10526315789473684
r2_wide,p05,bad,sleep_h_avg3,below,5.5,12,8,0.6666666666666666,0.4148936170212766,-0.02427602962366271,1.0,0.15789473684210525
r2_wide,p05,bad,sleep_eff_lag1,below,95.0,33,18,0.5454545454545454,0.4057971014492754,-0.02594052201177971,1.0,0.15789473684210525
r2_wide,p05,bad,mvpa_avg3,below,70.0,49,22,0.4489795918367347,0.35714285714285715,-0.03861660784649379,1.0,0.23157894736842105
r2_wide,p05,bad,wake_pct_avg3,above,10.0,51,25,0.49019607843137253,0.4,-0.04142737857693812,1.0,0.3473684210526316
r2_wide,p05,bad,lightly_avg3,below,240.0,42,19,0.4523809523809524,0.36363636363636365,-0.05140472544997837,1.0,0.29473684210526313
r2_wide,p05,bad,rhr_night_lag1,above,64.0,47,23,0.48936170212765956,0.41818181818181815,-0.06542857481578307,1.0,0.3684210526315789
r2_wide,p05,bad,z_cardio_peak_lag1,above,0.0,52,23,0.4423076923076923,0.38235294117647056,-0.06640446929058968,1.0,0.3368421052631579
r2_wide,p05,bad,wake_long_n_lag1,above,3.0,11,7,0.6363636363636364,0.42857142857142855,-0.0747746516797913,1.0,0.10526315789473684
r2_wide,p05,bad,wake_long_n_avg3,above,2.0,40,19,0.475,0.42424242424242425,-0.09489012874060732,1.0,0.21052631578947367
r2_wide,p05,bad,wake_pct_lag1,above,10.0,47,22,0.46808510638297873,0.43636363636363634,-0.10304901467900995,1.0,0.4105263157894737
r2_wide,p05,bad,rhr_night_avg3,above,64.0,53,24,0.4528301886792453,0.4339622641509434,-0.10738858254946876,1.0,0.6
r2_wide,p05,bad,steps_avg3,below,12000.0,55,22,0.4,0.390625,-0.1094419621356642,1.0,0.5157894736842106
r2_wide,p05,bad,bedtime_h_lag1,above,6.0,33,16,0.48484848484848486,0.43478260869565216,-0.10974479222640993,1.0,0.42105263157894735
r2_wide,p05,bad,rem_pct_lag1,below,22.0,36,17,0.4722222222222222,0.4393939393939394,-0.11953601032184602,1.0,0.6
r2_wide,p05,bad,hr_sleep_mean_avg3,above,61.0,42,19,0.4523809523809524,0.4375,-0.12526836181361473,1.0,0.4105263157894737
r2_wide,p05,bad,sedentary_avg3,above,720.0,51,20,0.39215686274509803,0.421875,-0.15160355141972304,1.0,0.6421052631578947
r2_wide,p05,bad,mvpa_lag1,below,50.0,35,14,0.4,0.4117647058823529,-0.15625965654928048,1.0,0.7157894736842105
r2_wide,p05,bad,deep_pct_lag1,below,12.0,17,8,0.47058823529411764,0.4470588235294118,-0.18541081156853073,1.0,0.8526315789473684
r2_wide,p05,bad,hr_sleep_mean_lag1,above,62.0,25,11,0.44,0.45454545454545453,-0.18789170507542885,1.0,0.7052631578947368
r2_wide,p05,bad,deep_pct_avg3,below,18.0,48,19,0.3958333333333333,0.4827586206896552,-0.2125523557301494,1.0,0.9368421052631579
r2_wide,p05,bad,sedentary_lag1,above,750.0,43,16,0.37209302325581395,0.47058823529411764,-0.22682684635637435,1.0,0.9052631578947369
r2_wide,p05,bad,bedtime_h_avg3,above,6.0,29,11,0.3793103448275862,0.4675324675324675,-0.2406545102237941,1.0,0.7157894736842105
r2_wide,p05,bad,srpe_load_avg3,above,0.0,20,7,0.35,0.4411764705882353,-0.25998692272029067,1.0,0.8105263157894737
r2_wide,p05,bad,steps_lag1,below,10000.0,38,12,0.3157894736842105,0.45121951219512196,-0.26037531195845554,1.0,0.9473684210526315
r2_wide,p05,bad,rem_pct_avg3,below,22.0,29,7,0.2413793103448276,0.5194805194805194,-0.3972978376298981,1.0,0.9894736842105263
r2_wide,p05,good,deep_pct_lag1,above,20.0,41,7,0.17073170731707318,0.0,0.08525143995273898,0.3473684210526316,0.0
r2_wide,p05,good,lightly_avg3,above,260.0,54,9,0.16666666666666666,0.03076923076923077,0.05947366909687313,0.5578947368421052,0.09473684210526316
r2_wide,p05,good,rhr_night_lag1,below,64.0,42,6,0.14285714285714285,0.016666666666666666,0.05049209017523268,0.6105263157894737,0.11578947368421053
r2_wide,p05,good,hr_sleep_mean_avg3,below,60.0,51,6,0.11764705882352941,0.01818181818181818,0.03686816945990949,0.7578947368421053,0.10526315789473684
r2_wide,p05,good,rhr_night_avg3,below,63.0,38,5,0.13157894736842105,0.029411764705882353,0.02812606405143201,0.8631578947368421,0.17894736842105263
r2_wide,p05,good,rem_pct_lag1,above,24.0,42,5,0.11904761904761904,0.03333333333333333,0.018603934316857515,0.9052631578947369,0.05263157894736842
r2_wide,p05,good,wake_long_n_avg3,below,2.0,52,5,0.09615384615384616,0.037037037037037035,0.0047366981463732305,0.9894736842105263,0.16842105263157894
r2_wide,p05,good,sedentary_lag1,below,660.0,35,5,0.14285714285714285,0.06578947368421052,-0.003188085635675547,1.0,0.3157894736842105
r2_wide,p05,good,bedtime_h_lag1,below,5.5,40,4,0.1,0.04838709677419355,-0.008808209178618687,1.0,0.22105263157894736
r2_wide,p05,good,steps_lag1,above,12000.0,60,7,0.11666666666666667,0.06666666666666667,-0.008990192632166182,1.0,0.3894736842105263
r2_wide,p05,good,wake_pct_avg3,below,9.0,26,3,0.11538461538461539,0.05,-0.009968281788505062,1.0,0.1368421052631579
r2_wide,p05,good,wake_long_n_lag1,below,2.0,41,4,0.0975609756097561,0.04918032786885246,-0.01058386811589105,1.0,0.15789473684210525
r2_wide,p05,good,mvpa_lag1,above,90.0,48,6,0.125,0.06944444444444445,-0.010874726940436015,1.0,0.29473684210526313
r2_wide,p05,good,hr_sleep_mean_lag1,below,58.0,26,3,0.11538461538461539,0.05263157894736842,-0.012599860735873478,1.0,0.2736842105263158
r2_wide,p05,good,sleep_eff_avg3,above,96.0,45,4,0.08888888888888889,0.04918032786885246,-0.014069779734649304,1.0,0.2
r2_wide,p05,good,sleep_eff_lag1,above,96.0,43,4,0.09302325581395349,0.05084745762711865,-0.014076412523772133,1.0,0.24210526315789474
r2_wide,p05,good,mvpa_avg3,above,80.0,53,6,0.11320754716981132,0.07575757575757576,-0.02282798664688908,1.0,0.3473684210526316
r2_wide,p05,good,wake_pct_lag1,below,9.0,31,3,0.0967741935483871,0.056338028169014086,-0.02287399207437011,1.0,0.2736842105263158
r2_wide,p05,good,lightly_lag1,above,280.0,33,4,0.12121212121212122,0.08045977011494253,-0.03229893743910023,1.0,0.35789473684210527
r2_wide,p05,good,rem_pct_avg3,above,26.0,21,2,0.09523809523809523,0.058823529411764705,-0.03230532061481748,1.0,0.3684210526315789
r2_wide,p05,good,sedentary_avg3,below,690.0,51,5,0.09803921568627451,0.078125,-0.03551755504692303,1.0,0.4631578947368421
r2_wide,p05,good,steps_avg3,above,14000.0,23,3,0.13043478260869565,0.08333333333333333,-0.03795756818988631,1.0,0.4105263157894737
r2_wide,p05,good,sleep_h_lag1,above,6.5,28,2,0.07142857142857142,0.06756756756756757,-0.04775592011979678,1.0,0.4631578947368421
r2_wide,p05,good,bedtime_h_avg3,below,5.5,34,2,0.058823529411764705,0.06944444444444445,-0.05316213138060201,1.0,0.5473684210526316
r2_wide,p05,good,deep_pct_avg3,above,22.0,19,1,0.05263157894736842,0.06896551724137931,-0.05961376475084936,1.0,0.6
r2_wide,p05,good,sleep_h_avg3,above,6.5,21,1,0.047619047619047616,0.07058823529411765,-0.06213246582219435,1.0,0.45263157894736844
r2_wide,p06,bad,sleep_h_avg3,below,6.0,49,33,0.673469387755102,0.4020618556701031,0.13172758120395966,0.2916666666666667,0.016666666666666666
r2_wide,p06,bad,sleep_h_lag1,below,6.0,56,36,0.6428571428571429,0.39325842696629215,0.11867803020702056,0.3333333333333333,0.0
r2_wide,p06,bad,sleep_eff_lag1,below,98.0,56,35,0.625,0.4044943820224719,0.08955687832242115,0.4666666666666667,0.05
r2_wide,p06,bad,sleep_eff_avg3,below,98.0,69,41,0.5942028985507246,0.4025974025974026,0.07375933421957148,0.5166666666666667,0.058333333333333334
r2_wide,p06,bad,bedtime_h_avg3,above,6.5,18,13,0.7222222222222222,0.4609375,0.030331724538054772,0.775,0.16666666666666666
r2_wide,p06,bad,wake_pct_lag1,above,12.0,32,20,0.625,0.45535714285714285,-0.0028161369618916465,0.925,0.18333333333333332
r2_wide,p06,bad,lightly_avg3,below,260.0,14,10,0.7142857142857143,0.46564885496183206,-0.012144266686675953,0.975,0.21666666666666667
r2_wide,p06,bad,sedentary_avg3,above,660.0,27,17,0.6296296296296297,0.46551724137931033,-0.023228195144847308,0.9833333333333333,0.20833333333333334
r2_wide,p06,bad,wake_pct_avg3,above,11.0,35,21,0.6,0.4594594594594595,-0.02373526364426476,0.9833333333333333,0.225
r2_wide,p06,bad,steps_avg3,below,10000.0,18,12,0.6666666666666666,0.4645669291338583,-0.0270762356913547,0.9916666666666667,0.225
r2_wide,p06,bad,bedtime_h_lag1,above,6.0,49,27,0.5510204081632653,0.4583333333333333,-0.04518466533655219,1.0,0.2916666666666667
r2_wide,p06,bad,mvpa_avg3,below,50.0,37,21,0.5675675675675675,0.46296296296296297,-0.053823899620955795,1.0,0.36666666666666664
r2_wide,p06,bad,wake_long_n_lag1,above,1.0,43,24,0.5581395348837209,0.46534653465346537,-0.054272953998348195,1.0,0.225
r2_wide,p06,bad,sedentary_lag1,above,630.0,56,30,0.5357142857142857,0.4772727272727273,-0.07023316070032654,1.0,0.30833333333333335
r2_wide,p06,bad,lightly_lag1,below,320.0,70,36,0.5142857142857142,0.47368421052631576,-0.07414238312371402,1.0,0.39166666666666666
r2_wide,p06,bad,steps_lag1,below,6000.0,12,8,0.6666666666666666,0.47761194029850745,-0.08699435290089358,1.0,0.5583333333333333
r2_wide,p06,bad,deep_pct_lag1,below,18.0,35,19,0.5428571428571428,0.47706422018348627,-0.09516970678211106,1.0,0.43333333333333335
r2_wide,p06,bad,rem_pct_lag1,below,16.0,46,24,0.5217391304347826,0.47959183673469385,-0.09822011525318058,1.0,0.5
r2_wide,p06,bad,rhr_night_avg3,above,50.0,69,34,0.4927536231884058,0.4868421052631579,-0.10851986035212363,1.0,0.6333333333333333
r2_wide,p06,bad,mvpa_lag1,below,70.0,73,36,0.4931506849315068,0.4931506849315068,-0.11144402628459499,1.0,0.6416666666666667
r2_wide,p06,bad,z_cardio_peak_avg3,above,20.0,30,16,0.5333333333333333,0.4782608695652174,-0.11684073674996698,1.0,0.375
r2_wide,p06,bad,deep_pct_avg3,below,16.0,10,6,0.6,0.4852941176470588,-0.1726245701968725,1.0,0.8083333333333333
r2_wide,p06,bad,rem_pct_avg3,below,16.0,31,15,0.4838709677419355,0.4956521739130435,-0.1759523136002552,1.0,0.75
r2_wide,p06,bad,rhr_night_lag1,above,50.0,59,27,0.4576271186440678,0.5238095238095238,-0.1867985024070995,1.0,0.7666666666666667
r2_wide,p06,bad,wake_long_n_avg3,above,2.0,13,7,0.5384615384615384,0.48872180451127817,-0.19728748019295772,1.0,0.39166666666666666
r2_wide,p06,bad,z_cardio_peak_lag1,above,20.0,40,18,0.45,0.5094339622641509,-0.2023832094547039,1.0,0.9
r2_wide,p06,bad,hr_sleep_mean_lag1,above,53.0,65,27,0.4153846153846154,0.55,-0.24639944526197693,1.0,0.9583333333333334
r2_wide,p06,bad,srpe_load_avg3,above,100.0,26,11,0.4230769230769231,0.5042016806722689,-0.24875978164497492,1.0,0.6833333333333333
r2_wide,p06,bad,srpe_load_lag1,above,100.0,37,15,0.40540540540540543,0.5229357798165137,-0.2594728214171123,1.0,0.9416666666666667
r2_wide,p06,bad,hr_sleep_mean_avg3,above,55.0,24,10,0.4166666666666667,0.5081967213114754,-0.2635232488460931,1.0,0.975
r2_wide,p06,good,sleep_h_lag1,above,6.5,54,19,0.35185185185185186,0.054945054945054944,0.18328326227914524,0.016666666666666666,0.0
r2_wide,p06,good,sleep_h_avg3,above,6.5,49,15,0.30612244897959184,0.08247422680412371,0.11267900812735109,0.18333333333333332,0.0
r2_wide,p06,good,bedtime_h_avg3,below,5.0,18,7,0.3888888888888889,0.125,0.0780499192693116,0.45,0.008333333333333333
r2_wide,p06,good,hr_sleep_mean_avg3,below,51.0,29,8,0.27586206896551724,0.1282051282051282,0.018780685179899198,0.9583333333333334,0.15833333333333333
r2_wide,p06,good,hr_sleep_mean_lag1,below,49.0,14,5,0.35714285714285715,0.1450381679389313,0.018406739433096064,0.9583333333333334,0.10833333333333334
r2_wide,p06,good,rhr_night_lag1,below,50.0,59,13,0.22033898305084745,0.11904761904761904,0.014493106195618527,0.9583333333333334,0.18333333333333332
r2_wide,p06,good,bedtime_h_lag1,below,5.5,58,13,0.22413793103448276,0.12643678160919541,0.009498551719520215,0.9666666666666667,0.15
r2_wide,p06,good,rhr_night_avg3,below,49.0,39,9,0.23076923076923078,0.1320754716981132,-0.005618847410275601,1.0,0.25
r2_wide,p06,good,rem_pct_lag1,above,20.0,63,12,0.19047619047619047,0.14814814814814814,-0.035687329703163045,1.0,0.49166666666666664
r2_wide,p06,good,wake_pct_avg3,below,9.0,31,6,0.1935483870967742,0.14782608695652175,-0.05595725109304543,1.0,0.5083333333333333
r2_wide,p06,good,mvpa_lag1,above,80.0,62,9,0.14516129032258066,0.16666666666666666,-0.08837343610319659,1.0,0.875
r2_wide,p06,good,deep_pct_avg3,above,22.0,41,6,0.14634146341463414,0.1619047619047619,-0.09306321661020782,1.0,0.5666666666666667
r2_wide,p06,good,z_cardio_peak_avg3,below,10.0,66,9,0.13636363636363635,0.17721518987341772,-0.1037828164399488,1.0,0.725
r2_wide,p06,good,deep_pct_lag1,above,22.0,49,7,0.14285714285714285,0.17894736842105263,-0.10798403121560678,1.0,0.8166666666666667
r2_wide,p06,good,steps_avg3,above,16000.0,38,5,0.13157894736842105,0.16822429906542055,-0.11068647030810619,1.0,0.9083333333333333
r2_wide,p06,good,steps_lag1,above,16000.0,55,7,0.12727272727272726,0.17582417582417584,-0.11278287164937388,1.0,0.9333333333333333
r2_wide,p06,good,wake_pct_lag1,below,9.0,53,7,0.1320754716981132,0.18681318681318682,-0.12133548480629111,1.0,0.9166666666666666
r2_wide,p06,good,sedentary_avg3,below,570.0,32,4,0.125,0.17117117117117117,-0.12147063272642816,1.0,0.9083333333333333
r2_wide,p06,good,sleep_eff_avg3,above,98.0,59,7,0.11864406779661017,0.1839080459770115,-0.12523296319787147,1.0,0.9083333333333333
r2_wide,p06,good,sedentary_lag1,below,570.0,51,6,0.11764705882352941,0.1827956989247312,-0.12774571128300352,1.0,0.95
r2_wide,p06,good,lightly_avg3,above,400.0,16,2,0.125,0.16279069767441862,-0.12781394833736148,1.0,0.95
r2_wide,p06,good,mvpa_avg3,above,120.0,16,2,0.125,0.16279069767441862,-0.12781394833736148,1.0,0.8916666666666667
r2_wide,p06,good,rem_pct_avg3,above,22.0,38,4,0.10526315789473684,0.17592592592592593,-0.1342240279932601,1.0,0.9333333333333333
r2_wide,p06,good,sleep_eff_lag1,above,98.0,59,7,0.11864406779661017,0.19767441860465115,-0.13899933582551113,1.0,0.9666666666666667
r2_wide,p06,good,wake_long_n_lag1,below,1.0,31,3,0.0967741935483871,0.18584070796460178,-0.1523766718699578,1.0,0.8916666666666667
r2_wide,p06,good,lightly_lag1,above,380.0,45,4,0.08888888888888889,0.18811881188118812,-0.15300826374698495,1.0,0.9833333333333333
r2_wide,p06,good,wake_long_n_avg3,below,1.0,37,3,0.08108108108108109,0.1834862385321101,-0.1555261721357887,1.0,0.8833333333333333
r2_wide,p07,bad,deep_pct_avg3,below,18.0,15,8,0.5333333333333333,0.18584070796460178,0.1153255935459061,0.18627450980392157,0.00980392156862745
r2_wide,p07,bad,wake_pct_lag1,above,13.0,58,19,0.3275862068965517,0.15151515151515152,0.06931608728826949,0.5,0.0392156862745098
r2_wide,p07,bad,bedtime_h_avg3,above,6.0,38,14,0.3684210526315789,0.16666666666666666,0.06717346488747128,0.5098039215686274,0.0392156862745098
r2_wide,p07,bad,z_cardio_peak_lag1,above,40.0,59,18,0.3050847457627119,0.14705882352941177,0.0554759112466095,0.6568627450980392,0.029411764705882353
r2_wide,p07,bad,wake_long_n_lag1,above,5.0,10,5,0.5,0.21052631578947367,0.026063277826013614,0.9117647058823529,0.10784313725490197
r2_wide,p07,bad,deep_pct_lag1,below,20.0,48,15,0.3125,0.18421052631578946,0.015244595361525476,0.9313725490196079,0.11764705882352941
r2_wide,p07,bad,wake_pct_avg3,above,16.0,14,6,0.42857142857142855,0.20175438596491227,0.012050713339092994,0.9411764705882353,0.12745098039215685
r2_wide,p07,bad,rem_pct_avg3,below,18.0,41,13,0.3170731707317073,0.1839080459770115,0.011736286076105856,0.9411764705882353,0.13725490196078433
r2_wide,p07,bad,hr_sleep_mean_lag1,above,60.0,11,5,0.45454545454545453,0.21238938053097345,0.00032019490890702884,0.9901960784313726,0.11764705882352941
r2_wide,p07,bad,rem_pct_lag1,below,18.0,46,14,0.30434782608695654,0.19230769230769232,-0.0015109842332033108,0.9901960784313726,0.24509803921568626
r2_wide,p07,bad,lightly_lag1,below,200.0,19,7,0.3684210526315789,0.19444444444444445,-0.0029517206817060437,0.9901960784313726,0.20588235294117646
r2_wide,p07,bad,sedentary_lag1,above,600.0,50,14,0.28,0.18055555555555555,-0.005815411978751933,0.9901960784313726,0.22549019607843138
r2_wide,p07,bad,sleep_h_avg3,below,6.5,19,7,0.3684210526315789,0.2018348623853211,-0.010342138622582708,0.9901960784313726,0.18627450980392157
r2_wide,p07,bad,wake_long_n_avg3,above,4.0,19,7,0.3684210526315789,0.2018348623853211,-0.010342138622582708,0.9901960784313726,0.2549019607843137
r2_wide,p07,bad,hr_sleep_mean_avg3,above,57.0,37,11,0.2972972972972973,0.1978021978021978,-0.02290917433811579,1.0,0.24509803921568626
r2_wide,p07,bad,bedtime_h_lag1,above,6.5,20,7,0.35,0.21153846153846154,-0.030348913670516925,1.0,0.30392156862745096
r2_wide,p07,bad,mvpa_lag1,below,70.0,35,10,0.2857142857142857,0.1956521739130435,-0.032388539930087834,1.0,0.27450980392156865
r2_wide,p07,bad,sleep_eff_avg3,below,95.0,34,10,0.29411764705882354,0.20212765957446807,-0.033783133475148525,1.0,0.28431372549019607
r2_wide,p07,bad,sleep_h_lag1,below,6.0,13,5,0.38461538461538464,0.21621621621621623,-0.03912175040384805,1.0,0.30392156862745096
r2_wide,p07,bad,sleep_eff_lag1,below,95.0,35,10,0.2857142857142857,0.21348314606741572,-0.05021951208446007,1.0,0.4019607843137255
r2_wide,p07,bad,steps_lag1,below,9000.0,11,4,0.36363636363636365,0.20689655172413793,-0.05523431558282407,1.0,0.5490196078431373
r2_wide,p07,bad,mvpa_avg3,below,70.0,33,9,0.2727272727272727,0.2127659574468085,-0.0620932308835804,1.0,0.5294117647058824
r2_wide,p07,bad,lightly_avg3,below,220.0,24,7,0.2916666666666667,0.21359223300970873,-0.06444762966806594,1.0,0.5392156862745098
r2_wide,p07,bad,z_cardio_peak_avg3,above,50.0,21,6,0.2857142857142857,0.2169811320754717,-0.0788443746191897,1.0,0.5294117647058824
r2_wide,p07,bad,steps_avg3,below,11000.0,12,4,0.3333333333333333,0.21739130434782608,-0.07927346445046474,1.0,0.6176470588235294
r2_wide,p07,bad,sedentary_avg3,above,600.0,45,10,0.2222222222222222,0.2077922077922078,-0.08234668913215146,1.0,0.5294117647058824
r2_wide,p07,bad,rhr_night_lag1,above,58.0,36,9,0.25,0.22988505747126436,-0.0923818190790105,1.0,0.5098039215686274
r2_wide,p07,bad,rhr_night_avg3,above,59.0,18,5,0.2777777777777778,0.22018348623853212,-0.09518779477497737,1.0,0.6372549019607843
r2_wide,p07,bad,srpe_load_avg3,above,300.0,47,10,0.2127659574468085,0.2345679012345679,-0.11467209999209471,1.0,0.6666666666666666
r2_wide,p07,bad,srpe_load_lag1,above,300.0,47,6,0.1276595744680851,0.2804878048780488,-0.22064257707602403,1.0,1.0
r2_wide,p07,good,wake_pct_avg3,below,13.0,62,29,0.46774193548387094,0.30303030303030304,0.04605600564591905,0.8137254901960784,0.0392156862745098
r2_wide,p07,good,wake_long_n_avg3,below,3.0,64,29,0.453125,0.3125,0.02479251486034373,0.8823529411764706,0.11764705882352941
r2_wide,p07,good,sleep_h_lag1,above,8.0,26,14,0.5384615384615384,0.336734693877551,0.017841668166750146,0.9019607843137255,0.058823529411764705
r2_wide,p07,good,deep_pct_avg3,above,22.0,61,27,0.4426229508196721,0.3283582089552239,-0.003282128616019453,0.9705882352941176,0.1568627450980392
r2_wide,p07,good,deep_pct_lag1,above,22.0,57,25,0.43859649122807015,0.3283582089552239,-0.01063325609628385,0.9803921568627451,0.20588235294117646
r2_wide,p07,good,z_cardio_peak_lag1,below,30.0,53,24,0.4528301886792453,0.33783783783783783,-0.011264156236363176,0.9803921568627451,0.16666666666666666
r2_wide,p07,good,sleep_h_avg3,above,7.5,30,15,0.5,0.3469387755102041,-0.015400263238466494,0.9901960784313726,0.0392156862745098
r2_wide,p07,good,sleep_eff_avg3,above,96.0,38,18,0.47368421052631576,0.34444444444444444,-0.019656656355028612,0.9901960784313726,0.12745098039215685
r2_wide,p07,good,hr_sleep_mean_lag1,below,55.0,61,26,0.4262295081967213,0.3333333333333333,-0.02318304775365898,0.9901960784313726,0.20588235294117646
r2_wide,p07,good,z_cardio_peak_avg3,below,30.0,42,19,0.4523809523809524,0.35294117647058826,-0.040709538284202984,0.9901960784313726,0.3333333333333333
r2_wide,p07,good,rem_pct_lag1,above,20.0,57,24,0.42105263157894735,0.34328358208955223,-0.04140958455903371,1.0,0.3431372549019608
r2_wide,p07,good,wake_pct_lag1,below,12.0,49,21,0.42857142857142855,0.3466666666666667,-0.04643557767709616,1.0,0.22549019607843138
r2_wide,p07,good,rem_pct_avg3,above,20.0,56,23,0.4107142857142857,0.3611111111111111,-0.06944532131548253,1.0,0.4117647058823529
r2_wide,p07,good,sedentary_lag1,below,570.0,49,20,0.40816326530612246,0.3698630136986301,-0.0877126676389196,1.0,0.5294117647058824
r2_wide,p07,good,srpe_load_lag1,below,100.0,33,14,0.42424242424242425,0.375,-0.10264641004970099,1.0,0.5294117647058824
r2_wide,p07,good,hr_sleep_mean_avg3,below,55.0,51,20,0.39215686274509803,0.37662337662337664,-0.10635192804309967,1.0,0.5196078431372549
r2_wide,p07,good,mvpa_lag1,above,130.0,20,9,0.45,0.37383177570093457,-0.11563675484384162,1.0,0.6372549019607843
r2_wide,p07,good,mvpa_avg3,above,130.0,12,6,0.5,0.3739130434782609,-0.12013487308483867,1.0,0.696078431372549
r2_wide,p07,good,wake_long_n_lag1,below,3.0,57,21,0.3684210526315789,0.3880597014925373,-0.13282594643088658,1.0,0.7156862745098039
r2_wide,p07,good,srpe_load_avg3,below,200.0,35,13,0.37142857142857144,0.3870967741935484,-0.15544070050463776,1.0,0.5882352941176471
r2_wide,p07,good,steps_lag1,above,22000.0,11,5,0.45454545454545453,0.3793103448275862,-0.1666007693877057,1.0,0.8235294117647058
r2_wide,p07,good,rhr_night_lag1,below,58.0,59,20,0.3389830508474576,0.40625,-0.17487516401616507,1.0,0.7843137254901961
r2_wide,p07,good,bedtime_h_avg3,below,5.5,64,22,0.34375,0.421875,-0.1826452496453097,1.0,0.8921568627450981
r2_wide,p07,good,sleep_eff_lag1,above,96.0,38,13,0.34210526315789475,0.3953488372093023,-0.18322663694471275,1.0,0.7549019607843137
r2_wide,p07,good,lightly_avg3,above,280.0,26,9,0.34615384615384615,0.39603960396039606,-0.20191945423187477,1.0,0.9019607843137255
r2_wide,p07,good,bedtime_h_lag1,below,4.0,10,4,0.4,0.37719298245614036,-0.20901540125263068,1.0,0.8725490196078431
r2_wide,p07,good,lightly_lag1,above,260.0,56,17,0.30357142857142855,0.4507042253521127,-0.25170257914435346,1.0,0.9901960784313726
r2_wide,p07,good,steps_avg3,above,18000.0,41,12,0.2926829268292683,0.43023255813953487,-0.25414238180894605,1.0,0.9803921568627451
r2_wide,p07,good,rhr_night_avg3,below,56.0,24,7,0.2916666666666667,0.4077669902912621,-0.25862238694961937,1.0,0.9215686274509803
r2_wide,p07,good,sedentary_avg3,below,540.0,27,7,0.25925925925925924,0.43157894736842106,-0.29987686313975326,1.0,1.0
r2_wide,p08,bad,hr_sleep_mean_lag1,above,61.0,14,9,0.6428571428571429,0.2375,0.15014004682140414,0.15942028985507245,0.0
r2_wide,p08,bad,sleep_h_avg3,below,7.0,26,13,0.5,0.22058823529411764,0.10001482785590315,0.43478260869565216,0.014492753623188406
r2_wide,p08,bad,sleep_h_lag1,below,7.0,31,14,0.45161290322580644,0.2222222222222222,0.06939260614363885,0.6231884057971014,0.014492753623188406
r2_wide,p08,bad,lightly_avg3,below,220.0,43,17,0.3953488372093023,0.20833333333333334,0.05531772865123066,0.6811594202898551,0.014492753623188406
r2_wide,p08,bad,deep_pct_lag1,below,12.0,22,10,0.45454545454545453,0.25,0.019200144320048462,0.9565217391304348,0.10144927536231885
r2_wide,p08,bad,mvpa_lag1,below,100.0,36,14,0.3888888888888889,0.2413793103448276,0.006467243833401859,0.9710144927536232,0.08695652173913043
r2_wide,p08,bad,hr_sleep_mean_avg3,above,59.0,33,13,0.3939393939393939,0.2459016393442623,0.0009271829708197565,0.9710144927536232,0.14492753623188406
r2_wide,p08,bad,bedtime_h_lag1,above,7.0,12,6,0.5,0.2682926829268293,-0.014514512533407076,1.0,0.2608695652173913
r2_wide,p08,bad,sleep_eff_avg3,below,94.0,38,14,0.3684210526315789,0.25,-0.016159868445862063,1.0,0.2463768115942029
r2_wide,p08,bad,steps_avg3,below,17000.0,44,15,0.3409090909090909,0.2553191489361702,-0.03656282264977076,1.0,0.2753623188405797
r2_wide,p08,bad,steps_lag1,below,10000.0,10,5,0.5,0.27380952380952384,-0.03721993019403655,1.0,0.3333333333333333
r2_wide,p08,bad,z_cardio_peak_lag1,above,60.0,13,6,0.46153846153846156,0.2716049382716049,-0.039547395256723544,1.0,0.3188405797101449
r2_wide,p08,bad,sleep_eff_lag1,below,94.0,37,13,0.35135135135135137,0.2631578947368421,-0.044903828425833375,1.0,0.3333333333333333
r2_wide,p08,bad,lightly_lag1,below,160.0,11,5,0.45454545454545453,0.27710843373493976,-0.06439885829505929,1.0,0.36231884057971014
r2_wide,p08,bad,rhr_night_avg3,above,58.0,11,5,0.45454545454545453,0.27710843373493976,-0.06439885829505929,1.0,0.4057971014492754
r2_wide,p08,bad,mvpa_avg3,below,110.0,32,11,0.34375,0.2711864406779661,-0.0670841071346806,1.0,0.2898550724637681
r2_wide,p08,bad,deep_pct_avg3,below,14.0,32,11,0.34375,0.27419354838709675,-0.07009121484381126,1.0,0.2753623188405797
r2_wide,p08,bad,wake_pct_avg3,above,14.0,36,12,0.3333333333333333,0.27586206896551724,-0.07371782121965678,1.0,0.37681159420289856
r2_wide,p08,bad,rhr_night_lag1,above,56.0,22,8,0.36363636363636365,0.2777777777777778,-0.08044805005169883,1.0,0.391304347826087
r2_wide,p08,bad,rem_pct_lag1,below,8.0,16,6,0.375,0.28205128205128205,-0.09724145650375401,1.0,0.463768115942029
r2_wide,p08,bad,sedentary_avg3,above,600.0,28,9,0.32142857142857145,0.2833333333333333,-0.10400285789912592,1.0,0.3333333333333333
r2_wide,p08,bad,sedentary_lag1,above,630.0,22,7,0.3181818181818182,0.3076923076923077,-0.14408843414538294,1.0,0.6956521739130435
r2_wide,p08,bad,wake_long_n_lag1,above,3.0,28,8,0.2857142857142857,0.30303030303030304,-0.15049214454700338,1.0,0.6376811594202898
r2_wide,p08,bad,bedtime_h_avg3,above,6.0,30,8,0.26666666666666666,0.3125,-0.17067504446089382,1.0,0.7681159420289855
r2_wide,p08,bad,srpe_load_lag1,above,400.0,29,7,0.2413793103448276,0.31343283582089554,-0.19125015397027423,1.0,0.927536231884058
r2_wide,p08,bad,wake_pct_lag1,above,14.0,40,10,0.25,0.3333333333333333,-0.19146365437783813,1.0,0.9565217391304348
r2_wide,p08,bad,z_cardio_peak_avg3,above,40.0,29,7,0.2413793103448276,0.3225806451612903,-0.200397963310669,1.0,0.8695652173913043
r2_wide,p08,bad,rem_pct_avg3,below,10.0,13,3,0.23076923076923078,0.30864197530864196,-0.22684818438398485,1.0,0.927536231884058
r2_wide,p08,bad,wake_long_n_avg3,above,3.0,33,7,0.21212121212121213,0.3442622950819672,-0.23750342941760544,1.0,0.9710144927536232
r2_wide,p08,bad,srpe_load_avg3,above,400.0,25,4,0.16,0.34285714285714286,-0.27882366677136294,1.0,0.9855072463768116
r2_wide,p08,good,hr_sleep_mean_avg3,below,58.0,44,27,0.6136363636363636,0.4,0.06623309846201664,0.4927536231884058,0.014492753623188406
r2_wide,p08,good,sleep_eff_lag1,above,94.0,42,26,0.6190476190476191,0.40384615384615385,0.06429152835380991,0.4927536231884058,0.07246376811594203
r2_wide,p08,good,sleep_h_lag1,above,7.5,31,20,0.6451612903225806,0.42857142857142855,0.040904951856720384,0.6521739130434783,0.028985507246376812
r2_wide,p08,good,deep_pct_avg3,above,16.0,28,18,0.6428571428571429,0.4393939393939394,0.01890583642833299,0.8115942028985508,0.057971014492753624
r2_wide,p08,good,hr_sleep_mean_lag1,below,56.0,33,20,0.6060606060606061,0.4426229508196721,-0.005791522754568346,0.9420289855072463,0.11594202898550725
r2_wide,p08,good,mvpa_lag1,above,120.0,42,23,0.5476190476190477,0.4423076923076923,-0.042819064836465304,1.0,0.30434782608695654
r2_wide,p08,good,z_cardio_peak_avg3,below,20.0,19,12,0.631578947368421,0.4722222222222222,-0.06183064724065507,1.0,0.2608695652173913
r2_wide,p08,good,sleep_h_avg3,above,8.0,10,7,0.7,0.47619047619047616,-0.07941725621091095,1.0,0.34782608695652173
r2_wide,p08,good,deep_pct_lag1,above,16.0,37,20,0.5405405405405406,0.47368421052631576,-0.08984641527864207,1.0,0.2898550724637681
r2_wide,p08,good,mvpa_avg3,above,150.0,20,12,0.6,0.4788732394366197,-0.09229529712141366,1.0,0.4492753623188406
r2_wide,p08,good,steps_lag1,above,17000.0,47,24,0.5106382978723404,0.46808510638297873,-0.0956629304892499,1.0,0.4492753623188406
r2_wide,p08,good,srpe_load_lag1,below,200.0,25,14,0.56,0.4788732394366197,-0.10820306924097534,1.0,0.4057971014492754
r2_wide,p08,good,z_cardio_peak_lag1,below,30.0,44,22,0.5,0.48,-0.12168478904068525,1.0,0.5942028985507246
r2_wide,p08,good,rhr_night_lag1,below,53.0,15,9,0.6,0.4810126582278481,-0.1235482306627711,1.0,0.5072463768115942
r2_wide,p08,good,lightly_avg3,above,240.0,32,17,0.53125,0.4915254237288136,-0.1270330444030754,1.0,0.463768115942029
r2_wide,p08,good,sedentary_avg3,below,570.0,37,19,0.5135135135135135,0.49019607843137253,-0.1312497061715634,1.0,0.5942028985507246
r2_wide,p08,good,srpe_load_avg3,below,300.0,39,20,0.5128205128205128,0.5,-0.1380089135430343,1.0,0.5797101449275363
r2_wide,p08,good,bedtime_h_avg3,below,5.5,27,14,0.5185185185185185,0.4925373134328358,-0.15268406757073155,1.0,0.4492753623188406
r2_wide,p08,good,lightly_lag1,above,240.0,37,18,0.4864864864864865,0.49122807017543857,-0.1567665369033282,1.0,0.5652173913043478
r2_wide,p08,good,sleep_eff_avg3,above,95.0,14,8,0.5714285714285714,0.4875,-0.16159733097130646,1.0,0.7101449275362319
r2_wide,p08,good,rem_pct_avg3,above,14.0,31,15,0.4838709677419355,0.5079365079365079,-0.1882366476237196,1.0,0.6811594202898551
r2_wide,p08,good,steps_avg3,above,18000.0,40,19,0.475,0.5294117647058824,-0.20005946920406542,1.0,0.855072463768116
r2_wide,p08,good,bedtime_h_lag1,below,5.5,37,17,0.4594594594594595,0.5263157894736842,-0.2159325111891069,1.0,0.7681159420289855
r2_wide,p08,good,rem_pct_lag1,above,18.0,14,7,0.5,0.5,-0.23201132080524722,1.0,0.855072463768116
r2_wide,p08,good,sedentary_lag1,below,510.0,20,9,0.45,0.4925373134328358,-0.23434229257574285,1.0,0.9130434782608695
r2_wide,p08,good,rhr_night_avg3,below,54.0,28,12,0.42857142857142855,0.5303030303030303,-0.26522006849571805,1.0,0.8840579710144928
r2_wide,p08,good,wake_long_n_lag1,below,3.0,40,17,0.425,0.5555555555555556,-0.27046387030739677,1.0,0.9420289855072463
r2_wide,p08,good,wake_pct_avg3,below,13.0,38,16,0.42105263157894735,0.5535714285714286,-0.27504868045323333,1.0,0.9855072463768116
r2_wide,p08,good,wake_pct_lag1,below,12.0,25,10,0.4,0.5362318840579711,-0.3022013074160619,1.0,0.9565217391304348
r2_wide,p09,bad,sedentary_avg3,above,750.0,33,11,0.3333333333333333,0.05555555555555555,0.14194473912248146,0.1111111111111111,0.013888888888888888
r2_wide,p09,bad,sleep_h_lag1,below,5.5,19,9,0.47368421052631576,0.14666666666666667,0.12662838820781874,0.18055555555555555,0.0
r2_wide,p09,bad,sedentary_lag1,above,780.0,26,8,0.3076923076923077,0.12195121951219512,0.04305998988573159,0.7361111111111112,0.06944444444444445
r2_wide,p09,bad,rem_pct_lag1,below,18.0,34,10,0.29411764705882354,0.12727272727272726,0.04107179882659229,0.75,0.06944444444444445
r2_wide,p09,bad,wake_pct_lag1,above,17.0,31,9,0.2903225806451613,0.13793103448275862,0.023025172701570118,0.875,0.1388888888888889
r2_wide,p09,bad,deep_pct_avg3,below,20.0,39,12,0.3076923076923077,0.16666666666666666,0.018990867793163946,0.8888888888888888,0.08333333333333333
r2_wide,p09,bad,wake_pct_avg3,above,17.0,31,10,0.3225806451612903,0.1774193548387097,0.008272952634420655,0.9444444444444444,0.1111111111111111
r2_wide,p09,bad,sleep_eff_lag1,below,93.0,41,11,0.2682926829268293,0.16981132075471697,-0.01286326794135012,1.0,0.2222222222222222
r2_wide,p09,bad,lightly_lag1,below,120.0,20,7,0.35,0.20967741935483872,-0.028487871486894106,1.0,0.18055555555555555
r2_wide,p09,bad,lightly_avg3,below,140.0,34,10,0.29411764705882354,0.2037037037037037,-0.035359177604384145,1.0,0.20833333333333334
r2_wide,p09,bad,deep_pct_lag1,below,16.0,18,5,0.2777777777777778,0.16901408450704225,-0.044018393043487494,1.0,0.2638888888888889
r2_wide,p09,bad,mvpa_avg3,below,20.0,35,10,0.2857142857142857,0.20754716981132076,-0.04428353582836511,1.0,0.2638888888888889
r2_wide,p09,bad,steps_lag1,below,4000.0,18,6,0.3333333333333333,0.21875,-0.05596445636337144,1.0,0.2222222222222222
r2_wide,p09,bad,mvpa_lag1,below,10.0,23,7,0.30434782608695654,0.22033898305084745,-0.06430070284112288,1.0,0.16666666666666666
r2_wide,p09,bad,steps_avg3,below,5000.0,29,8,0.27586206896551724,0.22033898305084745,-0.07335316966582006,1.0,0.3611111111111111
r2_wide,p09,bad,bedtime_h_lag1,above,8.5,39,9,0.23076923076923078,0.2,-0.0735433757121624,1.0,0.5416666666666666
r2_wide,p09,bad,sleep_h_avg3,below,6.5,29,7,0.2413793103448276,0.21212121212121213,-0.0899385302705908,1.0,0.5694444444444444
r2_wide,p09,bad,rem_pct_avg3,below,16.0,24,6,0.25,0.21739130434782608,-0.09739926955440274,1.0,0.3055555555555556
r2_wide,p09,bad,wake_long_n_lag1,above,3.0,38,7,0.18421052631578946,0.19607843137254902,-0.10386194683997411,1.0,0.6388888888888888
r2_wide,p09,bad,wake_long_n_avg3,above,4.0,21,5,0.23809523809523808,0.2222222222222222,-0.11594365833109957,1.0,0.4444444444444444
r2_wide,p09,bad,sleep_eff_avg3,below,90.0,12,3,0.25,0.21686746987951808,-0.1279274302505567,1.0,0.8472222222222222
r2_wide,p09,bad,bedtime_h_avg3,above,10.0,13,3,0.23076923076923078,0.21951219512195122,-0.1377184041972941,1.0,0.7916666666666666
r2_wide,p09,bad,hr_sleep_mean_lag1,above,58.0,41,6,0.14634146341463414,0.25,-0.1811584547054459,1.0,0.9861111111111112
r2_wide,p09,bad,rhr_night_avg3,above,63.0,25,4,0.16,0.25,-0.1859665239142201,1.0,0.9583333333333334
r2_wide,p09,bad,rhr_night_lag1,above,61.0,37,5,0.13513513513513514,0.2545454545454545,-0.19541338192037827,1.0,0.9861111111111112
r2_wide,p09,bad,hr_sleep_mean_avg3,above,64.0,10,1,0.1,0.23529411764705882,-0.2174183681313377,1.0,1.0
r2_wide,p09,bad,z_cardio_peak_avg3,above,0.0,36,5,0.1388888888888889,0.3076923076923077,-0.24687505406115673,1.0,0.9583333333333334
r2_wide,p09,bad,z_cardio_peak_lag1,above,0.0,17,1,0.058823529411764705,0.2923076923076923,-0.2818475616625281,1.0,0.9583333333333334
r2_wide,p09,good,wake_pct_avg3,below,14.0,16,10,0.625,0.2597402597402597,0.12666621123908833,0.19444444444444445,0.0
r2_wide,p09,good,sleep_eff_avg3,above,93.0,44,20,0.45454545454545453,0.21568627450980393,0.10136380335873219,0.3472222222222222,0.027777777777777776
r2_wide,p09,good,lightly_avg3,above,160.0,41,18,0.43902439024390244,0.2127659574468085,0.08613309027428981,0.4722222222222222,0.027777777777777776
r2_wide,p09,good,rem_pct_lag1,above,22.0,24,13,0.5416666666666666,0.27692307692307694,0.07382245860798936,0.5833333333333334,0.013888888888888888
r2_wide,p09,good,rem_pct_avg3,above,18.0,43,18,0.4186046511627907,0.24,0.04384334337485235,0.7916666666666666,0.08333333333333333
r2_wide,p09,good,deep_pct_lag1,above,22.0,34,16,0.47058823529411764,0.2727272727272727,0.04178524360384095,0.8055555555555556,0.05555555555555555
r2_wide,p09,good,lightly_lag1,above,180.0,29,13,0.4482758620689655,0.24528301886792453,0.03884609261953337,0.8055555555555556,0.08333333333333333
r2_wide,p09,good,wake_long_n_avg3,below,3.0,25,12,0.48,0.2647058823529412,0.03560415693665897,0.8055555555555556,0.05555555555555555
r2_wide,p09,good,mvpa_lag1,above,20.0,40,16,0.4,0.23809523809523808,0.025385868028775516,0.8611111111111112,0.08333333333333333
r2_wide,p09,good,deep_pct_avg3,above,24.0,10,6,0.6,0.2891566265060241,0.02351292094416224,0.8611111111111112,0.05555555555555555
r2_wide,p09,good,steps_lag1,above,7000.0,34,14,0.4117647058823529,0.25,0.013657377856888586,0.9166666666666666,0.08333333333333333
r2_wide,p09,good,sleep_h_lag1,above,7.5,34,15,0.4411764705882353,0.2833333333333333,0.00549906881963419,0.9722222222222222,0.18055555555555555
r2_wide,p09,good,wake_pct_lag1,below,12.0,10,6,0.6,0.31645569620253167,-0.003786148752345342,0.9861111111111112,0.125
r2_wide,p09,good,rhr_night_avg3,below,60.0,35,14,0.4,0.27586206896551724,-0.020357019632444795,0.9861111111111112,0.18055555555555555
r2_wide,p09,good,steps_avg3,above,7000.0,36,14,0.3888888888888889,0.2692307692307692,-0.021384215052539762,1.0,0.19444444444444445
r2_wide,p09,good,sleep_eff_lag1,above,94.0,34,14,0.4117647058823529,0.3,-0.0363426221431114,1.0,0.18055555555555555
r2_wide,p09,good,mvpa_avg3,above,30.0,38,14,0.3684210526315789,0.28,-0.04615986844586209,1.0,0.25
r2_wide,p09,good,sleep_h_avg3,above,8.0,19,8,0.42105263157894735,0.3026315789473684,-0.07121537502706463,1.0,0.4166666666666667
r2_wide,p09,good,wake_long_n_lag1,below,3.0,33,13,0.3939393939393939,0.32142857142857145,-0.0745997491134894,1.0,0.3194444444444444
r2_wide,p09,good,rhr_night_lag1,below,60.0,30,12,0.4,0.3225806451612903,-0.07667670190045633,1.0,0.3888888888888889
r2_wide,p09,good,hr_sleep_mean_avg3,below,58.0,41,14,0.34146341463414637,0.3148148148148148,-0.0992286411483802,1.0,0.5694444444444444
r2_wide,p09,good,bedtime_h_lag1,below,6.5,14,6,0.42857142857142855,0.325,-0.11119490069599475,1.0,0.7083333333333334
r2_wide,p09,good,sedentary_lag1,below,630.0,17,7,0.4117647058823529,0.34,-0.1238921396086862,1.0,0.6666666666666666
r2_wide,p09,good,bedtime_h_avg3,below,8.0,44,14,0.3181818181818182,0.3333333333333333,-0.13334203401659767,1.0,0.7638888888888888
r2_wide,p09,good,sedentary_avg3,below,660.0,16,6,0.375,0.32075471698113206,-0.13594489143360403,1.0,0.5555555555555556
r2_wide,p09,good,hr_sleep_mean_lag1,below,56.0,32,10,0.3125,0.36065573770491804,-0.18113221653873068,1.0,0.9027777777777778
r2_wide,p10,bad,wake_pct_lag1,above,12.0,31,17,0.5483870967741935,0.14285714285714285,0.2348616531795485,0.01639344262295082,0.0
r2_wide,p10,bad,sleep_h_lag1,below,7.0,23,13,0.5652173913043478,0.19298245614035087,0.17512803690981876,0.08196721311475409,0.0
r2_wide,p10,bad,sleep_eff_lag1,below,91.0,24,13,0.5416666666666666,0.19642857142857142,0.15431696410249487,0.13114754098360656,0.0
r2_wide,p10,bad,rem_pct_lag1,below,18.0,11,7,0.6363636363636364,0.2463768115942029,0.10741996529743433,0.32786885245901637,0.04918032786885246
r2_wide,p10,bad,wake_long_n_lag1,above,4.0,12,7,0.5833333333333334,0.25,0.06950733565537281,0.5081967213114754,0.03278688524590164
r2_wide,p10,bad,lightly_avg3,below,260.0,36,14,0.3888888888888889,0.20833333333333334,0.03951322084489611,0.7377049180327869,0.09836065573770492
r2_wide,p10,bad,deep_pct_lag1,below,14.0,28,12,0.42857142857142855,0.23076923076923078,0.03431373103808144,0.7868852459016393,0.13114754098360656
r2_wide,p10,bad,deep_pct_avg3,below,14.0,23,10,0.43478260869565216,0.22950819672131148,0.026835486600675057,0.819672131147541,0.11475409836065574
r2_wide,p10,bad,wake_pct_avg3,above,12.0,35,13,0.37142857142857144,0.22448979591836735,0.007166277770543267,0.9180327868852459,0.13114754098360656
r2_wide,p10,bad,sedentary_avg3,above,630.0,26,10,0.38461538461538464,0.23529411764705882,-0.011010522528714567,0.9508196721311475,0.16393442622950818
r2_wide,p10,bad,sleep_h_avg3,below,7.0,19,8,0.42105263157894735,0.24615384615384617,-0.014737642233542375,0.9672131147540983,0.09836065573770492
r2_wide,p10,bad,steps_lag1,below,12000.0,42,14,0.3333333333333333,0.23809523809523808,-0.027972430475514898,0.9836065573770492,0.2786885245901639
r2_wide,p10,bad,sedentary_lag1,above,630.0,29,11,0.3793103448275862,0.2608695652173913,-0.033991607908717886,1.0,0.19672131147540983
r2_wide,p10,bad,hr_sleep_mean_lag1,above,72.0,21,8,0.38095238095238093,0.2711864406779661,-0.06367876269814102,1.0,0.36065573770491804
r2_wide,p10,bad,sleep_eff_avg3,below,91.0,30,10,0.3333333333333333,0.25925925925925924,-0.0669563039907973,1.0,0.47540983606557374
r2_wide,p10,bad,mvpa_avg3,below,50.0,35,11,0.3142857142857143,0.2653061224489796,-0.07979954185115504,1.0,0.47540983606557374
r2_wide,p10,bad,bedtime_h_lag1,above,7.0,16,6,0.375,0.28125,-0.09644017445247197,1.0,0.5081967213114754
r2_wide,p10,bad,rhr_night_lag1,above,68.0,31,10,0.3225806451612903,0.2857142857142857,-0.10002197824115536,1.0,0.5573770491803278
r2_wide,p10,bad,rhr_night_avg3,above,68.0,41,12,0.2926829268292683,0.27906976744186046,-0.10297959111127164,1.0,0.5901639344262295
r2_wide,p10,bad,srpe_load_avg3,above,100.0,25,8,0.32,0.2777777777777778,-0.10572790260886633,1.0,0.3770491803278688
r2_wide,p10,bad,rem_pct_avg3,below,22.0,31,9,0.2903225806451613,0.2830188679245283,-0.12206266074019956,1.0,0.639344262295082
r2_wide,p10,bad,z_cardio_peak_lag1,above,30.0,11,4,0.36363636363636365,0.273972602739726,-0.12231036659841216,1.0,0.5573770491803278
r2_wide,p10,bad,wake_long_n_avg3,above,4.0,19,6,0.3157894736842105,0.27692307692307694,-0.12328136687879096,1.0,0.5245901639344263
r2_wide,p10,bad,z_cardio_peak_avg3,above,20.0,15,5,0.3333333333333333,0.2753623188405797,-0.12360131189366735,1.0,0.5901639344262295
r2_wide,p10,bad,lightly_lag1,below,260.0,36,10,0.2777777777777778,0.2916666666666667,-0.13318496640852873,1.0,0.639344262295082
r2_wide,p10,bad,srpe_load_lag1,above,100.0,22,7,0.3181818181818182,0.2982456140350877,-0.13464174048816294,1.0,0.5245901639344263
r2_wide,p10,bad,steps_avg3,below,12000.0,38,10,0.2631578947368421,0.30434782608695654,-0.15463320218994356,1.0,0.8360655737704918
r2_wide,p10,bad,hr_sleep_mean_avg3,above,71.0,36,9,0.25,0.3125,-0.17499676160774613,1.0,0.8032786885245902
r2_wide,p10,bad,mvpa_lag1,below,40.0,36,9,0.25,0.3125,-0.17499676160774613,1.0,0.8688524590163934
r2_wide,p10,bad,bedtime_h_avg3,above,6.5,27,6,0.2222222222222222,0.3157894736842105,-0.20971851879012096,1.0,0.9180327868852459
r2_wide,p10,good,lightly_avg3,above,340.0,10,10,1.0,0.4189189189189189,0.3035409123144645,0.0,0.0
r2_wide,p10,good,lightly_lag1,above,320.0,21,17,0.8095238095238095,0.38095238095238093,0.2190377536548861,0.01639344262295082,0.0
r2_wide,p10,good,hr_sleep_mean_lag1,below,68.0,21,15,0.7142857142857143,0.4067796610169492,0.09365260075467496,0.4262295081967213,0.0
r2_wide,p10,good,wake_pct_lag1,below,9.0,11,9,0.8181818181818182,0.43478260869565216,0.08823125372610313,0.4426229508196721,0.06557377049180328
r2_wide,p10,good,sleep_h_lag1,above,7.5,40,24,0.6,0.375,0.07095619827393507,0.4918032786885246,0.03278688524590164
r2_wide,p10,good,steps_lag1,above,12000.0,42,24,0.5714285714285714,0.40476190476190477,0.017297874356839937,0.7049180327868853,0.09836065573770492
r2_wide,p10,good,sedentary_avg3,below,600.0,36,21,0.5833333333333334,0.4146341463414634,0.007365550301313417,0.7868852459016393,0.11475409836065574
r2_wide,p10,good,sleep_h_avg3,above,7.5,34,20,0.5882352941176471,0.42,0.0022130414651927444,0.8360655737704918,0.04918032786885246
r2_wide,p10,good,hr_sleep_mean_avg3,below,68.0,11,8,0.7272727272727273,0.4520547945205479,-0.01770508753079414,0.9344262295081968,0.2459016393442623
r2_wide,p10,good,sedentary_lag1,below,480.0,11,8,0.7272727272727273,0.453125,-0.01877529301024622,0.9344262295081968,0.11475409836065574
r2_wide,p10,good,sleep_eff_lag1,above,92.0,31,18,0.5806451612903226,0.42857142857142855,-0.020911785051218823,0.9508196721311475,0.13114754098360656
r2_wide,p10,good,sleep_eff_avg3,above,92.0,31,18,0.5806451612903226,0.4339622641509434,-0.026302620630733686,0.9508196721311475,0.19672131147540983
r2_wide,p10,good,deep_pct_lag1,above,16.0,40,22,0.55,0.425,-0.02671170111559218,0.9508196721311475,0.22950819672131148
r2_wide,p10,good,bedtime_h_lag1,below,5.5,15,10,0.6666666666666666,0.4461538461538462,-0.02902259464171636,0.9508196721311475,0.16393442622950818
r2_wide,p10,good,z_cardio_peak_avg3,below,10.0,40,22,0.55,0.4318181818181818,-0.03352988293377401,0.9836065573770492,0.19672131147540983
r2_wide,p10,good,rhr_night_avg3,below,67.0,26,15,0.5769230769230769,0.4482758620689655,-0.05879289285776723,1.0,0.4262295081967213
r2_wide,p10,good,deep_pct_avg3,above,18.0,16,10,0.625,0.45588235294117646,-0.06947588196182841,1.0,0.32786885245901637
r2_wide,p10,good,wake_pct_avg3,below,10.0,14,9,0.6428571428571429,0.45714285714285713,-0.069502810321453,1.0,0.13114754098360656
r2_wide,p10,good,rhr_night_lag1,below,67.0,21,12,0.5714285714285714,0.4576271186440678,-0.09216495567374328,1.0,0.5081967213114754
r2_wide,p10,good,rem_pct_avg3,above,24.0,35,18,0.5142857142857142,0.46938775510204084,-0.11370235883492458,1.0,0.45901639344262296
r2_wide,p10,good,mvpa_lag1,above,60.0,34,16,0.47058823529411764,0.5,-0.18548748366888634,1.0,0.8360655737704918
r2_wide,p10,good,wake_long_n_lag1,below,3.0,25,12,0.48,0.4909090909090909,-0.19059905161949076,1.0,0.5901639344262295
r2_wide,p10,good,steps_avg3,above,14000.0,26,12,0.46153846153846156,0.5,-0.21244417304765095,1.0,0.8360655737704918
r2_wide,p10,good,rem_pct_lag1,above,24.0,32,14,0.4375,0.5208333333333334,-0.2391824736389016,1.0,0.9016393442622951
r2_wide,p10,good,wake_long_n_avg3,below,3.0,30,12,0.4,0.5370370370370371,-0.2911330937762031,1.0,0.8360655737704918
r2_wide,p10,good,mvpa_avg3,above,70.0,27,10,0.37037037037037035,0.543859649122807,-0.3285367784434385,1.0,0.9836065573770492
r2_wide,p10,good,bedtime_h_avg3,below,6.0,23,8,0.34782608695652173,0.5409836065573771,-0.3528730601875547,1.0,0.9836065573770492
r2_wide,p11,bad,deep_pct_lag1,below,16.0,24,12,0.5,0.24390243902439024,0.07036887725324054,0.5063291139240507,0.0759493670886076
r2_wide,p11,bad,wake_long_n_avg3,above,2.0,44,18,0.4090909090909091,0.22950819672131148,0.047368242068756755,0.7215189873417721,0.06329113924050633
r2_wide,p11,bad,sedentary_lag1,above,720.0,15,8,0.5333333333333333,0.25842696629213485,0.04273933521837303,0.7848101265822784,0.02531645569620253
r2_wide,p11,bad,sleep_eff_lag1,below,96.0,26,12,0.46153846153846156,0.25,0.03755582695234905,0.810126582278481,0.06329113924050633
r2_wide,p11,bad,rem_pct_avg3,below,14.0,18,9,0.5,0.26436781609195403,0.025939223497845887,0.8860759493670886,0.11392405063291139
r2_wide,p11,bad,wake_pct_avg3,above,11.0,43,17,0.3953488372093023,0.24193548387096775,0.021715578113596257,0.9240506329113924,0.0379746835443038
r2_wide,p11,bad,hr_sleep_mean_lag1,above,73.0,11,6,0.5454545454545454,0.2736842105263158,0.0064035451636724194,0.9620253164556962,0.12658227848101267
r2_wide,p11,bad,bedtime_h_lag1,above,6.0,33,13,0.3939393939393939,0.2602739726027397,-0.013445150287657665,1.0,0.22784810126582278
r2_wide,p11,bad,lightly_avg3,below,300.0,51,18,0.35294117647058826,0.25925925925925924,-0.022916205446661397,1.0,0.24050632911392406
r2_wide,p11,bad,rhr_night_lag1,above,65.0,21,9,0.42857142857142855,0.27058823529411763,-0.02589124042890717,1.0,0.13924050632911392
r2_wide,p11,bad,lightly_lag1,below,200.0,18,8,0.4444444444444444,0.2727272727272727,-0.027134961713381478,1.0,0.17721518987341772
r2_wide,p11,bad,steps_lag1,below,11000.0,52,18,0.34615384615384615,0.25925925925925924,-0.0277509785198731,1.0,0.35443037974683544
r2_wide,p11,bad,steps_avg3,below,12000.0,52,18,0.34615384615384615,0.2641509433962264,-0.032642662656840266,1.0,0.35443037974683544
r2_wide,p11,bad,mvpa_avg3,below,50.0,38,14,0.3684210526315789,0.26865671641791045,-0.03481658486377251,1.0,0.35443037974683544
r2_wide,p11,bad,deep_pct_avg3,below,18.0,42,15,0.35714285714285715,0.2698412698412698,-0.03995134482500118,1.0,0.31645569620253167
r2_wide,p11,bad,mvpa_lag1,below,20.0,22,9,0.4090909090909091,0.27380952380952384,-0.04125392712132006,1.0,0.43037974683544306
r2_wide,p11,bad,sleep_h_lag1,below,7.0,50,17,0.34,0.26785714285714285,-0.04348944650653225,1.0,0.16455696202531644
r2_wide,p11,bad,rhr_night_avg3,above,64.0,43,15,0.3488372093023256,0.27419354838709675,-0.05000956089746572,1.0,0.3037974683544304
r2_wide,p11,bad,rem_pct_lag1,below,16.0,48,16,0.3333333333333333,0.27586206896551724,-0.0590960552565494,1.0,0.4177215189873418
r2_wide,p11,bad,z_cardio_peak_lag1,above,0.0,53,17,0.32075471698113206,0.2830188679245283,-0.07209842203112526,1.0,0.5822784810126582
r2_wide,p11,bad,wake_pct_lag1,above,13.0,15,6,0.4,0.2857142857142857,-0.08747200488833906,1.0,0.4050632911392405
r2_wide,p11,bad,sleep_eff_avg3,below,96.0,29,10,0.3448275862068966,0.2894736842105263,-0.0900685967186215,1.0,0.45569620253164556
r2_wide,p11,bad,sleep_h_avg3,below,7.0,44,14,0.3181818181818182,0.29508196721311475,-0.0950906678963791,1.0,0.45569620253164556
r2_wide,p11,bad,sedentary_avg3,above,660.0,24,8,0.3333333333333333,0.2875,-0.10778021311620353,1.0,0.5189873417721519
r2_wide,p11,bad,hr_sleep_mean_avg3,above,71.0,27,9,0.3333333333333333,0.2948717948717949,-0.10844125043586139,1.0,0.7848101265822784
r2_wide,p11,bad,wake_long_n_lag1,above,2.0,28,9,0.32142857142857145,0.2948717948717949,-0.11554131943758747,1.0,0.4430379746835443
r2_wide,p11,bad,bedtime_h_avg3,above,5.5,47,13,0.2765957446808511,0.3275862068965517,-0.15822214698502238,1.0,0.7974683544303798
r2_wide,p11,bad,z_cardio_peak_avg3,above,10.0,37,9,0.24324324324324326,0.3382352941176471,-0.204623259791014,1.0,0.7848101265822784
r2_wide,p11,bad,srpe_load_lag1,above,100.0,26,5,0.19230769230769232,0.3076923076923077,-0.22262294997442503,1.0,0.8607594936708861
r2_wide,p11,bad,srpe_load_avg3,above,200.0,17,3,0.17647058823529413,0.2972972972972973,-0.2353871601718074,1.0,0.7848101265822784
r2_wide,p14,bad,sedentary_avg3,above,690.0,17,9,0.5294117647058824,0.25862068965517243,0.05100828346032249,0.9,0.075
r2_wide,p14,bad,lightly_avg3,below,120.0,12,8,0.6666666666666666,0.3780487804878049,0.012568806909808994,0.9625,0.0375
r2_wide,p14,bad,mvpa_lag1,below,50.0,32,17,0.53125,0.359375,0.005117379325738192,0.9625,0.1125
r2_wide,p14,bad,steps_lag1,below,8000.0,19,11,0.5789473684210527,0.37662337662337664,-0.01386786197177553,1.0,0.1875
r2_wide,p14,bad,lightly_lag1,below,140.0,31,16,0.5161290322580645,0.36923076923076925,-0.020829586361037544,1.0,0.0625
r2_wide,p14,bad,steps_avg3,below,9000.0,15,9,0.6,0.379746835443038,-0.022282407877960986,1.0,0.2625
r2_wide,p14,bad,sedentary_lag1,above,660.0,34,15,0.4411764705882353,0.3170731707317073,-0.028240768578739806,1.0,0.25
r2_wide,p14,bad,mvpa_avg3,below,50.0,22,12,0.5454545454545454,0.375,-0.02840526710958441,1.0,0.2375
r2_wide,p14,bad,sleep_h_lag1,below,7.5,49,23,0.46938775510204084,0.38461538461538464,-0.04758256563643687,1.0,0.2125
r2_wide,p14,bad,sleep_h_avg3,below,7.0,33,16,0.48484848484848486,0.37681159420289856,-0.05177377773365632,1.0,0.2875
r2_wide,p14,bad,z_cardio_peak_lag1,above,40.0,12,7,0.5833333333333334,0.39285714285714285,-0.07334980720177003,1.0,0.375
r2_wide,p14,bad,srpe_load_avg3,above,100.0,51,24,0.47058823529411764,0.4339622641509434,-0.09343454988677935,1.0,0.35
r2_wide,p14,bad,hr_sleep_mean_lag1,above,71.0,10,6,0.6,0.4065934065934066,-0.09392385914322027,1.0,0.6875
r2_wide,p14,bad,sleep_eff_avg3,below,89.0,11,6,0.5454545454545454,0.3956043956043956,-0.11551663991440736,1.0,0.7625
r2_wide,p14,bad,srpe_load_lag1,above,100.0,39,18,0.46153846153846156,0.4461538461538462,-0.13048737381336267,1.0,0.5375
r2_wide,p14,bad,hr_sleep_mean_avg3,above,71.0,12,6,0.5,0.4,-0.1462218296065778,1.0,0.7625
r2_wide,p14,bad,z_cardio_peak_avg3,above,30.0,12,6,0.5,0.4024390243902439,-0.14866085399682172,1.0,0.4875
r2_wide,p14,bad,sleep_eff_lag1,below,89.0,17,8,0.47058823529411764,0.4166666666666667,-0.15501865470578563,1.0,0.9
r2_wide,p14,bad,rem_pct_lag1,below,10.0,12,6,0.5,0.41379310344827586,-0.16001493305485365,1.0,0.8125
r2_wide,p14,bad,deep_pct_avg3,below,16.0,50,20,0.4,0.44,-0.1639181021375425,1.0,0.7625
r2_wide,p14,bad,rem_pct_avg3,below,16.0,45,18,0.4,0.43636363636363634,-0.1661168418840609,1.0,0.825
r2_wide,p14,bad,wake_long_n_lag1,above,5.0,42,17,0.40476190476190477,0.43859649122807015,-0.16817001451597935,1.0,0.7625
r2_wide,p14,bad,wake_long_n_avg3,above,5.0,48,19,0.3958333333333333,0.4423076923076923,-0.1721014273481865,1.0,0.7125
r2_wide,p14,bad,deep_pct_lag1,below,12.0,21,9,0.42857142857142855,0.4230769230769231,-0.1783799282117126,1.0,0.775
r2_wide,p14,bad,wake_pct_avg3,above,19.0,19,8,0.42105263157894735,0.41975308641975306,-0.18833688249944927,1.0,0.8875
r2_wide,p14,bad,bedtime_h_avg3,above,4.5,23,9,0.391304347826087,0.4177215189873418,-0.19614773916352032,1.0,0.8375
r2_wide,p14,bad,wake_pct_lag1,above,18.0,36,14,0.3888888888888889,0.4444444444444444,-0.19659789026621496,1.0,0.8875
r2_wide,p14,bad,bedtime_h_lag1,above,4.5,25,9,0.36,0.4473684210526316,-0.24489185673527522,1.0,0.9125
r2_wide,p14,bad,rhr_night_lag1,above,66.0,24,8,0.3333333333333333,0.4533333333333333,-0.27361354644953684,1.0,0.8875
r2_wide,p14,bad,rhr_night_avg3,above,65.0,39,11,0.28205128205128205,0.5081967213114754,-0.3427634711720425,1.0,0.9625
r2_wide,p14,good,z_cardio_peak_avg3,below,10.0,35,13,0.37142857142857144,0.1016949152542373,0.12996115843467332,0.4125,0.0
r2_wide,p14,good,srpe_load_avg3,below,100.0,49,15,0.30612244897959184,0.10909090909090909,0.08606232584056571,0.6625,0.0
r2_wide,p14,good,lightly_lag1,above,180.0,21,8,0.38095238095238093,0.14666666666666667,0.060841011313158416,0.75,0.025
r2_wide,p14,good,sedentary_avg3,below,600.0,22,8,0.36363636363636365,0.18867924528301888,0.008650482443060076,0.9875,0.15
r2_wide,p14,good,wake_long_n_lag1,below,5.0,44,11,0.25,0.14545454545454545,0.0002861153523119886,0.9875,0.1375
r2_wide,p14,good,wake_pct_lag1,below,13.0,10,4,0.4,0.16853932584269662,-0.00036174463918695055,0.9875,0.25
r2_wide,p14,good,sleep_eff_lag1,above,93.0,45,11,0.24444444444444444,0.14285714285714285,-0.0005037926020499961,0.9875,0.2625
r2_wide,p14,good,sleep_eff_avg3,above,95.0,17,6,0.35294117647058826,0.17647058823529413,-0.003375726796245093,0.9875,0.275
r2_wide,p14,good,lightly_avg3,above,160.0,43,11,0.2558139534883721,0.1568627450980392,-0.007569086327383789,1.0,0.2125
r2_wide,p14,good,rem_pct_lag1,above,18.0,42,10,0.23809523809523808,0.15789473684210525,-0.023086528731923406,1.0,0.3
r2_wide,p14,good,sedentary_lag1,below,600.0,29,8,0.27586206896551724,0.17391304347826086,-0.026927230093233473,1.0,0.275
r2_wide,p14,good,mvpa_lag1,above,140.0,12,4,0.3333333333333333,0.17857142857142858,-0.04045358867406723,1.0,0.4
r2_wide,p14,good,rem_pct_avg3,above,18.0,31,8,0.25806451612903225,0.18840579710144928,-0.05139035973275169,1.0,0.35
r2_wide,p14,good,deep_pct_lag1,above,16.0,42,9,0.21428571428571427,0.17543859649122806,-0.05838191118071567,1.0,0.4625
r2_wide,p14,good,wake_long_n_avg3,below,5.0,48,11,0.22916666666666666,0.19230769230769232,-0.05923078201780188,1.0,0.5
r2_wide,p14,good,deep_pct_avg3,above,16.0,50,11,0.22,0.2,-0.0724621377569771,1.0,0.525
r2_wide,p14,good,mvpa_avg3,above,120.0,12,3,0.25,0.1951219512195122,-0.10618191159055083,1.0,0.7125
r2_wide,p14,good,wake_pct_avg3,below,16.0,35,7,0.2,0.2153846153846154,-0.11496142092560735,1.0,0.75
r2_wide,p14,good,steps_lag1,above,12000.0,45,8,0.17777777777777778,0.21568627450980393,-0.12274348525126563,1.0,0.875
r2_wide,p14,good,sleep_h_lag1,above,8.0,39,6,0.15384615384615385,0.20967741935483872,-0.13720368090432405,1.0,0.8375
r2_wide,p14,good,steps_avg3,above,19000.0,10,2,0.2,0.20238095238095238,-0.14570000440025907,1.0,0.9
r2_wide,p14,good,rhr_night_avg3,below,63.0,35,5,0.14285714285714285,0.24615384615384617,-0.18355245810531118,1.0,0.825
r2_wide,p14,good,rhr_night_lag1,below,64.0,43,5,0.11627906976744186,0.25,-0.19929647005137915,1.0,0.875
r2_wide,p14,good,bedtime_h_lag1,below,2.5,16,1,0.0625,0.21176470588235294,-0.20064564857402173,1.0,0.975
r2_wide,p14,good,hr_sleep_mean_lag1,below,63.0,35,3,0.08571428571428572,0.24242424242424243,-0.21284241141894553,1.0,1.0
r2_wide,p14,good,bedtime_h_avg3,below,2.5,14,1,0.07142857142857142,0.22727272727272727,-0.21455084116043563,1.0,0.9625
r2_wide,p14,good,sleep_h_avg3,above,8.0,32,3,0.09375,0.2571428571428571,-0.2247418945165376,1.0,1.0
r2_wide,p14,good,hr_sleep_mean_avg3,below,64.0,47,5,0.10638297872340426,0.2909090909090909,-0.2446049913538915,1.0,1.0
r2_wide,p15,bad,deep_pct_lag1,below,12.0,20,13,0.65,0.3972602739726027,0.03559023624686203,0.7272727272727273,0.06060606060606061
r2_wide,p15,bad,z_cardio_peak_lag1,above,70.0,22,14,0.6363636363636364,0.4,0.029513493437180405,0.7272727272727273,0.13636363636363635
r2_wide,p15,bad,sleep_h_lag1,below,7.5,43,23,0.5348837209302325,0.38,0.009153897288727786,0.8939393939393939,0.16666666666666666
r2_wide,p15,bad,deep_pct_avg3,below,14.0,34,19,0.5588235294117647,0.3898305084745763,0.004705669417260638,0.9242424242424242,0.10606060606060606
r2_wide,p15,bad,rem_pct_lag1,below,20.0,43,22,0.5116279069767442,0.4,-0.03247936233925919,0.9848484848484849,0.21212121212121213
r2_wide,p15,bad,rem_pct_avg3,below,20.0,37,19,0.5135135135135135,0.4107142857142857,-0.051767913454476566,0.9848484848484849,0.15151515151515152
r2_wide,p15,bad,srpe_load_avg3,above,600.0,25,14,0.56,0.42424242424242425,-0.0535722540467799,1.0,0.2727272727272727
r2_wide,p15,bad,bedtime_h_lag1,above,5.5,28,15,0.5357142857142857,0.4153846153846154,-0.057260663963598746,1.0,0.16666666666666666
r2_wide,p15,bad,srpe_load_lag1,above,600.0,33,17,0.5151515151515151,0.41379310344827586,-0.061612057586173385,1.0,0.3939393939393939
r2_wide,p15,bad,rhr_night_avg3,above,54.0,33,17,0.5151515151515151,0.4166666666666667,-0.06448562080456421,1.0,0.16666666666666666
r2_wide,p15,bad,sleep_h_avg3,below,7.0,13,8,0.6153846153846154,0.425,-0.06977519027731449,1.0,0.30303030303030304
r2_wide,p15,bad,hr_sleep_mean_lag1,above,56.0,18,10,0.5555555555555556,0.4266666666666667,-0.08950597238415042,1.0,0.3787878787878788
r2_wide,p15,bad,wake_long_n_lag1,above,3.0,18,10,0.5555555555555556,0.4266666666666667,-0.08950597238415042,1.0,0.3787878787878788
r2_wide,p15,bad,mvpa_lag1,below,120.0,46,22,0.4782608695652174,0.43478260869565216,-0.09353800993893102,1.0,0.42424242424242425
r2_wide,p15,bad,z_cardio_peak_avg3,above,50.0,35,17,0.4857142857142857,0.43103448275862066,-0.1010946788460933,1.0,0.45454545454545453
r2_wide,p15,bad,wake_pct_lag1,above,13.0,28,14,0.5,0.4307692307692308,-0.10444076244476735,1.0,0.5454545454545454
r2_wide,p15,bad,bedtime_h_avg3,above,6.0,12,7,0.5833333333333334,0.43209876543209874,-0.11259142977672593,1.0,0.4090909090909091
r2_wide,p15,bad,sedentary_lag1,above,630.0,33,16,0.48484848484848486,0.4423076923076923,-0.11726987583845006,1.0,0.3787878787878788
r2_wide,p15,bad,sleep_eff_lag1,below,96.0,29,14,0.4827586206896552,0.4375,-0.12364180669204777,1.0,0.48484848484848486
r2_wide,p15,bad,hr_sleep_mean_avg3,above,54.0,32,15,0.46875,0.4426229508196721,-0.13393165180284872,1.0,0.3939393939393939
r2_wide,p15,bad,wake_long_n_avg3,above,3.0,21,10,0.47619047619047616,0.4444444444444444,-0.16100732147681496,1.0,0.4393939393939394
r2_wide,p15,bad,rhr_night_lag1,above,54.0,29,13,0.4482758620689655,0.453125,-0.1689958885125421,1.0,0.5
r2_wide,p15,bad,steps_avg3,below,13000.0,32,14,0.4375,0.45901639344262296,-0.1773655337481912,1.0,0.7272727272727273
r2_wide,p15,bad,sleep_eff_avg3,below,96.0,42,18,0.42857142857142855,0.47058823529411764,-0.17941394010263545,1.0,0.6515151515151515
r2_wide,p15,bad,wake_pct_avg3,above,13.0,25,11,0.44,0.45588235294117646,-0.18922860347115078,1.0,0.7272727272727273
r2_wide,p15,bad,steps_lag1,below,13000.0,38,16,0.42105263157894735,0.48148148148148145,-0.20295873336328618,1.0,0.8181818181818182
r2_wide,p15,bad,lightly_lag1,below,160.0,21,9,0.42857142857142855,0.4647887323943662,-0.22009173752915573,1.0,0.7878787878787878
r2_wide,p15,bad,mvpa_avg3,below,90.0,22,9,0.4090909090909091,0.4647887323943662,-0.2322331357061624,1.0,0.9090909090909091
r2_wide,p15,bad,sedentary_avg3,above,630.0,36,14,0.3888888888888889,0.49122807017543857,-0.2433815159972091,1.0,0.9242424242424242
r2_wide,p15,bad,lightly_avg3,below,180.0,26,9,0.34615384615384615,0.4925373134328358,-0.2984171637043145,1.0,0.9393939393939394
r2_wide,p15,good,srpe_load_lag1,below,100.0,19,11,0.5789473684210527,0.3194444444444444,0.04331107020715669,0.7424242424242424,0.045454545454545456
r2_wide,p15,good,z_cardio_peak_avg3,below,20.0,19,10,0.5263157894736842,0.32432432432432434,-0.007249499206073207,0.9545454545454546,0.25757575757575757
r2_wide,p15,good,mvpa_lag1,above,120.0,45,19,0.4222222222222222,0.3191489361702128,-0.0294640563533346,1.0,0.25757575757575757
r2_wide,p15,good,z_cardio_peak_lag1,below,10.0,20,10,0.5,0.3333333333333333,-0.03403841890351339,1.0,0.2727272727272727
r2_wide,p15,good,bedtime_h_avg3,below,5.0,37,16,0.43243243243243246,0.32142857142857145,-0.03471370302505833,1.0,0.3787878787878788
r2_wide,p15,good,sedentary_lag1,below,600.0,36,16,0.4444444444444444,0.3469387755102041,-0.05152847674477273,1.0,0.3787878787878788
r2_wide,p15,good,sleep_eff_lag1,above,96.0,33,14,0.42424242424242425,0.3333333333333333,-0.0609797433830343,1.0,0.24242424242424243
r2_wide,p15,good,hr_sleep_mean_lag1,below,52.0,34,14,0.4117647058823529,0.3389830508474576,-0.07532567299056903,1.0,0.3787878787878788
r2_wide,p15,good,lightly_avg3,above,200.0,35,14,0.4,0.3448275862068966,-0.08932253687382413,1.0,0.3939393939393939
r2_wide,p15,good,srpe_load_avg3,below,400.0,36,14,0.3888888888888889,0.34545454545454546,-0.097607991276316,1.0,0.48484848484848486
r2_wide,p15,good,deep_pct_avg3,above,18.0,10,5,0.5,0.3493975903614458,-0.11280799674595851,1.0,0.3939393939393939
r2_wide,p15,good,hr_sleep_mean_avg3,below,53.0,46,17,0.3695652173913043,0.3617021276595745,-0.11646653251647954,1.0,0.6212121212121212
r2_wide,p15,good,deep_pct_lag1,above,16.0,37,14,0.3783783783783784,0.35714285714285715,-0.11650498250394686,1.0,0.5303030303030303
r2_wide,p15,good,sedentary_avg3,below,600.0,37,14,0.3783783783783784,0.35714285714285715,-0.11650498250394686,1.0,0.5454545454545454
r2_wide,p15,good,lightly_lag1,above,220.0,25,10,0.4,0.3582089552238806,-0.1241783785819714,1.0,0.5757575757575758
r2_wide,p15,good,rem_pct_lag1,above,22.0,32,12,0.375,0.36065573770491804,-0.13131905304532596,1.0,0.5606060606060606
r2_wide,p15,good,rhr_night_avg3,below,53.0,26,10,0.38461538461538464,0.3582089552238806,-0.13392536010553632,1.0,0.5606060606060606
r2_wide,p15,good,rhr_night_lag1,below,53.0,23,9,0.391304347826087,0.35714285714285715,-0.1355690773190357,1.0,0.6818181818181818
r2_wide,p15,good,steps_lag1,above,16000.0,26,10,0.38461538461538464,0.36363636363636365,-0.1393527685180194,1.0,0.7424242424242424
r2_wide,p15,good,sleep_h_avg3,above,8.0,18,7,0.3888888888888889,0.36,-0.1569500807306884,1.0,0.5
r2_wide,p15,good,sleep_h_lag1,above,8.0,34,12,0.35294117647058826,0.3728813559322034,-0.1580042069792427,1.0,0.7121212121212122
r2_wide,p15,good,rem_pct_avg3,above,22.0,22,8,0.36363636363636365,0.36619718309859156,-0.1688674553725126,1.0,0.6060606060606061
r2_wide,p15,good,bedtime_h_lag1,below,5.0,41,14,0.34146341463414637,0.38461538461538464,-0.16902921094895001,1.0,0.8181818181818182
r2_wide,p15,good,sleep_eff_avg3,above,96.0,38,13,0.34210526315789475,0.38181818181818183,-0.16969598155359228,1.0,0.7575757575757576
r2_wide,p15,good,wake_pct_lag1,below,11.0,30,10,0.3333333333333333,0.38095238095238093,-0.188649425683919,1.0,0.7727272727272727
r2_wide,p15,good,mvpa_avg3,above,120.0,37,12,0.32432432432432434,0.39285714285714285,-0.19652636464898804,1.0,0.8787878787878788
r2_wide,p15,good,wake_long_n_avg3,below,2.0,29,9,0.3103448275862069,0.390625,-0.21787075510231932,1.0,0.803030303030303
r2_wide,p15,good,wake_pct_avg3,below,11.0,16,5,0.3125,0.37662337662337664,-0.23497902610376611,1.0,0.7272727272727273
r2_wide,p15,good,steps_avg3,above,14000.0,37,11,0.2972972972972973,0.4107142857142857,-0.2358212622502037,1.0,0.9696969696969697
r2_wide,p15,good,wake_long_n_lag1,below,2.0,23,6,0.2608695652173913,0.4,-0.2745155411075103,1.0,0.9242424242424242
r2_wide,p16,bad,sleep_h_lag1,below,5.5,10,10,1.0,0.22535211267605634,0.49710771855732705,0.0,0.0
r2_wide,p16,bad,bedtime_h_lag1,above,14.0,15,10,0.6666666666666666,0.24242424242424243,0.1747070090878874,0.03636363636363636,0.0
r2_wide,p16,bad,sleep_eff_lag1,below,90.0,18,11,0.6111111111111112,0.23809523809523808,0.1480914477113236,0.09090909090909091,0.01818181818181818
r2_wide,p16,bad,bedtime_h_avg3,above,13.0,27,14,0.5185185185185185,0.22641509433962265,0.1134381515224816,0.16363636363636364,0.0
r2_wide,p16,bad,sleep_h_avg3,below,6.5,33,16,0.48484848484848486,0.2127659574468085,0.11227185902243372,0.16363636363636364,0.01818181818181818
r2_wide,p16,bad,wake_pct_lag1,above,14.0,27,13,0.48148148148148145,0.24074074074074073,0.06668876575635005,0.36363636363636365,0.03636363636363636
r2_wide,p16,bad,sedentary_lag1,above,900.0,29,13,0.4482758620689655,0.2222222222222222,0.06190688926523569,0.38181818181818183,0.0
r2_wide,p16,bad,hr_sleep_mean_lag1,above,64.0,31,14,0.45161290322580644,0.24,0.051614828365861065,0.45454545454545453,0.05454545454545454
r2_wide,p16,bad,deep_pct_lag1,below,24.0,39,16,0.41025641025641024,0.23809523809523808,0.03269565625876669,0.6,0.03636363636363636
r2_wide,p16,bad,rem_pct_lag1,below,12.0,13,7,0.5384615384615384,0.27941176470588236,0.012022559612438088,0.7636363636363637,0.07272727272727272
r2_wide,p16,bad,lightly_lag1,below,80.0,33,14,0.42424242424242425,0.26666666666666666,0.00568692328363235,0.8181818181818182,0.10909090909090909
r2_wide,p16,bad,steps_lag1,below,1000.0,24,11,0.4583333333333333,0.2777777777777778,0.0011328057390365132,0.8545454545454545,0.07272727272727272
r2_wide,p16,bad,lightly_avg3,below,80.0,31,13,0.41935483870967744,0.27450980392156865,-0.010356773186076085,0.9272727272727272,0.10909090909090909
r2_wide,p16,bad,sedentary_avg3,above,900.0,23,10,0.43478260869565216,0.2692307692307692,-0.01288708590878268,0.9454545454545454,0.12727272727272726
r2_wide,p16,bad,sleep_eff_avg3,below,92.0,32,13,0.40625,0.2708333333333333,-0.01563930853019535,0.9454545454545454,0.18181818181818182
r2_wide,p16,bad,rhr_night_lag1,above,67.0,23,10,0.43478260869565216,0.27586206896551724,-0.0195183856435307,0.9636363636363636,0.10909090909090909
r2_wide,p16,bad,hr_sleep_mean_avg3,above,64.0,23,10,0.43478260869565216,0.2807017543859649,-0.02435807106397836,0.9636363636363636,0.18181818181818182
r2_wide,p16,bad,wake_pct_avg3,above,14.0,28,11,0.39285714285714285,0.28846153846153844,-0.0528070201857381,1.0,0.23636363636363636
r2_wide,p16,bad,rhr_night_avg3,above,67.0,26,10,0.38461538461538464,0.2962962962962963,-0.07201270117795203,1.0,0.2909090909090909
r2_wide,p16,bad,deep_pct_avg3,below,22.0,16,6,0.375,0.3125,-0.12769017445247197,1.0,0.5818181818181818
r2_wide,p16,bad,wake_long_n_lag1,above,3.0,25,8,0.32,0.32142857142857145,-0.14937869625966,1.0,0.6363636363636364
r2_wide,p16,bad,rem_pct_avg3,below,14.0,14,5,0.35714285714285715,0.3181818181818182,-0.15473691080979082,1.0,0.6181818181818182
r2_wide,p16,bad,wake_long_n_avg3,above,3.0,26,7,0.2692307692307692,0.35185185185185186,-0.214809096601178,1.0,0.8181818181818182
r2_wide,p16,bad,z_cardio_peak_avg3,above,0.0,19,4,0.21052631578947367,0.36507936507936506,-0.2800039801634493,1.0,0.9636363636363636
r2_wide,p16,good,steps_avg3,above,3000.0,14,9,0.6428571428571429,0.23529411764705882,0.1523459291743453,0.03636363636363636,0.0
r2_wide,p16,good,sedentary_lag1,below,870.0,28,13,0.4642857142857143,0.21621621621621623,0.07909682118037958,0.4,0.01818181818181818
r2_wide,p16,good,deep_pct_lag1,above,26.0,22,11,0.5,0.23728813559322035,0.06992991133157525,0.45454545454545453,0.03636363636363636
r2_wide,p16,good,deep_pct_avg3,above,26.0,12,7,0.5833333333333334,0.25,0.06950733565537281,0.45454545454545453,0.01818181818181818
r2_wide,p16,good,steps_lag1,above,2000.0,27,12,0.4444444444444444,0.21568627450980393,0.060169702190924323,0.4727272727272727,0.05454545454545454
r2_wide,p16,good,lightly_lag1,above,100.0,21,10,0.47619047619047616,0.22807017543859648,0.055366947529032984,0.4909090909090909,0.03636363636363636
r2_wide,p16,good,rem_pct_lag1,above,20.0,21,10,0.47619047619047616,0.25,0.03343712296762946,0.6,0.07272727272727272
r2_wide,p16,good,sleep_eff_lag1,above,93.0,22,10,0.45454545454545453,0.2542372881355932,0.014962856184455253,0.7818181818181819,0.14545454545454545
r2_wide,p16,good,bedtime_h_avg3,below,12.0,33,13,0.3939393939393939,0.23404255319148937,0.01278626912359268,0.7818181818181819,0.05454545454545454
r2_wide,p16,good,wake_pct_avg3,below,13.0,37,14,0.3783783783783784,0.23255813953488372,0.00807973510402657,0.7818181818181819,0.09090909090909091
r2_wide,p16,good,sleep_h_lag1,above,7.0,29,12,0.41379310344827586,0.25,0.005129352796455211,0.8181818181818182,0.07272727272727272
r2_wide,p16,good,mvpa_avg3,above,10.0,14,7,0.5,0.2647058823529412,0.003282796841811597,0.8363636363636363,0.05454545454545454
r2_wide,p16,good,wake_long_n_avg3,below,3.0,38,14,0.3684210526315789,0.23809523809523808,-0.004255106541100145,0.8545454545454545,0.10909090909090909
r2_wide,p16,good,sedentary_avg3,below,870.0,34,13,0.38235294117647056,0.24390243902439024,-0.004902790508302418,0.8545454545454545,0.12727272727272726
r2_wide,p16,good,mvpa_lag1,above,0.0,22,9,0.4090909090909091,0.25,-0.017444403311796225,0.9090909090909091,0.10909090909090909
r2_wide,p16,good,lightly_avg3,above,100.0,21,9,0.42857142857142855,0.26229508196721313,-0.01759808710200267,0.9090909090909091,0.09090909090909091
r2_wide,p16,good,sleep_h_avg3,above,7.0,26,10,0.38461538461538464,0.25925925925925924,-0.03497566414091499,0.9454545454545454,0.10909090909090909
r2_wide,p16,good,wake_pct_lag1,below,13.0,36,13,0.3611111111111111,0.26666666666666666,-0.04191279874485346,0.9636363636363636,0.2727272727272727
r2_wide,p16,good,bedtime_h_lag1,below,9.5,11,5,0.45454545454545453,0.2857142857142857,-0.07300471027440522,1.0,0.3090909090909091
r2_wide,p16,good,sleep_eff_avg3,above,92.0,40,13,0.325,0.275,-0.07415683037338275,1.0,0.4
r2_wide,p16,good,hr_sleep_mean_lag1,below,61.0,15,6,0.4,0.2878787878787879,-0.08963650705284126,1.0,0.509090909090909
r2_wide,p16,good,rhr_night_lag1,below,66.0,25,8,0.32,0.30357142857142855,-0.1315215534025171,1.0,0.6909090909090909
r2_wide,p16,good,rhr_night_avg3,below,66.0,25,7,0.28,0.3090909090909091,-0.16625417071709336,1.0,0.7636363636363637
r2_wide,p16,good,rem_pct_avg3,above,18.0,22,6,0.2727272727272727,0.3103448275862069,-0.17883900742806252,1.0,0.6909090909090909
r2_wide,p16,good,wake_long_n_lag1,below,3.0,34,8,0.23529411764705882,0.3617021276595745,-0.23733374656713105,1.0,1.0
r2_wide,p16,good,hr_sleep_mean_avg3,below,62.0,22,4,0.18181818181818182,0.3448275862068966,-0.27175992596584536,1.0,1.0
r1_watch,p01,bad,z_cardio_peak_lag1,above,10.0,29,23,0.7931034482758621,0.3942307692307692,0.22186476468665367,0.00909090909090909,0.0
r1_watch,p01,bad,z_cardio_peak_avg3,above,10.0,62,39,0.6290322580645161,0.33783783783783783,0.16673951128393616,0.045454545454545456,0.00909090909090909
r1_watch,p01,bad,sleep_eff_lag1,below,96.0,33,22,0.6666666666666666,0.41346153846153844,0.0826142795379613,0.2636363636363636,0.0
r1_watch,p01,bad,sleep_eff_avg3,below,96.0,33,21,0.6363636363636364,0.4174757281553398,0.04868299806000115,0.4636363636363636,0.01818181818181818
r1_watch,p01,bad,lightly_lag1,below,200.0,32,20,0.625,0.43564356435643564,0.01689744153881556,0.6636363636363637,0.1
r1_watch,p01,bad,sedentary_avg3,above,720.0,64,35,0.546875,0.4142857142857143,0.011448110921083499,0.6818181818181818,0.16363636363636364
r1_watch,p01,bad,sleep_h_avg3,below,5.5,24,15,0.625,0.4375,-0.01040380962092935,0.8090909090909091,0.05454545454545454
r1_watch,p01,bad,lightly_avg3,below,220.0,48,24,0.5,0.45454545454545453,-0.09065446522507686,1.0,0.39090909090909093
r1_watch,p01,bad,sleep_h_lag1,below,5.5,39,20,0.5128205128205128,0.45918367346938777,-0.09719258701242206,1.0,0.34545454545454546
r1_watch,p01,bad,sedentary_lag1,above,810.0,27,15,0.5555555555555556,0.47115384615384615,-0.09802665135807737,1.0,0.4636363636363636
r1_watch,p01,bad,steps_avg3,below,9000.0,11,7,0.6363636363636364,0.456,-0.10220322310836277,1.0,0.6090909090909091
r1_watch,p01,bad,bedtime_h_lag1,above,6.5,38,18,0.47368421052631576,0.47474747474747475,-0.14995968665805892,1.0,0.6363636363636364
r1_watch,p01,bad,bedtime_h_avg3,above,6.5,34,16,0.47058823529411764,0.47058823529411764,-0.15607571896300398,1.0,0.5454545454545454
r1_watch,p01,bad,mvpa_avg3,below,70.0,54,24,0.4444444444444444,0.4878048780487805,-0.16778230929280236,1.0,0.8454545454545455
r1_watch,p01,bad,mvpa_lag1,below,60.0,59,26,0.4406779661016949,0.5135135135135135,-0.19201339117388616,1.0,0.9
r1_watch,p01,bad,steps_lag1,below,10000.0,31,14,0.45161290322580644,0.49019607843137253,-0.19858125006551147,1.0,0.9272727272727272
r1_watch,p01,bad,rhr_night_lag1,above,52.0,43,17,0.3953488372093023,0.5106382978723404,-0.24698723588777638,1.0,0.9272727272727272
r1_watch,p01,bad,rhr_night_avg3,above,52.0,48,14,0.2916666666666667,0.5681818181818182,-0.3857676575631845,1.0,1.0
r1_watch,p04,bad,bedtime_h_avg3,above,6.0,38,18,0.47368421052631576,0.2608695652173913,0.06391822287202453,0.4672897196261682,0.028037383177570093
r1_watch,p04,bad,sleep_eff_avg3,below,93.0,64,26,0.40625,0.24242424242424243,0.05214300192834642,0.5700934579439252,0.028037383177570093
r1_watch,p04,bad,bedtime_h_lag1,above,6.5,23,12,0.5217391304347826,0.28,0.04962429864218493,0.5981308411214953,0.06542056074766354
r1_watch,p04,bad,mvpa_lag1,below,40.0,58,23,0.39655172413793105,0.25,0.030885689501111313,0.7289719626168224,0.07476635514018691
r1_watch,p04,bad,lightly_lag1,below,200.0,54,21,0.3888888888888889,0.2631578947368421,0.0072595303629083285,0.8691588785046729,0.1588785046728972
r1_watch,p04,bad,sleep_h_lag1,below,6.0,15,8,0.5333333333333333,0.2962962962962963,0.0048700052142116035,0.8785046728971962,0.1308411214953271
r1_watch,p04,bad,sleep_eff_lag1,below,93.0,54,21,0.3888888888888889,0.2753623188405797,-0.0049448937408292926,0.9158878504672897,0.17757009345794392
r1_watch,p04,bad,sleep_h_avg3,below,7.0,53,20,0.37735849056603776,0.2857142857142857,-0.02635351999694746,0.9439252336448598,0.14953271028037382
r1_watch,p04,bad,steps_lag1,below,9000.0,50,18,0.36,0.2875,-0.04611437032817123,0.9906542056074766,0.34579439252336447
r1_watch,p04,bad,steps_avg3,below,9000.0,35,14,0.4,0.30612244897959184,-0.0506173996465194,1.0,0.22429906542056074
r1_watch,p04,bad,sedentary_avg3,above,660.0,56,21,0.375,0.3108108108108108,-0.0507105143438889,1.0,0.308411214953271
r1_watch,p04,bad,rhr_night_avg3,above,68.0,44,16,0.36363636363636365,0.3023255813953488,-0.06449224012043456,1.0,0.4392523364485981
r1_watch,p04,bad,lightly_avg3,below,220.0,66,23,0.3484848484848485,0.31343283582089554,-0.06867576243529144,1.0,0.4485981308411215
r1_watch,p04,bad,rhr_night_lag1,above,68.0,41,15,0.36585365853658536,0.3048780487804878,-0.06898174461111967,1.0,0.4392523364485981
r1_watch,p04,bad,sedentary_lag1,above,780.0,17,7,0.4117647058823529,0.3018867924528302,-0.08577893206151635,1.0,0.4485981308411215
r1_watch,p04,bad,z_cardio_peak_lag1,above,30.0,23,8,0.34782608695652173,0.308411214953271,-0.12030066858344862,1.0,0.6822429906542056
r1_watch,p04,bad,mvpa_avg3,below,40.0,53,17,0.32075471698113206,0.3375,-0.126579554106597,1.0,0.719626168224299
r1_watch,p04,bad,z_cardio_peak_avg3,above,20.0,23,4,0.17391304347826086,0.36363636363636365,-0.2938509601302359,1.0,0.9813084112149533
r1_watch,p04,good,sleep_eff_avg3,above,93.0,54,24,0.4444444444444444,0.23684210526315788,0.08318046349282024,0.2336448598130841,0.009345794392523364
r1_watch,p04,good,steps_avg3,above,11000.0,52,23,0.4423076923076923,0.24691358024691357,0.06903489163896731,0.2803738317757009,0.0
r1_watch,p04,good,sleep_eff_lag1,above,93.0,50,22,0.44,0.2602739726027397,0.05134589949961377,0.45794392523364486,0.04672897196261682
r1_watch,p04,good,bedtime_h_lag1,below,4.5,44,20,0.45454545454545453,0.26582278481012656,0.05122729305840956,0.4766355140186916,0.04672897196261682
r1_watch,p04,good,rhr_night_avg3,below,65.0,23,12,0.5217391304347826,0.2803738317757009,0.049250466866484044,0.4766355140186916,0.102803738317757
r1_watch,p04,good,bedtime_h_avg3,below,4.5,27,13,0.48148148148148145,0.2815533980582524,0.025876108438838363,0.6355140186915887,0.04672897196261682
r1_watch,p04,good,lightly_avg3,above,220.0,66,25,0.3787878787878788,0.26865671641791045,0.002835999386250565,0.8037383177570093,0.2616822429906542
r1_watch,p04,good,sedentary_avg3,below,570.0,13,7,0.5384615384615384,0.2905982905982906,0.0008360337200298273,0.8130841121495327,0.14953271028037382
r1_watch,p04,good,rhr_night_lag1,below,67.0,49,20,0.40816326530612246,0.28378378378378377,-0.0016334377240732612,0.8130841121495327,0.1588785046728972
r1_watch,p04,good,sedentary_lag1,below,630.0,53,20,0.37735849056603776,0.2714285714285714,-0.01206780571123317,0.8504672897196262,0.21495327102803738
r1_watch,p04,good,steps_lag1,above,10000.0,65,24,0.36923076923076925,0.2923076923076923,-0.030015470417019796,0.9439252336448598,0.22429906542056074
r1_watch,p04,good,mvpa_lag1,above,50.0,58,21,0.3620689655172414,0.3055555555555556,-0.05500821207055223,0.9906542056074766,0.3925233644859813
r1_watch,p04,good,lightly_lag1,above,220.0,62,22,0.3548387096774194,0.3088235294117647,-0.06139792364790431,1.0,0.411214953271028
r1_watch,p04,good,mvpa_avg3,above,70.0,17,7,0.4117647058823529,0.3103448275862069,-0.09423696719489308,1.0,0.4672897196261682
r1_watch,p04,good,z_cardio_peak_avg3,below,10.0,52,15,0.28846153846153844,0.345679012345679,-0.16238098892739206,1.0,0.7476635514018691
r1_watch,p04,good,sleep_h_lag1,above,7.5,44,13,0.29545454545454547,0.35443037974683544,-0.1728767708744025,1.0,0.822429906542056
r1_watch,p04,good,sleep_h_avg3,above,7.5,41,8,0.1951219512195122,0.38202247191011235,-0.27967931441805305,1.0,1.0
r1_watch,p05,bad,sleep_eff_avg3,below,96.0,49,28,0.5714285714285714,0.3333333333333333,0.09936914183682216,0.5894736842105263,0.0
r1_watch,p05,bad,lightly_lag1,below,240.0,45,25,0.5555555555555556,0.32,0.09175883416365321,0.5894736842105263,0.05263157894736842
r1_watch,p05,bad,sleep_h_lag1,below,5.5,27,16,0.5925925925925926,0.4,0.007263830553640882,0.8421052631578947,0.10526315789473684
r1_watch,p05,bad,sleep_h_avg3,below,5.5,12,8,0.6666666666666666,0.4148936170212766,-0.02427602962366271,0.9157894736842105,0.15789473684210525
r1_watch,p05,bad,sleep_eff_lag1,below,95.0,33,18,0.5454545454545454,0.4057971014492754,-0.02594052201177971,0.9263157894736842,0.15789473684210525
r1_watch,p05,bad,mvpa_avg3,below,70.0,49,22,0.4489795918367347,0.35714285714285715,-0.03861660784649379,0.9578947368421052,0.23157894736842105
r1_watch,p05,bad,lightly_avg3,below,240.0,42,19,0.4523809523809524,0.36363636363636365,-0.05140472544997837,0.9578947368421052,0.29473684210526313
r1_watch,p05,bad,rhr_night_lag1,above,64.0,47,23,0.48936170212765956,0.41818181818181815,-0.06542857481578307,0.9578947368421052,0.3684210526315789
r1_watch,p05,bad,z_cardio_peak_lag1,above,0.0,52,23,0.4423076923076923,0.38235294117647056,-0.06640446929058968,0.9578947368421052,0.3368421052631579
r1_watch,p05,bad,rhr_night_avg3,above,64.0,53,24,0.4528301886792453,0.4339622641509434,-0.10738858254946876,1.0,0.6
r1_watch,p05,bad,steps_avg3,below,12000.0,55,22,0.4,0.390625,-0.1094419621356642,1.0,0.5157894736842106
r1_watch,p05,bad,bedtime_h_lag1,above,6.0,33,16,0.48484848484848486,0.43478260869565216,-0.10974479222640993,1.0,0.42105263157894735
r1_watch,p05,bad,sedentary_avg3,above,720.0,51,20,0.39215686274509803,0.421875,-0.15160355141972304,1.0,0.6421052631578947
r1_watch,p05,bad,mvpa_lag1,below,50.0,35,14,0.4,0.4117647058823529,-0.15625965654928048,1.0,0.7157894736842105
r1_watch,p05,bad,sedentary_lag1,above,750.0,43,16,0.37209302325581395,0.47058823529411764,-0.22682684635637435,1.0,0.9052631578947369
r1_watch,p05,bad,bedtime_h_avg3,above,6.0,29,11,0.3793103448275862,0.4675324675324675,-0.2406545102237941,1.0,0.7157894736842105
r1_watch,p05,bad,steps_lag1,below,10000.0,38,12,0.3157894736842105,0.45121951219512196,-0.26037531195845554,1.0,0.9473684210526315
r1_watch,p05,good,lightly_avg3,above,260.0,54,9,0.16666666666666666,0.03076923076923077,0.05947366909687313,0.47368421052631576,0.09473684210526316
r1_watch,p05,good,rhr_night_lag1,below,64.0,42,6,0.14285714285714285,0.016666666666666666,0.05049209017523268,0.5263157894736842,0.11578947368421053
r1_watch,p05,good,rhr_night_avg3,below,63.0,38,5,0.13157894736842105,0.029411764705882353,0.02812606405143201,0.7473684210526316,0.17894736842105263
r1_watch,p05,good,sedentary_lag1,below,660.0,35,5,0.14285714285714285,0.06578947368421052,-0.003188085635675547,0.9157894736842105,0.3157894736842105
r1_watch,p05,good,bedtime_h_lag1,below,5.5,40,4,0.1,0.04838709677419355,-0.008808209178618687,0.968421052631579,0.22105263157894736
r1_watch,p05,good,steps_lag1,above,12000.0,60,7,0.11666666666666667,0.06666666666666667,-0.008990192632166182,0.9789473684210527,0.3894736842105263
r1_watch,p05,good,mvpa_lag1,above,90.0,48,6,0.125,0.06944444444444445,-0.010874726940436015,0.9789473684210527,0.29473684210526313
r1_watch,p05,good,sleep_eff_avg3,above,96.0,45,4,0.08888888888888889,0.04918032786885246,-0.014069779734649304,0.9894736842105263,0.2
r1_watch,p05,good,sleep_eff_lag1,above,96.0,43,4,0.09302325581395349,0.05084745762711865,-0.014076412523772133,0.9894736842105263,0.24210526315789474
r1_watch,p05,good,mvpa_avg3,above,80.0,53,6,0.11320754716981132,0.07575757575757576,-0.02282798664688908,0.9894736842105263,0.3473684210526316
r1_watch,p05,good,lightly_lag1,above,280.0,33,4,0.12121212121212122,0.08045977011494253,-0.03229893743910023,1.0,0.35789473684210527
r1_watch,p05,good,sedentary_avg3,below,690.0,51,5,0.09803921568627451,0.078125,-0.03551755504692303,1.0,0.4631578947368421
r1_watch,p05,good,steps_avg3,above,14000.0,23,3,0.13043478260869565,0.08333333333333333,-0.03795756818988631,1.0,0.4105263157894737
r1_watch,p05,good,sleep_h_lag1,above,6.5,28,2,0.07142857142857142,0.06756756756756757,-0.04775592011979678,1.0,0.4631578947368421
r1_watch,p05,good,bedtime_h_avg3,below,5.5,34,2,0.058823529411764705,0.06944444444444445,-0.05316213138060201,1.0,0.5473684210526316
r1_watch,p05,good,sleep_h_avg3,above,6.5,21,1,0.047619047619047616,0.07058823529411765,-0.06213246582219435,1.0,0.45263157894736844
r1_watch,p06,bad,sleep_h_avg3,below,6.0,49,33,0.673469387755102,0.4020618556701031,0.13172758120395966,0.175,0.016666666666666666
r1_watch,p06,bad,sleep_h_lag1,below,6.0,56,36,0.6428571428571429,0.39325842696629215,0.11867803020702056,0.2,0.0
r1_watch,p06,bad,sleep_eff_lag1,below,98.0,56,35,0.625,0.4044943820224719,0.08955687832242115,0.35,0.05
r1_watch,p06,bad,sleep_eff_avg3,below,98.0,69,41,0.5942028985507246,0.4025974025974026,0.07375933421957148,0.4,0.058333333333333334
r1_watch,p06,bad,bedtime_h_avg3,above,6.5,18,13,0.7222222222222222,0.4609375,0.030331724538054772,0.6333333333333333,0.16666666666666666
r1_watch,p06,bad,lightly_avg3,below,260.0,14,10,0.7142857142857143,0.46564885496183206,-0.012144266686675953,0.8583333333333333,0.21666666666666667
r1_watch,p06,bad,sedentary_avg3,above,660.0,27,17,0.6296296296296297,0.46551724137931033,-0.023228195144847308,0.9083333333333333,0.20833333333333334
r1_watch,p06,bad,steps_avg3,below,10000.0,18,12,0.6666666666666666,0.4645669291338583,-0.0270762356913547,0.9083333333333333,0.225
r1_watch,p06,bad,bedtime_h_lag1,above,6.0,49,27,0.5510204081632653,0.4583333333333333,-0.04518466533655219,0.9583333333333334,0.2916666666666667
r1_watch,p06,bad,mvpa_avg3,below,50.0,37,21,0.5675675675675675,0.46296296296296297,-0.053823899620955795,0.9916666666666667,0.36666666666666664
r1_watch,p06,bad,sedentary_lag1,above,630.0,56,30,0.5357142857142857,0.4772727272727273,-0.07023316070032654,1.0,0.30833333333333335
r1_watch,p06,bad,lightly_lag1,below,320.0,70,36,0.5142857142857142,0.47368421052631576,-0.07414238312371402,1.0,0.39166666666666666
r1_watch,p06,bad,steps_lag1,below,6000.0,12,8,0.6666666666666666,0.47761194029850745,-0.08699435290089358,1.0,0.5583333333333333
r1_watch,p06,bad,rhr_night_avg3,above,50.0,69,34,0.4927536231884058,0.4868421052631579,-0.10851986035212363,1.0,0.6333333333333333
r1_watch,p06,bad,mvpa_lag1,below,70.0,73,36,0.4931506849315068,0.4931506849315068,-0.11144402628459499,1.0,0.6416666666666667
r1_watch,p06,bad,z_cardio_peak_avg3,above,20.0,30,16,0.5333333333333333,0.4782608695652174,-0.11684073674996698,1.0,0.375
r1_watch,p06,bad,rhr_night_lag1,above,50.0,59,27,0.4576271186440678,0.5238095238095238,-0.1867985024070995,1.0,0.7666666666666667
r1_watch,p06,bad,z_cardio_peak_lag1,above,20.0,40,18,0.45,0.5094339622641509,-0.2023832094547039,1.0,0.9
r1_watch,p06,good,sleep_h_lag1,above,6.5,54,19,0.35185185185185186,0.054945054945054944,0.18328326227914524,0.016666666666666666,0.0
r1_watch,p06,good,sleep_h_avg3,above,6.5,49,15,0.30612244897959184,0.08247422680412371,0.11267900812735109,0.15833333333333333,0.0
r1_watch,p06,good,bedtime_h_avg3,below,5.0,18,7,0.3888888888888889,0.125,0.0780499192693116,0.31666666666666665,0.008333333333333333
r1_watch,p06,good,rhr_night_lag1,below,50.0,59,13,0.22033898305084745,0.11904761904761904,0.014493106195618527,0.875,0.18333333333333332
r1_watch,p06,good,bedtime_h_lag1,below,5.5,58,13,0.22413793103448276,0.12643678160919541,0.009498551719520215,0.9,0.15
r1_watch,p06,good,rhr_night_avg3,below,49.0,39,9,0.23076923076923078,0.1320754716981132,-0.005618847410275601,0.9583333333333334,0.25
r1_watch,p06,good,mvpa_lag1,above,80.0,62,9,0.14516129032258066,0.16666666666666666,-0.08837343610319659,1.0,0.875
r1_watch,p06,good,z_cardio_peak_avg3,below,10.0,66,9,0.13636363636363635,0.17721518987341772,-0.1037828164399488,1.0,0.725
r1_watch,p06,good,steps_avg3,above,16000.0,38,5,0.13157894736842105,0.16822429906542055,-0.11068647030810619,1.0,0.9083333333333333
r1_watch,p06,good,steps_lag1,above,16000.0,55,7,0.12727272727272726,0.17582417582417584,-0.11278287164937388,1.0,0.9333333333333333
r1_watch,p06,good,sedentary_avg3,below,570.0,32,4,0.125,0.17117117117117117,-0.12147063272642816,1.0,0.9083333333333333
r1_watch,p06,good,sleep_eff_avg3,above,98.0,59,7,0.11864406779661017,0.1839080459770115,-0.12523296319787147,1.0,0.9083333333333333
r1_watch,p06,good,sedentary_lag1,below,570.0,51,6,0.11764705882352941,0.1827956989247312,-0.12774571128300352,1.0,0.95
r1_watch,p06,good,lightly_avg3,above,400.0,16,2,0.125,0.16279069767441862,-0.12781394833736148,1.0,0.95
r1_watch,p06,good,mvpa_avg3,above,120.0,16,2,0.125,0.16279069767441862,-0.12781394833736148,1.0,0.8916666666666667
r1_watch,p06,good,sleep_eff_lag1,above,98.0,59,7,0.11864406779661017,0.19767441860465115,-0.13899933582551113,1.0,0.9666666666666667
r1_watch,p06,good,lightly_lag1,above,380.0,45,4,0.08888888888888889,0.18811881188118812,-0.15300826374698495,1.0,0.9833333333333333
r1_watch,p07,bad,bedtime_h_avg3,above,6.0,38,14,0.3684210526315789,0.16666666666666666,0.06717346488747128,0.39215686274509803,0.0392156862745098
r1_watch,p07,bad,z_cardio_peak_lag1,above,40.0,59,18,0.3050847457627119,0.14705882352941177,0.0554759112466095,0.5098039215686274,0.029411764705882353
r1_watch,p07,bad,lightly_lag1,below,200.0,19,7,0.3684210526315789,0.19444444444444445,-0.0029517206817060437,0.8823529411764706,0.20588235294117646
r1_watch,p07,bad,sedentary_lag1,above,600.0,50,14,0.28,0.18055555555555555,-0.005815411978751933,0.9019607843137255,0.22549019607843138
r1_watch,p07,bad,sleep_h_avg3,below,6.5,19,7,0.3684210526315789,0.2018348623853211,-0.010342138622582708,0.9313725490196079,0.18627450980392157
r1_watch,p07,bad,bedtime_h_lag1,above,6.5,20,7,0.35,0.21153846153846154,-0.030348913670516925,0.9705882352941176,0.30392156862745096
r1_watch,p07,bad,mvpa_lag1,below,70.0,35,10,0.2857142857142857,0.1956521739130435,-0.032388539930087834,0.9705882352941176,0.27450980392156865
r1_watch,p07,bad,sleep_eff_avg3,below,95.0,34,10,0.29411764705882354,0.20212765957446807,-0.033783133475148525,0.9803921568627451,0.28431372549019607
r1_watch,p07,bad,sleep_h_lag1,below,6.0,13,5,0.38461538461538464,0.21621621621621623,-0.03912175040384805,0.9803921568627451,0.30392156862745096
r1_watch,p07,bad,sleep_eff_lag1,below,95.0,35,10,0.2857142857142857,0.21348314606741572,-0.05021951208446007,0.9901960784313726,0.4019607843137255
r1_watch,p07,bad,steps_lag1,below,9000.0,11,4,0.36363636363636365,0.20689655172413793,-0.05523431558282407,0.9901960784313726,0.5490196078431373
r1_watch,p07,bad,mvpa_avg3,below,70.0,33,9,0.2727272727272727,0.2127659574468085,-0.0620932308835804,0.9901960784313726,0.5294117647058824
r1_watch,p07,bad,lightly_avg3,below,220.0,24,7,0.2916666666666667,0.21359223300970873,-0.06444762966806594,0.9901960784313726,0.5392156862745098
r1_watch,p07,bad,z_cardio_peak_avg3,above,50.0,21,6,0.2857142857142857,0.2169811320754717,-0.0788443746191897,1.0,0.5294117647058824
r1_watch,p07,bad,steps_avg3,below,11000.0,12,4,0.3333333333333333,0.21739130434782608,-0.07927346445046474,1.0,0.6176470588235294
r1_watch,p07,bad,sedentary_avg3,above,600.0,45,10,0.2222222222222222,0.2077922077922078,-0.08234668913215146,1.0,0.5294117647058824
r1_watch,p07,bad,rhr_night_lag1,above,58.0,36,9,0.25,0.22988505747126436,-0.0923818190790105,1.0,0.5098039215686274
r1_watch,p07,bad,rhr_night_avg3,above,59.0,18,5,0.2777777777777778,0.22018348623853212,-0.09518779477497737,1.0,0.6372549019607843
r1_watch,p07,good,sleep_h_lag1,above,8.0,26,14,0.5384615384615384,0.336734693877551,0.017841668166750146,0.7647058823529411,0.058823529411764705
r1_watch,p07,good,z_cardio_peak_lag1,below,30.0,53,24,0.4528301886792453,0.33783783783783783,-0.011264156236363176,0.8921568627450981,0.16666666666666666
r1_watch,p07,good,sleep_h_avg3,above,7.5,30,15,0.5,0.3469387755102041,-0.015400263238466494,0.9019607843137255,0.0392156862745098
r1_watch,p07,good,sleep_eff_avg3,above,96.0,38,18,0.47368421052631576,0.34444444444444444,-0.019656656355028612,0.9215686274509803,0.12745098039215685
r1_watch,p07,good,z_cardio_peak_avg3,below,30.0,42,19,0.4523809523809524,0.35294117647058826,-0.040709538284202984,0.9509803921568627,0.3333333333333333
r1_watch,p07,good,sedentary_lag1,below,570.0,49,20,0.40816326530612246,0.3698630136986301,-0.0877126676389196,1.0,0.5294117647058824
r1_watch,p07,good,mvpa_lag1,above,130.0,20,9,0.45,0.37383177570093457,-0.11563675484384162,1.0,0.6372549019607843
r1_watch,p07,good,mvpa_avg3,above,130.0,12,6,0.5,0.3739130434782609,-0.12013487308483867,1.0,0.696078431372549
r1_watch,p07,good,steps_lag1,above,22000.0,11,5,0.45454545454545453,0.3793103448275862,-0.1666007693877057,1.0,0.8235294117647058
r1_watch,p07,good,rhr_night_lag1,below,58.0,59,20,0.3389830508474576,0.40625,-0.17487516401616507,1.0,0.7843137254901961
r1_watch,p07,good,bedtime_h_avg3,below,5.5,64,22,0.34375,0.421875,-0.1826452496453097,1.0,0.8921568627450981
r1_watch,p07,good,sleep_eff_lag1,above,96.0,38,13,0.34210526315789475,0.3953488372093023,-0.18322663694471275,1.0,0.7549019607843137
r1_watch,p07,good,lightly_avg3,above,280.0,26,9,0.34615384615384615,0.39603960396039606,-0.20191945423187477,1.0,0.9019607843137255
r1_watch,p07,good,bedtime_h_lag1,below,4.0,10,4,0.4,0.37719298245614036,-0.20901540125263068,1.0,0.8725490196078431
r1_watch,p07,good,lightly_lag1,above,260.0,56,17,0.30357142857142855,0.4507042253521127,-0.25170257914435346,1.0,0.9901960784313726
r1_watch,p07,good,steps_avg3,above,18000.0,41,12,0.2926829268292683,0.43023255813953487,-0.25414238180894605,1.0,0.9803921568627451
r1_watch,p07,good,rhr_night_avg3,below,56.0,24,7,0.2916666666666667,0.4077669902912621,-0.25862238694961937,1.0,0.9215686274509803
r1_watch,p07,good,sedentary_avg3,below,540.0,27,7,0.25925925925925924,0.43157894736842106,-0.29987686313975326,1.0,1.0
r1_watch,p08,bad,sleep_h_avg3,below,7.0,26,13,0.5,0.22058823529411764,0.10001482785590315,0.34782608695652173,0.014492753623188406
r1_watch,p08,bad,sleep_h_lag1,below,7.0,31,14,0.45161290322580644,0.2222222222222222,0.06939260614363885,0.5217391304347826,0.014492753623188406
r1_watch,p08,bad,lightly_avg3,below,220.0,43,17,0.3953488372093023,0.20833333333333334,0.05531772865123066,0.5507246376811594,0.014492753623188406
r1_watch,p08,bad,mvpa_lag1,below,100.0,36,14,0.3888888888888889,0.2413793103448276,0.006467243833401859,0.855072463768116,0.08695652173913043
r1_watch,p08,bad,bedtime_h_lag1,above,7.0,12,6,0.5,0.2682926829268293,-0.014514512533407076,0.9565217391304348,0.2608695652173913
r1_watch,p08,bad,sleep_eff_avg3,below,94.0,38,14,0.3684210526315789,0.25,-0.016159868445862063,0.9565217391304348,0.2463768115942029
r1_watch,p08,bad,steps_avg3,below,17000.0,44,15,0.3409090909090909,0.2553191489361702,-0.03656282264977076,0.9710144927536232,0.2753623188405797
r1_watch,p08,bad,steps_lag1,below,10000.0,10,5,0.5,0.27380952380952384,-0.03721993019403655,0.9855072463768116,0.3333333333333333
r1_watch,p08,bad,z_cardio_peak_lag1,above,60.0,13,6,0.46153846153846156,0.2716049382716049,-0.039547395256723544,0.9855072463768116,0.3188405797101449
r1_watch,p08,bad,sleep_eff_lag1,below,94.0,37,13,0.35135135135135137,0.2631578947368421,-0.044903828425833375,0.9855072463768116,0.3333333333333333
r1_watch,p08,bad,rhr_night_avg3,above,58.0,11,5,0.45454545454545453,0.27710843373493976,-0.06439885829505929,1.0,0.4057971014492754
r1_watch,p08,bad,lightly_lag1,below,160.0,11,5,0.45454545454545453,0.27710843373493976,-0.06439885829505929,1.0,0.36231884057971014
r1_watch,p08,bad,mvpa_avg3,below,110.0,32,11,0.34375,0.2711864406779661,-0.0670841071346806,1.0,0.2898550724637681
r1_watch,p08,bad,rhr_night_lag1,above,56.0,22,8,0.36363636363636365,0.2777777777777778,-0.08044805005169883,1.0,0.391304347826087
r1_watch,p08,bad,sedentary_avg3,above,600.0,28,9,0.32142857142857145,0.2833333333333333,-0.10400285789912592,1.0,0.3333333333333333
r1_watch,p08,bad,sedentary_lag1,above,630.0,22,7,0.3181818181818182,0.3076923076923077,-0.14408843414538294,1.0,0.6956521739130435
r1_watch,p08,bad,bedtime_h_avg3,above,6.0,30,8,0.26666666666666666,0.3125,-0.17067504446089382,1.0,0.7681159420289855
r1_watch,p08,bad,z_cardio_peak_avg3,above,40.0,29,7,0.2413793103448276,0.3225806451612903,-0.200397963310669,1.0,0.8695652173913043
r1_watch,p08,good,sleep_eff_lag1,above,94.0,42,26,0.6190476190476191,0.40384615384615385,0.06429152835380991,0.42028985507246375,0.07246376811594203
r1_watch,p08,good,sleep_h_lag1,above,7.5,31,20,0.6451612903225806,0.42857142857142855,0.040904951856720384,0.5652173913043478,0.028985507246376812
r1_watch,p08,good,mvpa_lag1,above,120.0,42,23,0.5476190476190477,0.4423076923076923,-0.042819064836465304,0.9855072463768116,0.30434782608695654
r1_watch,p08,good,z_cardio_peak_avg3,below,20.0,19,12,0.631578947368421,0.4722222222222222,-0.06183064724065507,1.0,0.2608695652173913
r1_watch,p08,good,sleep_h_avg3,above,8.0,10,7,0.7,0.47619047619047616,-0.07941725621091095,1.0,0.34782608695652173
r1_watch,p08,good,mvpa_avg3,above,150.0,20,12,0.6,0.4788732394366197,-0.09229529712141366,1.0,0.4492753623188406
r1_watch,p08,good,steps_lag1,above,17000.0,47,24,0.5106382978723404,0.46808510638297873,-0.0956629304892499,1.0,0.4492753623188406
r1_watch,p08,good,z_cardio_peak_lag1,below,30.0,44,22,0.5,0.48,-0.12168478904068525,1.0,0.5942028985507246
r1_watch,p08,good,rhr_night_lag1,below,53.0,15,9,0.6,0.4810126582278481,-0.1235482306627711,1.0,0.5072463768115942
r1_watch,p08,good,lightly_avg3,above,240.0,32,17,0.53125,0.4915254237288136,-0.1270330444030754,1.0,0.463768115942029
r1_watch,p08,good,sedentary_avg3,below,570.0,37,19,0.5135135135135135,0.49019607843137253,-0.1312497061715634,1.0,0.5942028985507246
r1_watch,p08,good,bedtime_h_avg3,below,5.5,27,14,0.5185185185185185,0.4925373134328358,-0.15268406757073155,1.0,0.4492753623188406
r1_watch,p08,good,lightly_lag1,above,240.0,37,18,0.4864864864864865,0.49122807017543857,-0.1567665369033282,1.0,0.5652173913043478
r1_watch,p08,good,sleep_eff_avg3,above,95.0,14,8,0.5714285714285714,0.4875,-0.16159733097130646,1.0,0.7101449275362319
r1_watch,p08,good,steps_avg3,above,18000.0,40,19,0.475,0.5294117647058824,-0.20005946920406542,1.0,0.855072463768116
r1_watch,p08,good,bedtime_h_lag1,below,5.5,37,17,0.4594594594594595,0.5263157894736842,-0.2159325111891069,1.0,0.7681159420289855
r1_watch,p08,good,sedentary_lag1,below,510.0,20,9,0.45,0.4925373134328358,-0.23434229257574285,1.0,0.9130434782608695
r1_watch,p08,good,rhr_night_avg3,below,54.0,28,12,0.42857142857142855,0.5303030303030303,-0.26522006849571805,1.0,0.8840579710144928
r1_watch,p09,bad,sedentary_avg3,above,750.0,33,11,0.3333333333333333,0.05555555555555555,0.14194473912248146,0.041666666666666664,0.013888888888888888
r1_watch,p09,bad,sleep_h_lag1,below,5.5,19,9,0.47368421052631576,0.14666666666666667,0.12662838820781874,0.1111111111111111,0.0
r1_watch,p09,bad,sedentary_lag1,above,780.0,26,8,0.3076923076923077,0.12195121951219512,0.04305998988573159,0.6388888888888888,0.06944444444444445
r1_watch,p09,bad,sleep_eff_lag1,below,93.0,41,11,0.2682926829268293,0.16981132075471697,-0.01286326794135012,0.9861111111111112,0.2222222222222222
r1_watch,p09,bad,lightly_lag1,below,120.0,20,7,0.35,0.20967741935483872,-0.028487871486894106,1.0,0.18055555555555555
r1_watch,p09,bad,lightly_avg3,below,140.0,34,10,0.29411764705882354,0.2037037037037037,-0.035359177604384145,1.0,0.20833333333333334
r1_watch,p09,bad,mvpa_avg3,below,20.0,35,10,0.2857142857142857,0.20754716981132076,-0.04428353582836511,1.0,0.2638888888888889
r1_watch,p09,bad,steps_lag1,below,4000.0,18,6,0.3333333333333333,0.21875,-0.05596445636337144,1.0,0.2222222222222222
r1_watch,p09,bad,mvpa_lag1,below,10.0,23,7,0.30434782608695654,0.22033898305084745,-0.06430070284112288,1.0,0.16666666666666666
r1_watch,p09,bad,steps_avg3,below,5000.0,29,8,0.27586206896551724,0.22033898305084745,-0.07335316966582006,1.0,0.3611111111111111
r1_watch,p09,bad,bedtime_h_lag1,above,8.5,39,9,0.23076923076923078,0.2,-0.0735433757121624,1.0,0.5416666666666666
r1_watch,p09,bad,sleep_h_avg3,below,6.5,29,7,0.2413793103448276,0.21212121212121213,-0.0899385302705908,1.0,0.5694444444444444
r1_watch,p09,bad,sleep_eff_avg3,below,90.0,12,3,0.25,0.21686746987951808,-0.1279274302505567,1.0,0.8472222222222222
r1_watch,p09,bad,bedtime_h_avg3,above,10.0,13,3,0.23076923076923078,0.21951219512195122,-0.1377184041972941,1.0,0.7916666666666666
r1_watch,p09,bad,rhr_night_avg3,above,63.0,25,4,0.16,0.25,-0.1859665239142201,1.0,0.9583333333333334
r1_watch,p09,bad,rhr_night_lag1,above,61.0,37,5,0.13513513513513514,0.2545454545454545,-0.19541338192037827,1.0,0.9861111111111112
r1_watch,p09,bad,z_cardio_peak_avg3,above,0.0,36,5,0.1388888888888889,0.3076923076923077,-0.24687505406115673,1.0,0.9583333333333334
r1_watch,p09,bad,z_cardio_peak_lag1,above,0.0,17,1,0.058823529411764705,0.2923076923076923,-0.2818475616625281,1.0,0.9583333333333334
r1_watch,p09,good,sleep_eff_avg3,above,93.0,44,20,0.45454545454545453,0.21568627450980393,0.10136380335873219,0.2916666666666667,0.027777777777777776
r1_watch,p09,good,lightly_avg3,above,160.0,41,18,0.43902439024390244,0.2127659574468085,0.08613309027428981,0.375,0.027777777777777776
r1_watch,p09,good,lightly_lag1,above,180.0,29,13,0.4482758620689655,0.24528301886792453,0.03884609261953337,0.6527777777777778,0.08333333333333333
r1_watch,p09,good,mvpa_lag1,above,20.0,40,16,0.4,0.23809523809523808,0.025385868028775516,0.6666666666666666,0.08333333333333333
r1_watch,p09,good,steps_lag1,above,7000.0,34,14,0.4117647058823529,0.25,0.013657377856888586,0.8055555555555556,0.08333333333333333
r1_watch,p09,good,sleep_h_lag1,above,7.5,34,15,0.4411764705882353,0.2833333333333333,0.00549906881963419,0.8472222222222222,0.18055555555555555
r1_watch,p09,good,rhr_night_avg3,below,60.0,35,14,0.4,0.27586206896551724,-0.020357019632444795,0.9166666666666666,0.18055555555555555
r1_watch,p09,good,steps_avg3,above,7000.0,36,14,0.3888888888888889,0.2692307692307692,-0.021384215052539762,0.9305555555555556,0.19444444444444445
r1_watch,p09,good,sleep_eff_lag1,above,94.0,34,14,0.4117647058823529,0.3,-0.0363426221431114,0.9444444444444444,0.18055555555555555
r1_watch,p09,good,mvpa_avg3,above,30.0,38,14,0.3684210526315789,0.28,-0.04615986844586209,1.0,0.25
r1_watch,p09,good,sleep_h_avg3,above,8.0,19,8,0.42105263157894735,0.3026315789473684,-0.07121537502706463,1.0,0.4166666666666667
r1_watch,p09,good,rhr_night_lag1,below,60.0,30,12,0.4,0.3225806451612903,-0.07667670190045633,1.0,0.3888888888888889
r1_watch,p09,good,bedtime_h_lag1,below,6.5,14,6,0.42857142857142855,0.325,-0.11119490069599475,1.0,0.7083333333333334
r1_watch,p09,good,sedentary_lag1,below,630.0,17,7,0.4117647058823529,0.34,-0.1238921396086862,1.0,0.6666666666666666
r1_watch,p09,good,bedtime_h_avg3,below,8.0,44,14,0.3181818181818182,0.3333333333333333,-0.13334203401659767,1.0,0.7638888888888888
r1_watch,p09,good,sedentary_avg3,below,660.0,16,6,0.375,0.32075471698113206,-0.13594489143360403,1.0,0.5555555555555556
r1_watch,p10,bad,sleep_h_lag1,below,7.0,23,13,0.5652173913043478,0.19298245614035087,0.17512803690981876,0.03278688524590164,0.0
r1_watch,p10,bad,sleep_eff_lag1,below,91.0,24,13,0.5416666666666666,0.19642857142857142,0.15431696410249487,0.04918032786885246,0.0
r1_watch,p10,bad,lightly_avg3,below,260.0,36,14,0.3888888888888889,0.20833333333333334,0.03951322084489611,0.5081967213114754,0.09836065573770492
r1_watch,p10,bad,sedentary_avg3,above,630.0,26,10,0.38461538461538464,0.23529411764705882,-0.011010522528714567,0.8852459016393442,0.16393442622950818
r1_watch,p10,bad,sleep_h_avg3,below,7.0,19,8,0.42105263157894735,0.24615384615384617,-0.014737642233542375,0.8852459016393442,0.09836065573770492
r1_watch,p10,bad,steps_lag1,below,12000.0,42,14,0.3333333333333333,0.23809523809523808,-0.027972430475514898,0.9180327868852459,0.2786885245901639
r1_watch,p10,bad,sedentary_lag1,above,630.0,29,11,0.3793103448275862,0.2608695652173913,-0.033991607908717886,0.9672131147540983,0.19672131147540983
r1_watch,p10,bad,sleep_eff_avg3,below,91.0,30,10,0.3333333333333333,0.25925925925925924,-0.0669563039907973,1.0,0.47540983606557374
r1_watch,p10,bad,mvpa_avg3,below,50.0,35,11,0.3142857142857143,0.2653061224489796,-0.07979954185115504,1.0,0.47540983606557374
r1_watch,p10,bad,bedtime_h_lag1,above,7.0,16,6,0.375,0.28125,-0.09644017445247197,1.0,0.5081967213114754
r1_watch,p10,bad,rhr_night_lag1,above,68.0,31,10,0.3225806451612903,0.2857142857142857,-0.10002197824115536,1.0,0.5573770491803278
r1_watch,p10,bad,rhr_night_avg3,above,68.0,41,12,0.2926829268292683,0.27906976744186046,-0.10297959111127164,1.0,0.5901639344262295
r1_watch,p10,bad,z_cardio_peak_lag1,above,30.0,11,4,0.36363636363636365,0.273972602739726,-0.12231036659841216,1.0,0.5573770491803278
r1_watch,p10,bad,z_cardio_peak_avg3,above,20.0,15,5,0.3333333333333333,0.2753623188405797,-0.12360131189366735,1.0,0.5901639344262295
r1_watch,p10,bad,lightly_lag1,below,260.0,36,10,0.2777777777777778,0.2916666666666667,-0.13318496640852873,1.0,0.639344262295082
r1_watch,p10,bad,steps_avg3,below,12000.0,38,10,0.2631578947368421,0.30434782608695654,-0.15463320218994356,1.0,0.8360655737704918
r1_watch,p10,bad,mvpa_lag1,below,40.0,36,9,0.25,0.3125,-0.17499676160774613,1.0,0.8688524590163934
r1_watch,p10,bad,bedtime_h_avg3,above,6.5,27,6,0.2222222222222222,0.3157894736842105,-0.20971851879012096,1.0,0.9180327868852459
r1_watch,p10,good,lightly_avg3,above,340.0,10,10,1.0,0.4189189189189189,0.3035409123144645,0.0,0.0
r1_watch,p10,good,lightly_lag1,above,320.0,21,17,0.8095238095238095,0.38095238095238093,0.2190377536548861,0.0,0.0
r1_watch,p10,good,sleep_h_lag1,above,7.5,40,24,0.6,0.375,0.07095619827393507,0.3114754098360656,0.03278688524590164
r1_watch,p10,good,steps_lag1,above,12000.0,42,24,0.5714285714285714,0.40476190476190477,0.017297874356839937,0.4918032786885246,0.09836065573770492
r1_watch,p10,good,sedentary_avg3,below,600.0,36,21,0.5833333333333334,0.4146341463414634,0.007365550301313417,0.5901639344262295,0.11475409836065574
r1_watch,p10,good,sleep_h_avg3,above,7.5,34,20,0.5882352941176471,0.42,0.0022130414651927444,0.639344262295082,0.04918032786885246
r1_watch,p10,good,sedentary_lag1,below,480.0,11,8,0.7272727272727273,0.453125,-0.01877529301024622,0.7540983606557377,0.11475409836065574
r1_watch,p10,good,sleep_eff_lag1,above,92.0,31,18,0.5806451612903226,0.42857142857142855,-0.020911785051218823,0.7868852459016393,0.13114754098360656
r1_watch,p10,good,sleep_eff_avg3,above,92.0,31,18,0.5806451612903226,0.4339622641509434,-0.026302620630733686,0.7868852459016393,0.19672131147540983
r1_watch,p10,good,bedtime_h_lag1,below,5.5,15,10,0.6666666666666666,0.4461538461538462,-0.02902259464171636,0.8032786885245902,0.16393442622950818
r1_watch,p10,good,z_cardio_peak_avg3,below,10.0,40,22,0.55,0.4318181818181818,-0.03352988293377401,0.8688524590163934,0.19672131147540983
r1_watch,p10,good,rhr_night_avg3,below,67.0,26,15,0.5769230769230769,0.4482758620689655,-0.05879289285776723,0.9672131147540983,0.4262295081967213
r1_watch,p10,good,rhr_night_lag1,below,67.0,21,12,0.5714285714285714,0.4576271186440678,-0.09216495567374328,0.9836065573770492,0.5081967213114754
r1_watch,p10,good,mvpa_lag1,above,60.0,34,16,0.47058823529411764,0.5,-0.18548748366888634,1.0,0.8360655737704918
r1_watch,p10,good,steps_avg3,above,14000.0,26,12,0.46153846153846156,0.5,-0.21244417304765095,1.0,0.8360655737704918
r1_watch,p10,good,mvpa_avg3,above,70.0,27,10,0.37037037037037035,0.543859649122807,-0.3285367784434385,1.0,0.9836065573770492
r1_watch,p10,good,bedtime_h_avg3,below,6.0,23,8,0.34782608695652173,0.5409836065573771,-0.3528730601875547,1.0,0.9836065573770492
r1_watch,p11,bad,sedentary_lag1,above,720.0,15,8,0.5333333333333333,0.25842696629213485,0.04273933521837303,0.5189873417721519,0.02531645569620253
r1_watch,p11,bad,sleep_eff_lag1,below,96.0,26,12,0.46153846153846156,0.25,0.03755582695234905,0.5569620253164557,0.06329113924050633
r1_watch,p11,bad,bedtime_h_lag1,above,6.0,33,13,0.3939393939393939,0.2602739726027397,-0.013445150287657665,0.9240506329113924,0.22784810126582278
r1_watch,p11,bad,lightly_avg3,below,300.0,51,18,0.35294117647058826,0.25925925925925924,-0.022916205446661397,0.9493670886075949,0.24050632911392406
r1_watch,p11,bad,rhr_night_lag1,above,65.0,21,9,0.42857142857142855,0.27058823529411763,-0.02589124042890717,0.9620253164556962,0.13924050632911392
r1_watch,p11,bad,lightly_lag1,below,200.0,18,8,0.4444444444444444,0.2727272727272727,-0.027134961713381478,0.9620253164556962,0.17721518987341772
r1_watch,p11,bad,steps_lag1,below,11000.0,52,18,0.34615384615384615,0.25925925925925924,-0.0277509785198731,0.9620253164556962,0.35443037974683544
r1_watch,p11,bad,steps_avg3,below,12000.0,52,18,0.34615384615384615,0.2641509433962264,-0.032642662656840266,0.9746835443037974,0.35443037974683544
r1_watch,p11,bad,mvpa_avg3,below,50.0,38,14,0.3684210526315789,0.26865671641791045,-0.03481658486377251,0.9746835443037974,0.35443037974683544
r1_watch,p11,bad,mvpa_lag1,below,20.0,22,9,0.4090909090909091,0.27380952380952384,-0.04125392712132006,0.9746835443037974,0.43037974683544306
r1_watch,p11,bad,sleep_h_lag1,below,7.0,50,17,0.34,0.26785714285714285,-0.04348944650653225,0.9746835443037974,0.16455696202531644
r1_watch,p11,bad,rhr_night_avg3,above,64.0,43,15,0.3488372093023256,0.27419354838709675,-0.05000956089746572,0.9873417721518988,0.3037974683544304
r1_watch,p11,bad,z_cardio_peak_lag1,above,0.0,53,17,0.32075471698113206,0.2830188679245283,-0.07209842203112526,1.0,0.5822784810126582
r1_watch,p11,bad,sleep_eff_avg3,below,96.0,29,10,0.3448275862068966,0.2894736842105263,-0.0900685967186215,1.0,0.45569620253164556
r1_watch,p11,bad,sleep_h_avg3,below,7.0,44,14,0.3181818181818182,0.29508196721311475,-0.0950906678963791,1.0,0.45569620253164556
r1_watch,p11,bad,sedentary_avg3,above,660.0,24,8,0.3333333333333333,0.2875,-0.10778021311620353,1.0,0.5189873417721519
r1_watch,p11,bad,bedtime_h_avg3,above,5.5,47,13,0.2765957446808511,0.3275862068965517,-0.15822214698502238,1.0,0.7974683544303798
r1_watch,p11,bad,z_cardio_peak_avg3,above,10.0,37,9,0.24324324324324326,0.3382352941176471,-0.204623259791014,1.0,0.7848101265822784
r1_watch,p14,bad,sedentary_avg3,above,690.0,17,9,0.5294117647058824,0.25862068965517243,0.05100828346032249,0.825,0.075
r1_watch,p14,bad,lightly_avg3,below,120.0,12,8,0.6666666666666666,0.3780487804878049,0.012568806909808994,0.9,0.0375
r1_watch,p14,bad,mvpa_lag1,below,50.0,32,17,0.53125,0.359375,0.005117379325738192,0.9125,0.1125
r1_watch,p14,bad,steps_lag1,below,8000.0,19,11,0.5789473684210527,0.37662337662337664,-0.01386786197177553,0.9625,0.1875
r1_watch,p14,bad,lightly_lag1,below,140.0,31,16,0.5161290322580645,0.36923076923076925,-0.020829586361037544,0.975,0.0625
r1_watch,p14,bad,steps_avg3,below,9000.0,15,9,0.6,0.379746835443038,-0.022282407877960986,0.975,0.2625
r1_watch,p14,bad,sedentary_lag1,above,660.0,34,15,0.4411764705882353,0.3170731707317073,-0.028240768578739806,0.975,0.25
r1_watch,p14,bad,mvpa_avg3,below,50.0,22,12,0.5454545454545454,0.375,-0.02840526710958441,0.975,0.2375
r1_watch,p14,bad,sleep_h_lag1,below,7.5,49,23,0.46938775510204084,0.38461538461538464,-0.04758256563643687,0.975,0.2125
r1_watch,p14,bad,sleep_h_avg3,below,7.0,33,16,0.48484848484848486,0.37681159420289856,-0.05177377773365632,0.9875,0.2875
r1_watch,p14,bad,z_cardio_peak_lag1,above,40.0,12,7,0.5833333333333334,0.39285714285714285,-0.07334980720177003,0.9875,0.375
r1_watch,p14,bad,sleep_eff_avg3,below,89.0,11,6,0.5454545454545454,0.3956043956043956,-0.11551663991440736,1.0,0.7625
r1_watch,p14,bad,z_cardio_peak_avg3,above,30.0,12,6,0.5,0.4024390243902439,-0.14866085399682172,1.0,0.4875
r1_watch,p14,bad,sleep_eff_lag1,below,89.0,17,8,0.47058823529411764,0.4166666666666667,-0.15501865470578563,1.0,0.9
r1_watch,p14,bad,bedtime_h_avg3,above,4.5,23,9,0.391304347826087,0.4177215189873418,-0.19614773916352032,1.0,0.8375
r1_watch,p14,bad,bedtime_h_lag1,above,4.5,25,9,0.36,0.4473684210526316,-0.24489185673527522,1.0,0.9125
r1_watch,p14,bad,rhr_night_lag1,above,66.0,24,8,0.3333333333333333,0.4533333333333333,-0.27361354644953684,1.0,0.8875
r1_watch,p14,bad,rhr_night_avg3,above,65.0,39,11,0.28205128205128205,0.5081967213114754,-0.3427634711720425,1.0,0.9625
r1_watch,p14,good,z_cardio_peak_avg3,below,10.0,35,13,0.37142857142857144,0.1016949152542373,0.12996115843467332,0.35,0.0
r1_watch,p14,good,lightly_lag1,above,180.0,21,8,0.38095238095238093,0.14666666666666667,0.060841011313158416,0.7,0.025
r1_watch,p14,good,sedentary_avg3,below,600.0,22,8,0.36363636363636365,0.18867924528301888,0.008650482443060076,0.9375,0.15
r1_watch,p14,good,sleep_eff_lag1,above,93.0,45,11,0.24444444444444444,0.14285714285714285,-0.0005037926020499961,0.9375,0.2625
r1_watch,p14,good,sleep_eff_avg3,above,95.0,17,6,0.35294117647058826,0.17647058823529413,-0.003375726796245093,0.9375,0.275
r1_watch,p14,good,lightly_avg3,above,160.0,43,11,0.2558139534883721,0.1568627450980392,-0.007569086327383789,0.9875,0.2125
r1_watch,p14,good,sedentary_lag1,below,600.0,29,8,0.27586206896551724,0.17391304347826086,-0.026927230093233473,1.0,0.275
r1_watch,p14,good,mvpa_lag1,above,140.0,12,4,0.3333333333333333,0.17857142857142858,-0.04045358867406723,1.0,0.4
r1_watch,p14,good,mvpa_avg3,above,120.0,12,3,0.25,0.1951219512195122,-0.10618191159055083,1.0,0.7125
r1_watch,p14,good,steps_lag1,above,12000.0,45,8,0.17777777777777778,0.21568627450980393,-0.12274348525126563,1.0,0.875
r1_watch,p14,good,sleep_h_lag1,above,8.0,39,6,0.15384615384615385,0.20967741935483872,-0.13720368090432405,1.0,0.8375
r1_watch,p14,good,steps_avg3,above,19000.0,10,2,0.2,0.20238095238095238,-0.14570000440025907,1.0,0.9
r1_watch,p14,good,rhr_night_avg3,below,63.0,35,5,0.14285714285714285,0.24615384615384617,-0.18355245810531118,1.0,0.825
r1_watch,p14,good,rhr_night_lag1,below,64.0,43,5,0.11627906976744186,0.25,-0.19929647005137915,1.0,0.875
r1_watch,p14,good,bedtime_h_lag1,below,2.5,16,1,0.0625,0.21176470588235294,-0.20064564857402173,1.0,0.975
r1_watch,p14,good,bedtime_h_avg3,below,2.5,14,1,0.07142857142857142,0.22727272727272727,-0.21455084116043563,1.0,0.9625
r1_watch,p14,good,sleep_h_avg3,above,8.0,32,3,0.09375,0.2571428571428571,-0.2247418945165376,1.0,1.0
r1_watch,p15,bad,z_cardio_peak_lag1,above,70.0,22,14,0.6363636363636364,0.4,0.029513493437180405,0.5909090909090909,0.13636363636363635
r1_watch,p15,bad,sleep_h_lag1,below,7.5,43,23,0.5348837209302325,0.38,0.009153897288727786,0.7878787878787878,0.16666666666666666
r1_watch,p15,bad,bedtime_h_lag1,above,5.5,28,15,0.5357142857142857,0.4153846153846154,-0.057260663963598746,0.9696969696969697,0.16666666666666666
r1_watch,p15,bad,rhr_night_avg3,above,54.0,33,17,0.5151515151515151,0.4166666666666667,-0.06448562080456421,0.9848484848484849,0.16666666666666666
r1_watch,p15,bad,sleep_h_avg3,below,7.0,13,8,0.6153846153846154,0.425,-0.06977519027731449,1.0,0.30303030303030304
r1_watch,p15,bad,mvpa_lag1,below,120.0,46,22,0.4782608695652174,0.43478260869565216,-0.09353800993893102,1.0,0.42424242424242425
r1_watch,p15,bad,z_cardio_peak_avg3,above,50.0,35,17,0.4857142857142857,0.43103448275862066,-0.1010946788460933,1.0,0.45454545454545453
r1_watch,p15,bad,bedtime_h_avg3,above,6.0,12,7,0.5833333333333334,0.43209876543209874,-0.11259142977672593,1.0,0.4090909090909091
r1_watch,p15,bad,sedentary_lag1,above,630.0,33,16,0.48484848484848486,0.4423076923076923,-0.11726987583845006,1.0,0.3787878787878788
r1_watch,p15,bad,sleep_eff_lag1,below,96.0,29,14,0.4827586206896552,0.4375,-0.12364180669204777,1.0,0.48484848484848486
r1_watch,p15,bad,rhr_night_lag1,above,54.0,29,13,0.4482758620689655,0.453125,-0.1689958885125421,1.0,0.5
r1_watch,p15,bad,steps_avg3,below,13000.0,32,14,0.4375,0.45901639344262296,-0.1773655337481912,1.0,0.7272727272727273
r1_watch,p15,bad,sleep_eff_avg3,below,96.0,42,18,0.42857142857142855,0.47058823529411764,-0.17941394010263545,1.0,0.6515151515151515
r1_watch,p15,bad,steps_lag1,below,13000.0,38,16,0.42105263157894735,0.48148148148148145,-0.20295873336328618,1.0,0.8181818181818182
r1_watch,p15,bad,lightly_lag1,below,160.0,21,9,0.42857142857142855,0.4647887323943662,-0.22009173752915573,1.0,0.7878787878787878
r1_watch,p15,bad,mvpa_avg3,below,90.0,22,9,0.4090909090909091,0.4647887323943662,-0.2322331357061624,1.0,0.9090909090909091
r1_watch,p15,bad,sedentary_avg3,above,630.0,36,14,0.3888888888888889,0.49122807017543857,-0.2433815159972091,1.0,0.9242424242424242
r1_watch,p15,bad,lightly_avg3,below,180.0,26,9,0.34615384615384615,0.4925373134328358,-0.2984171637043145,1.0,0.9393939393939394
r1_watch,p15,good,z_cardio_peak_avg3,below,20.0,19,10,0.5263157894736842,0.32432432432432434,-0.007249499206073207,0.9242424242424242,0.25757575757575757
r1_watch,p15,good,mvpa_lag1,above,120.0,45,19,0.4222222222222222,0.3191489361702128,-0.0294640563533346,0.9696969696969697,0.25757575757575757
r1_watch,p15,good,z_cardio_peak_lag1,below,10.0,20,10,0.5,0.3333333333333333,-0.03403841890351339,0.9696969696969697,0.2727272727272727
r1_watch,p15,good,bedtime_h_avg3,below,5.0,37,16,0.43243243243243246,0.32142857142857145,-0.03471370302505833,1.0,0.3787878787878788
r1_watch,p15,good,sedentary_lag1,below,600.0,36,16,0.4444444444444444,0.3469387755102041,-0.05152847674477273,1.0,0.3787878787878788
r1_watch,p15,good,sleep_eff_lag1,above,96.0,33,14,0.42424242424242425,0.3333333333333333,-0.0609797433830343,1.0,0.24242424242424243
r1_watch,p15,good,lightly_avg3,above,200.0,35,14,0.4,0.3448275862068966,-0.08932253687382413,1.0,0.3939393939393939
r1_watch,p15,good,sedentary_avg3,below,600.0,37,14,0.3783783783783784,0.35714285714285715,-0.11650498250394686,1.0,0.5454545454545454
r1_watch,p15,good,lightly_lag1,above,220.0,25,10,0.4,0.3582089552238806,-0.1241783785819714,1.0,0.5757575757575758
r1_watch,p15,good,rhr_night_avg3,below,53.0,26,10,0.38461538461538464,0.3582089552238806,-0.13392536010553632,1.0,0.5606060606060606
r1_watch,p15,good,rhr_night_lag1,below,53.0,23,9,0.391304347826087,0.35714285714285715,-0.1355690773190357,1.0,0.6818181818181818
r1_watch,p15,good,steps_lag1,above,16000.0,26,10,0.38461538461538464,0.36363636363636365,-0.1393527685180194,1.0,0.7424242424242424
r1_watch,p15,good,sleep_h_avg3,above,8.0,18,7,0.3888888888888889,0.36,-0.1569500807306884,1.0,0.5
r1_watch,p15,good,sleep_h_lag1,above,8.0,34,12,0.35294117647058826,0.3728813559322034,-0.1580042069792427,1.0,0.7121212121212122
r1_watch,p15,good,bedtime_h_lag1,below,5.0,41,14,0.34146341463414637,0.38461538461538464,-0.16902921094895001,1.0,0.8181818181818182
r1_watch,p15,good,sleep_eff_avg3,above,96.0,38,13,0.34210526315789475,0.38181818181818183,-0.16969598155359228,1.0,0.7575757575757576
r1_watch,p15,good,mvpa_avg3,above,120.0,37,12,0.32432432432432434,0.39285714285714285,-0.19652636464898804,1.0,0.8787878787878788
r1_watch,p15,good,steps_avg3,above,14000.0,37,11,0.2972972972972973,0.4107142857142857,-0.2358212622502037,1.0,0.9696969696969697
r1_watch,p16,bad,sleep_h_lag1,below,5.5,10,10,1.0,0.22535211267605634,0.49710771855732705,0.0,0.0
r1_watch,p16,bad,bedtime_h_lag1,above,14.0,15,10,0.6666666666666666,0.24242424242424243,0.1747070090878874,0.01818181818181818,0.0
r1_watch,p16,bad,sleep_eff_lag1,below,90.0,18,11,0.6111111111111112,0.23809523809523808,0.1480914477113236,0.07272727272727272,0.01818181818181818
r1_watch,p16,bad,bedtime_h_avg3,above,13.0,27,14,0.5185185185185185,0.22641509433962265,0.1134381515224816,0.10909090909090909,0.0
r1_watch,p16,bad,sleep_h_avg3,below,6.5,33,16,0.48484848484848486,0.2127659574468085,0.11227185902243372,0.10909090909090909,0.01818181818181818
r1_watch,p16,bad,sedentary_lag1,above,900.0,29,13,0.4482758620689655,0.2222222222222222,0.06190688926523569,0.2545454545454545,0.0
r1_watch,p16,bad,lightly_lag1,below,80.0,33,14,0.42424242424242425,0.26666666666666666,0.00568692328363235,0.6545454545454545,0.10909090909090909
r1_watch,p16,bad,steps_lag1,below,1000.0,24,11,0.4583333333333333,0.2777777777777778,0.0011328057390365132,0.6727272727272727,0.07272727272727272
r1_watch,p16,bad,lightly_avg3,below,80.0,31,13,0.41935483870967744,0.27450980392156865,-0.010356773186076085,0.7636363636363637,0.10909090909090909
r1_watch,p16,bad,sedentary_avg3,above,900.0,23,10,0.43478260869565216,0.2692307692307692,-0.01288708590878268,0.8,0.12727272727272726
r1_watch,p16,bad,sleep_eff_avg3,below,92.0,32,13,0.40625,0.2708333333333333,-0.01563930853019535,0.8,0.18181818181818182
r1_watch,p16,bad,rhr_night_lag1,above,67.0,23,10,0.43478260869565216,0.27586206896551724,-0.0195183856435307,0.8181818181818182,0.10909090909090909
r1_watch,p16,bad,rhr_night_avg3,above,67.0,26,10,0.38461538461538464,0.2962962962962963,-0.07201270117795203,0.9818181818181818,0.2909090909090909
r1_watch,p16,bad,z_cardio_peak_avg3,above,0.0,19,4,0.21052631578947367,0.36507936507936506,-0.2800039801634493,1.0,0.9636363636363636
r1_watch,p16,good,steps_avg3,above,3000.0,14,9,0.6428571428571429,0.23529411764705882,0.1523459291743453,0.01818181818181818,0.0
r1_watch,p16,good,sedentary_lag1,below,870.0,28,13,0.4642857142857143,0.21621621621621623,0.07909682118037958,0.2,0.01818181818181818
r1_watch,p16,good,steps_lag1,above,2000.0,27,12,0.4444444444444444,0.21568627450980393,0.060169702190924323,0.2545454545454545,0.05454545454545454
r1_watch,p16,good,lightly_lag1,above,100.0,21,10,0.47619047619047616,0.22807017543859648,0.055366947529032984,0.2545454545454545,0.03636363636363636
r1_watch,p16,good,sleep_eff_lag1,above,93.0,22,10,0.45454545454545453,0.2542372881355932,0.014962856184455253,0.6,0.14545454545454545
r1_watch,p16,good,bedtime_h_avg3,below,12.0,33,13,0.3939393939393939,0.23404255319148937,0.01278626912359268,0.6,0.05454545454545454
r1_watch,p16,good,sleep_h_lag1,above,7.0,29,12,0.41379310344827586,0.25,0.005129352796455211,0.6727272727272727,0.07272727272727272
r1_watch,p16,good,mvpa_avg3,above,10.0,14,7,0.5,0.2647058823529412,0.003282796841811597,0.6909090909090909,0.05454545454545454
r1_watch,p16,good,sedentary_avg3,below,870.0,34,13,0.38235294117647056,0.24390243902439024,-0.004902790508302418,0.7090909090909091,0.12727272727272726
r1_watch,p16,good,mvpa_lag1,above,0.0,22,9,0.4090909090909091,0.25,-0.017444403311796225,0.7818181818181819,0.10909090909090909
r1_watch,p16,good,lightly_avg3,above,100.0,21,9,0.42857142857142855,0.26229508196721313,-0.01759808710200267,0.7818181818181819,0.09090909090909091
r1_watch,p16,good,sleep_h_avg3,above,7.0,26,10,0.38461538461538464,0.25925925925925924,-0.03497566414091499,0.8909090909090909,0.10909090909090909
r1_watch,p16,good,bedtime_h_lag1,below,9.5,11,5,0.45454545454545453,0.2857142857142857,-0.07300471027440522,0.9818181818181818,0.3090909090909091
r1_watch,p16,good,sleep_eff_avg3,above,92.0,40,13,0.325,0.275,-0.07415683037338275,0.9818181818181818,0.4
r1_watch,p16,good,rhr_night_lag1,below,66.0,25,8,0.32,0.30357142857142855,-0.1315215534025171,1.0,0.6909090909090909
r1_watch,p16,good,rhr_night_avg3,below,66.0,25,7,0.28,0.3090909090909091,-0.16625417071709336,1.0,0.7636363636363637
