pid,date,ts_local,night_report,mood,fatigue,stress,readiness,soreness,sleep_quality,sleep_duration_h,weekday,sleep_after_survey,sleep_type,sleep_h_lag1,sleep_h_avg3,bedtime_h_lag1,bedtime_h_avg3,wake_pct_lag1,rem_pct_lag1,hr_sleep_mean_lag1,sleep_eff_lag1,rhr_night_lag1,time_in_bed_h_lag1,wake_min_lag1,deep_pct_lag1,ss_overall_lag1,steps_lag1,steps_avg3,z_cardio_peak_lag1,z_cardio_peak_avg3,mvpa_lag1,mvpa_avg3,lightly_lag1,lightly_avg3,sedentary_lag1,nonwear_dm1,post_lockdown,weekend_Dm1,holiday,comp,z,label,in_analysis_window
p01,2019-11-01,2019-11-01 09:31:40,False,3,2,3,5,2,3,6,4,False,,,,,,,,,,,,,,,,,,,,,,,,True,False,False,False,-0.612062,-0.896612,bad,False
p01,2019-11-02,2019-11-02 11:00:01,False,3,2,3,6,2,3,6,5,False,stages,6.3,,6.15833,,12.093,21.9577,54.1992,97,53,7.16667,52,9.52381,79,17873,,3,,130,,245,,636,False,False,False,False,-0.612062,-0.896612,bad,True
p01,2019-11-03,2019-11-03 15:28:03,False,3,3,3,8,3,3,6,6,False,stages,6.3,6.3,6.53333,6.34583,10.4265,13.4921,53.9992,96,52,7.03333,44,10.0529,71,13118,15495.5,0,1.5,99,114.5,202,223.5,709,False,False,True,False,0,0,neutral,True
p01,2019-11-04,2019-11-04 08:05:28,False,3,3,3,8,3,3,6,0,False,stages,6.01667,6.20556,5.925,6.20556,9.52381,9.69529,59.1022,96,53,6.65,38,10.2493,68,14312,15101,0,1,108,112.333,262,236.333,648,False,False,True,False,0,0,neutral,True
p01,2019-11-05,2019-11-05 07:13:35,False,3,3,3,8,3,3,5,1,False,stages,5.43333,5.91667,6.375,6.27778,9.94475,11.9632,53.112,99,54,6.03333,36,8.28221,73,10970,12800,0,0,51,86,230,231.333,760,False,False,False,False,0,0,neutral,True
p01,2019-11-06,2019-11-06 08:13:02,False,3,3,3,5,2,3,5,2,False,stages,5.68333,5.71111,6.425,6.24167,6.31868,11.1437,60.2898,99,52,6.06667,23,19.3548,67,16186,13822.7,19,6.33333,78,79,263,251.667,737,False,False,False,False,0,0,neutral,True
p01,2019-11-07,2019-11-07 07:39:25,False,3,3,3,7,3,3,5,3,False,stages,5.2,5.43889,5.75833,6.18611,14.7541,8.97436,57.0672,97,54,6.1,54,14.1026,71,8189,11781.7,8,9,21,50,206,233,849,False,False,False,False,0,0,neutral,True
p01,2019-11-08,2019-11-08 10:05:09,False,3,3,3,7,3,3,6,4,False,stages,6,5.62778,5.80833,5.99722,8.16327,22.7778,59.7437,100,53,6.53333,32,9.44444,74,8710,11028.3,2,9.66667,26,41.6667,182,217,866,False,False,False,False,0,0,neutral,True
p01,2019-11-09,2019-11-09 09:00:27,False,3,3,3,8,3,3,6,5,False,stages,5.73333,5.64444,6.525,6.03056,12.0205,18.6047,57.095,99,53,6.51667,47,10.4651,74,12888,9929,2,4,92,46.3333,212,200,744,False,False,False,False,0,0,neutral,True
p01,2019-11-10,2019-11-10 21:38:08,False,3,3,3,7,3,3,6,6,False,stages,6.36667,6.03333,6.25833,6.19722,9.47867,21.2042,55.6088,99,53,7.03333,40,13.6126,81,16450,12682.7,0,1.33333,91,69.6667,305,233,653,False,False,True,False,0,0,neutral,True
p01,2019-11-12,2019-11-12 08:33:27,False,3,2,3,4,2,3,6,1,False,stages,6.3,5.98889,5.31667,5.90833,10.6383,10.0529,57.8709,98,52,7.05,45,13.4921,70,12519,15604,22,9,53,90,220,262.667,811,False,False,False,False,-0.612062,-0.896612,bad,True
p01,2019-11-13,2019-11-13 10:46:33,False,3,3,2,7,3,3,5,2,False,stages,5.33333,5.64444,6.46667,5.97778,11.3573,25.625,55.3443,97,52,6.01667,41,8.75,76,10392,13584.7,2,9.66667,52,77,221,234.667,744,False,False,False,False,-1.20605,-1.76674,bad,True
p01,2019-11-14,2019-11-14 07:14:23,False,2,3,2,7,3,3,5,3,False,stages,5.41667,5.68333,6.36667,6.05,11.4441,13.8462,57.4129,99,51,6.11667,42,12.9231,65,11185,11365.3,0,8,57,54,197,212.667,825,False,False,False,False,-2.42831,-3.55724,bad,True
p01,2019-11-15,2019-11-15 06:38:25,False,3,2,3,5,2,3,6,4,False,stages,5.7,5.48333,6.23333,6.35556,11.1688,25.1462,55.4258,95,51,6.41667,43,16.9591,74,19220,13599,32,11.3333,174,94.3333,208,208.667,691,False,False,False,False,-0.612062,-0.896612,bad,True
p01,2019-11-16,2019-11-16 07:36:43,False,3,2,3,6,2,2,5,5,False,stages,5.28333,5.46667,6.79167,6.46389,11.6992,14.511,54.9521,93,51,5.98333,42,6.30915,67,18259,16221.3,8,13.3333,130,120.333,265,223.333,660,False,False,False,False,-0.612062,-0.896612,bad,True
p01,2019-11-17,2019-11-17 06:54:30,False,4,3,3,6,2,4,5,6,False,stages,5.61667,5.53333,6.5,6.50833,10.6101,19.8813,53.3443,96,51,6.28333,40,14.5401,71,15305,17594.7,5,15,111,138.333,302,258.333,668,False,False,True,False,1.22226,1.7905,good,True
p01,2019-11-18,2019-11-18 09:29:37,False,3,2,2,8,2,2,5,0,False,stages,5.5,5.46667,6.39167,6.56111,11.2903,18.1818,52.0149,98,51,6.2,42,2.42424,72,11916,15160,3,5.33333,63,101.333,248,271.667,752,False,False,True,False,-1.81811,-2.66335,bad,True
p01,2019-11-19,2019-11-19 07:31:46,False,3,2,3,5,2,2,5,1,False,stages,5.3,5.47222,6.28333,6.39167,11.9114,19.8113,57.0008,96,50,6.01667,43,13.522,67,8241,11820.7,41,16.3333,59,77.6667,131,227,878,False,False,False,False,-0.612062,-0.896612,bad,True
p01,2019-11-20,2019-11-20 19:49:30,False,3,2,2,7,3,3,6,2,False,stages,6.38333,5.72778,5.46667,6.04722,9.24171,17.2324,57.7523,97,53,7.03333,39,10.1828,74,7134,9097,0,14.6667,31,51,145,174.667,903,False,False,False,False,-1.81811,-2.66335,bad,True
p01,2019-11-21,2019-11-21 08:22:22,False,3,3,3,7,3,3,5,3,False,stages,5.45,5.71111,6.06667,5.93889,11.8598,17.737,56.1108,98,52,6.18333,44,10.0917,70,10116,8497,1,14,75,55,200,158.667,743,False,False,False,False,0,0,neutral,True
p01,2019-11-22,2019-11-22 07:00:11,False,3,2,3,4,2,3,5,4,False,stages,5.55,5.79444,6.30833,5.94722,10.4839,14.7147,57.6327,97,52,6.2,39,12.3123,66,19747,12332.3,40,13.6667,192,99.3333,197,180.667,680,False,False,False,False,-0.612062,-0.896612,bad,True
p01,2019-11-23,2019-11-23 08:02:46,False,3,3,3,8,2,3,5,5,False,stages,5.93333,5.64444,5.96667,6.11389,13.1707,7.02247,55.7756,98,53,6.83333,54,20.7865,71,10938,13600.3,1,14,84,117,187,194.667,797,False,False,False,False,0,0,neutral,True
p01,2019-11-24,2019-11-24 14:53:28,False,3,3,3,6,2,2,6,6,False,stages,7.01667,6.16667,6.75833,6.34444,13.7295,19.715,58.9486,95,53,8.13333,67,13.3017,80,20704,17129.7,27,22.6667,165,147,226,203.333,639,False,False,True,False,0,0,neutral,True
p01,2019-11-25,2019-11-25 08:04:27,False,3,2,3,7,2,3,5,0,False,stages,5.53333,6.16111,6.525,6.41667,9.53678,9.93976,54.3896,98,53,6.11667,35,6.62651,71,16517,16053,10,12.6667,124,124.333,263,225.333,565,False,False,True,False,-0.612062,-0.896612,bad,True
p01,2019-11-26,2019-11-26 09:05:18,False,3,3,3,7,3,3,5,1,False,stages,5.3,5.95,5.81667,6.36667,14.2857,9.74843,53.9438,98,52,6.18333,53,12.8931,66,12481,16567.3,0,12.3333,55,114.667,251,246.667,767,False,False,False,False,0,0,neutral,True
p01,2019-11-27,2019-11-27 08:50:27,False,3,2,3,5,2,3,5,2,False,stages,6.08333,5.63889,5.575,5.97222,10.9756,15.8904,52.4491,97,51,6.83333,45,7.39726,75,16428,15142,40,16.6667,117,98.6667,202,238.667,750,False,False,False,False,-0.612062,-0.896612,bad,True
p01,2019-11-28,2019-11-28 07:45:55,False,3,3,3,7,3,2,5,3,False,stages,5.68333,5.68889,5.95833,5.78333,12.7877,7.91789,52.7411,94,51,6.51667,50,7.33138,70,10556,13155,1,13.6667,43,71.6667,218,223.667,769,False,False,False,False,0,0,neutral,True
p01,2019-11-29,2019-11-29 10:16:47,False,3,2,3,4,2,2,5,4,False,stages,5.15,5.63889,6.2,5.91111,14.4044,26.8608,59.3454,93,49,6.01667,52,13.9159,67,17535,14839.7,38,26.3333,140,100,239,219.667,670,False,False,False,False,-0.612062,-0.896612,bad,True
p01,2019-11-30,2019-11-30 18:34:00,False,3,2,3,6,3,3,5,5,False,stages,6.7,5.84444,6.51667,6.225,7.58621,10.6965,52.3307,97,50,7.25,33,10.199,74,16209,14766.7,6,15,115,99.3333,255,237.333,709,False,False,False,False,-0.612062,-0.896612,bad,True
p01,2019-12-01,2019-12-01 09:04:09,False,3,3,3,7,3,3,6,6,False,stages,6.45,6.1,6.05833,6.25833,9.57944,13.9535,53.853,96,51,7.13333,41,9.04393,72,10782,14842,2,15.3333,68,107.667,266,253.333,671,False,False,True,False,0,0,neutral,True
p01,2019-12-02,2019-12-02 09:00:43,False,3,3,3,8,3,2,5,0,False,stages,3.16667,5.43889,6.43333,6.33611,10.7981,15.7895,49.7952,95,50,3.55,23,5.26316,65,13736,13575.7,0,2.66667,87,90,295,272,630,False,False,True,False,0,0,neutral,True
p01,2019-12-03,2019-12-03 08:23:04,False,3,3,3,7,3,3,5,1,False,stages,5.75,5.12222,6.01667,6.16944,9.21053,17.971,54.0058,98,50,6.33333,35,6.08696,76,12224,12247.3,0,0.666667,56,70.3333,224,261.667,,False,False,False,False,0,0,neutral,True
p01,2019-12-04,2019-12-04 09:31:12,False,3,2,3,5,2,2,5,2,False,stages,5.58333,4.83333,6.14167,6.19722,11.1406,12.5373,55.7522,94,50,6.28333,42,12.5373,67,18142,14700.7,35,11.6667,114,85.6667,221,246.667,725,False,False,False,False,-0.612062,-0.896612,bad,True
p01,2019-12-05,2019-12-05 08:24:30,False,3,2,3,6,3,2,5,3,False,stages,5.23333,5.52222,6.66667,6.275,11.0482,18.7898,58.3867,95,51,5.88333,39,11.465,66,11745,14037,2,12.3333,63,77.6667,218,221,782,False,False,False,False,-0.612062,-0.896612,bad,True
p01,2019-12-06,2019-12-06 08:02:10,False,3,2,3,3,2,2,4,4,False,stages,4.83333,5.21667,6.45,6.41944,19.2201,30,59.3704,89,51,5.98333,69,8.27586,54,18234,16040.3,28,21.6667,143,106.667,262,233.667,682,False,False,False,False,-0.612062,-0.896612,bad,True
p01,2019-12-07,2019-12-07 09:00:35,False,3,2,3,6,2,3,7,5,False,stages,7.06667,5.71111,5.48333,6.2,10.1695,14.6226,55.6405,94,53,7.86667,48,17.4528,81,10401,13460,1,10.3333,60,88.6667,198,226,823,False,False,False,False,-0.612062,-0.896612,bad,True
p01,2019-12-08,2019-12-08 09:50:37,False,3,3,3,6,2,3,6,6,False,stages,6.7,6.2,6.03333,5.98889,8.63636,26.1194,53.6961,97,52,7.33333,38,5.22388,80,14898,14511,0,9.66667,72,91.6667,363,274.333,533,False,False,True,False,0,0,neutral,True
p01,2019-12-09,2019-12-09 09:17:24,False,3,2,3,4,3,2,5,0,False,stages,5.53333,6.43333,5.825,5.78056,13.089,10.5422,57.216,94,51,6.36667,50,11.4458,62,15805,13701.3,0,0.333333,104,78.6667,298,286.333,598,False,False,True,False,-0.612062,-0.896612,bad,True
p01,2019-12-10,2019-12-10 09:36:39,False,3,2,3,4,3,3,5,1,False,stages,5.6,5.94444,6.375,6.07778,6.66667,27.0833,52.4947,99,53,6,24,5.95238,78,11223,13975.3,0,0,43,73,290,317,725,False,False,False,False,-0.612062,-0.896612,bad,True
p01,2019-12-13,2019-12-13 10:02:18,False,3,2,3,6,3,2,5,4,False,stages,5.61667,5.40556,6.28333,5.78889,8.67209,5.04451,58.768,96,53,6.15,32,17.2107,68,10728,9430.33,1,1.33333,32,46,274,201.333,885,False,False,False,False,-0.612062,-0.896612,bad,True
p01,2019-12-14,2019-12-14 16:08:29,False,3,3,3,6,3,3,6,5,False,stages,6.43333,5.23889,6.23333,6.30556,9.60187,7.77202,57.9795,97,54,7.11667,41,8.80829,71,15910,12164.3,0,0.666667,79,61,301,250,691,False,False,False,False,0,0,neutral,True
p01,2019-12-15,2019-12-15 21:35:51,False,3,2,3,7,3,3,6,6,False,stages,6.15,6.06667,6.675,6.39722,7.98005,23.0352,57.8122,97,54,6.68333,32,7.58808,74,15348,13995.3,1,0.666667,88,66.3333,303,292.667,622,False,False,True,False,-0.612062,-0.896612,bad,True
p01,2019-12-16,2019-12-16 09:17:05,False,3,3,3,7,3,3,6,0,False,stages,6.11667,6.23333,5.69167,6.2,7.55668,18.8011,57.7957,99,54,6.61667,30,8.17439,75,21362,17540,0,0.333333,169,112,357,320.333,513,False,False,True,False,0,0,neutral,True
p01,2019-12-17,2019-12-17 21:19:19,False,3,4,3,7,3,3,5,1,False,stages,5.15,5.80556,6.49167,6.28611,11.4613,5.50162,57.8143,97,53,5.81667,40,16.8285,66,10489,15733,0,0.333333,66,107.667,222,294,755,False,False,False,False,0.612062,0.896612,good,True
p01,2019-12-21,2019-12-21 12:52:58,False,3,3,2,7,3,3,6,5,False,stages,6.41667,5.34444,7.00833,7.23889,7.22892,25.7143,52.4418,99,54,6.91667,30,7.53247,79,13110,15593,2,1,73,84.3333,268,278,805,False,False,False,True,-1.20605,-1.76674,bad,True
p01,2019-12-22,2019-12-22 08:00:15,False,3,3,3,7,3,3,6,6,False,stages,6.71667,5.86111,6.44167,7.08611,9.23423,15.1365,51.3638,97,53,7.4,41,9.18114,78,17760,16588,2,1.33333,142,109.667,227,264.333,656,False,False,True,True,0,0,neutral,True
p01,2019-12-23,2019-12-23 09:25:34,False,3,3,3,7,3,3,5,0,False,stages,7.16667,6.76667,6.84167,6.76389,10.0418,14.8837,55.6525,95,52,7.96667,48,8.60465,79,18170,16346.7,7,3.66667,144,119.667,331,275.333,521,False,False,True,True,0,0,neutral,True
p01,2019-12-25,2019-12-25 12:04:46,False,3,3,3,8,3,3,7,2,False,stages,7.05,6.78889,7.43333,6.94167,11.875,20.5674,54.4122,97,52,8,57,13.4752,82,13316,16237.7,1,5.33333,59,101,435,364,536,False,False,False,True,0,0,neutral,True
p01,2019-12-26,2019-12-26 15:06:50,False,3,3,3,7,3,3,7,3,False,stages,6.76667,6.65556,6.325,6.76944,9.77778,23.399,53.1841,96,51,7.5,44,5.66502,78,11804,14115.7,0,3,79,79.3333,256,339,625,False,False,False,True,0,0,neutral,True
p01,2019-12-27,2019-12-27 09:50:24,False,3,2,3,4,2,2,7,4,False,stages,6.95,6.92222,6.74167,6.83333,9.34783,18.705,53.1262,94,50,7.66667,43,16.5468,78,16891,14003.7,35,12,146,94.6667,287,326,557,False,False,False,True,-0.612062,-0.896612,bad,True
p01,2019-12-28,2019-12-28 20:34:52,False,3,2,3,5,2,2,6,5,False,stages,7.31667,7.01111,6.00833,6.35833,9.67078,15.7175,55.7616,94,50,8.1,47,8.88383,75,10161,12952,0,11.6667,49,91.3333,301,281.333,630,False,False,False,True,-0.612062,-0.896612,bad,True
p01,2019-12-29,2019-12-29 09:41:48,False,3,2,3,6,2,3,6,6,False,stages,6.96667,7.07778,6.1,6.28333,11.4407,20.0957,56.0535,96,50,7.86667,54,13.3971,74,12445,13165.7,0,11.6667,33,76,379,322.333,542,False,False,True,True,-0.612062,-0.896612,bad,True
p01,2019-12-30,2019-12-30 09:17:11,False,3,2,3,6,2,3,5,0,False,stages,5.63333,6.63889,8.05833,6.72222,10.582,12.426,57.6378,98,51,6.3,40,12.7219,65,13699,12101.7,3,1,109,63.6667,277,319,582,False,False,True,True,-0.612062,-0.896612,bad,True
p01,2020-01-01,2020-01-01 11:56:15,False,3,3,3,7,3,3,5,2,False,stages,6,5.9,7.95,7.72222,9.3199,17.2222,53.3024,98,52,6.61667,37,13.0556,75,11490,11792,0,1,32,53,343,304,659,False,False,False,True,0,0,neutral,True
p01,2020-01-02,2020-01-02 09:12:01,False,3,3,3,7,2,3,8,3,False,stages,8.5,6.85556,2.375,5.82778,8.92857,20.7843,52.4163,96,53,9.33333,50,14.3137,88,11847,11174.7,2,0.666667,47,32.3333,309,314.667,687,False,False,False,False,0,0,neutral,True
p01,2020-01-03,2020-01-03 08:17:54,False,3,3,3,7,3,3,5,4,False,stages,6.13333,6.87778,5.325,5.21667,12.7962,23.3696,55.7394,96,52,7.03333,54,11.6848,73,10346,11227.7,2,1.33333,48,42.3333,196,282.667,636,False,False,False,False,0,0,neutral,True
p01,2020-01-04,2020-01-04 10:17:04,False,2,2,3,5,2,3,7,5,False,stages,7.65,7.42778,5.73333,4.47778,11.7308,16.3399,57.833,99,51,8.66667,61,3.48584,78,17431,13208,29,11,135,76.6667,170,225,713,False,False,False,False,-1.83433,-2.68711,bad,True
p01,2020-01-06,2020-01-06 06:25:40,False,3,2,2,5,2,2,5,0,False,stages,5.3,6.70556,6.59167,6.12778,8.88252,11.3208,54.7676,99,52,5.81667,31,20.4403,72,11425,15008.7,1,27.3333,71,106,257,212.333,631,False,False,True,False,-1.81811,-2.66335,bad,True
p01,2020-01-07,2020-01-07 11:35:32,False,3,2,3,6,2,2,5,1,False,stages,5.25,5.90556,6.08333,6.24444,10.5114,19.3651,58.2115,98,51,5.86667,37,3.80952,66,11322,12972.3,0,17.6667,68,83.6667,196,221,827,False,False,False,False,-0.612062,-0.896612,bad,True
p01,2020-01-08,2020-01-08 12:23:48,False,2,2,2,6,2,2,5,2,False,stages,5.45,5.33333,5.85,6.175,15.9383,26.9113,55.0495,90,53,6.48333,62,6.42202,69,17638,13461.7,33,11.3333,132,90.3333,215,222.667,741,False,False,False,False,-3.04037,-4.45386,bad,True
p01,2020-01-09,2020-01-09 08:04:16,False,1,2,2,7,2,1,4,3,False,stages,5.8,5.5,5.975,5.96944,13.4328,18.3908,57.485,93,52,6.7,54,13.7931,67,8149,12369.7,1,11.3333,52,84,146,185.667,853,False,False,False,False,-4.26264,-6.24436,bad,True
p01,2020-01-10,2020-01-10 08:42:05,False,3,2,3,5,3,2,5,4,False,stages,5.73333,5.66111,6.43333,6.08611,10.4167,18.0233,57.863,93,53,6.4,40,12.7907,71,13189,12992,19,17.6667,125,103,165,175.333,748,False,False,False,False,-0.612062,-0.896612,bad,True
p01,2020-01-11,2020-01-11 10:56:17,False,3,3,3,5,3,3,7,5,False,stages,7.91667,6.48333,5.73333,6.04722,11.3806,23.5789,55.3092,96,52,8.93333,61,0,80,13733,11690.3,1,7,103,93.3333,171,160.667,782,False,False,False,False,0,0,neutral,True
p01,2020-01-12,2020-01-12 09:56:59,False,3,3,3,6,3,3,6,6,False,stages,6.9,6.85,6.2,6.12222,10.5832,9.42029,54.5346,98,52,7.71667,49,4.58937,72,13736,13552.7,0,6.66667,87,105,231,189,586,False,False,True,False,0,0,neutral,True
p01,2020-01-13,2020-01-13 19:00:00,False,3,2,3,5,3,2,5,0,False,stages,5.03333,6.61667,6.10833,6.01389,7.92683,7.94702,53.585,99,52,5.46667,26,14.9007,68,8820,12096.3,0,0.333333,54,81.3333,181,194.333,742,False,False,True,False,-0.612062,-0.896612,bad,True
p01,2020-01-14,2020-01-14 08:06:07,False,3,3,3,7,3,3,6,1,False,stages,6.06667,6,5.49167,5.93333,8.08081,17.033,54.2463,97,52,6.6,32,5.21978,75,8564,10373.3,0,0,68,69.6667,209,207,835,False,False,False,False,0,0,neutral,True
p01,2020-01-15,2020-01-15 06:39:20,False,3,3,3,4,2,3,6,2,False,stages,6.36667,5.82222,5.18333,5.59444,11.5741,10.4712,53.4122,93,51,7.2,50,8.90052,78,17723,11702.3,37,12.3333,123,81.6667,208,199.333,713,False,False,False,False,0,0,neutral,True
p01,2020-01-16,2020-01-16 10:50:15,False,3,3,3,7,3,3,6,3,False,stages,5.85,6.09444,5.275,5.31667,10.687,15.0997,54.8544,99,51,6.55,42,9.97151,73,14145,13477.3,3,13.3333,87,92.6667,204,207,717,False,False,False,False,0,0,neutral,True
p01,2020-01-17,2020-01-17 07:58:30,False,3,3,3,6,2,3,6,4,False,stages,5.83333,6.01667,5.55,5.33611,12.0603,26.5714,57.3595,96,51,6.63333,48,21.7143,73,13888,15252,34,24.6667,135,115,162,191.333,750,False,False,False,False,0,0,neutral,True
p01,2020-01-18,2020-01-18 09:04:31,False,3,3,3,7,2,3,5,5,False,stages,5.18333,5.62222,6.80833,5.87778,14.0884,2.2508,53.843,99,52,6.03333,51,15.1125,66,12501,13511.3,7,14.6667,66,96,237,201,739,False,False,False,False,0,0,neutral,True
p01,2020-01-19,2020-01-19 09:38:03,False,3,2,3,4,2,3,6,6,False,stages,5.61667,5.54444,8.74167,7.03333,10.3723,9.79228,57.0456,97,51,6.26667,39,19.5846,66,13480,13289.7,47,29.3333,100,100.333,195,198,783,False,False,True,False,-0.612062,-0.896612,bad,True
p01,2020-01-20,2020-01-20 09:33:26,False,3,3,2,5,2,3,6,0,False,stages,5.98333,5.59444,5.56667,7.03889,12.8641,13.649,54.6889,99,52,6.86667,53,11.4206,73,13255,13078.7,2,18.6667,94,86.6667,203,211.667,767,False,False,True,False,-1.20605,-1.76674,bad,True
p01,2020-01-21,2020-01-21 09:00:23,False,3,3,3,7,3,3,6,1,False,stages,6.08333,5.89444,5.61667,6.64167,9.87654,16.9863,52.2589,97,51,6.75,40,12.8767,77,7492,11409,3,17.3333,27,73.6667,206,201.333,795,False,False,False,False,0,0,neutral,True
p01,2020-01-22,2020-01-22 09:08:47,False,3,2,3,6,3,3,5,2,False,stages,5.03333,5.7,6.51667,5.9,8.76133,6.95364,54.4147,99,50,5.51667,29,9.93377,68,11684,10810.3,0,1.66667,51,57.3333,227,212,757,False,False,False,False,-0.612062,-0.896612,bad,True
p01,2020-01-23,2020-01-23 21:53:11,False,3,3,3,6,3,3,5,3,False,stages,5.81667,5.64444,6.09167,6.075,11.1959,18.9112,57.0072,98,50,6.55,44,2.5788,71,10162,9779.33,1,1.33333,43,40.3333,247,226.667,819,False,False,False,False,0,0,neutral,True
p01,2020-01-24,2020-01-24 13:21:58,False,3,3,3,4,2,3,6,4,False,stages,6.53333,5.79444,5.15,5.91944,12.5,19.1327,55.2217,94,51,7.46667,56,15.051,73,15169,12338.3,28,9.66667,136,76.6667,212,228.667,699,False,False,False,False,0,0,neutral,True
p01,2020-01-26,2020-01-26 09:11:52,False,3,2,3,4,2,2,6,6,False,stages,6.35,6.44444,5.95833,5.57778,13.4091,17.8478,52.0346,95,52,7.33333,59,8.66142,71,18231,14707,41,24.6667,123,100.667,248,237.667,632,False,False,True,False,-0.612062,-0.896612,bad,True
p01,2020-01-27,2020-01-27 09:00:14,False,3,2,3,6,2,3,5,0,False,stages,5.11667,5.97222,6.46667,6.01667,12.2857,5.53746,54.5884,99,52,5.83333,43,17.5896,69,18422,15791.3,1,15.6667,106,90.6667,284,261.667,610,False,False,True,False,-0.612062,-0.896612,bad,True
p01,2020-01-28,2020-01-28 09:48:51,False,3,3,3,7,3,3,5,1,False,stages,5.43333,5.63333,6.05,6.15833,10.4396,11.6564,56.4459,97,51,6.06667,38,8.28221,66,9026,15226.3,2,14.6667,38,89,247,259.667,805,False,False,False,False,0,0,neutral,True
p01,2020-01-29,2020-01-29 09:27:21,False,3,2,3,7,3,3,5,2,False,stages,5.41667,5.32222,6.44167,6.31944,9.9723,17.5385,56.5393,99,52,6.01667,36,17.5385,72,14473,13973.7,0,1,124,89.3333,210,247,742,False,False,False,False,-0.612062,-0.896612,bad,True
p01,2020-01-30,2020-01-30 10:05:00,False,3,3,3,8,3,3,5,3,False,stages,5.71667,5.52222,6.15,6.21389,10.9091,8.74636,53.3315,98,51,6.41667,42,12.828,73,4749,9416,0,0.666667,31,64.3333,132,196.333,916,False,False,False,False,0,0,neutral,True
p01,2020-01-31,2020-01-31 06:36:15,False,3,1,3,3,2,3,5,4,False,stages,5.81667,5.65,5.91667,6.16944,10.0515,24.6418,59.5621,97,50,6.46667,39,11.4613,70,14398,11206.7,39,13,114,89.6667,389,243.667,552,False,False,False,False,-1.22412,-1.79322,bad,True
p01,2020-02-01,2020-02-01 08:30:39,False,3,2,3,5,2,2,5,5,False,stages,5.43333,5.65556,6.04167,6.03611,13.2979,11.0429,55.9786,97,53,6.26667,50,4.60123,64,12231,10459.3,2,13.6667,72,72.3333,333,284.667,647,False,False,False,False,-0.612062,-0.896612,bad,True
p01,2020-02-02,2020-02-02 09:01:23,False,4,3,3,7,3,3,6,6,False,stages,6.2,5.81667,6.3,6.08611,8.59951,13.9785,56.6558,99,53,6.78333,35,8.60215,69,14409,13679.3,2,14.3333,64,83.3333,402,374.667,,False,False,True,False,1.22226,1.7905,good,True
p01,2020-02-03,2020-02-03 09:00:28,False,3,2,3,6,2,2,5,0,False,stages,6.15,5.92778,5.25833,5.86667,11.9332,26.8293,55.2108,95,54,6.98333,50,10.0271,78,11652,12764,2,2,27,54.3333,505,413.333,501,False,False,True,False,-0.612062,-0.896612,bad,True
p01,2020-02-04,2020-02-04 11:24:06,False,3,3,3,7,3,3,5,1,False,stages,5.51667,5.95556,6.15,5.90278,10.2981,5.74018,56.6354,98,53,6.15,38,11.7825,70,10754,12271.7,1,1.66667,55,48.6667,432,446.333,534,False,False,False,False,0,0,neutral,True
p01,2020-02-05,2020-02-05 07:59:27,False,3,3,3,8,3,3,5,2,False,stages,5,5.55556,6.275,5.89444,11.2426,12.3333,59.6489,99,52,5.63333,38,2.33333,62,8898,10434.7,1,1.33333,19,33.6667,222,386.333,830,False,False,False,False,0,0,neutral,True
p01,2020-02-06,2020-02-06 08:31:26,False,3,3,3,6,2,3,5,3,False,stages,5.28333,5.26667,6.35,6.25833,11.4525,9.46372,55.231,96,53,5.96667,41,10.0946,72,18685,12779,34,12,136,70,237,297,729,False,False,False,False,0,0,neutral,True
p01,2020-02-07,2020-02-07 06:55:30,False,3,2,3,3,1,2,5,4,False,stages,5.66667,5.31667,6.21667,6.28056,11.4583,25.5882,59.3969,95,52,6.4,44,5.88235,69,24846,17476.3,73,36,263,139.333,197,218.667,622,False,False,False,False,-0.612062,-0.896612,bad,True
p01,2020-02-08,2020-02-08 10:08:21,False,3,2,3,5,2,3,7,5,False,stages,7.08333,6.01111,6.05833,6.20833,9.95763,8.23529,53.3852,99,54,7.86667,47,8.23529,80,8131,17220.7,1,36,25,141.333,198,210.667,833,False,False,False,False,-0.612062,-0.896612,bad,True
p01,2020-02-09,2020-02-09 09:42:48,False,3,3,3,7,3,3,6,6,False,stages,6.31667,6.35556,6.61667,6.29722,11.2412,16.095,50.882,94,53,7.11667,48,9.76253,76,14197,15724.7,2,25.3333,53,113.667,279,224.667,636,False,False,True,False,0,0,neutral,True
p01,2020-02-10,2020-02-10 07:48:59,False,3,3,3,8,3,3,5,0,False,stages,5.45,6.28333,6.46667,6.38056,9.66851,23.8532,57.4425,99,51,6.03333,35,7.64526,70,8963,10430.3,2,1.66667,33,37,229,235.333,751,False,False,True,False,0,0,neutral,True
p01,2020-02-11,2020-02-11 21:36:45,False,3,2,3,6,2,3,6,1,False,stages,5.98333,5.91667,6.06667,6.38333,8.18414,26.7409,56.4698,97,51,6.51667,32,20.6128,73,15052,12737.3,34,12.6667,98,61.3333,257,255,723,False,False,False,False,-0.612062,-0.896612,bad,True
p01,2020-02-12,2020-02-12 10:38:23,False,3,2,3,7,2,2,5,2,False,stages,5.63333,5.68889,5.83333,6.12222,7.90191,23.0769,55.9988,98,52,6.11667,29,13.3136,74,10533,11516,0,12,58,63,361,282.333,630,False,False,False,False,-0.612062,-0.896612,bad,True
p01,2020-02-13,2020-02-13 13:55:06,False,3,3,3,7,3,2,5,3,False,stages,5.5,5.70556,6.21667,6.03889,9.83607,7.27273,54.4094,98,53,6.1,36,12.7273,74,10839,12141.3,6,13.3333,55,70.3333,350,322.667,668,False,False,False,False,0,0,neutral,True
p01,2020-02-14,2020-02-14 09:02:26,False,3,1,3,3,2,2,4,4,False,stages,4.11667,5.08333,7.625,6.55833,13.6364,10.9312,59.1243,100,51,4.76667,39,8.90688,55,13617,11663,20,8.66667,45,52.6667,359,356.667,670,False,False,False,False,-1.22412,-1.79322,bad,True
p01,2020-02-15,2020-02-15 10:00:23,False,3,2,3,4,3,3,7,5,False,stages,7.05,5.55556,6.28333,6.70833,11.691,3.30969,58.1079,94,53,7.98333,56,9.21986,69,7819,10758.3,0,8.66667,32,44,194,301,928,False,False,False,False,-0.612062,-0.896612,bad,True
p01,2020-02-17,2020-02-17 23:18:38,False,3,3,3,5,3,3,5,0,False,stages,4.81667,6.27222,6.36667,6.01667,15.9884,4.15225,56.0625,95,55,5.73333,55,13.4948,66,8837,8328,1,0.5,24,28,244,219,692,False,False,True,False,0,0,neutral,True
p01,2020-02-18,2020-02-18 09:10:14,False,3,3,3,6,3,3,6,1,False,stages,6.48333,6.08333,6.35833,6.04167,9.11215,5.65553,55.534,97,53,7.13333,39,7.71208,68,10674,9755.5,4,2.5,22,23,345,294.5,729,False,False,False,False,0,0,neutral,True
p01,2020-02-19,2020-02-19 11:04:33,False,3,3,3,7,3,3,6,2,False,stages,5.86667,5.72222,6.9,6.54167,8.57143,6.25,55.6254,99,54,6.41667,33,4.26136,74,,9755.5,,2.5,,23,,294.5,,True,False,False,False,0,0,neutral,False
p01,2020-02-20,2020-02-20 09:00:31,False,3,3,3,8,3,3,5,3,False,stages,5.3,5.88333,7.36667,6.875,7.28863,20.4403,52.6975,99,52,5.71667,25,11.0063,75,18691,14682.5,1,2.5,65,43.5,415,380,575,False,False,False,False,0,0,neutral,True
p01,2020-02-21,2020-02-21 08:28:18,False,3,3,3,8,3,3,4,4,False,stages,4.38333,5.18333,7.48333,7.25,14.0523,9.5057,52.7799,98,51,5.1,43,0,58,7720,13205.5,2,1.5,34,49.5,217,316,846,False,False,False,False,0,0,neutral,True
p01,2020-02-22,2020-02-22 09:00:35,False,3,2,3,5,2,3,6,5,False,stages,6.3,5.32778,6.95,7.26667,9.56938,17.4603,55.8866,97,51,6.96667,40,9.25926,72,17992,14801,27,10,98,65.6667,358,330,678,False,False,False,False,-0.612062,-0.896612,bad,True
p01,2020-02-23,2020-02-23 10:00:23,False,3,2,3,6,3,3,6,6,False,stages,6.83333,5.83889,6.59167,7.00833,10.0877,14.878,53.2254,95,52,7.6,46,13.4146,75,15947,13886.3,3,10.6667,24,52,459,344.667,539,False,False,True,False,-0.612062,-0.896612,bad,True
p01,2020-02-24,2020-02-24 22:51:11,False,3,3,3,6,2,3,5,0,False,stages,5.25,6.12778,6.23333,6.59167,13.4615,21.9048,55.4417,95,51,6.06667,49,6.03175,71,12227,15388.7,0,10,30,50.6667,378,398.333,576,False,False,True,False,0,0,neutral,True
p01,2020-02-25,2020-02-25 09:00:26,False,3,3,3,7,3,3,4,1,False,stages,4.4,5.49444,7.7,6.84167,13.1579,5.30303,54.078,97,50,5.06667,40,4.54545,59,,14087,,1.5,,27,,418.5,,True,False,False,False,0,0,neutral,False
p01,2020-02-26,2020-02-26 08:43:51,False,3,3,3,8,3,3,4,2,False,stages,4.93333,4.86111,7.875,7.26944,8.07453,17.9054,69.7788,97,51,5.36667,26,12.8378,69,7365,9796,0,0,38,34,267,322.5,831,False,False,False,False,0,0,neutral,True
p01,2020-02-27,2020-02-27 10:00:16,False,3,2,3,6,2,3,5,3,False,stages,5.31667,4.88333,6.21667,7.26389,11.6343,20.6897,59.0818,96,53,6.01667,42,11.2853,68,12554,9959.5,27,13.5,53,45.5,264,265.5,801,False,False,False,False,-0.612062,-0.896612,bad,True
p01,2020-02-28,2020-02-28 09:02:27,False,3,2,3,3,2,2,5,4,False,stages,5.3,5.18333,6.625,6.90556,11.1732,21.3836,62.3109,94,54,5.96667,40,17.9245,71,19534,13151,68,31.6667,185,92,209,246.667,685,False,False,False,False,-0.612062,-0.896612,bad,True
p01,2020-02-29,2020-02-29 09:02:32,False,3,3,3,5,2,3,6,5,False,stages,6.03333,5.55,6.73333,6.525,12.5604,15.1934,61.9222,94,55,6.9,52,11.0497,69,12513,14867,0,31.6667,25,87.6667,347,273.333,710,False,False,False,False,0,0,neutral,True
p01,2020-03-01,2020-03-01 12:19:20,False,3,3,3,6,2,3,5,6,False,stages,5.76667,5.7,7.50833,6.95556,8.46561,16.474,54.1149,96,55,6.3,32,6.06936,73,21999,18015.3,10,26,188,132.667,418,324.667,420,False,False,True,False,0,0,neutral,True
p01,2020-03-02,2020-03-02 06:44:55,False,3,2,3,3,2,3,6,0,False,stages,6.1,5.96667,5.73333,6.65833,10.2941,26.2295,57.3006,94,54,6.8,42,10.1093,77,21553,18688.3,2,4,216,143,340,368.333,506,False,False,True,False,-0.612062,-0.896612,bad,True
p01,2020-03-03,2020-03-03 07:53:52,False,3,3,3,6,2,3,6,1,False,stages,6.23333,6.03333,5.58333,6.275,7.42574,30.2139,53.8982,99,54,6.73333,30,24.8663,84,11335,18295.7,0,4,32,145.333,252,336.667,748,False,False,False,False,0,0,neutral,True
p01,2020-03-04,2020-03-04 09:00:48,False,3,3,3,7,2,2,5,2,False,stages,5,5.77778,6.60833,5.975,12.2807,14.3333,56.0041,96,53,5.7,42,14.3333,67,10117,14335,3,1.66667,61,103,194,262,781,False,False,False,False,0,0,neutral,True
p01,2020-03-05,2020-03-05 11:40:49,False,3,3,2,8,3,3,6,3,False,stages,5.96667,5.73333,5.75833,5.98333,11.6049,18.9944,56.6878,97,52,6.75,47,8.10056,75,13093,11515,1,1.33333,40,44.3333,605,350.333,453,False,False,False,False,-1.20605,-1.76674,bad,True
p01,2020-03-06,2020-03-06 10:15:18,False,3,2,3,2,1,2,6,4,False,stages,6.15,5.70556,5.75,6.03889,11.9332,15.9892,58.1856,94,52,6.98333,50,15.7182,71,20119,14443,80,28,168,89.6667,416,405,451,False,False,False,False,-0.612062,-0.896612,bad,True
p01,2020-03-07,2020-03-07 09:01:48,False,3,3,3,6,2,3,6,5,False,stages,6.53333,6.21667,6.29167,5.93333,13.082,9.18367,57.4093,97,52,7.51667,59,10.2041,68,10480,14564,0,27,40,82.6667,290,437,691,False,False,False,False,0,0,neutral,True
p01,2020-03-08,2020-03-08 09:06:45,False,3,3,3,7,3,2,6,6,False,stages,6.18333,6.28889,6.2,6.08056,10.1695,14.5553,56.5598,96,52,6.88333,42,8.62534,71,12847,14482,7,29,110,106,157,287.667,722,False,False,True,False,0,0,neutral,True
p01,2020-03-09,2020-03-09 11:28:36,False,3,3,3,7,3,3,5,0,False,stages,5.56667,6.09444,6.25,6.24722,10.6952,11.0778,53.9504,98,52,6.23333,40,17.9641,73,13115,12147.3,2,3,68,72.6667,312,253,647,False,False,True,False,0,0,neutral,True
p01,2020-03-10,2020-03-10 10:02:23,False,3,3,3,8,3,3,5,1,False,stages,5.43333,5.72778,5.88333,6.11111,11.8919,16.5644,55.9832,97,51,6.16667,44,6.74847,70,7240,11067.3,0,3,0,59.3333,250,239.667,816,False,False,False,False,0,0,neutral,True
p01,2020-03-12,2020-03-12 09:05:31,False,3,3,3,7,2,3,5,3,False,stages,5.51667,5.475,6.73333,6.30833,11.7333,1.81269,56.5668,97,51,6.25,44,11.1782,64,,10260,,16.5,,42,,219.5,,True,True,False,False,0,0,neutral,False
p01,2020-03-13,2020-03-13 11:02:31,False,3,3,3,8,3,3,6,4,False,stages,6.48333,6,6.15,6.44167,10.1617,24.1645,51.9852,94,52,7.21667,44,20.5656,82,9835,11557.5,6,19.5,42,63,200,194.5,823,False,True,False,False,0,0,neutral,False
p01,2020-03-14,2020-03-14 09:59:49,False,3,3,3,8,3,3,7,5,False,stages,7.43333,6.47778,6.475,6.45278,8.60656,13.9013,59.2072,98,50,8.13333,42,14.3498,76,8744,9289.5,1,3.5,34,38,205,202.5,768,False,True,False,False,0,0,neutral,False
p01,2020-03-15,2020-03-15 23:48:57,False,3,2,3,4,2,2,5,6,False,stages,5.01667,6.31111,6.76667,6.46389,14.4886,16.2791,55.0586,95,50,5.86667,51,18.9369,64,9026,9201.67,26,11,48,41.3333,168,191,736,False,True,True,False,-0.612062,-0.896612,bad,False
p01,2020-03-16,2020-03-16 07:52:28,False,3,2,3,6,2,2,5,0,False,stages,5.75,6.06667,5.91667,6.38611,14.1791,20.5797,51.2215,98,51,6.7,57,7.24638,76,9937,9235.67,4,10.3333,62,48,200,191,826,False,True,True,False,-0.612062,-0.896612,bad,False
p01,2020-03-17,2020-03-17 08:13:38,False,3,2,2,7,3,3,7,1,False,stages,7.88333,6.21667,3.76667,5.48333,11.5888,12.4736,49.8053,100,50,8.91667,62,7.61099,76,6939,8634,1,10.3333,56,55.3333,137,168.333,845,False,True,False,False,-1.81811,-2.66335,bad,False
p01,2020-03-18,2020-03-18 23:13:50,False,3,3,2,7,3,2,5,2,False,stages,7.11667,6.91667,6.16667,5.28333,8.76068,19.2037,52.5314,99,50,7.8,41,13.1148,81,,8438,,2.5,,59,,168.5,,True,True,False,False,-1.20605,-1.76674,bad,False
p01,2020-03-19,2020-03-19 17:19:53,False,3,2,2,7,3,2,5,3,False,stages,5.53333,6.84444,7.03333,5.65556,12.1693,20.7831,48.8343,97,50,6.3,46,9.03614,74,6403,6671,8,4.5,49,52.5,112,124.5,811,False,True,False,False,-1.81811,-2.66335,bad,False
p01,2020-03-20,2020-03-20 12:08:03,False,2,2,2,7,3,2,5,4,False,stages,5.68333,6.11111,6.38333,6.52778,10.2632,21.7009,52.0633,99,49,6.33333,39,10.8504,72,8331,7367,0,4,51,50,204,158,807,False,True,False,False,-3.04037,-4.45386,bad,False
p01,2020-03-21,2020-03-21 12:00:39,False,3,2,2,7,2,3,6,5,False,stages,6.35,5.85556,6.41667,6.61111,12.0092,20.9974,52.755,98,49,7.21667,52,10.4987,74,7189,7307.67,0,2.66667,45,48.3333,156,157.333,859,False,True,False,False,-1.81811,-2.66335,bad,False
p01,2020-03-22,2020-03-22 09:01:05,False,3,3,3,8,3,3,6,6,False,stages,6.8,6.27778,6.46667,6.42222,10.1322,14.2157,53.435,98,50,7.56667,46,8.82353,74,14653,10057.7,4,1.33333,101,65.6667,249,203,657,False,True,True,False,0,0,neutral,False
p01,2020-03-23,2020-03-23 10:39:13,False,3,3,3,8,3,3,6,0,False,stages,6.25,6.46667,6.46667,6.45,11.3475,16.2667,52.7857,99,50,7.05,48,12,73,4773,8871.67,0,1.33333,25,57,168,191,793,False,True,True,False,0,0,neutral,False
p01,2020-03-24,2020-03-24 18:03:13,False,3,3,2,8,3,3,7,1,False,stages,7.3,6.78333,5.75833,6.23056,10.9756,15.5251,53.6979,98,50,8.2,54,9.81735,76,5897,8441,1,1.66667,44,56.6667,149,188.667,824,False,True,False,False,-1.20605,-1.76674,bad,False
p01,2020-03-25,2020-03-25 12:25:45,False,3,3,3,8,3,2,5,2,False,stages,5.78333,6.44444,6.83333,6.35278,13.8958,11.5274,53.2434,99,50,6.71667,56,19.3084,71,5439,5369.67,2,1,16,28.3333,151,156,781,False,True,False,False,0,0,neutral,False
p01,2020-03-27,2020-03-27 22:44:34,False,2,2,2,6,3,2,5,4,False,stages,5.11667,5.93889,8.45,7.16667,11.0145,16.9381,52.5066,97,50,5.75,38,19.2182,72,7357,7305.67,2,1.33333,68,46,142,159.667,771,False,True,False,False,-3.04037,-4.45386,bad,False
p01,2020-03-28,2020-03-28 13:07:09,False,3,3,3,8,3,3,6,5,False,stages,5.9,5.97778,7.05833,7.24167,11.9403,16.6667,56.6391,96,50,6.7,48,1.41243,67,11532,9336.67,3,1.66667,93,71.6667,181,169.667,821,False,True,False,False,0,0,neutral,False
p01,2020-03-29,2020-03-29 10:02:16,False,3,3,3,8,3,3,5,6,False,stages,5.81667,5.61111,6.775,7.42778,13.7131,10.8883,58.2725,99,51,7.9,65,15.7593,62,16448,11779,5,3.33333,152,104.333,207,176.667,679,False,True,True,False,0,0,neutral,False
p01,2020-03-30,2020-03-30 09:24:02,False,3,3,3,8,3,3,6,0,False,stages,6.43333,6.05,6.28333,6.70556,8.74704,18.1347,56.4841,98,53,7.05,37,9.06736,78,6698,11559.3,0,2.66667,41,95.3333,145,177.667,840,False,True,True,False,0,0,neutral,False
p04,2019-11-01,2019-11-01 07:47:40,False,3,2,3,5,2,2,7,4,False,,,,,,,,,,,,,,,,,,,,,,,,True,False,False,False,-0.492868,-0.661424,bad,False
p04,2019-11-02,2019-11-02 09:00:12,False,3,2,4,5,3,2,7,5,False,,,,,,,,,,,,,,,,,,,,,,,,True,False,False,False,-0.104587,-0.140355,neutral,False
p04,2019-11-03,2019-11-03 09:55:36,False,4,3,3,5,3,2,6,6,False,,,,,,,,,,,,,,,,,,,,,,,,True,False,True,False,0.427734,0.574014,good,False
p04,2019-11-04,2019-11-04 09:10:23,False,4,3,2,5,2,4,6,0,False,,,,,,,,,,,,,,,,,,,,,,,,True,False,True,False,0.0394523,0.0529446,neutral,False
p04,2019-11-05,2019-11-05 11:02:07,False,3,3,2,6,4,2,6,1,False,,,,,,,,,,,,,,,,,,,,,,,,True,False,False,False,-0.388281,-0.521069,bad,False
p04,2019-11-06,2019-11-06 10:10:40,False,4,4,4,7,2,3,7,2,False,,,,,,,,,,,,,,,,,,,,,,,,True,False,False,False,1.30888,1.75651,good,False
p04,2019-11-07,2019-11-07 07:16:46,False,4,3,4,5,3,2,7,3,False,stages,6.93333,,4.59167,,14.9284,21.875,63.3595,94,67,8.15,73,25.2404,77,9243,,9,,41,,219,,,False,False,False,False,0.816015,1.09508,good,True
p04,2019-11-08,2019-11-08 07:12:55,False,5,3,4,6,2,3,6,4,False,stages,6.68333,6.80833,5.19167,4.89167,12.6362,29.1771,64.9167,95,66,7.65,58,22.6933,79,10246,9744.5,3,6,28,34.5,305,262,618,False,False,False,False,1.24375,1.6691,good,True
p04,2019-11-09,2019-11-09 09:00:35,False,3,3,3,5,2,4,8,5,False,stages,7.86667,7.16111,5.83333,5.20556,14.1818,30.7203,64.7389,94,65,9.16667,78,29.4492,83,11489,10326,26,12.6667,45,38,281,268.333,655,False,False,False,False,0,0,neutral,True
p04,2019-11-10,2019-11-10 10:38:48,False,5,4,5,7,3,4,8,6,False,stages,8.68333,7.74444,5.95833,5.66111,13.7417,22.4568,66.1167,93,66,10.0667,83,20.7294,84,7587,9774,4,11,39,37.3333,233,273,618,False,False,True,False,2.1249,2.85159,good,True
p04,2019-11-11,2019-11-11 07:24:01,False,3,3,2,6,4,3,7,0,False,stages,7.16667,7.90556,4.35833,5.38333,15.1874,11.6279,58.6569,94,66,8.45,77,22.5581,79,4954,8010,0,10,15,33,164,226,657,False,False,True,False,-0.388281,-0.521069,bad,True
p04,2019-11-12,2019-11-12 09:59:23,False,5,4,4,6,4,4,7,1,False,stages,7.36667,7.73889,3.51667,4.61111,20.3604,20.362,64.0916,95,64,9.25,113,26.2443,81,11076,7872.33,16,6.66667,71,41.6667,209,202,556,False,False,False,False,1.73662,2.33052,good,True
p04,2019-11-13,2019-11-13 10:10:22,False,5,2,4,6,2,3,7,2,False,stages,6.83333,7.12222,4.73333,4.20278,15.6379,17.0732,65.3236,95,64,8.1,76,25.122,76,18749,11593,30,15.3333,79,55,320,231,486,False,False,False,False,0.75088,1.00767,good,True
p04,2019-11-14,2019-11-14 07:11:42,False,4,4,4,6,3,2,7,3,False,stages,7.05,7.08333,4.19167,4.14722,17.2211,23.1678,65.8115,92,65,8.51667,88,14.4208,77,12890,14238.3,32,26,67,72.3333,198,242.333,597,False,False,False,False,1.30888,1.75651,good,True
p04,2019-11-15,2019-11-15 07:05:46,False,4,4,5,3,2,4,8,4,False,stages,7.83333,7.23889,3.69167,4.20556,14.2336,17.8723,62.79,91,65,9.13333,78,23.1915,78,11806,14481.7,0,20.6667,33,59.6667,290,269.333,606,False,False,False,False,1.69716,2.27758,good,True
p04,2019-11-16,2019-11-16 09:00:21,False,4,3,5,6,2,3,5,5,False,,,7.44167,,3.94167,,,,,,,,,,13614,12770,0,10.6667,62,54,273,253.667,557,False,False,False,False,1.2043,1.61615,good,False
p04,2019-11-17,2019-11-17 10:35:21,False,2,3,2,4,2,2,6,6,False,stages,5.88333,6.85833,9.49167,6.59167,9.71867,20.6799,78.706,94,64,6.51667,38,22.9462,69,10062,11827.3,0,0,20,38.3333,295,286,,False,False,True,False,-0.816015,-1.09508,bad,True
p04,2019-11-18,2019-11-18 08:49:15,False,3,3,4,6,4,4,7,0,False,stages,7.35,6.61667,4.4,6.94583,11.976,20.6349,61.4419,94,67,8.35,60,27.8912,86,10886,11520.7,36,12,65,49,163,243.667,821,False,False,True,False,0.388281,0.521069,good,True
p04,2019-11-19,2019-11-19 10:00:43,False,4,4,4,6,4,2,7,1,False,stages,6.91667,6.71667,4.5,6.13056,15.8215,21.6867,60.7532,91,65,8.21667,78,22.1687,77,13480,11476,30,22,57,47.3333,229,229,653,False,False,False,False,1.30888,1.75651,good,True
p04,2019-11-20,2019-11-20 10:23:38,False,2,3,3,6,3,3,6,2,False,stages,6.81667,7.02778,4.84167,4.58056,13.7131,23.4719,64.4988,93,63,7.9,65,18.8264,76,16346,13570.7,34,33.3333,78,66.6667,260,217.333,609,False,False,False,False,-0.427734,-0.574014,bad,True
p04,2019-11-21,2019-11-21 08:35:10,False,5,3,4,7,4,4,7,3,False,stages,7.3,7.01111,4.49167,4.61111,11.8712,26.9406,66.8798,94,63,8.28333,59,21.2329,80,9916,13247.3,12,25.3333,51,62,238,242.333,677,False,False,False,False,1.24375,1.6691,good,True
p04,2019-11-22,2019-11-22 08:04:28,False,3,3,2,5,1,2,6,4,False,stages,6.7,6.93889,5.025,4.78611,13.9186,23.3831,69.9696,91,64,7.78333,65,20.398,71,9199,11820.3,0,15.3333,19,49.3333,267,255,597,False,False,False,False,-0.388281,-0.521069,bad,True
p04,2019-11-23,2019-11-23 09:27:23,False,4,3,4,6,3,2,7,5,False,stages,8.05,7.35,5.975,5.16389,14.8148,17.8054,69.2927,88,66,9.45,84,23.1884,79,10338,9817.67,14,8.66667,22,30.6667,281,262,670,False,False,False,False,0.816015,1.09508,good,True
p04,2019-11-24,2019-11-24 10:10:09,False,4,2,4,4,4,2,6,6,True,stages,,7.375,,5.5,,,,,,,,,,8119,9218.67,7,7,16,19,247,265,533,False,False,True,False,0.323147,0.433659,neutral,False
p04,2019-11-25,2019-11-25 06:58:26,False,3,2,3,6,2,4,7,0,False,stages,7.61667,7.40556,3.88333,6.67222,11.4341,24.2888,61.1363,92,69,8.6,59,17.9431,85,12824,10427,2,7.66667,95,44.3333,177,235,708,False,False,True,False,-0.492868,-0.661424,bad,True
p04,2019-11-26,2019-11-26 07:29:43,False,3,3,3,4,3,4,7,1,False,stages,7.16667,7.11111,4.23333,6.09167,16.0156,24.4186,61.6155,94,67,8.53333,82,26.5116,83,16500,12481,25,11.3333,74,61.6667,239,221,611,False,False,False,False,0,0,neutral,True
p04,2019-11-27,2019-11-27 07:07:13,False,3,3,4,7,3,5,7,2,False,stages,7.15,7.31111,4.98333,4.36667,12.449,23.5431,66.2149,94,65,8.16667,61,23.0769,83,15853,15059,9,12,78,82.3333,304,240,546,False,False,False,False,0.388281,0.521069,good,True
p04,2019-11-28,2019-11-28 07:12:38,False,2,2,2,4,1,2,6,3,False,stages,6.8,7.03889,4.64167,4.61944,17.0732,19.6078,65.6295,94,65,8.2,84,20.5882,72,7519,13290.7,0,11.3333,0,50.6667,281,274.667,609,False,False,False,False,-1.30888,-1.75651,bad,True
p04,2019-11-29,2019-11-29 08:08:38,False,4,4,2,7,4,3,6,4,False,stages,6.53333,6.82778,5.09167,4.90556,14.4105,23.4694,65.506,94,65,7.63333,66,19.1327,75,13977,12449.7,34,14.3333,53,43.6667,257,280.667,568,False,False,False,False,0.532321,0.714368,good,True
p04,2019-11-30,2019-11-30 08:44:52,False,4,2,4,5,3,4,8,5,True,stages,,6.66667,,4.86667,,,,,,,,,,8448,9981.33,0,11.3333,10,21,248,262,,False,False,False,False,0.323147,0.433659,neutral,False
p04,2019-12-01,2019-12-01 09:57:33,False,4,3,4,3,2,2,6,6,False,stages,6.71667,7.47222,8.575,6.33889,9.02935,27.5434,79.1859,96,67,7.38333,40,28.7841,75,9049,10491.3,9,14.3333,44,35.6667,231,245.333,536,False,False,True,False,0.816015,1.09508,good,True
p04,2019-12-02,2019-12-02 09:01:03,False,4,3,3,6,2,4,6,0,False,stages,6.33333,7.40556,5.06667,6.33056,16.4835,15.2632,63.435,89,69,7.58333,75,20.7895,72,6495,7997.33,0,3,45,33,192,223.667,664,False,False,True,False,0.427734,0.574014,good,True
p04,2019-12-03,2019-12-03 07:16:44,False,3,3,3,6,4,2,6,1,False,stages,6.6,6.55,5.075,6.23889,14.8387,25.2525,65.5756,92,67,7.75,69,24.4949,77,16498,10680.7,38,15.6667,76,55,268,230.333,641,False,False,False,False,0,0,neutral,True
p04,2019-12-04,2019-12-04 08:17:02,False,4,2,3,6,2,3,6,2,False,stages,6.61667,6.51667,5.00833,5.05,14.2549,28.4635,66.9671,95,66,7.71667,66,17.3804,76,20814,14602.3,14,17.3333,102,74.3333,353,271,520,False,False,False,False,-0.0651346,-0.0874099,neutral,True
p04,2019-12-05,2019-12-05 07:40:23,False,3,3,2,6,3,4,7,3,False,stages,6.88333,6.7,4.79167,4.95833,13.4172,23.7288,65.2681,92,67,7.95,64,19.1283,79,6919,14743.7,0,17.3333,0,59.3333,288,303,689,False,False,False,False,-0.388281,-0.521069,bad,True
p04,2019-12-06,2019-12-06 10:33:43,False,3,3,3,5,2,3,6,4,False,stages,6.51667,6.67222,5.1,4.96667,13.6865,17.9028,68.9119,94,68,7.55,62,23.0179,74,10548,12760.3,8,7.33333,32,44.6667,318,319.667,613,False,False,False,False,0,0,neutral,True
p04,2019-12-07,2019-12-07 09:02:53,False,4,3,2,6,2,2,7,5,False,stages,7.8,7.06667,4.21667,4.70278,14.9091,30.3419,67.752,93,68,9.16667,82,26.9231,82,10875,9447.33,0,2.66667,21,17.6667,278,294.667,607,False,False,False,False,0.0394523,0.0529446,neutral,True
p04,2019-12-08,2019-12-08 12:47:19,False,5,3,5,5,4,2,7,6,False,stages,6.78333,7.03333,9.54167,6.28611,11.7137,22.113,76.9328,89,69,7.68333,54,24.57,73,9356,10259.7,1,3,22,25,286,294,582,False,False,True,False,1.63203,2.19017,good,True
p04,2019-12-09,2019-12-09 08:58:47,False,3,4,2,7,4,3,8,0,False,stages,8.45,7.67778,4.5,6.08611,14.6465,22.6824,61.674,92,71,9.9,87,21.6963,88,4214,8148.33,0,0.333333,24,22.3333,150,238,805,False,False,True,False,0.104587,0.140355,neutral,True
p04,2019-12-10,2019-12-10 10:37:44,False,3,2,3,5,2,1,8,1,False,stages,8.06667,7.76667,6.96667,7.00278,16.1179,14.0496,60.0335,91,69,9.61667,93,7.02479,80,9211,7593.67,38,13,65,37,148,194.667,633,False,False,False,False,-0.492868,-0.661424,bad,True
p04,2019-12-11,2019-12-11 07:16:11,False,3,2,2,6,4,3,7,2,False,stages,7.18333,7.9,4.30833,5.25833,15.1575,24.1299,64.1904,92,67,8.46667,77,24.3619,83,12137,8520.67,41,26.3333,70,53,151,149.667,642,False,False,False,False,-0.881149,-1.18249,bad,True
p04,2019-12-13,2019-12-13 07:04:57,False,5,3,4,5,2,4,6,4,False,stages,6.4,6.79167,4.28333,4.29583,20.1663,26.3021,63.9615,91,66,8.01667,97,21.0938,73,14554,12042.3,11,19.6667,63,67,258,204,,False,False,False,False,1.24375,1.6691,good,True
p04,2019-12-14,2019-12-14 07:32:54,False,3,3,2,6,4,4,7,5,True,stages,,,,,,,,,,,,,,8490,10826.7,0,6,0,43.6667,330,263.667,629,False,False,False,False,-0.388281,-0.521069,bad,False
p04,2019-12-15,2019-12-15 11:58:38,False,4,2,3,5,2,3,8,6,False,stages,8.1,7.81667,7.93333,5.82778,15.917,21.6049,72.3926,88,67,9.63333,92,17.9012,77,15680,12908,22,11,107,56.6667,275,287.667,453,False,False,True,False,-0.0651346,-0.0874099,neutral,True
p04,2019-12-16,2019-12-16 08:31:08,False,3,2,3,5,2,3,8,0,False,stages,7.88333,8.31111,3.4,5.53333,15.3846,19.4503,63.5414,90,69,9.31667,86,18.1818,78,5326,9832,4,8.66667,24,43.6667,172,259,666,False,False,True,False,-0.492868,-0.661424,bad,True
p04,2019-12-17,2019-12-17 07:14:46,False,4,3,4,6,2,2,8,1,False,stages,7.88333,7.95556,3.44167,4.925,15.5357,18.6047,63.2732,91,68,9.33333,87,19.6617,77,13718,11574.7,30,18.6667,47,59.3333,222,223,548,False,False,False,False,0.816015,1.09508,good,True
p04,2019-12-18,2019-12-18 08:04:16,False,4,3,2,6,2,2,7,2,False,stages,7.21667,7.66111,4.31667,3.71944,14.7638,19.8614,65.6607,89,67,8.46667,75,20.3233,79,16487,11843.7,25,19.6667,80,50.3333,275,223,525,False,False,False,False,0.0394523,0.0529446,neutral,True
p04,2019-12-19,2019-12-19 07:18:29,False,4,2,3,6,2,2,5,3,False,stages,5.31667,6.80556,6.30833,4.68889,14.4772,22.884,69.6526,93,67,6.21667,54,17.2414,69,8299,12834.7,0,18.3333,0,42.3333,253,250,679,False,False,False,False,-0.0651346,-0.0874099,neutral,True
p04,2019-12-20,2019-12-20 09:02:23,False,4,3,3,6,3,4,7,4,False,stages,6.86667,6.46667,4.46667,5.03056,14.1667,26.2136,60.792,92,68,8,68,24.5146,83,12453,12413,5,10,65,48.3333,218,248.667,703,False,False,False,False,0.427734,0.574014,good,True
p04,2019-12-21,2019-12-21 11:14:00,False,2,3,3,4,4,2,6,5,False,stages,6.66667,6.28333,8.93333,6.56944,13.6069,19.75,66.0637,92,65,7.71667,63,16.75,74,10979,10577,7,4,35,33.3333,268,246.333,585,False,False,False,True,-0.427734,-0.574014,bad,True
p04,2019-12-22,2019-12-22 08:50:16,False,2,3,2,5,3,2,6,6,True,stages,,6.76667,,6.7,,,,,,,,,,6260,9897.33,0,4,8,36,262,249.333,707,False,False,True,True,-0.816015,-1.09508,bad,False
p04,2019-12-23,2019-12-23 08:45:57,False,3,3,3,6,3,2,9,0,False,stages,8.15,7.41111,5.25,7.29722,14.2105,24.9489,60.9552,89,68,9.5,81,26.7894,90,7063,8100.67,1,2.66667,56,33,130,220,709,False,False,True,True,0,0,neutral,True
p04,2019-12-25,2019-12-25 09:04:43,False,3,2,4,5,3,2,7,2,True,stages,,7.575,,5.90417,,,,,,,,,,9567,9636,0,17,33,49.6667,263,187.333,670,False,False,False,True,-0.104587,-0.140355,neutral,False
p04,2019-12-26,2019-12-26 10:23:09,False,4,2,4,5,2,3,8,3,False,stages,7.8,7.67222,6.65,6.6,12.6866,25,61.9186,92,66,8.93333,68,23.7179,84,7881,9908.67,12,20.6667,60,51,155,195.667,643,False,False,False,True,0.323147,0.433659,neutral,True
p04,2019-12-27,2019-12-27 10:00:21,False,3,2,,3,1,2,6,4,True,stages,,8.00833,,6.62083,,,,,,,,,,16755,11401,1,4.33333,124,72.3333,240,219.333,540,False,False,False,True,,,,False
p04,2019-12-28,2019-12-28 09:05:49,False,3,1,3,5,3,3,7,5,False,stages,7,7.07778,6.81667,7.76667,15.6627,20.4762,64.4221,93,68,8.3,78,20.7143,77,5958,10198,0,4.33333,0,61.3333,203,199.333,783,False,False,False,True,-0.985736,-1.32285,bad,True
p04,2019-12-29,2019-12-29 07:50:42,False,3,2,2,5,2,2,6,6,True,stages,,6.71667,,8.325,,,,,,,,,,,11356.5,,0.5,,62,,221.5,,True,False,True,True,-0.881149,-1.18249,bad,False
p04,2019-12-30,2019-12-30 09:01:08,False,3,2,3,5,3,1,7,0,False,stages,7.28333,7.66111,6.34167,6.35556,15.9615,16.2471,65.9309,89,64,8.66667,83,14.6453,72,8812,7385,0,0,53,26.5,141,172,631,False,False,True,True,-0.492868,-0.661424,bad,True
p04,2019-12-31,2019-12-31 09:06:03,False,2,3,3,5,2,4,7,1,True,stages,,7.99167,,6.125,,,,,,,,,,8399,8605.5,0,0,38,45.5,197,169,685,False,False,False,True,-0.427734,-0.574014,bad,False
p04,2020-01-01,2020-01-01 11:45:36,False,3,2,3,4,3,2,6,2,False,stages,6.46667,7.65,10.3333,7.40278,13.0045,22.4227,71.8048,91,65,7.43333,58,22.1649,70,7255,8155.33,1,0.333333,32,41,189,175.667,558,False,False,False,True,-0.492868,-0.661424,bad,True
p04,2020-01-02,2020-01-02 11:23:17,False,3,3,3,6,4,2,8,3,False,stages,8.11667,7.92778,6.4,7.42222,18.9684,14.3737,60.2135,94,67,10.0167,114,17.4538,80,1997,5883.67,0,0.333333,0,23.3333,145,177,647,False,False,False,False,0,0,neutral,True
p04,2020-01-03,2020-01-03 09:17:03,False,2,1,3,3,3,1,8,4,False,stages,8.08333,7.55556,5.95,7.56111,13.0824,23.5052,61.7279,93,65,9.3,73,18.1443,87,11220,6824,17,6,50,27.3333,182,172,607,False,False,False,False,-1.41347,-1.89686,bad,True
p04,2020-01-04,2020-01-04 09:50:37,False,2,2,2,4,3,2,7,5,False,stages,7.71667,7.97222,6.93333,6.42778,13.2959,20.0864,62.9469,91,65,8.9,71,15.7667,79,,6608.5,,8.5,,25,,163.5,,True,False,False,False,-1.30888,-1.75651,bad,False
p04,2020-01-05,2020-01-05 09:35:25,False,3,2,3,5,3,2,7,6,False,stages,7.08333,7.62778,6.3,6.39444,20.2627,17.1765,62.9612,96,66,8.88333,108,8.47059,75,5617,8418.5,8,12.5,28,39,162,172,646,False,False,True,False,-0.492868,-0.661424,bad,True
p04,2020-01-06,2020-01-06 10:10:03,False,2,2,2,3,2,3,3,0,False,stages,2.65,5.81667,7.63333,6.95556,13.1148,19.4969,67.6055,92,66,3.05,24,33.3333,67,4805,5211,0,4,0,14,180,171,641,False,False,True,False,-1.30888,-1.75651,bad,True
p04,2020-01-07,2020-01-07 21:15:17,False,4,3,4,6,2,3,8,1,False,,,4.86667,,6.96667,,,,,,,,,,9532,6651.33,2,3.33333,16,14.6667,188,176.667,1053,False,False,False,False,0.816015,1.09508,good,False
p04,2020-01-08,2020-01-08 21:44:49,False,4,3,3,6,2,2,5,2,False,,,,,,,,,,,,,,,3502,5946.33,0,0.666667,11,9,128,165.333,1301,False,False,False,False,0.427734,0.574014,good,False
p04,2020-01-09,2020-01-09 20:41:17,False,4,2,2,6,3,4,6,3,False,stages,4.93333,,4.95,,14.4509,19.2568,87.1652,91,65,5.76667,50,8.44595,66,16382,9805.33,0,0.666667,36,21,176,164,1133,False,False,False,False,-0.453416,-0.608479,bad,True
p04,2020-01-10,2020-01-10 21:24:32,False,3,3,4,5,3,3,4,4,False,stages,6.61667,5.775,4.04167,4.49583,13.5076,24.6851,86.3961,93,64,7.65,62,14.1058,76,17713,12532.3,35,11.6667,81,42.6667,240,181.333,690,False,False,False,False,0.388281,0.521069,good,True
p04,2020-01-11,2020-01-11 22:46:09,False,4,3,5,6,3,4,6,5,False,stages,3.75,5.1,7.86667,5.61944,12.1094,14.6667,78.7772,94,64,4.26667,31,16.4444,58,12279,15458,44,26.3333,94,70.3333,306,240.667,581,False,False,False,False,1.2043,1.61615,good,True
p04,2020-01-12,2020-01-12 23:27:27,False,4,4,2,6,2,4,6,6,False,stages,7.83333,6.06667,4.46667,5.45833,13.9194,20.6383,79.2787,94,64,9.1,76,21.9149,80,6161,12051,0,26.3333,2,59,201,249,820,False,False,True,False,0.532321,0.714368,good,True
p04,2020-01-13,2020-01-13 22:17:56,False,3,2,2,5,2,2,6,0,False,stages,6.41667,6,3.75,5.36111,15.011,18.7013,78.6479,93,63,7.55,68,6.49351,75,12412,10284,0,14.6667,18,38,205,237.333,671,False,False,True,False,-0.881149,-1.18249,bad,True
p04,2020-01-14,2020-01-14 21:16:04,False,5,2,5,5,3,5,6,1,False,stages,6.73333,6.99444,3.98333,4.06667,13.3047,24.2574,73.5972,90,61,7.76667,62,14.3564,80,14609,11060.7,26,8.66667,75,31.6667,227,211,613,False,False,False,False,1.13916,1.52874,good,True
p04,2020-01-15,2020-01-15 21:35:04,False,3,2,2,4,4,2,7,2,False,stages,5.86667,6.33889,4.41667,4.05,15.7895,32.3864,86.6132,93,61,6.96667,66,25,77,14373,13798,5,10.3333,45,46,191,207.667,738,False,False,False,False,-0.881149,-1.18249,bad,True
p04,2020-01-16,2020-01-16 20:45:42,False,3,2,2,5,3,2,5,3,False,stages,6.95,6.51667,4.70833,4.36944,11.6525,32.1343,87.2668,94,61,7.86667,55,19.1847,79,13663,14215,54,28.3333,91,70.3333,164,194,642,False,False,False,False,-0.881149,-1.18249,bad,True
p04,2020-01-17,2020-01-17 21:58:17,False,5,3,4,6,3,4,7,4,False,stages,8.38333,7.06667,2.99167,4.03889,15.1771,28.827,84.3389,91,62,9.88333,90,18.2903,85,8257,12097.7,32,30.3333,81,72.3333,136,163.667,645,False,False,False,False,1.24375,1.6691,good,True
p04,2020-01-18,2020-01-18 21:47:42,False,4,2,4,5,2,5,6,5,False,stages,7.51667,7.61667,3.85,3.85,11.3949,34.3681,86.2972,93,62,8.48333,58,28.3814,87,9938,10619.3,0,28.6667,93,88.3333,185,161.667,569,False,False,False,False,0.323147,0.433659,neutral,True
p04,2020-01-19,2020-01-19 21:46:41,False,4,3,4,7,3,5,8,6,False,stages,7.7,7.86667,5.675,4.17222,13.4831,25.7576,83.0003,92,62,8.9,72,17.316,79,11842,10012.3,31,21,43,72.3333,225,182,588,False,False,True,False,0.816015,1.09508,good,True
p04,2020-01-20,2020-01-20 20:51:26,False,4,3,3,6,4,5,9,0,False,stages,7.88333,7.7,3.71667,4.41389,9.21305,28.7526,81.2909,96,63,8.68333,48,22.4101,84,10161,10647,0,10.3333,60,65.3333,140,183.333,706,False,False,True,False,0.427734,0.574014,good,True
p04,2020-01-21,2020-01-21 21:19:15,False,4,2,3,4,2,5,7,1,False,stages,8.8,8.12778,1.5,3.63056,12.2924,29.7348,95.6167,96,63,10.0333,74,27.0833,91,13756,11919.7,0,10.3333,8,37,131,165.333,780,False,False,False,False,-0.0651346,-0.0874099,neutral,True
p04,2020-01-22,2020-01-22 21:38:46,False,3,2,3,4,3,3,6,2,False,stages,7.28333,7.98889,3.74167,2.98611,5.81897,24.4851,80.0779,97,62,7.73333,27,21.0526,83,17981,13966,50,16.6667,134,67.3333,183,151.333,521,False,False,False,False,-0.492868,-0.661424,bad,True
p04,2020-01-24,2020-01-25 00:57:29,True,4,2,4,4,2,2,7,4,False,stages,6.83333,6.91111,5.9,4.86389,8.2774,25.8537,81.3401,98,64,7.45,37,17.8049,77,18826,14854,27,36.3333,134,108.667,217,186.667,629,False,False,False,False,0.323147,0.433659,neutral,True
p04,2020-01-25,2020-01-26 00:33:24,True,4,2,3,3,1,2,6,5,False,stages,7.51667,6.98889,4.88333,5.24444,11.3949,24.3902,84.8328,95,66,8.48333,58,16.1863,85,15565,14048.7,45,34.6667,79,90.3333,156,177.667,758,False,False,False,False,-0.0651346,-0.0874099,neutral,True
p04,2020-01-26,2020-01-26 22:34:51,False,3,2,2,5,2,4,8,6,False,stages,6.51667,6.95556,7.89167,6.225,11.1364,22.5064,83.8069,94,66,7.33333,49,20.2046,73,11832,15407.7,0,24,34,82.3333,269,214,628,False,False,True,False,-0.881149,-1.18249,bad,True
p04,2020-01-27,2020-01-27 21:26:29,False,4,3,4,6,2,5,7,0,False,stages,7.98333,7.33889,4.31667,5.69722,13.6937,32.1503,89.5244,97,68,9.25,76,20.4593,85,8620,12005.7,3,16,33,48.6667,177,200.667,729,False,False,True,False,0.816015,1.09508,good,True
p04,2020-01-28,2020-01-28 19:58:19,False,4,3,4,5,4,2,6,1,False,stages,6.93333,7.14444,4.65833,5.62222,10.9208,24.7596,79.3057,96,66,7.78333,51,27.8846,80,7617,9356.33,29,10.6667,41,36,114,186.667,,False,False,False,False,0.816015,1.09508,good,True
p04,2020-01-29,2020-01-29 21:43:20,False,4,2,4,4,2,4,7,2,False,stages,6.43333,7.11667,2.95833,3.97778,11.4679,19.4301,92.8815,89,66,7.26667,50,23.8342,77,14516,10251,0,10.6667,0,24.6667,194,161.667,717,False,False,False,False,0.323147,0.433659,neutral,True
p04,2020-01-30,2020-01-31 02:25:56,True,4,2,3,5,2,3,4,3,False,stages,7.25,6.87222,4.5,4.03889,7.83898,29.1954,79.0635,97,65,7.86667,37,30.1149,85,12458,11530.3,0,9.66667,149,63.3333,276,194.667,579,False,False,False,False,-0.0651346,-0.0874099,neutral,True
p04,2020-01-31,2020-02-01 03:32:32,True,4,2,4,5,3,5,8,4,False,stages,3.23333,5.63889,9.08333,5.51389,10.5991,14.433,89.3404,93,65,3.61667,23,30.4124,65,5280,10751.3,0,0,0,49.6667,153,207.667,815,False,False,False,False,0.323147,0.433659,neutral,True
p04,2020-02-02,2020-02-02 05:30:02,False,3,2,4,3,2,3,5,6,True,stages,,5.675,,6.47083,,,,,,,,,,18282,11018.3,36,12,114,53.6667,222,219.667,460,False,False,True,False,-0.104587,-0.140355,neutral,False
p04,2020-02-03,2020-02-04 02:24:14,True,3,3,2,4,2,3,1,0,False,stages,6.51667,6.50556,4.51667,5.92778,9.90783,30.179,89.2664,95,71,7.23333,43,24.0409,82,7367,11714,0,12,58,73,248,251.333,809,False,False,True,False,-0.388281,-0.521069,bad,True
p04,2020-02-04,2020-02-05 01:57:05,True,4,3,5,5,2,3,8,1,False,stages,3.76667,5.05556,8.225,7.38333,11.0236,19.0265,102.939,97,71,4.23333,28,19.0265,58,21213,15620.7,38,24.6667,144,105.333,245,238.333,617,False,False,False,False,1.2043,1.61615,good,True
p04,2020-02-05,2020-02-06 01:20:09,True,3,2,3,5,2,2,6,2,False,stages,9.83333,6.70556,2.825,5.18889,15.4728,30.1695,73.2402,89,73,11.6333,108,18.6441,86,12657,13745.7,3,13.6667,67,89.6667,332,275,787,False,False,False,False,-0.492868,-0.661424,bad,True
p04,2020-02-06,2020-02-07 04:00:26,True,3,2,4,4,3,2,8,3,False,stages,6.7,6.76667,2.60833,4.55278,15.7233,22.3881,76.9279,92,71,7.95,75,19.9005,75,12630,15500,0,13.6667,46,85.6667,210,262.333,486,False,False,False,False,-0.104587,-0.140355,neutral,True
p04,2020-02-08,2020-02-09 03:18:33,True,3,3,2,6,1,4,7,5,False,stages,8.45,8.16667,4.525,3.48889,9.78648,33.3333,76.8315,91,68,9.36667,55,17.5542,86,7382,10783.3,21,9.33333,31,33,195,238,541,False,False,False,False,-0.388281,-0.521069,bad,True
p04,2020-02-09,2020-02-10 02:55:00,True,3,4,2,4,3,2,6,6,False,stages,3.88333,7.22778,6.25833,4.70556,10.0386,26.6094,,92,68,4.31667,26,21.4592,61,7683,9134.33,0,9.33333,23,25.3333,235,246.333,620,False,False,True,False,0.104587,0.140355,neutral,True
p04,2020-02-10,2020-02-11 01:37:14,True,4,3,3,6,3,2,6,0,False,stages,4.01667,5.45,8.575,6.45278,6.58915,34.0249,78.5221,93,68,4.3,17,24.4813,73,5208,6757.67,10,10.3333,26,26.6667,204,211.333,924,False,False,True,False,0.427734,0.574014,good,True
p04,2020-02-11,2020-02-12 01:18:53,True,3,2,2,5,4,2,7,1,False,stages,5.96667,4.62222,4.19167,6.34167,11.3861,29.6089,83.4034,92,68,6.73333,46,19.8324,76,7409,6766.67,0,3.33333,0,16.3333,231,223.333,790,False,False,False,False,-0.881149,-1.18249,bad,True
p04,2020-02-12,2020-02-13 03:51:09,True,5,4,3,6,2,4,7,2,False,stages,7.16667,5.71667,3.50833,5.425,13.6546,17.6744,78.1727,87,67,8.3,68,17.2093,76,14886,9167.67,0,3.33333,93,39.6667,205,213.333,645,False,False,False,False,1.34834,1.80945,good,True
p04,2020-02-15,2020-02-15 14:35:57,False,4,2,3,6,3,4,5,5,False,stages,6.03333,6.75833,10.5917,7.70833,11.0565,30.1105,89.0375,90,69,6.78333,45,25.4144,69,4638,10409.3,15,14.6667,0,19.6667,203,270,1027,False,False,False,False,-0.0651346,-0.0874099,neutral,True
p04,2020-02-16,2020-02-16 07:30:45,False,3,3,3,6,3,3,6,6,True,classic,,,,,,,,,,,,,,,8295.5,,7.5,,0,,246.5,,True,False,True,False,0,0,neutral,False
p04,2020-02-17,2020-02-17 08:38:05,False,3,3,4,7,4,4,8,0,False,stages,6.1,4.96111,7.7,11.9639,11.3801,28.6885,69.8975,93,70,6.88333,47,22.1311,79,6002,5320,0,7.5,30,15,77,140,,False,False,True,False,0.388281,0.521069,good,True
p04,2020-02-18,2020-02-18 06:49:52,False,3,3,3,6,3,2,6,1,False,stages,6.53333,5.12778,4.05833,9.78611,13.2743,21.9388,66.9009,91,70,7.53333,60,22.1939,76,9639,7820.5,25,12.5,31,30.5,235,156,761,False,False,False,False,0,0,neutral,True
p04,2020-02-19,2020-02-19 06:21:59,False,3,3,2,5,2,2,7,2,False,stages,6.86667,6.5,4.30833,5.35556,14.876,27.6699,67.4263,92,70,8.06667,72,21.6019,77,12997,9546,3,9.33333,25,28.6667,349,220.333,614,False,False,False,False,-0.388281,-0.521069,bad,True
p04,2020-02-20,2020-02-20 11:26:22,False,3,3,3,5,2,4,10,3,False,stages,9.65,7.68333,2.88333,3.75,11.6031,25.0432,68.1298,92,69,10.9167,76,23.6615,88,8727,10454.3,0,9.33333,21,25.6667,244,276,691,False,False,False,False,0,0,neutral,True
p04,2020-02-21,2020-02-21 06:51:29,False,3,3,3,5,2,4,9,4,False,stages,9.2,8.57222,2.45833,3.21667,11.3965,25.3623,71.6196,92,69,10.3833,71,23.7319,85,11174,10966,24,9,51,32.3333,253,282,481,False,False,False,False,0,0,neutral,True
p04,2020-02-22,2020-02-22 08:50:37,False,3,3,3,5,2,5,8,5,False,stages,8.06667,8.97222,4.66667,3.33611,12.3188,20.0413,73.5404,93,70,9.2,68,23.9669,82,12973,10958,16,13.3333,52,41.3333,345,280.667,420,False,False,False,False,0,0,neutral,True
p04,2020-02-23,2020-02-23 08:27:57,False,3,2,3,4,3,3,6,6,False,stages,5.66667,7.64444,7.39167,4.83889,13.7056,25.2941,78.9551,93,73,6.56667,54,24.4118,67,8584,10910.3,3,14.3333,0,34.3333,252,283.333,636,False,False,True,False,-0.492868,-0.661424,bad,True
p04,2020-02-24,2020-02-24 07:29:29,False,4,3,3,6,3,4,8,0,False,stages,8.35,7.36111,3.70833,5.25556,9.40325,31.3373,70.849,96,73,9.21667,52,25.1497,91,,10778.5,,9.5,,26,,298.5,,True,False,True,False,0.427734,0.574014,good,False
p04,2020-02-25,2020-02-25 14:50:42,False,5,3,4,6,3,4,7,1,False,stages,7.36667,7.12778,4.16667,5.08889,13.6719,19.457,67.9551,97,73,8.53333,70,21.267,82,15304,11944,32,17.5,48,24,336,294,503,False,False,False,False,1.24375,1.6691,good,True
p04,2020-02-26,2020-02-26 07:45:58,False,3,3,3,6,3,4,7,2,False,stages,7.4,7.70556,4.20833,4.02778,12.7701,24.3243,69.4763,93,72,8.48333,65,19.8198,83,13344,14324,3,17.5,17,32.5,314,325,597,False,False,False,False,0,0,neutral,True
p04,2020-02-27,2020-02-27 07:13:43,False,5,4,4,7,3,4,7,3,False,stages,7.35,7.37222,4.30833,4.22778,13.189,21.9955,67.7528,91,71,8.46667,67,20.1814,81,13680,14109.3,11,15.3333,51,38.6667,267,305.667,613,False,False,False,False,1.73662,2.33052,good,True
p04,2020-02-28,2020-02-28 07:16:18,False,3,2,3,4,2,3,7,4,False,stages,7.06667,7.27222,5.20833,4.575,12.0332,21.934,78.2105,89,70,8.03333,58,20.0472,73,15236,14086.7,44,19.3333,68,45.3333,284,288.333,580,False,False,False,False,-0.492868,-0.661424,bad,True
p04,2020-02-29,2020-02-29 09:00:10,False,3,2,3,3,2,4,8,5,False,stages,7.96667,7.46111,5.04167,4.85278,11.1524,29.0795,69.4108,95,72,8.96667,60,16.9456,85,9925,12947,0,18.3333,25,48,266,272.333,667,False,False,False,False,-0.492868,-0.661424,bad,True
p04,2020-03-01,2020-03-01 08:24:53,False,3,2,3,4,3,3,5,6,False,stages,5,6.67778,8.5,6.25,14.7727,14.3333,83.9696,91,73,5.86667,52,26,60,13963,13041.3,3,15.6667,13,35.3333,319,289.667,570,False,False,True,False,-0.492868,-0.661424,bad,True
p04,2020-03-02,2020-03-02 08:08:51,False,2,1,2,2,3,2,8,0,True,stages,,6.48333,,6.77083,,,,,,,,,,10447,11445,11,4.66667,129,55.6667,86,223.667,,False,False,True,False,-1.80175,-2.41793,bad,False
p04,2020-03-03,2020-03-03 07:33:11,False,3,3,3,4,3,4,8,1,False,stages,8.86667,8.11111,3.31667,5.09722,13.0719,25.5639,71.7218,92,76,10.2,80,17.4812,86,273,8227.67,0,4.66667,0,47.3333,26,143.667,478,False,False,False,False,0,0,neutral,True
p04,2020-03-04,2020-03-04 08:27:40,False,3,3,3,5,3,4,9,2,False,stages,9.08333,9.47222,3.85,3.54722,14.4427,27.5229,65.7772,96,74,10.6167,92,17.9817,87,6684,5801.33,0,3.66667,47,58.6667,102,71.3333,679,False,False,False,False,0,0,neutral,True
p04,2020-03-05,2020-03-05 09:00:27,False,4,3,3,5,2,4,8,3,False,stages,7.85,8.6,5.2,4.12222,12.939,24.4161,69.0027,95,71,9.01667,70,26.1146,84,7560,4839,11,3.66667,27,24.6667,216,114.667,560,False,False,False,False,0.427734,0.574014,good,True
p04,2020-03-07,2020-03-07 09:17:42,False,3,3,3,5,3,4,8,5,False,stages,8.5,8.65,5.00833,4.85278,12.9693,25.8824,68.8397,89,72,9.76667,76,25.098,87,7294,6888,4,5,57,39.6667,156,173.333,576,False,False,False,False,0,0,neutral,True
p04,2020-03-08,2020-03-08 09:01:10,False,4,3,3,6,3,4,6,6,False,stages,6.15,8.08333,6.31667,5.225,13.3803,29.8103,65.7168,96,72,7.1,57,22.4932,80,7034,6712.67,0,1.33333,29,40.3333,166,156.667,659,False,False,True,False,0.427734,0.574014,good,True
p04,2020-03-09,2020-03-09 07:15:09,False,3,3,2,6,2,3,7,0,False,stages,7.28333,7.31111,4.51667,5.28056,11.359,21.0526,69.2105,93,71,8.21667,56,28.3753,83,7091,7139.67,4,2.66667,59,48.3333,153,158.333,802,False,False,True,False,-0.388281,-0.521069,bad,True
p04,2020-03-10,2020-03-10 07:32:07,False,3,3,2,6,3,4,7,1,False,stages,7.31667,6.91667,4.40833,5.08056,13.0693,25.2847,69.1399,94,72,8.41667,66,18.451,82,16648,10257.7,31,11.6667,94,60.6667,264,194.333,589,False,False,False,False,-0.388281,-0.521069,bad,True
p04,2020-03-11,2020-03-11 09:26:12,False,4,3,3,7,3,3,7,2,False,stages,7.03333,7.21111,4.94167,4.62222,10.2128,23.9336,69.6685,96,71,7.83333,48,22.2749,84,17067,13602,21,18.6667,89,80.6667,310,242.333,536,False,False,False,False,0.427734,0.574014,good,True
p04,2020-03-12,2020-03-12 09:00:25,False,3,3,3,4,1,4,6,3,False,stages,6.23333,6.86111,5.88333,5.07778,11.1639,27.2727,70.8648,97,72,7.01667,47,18.4492,79,9763,14492.7,9,20.3333,26,69.6667,246,273.333,698,False,True,False,False,0,0,neutral,False
p04,2020-03-13,2020-03-13 09:03:49,False,4,3,3,6,2,4,7,4,False,stages,7.91667,7.06111,3.84167,4.88889,11.3806,21.4737,62.9852,95,71,8.93333,61,23.1579,84,7080,11303.3,0,10,24,46.3333,203,253,792,False,True,False,False,0.427734,0.574014,good,False
p04,2020-03-14,2020-03-14 08:15:09,False,3,2,3,6,3,2,5,5,False,stages,5.6,6.58333,6.98333,5.56944,14.5038,16.6667,68.5635,90,71,6.55,57,31.8452,71,14138,10327,37,15.3333,72,40.6667,176,208.333,656,False,True,False,False,-0.492868,-0.661424,bad,False
p04,2020-03-15,2020-03-15 08:11:45,False,3,3,1,5,3,4,8,6,False,stages,7.2,6.90556,4.66667,5.16389,12.7273,27.5463,67.2399,97,71,8.25,63,25.6944,84,,10609,,18.5,,48,,189.5,,True,True,True,False,-0.776563,-1.04214,bad,False
p04,2020-03-16,2020-03-16 09:03:40,False,3,3,3,5,3,3,8,0,False,stages,7.56667,6.78889,6.01667,5.88889,12.8599,24.2291,65.0117,92,71,8.68333,67,23.7885,85,5914,10026,0,18.5,0,36,200,188,646,False,True,True,False,0,0,neutral,False
p04,2020-03-17,2020-03-17 09:00:12,False,3,4,3,6,2,4,8,1,False,stages,8.23333,7.66667,4.08333,4.92222,16.6948,15.1822,66.1189,92,68,9.88333,99,13.5628,79,5684,5799,0,0,54,27,136,168,729,False,True,False,False,0.492868,0.661424,good,False
p04,2020-03-18,2020-03-18 09:00:10,False,3,3,3,5,2,4,8,2,False,stages,7.13333,7.64444,4.53333,4.87778,14.2285,21.2617,66.0402,95,67,8.31667,71,24.2991,80,7855,6484.33,0,0,46,33.3333,131,155.667,670,False,True,False,False,0,0,neutral,False
p04,2020-03-19,2020-03-19 13:09:44,False,4,3,3,6,3,3,6,3,False,stages,6.58333,7.31667,7.55833,5.39167,11.6331,24.0506,67.874,97,68,7.45,52,17.4684,78,9610,7716.33,29,9.66667,37,45.6667,180,149,724,False,True,False,False,0.427734,0.574014,good,False
p04,2020-03-20,2020-03-20 09:27:06,False,2,3,2,5,2,2,7,4,False,stages,8.46667,7.39444,4.575,5.55556,14.044,20.8661,70.0959,91,68,9.85,83,20.2756,82,7195,8220,11,13.3333,75,52.6667,133,148,785,False,True,False,False,-0.816015,-1.09508,bad,False
p04,2020-03-21,2020-03-21 09:12:36,False,3,3,3,5,2,3,7,5,False,stages,4.93333,6.66111,5.16667,5.76667,13.4503,24.3243,68.6028,91,70,5.7,46,22.2973,72,8379,8394.67,0,13.3333,70,60.6667,108,140.333,671,False,True,False,False,0,0,neutral,False
p04,2020-03-22,2020-03-22 10:49:28,False,3,2,3,4,3,3,6,6,False,stages,6.21667,6.53889,9.84167,6.52778,11.8203,26.5416,69.379,92,70,7.05,50,22.252,74,,7787,,5.5,,72.5,,120.5,,True,True,True,False,-0.492868,-0.661424,bad,False
p04,2020-03-23,2020-03-23 09:10:22,False,3,3,3,5,3,4,8,0,False,stages,8.25,6.46667,4.68333,6.56389,14.6552,27.8788,60.4203,95,70,9.66667,85,20.8081,89,9010,8694.5,0,0,58,64,144,126,815,False,True,True,False,0,0,neutral,False
p04,2020-03-24,2020-03-24 09:00:09,False,3,3,3,4,1,3,6,1,False,stages,6.41667,6.96111,5.48333,6.66944,10.4651,22.0779,67.1327,95,68,7.16667,45,21.8182,80,12666,10838,65,32.5,79,68.5,143,143.5,638,False,True,False,False,0,0,neutral,False
p04,2020-03-25,2020-03-25 09:26:37,False,3,3,3,5,2,4,7,2,False,stages,6.96667,7.21111,5.775,5.31389,13.8144,28.9474,64.8347,95,67,8.08333,67,26.0766,80,10418,10698,8,24.3333,57,64.6667,267,184.667,686,False,True,False,False,0,0,neutral,False
p04,2020-03-26,2020-03-26 09:12:20,False,3,3,3,5,2,3,7,3,False,stages,7.85,7.07778,4.66667,5.30833,15.4399,15.9236,68.5628,91,67,9.28333,86,28.6624,77,9107,10730.3,38,37,60,65.3333,119,176.333,707,False,True,False,False,0,0,neutral,False
p04,2020-03-27,2020-03-27 09:12:28,False,3,3,3,6,3,3,8,4,False,stages,8.1,7.63889,4.59167,5.01111,10.6618,25.1029,63.4175,93,67,9.06667,58,23.6626,89,10188,9904.33,44,30,64,60.3333,109,165,710,False,True,False,False,0,0,neutral,False
p04,2020-03-28,2020-03-28 09:00:10,False,3,3,3,5,3,4,9,5,False,stages,9.03333,8.32778,4.75833,4.67222,11.7264,22.3247,63.8482,93,67,10.2333,72,22.8782,88,7149,8814.67,0,27.3333,32,52,185,137.667,679,False,True,False,False,0,0,neutral,False
p04,2020-03-29,2020-03-29 11:10:26,False,3,2,2,4,2,2,8,6,False,stages,7.36667,8.16667,6.16667,5.17222,8.39416,25.3394,68.7217,95,66,9.13333,46,21.9457,84,13075,10137.3,5,16.3333,113,69.6667,141,145,572,False,True,True,False,-0.881149,-1.18249,bad,False
p04,2020-03-30,2020-03-30 10:01:58,False,3,3,3,6,2,3,10,0,False,stages,9.81667,8.73889,5.24167,5.38889,8.96445,26.6553,61.9958,96,67,10.7833,58,15.4499,90,7970,9398,0,1.66667,49,64.6667,149,158.333,754,False,True,True,False,0,0,neutral,False
p05,2019-11-01,2019-11-01 07:30:18,False,3,3,3,8,3,2,5,4,False,,,,,,,,,,,,,,,,,,,,,,,,True,False,False,False,0,0,neutral,False
p05,2019-11-02,2019-11-02 18:06:23,False,2,2,2,0,2,2,4,5,False,stages,5.05,,6.39167,,6.76923,28.3828,64.948,96,64,5.41667,22,23.4323,73,14306,,0,,78,,318,,556,False,False,False,False,-1.30728,-1.57927,bad,True
p05,2019-11-03,2019-11-03 06:37:34,False,3,1,3,0,3,2,3,6,False,stages,3.73333,4.39167,7.81667,7.10417,13.1783,29.4643,63.5819,89,66,4.3,34,22.7679,66,13349,13827.5,3,1.5,42,60,298,308,775,False,False,True,False,-1.03733,-1.25315,bad,True
p05,2019-11-04,2019-11-04 08:30:18,False,1,3,1,0,3,2,5,0,False,,,4.39167,,7.10417,,,,,,,,,,9037,12230.7,7,3.33333,46,55.3333,267,294.333,767,False,False,True,False,-1.57723,-1.90538,bad,False
p05,2019-11-05,2019-11-05 07:01:30,False,1,3,1,0,3,3,5,1,False,,,,,,,,,,,,,,,13240,11875.3,0,3.33333,82,56.6667,255,273.333,1103,False,False,False,False,-1.57723,-1.90538,bad,False
p05,2019-11-07,2019-11-07 08:28:41,False,1,1,1,0,3,2,4,3,False,stages,5.38333,5.45833,5.60833,5.75833,9.26966,22.291,56.8629,91,66,5.93333,33,27.2446,78,11297,13145,0,0.666667,31,70,251,269,787,False,False,False,False,-2.61456,-3.15853,bad,True
p05,2019-11-09,2019-11-09 07:00:12,False,2,2,1,0,3,2,4,5,False,stages,5.95,5.80556,5.275,5.58611,9.84848,31.3725,57.6592,94,66,6.6,39,21.8487,79,12376,14306.7,0,10,49,67,257,267,713,False,False,False,False,-1.69231,-2.0444,bad,True
p05,2019-11-10,2019-11-10 07:45:26,False,1,1,1,0,3,1,4,6,False,stages,6.03333,6.02222,5.38333,5.51111,9.72569,22.9282,60.4076,99,65,6.68333,39,20.1657,83,11928,14517,0,10,113,94.3333,231,260.333,614,False,False,True,False,-2.61456,-3.15853,bad,True
p05,2019-11-11,2019-11-11 07:43:20,False,2,2,2,0,3,2,4,0,False,,,5.99167,,5.32917,,,,,,,,,,,12152,,0,,81,,244,,True,False,True,False,-1.30728,-1.57927,bad,False
p05,2019-11-12,2019-11-12 08:37:15,False,2,3,2,0,3,2,5,1,False,,,,,,,,,,,,,,,,,,,,,,,,True,False,False,False,-0.788614,-0.952691,bad,False
p05,2019-11-13,2019-11-13 06:53:56,False,2,3,2,0,3,3,5,2,False,stages,4.68333,,6.36667,,10.5096,25.6228,58.4916,96,64,5.23333,33,20.2847,76,,,,,,,,,,True,False,False,False,-0.788614,-0.952691,bad,False
p05,2019-11-14,2019-11-14 07:44:59,False,1,2,1,0,3,2,4,3,False,stages,5.65,5.16667,5.78333,6.075,13.5204,23.0088,60.2617,92,61,6.53333,53,21.8289,74,13899,,0,,91,,259,,776,False,False,False,False,-2.09589,-2.53196,bad,True
p05,2019-11-15,2019-11-15 09:02:18,False,2,2,2,0,3,2,4,4,False,stages,7.25,5.86111,4.15833,5.43611,14.2012,18.6207,60.7654,93,61,8.45,72,11.954,76,12427,13163,2,1,78,84.5,218,238.5,752,False,False,False,False,-1.30728,-1.57927,bad,True
p05,2019-11-16,2019-11-16 08:04:30,False,3,3,3,0,3,2,5,5,False,stages,5.7,6.2,6.01667,5.31944,12.9771,26.0234,58.5932,96,61,6.55,51,11.6959,76,16259,14195,5,2.33333,142,103.667,285,254,506,False,False,False,False,0,0,neutral,True
p05,2019-11-17,2019-11-17 07:48:32,False,3,3,3,0,3,3,4,6,False,stages,6.26667,6.40556,5.55,5.24167,15.8837,28.9894,56.8105,91,61,7.45,71,5.05319,72,7808,12164.7,0,2.33333,8,76,279,260.667,760,False,False,True,False,0,0,neutral,True
p05,2019-11-18,2019-11-18 06:57:34,False,2,2,2,0,3,2,4,0,False,stages,5.31667,5.76111,5.9,5.82222,9.88701,21.3166,56.3509,100,61,5.9,35,26.3323,79,13590,12552.3,0,1.66667,76,75.3333,287,283.667,630,False,False,True,False,-1.30728,-1.57927,bad,True
p05,2019-11-19,2019-11-19 09:04:53,False,1,3,2,0,3,3,4,1,False,,,5.79167,,5.725,,,,,,,,,,9090,10162.7,0,0,39,41,212,259.333,835,False,False,False,False,-1.1922,-1.44025,bad,False
p05,2019-11-20,2019-11-20 07:38:27,False,2,1,1,0,3,2,4,2,False,stages,7,6.15833,4.41667,5.15833,12.8631,21.9048,59.8252,93,60,8.03333,62,18.5714,81,13253,11977.7,0,0,49,54.6667,335,278,1056,False,False,False,False,-2.21097,-2.67098,bad,True
p05,2019-11-21,2019-11-21 07:24:40,False,2,2,2,0,3,3,4,3,False,stages,7,7,4.81667,4.61667,11.0169,25.4762,54.7038,93,60,7.86667,52,19.5238,85,14021,12121.3,16,5.33333,100,62.6667,206,251,652,False,False,False,False,-1.30728,-1.57927,bad,True
p05,2019-11-23,2019-11-23 07:08:59,False,3,2,2,0,3,2,4,5,False,stages,7.41667,6.90556,3.925,4.98333,10.6426,22.2472,60.2911,94,61,8.3,53,9.88764,81,13553,13430.7,2,6,124,84.3333,264,252.333,630,False,False,False,False,-0.903691,-1.09171,bad,True
p05,2019-11-24,2019-11-24 08:46:54,False,2,3,2,0,2,2,4,6,False,stages,6.45,6.72222,5.65833,5.26389,11.4416,18.863,59.6953,92,61,7.28333,50,12.1447,74,9188,11819.7,0,0.666667,17,56.6667,287,279.333,638,False,False,True,False,-0.788614,-0.952691,bad,True
p05,2019-11-25,2019-11-25 09:00:11,False,3,1,1,0,3,2,3,0,False,stages,6.35,6.73889,6.65,5.41111,11.1888,21.5223,54.1011,93,60,7.15,48,9.44882,78,10260,11000.3,4,2,55,65.3333,218,256.333,656,False,False,True,False,-1.80738,-2.18342,bad,True
p05,2019-11-26,2019-11-26 08:03:38,False,1,1,1,0,3,2,3,1,False,stages,5.85,6.21667,5.09167,5.8,8.83117,25.9259,59.8653,99,61,6.41667,34,15.3846,78,8388,9278.67,3,2.33333,39,37,234,246.333,738,False,False,False,False,-2.61456,-3.15853,bad,True
p05,2019-11-27,2019-11-27 09:54:19,False,2,3,2,0,3,2,4,2,False,stages,6.46667,6.22222,5.80833,5.85,13.1991,22.1649,60.4181,94,61,7.45,59,19.0722,79,9234,9294,0,2.33333,48,47.3333,190,214,817,False,False,False,False,-0.788614,-0.952691,bad,True
p05,2019-11-28,2019-11-28 09:38:22,False,2,1,2,0,3,2,4,3,False,stages,7.41667,6.57778,4.725,5.20833,9.18367,23.3708,61.5434,96,62,8.16667,45,23.3708,84,13224,10282,0,1,113,66.6667,258,227.333,622,False,False,False,False,-1.82594,-2.20584,bad,True
p05,2019-11-30,2019-11-30 08:51:58,False,3,2,2,0,3,2,5,5,False,stages,6.75,7.08889,6.85,5.46389,11.3786,21.2346,60.9109,94,63,7.61667,52,20,79,11829,11892,0,1,81,88.3333,222,244,666,False,False,False,False,-0.903691,-1.09171,bad,True
p05,2019-12-01,2019-12-01 07:27:08,False,3,2,2,0,3,3,4,6,False,stages,5.31667,6.38889,6.275,5.98056,6.72515,28.8401,60.3091,99,63,5.7,23,16.9279,78,16879,13110.3,10,4.33333,152,101.333,255,243,576,False,False,True,False,-0.903691,-1.09171,bad,True
p05,2019-12-02,2019-12-02 21:41:22,False,3,2,1,0,3,2,5,0,False,stages,6.01667,6.02778,5.15,6.09167,8.37563,22.1607,58.2276,96,64,6.56667,33,25.2078,81,14397,14368.3,1,3.66667,111,114.667,236,237.667,751,False,False,True,False,-1.28872,-1.55684,bad,True
p05,2019-12-03,2019-12-03 17:33:29,False,3,1,1,0,3,2,3,1,False,stages,4.31667,5.21667,6.10833,5.84444,9.44056,23.5521,60.1058,97,64,4.76667,27,22.3938,73,8942,13406,7,6,69,110.667,181,224,796,False,False,False,False,-1.80738,-2.18342,bad,True
p05,2019-12-04,2019-12-04 07:25:40,False,2,2,1,0,3,2,4,2,False,stages,5.03333,5.12222,6.43333,5.89722,10.119,25.4967,63.5757,96,65,5.6,34,18.2119,78,9870,11069.7,0,2.66667,56,78.6667,228,215,870,False,False,False,False,-1.69231,-2.0444,bad,True
p05,2019-12-05,2019-12-05 09:49:06,False,1,1,1,0,3,2,4,3,False,stages,6.05,5.13333,5.90833,6.15,10.3704,20.1102,60.7406,95,66,6.75,42,29.4766,80,13212,10674.7,6,4.33333,111,78.6667,225,211.333,768,False,False,False,False,-2.61456,-3.15853,bad,True
p05,2019-12-06,2019-12-06 06:58:54,False,4,2,3,0,3,3,5,4,False,stages,6.68333,5.92222,4.9,5.74722,9.68468,25.4364,67.4682,97,66,7.4,43,15.212,77,,11541,,3,,83.5,,226.5,,True,False,False,False,-0.115077,-0.13902,neutral,False
p05,2019-12-07,2019-12-07 10:33:34,False,2,3,3,0,3,2,5,5,False,stages,4.65,5.79444,6.05,5.61944,10.5769,20.7885,60.471,94,67,5.2,33,27.5986,71,17324,15268,0,3,146,128.5,255,240,595,False,False,False,False,-0.403587,-0.487556,neutral,True
p05,2019-12-08,2019-12-08 09:03:17,False,3,2,3,0,3,3,5,6,False,stages,5.18333,5.50556,6.625,5.85833,3.41615,27.0096,57.8467,100,67,5.36667,11,21.2219,85,12651,14987.5,0,0,20,83,366,310.5,742,False,False,True,False,-0.518665,-0.626576,bad,True
p05,2019-12-09,2019-12-09 07:02:16,False,3,3,3,0,3,3,8,0,False,stages,10.2833,6.70556,1.15,4.60833,11.223,25.1216,59.0611,94,66,11.5833,78,17.0178,88,8625,12866.7,1,0.333333,50,72,193,271.333,875,False,False,True,False,0,0,neutral,True
p05,2019-12-10,2019-12-10 06:55:34,False,3,3,3,0,3,2,6,1,False,,,7.73333,,3.8875,,,,,,,,,,15261,12179,1,0.666667,95,55,283,280.667,367,False,False,False,False,0,0,neutral,False
p05,2019-12-11,2019-12-11 07:07:11,False,3,3,3,0,3,3,7,2,False,stages,4.98333,7.63333,6.58333,3.86667,5.67823,20.7358,60.0416,98,64,5.28333,18,14.7157,77,9313,11066.3,1,1,19,54.6667,266,247.333,1155,False,False,False,False,0,0,neutral,True
p05,2019-12-12,2019-12-12 07:25:44,False,1,3,1,0,3,2,7,3,False,stages,5.88333,5.43333,6.39167,6.4875,8.31169,26.0623,60.4191,94,64,6.41667,32,9.63173,78,15552,13375.3,2,1.33333,123,79,213,254,708,False,False,False,False,-1.57723,-1.90538,bad,True
p05,2019-12-13,2019-12-13 07:32:59,False,1,3,2,0,3,2,7,4,False,stages,7.55,6.13889,4.525,5.83333,8.85312,28.4768,62.456,97,64,8.28333,44,20.7506,84,13895,12920,2,1.66667,104,82,166,215,785,False,False,False,False,-1.1922,-1.44025,bad,True
p05,2019-12-14,2019-12-14 07:40:59,False,1,2,3,0,3,2,5,5,False,stages,6.5,6.64444,5.71667,5.54444,14.8472,28.7179,55.9832,85,65,7.63333,68,17.1795,76,11194,13547,0,1.33333,58,95,226,201.667,659,False,False,False,False,-1.32584,-1.60169,bad,True
p05,2019-12-16,2019-12-16 07:40:35,False,3,3,3,0,3,3,5,0,False,stages,6.95,6.25556,5.60833,7.31944,10.515,22.542,64.2579,95,65,7.76667,49,19.1847,79,7020,9785,0,0,72,62,242,258.667,658,False,False,True,False,0,0,neutral,True
p05,2019-12-17,2019-12-17 07:15:11,False,2,3,2,0,3,3,6,1,False,stages,6.36667,6.21111,5.94167,7.39444,11.7783,22.5131,62.0146,94,66,7.21667,51,23.0366,80,13252,10471,1,0.333333,110,79.3333,223,257.667,641,False,False,False,False,-0.788614,-0.952691,bad,True
p05,2019-12-18,2019-12-18 09:00:44,False,1,3,1,0,3,3,5,2,False,stages,4.66667,5.99444,5.81667,5.78889,9.67742,22.8571,66.1782,98,66,5.16667,30,16.4286,77,14061,11444.3,0,0.333333,112,98,223,229.333,672,False,False,False,False,-1.57723,-1.90538,bad,True
p05,2019-12-19,2019-12-19 07:39:13,False,3,3,2,0,3,3,6,3,False,stages,5.96667,5.66667,6.275,6.01111,11.1663,28.2123,63.032,96,66,6.71667,45,24.8603,77,7878,11730.3,1,0.666667,10,77.3333,183,209.667,937,False,False,False,False,-0.385027,-0.465134,neutral,True
p05,2019-12-20,2019-12-20 07:57:53,False,2,3,1,0,3,3,5,4,False,stages,6.13333,5.58889,6.49167,6.19444,6.36132,27.9891,60.6532,100,66,6.55,25,22.2826,83,15900,12613,0,0.333333,123,81.6667,178,194.667,736,False,False,False,False,-1.17364,-1.41782,bad,True
p05,2019-12-21,2019-12-21 07:29:27,False,3,3,3,0,3,3,7,5,False,,,6.05,,6.38333,,,,,,,,,,11961,11913,0,0.333333,71,68,254,205,722,False,False,False,True,0,0,neutral,False
p05,2019-12-22,2019-12-22 06:46:50,False,3,3,3,0,3,3,6,6,False,stages,4.73333,5.43333,6.8,6.64583,14.7147,15.8451,61.3091,95,66,5.55,49,21.831,68,18690,15517,8,2.66667,158,117.333,255,229,,False,False,True,True,0,0,neutral,True
p05,2019-12-23,2019-12-23 08:31:29,False,3,3,3,5,3,3,5,0,False,stages,6,5.36667,6.1,6.45,6.97674,22.5,56.6549,99,66,6.45,27,8.88889,82,9624,13425,0,2.66667,54,94.3333,273,260.667,,False,False,True,True,0,0,neutral,True
p05,2019-12-24,2019-12-24 06:55:31,False,3,3,3,0,3,3,5,1,False,stages,5.46667,5.4,6.63333,6.51111,8.37989,17.9878,58.9907,97,64,5.96667,30,17.6829,77,12368,13560.7,0,2.66667,104,105.333,247,258.333,702,False,False,False,True,0,0,neutral,True
p05,2019-12-25,2019-12-25 09:52:55,False,3,3,3,0,3,3,8,2,False,stages,8.83333,6.76667,5.88333,6.20556,10.473,23.0189,61.2315,96,64,9.86667,62,18.6792,87,10200,10730.7,0,0,47,68.3333,313,277.667,722,False,False,False,True,0,0,neutral,True
p05,2019-12-26,2019-12-26 11:05:15,False,3,3,3,0,3,3,7,3,False,stages,6.46667,6.92222,8.06667,6.86111,10.1852,23.9691,61.5954,97,64,7.2,44,27.3196,81,5347,9305,0,0,15,55.3333,163,241,670,False,False,False,True,0,0,neutral,True
p05,2019-12-27,2019-12-27 07:34:41,False,3,3,3,0,3,3,9,4,True,stages,,7.65,,6.975,,,,,,,,,,3456,6334.33,0,0,0,20.6667,133,203,875,False,False,False,True,0,0,neutral,False
p05,2019-12-28,2019-12-28 07:18:39,False,3,3,3,0,3,3,5,5,True,stages,,8.46667,,5.89583,,,,,,,,,,8479,5760.67,0,0,41,18.6667,185,160.333,476,False,False,False,True,0,0,neutral,False
p05,2019-12-29,2019-12-29 06:26:49,False,3,3,3,0,3,3,5,6,False,stages,4.21667,7.26111,7.38333,6.06111,9.319,25.2964,61.8569,93,66,4.65,26,26.8775,77,9967,7300.67,0,0,101,47.3333,208,175.333,627,False,False,True,True,0,0,neutral,True
p05,2019-12-30,2019-12-30 07:56:17,False,3,3,3,0,3,3,7,0,False,stages,6.71667,6.01111,5.88333,6.78056,12.3913,25.8065,58.9076,94,66,7.66667,57,18.3623,82,8598,9014.67,0,0,31,57.6667,266,219.667,864,False,False,True,True,0,0,neutral,True
p05,2019-12-31,2019-12-31 06:39:35,False,2,3,3,0,3,3,6,1,False,stages,5.68333,5.53889,5.65833,6.30833,12.5641,19.6481,61.4155,97,65,6.5,49,10.8504,73,11069,9878,0,0,22,51.3333,352,275.333,606,False,False,False,True,-0.403587,-0.487556,neutral,True
p05,2020-01-01,2020-01-01 07:28:07,False,3,1,3,0,3,3,5,2,False,stages,4.66667,5.68889,7.875,6.47222,13.5802,11.4286,70.881,91,66,5.4,44,25.3571,59,16043,11903.3,2,0.666667,116,56.3333,242,286.667,692,False,False,False,True,-1.03733,-1.25315,bad,True
p05,2020-01-03,2020-01-03 07:20:30,False,3,3,3,5,3,3,6,4,False,stages,6.63333,6.03333,5.28333,6.125,14.0389,25.1256,61.979,93,68,7.71667,65,18.8442,80,19895,14814,24,8.66667,136,94,338,284.667,521,False,False,False,False,0,0,neutral,True
p05,2020-01-04,2020-01-04 06:09:38,False,3,2,3,0,3,3,4,5,False,stages,4.7,6.04444,6.68333,5.72778,9.61538,19.5035,60.0987,96,68,5.2,30,11.3475,74,14771,14390,0,8,96,87.3333,316,309.333,565,False,False,False,False,-0.518665,-0.626576,bad,True
p05,2020-01-05,2020-01-05 06:06:49,False,3,3,3,0,3,2,5,6,False,stages,5.43333,5.58889,5.55833,5.84167,16.1954,23.3129,57.1169,90,66,6.48333,63,17.1779,70,12945,15870.3,0,8,57,96.3333,326,326.667,745,False,False,True,False,0,0,neutral,True
p05,2020-01-06,2020-01-06 07:19:20,False,4,3,4,5,3,3,5,0,False,stages,6.41667,5.51667,5.10833,5.78333,10.8796,16.3636,60.27,96,64,7.2,47,24.9351,78,12778,13498,23,7.66667,40,64.3333,251,297.667,,False,False,True,False,0.788614,0.952691,good,True
p05,2020-01-07,2020-01-07 07:23:01,False,4,3,4,5,4,3,5,1,False,stages,5.95,5.93333,6.04167,5.56944,11.4144,30.2521,61.4001,92,63,6.71667,46,21.8487,79,23971,16564.7,0,7.66667,201,99.3333,291,289.333,516,False,False,False,False,0.788614,0.952691,good,True
p05,2020-01-08,2020-01-08 06:39:37,False,2,3,2,5,3,3,6,2,False,,,6.18333,,5.575,,,,,,,,,,20148,18965.7,43,22,154,131.667,240,260.667,643,False,False,False,False,-0.788614,-0.952691,bad,False
p05,2020-01-09,2020-01-09 06:27:35,False,3,3,3,5,3,3,7,3,False,stages,6.13333,6.04167,5.49167,5.76667,9.35961,16.8478,59.0533,99,64,6.76667,38,14.1304,79,14449,19522.7,0,14.3333,131,162,221,250.667,,False,False,False,False,0,0,neutral,True
p05,2020-01-10,2020-01-10 06:33:24,False,3,3,3,5,3,3,5,4,False,stages,6.05,6.09167,4.425,4.95833,10.1485,23.1405,60.964,95,63,6.73333,41,6.88705,77,18777,17791.3,1,14.6667,188,157.667,262,241,584,False,False,False,False,0,0,neutral,True
p05,2020-01-11,2020-01-11 06:53:57,False,3,3,3,5,3,3,5,5,False,stages,5.43333,5.87222,6.40833,5.44167,13.5279,27.6074,53.7067,94,65,6.28333,51,21.1656,76,17022,16749.3,4,1.66667,118,145.667,315,266,603,False,False,False,False,0,0,neutral,True
p05,2020-01-12,2020-01-12 07:16:52,False,3,3,3,5,3,3,5,6,False,stages,6.45,5.97778,5.81667,5.55,12.8378,26.0982,51.5605,87,63,7.4,57,19.6382,79,14881,16893.3,0,1.66667,42,116,358,311.667,663,False,False,True,False,0,0,neutral,True
p05,2020-01-13,2020-01-13 12:18:39,False,3,2,2,5,3,2,4,0,False,stages,5.48333,5.78889,5.89167,6.03889,13.1926,28.5714,56.9216,94,61,6.31667,50,11.5502,80,7931,13278,0,1.33333,25,61.6667,256,309.667,,False,False,True,False,-0.903691,-1.09171,bad,True
p05,2020-01-14,2020-01-14 06:35:15,False,2,3,2,5,3,3,7,1,False,stages,6.63333,6.18889,5.24167,5.65,7.22611,22.1106,57.3946,97,61,7.15,31,19.598,84,15027,12613,1,0.333333,91,52.6667,347,320.333,623,False,False,False,False,-0.788614,-0.952691,bad,True
p05,2020-01-15,2020-01-15 07:03:56,False,2,3,1,5,3,3,6,2,False,stages,6.03333,6.05,6.35,5.82778,8.58586,23.7569,56.6833,96,61,6.6,34,19.8895,83,13772,12243.3,2,1,58,58,293,298.667,660,False,False,False,False,-1.17364,-1.41782,bad,True
p05,2020-01-17,2020-01-17 07:23:26,False,3,2,2,5,3,2,5,4,False,stages,5.36667,6.21111,6.83333,5.77778,9.80392,29.8137,58.0841,97,62,5.95,35,19.2547,78,14739,13696.3,2,5.33333,141,86,226,268,590,False,False,False,False,-0.903691,-1.09171,bad,True
p05,2020-01-18,2020-01-18 09:36:48,False,3,3,3,5,3,3,7,5,False,stages,6.23333,6.27778,6.08333,5.68889,9.00243,26.2032,57.7107,98,62,6.85,37,10.6952,82,12373,13230,0,4.66667,86,95.3333,306,272.333,691,False,False,False,False,0,0,neutral,True
p05,2020-01-19,2020-01-19 09:03:55,False,3,3,3,5,4,3,7,6,False,stages,6.2,5.93333,5.65,6.18889,11.2172,21.5054,56.7952,93,62,6.98333,47,13.9785,78,10486,12532.7,0,0.666667,29,85.3333,296,276,704,False,False,True,False,0,0,neutral,True
p05,2020-01-20,2020-01-20 06:42:50,False,3,3,3,5,3,3,5,0,False,stages,5.5,5.97778,5.44167,5.725,8.58726,24.2424,56.2692,96,62,6.01667,31,21.5152,80,14659,12506,0,0,109,74.6667,291,297.667,621,False,False,True,False,0,0,neutral,True
p05,2020-01-21,2020-01-21 12:17:01,False,3,3,3,5,3,3,5,1,False,,,5.85,,5.54583,,,,,,,,,,13595,12913.3,0,0,122,86.6667,284,290.333,673,False,False,False,False,0,0,neutral,False
p05,2020-01-22,2020-01-22 06:09:28,False,3,3,3,5,3,3,5,2,False,,,,,,,,,,,,,,,12411,13555,0,0,83,104.667,258,277.667,1099,False,False,False,False,0,0,neutral,False
p05,2020-01-23,2020-01-23 06:42:15,False,3,3,3,5,3,3,5,3,False,stages,6.16667,,5.25,,5.85242,22.4324,56.0405,98,63,6.55,23,13.5135,83,14971,13659,4,1.33333,104,103,288,276.667,,False,False,False,False,0,0,neutral,True
p05,2020-01-24,2020-01-24 07:26:48,False,3,3,3,5,3,3,5,4,False,stages,6.63333,6.4,5.25,5.25,11.7517,20.1005,57.4641,94,62,7.51667,53,19.598,82,10476,12619.3,0,1.33333,38,75,270,272,670,False,False,False,False,0,0,neutral,True
p05,2020-01-25,2020-01-25 06:40:22,False,4,3,4,5,3,3,7,5,False,stages,5.43333,6.07778,5.91667,5.47222,8.93855,25.4601,55.1891,96,62,5.96667,32,25.1534,80,17760,14402.3,0,1.33333,150,97.3333,253,270.333,586,False,False,False,False,0.788614,0.952691,good,True
p05,2020-01-26,2020-01-26 06:44:23,False,3,3,4,5,3,4,7,6,False,stages,6.26667,6.11111,5.34167,5.50278,7.61671,21.8085,57.7691,97,62,6.78333,31,14.3617,80,16373,14869.7,0,0,120,102.667,276,266.333,686,False,False,True,False,0.385027,0.465134,neutral,True
p05,2020-01-27,2020-01-27 06:25:54,False,3,3,3,5,3,3,7,0,False,stages,6.03333,5.91111,5.69167,5.65,9.5,28.1768,59.1317,96,60,6.66667,38,21.547,81,11198,15110.3,0,0,78,116,201,243.333,754,False,False,True,False,0,0,neutral,True
p05,2020-01-28,2020-01-28 07:04:08,False,3,3,2,5,3,2,6,1,False,stages,6.33333,6.21111,5.54167,5.525,9.52381,18.9474,60.4703,96,62,7,40,25.7895,79,10941,12837.3,1,0.333333,156,118,297,258,587,False,False,False,False,-0.385027,-0.465134,neutral,True
p05,2020-01-29,2020-01-29 07:27:30,False,3,3,3,5,3,3,6,2,False,stages,5.85,6.07222,5.75,5.66111,8.83117,33.6182,59.0413,96,63,6.41667,34,19.0883,81,12031,11390,6,2.33333,82,105.333,249,249,689,False,False,False,False,0,0,neutral,True
p05,2020-01-30,2020-01-30 07:36:59,False,3,3,3,5,3,3,6,3,False,,,6.09167,,5.64583,,,,,,,,,,11400,11457.3,7,4.66667,69,102.333,296,280.667,690,False,False,False,False,0,0,neutral,False
p05,2020-01-31,2020-01-31 06:40:34,False,3,3,3,5,3,3,7,4,False,,,,,,,,,,,,,,,19763,14398,6,6.33333,149,100,278,274.333,,False,False,False,False,0,0,neutral,False
p05,2020-02-01,2020-02-01 06:38:56,False,3,3,3,5,3,3,6,5,False,,,,,,,,,,,,,,,14158,15107,0,4.33333,86,101.333,300,291.333,,False,False,False,False,0,0,neutral,False
p05,2020-02-02,2020-02-02 06:54:48,False,4,3,3,5,3,3,7,6,False,stages,7.36667,,4.75833,,6.15711,24.6606,57.5016,100,63,7.85,29,26.0181,92,9115,14345.3,0,2,35,90,247,275,1158,False,False,True,False,0.403587,0.487556,neutral,True
p05,2020-02-03,2020-02-03 06:49:58,False,3,3,3,5,3,2,5,0,False,stages,4.51667,5.94167,6.85,5.80417,6.87285,31.7343,56.2958,99,62,4.85,20,9.9631,82,12442,11905,11,3.66667,43,54.6667,314,287,612,False,False,True,False,0,0,neutral,True
p05,2020-02-04,2020-02-04 07:07:59,False,3,3,3,5,3,3,7,1,False,stages,7.73333,6.53889,4.2,5.26944,10.5973,21.3362,57.2123,99,62,8.65,55,18.319,91,12086,11214.3,2,4.33333,91,56.3333,273,278,785,False,False,False,False,0,0,neutral,True
p05,2020-02-05,2020-02-05 11:24:19,False,3,3,3,5,3,3,7,2,False,stages,6.55,6.26667,5.9,5.65,10.274,20.1018,59.3093,99,62,7.3,45,20.3562,85,11657,12061.7,6,6.33333,96,76.6667,231,272.667,594,False,False,False,False,0,0,neutral,True
p05,2020-02-06,2020-02-06 06:11:38,False,4,3,3,4,3,3,6,3,False,stages,4.48333,6.25556,6.75833,5.61944,9.12162,30.4833,57.8779,98,62,4.93333,27,20.0743,79,13709,12484,3,3.66667,72,86.3333,297,267,633,False,False,False,False,0.403587,0.487556,neutral,True
p05,2020-02-08,2020-02-08 05:58:59,False,4,3,4,5,3,3,6,5,False,,,5.74167,,6.05417,,,,,,,,,,13738,12572.3,0,3,107,72,262,276.333,612,False,False,False,False,0.788614,0.952691,good,False
p05,2020-02-09,2020-02-09 06:49:02,False,4,2,4,3,3,3,6,6,False,,,,,,,,,,,,,,,,12004,0,2,0,48,0,177.333,1440,False,False,True,False,0.26995,0.326114,neutral,False
p05,2020-02-11,2020-02-11 07:40:27,False,4,3,3,5,3,3,7,1,False,,,,,,,,,,,,,,,10720,5720,0,0,129,46.3333,252,88.6667,1059,False,False,False,False,0.403587,0.487556,neutral,False
p05,2020-02-12,2020-02-12 06:36:00,False,4,3,4,5,3,3,6,2,False,,,,,,,,,,,,,,,12291,7910.33,0,0,93,77.3333,255,173.667,1092,False,False,False,False,0.788614,0.952691,good,False
p05,2020-02-14,2020-02-14 06:31:12,False,3,3,3,5,3,2,5,4,False,,,,,,,,,,,,,,,9674,11516.3,13,4.66667,54,68.3333,249,250,1137,False,False,False,False,0,0,neutral,False
p05,2020-02-15,2020-02-15 07:15:09,False,3,3,3,5,3,2,5,5,False,stages,5.21667,,6.96667,,9.27536,28.4345,59.35,94,59,5.75,32,13.738,78,10930,11062.7,0,4.66667,29,47,331,275.333,1080,False,False,False,False,0,0,neutral,True
p05,2020-02-16,2020-02-16 06:34:14,False,3,3,3,5,3,3,5,6,False,stages,5,5.10833,6.775,6.87083,5.66038,30.6667,59.7058,100,59,5.3,18,20,78,15625,12076.3,1,4.66667,100,61,239,273,756,False,False,True,False,0,0,neutral,True
p05,2020-02-17,2020-02-17 07:41:03,False,4,3,4,5,3,3,7,0,False,stages,6.63333,5.61667,5.175,6.30556,7.00935,31.1558,59.9643,97,60,7.13333,30,24.8744,85,11345,12633.3,0,0.333333,61,63.3333,308,292.667,753,False,False,True,False,0.788614,0.952691,good,True
p05,2020-02-19,2020-02-19 09:00:21,False,4,3,4,5,3,3,7,2,False,stages,6.48333,6.51111,5.41667,5.19444,10.984,22.365,63.2397,97,62,7.28333,48,23.3933,83,12881,12402.3,0,0.666667,101,87.6667,260,273,651,False,False,False,False,0.788614,0.952691,good,True
p05,2020-02-21,2020-02-21 06:19:06,False,4,2,4,5,3,2,5,4,False,,,6.23333,,4.98333,,,,,,,,,,,12911,,4.5,,98.5,,272,,True,False,False,False,0.26995,0.326114,neutral,False
p05,2020-02-22,2020-02-22 10:29:08,False,4,3,4,5,4,3,5,5,False,,,,,,,,,,,,,,,,,,,,,,,,True,False,False,False,0.788614,0.952691,good,False
p05,2020-02-23,2020-02-23 09:11:00,False,4,4,4,5,4,4,8,6,False,,,,,,,,,,,,,,,,,,,,,,,,True,False,True,False,1.30728,1.57927,good,False
p05,2020-02-25,2020-02-25 23:28:13,False,4,3,4,5,3,3,5,1,False,,,,,,,,,,,,,,,,,,,,,,,,True,False,False,False,0.788614,0.952691,good,False
p05,2020-02-27,2020-02-27 06:51:50,False,3,2,2,5,3,3,6,3,False,,,,,,,,,,,,,,,,,,,,,,,,True,False,False,False,-0.903691,-1.09171,bad,False
p05,2020-02-28,2020-02-28 07:10:52,False,3,3,3,5,4,3,6,4,False,,,,,,,,,,,,,,,,,,,,,,,,True,False,False,False,0,0,neutral,False
p05,2020-02-29,2020-02-29 07:26:17,False,2,3,2,4,3,2,5,5,False,,,,,,,,,,,,,,,,,,,,,,,,True,False,False,False,-0.788614,-0.952691,bad,False
p05,2020-03-01,2020-03-01 06:48:50,False,2,3,3,5,3,3,6,6,False,,,,,,,,,,,,,,,,,,,,,,,,True,False,True,False,-0.403587,-0.487556,neutral,False
p05,2020-03-03,2020-03-03 20:13:47,False,4,3,3,5,3,3,5,1,False,,,,,,,,,,,,,,,11468,12051.5,0,0,68,82,308,293.5,1064,False,False,False,False,0.403587,0.487556,neutral,False
p05,2020-03-04,2020-03-04 21:43:27,False,3,3,3,5,3,3,5,2,False,,,,,,,,,,,,,,,11973,12025.3,16,5.33333,72,78.6667,283,290,1085,False,False,False,False,0,0,neutral,False
p05,2020-03-05,2020-03-05 21:07:34,False,3,3,3,5,3,3,5,3,False,,,,,,,,,,,,,,,12980,12140.3,18,11.3333,172,104,261,284,1007,False,False,False,False,0,0,neutral,False
p05,2020-03-06,2020-03-06 09:00:39,False,3,3,3,5,3,3,6,4,False,stages,5.56667,,5.58333,,13.0208,4.49102,83.352,88,62,6.4,50,8.68263,62,2620,9191,10,14.6667,157,133.667,206,250,1002,False,False,False,False,0,0,neutral,True
p05,2020-03-07,2020-03-07 09:01:00,False,3,3,3,5,3,3,4,5,False,stages,5.68333,5.625,6.83333,6.20833,11.8863,26.393,67.9612,93,64,6.45,46,4.69208,72,3420,6340,0,9.33333,15,114.667,147,204.667,749,False,False,False,False,0,0,neutral,True
p05,2020-03-08,2020-03-08 06:58:32,False,3,3,3,5,3,3,5,6,False,stages,5.58333,5.61111,6.46667,6.29444,8.71935,19.1045,62.8377,96,66,6.11667,32,23.8806,79,9152,5064,1,3.66667,102,91.3333,164,172.333,787,False,False,True,False,0,0,neutral,True
p05,2020-03-09,2020-03-09 19:52:03,False,3,3,3,5,3,3,6,0,False,stages,7.66667,6.31111,4.50833,5.93611,8.73016,16.9565,62.0514,98,67,8.4,44,19.3478,86,8854,7142,1,0.666667,38,51.6667,282,197.667,753,False,False,True,False,0,0,neutral,True
p05,2020-03-10,2020-03-10 10:46:14,False,3,3,3,5,3,3,7,1,False,stages,7.01667,6.75556,5.88333,5.61944,8.67679,23.753,64.2693,96,68,7.68333,40,12.5891,90,9613,9206.33,0,0.666667,58,66,248,231.333,533,False,False,False,False,0,0,neutral,True
p05,2020-03-11,2020-03-11 17:35:08,False,3,3,3,5,3,3,7,2,False,stages,5.63333,6.77222,5.59167,5.32778,13.7755,13.0178,64.0666,93,70,6.53333,54,10.6509,75,6039,8168.67,2,1,55,50.3333,168,232.667,674,False,False,False,False,0,0,neutral,True
p05,2020-03-12,2020-03-12 07:06:43,False,3,3,3,5,3,3,7,3,False,stages,5.78333,6.14444,5.025,5.5,11.0256,15.562,58.5671,97,70,6.5,43,14.9856,79,6436,7362.67,3,1.66667,34,49,228,214.667,786,False,True,False,False,0,0,neutral,False
p05,2020-03-13,2020-03-13 07:27:25,False,3,3,3,5,3,3,8,4,False,stages,6.35,5.92222,4.76667,5.12778,9.71564,24.4094,62.9832,97,66,7.03333,41,13.9108,86,11886,8120.33,0,1.66667,50,46.3333,272,222.667,728,False,True,False,False,0,0,neutral,False
p05,2020-03-15,2020-03-15 07:00:47,False,2,3,3,5,3,3,7,6,False,stages,5.88333,5.87778,5.85833,5.51111,9.2545,14.7309,76.2876,98,67,6.48333,36,18.6969,71,6954,10175,2,1.66667,84,76,199,221.333,802,False,True,True,False,-0.403587,-0.487556,neutral,False
p05,2020-03-16,2020-03-16 06:52:48,False,3,3,3,5,3,3,7,0,False,stages,6.23333,5.83889,5.03333,5.6,9.4431,20.0535,60.6169,99,68,6.88333,39,12.2995,85,8842,9160.33,0,1.66667,67,81.6667,198,196.667,786,False,True,True,False,0,0,neutral,False
p05,2020-03-17,2020-03-17 20:47:38,False,3,3,3,5,3,3,7,1,False,stages,6.73333,6.28333,4.51667,5.13611,8.80361,25.2475,64.4318,97,68,7.38333,39,17.5743,87,11481,9092.33,0,0.666667,67,72.6667,214,203.667,746,False,True,False,False,0,0,neutral,False
p05,2020-03-18,2020-03-18 18:02:15,False,2,3,2,5,3,3,6,2,False,stages,6,6.32222,4.84167,4.79722,8.86076,22.2222,62.5884,99,69,6.58333,35,20,89,14018,11447,3,1,107,80.3333,191,201,699,False,True,False,False,-0.788614,-0.952691,bad,False
p05,2020-03-19,2020-03-19 08:20:20,False,2,3,2,5,3,3,6,3,False,stages,6.01667,6.25,5.28333,4.88056,9.06801,18.5596,60.3331,97,69,6.61667,36,24.3767,86,16775,14091.3,1,1.33333,130,101.333,240,215,675,False,True,False,False,-0.788614,-0.952691,bad,False
p05,2020-03-20,2020-03-20 07:44:34,False,3,3,3,5,3,3,7,4,False,stages,6.61667,6.21111,5.5,5.20833,9.36073,22.67,61.5849,95,69,7.3,41,18.8917,87,7887,12893.3,0,1.33333,12,83,266,232.333,765,False,True,False,False,0,0,neutral,False
p05,2020-03-21,2020-03-21 07:08:42,False,3,3,2,5,3,3,5,5,False,stages,5.91667,6.18333,5.425,5.40278,8.97436,20.2817,63.4206,97,68,6.5,35,27.3239,84,8825,11162.3,0,0.333333,21,54.3333,267,257.667,714,False,True,False,False,-0.385027,-0.465134,neutral,False
p05,2020-03-22,2020-03-22 06:41:34,False,3,3,2,4,3,3,7,6,False,stages,6.6,6.37778,5.24167,5.38889,6.38298,22.9798,61.0333,100,69,7.05,27,21.9697,89,8003,8238.33,0,0,62,31.6667,183,238.667,,False,True,True,False,-0.385027,-0.465134,neutral,False
p05,2020-03-23,2020-03-23 06:49:18,False,2,3,2,5,3,3,7,0,False,stages,6.91667,6.47778,4.51667,5.06111,10.1732,19.5181,59.7276,98,68,7.7,47,22.6506,86,14280,10369.3,1,0.333333,86,56.3333,221,223.667,710,False,True,True,False,-0.788614,-0.952691,bad,False
p05,2020-03-24,2020-03-24 08:05:21,False,2,3,1,5,3,3,7,1,False,stages,5.88333,6.46667,5.49167,5.08333,13.2678,17.847,62.5258,96,68,6.78333,54,16.7139,78,8133,10138.7,0,0.333333,25,57.6667,241,215,712,False,True,False,False,-1.17364,-1.41782,bad,False
p05,2020-03-25,2020-03-25 07:44:26,False,3,3,3,5,3,3,7,2,False,stages,7.21667,6.67222,5.43333,5.14722,7.87234,21.709,63.0491,96,67,7.83333,37,18.2448,89,6293,9568.67,0,0.333333,30,47,206,222.667,797,False,True,False,False,0,0,neutral,False
p05,2020-03-27,2020-03-27 12:29:25,False,3,3,2,4,3,3,7,4,False,stages,7.06667,6.68333,4.51667,5.14444,9.97877,25.7075,61.2884,99,68,7.85,47,20.7547,91,8396,6545.67,1,0.333333,59,33.3333,188,191.333,806,False,True,False,False,-0.385027,-0.465134,neutral,False
p05,2020-03-28,2020-03-28 08:21:23,False,2,3,2,5,3,3,5,5,False,stages,6.36667,6.4,5.45,5.15,6.37255,20.9424,61.7076,98,68,6.8,26,20.9424,87,7652,6998.67,0,0.333333,31,33.6667,236,201.333,702,False,True,False,False,-0.788614,-0.952691,bad,False
p05,2020-03-29,2020-03-29 13:00:20,False,2,3,2,5,3,3,7,6,False,stages,4.75,6.06111,5.93333,5.3,10.1562,21.4035,62.2037,99,67,6.4,39,8.77193,75,11424,9157.33,0,0.333333,87,59,232,218.667,713,False,True,True,False,-0.788614,-0.952691,bad,False
p05,2020-03-30,2020-03-30 06:48:34,False,2,3,2,4,3,2,7,0,False,stages,7.93333,6.35,3.725,5.03611,9.33333,26.2605,59.6383,96,66,8.75,49,13.2353,88,9037,9371,0,0,60,59.3333,171,213,885,False,True,True,False,-0.788614,-0.952691,bad,False
p06,2019-11-02,2019-11-02 08:06:10,False,4,3,4,6,3,4,7,5,False,stages,8.05,,5.16667,,8.86792,18.8406,47.3774,98,,8.83333,47,22.7743,,,,,,,,,,,True,False,False,False,0.515349,0.729855,good,False
p06,2019-11-03,2019-11-03 08:51:12,False,3,2,4,4,2,3,5,6,False,stages,5.41667,6.73333,7.7,6.43333,10.4683,12.6154,50.164,95,47,6.05,38,20,69,21036,,36,,121,,245,,544,False,False,True,False,-1.15929,-1.64182,bad,True
p06,2019-11-04,2019-11-04 09:35:36,False,4,3,2,8,3,4,6,0,False,stages,6.51667,6.66111,5.16667,6.01111,8.85781,13.2992,55.2658,97,49,7.15,38,19.4373,74,5840,13438,1,18.5,53,87,204,224.5,820,False,False,True,False,-0.515349,-0.729855,bad,True
p06,2019-11-05,2019-11-05 06:21:49,False,4,3,4,8,2,4,6,1,False,stages,6.56667,6.16667,4.95,5.93889,6.85579,20.0508,55.2592,98,50,7.05,29,12.1827,80,16483,14453,42,26.3333,87,87,319,256,605,False,False,False,False,0.515349,0.729855,good,True
p06,2019-11-06,2019-11-06 06:47:33,False,4,3,3,5,3,4,7,2,False,stages,7.05,6.71111,4.74167,4.95278,9.03226,11.1111,49.2917,97,50,7.75,42,14.4208,83,22329,14884,43,28.6667,235,125,280,267.667,502,False,False,False,False,0,0,neutral,True
p06,2019-11-07,2019-11-07 08:45:20,False,4,4,4,7,3,4,7,3,False,stages,6.31667,6.64444,5.23333,4.975,9.11271,16.6227,47.2657,99,49,6.95,38,29.8153,83,13092,17301.3,5,30,96,139.333,381,326.667,498,False,False,False,False,1.13523,1.60775,good,True
p06,2019-11-08,2019-11-08 07:48:15,False,4,3,2,8,3,2,6,4,False,stages,6.2,6.52222,5.45,5.14167,8.82353,18.8172,54.4584,98,48,6.8,36,18.8172,75,17737,17719.3,0,16,121,150.667,434,365,468,False,False,False,False,-0.515349,-0.729855,bad,True
p06,2019-11-09,2019-11-09 08:09:13,False,3,2,2,4,3,2,5,5,False,stages,5.61667,6.04444,5.475,5.38611,8.67209,17.5074,49.1392,97,49,6.15,32,27.8932,79,18728,16519,12,5.66667,147,121.333,429,414.667,456,False,False,False,False,-2.18998,-3.10153,bad,True
p06,2019-11-10,2019-11-10 18:20:32,False,4,2,4,8,3,2,5,6,False,classic,2.61667,4.81111,4.3,5.075,,,55.2533,95,,2.91667,9,,,6732,14399,0,4,0,89.3333,249,370.667,720,False,False,True,False,-0.104528,-0.148036,neutral,True
p06,2019-11-11,2019-11-11 11:14:16,False,4,3,4,8,3,3,6,0,False,stages,8.11667,5.45,1.34167,3.70556,17.7365,15.8111,51.6361,90,49,9.86667,105,24.4353,82,6761,10740.3,0,4,0,49,265,314.333,943,False,False,True,False,0.515349,0.729855,good,True
p06,2019-11-12,2019-11-12 12:08:34,False,4,3,4,7,2,4,7,1,False,stages,6.78333,5.83889,3.38333,3.00833,9.95575,25.5528,58.2829,98,48,7.53333,45,23.3415,79,13981,9158,33,11,51,17,289,267.667,508,False,False,False,False,0.515349,0.729855,good,True
p06,2019-11-13,2019-11-13 11:31:13,False,3,3,4,7,2,4,7,2,False,stages,7.63333,7.51111,2.9,2.54167,7.09939,26.4192,56.5573,100,49,8.21667,35,17.2489,84,17504,12748.7,32,21.6667,73,41.3333,312,288.667,603,False,False,False,False,-0.539409,-0.76393,bad,True
p06,2019-11-14,2019-11-14 13:14:51,False,3,2,3,5,2,3,5,3,False,stages,5.65,6.68889,3.76667,3.35,7.62943,22.1239,57.616,99,49,6.11667,28,20.059,74,15675,15720,29,31.3333,85,69.6667,282,294.333,580,False,False,False,False,-1.67464,-2.37168,bad,True
p06,2019-11-15,2019-11-15 13:03:31,False,3,2,3,7,3,4,6,4,False,stages,6.63333,6.63889,4.55,3.73889,9.33941,28.392,58.3433,97,48,7.31667,41,22.1106,82,19704,17627.7,29,30,96,84.6667,292,295.333,613,False,False,False,False,-1.67464,-2.37168,bad,True
p06,2019-11-16,2019-11-16 13:15:17,False,4,3,4,6,3,2,6,5,False,stages,6.18333,6.15556,5.84167,4.71944,13.9211,20.7547,55.8065,94,48,7.18333,60,19.9461,77,10308,15229,0,19.3333,11,64,334,302.667,656,False,False,False,False,0.515349,0.729855,good,True
p06,2019-11-17,2019-11-17 15:41:18,False,4,3,4,5,2,2,7,6,False,stages,8.51667,7.11111,3.91667,4.76944,19.6541,9.98043,52.7518,92,48,10.6,125,21.5264,77,20966,16992.7,33,20.6667,110,72.3333,230,285.333,669,False,False,True,False,0.515349,0.729855,good,True
p06,2019-11-18,2019-11-18 13:20:08,False,4,3,4,6,4,4,7,0,False,stages,7.05,7.25,4.78333,4.84722,10,14.6572,58.0494,99,47,7.83333,47,18.6761,79,11738,14337.3,21,18,58,59.6667,232,265.333,514,False,False,True,False,0.515349,0.729855,good,True
p06,2019-11-19,2019-11-19 14:19:23,False,4,3,4,3,2,3,7,1,False,stages,7.21667,7.59444,4.84167,4.51389,15.098,14.0878,57.2166,94,47,8.5,77,16.8591,76,17916,16873.3,12,22,87,85,316,259.333,567,False,False,False,False,0.515349,0.729855,good,True
p06,2019-11-20,2019-11-20 13:57:53,False,4,3,4,6,3,4,6,2,False,stages,6.06667,6.77778,6.99167,5.53889,12.9187,14.011,56.4773,98,47,6.96667,54,19.5055,67,9460,13038,0,11,0,48.3333,296,281.333,634,False,False,False,False,0.515349,0.729855,good,True
p06,2019-11-21,2019-11-21 13:22:01,False,4,3,4,4,2,4,7,3,False,stages,7.26667,6.85,5.4,5.74444,8.40336,21.789,58.7943,98,49,7.93333,40,20.4128,86,16304,14560,40,17.3333,100,62.3333,287,299.667,635,False,False,False,False,0.515349,0.729855,good,True
p06,2019-11-22,2019-11-22 13:17:24,False,5,3,3,5,3,4,7,4,False,stages,7.11667,6.81667,5.275,5.88889,11.0417,23.8876,56.8026,98,49,8,53,10.7728,84,8133,11299,0,13.3333,27,42.3333,231,271.333,706,False,False,False,False,1.05476,1.49378,good,True
p06,2019-11-23,2019-11-23 13:21:04,False,3,1,2,3,3,2,3,5,False,stages,2.76667,5.71667,15.7333,8.80278,13.5417,12.6506,52.2185,94,49,3.2,26,13.253,66,7391,10609.3,0,13.3333,9,45.3333,189,235.667,762,False,False,False,False,-2.80986,-3.97942,bad,True
p06,2019-11-24,2019-11-24 13:48:39,False,3,2,2,7,3,2,8,6,False,stages,5.08333,4.98889,11.6333,10.8806,12.8571,15.082,48.4388,96,47,5.83333,45,11.1475,77,6690,7404.67,0,0,0,12,263,227.667,985,False,False,True,False,-2.18998,-3.10153,bad,True
p06,2019-11-25,2019-11-25 09:03:33,False,4,1,2,3,2,3,2,0,False,,,3.925,,13.6833,,,,,,,,,,14428,9503,29,9.66667,101,36.6667,138,196.667,634,False,False,True,False,-1.7551,-2.48564,bad,False
p06,2019-11-26,2019-11-26 09:03:32,False,4,1,2,4,3,3,3,1,False,stages,2.8,3.94167,3.06667,7.35,14.7208,11.9048,53.6325,95,50,3.28333,29,11.3095,65,9446,10188,9,12.6667,62,54.3333,312,237.667,899,False,False,False,False,-1.7551,-2.48564,bad,True
p06,2019-11-27,2019-11-27 11:05:42,False,4,2,2,4,3,2,4,2,False,stages,4.26667,3.53333,8.94167,6.00417,12.3288,9.76562,53.3119,100,51,4.86667,36,12.5,67,14819,12897.7,0,12.6667,0,54.3333,493,314.333,655,False,False,False,False,-1.13523,-1.60775,bad,True
p06,2019-11-28,2019-11-28 05:47:26,False,4,3,2,6,2,4,7,3,False,stages,7.21667,4.76111,3.73333,5.24722,10.166,21.4781,48.4002,97,51,8.03333,49,25.1732,88,11558,11941,0,3,30,30.6667,382,395.667,736,False,False,False,False,-0.515349,-0.729855,bad,True
p06,2019-11-29,2019-11-29 06:48:59,False,4,2,2,5,3,3,4,4,False,stages,3.78333,5.08889,7.725,6.8,18.9286,15.859,55.0682,96,49,4.66667,53,16.2996,71,14498,13625,10,3.33333,92,40.6667,383,419.333,483,False,False,False,False,-1.13523,-1.60775,bad,True
p06,2019-11-30,2019-11-30 08:40:25,False,4,3,4,6,3,4,7,5,False,stages,7.36667,6.12222,6.41667,5.95833,8.29876,33.0317,46.4184,100,49,8.03333,40,12.8959,87,18461,14839,17,9,118,80,389,384.667,653,False,False,False,False,0.515349,0.729855,good,True
p06,2019-12-01,2019-12-01 08:59:12,False,4,3,2,6,3,4,7,6,False,stages,7.31667,6.15556,6.925,7.02222,8.92116,28.246,47.2494,98,49,8.03333,43,23.0068,87,12564,15174.3,21,16,28,79.3333,286,352.667,644,False,False,True,False,-0.515349,-0.729855,bad,True
p06,2019-12-02,2019-12-02 06:21:02,False,4,2,3,4,2,3,5,0,False,stages,5.38333,6.68889,6.28333,6.54167,10.5263,15.4799,52.4203,97,48,6.01667,38,14.5511,71,10273,13766,30,22.6667,65,70.3333,256,310.333,637,False,False,True,False,-0.619877,-0.877891,bad,True
p06,2019-12-03,2019-12-03 07:13:14,False,4,3,3,5,3,4,6,1,False,stages,5.48333,6.06111,5.975,6.39444,11.5591,25.5319,52.1799,97,49,6.2,43,9.72644,78,16083,12973.3,18,23,44,45.6667,418,320,617,False,False,False,False,0,0,neutral,True
p06,2019-12-04,2019-12-04 06:17:24,False,3,2,3,7,4,2,5,2,False,stages,5.21667,5.36111,6.2,6.15278,14.011,15.3355,49.0721,97,49,6.06667,51,15.3355,73,17480,14612,4,17.3333,125,78,324,332.667,619,False,False,False,False,-1.67464,-2.37168,bad,True
p06,2019-12-05,2019-12-05 09:00:44,False,4,3,3,6,3,4,6,3,False,stages,6.26667,5.65556,5.46667,5.88056,10.2625,11.9681,52.4285,96,47,6.98333,43,19.4149,72,15580,16381,32,18,71,80,303,348.333,702,False,False,False,False,0,0,neutral,True
p06,2019-12-06,2019-12-06 07:40:30,False,4,3,3,7,3,3,6,4,False,stages,6.53333,6.00556,5.075,5.58056,6.44391,18.1122,49.6207,99,49,6.98333,27,21.9388,84,16724,16594.7,18,18,114,103.333,342,323,565,False,False,False,False,0,0,neutral,True
p06,2019-12-07,2019-12-07 09:00:47,False,4,3,2,7,3,4,7,5,False,stages,7.7,6.83333,6.38333,5.64167,10.4651,30.0866,49.3597,96,48,8.6,54,22.9437,83,15567,15957,14,21.3333,125,103.333,313,319.333,583,False,False,False,False,-0.515349,-0.729855,bad,True
p06,2019-12-08,2019-12-08 07:23:36,False,4,3,2,7,3,4,6,6,False,stages,6.15,6.79444,6.48333,5.98056,10.6538,12.7371,49.9692,99,48,6.88333,44,18.1572,75,5831,12707.3,0,10.6667,13,84,233,296,678,False,False,True,False,-0.515349,-0.729855,bad,True
p06,2019-12-09,2019-12-09 09:00:20,False,4,3,3,6,4,3,5,0,False,stages,5.28333,6.37778,5.66667,6.17778,11.2045,9.77918,51.4837,99,49,5.95,40,23.9748,70,11579,10992.3,37,17,47,61.6667,231,259,749,False,False,True,False,0,0,neutral,True
p06,2019-12-10,2019-12-10 07:25:48,False,4,3,2,4,2,4,6,1,False,stages,5.96667,5.8,5.55,5.9,7.96915,25.1397,50.6587,97,49,6.48333,31,26.8156,83,22656,13355.3,44,27,70,43.3333,447,303.667,566,False,False,False,False,-0.515349,-0.729855,bad,True
p06,2019-12-11,2019-12-11 06:24:37,False,4,2,2,6,3,2,5,2,False,stages,5.35,5.53333,5.875,5.69722,12.2951,13.0841,52.448,97,50,6.1,45,20.8723,73,19470,17901.7,12,31,163,93.3333,347,341.667,541,False,False,False,False,-1.13523,-1.60775,bad,True
p06,2019-12-12,2019-12-12 07:04:17,False,4,2,2,6,3,3,6,3,False,stages,6.03333,5.78333,5.51667,5.64722,10.8374,14.9171,51.1521,98,50,6.76667,44,17.6796,78,18762,20296,6,20.6667,86,106.333,423,405.667,565,False,False,False,False,-1.13523,-1.60775,bad,True
p06,2019-12-13,2019-12-13 07:54:23,False,4,3,2,7,3,3,6,4,False,stages,5.86667,5.75,5.69167,5.69444,8.80829,13.0682,50.3235,99,50,6.43333,34,27.2727,77,18545,18925.7,7,8.33333,166,138.333,325,365,543,False,False,False,False,-0.515349,-0.729855,bad,True
p06,2019-12-14,2019-12-14 08:36:16,False,4,3,2,7,3,4,6,5,False,stages,6.08333,5.99444,6.21667,5.80833,8.97756,19.1781,53.7974,98,49,6.68333,36,20.8219,76,20325,19210.7,4,5.66667,141,131,378,375.333,535,False,False,False,False,-0.515349,-0.729855,bad,True
p06,2019-12-15,2019-12-15 10:36:01,False,4,2,4,3,3,3,5,6,False,stages,4.11667,5.35556,10.0333,7.31389,10.8303,25.1012,59.5981,97,52,4.61667,30,20.6478,65,10382,16417.3,2,4.33333,32,113,396,366.333,611,False,False,True,False,-0.104528,-0.148036,neutral,True
p06,2019-12-16,2019-12-16 06:12:07,False,4,2,3,6,3,4,8,0,False,stages,8.01667,6.07222,3.275,6.50833,8.20611,20.79,52.9461,96,54,8.73333,43,11.0187,90,4724,11810.3,0,2,0,57.6667,257,343.667,796,False,False,True,False,-0.619877,-0.877891,bad,True
p06,2019-12-17,2019-12-17 06:02:02,False,4,3,3,6,3,2,6,1,False,stages,5.68333,5.93889,5.4,6.23611,13.8889,24.6334,52.2248,97,53,6.6,55,30.7918,80,19651,11585.7,10,4,178,70,319,324,419,False,False,False,False,0,0,neutral,True
p06,2019-12-18,2019-12-18 09:00:17,False,4,2,2,3,3,2,5,2,False,stages,5.68333,6.46111,5.7,4.79167,14.1058,20.2346,50.2777,99,52,6.61667,56,12.9032,79,20030,14801.7,9,6.33333,217,131.667,263,279.667,564,False,False,False,False,-1.13523,-1.60775,bad,True
p06,2019-12-19,2019-12-19 08:24:34,False,4,3,2,2,3,2,5,3,False,stages,5.45,5.60556,5.78333,5.62778,12.5668,21.1009,51.8016,99,50,6.23333,47,15.9021,77,17962,19214.3,4,7.66667,177,190.667,292,291.333,574,False,False,False,False,-0.515349,-0.729855,bad,True
p06,2019-12-20,2019-12-20 08:24:08,False,4,2,2,3,3,2,5,4,False,stages,5.6,5.57778,5.825,5.76944,12.2715,19.0476,53.8722,96,50,6.38333,47,25,74,19380,19124,1,4.66667,64,152.667,467,340.667,535,False,False,False,False,-1.13523,-1.60775,bad,True
p06,2019-12-21,2019-12-21 07:58:30,False,4,2,3,4,3,4,8,5,False,stages,7.93333,6.32778,5.325,5.64444,7.93037,19.958,48.9484,99,51,8.61667,41,22.479,86,23042,20128,24,9.66667,289,176.667,280,346.333,488,False,False,False,True,-0.619877,-0.877891,bad,True
p06,2019-12-22,2019-12-22 07:23:21,False,4,3,4,8,3,4,7,6,False,stages,6.96667,6.83333,5.39167,5.51389,12.5523,13.6364,50.0459,97,51,7.96667,60,25.5981,76,5683,16035,0,8.33333,11,121.333,244,330.333,668,False,False,True,True,0.515349,0.729855,good,True
p06,2019-12-23,2019-12-23 07:51:48,False,4,2,3,6,2,2,6,0,False,stages,6.63333,7.17778,5.95833,5.55833,15.8562,16.0804,50.4564,90,50,7.88333,75,25.6281,71,13713,14146,29,17.6667,61,120.333,265,263,636,False,False,True,True,-0.619877,-0.877891,bad,True
p06,2019-12-24,2019-12-24 08:22:36,False,4,3,4,6,3,4,6,1,False,stages,6.61667,6.73889,5.84167,5.73056,10.5856,14.8615,49.6864,97,50,7.4,47,18.6398,78,15738,11711.3,0,9.66667,125,65.6667,273,260.667,569,False,False,False,True,0.515349,0.729855,good,True
p06,2019-12-26,2019-12-26 09:37:22,False,4,3,4,6,3,4,8,3,False,stages,8.11667,7.01667,6.4,6.36944,11.7754,18.2752,51.676,95,51,9.2,65,16.8378,83,4737,10415.3,0,8.33333,0,59,290,272,732,False,False,False,True,0.515349,0.729855,good,True
p06,2019-12-27,2019-12-27 10:30:13,False,4,2,2,3,3,3,5,4,False,stages,5.6,6.67778,6.51667,6.59444,8.94309,15.7738,54.5553,96,51,6.15,33,22.0238,73,2414,5974,0,8.33333,0,17.3333,147,230,741,False,False,False,True,-1.13523,-1.60775,bad,True
p06,2019-12-28,2019-12-28 09:01:43,False,4,3,4,4,3,4,8,5,False,stages,8.15,7.28889,5.68333,6.2,9.94475,27.8119,49.2466,99,52,9.05,54,17.5869,91,13570,6907,0,0,80,26.6667,332,256.333,659,False,False,False,True,0.515349,0.729855,good,True
p06,2019-12-29,2019-12-29 11:35:11,False,3,3,3,3,3,4,7,6,False,stages,7.21667,6.98889,6.90833,6.36944,9.97921,20.0924,50.662,98,51,8.01667,48,19.3995,82,3778,6587.33,0,0,10,30,137,205.333,681,False,False,True,True,-1.05476,-1.49378,bad,True
p06,2019-12-30,2019-12-30 08:55:10,False,4,2,3,5,3,2,5,0,False,stages,5.53333,6.96667,6.33333,6.30833,11.2299,15.6627,55.9098,95,51,6.23333,42,18.9759,74,8291,8546.33,0,0,44,44.6667,195,221.333,720,False,False,True,True,-0.619877,-0.877891,bad,True
p06,2019-12-31,2019-12-31 07:34:03,False,4,2,3,3,3,3,5,1,False,stages,5.03333,5.92778,6.89167,6.71111,9.30931,25.4967,51.8628,99,51,5.55,31,26.8212,78,12068,8045.67,6,2,53,35.6667,349,227,664,False,False,False,True,-0.619877,-0.877891,bad,True
p06,2020-01-01,2020-01-01 13:40:27,False,3,2,2,5,3,2,6,2,False,stages,6.21667,5.59444,7.4,6.875,7.67327,13.941,52.2461,99,51,6.73333,31,17.4263,75,8574,9644.33,0,2,24,40.3333,302,282,781,False,False,False,True,-2.18998,-3.10153,bad,True
p06,2020-01-02,2020-01-02 08:41:29,False,4,3,3,6,3,3,5,3,False,stages,5.63333,5.62778,6.11667,6.80278,7.65027,15.6805,55.465,98,52,6.1,28,20.1183,75,3786,8142.67,0,2,0,25.6667,225,292,811,False,False,False,False,0,0,neutral,True
p06,2020-01-03,2020-01-03 09:47:53,False,4,3,4,6,3,3,6,4,False,stages,6.06667,5.97222,5.2,6.23889,11.2195,25.2747,55.8129,98,52,6.83333,46,18.956,75,16366,9575.33,33,11,87,37,359,295.333,628,False,False,False,False,0.515349,0.729855,good,True
p06,2020-01-04,2020-01-04 15:36:29,False,4,3,3,2,3,3,6,5,False,stages,5.65,5.78333,8.03333,6.45,8.62534,16.2242,53.4481,98,54,6.18333,32,21.8289,78,21206,13786,51,28,129,72,337,307,500,False,False,False,False,0,0,neutral,True
p06,2020-01-05,2020-01-05 09:06:26,False,4,3,3,6,3,4,6,6,False,stages,6.63333,6.11667,6.65,6.62778,6.13208,16.8342,54.3358,98,54,7.06667,26,24.6231,80,5505,14359,0,28,0,72,261,319,808,False,False,True,False,0,0,neutral,True
p06,2020-01-06,2020-01-06 07:55:20,False,4,3,4,8,3,3,6,0,False,stages,6,6.09444,6.26667,6.98333,8.39695,21.1111,60.9708,99,54,6.55,33,22.7778,84,9205,11972,21,24,43,57.3333,218,272,755,False,False,True,False,0.515349,0.729855,good,True
p06,2020-01-07,2020-01-07 08:19:16,False,4,2,4,3,3,2,5,1,False,stages,5.01667,5.88333,6.86667,6.59444,9.33735,13.289,55.5715,98,53,5.53333,31,21.5947,75,16698,10469.3,42,21,75,39.3333,364,281,608,False,False,False,False,-0.104528,-0.148036,neutral,True
p06,2020-01-08,2020-01-08 07:48:58,False,4,2,3,2,3,2,5,2,False,stages,5.36667,5.46111,6.575,6.56944,10.0559,17.0807,55.5259,96,52,5.96667,36,25.4658,78,22046,15983,46,36.3333,158,92,353,311.667,597,False,False,False,False,-0.619877,-0.877891,bad,True
p06,2020-01-09,2020-01-09 07:43:50,False,4,2,3,2,3,3,6,3,False,stages,6.13333,5.50556,5.53333,6.325,8.68486,16.5761,49.9823,97,51,6.71667,35,22.0109,81,11875,16873,9,32.3333,69,100.667,349,355.333,664,False,False,False,False,-0.619877,-0.877891,bad,True
p06,2020-01-10,2020-01-10 09:00:26,False,4,2,3,4,3,3,5,4,False,stages,5.5,5.66667,6.475,6.19444,11.5282,19.697,55.6822,99,50,6.21667,43,22.7273,77,12677,15532.7,3,19.3333,36,87.6667,394,365.333,607,False,False,False,False,-0.619877,-0.877891,bad,True
p06,2020-01-11,2020-01-11 08:48:37,False,3,2,3,2,3,3,7,5,False,stages,7.86667,6.5,5.49167,5.83333,8.70406,18.6441,46.7177,99,51,8.61667,45,22.8814,88,14740,13097.3,6,6,168,91,303,348.667,596,False,False,False,False,-1.67464,-2.37168,bad,True
p06,2020-01-12,2020-01-12 11:29:57,False,4,3,4,7,3,3,7,6,False,stages,6.93333,6.76667,5.81667,5.92778,11.6773,13.2212,48.2405,98,49,7.85,55,20.4327,76,6356,11257.7,0,3,9,71,269,322,645,False,False,True,False,0.515349,0.729855,good,True
p06,2020-01-13,2020-01-13 09:00:31,False,4,3,3,4,3,3,6,0,False,stages,5.88333,6.89444,5.9,5.73611,11.75,13.5977,55.0854,99,49,6.66667,47,20.9632,70,8220,9772,3,3,49,75.3333,293,288.333,627,False,False,True,False,0,0,neutral,True
p06,2020-01-14,2020-01-14 07:18:56,False,4,3,2,4,3,3,6,1,False,stages,5.81667,6.21111,6.08333,5.93333,7.91557,17.4785,54.5773,99,50,6.31667,30,10.3152,77,11225,8600.33,5,2.66667,50,36,350,304,640,False,False,False,False,-0.515349,-0.729855,bad,True
p06,2020-01-15,2020-01-15 09:34:46,False,4,3,3,5,3,3,5,2,False,stages,5.26667,5.65556,6.56667,6.18333,9.45559,24.3671,51.8303,99,51,5.81667,33,24.0506,80,23909,14451.3,22,10,202,100.333,299,314,560,False,False,False,False,0,0,neutral,True
p06,2020-01-16,2020-01-16 09:00:27,False,4,3,3,3,3,3,6,3,False,stages,5.83333,5.63889,6.025,6.225,9.56072,14.5714,54.3388,97,50,6.45,37,20.8571,73,17218,17450.7,2,9.66667,124,125.333,378,342.333,589,False,False,False,False,0,0,neutral,True
p06,2020-01-17,2020-01-17 09:05:11,False,4,3,3,4,3,3,6,4,False,stages,6.05,5.71667,5.825,6.13889,8.79397,32.5069,52.3671,97,51,6.63333,35,7.43802,80,13471,18199.3,4,9.33333,60,128.667,410,362.333,583,False,False,False,False,0,0,neutral,True
p06,2020-01-18,2020-01-18 10:22:36,False,4,2,3,3,3,3,7,5,False,stages,7.41667,6.43333,6,5.95,9.18367,18.2022,51.6225,99,51,8.16667,45,23.5955,82,15080,15256.3,3,3,132,105.333,362,383.333,548,False,False,False,False,-0.619877,-0.877891,bad,True
p06,2020-01-19,2020-01-19 09:18:51,False,4,3,3,5,3,4,6,6,False,stages,6.5,6.65556,6.65833,6.16111,11.3636,21.0256,55.7813,99,51,7.33333,50,21.7949,74,10668,13073,4,3.66667,38,76.6667,271,347.667,641,False,False,True,False,0,0,neutral,True
p06,2020-01-20,2020-01-20 09:00:18,False,4,3,3,5,3,4,6,0,False,stages,6.05,6.65556,5.96667,6.20833,8.79397,21.7631,54.5943,99,52,6.63333,35,12.9477,82,12767,12838.3,4,3.66667,84,84.6667,254,295.667,662,False,False,True,False,0,0,neutral,True
p06,2020-01-21,2020-01-21 09:11:30,False,4,3,3,3,3,3,6,1,False,stages,6.4,6.31667,5.35833,5.99444,12.1281,23.4375,54.393,100,52,7.28333,53,20.5729,81,12969,12134.7,6,4.66667,59,60.3333,397,307.333,586,False,False,False,False,0,0,neutral,True
p06,2020-01-22,2020-01-22 08:26:55,False,4,2,3,3,3,3,6,2,False,stages,5.9,6.11667,6.325,5.88333,7.32984,14.1243,53.7443,99,52,6.36667,28,20.339,78,19587,15107.7,3,4.33333,162,101.667,349,333.333,492,False,False,False,False,-0.619877,-0.877891,bad,True
p06,2020-01-23,2020-01-23 07:37:11,False,4,3,3,7,3,4,6,3,False,stages,6.45,6.25,4.96667,5.55,9.36768,7.75194,49.44,99,51,7.11667,40,17.8295,79,12449,15001.7,3,4,30,83.6667,430,392,598,False,False,False,False,0,0,neutral,True
p06,2020-01-24,2020-01-24 10:36:14,False,4,3,3,5,3,4,6,4,False,stages,6.98333,6.44444,5.43333,5.575,9.69828,24.3437,50.553,98,51,7.73333,45,12.4105,84,16912,16316,1,2.33333,58,83.3333,481,420,474,False,False,False,False,0,0,neutral,True
p06,2020-01-25,2020-01-25 08:32:14,False,4,3,4,4,3,4,7,5,False,stages,7.08333,6.83889,6.7,5.7,9.18803,30.3529,52.9362,100,51,7.8,43,20.2353,83,11778,13713,0,1.33333,82,56.6667,308,406.333,586,False,False,False,False,0.515349,0.729855,good,True
p06,2020-01-26,2020-01-26 09:00:43,False,4,3,3,3,3,3,6,6,False,stages,6.25,6.77222,6.825,6.31944,9.42029,23.4667,54.9058,98,51,6.9,39,22.1333,75,12526,13738.7,19,6.66667,69,69.6667,242,343.667,661,False,False,True,False,0,0,neutral,True
p06,2020-01-27,2020-01-27 09:00:19,False,4,3,3,6,3,4,6,0,False,stages,5.96667,6.43333,5.7,6.40833,12.0393,22.3464,52.7983,95,52,6.78333,49,21.7877,81,7724,10676,1,6.66667,46,65.6667,236,262,744,False,False,True,False,0,0,neutral,True
p06,2020-01-28,2020-01-28 09:09:40,False,4,3,3,4,3,2,6,1,False,stages,5.8,6.00556,6.3,6.275,8.66142,27.0115,53.9743,100,52,6.35,33,19.2529,79,18901,13050.3,29,16.3333,79,64.6667,434,304,520,False,False,False,False,0,0,neutral,True
p06,2020-01-29,2020-01-29 09:15:27,False,4,2,3,4,3,2,5,2,False,stages,5.51667,5.76111,6.45,6.15,10.7817,29.9094,55.9002,99,52,6.18333,40,14.1994,79,13924,13516.3,8,12.6667,71,65.3333,267,312.333,721,False,False,False,False,-0.619877,-0.877891,bad,True
p06,2020-01-30,2020-01-30 09:48:25,False,4,3,3,4,3,3,6,3,False,stages,6.7,6.00556,5.35833,6.03611,8.00915,21.393,53.4828,100,52,7.28333,35,20.6468,85,15027,15950.7,3,13.3333,57,69,442,381,570,False,False,False,False,0,0,neutral,True
p06,2020-01-31,2020-01-31 08:03:11,False,4,2,3,4,3,2,6,4,False,stages,6.15,6.12222,5.66667,5.825,9.55882,19.2412,52.1202,98,51,6.8,39,20.5962,84,19324,16091.7,27,12.6667,200,109.333,298,335.667,505,False,False,False,False,-0.619877,-0.877891,bad,True
p06,2020-02-01,2020-02-01 09:02:16,False,4,3,3,3,3,3,7,5,False,stages,6.86667,6.57222,6.2,5.74167,9.45055,15.7767,52.9038,100,50,7.58333,43,21.1165,77,20418,18256.3,28,19.3333,101,119.333,411,383.667,520,False,False,False,False,0,0,neutral,True
p06,2020-02-02,2020-02-02 09:17:53,False,4,3,4,6,3,4,8,6,False,stages,8.13333,7.05,5.86667,5.91111,7.75047,16.8033,48.5883,97,51,8.81667,41,23.7705,90,6750,15497.3,0,18.3333,27,109.333,220,309.667,738,False,False,True,False,0.515349,0.729855,good,True
p06,2020-02-03,2020-02-03 09:59:24,False,4,3,3,5,3,2,5,0,False,stages,5.23333,6.74444,6.28333,6.11667,14.6739,16.242,52.3396,98,50,6.13333,54,22.293,76,10674,12614,8,12,70,66,279,303.333,562,False,False,True,False,0,0,neutral,True
p06,2020-02-04,2020-02-04 09:16:20,False,4,3,3,5,3,4,6,1,False,stages,6,6.45556,6.01667,6.05556,8.16327,17.7778,53.7107,99,50,6.53333,32,24.7222,84,14075,10499.7,15,7.66667,71,56,389,296,612,False,False,False,False,0,0,neutral,True
p06,2020-02-05,2020-02-05 07:10:45,False,4,2,2,3,3,3,5,2,False,stages,5.06667,5.43333,6.44167,6.24722,12.6437,12.8289,55.2972,99,49,5.8,44,23.0263,71,15168,13305.7,13,12,148,96.3333,304,324,596,False,False,False,False,-1.13523,-1.60775,bad,True
p06,2020-02-06,2020-02-06 09:45:57,False,4,3,3,6,3,3,7,3,False,stages,6.73333,5.93333,4.51667,5.65833,11.7904,12.3762,51.1555,98,48,7.63333,54,21.7822,79,17656,15633,18,15.3333,138,119,331,341.333,623,False,False,False,False,0,0,neutral,True
p06,2020-02-07,2020-02-07 09:03:07,False,4,2,2,5,3,2,6,4,False,stages,5.8,5.86667,6.05,5.66944,11.6751,20.4023,53.4703,100,48,6.56667,46,25.5747,79,23201,18675,44,25,161,149,441,358.667,380,False,False,False,False,-1.13523,-1.60775,bad,True
p06,2020-02-08,2020-02-08 09:08:29,False,3,3,3,5,3,3,7,5,False,stages,7.31667,6.61667,4.825,5.13056,14.9225,25.2847,50.7929,99,48,8.6,77,22.779,80,11461,17439.3,5,22.3333,115,138,284,352,647,False,False,False,False,-1.05476,-1.49378,bad,True
p06,2020-02-09,2020-02-09 09:00:38,False,4,3,3,6,3,4,7,6,False,stages,7.1,6.73889,5.59167,5.48889,11.6183,16.6667,53.9266,97,48,8.03333,56,19.0141,76,6688,13783.3,0,16.3333,0,92,315,346.667,609,False,False,True,False,0,0,neutral,True
p06,2020-02-11,2020-02-11 09:00:46,False,4,3,3,5,3,4,6,1,False,stages,5.66667,6.06667,5.95833,5.89444,7.35695,19.4118,51.605,100,49,6.11667,27,18.2353,78,14296,10955.3,17,12,87,44.6667,379,335.667,599,False,False,False,False,0,0,neutral,True
p06,2020-02-12,2020-02-12 08:48:55,False,4,3,3,3,3,4,6,2,False,stages,6.13333,5.74444,5.95,6.01389,7.30479,16.8478,51.4045,100,50,6.61667,29,14.6739,81,23778,16652,40,25.3333,162,98.6667,382,358,529,False,False,False,False,0,0,neutral,True
p06,2020-02-13,2020-02-13 09:09:38,False,4,3,3,5,3,3,6,3,False,stages,5.66667,5.82222,5.46667,5.79167,8.60215,26.7647,48.9748,97,49,6.2,32,19.1176,81,13367,17147,2,19.6667,31,93.3333,421,394,591,False,False,False,False,0,0,neutral,True
p06,2020-02-14,2020-02-14 09:55:12,False,4,3,4,7,3,4,7,4,False,stages,6.98333,6.26111,4.59167,5.33611,8.3151,28.1623,51.438,99,49,7.61667,38,20.7637,83,16553,17899.3,0,14,52,81.6667,458,420.333,558,False,False,False,False,0.515349,0.729855,good,True
p06,2020-02-15,2020-02-15 09:58:28,False,4,3,3,6,3,2,6,5,False,stages,6.53333,6.39444,7.075,5.71111,8.19672,25.5102,57.769,100,49,7.11667,35,13.0102,77,15395,15105,1,1,80,54.3333,401,426.667,502,False,False,False,False,0,0,neutral,True
p06,2020-02-16,2020-02-16 09:00:20,False,4,3,3,6,3,4,8,6,False,stages,7.88333,7.13333,5.7,5.78889,10.076,20.7188,50.3424,99,51,8.76667,53,19.4503,89,6220,12722.7,0,0.333333,0,44,278,379,735,False,False,True,False,0,0,neutral,True
p06,2020-02-17,2020-02-17 09:21:26,False,4,3,3,6,3,2,5,0,False,stages,5.08333,6.5,6.65,6.475,10.0295,19.6721,60.2884,100,50,5.65,34,13.4426,74,9840,10485,0,0.333333,26,35.3333,373,350.667,515,False,False,True,False,0,0,neutral,True
p06,2020-02-18,2020-02-18 06:35:12,False,4,3,3,3,3,3,7,1,False,stages,6.71667,6.56111,5.19167,5.84722,8.82353,24.0695,55.1568,99,49,7.36667,39,20.8437,83,16697,10919,43,14.3333,81,35.6667,327,326,693,False,False,False,False,0,0,neutral,True
p06,2020-02-19,2020-02-19 07:44:36,False,4,2,3,3,3,2,7,2,False,stages,6.73333,6.17778,5.18333,5.675,7.55149,13.8614,51.373,97,49,7.28333,33,21.7822,83,18417,14984.7,14,19,110,72.3333,415,371.667,473,False,False,False,False,-0.619877,-0.877891,bad,True
p06,2020-02-20,2020-02-20 09:00:35,False,4,2,3,5,3,4,5,3,False,stages,5.66667,6.37222,6.26667,5.54722,9.33333,16.7647,53.9876,100,48,6.25,35,24.1176,78,11235,15449.7,13,23.3333,62,84.3333,297,346.333,644,False,False,False,False,-0.619877,-0.877891,bad,True
p06,2020-02-21,2020-02-21 09:00:51,False,4,3,3,6,3,4,5,4,False,stages,6.21667,6.20556,5.60833,5.68611,8.35381,12.6005,53.4395,98,48,6.78333,34,26.2735,77,14733,14795,15,14,85,85.6667,369,360.333,611,False,False,False,False,0,0,neutral,True
p06,2020-02-22,2020-02-22 09:03:14,False,4,3,3,3,3,4,7,5,False,stages,7.05,6.31111,5.68333,5.85278,11.1345,17.4941,51.6882,100,48,7.93333,53,23.6407,78,21907,15958.3,52,26.6667,196,114.333,324,330,513,False,False,False,False,0,0,neutral,True
p06,2020-02-23,2020-02-23 09:00:24,False,4,3,3,6,3,4,6,6,False,stages,6.06667,6.44444,6.8,6.03056,9.22693,15.9341,51.159,98,49,6.68333,37,19.5055,76,11523,16054.3,1,22.6667,56,112.333,323,338.667,585,False,False,True,False,0,0,neutral,True
p06,2020-02-24,2020-02-24 06:59:30,False,4,3,3,7,3,4,6,0,False,stages,6.41667,6.51111,5.41667,5.96667,7.22892,16.3636,51.6257,98,50,6.91667,30,20.7792,83,10247,14559,1,18,32,94.6667,353,333.333,654,False,False,True,False,0,0,neutral,True
p06,2020-02-25,2020-02-25 10:47:56,False,4,3,3,4,3,4,7,1,False,stages,7.18333,6.55556,4.35,5.52222,10.5809,15.3132,50.82,99,49,8.03333,51,10.2088,82,18858,13542.7,31,11,82,56.6667,377,351,566,False,False,False,False,0,0,neutral,True
p06,2020-02-26,2020-02-26 07:49:35,False,4,3,3,6,3,2,6,2,False,stages,6.63333,6.74444,4.88333,4.88333,15.1386,18.593,54.471,97,50,7.81667,71,21.608,85,13538,14214.3,19,17,135,83,268,332.667,555,False,False,False,False,0,0,neutral,True
p06,2020-02-27,2020-02-27 07:24:55,False,4,3,3,8,3,2,6,3,False,stages,5.96667,6.59444,5.58333,4.93889,10.2757,14.8045,56.6876,96,50,6.65,41,27.6536,79,17659,16685,54,34.6667,88,101.667,359,334.667,524,False,False,False,False,0,0,neutral,True
p06,2020-02-28,2020-02-28 08:05:18,False,4,2,3,1,2,2,5,4,False,stages,5.4,6,5.88333,5.45,10,22.8395,47.1934,97,50,6,36,18.8272,81,20871,17356,40,37.6667,79,100.667,441,356,521,False,False,False,False,-0.619877,-0.877891,bad,True
p06,2020-02-29,2020-02-29 09:00:19,False,4,2,3,2,2,2,6,5,False,stages,6.06667,5.81111,6.94167,6.13611,12.0773,16.4835,50.0162,97,48,6.9,50,25.8242,75,14736,17755.3,2,32,40,69,497,432.333,543,False,False,False,False,-0.619877,-0.877891,bad,True
p06,2020-03-01,2020-03-01 10:43:51,False,3,2,3,3,3,2,7,6,False,stages,7.58333,6.35,4.95833,5.92778,15.27,17.3626,51.3459,96,49,8.95,82,25.4945,82,8254,14620.3,0,14,86,68.3333,192,376.667,675,False,False,True,False,-1.67464,-2.37168,bad,True
p06,2020-03-02,2020-03-02 09:14:15,False,4,2,3,3,3,2,7,0,False,stages,6.81667,6.82222,4.6,5.5,12.7932,15.8924,52.8982,97,50,7.81667,60,22.9829,81,6465,9818.33,0,0.666667,0,42,286,325,617,False,False,True,False,-0.619877,-0.877891,bad,True
p06,2020-03-03,2020-03-03 09:00:44,False,4,3,3,4,3,3,6,1,False,stages,6.26667,6.88889,5.325,4.96111,9.39759,16.7553,51.2142,98,51,6.91667,39,18.883,81,13185,9301.33,9,3,82,56,360,279.333,529,False,False,False,False,0,0,neutral,True
p06,2020-03-04,2020-03-04 09:02:43,False,4,3,3,6,3,3,6,2,False,,,6.54167,,4.9625,,,,,,,,,,14399,11349.7,14,7.66667,59,47,403,349.667,,False,False,False,False,0,0,neutral,False
p06,2020-03-05,2020-03-05 06:25:36,False,4,3,3,2,3,4,6,3,False,stages,5.76667,6.01667,6.175,5.75,7.48663,23.1214,54.8485,99,51,6.23333,28,28.9017,82,26124,17902.7,25,16,91,77.3333,468,410.333,,False,False,False,False,0,0,neutral,True
p06,2020-03-06,2020-03-06 08:21:57,False,4,3,3,6,3,4,7,4,False,stages,7,6.38333,4.83333,5.50417,6.87361,18.0952,54.126,100,52,7.51667,31,19.0476,86,13892,18138.3,7,15.3333,65,71.6667,288,386.333,713,False,False,False,False,0,0,neutral,True
p06,2020-03-07,2020-03-07 11:19:52,False,4,3,3,5,3,4,6,5,False,stages,6.46667,6.41111,5.51667,5.50833,9.55711,36.8557,54.1899,99,52,7.15,41,20.3608,76,17486,19167.3,0,10.6667,91,82.3333,386,380.667,512,False,False,False,False,0,0,neutral,True
p06,2020-03-08,2020-03-08 14:09:11,False,4,3,4,3,3,3,7,6,False,stages,7.38333,6.95,5.85833,5.40278,13.4766,24.3792,56.3582,98,53,8.53333,69,18.9616,78,9065,13481,0,2.33333,0,52,385,353,626,False,False,True,False,0.515349,0.729855,good,True
p06,2020-03-09,2020-03-09 09:21:35,False,4,2,3,7,3,2,6,0,False,stages,6.75,6.86667,4.69167,5.35556,11.5721,23.4568,57.5831,94,55,7.63333,53,16.0494,82,4867,10472.7,0,0,0,30.3333,267,346,661,False,False,True,False,-0.619877,-0.877891,bad,True
p06,2020-03-10,2020-03-10 09:46:39,False,4,3,3,2,3,4,6,1,False,stages,6.38333,6.83889,5.50833,5.35278,6.58537,24.0209,54.1044,100,56,6.83333,27,22.1932,87,24194,12708.7,24,8,100,33.3333,431,361,451,False,False,False,False,0,0,neutral,True
p06,2020-03-11,2020-03-11 07:53:20,False,4,3,3,6,3,3,6,2,False,stages,5.61667,6.25,5.91667,5.37222,8.17439,21.365,55.4213,98,55,6.11667,30,21.9585,83,16479,15180,5,9.66667,34,44.6667,459,385.667,537,False,False,False,False,0,0,neutral,True
p06,2020-03-12,2020-03-12 11:49:00,False,4,3,2,2,3,4,6,3,False,stages,5.8,5.93333,5.85,5.75833,11.4504,22.7011,54.2664,99,54,6.55,45,18.6782,83,18553,19742,34,21,108,80.6667,363,417.667,602,False,True,False,False,-0.515349,-0.729855,bad,False
p06,2020-03-13,2020-03-13 06:54:47,False,4,2,2,5,3,3,6,4,False,stages,6.1,5.83889,5.43333,5.73333,8.95522,26.5027,53.5456,99,53,6.7,36,26.5027,84,15869,16967,5,14.6667,50,64,398,406.667,599,False,True,False,False,-1.13523,-1.60775,bad,False
p06,2020-03-14,2020-03-14 13:24:30,False,4,2,2,0,3,2,6,5,False,stages,4.45,5.45,8.425,6.56944,12.1711,13.1086,63.6835,99,53,5.06667,37,22.0974,64,19075,17832.3,7,15.3333,102,86.6667,458,406.333,478,False,True,False,False,-1.13523,-1.60775,bad,False
p06,2020-03-16,2020-03-16 09:50:46,False,4,3,2,6,3,4,6,0,False,stages,6.3,6.43333,5.25833,5.63056,6.89655,23.8095,52.2283,100,53,6.76667,28,18.5185,87,2782,9558.67,0,2.66667,0,45.6667,182,273.667,662,False,True,True,False,-0.515349,-0.729855,bad,False
p06,2020-03-17,2020-03-17 11:17:38,False,4,3,2,2,3,4,6,1,False,stages,6.08333,6.97778,5.19167,4.55278,9.20398,25.4795,52.3284,98,52,6.7,37,15.3425,84,17433,9011.33,0,0.333333,64,33,408,257,562,False,True,False,False,-0.515349,-0.729855,bad,False
p06,2020-03-18,2020-03-18 09:06:25,False,4,3,2,2,3,4,6,2,False,stages,6.66667,6.35,5.58333,5.34444,10.3139,31.75,50.8883,100,51,7.43333,46,15.25,87,14218,11477.7,0,0,50,38,393,327.667,595,False,True,False,False,-0.515349,-0.729855,bad,False
p06,2020-03-19,2020-03-19 07:48:38,False,4,3,2,6,3,3,4,3,False,stages,4.43333,5.72778,5.725,5.5,8.27586,24.0602,54.9215,97,50,4.83333,24,19.9248,69,15606,15752.3,27,9,119,77.6667,313,371.333,562,False,True,False,False,-0.515349,-0.729855,bad,False
p06,2020-03-20,2020-03-20 11:17:40,False,4,3,2,5,3,4,6,4,False,stages,6.18333,5.76111,4.68333,5.33056,6.54912,32.345,51.7254,98,52,6.61667,26,21.5633,82,15483,15102.3,0,9,26,65,456,387.333,668,False,True,False,False,-0.515349,-0.729855,bad,False
p06,2020-03-21,2020-03-21 09:00:47,False,4,3,2,5,3,3,6,5,False,stages,5.48333,5.36667,6.35833,5.58889,8.86427,13.6778,51.4633,100,51,6.01667,32,20.0608,77,13851,14980,0,9,37,60.6667,416,395,590,False,True,False,False,-0.515349,-0.729855,bad,False
p06,2020-03-22,2020-03-22 09:03:22,False,4,3,2,3,3,4,7,6,False,stages,7.33333,6.33333,5.25,5.43056,12,28.8636,50.2026,96,51,8.33333,60,20.9091,84,16478,15270.7,26,8.66667,107,56.6667,349,407,623,False,True,True,False,-0.515349,-0.729855,bad,False
p06,2020-03-23,2020-03-23 09:03:30,False,4,3,2,5,3,4,5,0,False,stages,5.45,6.08889,5.9,5.83611,7.36544,17.737,52.8169,96,50,5.88333,26,21.4067,80,9512,13280.3,0,8.66667,0,48,425,396.667,515,False,True,True,False,-0.515349,-0.729855,bad,False
p06,2020-03-24,2020-03-24 08:51:12,False,4,2,2,3,3,2,6,1,False,stages,5.93333,6.23889,5.05833,5.40278,11.8812,20.5056,53.3971,99,48,6.73333,48,27.5281,77,19509,15166.3,4,10,113,73.3333,504,426,470,False,True,False,False,-1.13523,-1.60775,bad,False
p06,2020-03-25,2020-03-25 09:01:39,False,4,2,2,4,3,2,5,2,False,stages,5.61667,5.66667,5.09167,5.35,12.4675,26.1128,51.5609,96,49,6.41667,48,23.4421,79,12330,13783.7,0,1.33333,15,42.6667,351,426.667,670,False,True,False,False,-1.13523,-1.60775,bad,False
p06,2020-03-26,2020-03-26 08:31:06,False,4,2,2,3,3,2,6,3,False,stages,6.4,5.98333,4.86667,5.00556,8.13397,20.5729,52.0679,97,48,6.96667,34,13.5417,81,13209,15016,2,2,39,55.6667,403,419.333,613,False,True,False,False,-1.13523,-1.60775,bad,False
p06,2020-03-27,2020-03-27 09:00:24,False,4,3,2,4,3,4,6,4,False,stages,5.83333,5.95,5.45833,5.13889,10.7143,26.5714,49.4039,97,48,6.53333,42,20.5714,79,21661,15733.3,29,10.3333,119,57.6667,436,396.667,467,False,True,False,False,-0.515349,-0.729855,bad,False
p06,2020-03-28,2020-03-28 09:08:06,False,4,3,2,3,3,4,7,5,False,stages,7,6.41111,4.91667,5.08056,13.4021,14.0476,46.7045,96,48,8.08333,65,20,80,10031,14967,0,10.3333,32,63.3333,315,384.667,701,False,True,False,False,-0.515349,-0.729855,bad,False
p06,2020-03-29,2020-03-29 09:00:17,False,4,3,2,4,3,4,6,6,False,stages,6.05,6.29444,5.1,5.15833,8.44156,31.405,48.5756,99,47,7.7,39,25.0689,80,8162,13284.7,0,9.66667,26,59,284,345,645,False,True,True,False,-0.515349,-0.729855,bad,False
p06,2020-03-30,2020-03-30 09:00:56,False,4,3,2,5,3,4,6,0,False,stages,6.16667,6.40556,4.50833,4.84167,13.7529,14.0541,54.7226,97,47,7.15,59,25.1351,74,4358,7517,0,0,0,19.3333,243,280.667,795,False,True,True,False,-0.515349,-0.729855,bad,False
p07,2019-11-06,2019-11-06 16:29:27,False,3,3,5,2,3,4,9,2,False,,,,,,,,,,,,,,,,,,,,,,,,True,False,False,False,0.892376,1.31732,good,False
p07,2019-11-07,2019-11-07 08:25:20,False,3,4,4,6,3,4,9,3,False,stages,7.38333,,4.54167,,15.619,17.6072,55.2598,94,,8.75,82,24.605,,,,,,,,,,,True,False,False,False,1.12182,1.65603,good,False
p07,2019-11-08,2019-11-08 07:58:09,False,3,3,3,4,3,4,8,4,False,stages,7.56667,7.475,4.40833,4.475,12.3552,24.0088,54.4768,98,55,8.63333,64,22.9075,82,19979,,29,,126,,226,,563,False,False,False,False,0,0,neutral,True
p07,2019-11-09,2019-11-09 07:54:50,False,4,4,4,8,3,4,6,5,False,stages,6.11667,7.02222,6.125,5.025,10.4878,10.6267,52.3537,97,53,6.83333,43,20.1635,76,9614,14796.5,0,14.5,38,82,224,225,660,False,False,False,False,1.77657,2.62256,good,True
p07,2019-11-10,2019-11-10 09:23:08,False,3,3,4,4,2,3,8,6,False,,,6.84167,,5.26667,,,,,,,,,,28445,19346,171,66.6667,340,168,243,231,383,False,False,True,False,0.446188,0.658661,good,False
p07,2019-11-11,2019-11-11 08:11:26,False,3,2,5,2,3,3,8,0,False,stages,7.6,6.85833,4.925,5.525,9.88142,30.2632,49.344,97,53,8.43333,50,21.2719,86,6203,14754,2,57.6667,11,129.667,189,218.667,,False,False,True,False,0.216741,0.319952,neutral,True
p07,2019-11-12,2019-11-12 08:58:29,False,3,3,4,6,3,3,8,1,False,stages,7.53333,7.56667,4.46667,4.69583,12.0623,18.1416,53.0472,97,52,8.56667,62,21.0177,78,17453,17367,51,74.6667,143,164.667,154,195.333,637,False,False,False,False,0.446188,0.658661,good,True
p07,2019-11-13,2019-11-13 08:05:06,False,3,2,2,4,3,3,7,2,False,stages,7.38333,7.50556,4.65833,4.68333,14.4788,14.2212,51.4509,96,52,8.63333,75,16.0271,76,7921,10525.7,0,17.6667,23,59,194,179,709,False,False,False,False,-1.12182,-1.65603,bad,True
p07,2019-11-14,2019-11-14 08:21:23,False,3,3,4,4,3,3,7,3,False,stages,7.45,7.45556,4.65,4.59167,12.5245,12.528,52.365,97,52,8.51667,64,14.9888,78,19280,14884.7,55,35.3333,88,84.6667,234,194,600,False,False,False,False,0.446188,0.658661,good,True
p07,2019-11-15,2019-11-15 08:03:29,False,3,3,2,6,3,3,7,4,False,stages,8.13333,7.65556,3.325,4.21111,13.1673,14.5492,55.2316,97,53,9.36667,74,17.8279,80,15531,14244,39,31.3333,88,66.3333,180,202.667,661,False,False,False,False,-0.446188,-0.658661,bad,True
p07,2019-11-16,2019-11-16 09:04:21,False,3,3,4,6,3,3,8,5,False,stages,7.1,7.56111,5.60833,4.52778,12.7049,20.892,54.3473,95,54,8.13333,62,24.8826,80,19813,18208,18,37.3333,83,86.3333,287,233.667,,False,False,False,False,0.446188,0.658661,good,True
p07,2019-11-17,2019-11-17 08:40:55,False,3,3,4,2,3,3,4,6,True,stages,,7.61667,,4.46667,,,,,,,,,,14579,16641,35,30.6667,180,117,259,242,513,False,False,True,False,0.446188,0.658661,good,False
p07,2019-11-18,2019-11-18 09:00:14,False,2,3,4,5,3,3,7,0,False,stages,6.93333,6,5.94167,7.60556,15.9596,11.0577,54.6688,96,57,8.25,79,17.7885,74,21765,18719,78,43.6667,121,128,171,239,744,False,False,True,False,-0.208558,-0.307872,neutral,True
p07,2019-11-19,2019-11-19 09:13:25,False,3,3,5,4,3,4,9,1,False,stages,8.21667,6.37222,5.9,7.70278,12.4334,18.2556,52.9784,96,56,9.38333,70,26.7748,88,10932,15758.7,16,43,96,132.333,140,190,709,False,False,False,False,0.892376,1.31732,good,True
p07,2019-11-20,2019-11-20 09:17:17,False,3,3,5,2,3,5,8,2,False,stages,7.4,7.51667,6.84167,6.22778,13.1115,22.7477,52.6798,97,55,8.51667,67,23.6486,85,14873,15856.7,33,42.3333,71,96,210,173.667,596,False,False,False,False,0.892376,1.31732,good,True
p07,2019-11-21,2019-11-21 08:50:18,False,3,2,4,3,2,3,8,3,False,stages,8.21667,7.94444,4.93333,5.89167,16.4407,20.4868,53.2581,94,55,9.83333,97,24.7465,84,19472,15092.3,60,36.3333,128,98.3333,157,169,644,False,False,False,False,-0.229447,-0.338709,neutral,True
p07,2019-11-22,2019-11-22 07:05:15,False,3,3,3,4,3,2,5,4,False,stages,5.1,6.90556,5.5,5.75833,12.8205,13.0719,57.2221,97,55,5.85,45,22.2222,67,18312,17552.3,39,44,115,104.667,218,195,517,False,False,False,False,0,0,neutral,True
p07,2019-11-23,2019-11-23 09:31:25,False,3,3,4,5,3,4,8,5,False,stages,7.9,7.07222,6.675,5.70278,10.7345,24.0506,54.3302,94,57,8.85,57,23.8397,85,9074,15619.3,0,33,22,88.3333,237,204,830,False,False,False,False,0.446188,0.658661,good,True
p07,2019-11-24,2019-11-24 09:31:49,False,3,3,4,4,3,3,5,6,False,stages,3.91667,5.63889,10.9417,7.70556,16.6667,12.766,72.4715,90,56,4.7,47,21.7021,48,11397,12927.7,21,20,44,60.3333,242,232.333,623,False,False,True,False,0.446188,0.658661,good,True
p07,2019-11-25,2019-11-25 09:07:12,False,3,3,4,5,3,4,9,0,False,stages,9.81667,7.21111,4.1,7.23889,8.82353,18.6757,51.3697,97,59,10.7667,57,15.6197,89,19537,13336,22,14.3333,87,51,216,231.667,855,False,False,True,False,0.446188,0.658661,good,True
p07,2019-11-26,2019-11-26 08:56:10,False,3,3,4,4,3,3,8,1,False,stages,8.5,7.41111,5.31667,6.78611,9.41385,18.6275,54.5063,96,56,9.38333,53,20,87,13398,14777.3,43,28.6667,56,62.3333,201,219.667,537,False,False,False,False,0.446188,0.658661,good,True
p07,2019-11-27,2019-11-27 09:00:11,False,3,3,4,6,3,3,8,2,False,stages,7.28333,8.53333,5.8,5.07222,14.4814,24.0275,54.7407,95,56,8.51667,74,18.7643,81,16422,16452.3,34,33,84,75.6667,255,224,538,False,False,False,False,0.446188,0.658661,good,True
p07,2019-11-28,2019-11-28 06:48:59,False,3,3,3,4,3,3,7,3,False,stages,6.61667,7.46667,4.53333,5.21667,14.0693,14.1058,55.7543,96,56,7.7,65,27.7078,78,15625,15148.3,48,41.6667,60,66.6667,221,225.667,648,False,False,False,False,0,0,neutral,True
p07,2019-11-29,2019-11-29 06:54:45,False,3,3,3,4,3,3,7,4,False,stages,6.95,6.95,4.33333,4.88889,10.515,18.9448,55.6276,96,56,7.76667,49,17.0264,80,13232,15093,29,37,82,75.3333,211,229,685,False,False,False,False,0,0,neutral,True
p07,2019-11-30,2019-11-30 10:37:41,False,2,2,3,1,3,3,5,5,False,stages,5.95,6.50556,9.64167,6.16944,8.22622,25.4902,63.1478,97,57,6.48333,32,29.4118,74,9231,12696,0,25.6667,11,51,298,243.333,665,False,False,False,False,-1.33038,-1.9639,bad,True
p07,2019-12-01,2019-12-01 08:56:41,False,3,2,4,3,3,3,8,6,False,stages,7.6,6.83333,5.98333,6.65278,10.9375,24.1228,57.8496,96,58,8.53333,56,24.5614,85,15790,12751,21,16.6667,118,70.3333,239,249.333,694,False,False,True,False,-0.229447,-0.338709,neutral,True
p07,2019-12-02,2019-12-02 07:21:39,False,3,3,4,5,3,3,7,0,False,stages,7.18333,6.91111,3.65,6.425,15.9844,19.9536,53.5096,94,57,8.55,82,21.1137,80,31707,18909.3,86,35.6667,199,109.333,184,240.333,545,False,False,True,False,0.446188,0.658661,good,True
p07,2019-12-03,2019-12-03 08:30:24,False,3,2,4,3,3,4,7,1,False,stages,7.51667,7.43333,5.16667,4.93333,11.9141,25.2772,52.0759,95,55,8.53333,61,31.7073,88,30035,25844,52,53,198,171.667,322,248.333,344,False,False,False,False,-0.229447,-0.338709,neutral,True
p07,2019-12-04,2019-12-04 08:43:10,False,3,2,4,3,3,3,9,2,False,stages,8.03333,7.57778,4.55,4.45556,14.082,21.9917,53.0773,96,55,9.35,79,13.278,84,16270,26004,31,56.3333,82,159.667,264,256.667,582,False,False,False,False,-0.229447,-0.338709,neutral,True
p07,2019-12-05,2019-12-05 07:44:28,False,3,3,2,5,3,3,7,3,False,stages,6.73333,7.42778,5.16667,4.96111,15.4812,17.5743,54.8832,96,55,7.96667,74,25.495,75,17440,21248.3,47,43.3333,82,120.667,206,264,591,False,False,False,False,-0.446188,-0.658661,bad,True
p07,2019-12-06,2019-12-06 07:02:20,False,3,2,3,3,3,2,5,4,False,stages,5.28333,6.68333,4.15,4.62222,15.6915,5.99369,56.5341,90,56,6.26667,59,9.14826,63,21781,18497,58,45.3333,84,82.6667,340,270,538,False,False,False,False,-0.675635,-0.997369,bad,True
p07,2019-12-07,2019-12-07 09:43:10,False,2,3,3,2,3,3,6,5,False,stages,6.05,6.02222,9.15,6.15556,7.16113,16.5289,66.5342,97,56,6.51667,28,19.0083,70,22630,20617,73,59.3333,108,91.3333,329,291.667,455,False,False,False,False,-0.654746,-0.966533,bad,True
p07,2019-12-08,2019-12-08 09:18:13,False,2,2,2,5,3,2,5,6,False,stages,4.1,5.14444,10.5083,7.93611,16.6102,35.7724,66.3263,94,58,4.91667,49,23.9837,54,18632,21014.3,47,59.3333,60,84,367,345.333,622,False,False,True,False,-1.77657,-2.62256,bad,True
p07,2019-12-09,2019-12-09 08:31:41,False,3,3,4,3,2,4,8,0,False,stages,8.81667,6.32222,4.26667,7.975,9.72696,24.3856,52.9301,96,60,9.76667,57,24.9527,93,30416,23892.7,127,82.3333,166,111.333,203,299.667,706,False,False,True,False,0.446188,0.658661,good,True
p07,2019-12-10,2019-12-10 09:22:06,False,3,3,3,5,3,3,9,1,False,stages,6.61667,6.51111,7.75833,7.51111,13.1291,21.4106,55.3795,97,58,7.61667,60,18.136,80,17470,22172.7,25,66.3333,141,122.333,207,259,506,False,False,False,False,0,0,neutral,True
p07,2019-12-11,2019-12-11 09:12:19,False,3,1,4,2,3,4,8,2,False,stages,7.76667,7.73333,6.15,6.05833,13.8632,28.97,53.9935,94,57,9.01667,75,28.5408,85,18436,22107.3,45,65.6667,131,146,242,217.333,610,False,False,False,False,-0.905082,-1.33608,bad,True
p07,2019-12-12,2019-12-12 07:52:30,False,3,3,2,4,3,3,8,3,False,stages,7.11667,7.16667,4.89167,6.26667,12.3203,19.6721,52.9293,97,57,8.11667,60,16.3934,83,15245,17050.3,44,38,58,110,206,218.333,635,False,False,False,False,-0.446188,-0.658661,bad,True
p07,2019-12-13,2019-12-13 07:30:19,False,3,3,3,5,3,3,7,4,False,stages,7.13333,7.33889,4.45,5.16389,15.0794,19.3925,56.6271,97,55,8.4,76,21.729,79,29998,21226.3,52,47,190,126.333,407,285,356,False,False,False,False,0,0,neutral,True
p07,2019-12-14,2019-12-14 08:40:26,False,3,3,3,4,3,4,8,5,False,stages,8.03333,7.42778,4.88333,4.74167,12.9964,30.2905,52.6519,98,56,9.23333,72,19.7095,88,21029,22090.7,7,34.3333,131,126.333,357,323.333,448,False,False,False,False,0,0,neutral,True
p07,2019-12-15,2019-12-15 08:52:32,False,3,3,2,6,3,3,7,6,False,stages,7.31667,7.49444,5.66667,5,14.7573,18.9066,50.5878,97,55,8.58333,76,19.59,83,18222,23083,48,35.6667,91,137.333,224,329.333,571,False,False,True,False,-0.446188,-0.658661,bad,True
p07,2019-12-16,2019-12-16 07:01:11,False,3,2,3,3,3,3,7,0,False,stages,7.11667,7.48889,4.64167,5.06389,13.2114,12.6464,56.6205,96,55,8.2,65,16.6276,77,20183,19811.3,49,34.6667,147,123,196,259,582,False,False,True,False,-0.675635,-0.997369,bad,True
p07,2019-12-17,2019-12-17 07:38:06,False,2,1,2,2,3,2,7,1,False,stages,7.8,7.41111,4.11667,4.80833,11.1954,17.3077,56.3517,98,57,8.78333,59,25,82,23522,20642.3,60,52.3333,94,110.667,363,261,491,False,False,False,False,-2.4522,-3.61993,bad,True
p07,2019-12-18,2019-12-18 08:17:58,False,3,3,3,4,3,3,8,2,False,stages,7.41667,7.44444,5.43333,4.73056,10.8216,31.4607,52.9909,92,57,8.31667,54,27.191,86,28754,24153,41,50,107,116,480,346.333,326,False,False,False,False,0,0,neutral,True
p07,2019-12-19,2019-12-19 07:32:29,False,3,4,2,6,3,3,7,3,False,stages,6.96667,7.39444,5.05833,4.86944,10.6838,18.1818,53.022,95,56,7.8,50,16.0287,80,20818,24364.7,51,50.6667,90,97,267,370,584,False,False,False,False,0.229447,0.338709,neutral,True
p07,2019-12-20,2019-12-20 09:45:02,False,3,3,2,1,3,2,5,4,False,stages,5.45,6.61111,8.20833,6.23333,7.88732,15.9021,65.8872,97,57,5.91667,28,24.4648,67,23077,24216.3,46,46,128,108.333,358,368.333,486,False,False,False,False,-0.446188,-0.658661,bad,True
p07,2019-12-21,2019-12-21 09:04:58,False,3,2,3,2,3,4,8,5,False,stages,7.43333,6.61667,6.83333,6.7,8.97959,24.2152,51.6981,97,58,8.16667,44,18.1614,88,19588,21161,40,45.6667,80,99.3333,276,300.333,729,False,False,False,True,-0.675635,-0.997369,bad,True
p07,2019-12-22,2019-12-22 09:16:03,False,3,3,3,5,3,4,7,6,False,stages,7.3,6.72778,5.54167,6.86111,11.336,30.137,53.1919,98,58,8.23333,56,23.7443,87,16151,19605.3,31,39,84,97.3333,284,306,582,False,False,True,True,0,0,neutral,True
p07,2019-12-23,2019-12-23 09:02:02,False,3,3,3,6,3,4,8,0,False,stages,7.31667,7.35,5.85,6.075,14.5914,22.779,52.8165,96,57,8.56667,75,17.3121,87,7406,14381.7,0,23.6667,0,54.6667,271,277,675,False,False,True,True,0,0,neutral,True
p07,2019-12-28,2019-12-28 09:02:44,False,3,2,3,2,3,3,7,5,False,stages,7.15,7.37778,6.925,6.825,11.9097,21.9114,55.6842,96,59,8.11667,58,23.31,85,18456,14700,50,16.6667,87,94.3333,275,260,516,False,False,False,True,-0.675635,-0.997369,bad,True
p07,2019-12-29,2019-12-29 08:55:13,False,3,3,4,4,3,3,8,6,False,stages,7.41667,7.47778,5.73333,6.89722,10.6426,17.9775,54.1592,95,59,8.3,53,23.3708,85,14550,16063.3,48,32.6667,75,97.6667,226,252.667,652,False,False,True,True,0.446188,0.658661,good,True
p07,2019-12-30,2019-12-30 09:27:49,False,3,3,4,3,3,3,9,0,False,stages,8.03333,7.53333,5.63333,6.09722,14.6903,14.3154,51.3343,95,59,9.41667,83,20.332,85,8846,13950.7,12,36.6667,16,59.3333,214,238.333,712,False,False,True,True,0.446188,0.658661,good,True
p07,2019-12-31,2019-12-31 11:39:03,False,2,2,3,4,3,2,7,1,False,stages,7,7.48333,7.36667,6.24444,10.2564,19.7619,53.9824,96,56,7.8,48,26.1905,86,20974,14790,51,37,106,65.6667,287,242.333,482,False,False,False,True,-1.33038,-1.9639,bad,True
p07,2020-01-01,2020-01-01 12:56:58,False,4,2,4,5,3,2,4,2,False,stages,4.06667,6.36667,12.3333,8.44444,11.5942,27.459,72.3162,93,58,4.6,32,22.541,62,15055,14958.3,45,36,76,66,348,283,548,False,False,False,True,0.425299,0.627825,good,True
p07,2020-01-02,2020-01-02 09:32:11,False,3,2,2,2,3,3,8,3,False,stages,8.1,6.38889,5.50833,8.40278,13.5231,22.6337,57.3359,94,60,9.36667,76,21.3992,84,14003,16677.3,40,45.3333,56,79.3333,276,303.667,717,False,False,False,False,-1.12182,-1.65603,bad,True
p07,2020-01-05,2020-01-05 07:16:20,False,2,3,3,1,3,3,7,6,True,stages,,7.89167,,5.98333,,,,,,,,,,,10410.5,,20.5,,37,,245,,True,False,True,False,-0.654746,-0.966533,bad,False
p07,2020-01-06,2020-01-06 10:10:29,False,3,3,2,2,3,2,5,0,False,stages,5.55,5.55556,5.41667,8.51111,22.0141,12.3123,54.6888,86,62,7.11667,94,16.5165,59,2658,3748,0,0,0,0,146,179,,False,False,True,False,-0.446188,-0.658661,bad,True
p07,2020-01-07,2020-01-07 07:32:28,False,3,2,2,2,3,3,9,1,False,stages,8.5,5.87222,2.675,7.50278,16.3934,21.3725,54.3213,93,60,10.1667,100,15.6863,83,4380,3519,0,0,0,0,151,148.5,772,False,False,False,False,-1.12182,-1.65603,bad,True
p07,2020-01-08,2020-01-08 09:13:46,False,3,3,4,3,3,4,8,2,False,stages,8.55,7.53333,5.34167,4.47778,13.0508,21.2476,54.7493,93,59,9.83333,77,23.7817,88,4684,3907.33,1,0.333333,22,7.33333,139,145.333,604,False,False,False,False,0.446188,0.658661,good,True
p07,2020-01-09,2020-01-09 07:46:19,False,3,3,3,3,3,2,7,3,False,stages,7.4,8.15,4.31667,4.11111,17.1642,21.1712,55.8249,92,59,8.93333,92,23.8739,80,12645,7236.33,22,7.66667,53,25,223,171,574,False,False,False,False,0,0,neutral,True
p07,2020-01-10,2020-01-10 07:26:34,False,4,3,3,3,4,2,7,4,False,stages,7.16667,7.70556,4.56667,4.74167,15.6863,13.0233,54.2826,92,59,8.5,80,17.4419,78,12193,9840.67,27,16.6667,53,42.6667,220,194,545,False,False,False,False,0.654746,0.966533,good,True
p07,2020-01-11,2020-01-11 09:00:16,False,3,3,3,4,3,4,7,5,False,stages,6.81667,7.12778,5.13333,4.67222,12.7932,20.5379,59.8216,98,58,7.81667,60,17.6039,78,9793,11543.7,0,16.3333,0,35.3333,317,253.333,613,False,False,False,False,0,0,neutral,True
p07,2020-01-12,2020-01-12 15:43:58,False,3,3,3,3,3,3,7,6,False,stages,6.95,6.97778,4.725,4.80833,15.9274,20.3837,56.2181,98,59,8.26667,79,21.3429,75,12598,11528,0,9,89,47.3333,272,269.667,610,False,False,True,False,0,0,neutral,True
p07,2020-01-13,2020-01-13 10:16:27,False,4,3,4,3,3,4,10,0,False,stages,9.83333,7.86667,3.225,4.36111,17.4825,19.1525,55.8474,95,60,11.9167,125,19.4915,82,11096,11162.3,0,0,14,34.3333,330,306.333,600,False,False,True,False,1.10093,1.62519,good,True
p07,2020-01-14,2020-01-14 08:35:29,False,3,3,4,5,3,4,8,1,False,stages,7.16667,7.98333,4.58333,4.17778,14.8515,13.0233,58.4734,96,60,8.41667,75,15.5814,77,14040,12578,13,4.33333,122,75,254,285.333,349,False,False,False,False,0.446188,0.658661,good,True
p07,2020-01-15,2020-01-15 08:46:26,False,3,3,3,5,3,3,7,2,False,stages,6.63333,7.87778,6.1,4.63611,10.3604,20.8543,57.9544,95,61,7.4,46,24.1206,81,16414,13850,40,17.6667,68,68,270,284.667,597,False,False,False,False,0,0,neutral,True
p07,2020-01-16,2020-01-16 07:56:44,False,3,3,3,5,3,4,8,3,False,,,6.9,,5.34167,,,,,,,,,,13188,14547.3,0,17.6667,89,93,260,261.333,,False,False,False,False,0,0,neutral,False
p07,2020-01-17,2020-01-17 09:00:17,False,4,3,4,5,3,4,8,4,False,stages,8.03333,7.33333,5.13333,5.61667,11.883,20.1245,61.3404,98,61,9.11667,65,26.1411,87,17111,15571,54,31.3333,102,86.3333,207,245.667,,False,False,False,False,1.10093,1.62519,good,True
p07,2020-01-18,2020-01-18 06:15:38,False,3,2,3,2,3,2,7,5,False,stages,6.33333,7.18333,3.9,4.51667,22.6069,12.8947,56.113,92,62,8.18333,111,17.3684,68,16374,15557.7,45,33,57,82.6667,228,231.667,608,False,False,False,False,-0.675635,-0.997369,bad,True
p07,2020-01-19,2020-01-19 12:22:07,False,3,3,3,3,3,3,5,6,False,stages,5.11667,6.49444,8.66667,5.9,11.5274,24.1042,73.6285,91,61,5.78333,40,14.3322,68,19165,17550,48,49,107,88.6667,260,231.667,582,False,False,True,False,0,0,neutral,True
p07,2020-01-20,2020-01-20 08:22:53,False,3,3,3,5,3,4,8,0,False,stages,7.73333,6.39444,4.44167,5.66944,17.2906,18.1034,53.205,92,63,9.35,97,21.3362,77,11050,15529.7,0,31,10,58,348,278.667,735,False,False,True,False,0,0,neutral,True
p07,2020-01-21,2020-01-21 09:02:24,False,3,3,4,5,3,3,7,1,False,stages,7.2,6.68333,5.3,6.13611,11.6564,22.4537,54.3597,97,61,8.15,57,27.7778,89,18419,16211.3,49,32.3333,110,75.6667,268,292,396,False,False,False,False,0.446188,0.658661,good,True
p07,2020-01-22,2020-01-22 07:56:17,False,4,3,4,4,3,4,7,2,False,stages,7.33333,7.42222,4.90833,4.88333,10.9312,20.6818,58.2417,97,58,8.23333,54,18.6364,80,20977,16815.3,60,36.3333,101,73.6667,251,289,599,False,False,False,False,1.10093,1.62519,good,True
p07,2020-01-23,2020-01-23 08:26:05,False,4,3,3,4,3,4,7,3,False,stages,7.35,7.29444,5.59167,5.26667,12.5,22.449,55.4273,95,58,8.4,63,24.263,84,18415,19270.3,39,49.3333,132,114.333,215,244.667,599,False,False,False,False,0.654746,0.966533,good,True
p07,2020-01-24,2020-01-24 08:07:17,False,4,3,3,5,3,4,7,4,False,stages,6.75,7.14444,5.44167,5.31389,9.59821,22.4691,56.8611,98,58,7.46667,43,13.5802,80,23137,20843,30,43,174,135.667,304,256.667,458,False,False,False,False,0.654746,0.966533,good,True
p07,2020-01-25,2020-01-25 09:02:52,False,4,3,4,3,2,4,7,5,False,stages,6.53333,6.87778,6.45,5.82778,16.9492,23.9796,57.0369,96,58,7.86667,80,30.8673,77,12725,18092.3,3,24,104,136.667,270,263,545,False,False,False,False,1.10093,1.62519,good,True
p07,2020-01-26,2020-01-26 09:13:40,False,4,2,4,3,2,5,9,6,False,stages,8.1,7.12778,5.3,5.73056,16.7808,16.2551,55.237,96,58,9.73333,98,22.6337,84,17460,17774,26,19.6667,117,131.667,279,284.333,572,False,False,True,False,0.425299,0.627825,good,True
p07,2020-01-27,2020-01-27 07:29:16,False,4,3,3,3,2,4,7,0,False,stages,6.75,7.12778,5.08333,5.61111,11.9565,26.4198,53.2812,98,58,7.66667,55,22.716,83,12824,14336.3,0,9.66667,96,105.667,263,270.667,497,False,False,True,False,0.654746,0.966533,good,True
p07,2020-01-28,2020-01-28 07:09:26,False,3,3,2,6,3,2,7,1,False,stages,6.6,7.15,4.70833,5.03056,19.3483,11.1111,55.316,95,58,8.18333,95,26.0101,68,19564,16616,54,26.6667,93,102,297,279.667,590,False,False,False,False,-0.446188,-0.658661,bad,True
p07,2020-01-29,2020-01-29 08:34:03,False,2,3,3,4,2,3,7,2,False,stages,6.81667,6.72222,4.9,4.89722,18.8492,19.8044,54.8869,96,57,8.4,95,21.0269,75,20089,17492.3,60,38,100,96.3333,290,283.333,559,False,False,False,False,-0.654746,-0.966533,bad,True
p07,2020-01-30,2020-01-30 08:56:55,False,3,3,3,4,3,2,6,3,False,stages,6.03333,6.48333,6.85833,5.48889,11.4914,27.0718,55.7881,95,57,6.81667,47,19.8895,77,20035,19896,46,53.3333,123,105.333,217,268,596,False,False,False,False,0,0,neutral,True
p07,2020-01-31,2020-01-31 08:12:12,False,4,3,3,4,3,4,8,4,False,stages,7.28333,6.71111,5.05833,5.60556,12.249,22.6545,54.168,96,58,8.3,61,15.7895,84,18376,19500,47,51,74,99,284,263.667,673,False,False,False,False,0.654746,0.966533,good,True
p07,2020-02-01,2020-02-01 09:23:51,False,4,3,4,4,3,5,9,5,False,stages,8.7,7.33889,5.55,5.82222,10.1549,30.8429,53.9303,94,57,9.68333,59,22.7969,90,18378,18929.7,54,49,96,97.6667,243,248,603,False,False,False,False,1.10093,1.62519,good,True
p07,2020-02-02,2020-02-02 09:04:06,False,4,3,4,3,3,4,5,6,True,stages,,7.99167,,5.30417,,,,,,,,,,19582,18778.7,66,55.6667,100,90,250,259,509,False,False,True,False,1.10093,1.62519,good,False
p07,2020-02-03,2020-02-03 07:24:56,False,3,2,4,2,3,4,8,0,False,stages,7.45,7.49444,4.3,6.50556,14.0385,26.8456,51.4535,97,59,8.66667,73,26.1745,88,15201,17720.3,27,49,81,92.3333,266,253,645,False,False,True,False,-0.229447,-0.338709,neutral,True
p07,2020-02-04,2020-02-04 07:46:41,False,3,3,4,3,3,3,8,1,False,stages,7.56667,7.11667,3.76667,5.91111,14.5009,23.5683,57.769,94,57,8.85,77,24.4493,80,11216,15333,25,39.3333,73,84.6667,236,250.667,611,False,False,False,False,0.446188,0.658661,good,True
p07,2020-02-05,2020-02-05 09:03:37,False,4,3,4,4,3,4,8,2,False,stages,7.56667,7.52778,6.05833,4.70833,10.8055,29.5154,58.0628,94,57,8.48333,55,19.163,83,20606,15674.3,60,37.3333,96,83.3333,257,253,556,False,False,False,False,1.10093,1.62519,good,True
p07,2020-02-06,2020-02-06 08:41:07,False,3,2,4,2,3,3,7,3,False,stages,6.45,7.19444,6.28333,5.36944,12.2449,17.3127,55.6807,97,58,7.35,54,17.3127,78,14532,15451.3,44,43,64,77.6667,269,254,598,False,False,False,False,-0.229447,-0.338709,neutral,True
p07,2020-02-07,2020-02-07 08:30:33,False,4,3,4,4,3,4,8,4,False,stages,8.01667,7.34444,4.85833,5.73333,10.5948,19.9584,56.8311,97,58,8.96667,57,17.0478,85,14395,16511,2,35.3333,131,97,297,274.333,571,False,False,False,False,1.10093,1.62519,good,True
p07,2020-02-08,2020-02-08 10:58:21,False,4,3,4,4,3,3,7,5,False,stages,6.45,6.97222,7.875,6.33889,12.6411,21.447,57.9078,96,59,7.38333,56,22.2222,76,22472,17133,61,35.6667,122,105.667,277,281,503,False,False,False,False,1.10093,1.62519,good,True
p07,2020-02-09,2020-02-09 09:14:02,False,4,2,3,4,3,4,7,6,False,stages,7.56667,7.34444,6.425,6.38611,9.56175,19.6035,56.1535,97,59,8.36667,48,26.8722,84,21255,19374,64,42.3333,117,123.333,263,279,617,False,False,True,False,-0.020889,-0.0308363,neutral,True
p07,2020-02-10,2020-02-10 09:00:28,False,3,3,3,3,3,4,8,0,False,stages,7.41667,7.14444,4.675,6.325,8.99796,32.5843,55.5807,96,59,8.15,44,22.2472,85,14359,19362,7,44,160,133,278,272.667,500,False,False,True,False,0,0,neutral,True
p07,2020-02-11,2020-02-11 07:39:40,False,4,3,4,3,3,4,8,1,False,stages,7.45,7.47778,4.58333,5.22778,12.3529,21.7002,54.4986,96,59,8.5,63,22.1477,83,19868,18494,62,44.3333,78,118.333,273,271.333,600,False,False,False,False,1.10093,1.62519,good,True
p07,2020-02-12,2020-02-12 09:04:22,False,3,3,3,4,2,3,8,2,False,stages,7.16667,7.34444,5.86667,5.04167,13.8277,19.0698,57.2337,96,58,8.31667,69,18.8372,80,18162,17463,59,42.6667,93,110.333,287,279.333,550,False,False,False,False,0,0,neutral,True
p07,2020-02-13,2020-02-13 08:37:27,False,3,3,3,3,3,3,7,3,False,stages,7.35,7.32222,5.4,5.28333,13.8672,17.4603,53.9827,93,58,8.53333,71,23.356,80,20221,19417,57,59.3333,80,83.6667,246,268.667,615,False,False,False,False,0,0,neutral,True
p07,2020-02-14,2020-02-14 09:00:21,False,4,3,4,4,3,4,10,4,False,stages,8.83333,7.78333,4.09167,5.11944,10.7744,28.3019,55.285,96,57,9.9,64,23.9623,89,18706,19029.7,50,55.3333,133,102,248,260.333,547,False,False,False,False,1.10093,1.62519,good,True
p07,2020-02-15,2020-02-15 09:42:34,False,3,3,3,4,3,3,6,5,False,stages,6.15,7.44444,7.225,5.57222,14.5833,14.6341,55.512,97,57,7.2,63,15.1762,71,15511,18146,43,50,81,98,236,243.333,529,False,False,False,False,0,0,neutral,True
p07,2020-02-16,2020-02-16 09:01:35,False,3,3,3,3,3,3,3,6,False,stages,2.93333,5.97222,10.65,7.32222,15.3846,10.2273,69.9802,97,58,3.46667,32,18.75,57,16321,16846,5,32.6667,118,110.667,338,274,552,False,False,True,False,0,0,neutral,True
p07,2020-02-18,2020-02-18 09:17:03,False,2,2,3,3,3,4,8,1,False,stages,8,6.15556,4.3,6.1,13.0435,31.4583,54.276,93,57,9.2,72,24.375,89,,15156,,4.5,,102,,320,,True,False,False,False,-1.33038,-1.9639,bad,False
p07,2020-02-20,2020-02-20 09:07:54,False,3,3,3,3,3,3,8,3,False,stages,7.35,7.67222,4.96667,4.56667,13.8672,11.1111,53.0178,96,55,8.53333,71,21.9955,79,16755,17324.5,0,28,141,123,270,238.5,507,False,False,False,False,0,0,neutral,True
p07,2020-02-21,2020-02-21 07:56:31,False,3,3,3,4,3,2,7,4,False,,,7.50833,,4.7,,,,,,,,,,,17324.5,,28,,123,,238.5,,True,False,False,False,0,0,neutral,False
p07,2020-02-23,2020-02-23 07:35:37,False,3,3,3,4,3,3,7,6,False,stages,6.23333,7.01667,5.25,5.13333,11.7925,13.369,54.2177,96,55,7.06667,50,20.8556,76,17658,15917.5,54,44.5,85,109,295,201.5,516,False,False,True,False,0,0,neutral,True
p07,2020-02-24,2020-02-24 08:15:14,False,3,3,3,4,3,4,8,0,False,stages,8.03333,7.35556,3.925,4.73056,14.082,11.8257,53.4679,96,56,9.35,79,12.6556,82,17626,16487,62,50.3333,100,106,255,219.333,661,False,False,True,False,0,0,neutral,True
p07,2020-02-25,2020-02-25 09:00:36,False,3,3,2,3,3,3,7,1,False,stages,7.46667,7.24444,4.2,4.45833,11.6371,25.2232,54.1215,95,55,8.45,59,19.1964,83,18708,17997.3,51,55.6667,103,96,258,269.333,518,False,False,False,False,-0.446188,-0.658661,bad,True
p07,2020-02-26,2020-02-26 05:58:18,False,3,3,3,2,3,3,6,2,False,stages,5.61667,7.03889,5.175,4.43333,15.3266,17.2107,58.5003,94,56,6.63333,61,19.2878,71,20387,18907,50,54.3333,146,116.333,281,264.667,506,False,False,False,False,0,0,neutral,True
p07,2020-02-27,2020-02-27 09:50:46,False,3,3,3,4,3,2,7,3,False,stages,8.46667,7.18333,4.375,4.58333,22.4427,9.25197,55.0333,87,57,10.9167,147,15.5512,75,18638,19244.3,21,40.6667,88,112.333,226,255,623,False,False,False,False,0,0,neutral,True
p07,2020-02-28,2020-02-28 11:52:12,False,3,3,3,4,3,2,7,4,False,stages,7.56667,7.21667,4.89167,4.81389,13.6882,28.8546,57.4002,94,57,8.76667,72,25.7709,81,18541,19188.7,40,37,129,121,243,250,413,False,False,False,False,0,0,neutral,True
p07,2020-02-29,2020-02-29 09:00:19,False,3,3,2,5,3,2,7,5,False,stages,7.76667,7.93333,4.65,4.63889,16.4875,16.309,56.7394,93,59,9.3,92,13.0901,77,19354,18844.3,38,33,112,109.667,198,222.333,604,False,False,False,False,-0.446188,-0.658661,bad,True
p07,2020-03-01,2020-03-01 10:03:42,False,3,3,3,3,3,3,4,6,False,stages,2.7,6.01111,10.575,6.70556,15.1832,19.1358,66.7141,91,58,3.18333,29,35.1852,57,18500,18798.3,31,36.3333,156,132.333,360,267,366,False,False,True,False,0,0,neutral,True
p07,2020-03-02,2020-03-02 07:33:52,False,3,3,4,2,3,4,11,0,False,stages,9.96667,6.81111,2.15833,5.79444,11.5385,15.3846,51.2033,94,60,11.2667,78,22.9097,87,11447,16433.7,4,24.3333,108,125.333,181,246.333,960,False,False,True,False,0.446188,0.658661,good,True
p07,2020-03-03,2020-03-03 08:38:59,False,4,3,3,2,3,3,8,1,False,stages,7.7,6.78889,4.96667,5.9,10.6383,8.65801,50.4805,96,57,8.61667,55,14.7186,79,7956,12634.3,0,11.6667,0,88,299,280,465,False,False,False,False,0.654746,0.966533,good,True
p07,2020-03-04,2020-03-04 09:03:32,False,4,3,4,3,4,4,7,2,False,stages,7.4,8.35556,5.15,4.09167,11.5538,12.6126,53.1085,97,56,8.36667,58,21.3964,82,11655,10352.7,2,2,68,58.6667,294,258,561,False,False,False,False,1.10093,1.62519,good,True
p07,2020-03-05,2020-03-05 09:00:43,False,3,3,3,3,3,4,7,3,False,stages,7.26667,7.45556,4.4,4.83889,8.01688,25.2294,54.1768,97,56,7.9,38,30.5046,88,12329,10646.7,3,1.66667,123,63.6667,229,274,586,False,False,False,False,0,0,neutral,True
p07,2020-03-06,2020-03-06 09:35:31,False,4,3,4,3,3,4,7,4,False,stages,6.11667,6.92778,7.39167,5.64722,13.6471,16.8937,55.5418,96,57,7.08333,58,20.1635,74,15459,13147.7,4,3,89,93.3333,308,277,569,False,False,False,False,1.10093,1.62519,good,True
p07,2020-03-07,2020-03-07 06:47:17,False,3,3,4,3,3,3,6,5,False,stages,6.1,6.49444,5.425,5.73889,14.2857,10.6557,54.6587,94,58,7.11667,61,20.765,72,7428,11738.7,0,2.33333,12,74.6667,287,274.667,716,False,False,False,False,0.446188,0.658661,good,True
p07,2020-03-09,2020-03-09 09:06:28,False,3,3,3,3,3,3,8,0,False,stages,9.11667,6.32222,3.34167,6.65556,10.7667,18.83,57.2202,96,59,10.2167,66,20.4753,86,14301,10474.3,0,0,151,64.3333,290,284,743,False,False,True,False,0,0,neutral,True
p07,2020-03-10,2020-03-10 07:58:45,False,3,3,3,3,3,4,8,1,False,stages,8.11667,6.99444,3.99167,6.17778,14.5614,19.9179,55.7055,94,60,9.5,83,19.9179,86,9040,11011.7,1,0.333333,15,65.3333,227,264,585,False,False,False,False,0,0,neutral,True
p07,2020-03-11,2020-03-11 08:07:02,False,3,3,2,4,3,4,7,2,False,stages,7.53333,8.25556,4.1,3.81111,15.8287,28.0973,55.4044,96,59,8.95,85,29.4248,86,8661,10667.3,2,1,30,65.3333,218,245,622,False,False,False,False,-0.446188,-0.658661,bad,True
p07,2020-03-12,2020-03-12 09:02:21,False,3,3,3,3,3,5,8,3,False,stages,8.53333,8.06111,4.11667,4.06944,9.38053,23.4375,54.9858,98,58,9.41667,53,23.2422,90,19547,12416,53,18.6667,108,51,256,233.667,539,False,True,False,False,0,0,neutral,False
p07,2020-03-13,2020-03-13 08:53:00,False,4,3,3,4,3,3,7,4,False,stages,5.15,7.07222,7.71667,5.31111,16.2602,9.06149,52.9957,95,58,6.15,60,26.2136,68,17177,15128.3,28,27.6667,81,73,238,237.333,556,False,True,False,False,0.654746,0.966533,good,False
p07,2020-03-14,2020-03-14 09:19:38,False,4,3,3,3,3,4,8,5,False,stages,7.73333,7.13889,5.91667,5.91667,12.4528,15.7328,58.3406,95,57,8.83333,66,30.1724,80,13408,16710.7,0,27,52,80.3333,274,256,745,False,True,False,False,0.654746,0.966533,good,False
p07,2020-03-15,2020-03-15 06:34:17,False,3,3,2,3,3,2,6,6,False,stages,6.25,6.37778,4.99167,6.20833,15.3499,11.7333,55.8013,95,59,7.38333,68,13.3333,71,13755,14780,26,18,61,64.6667,242,251.333,607,False,True,True,False,-0.446188,-0.658661,bad,False
p07,2020-03-17,2020-03-17 10:31:47,False,3,3,4,3,3,4,8,1,False,stages,7.78333,7.36667,5.19167,4.97222,9.14397,26.7666,57.1145,95,58,8.56667,47,28.2655,87,12271,10459.7,49,25,65,42,183,229,641,False,True,False,False,0.446188,0.658661,good,False
p07,2020-03-18,2020-03-18 09:35:08,False,3,3,3,4,3,4,7,2,False,stages,7.48333,7.77778,4.18333,4.70278,12.1331,15.5902,58.7861,95,60,8.51667,62,29.3987,82,15290,10971.3,71,40,86,50.3333,126,190.333,714,False,True,False,False,0,0,neutral,False
p07,2020-03-19,2020-03-19 09:07:40,False,3,2,3,3,3,4,7,3,False,stages,7.11667,7.46111,6.00833,5.12778,15.7791,20.1405,60.2878,94,62,8.45,80,25.0585,80,14934,14165,50,56.6667,74,75,173,160.667,622,False,True,False,False,-0.675635,-0.997369,bad,False
p07,2020-03-20,2020-03-20 09:50:23,False,4,3,4,5,3,4,8,4,False,stages,7.5,7.36667,5.83333,5.34167,12.1094,21.3333,55.1243,96,62,8.53333,62,30.4444,86,10190,13471.3,0,40.3333,84,81.3333,257,185.333,592,False,True,False,False,1.10093,1.62519,good,False
p07,2020-03-21,2020-03-21 08:34:26,False,3,3,3,3,3,4,8,5,False,stages,7.93333,7.51667,4.875,5.57222,11.5242,13.0252,52.0615,95,60,8.96667,62,16.8067,80,12551,12558.3,53,34.3333,66,74.6667,152,194,710,False,True,False,False,0,0,neutral,False
p07,2020-03-22,2020-03-22 06:49:33,False,3,3,3,2,3,3,6,6,False,stages,6.46667,7.3,5.55833,5.42222,10.8046,19.5876,53.0486,93,58,7.25,47,22.1649,79,21638,14793,70,41,93,81,367,258.667,442,False,True,True,False,0,0,neutral,False
p07,2020-03-24,2020-03-24 09:00:13,False,3,3,4,4,3,4,8,1,False,stages,8.08333,7.64444,5.475,5.54444,11.9782,20.4124,58.6032,97,56,9.18333,66,18.5567,83,12148,13899.3,64,44.6667,75,56,190,295.333,611,False,True,False,False,0.446188,0.658661,good,False
p07,2020-03-25,2020-03-25 09:40:38,False,3,3,2,3,3,4,8,2,False,stages,8.15,8.20556,5.78333,5.61944,9.94475,11.2474,57.3375,96,58,9.05,54,13.9059,83,18611,12890.3,71,45,115,63.3333,225,248,549,False,True,False,False,-0.446188,-0.658661,bad,False
p07,2020-03-26,2020-03-26 10:51:37,False,3,3,3,3,3,2,7,3,False,stages,6.9,7.71111,6.31667,5.85833,14.9897,14.9758,54.0587,92,59,8.11667,73,21.4976,78,3931,11563.3,0,45,9,66.3333,261,225.333,627,False,True,False,False,0,0,neutral,False
p07,2020-03-28,2020-03-28 09:24:30,False,3,3,3,4,3,4,8,5,False,stages,7.28333,6.77222,5.75833,5.95556,11.7172,13.73,54.7217,97,58,8.25,58,14.6453,81,20674,13968.3,2,16.6667,88,71.3333,575,369.667,350,False,True,False,False,0,0,neutral,False
p07,2020-03-29,2020-03-29 10:10:40,False,3,3,3,4,3,3,7,6,False,,,6.70833,,5.775,,,,,,,,,,11656,16543.3,1,17,13,72.6667,465,437.667,467,False,True,True,False,0,0,neutral,False
p08,2019-11-11,2019-11-11 09:06:00,False,4,2,4,4,1,4,8,0,False,,,,,,,,,,,,,,,,,,,,,,,,True,False,True,False,0.375664,0.54167,good,False
p08,2019-11-12,2019-11-12 07:20:38,False,3,3,3,6,3,2,8,1,False,stages,6.81667,,5.03333,,15.6701,15.1589,57.5276,91,52,8.08333,76,15.1589,72,14174,,41,,90,,159,,,False,False,False,False,-0.0963991,-0.138998,neutral,True
p08,2019-11-13,2019-11-13 07:25:14,False,3,2,3,3,2,2,8,2,False,stages,7.05,6.93333,5.08333,5.05833,12.6033,11.1111,57.1741,93,51,8.06667,61,17.2577,74,24821,19497.5,106,73.5,180,135,209,184,566,False,False,False,False,-0.501454,-0.723047,bad,True
p08,2019-11-14,2019-11-14 08:11:01,False,3,2,2,3,2,2,8,3,False,stages,6.7,6.85556,5.825,5.31389,13.7339,14.4279,52.0285,94,53,7.76667,64,14.1791,73,11012,16669,0,49,40,103.333,269,212.333,647,False,False,False,False,-0.877117,-1.26472,bad,True
p08,2019-11-15,2019-11-15 08:12:39,False,4,2,4,5,2,4,8,4,False,stages,7,6.91667,5.6,5.50278,16,25.4762,60.6173,90,51,8.33333,80,16.6667,76,19199,18344,61,55.6667,140,120,199,225.667,635,False,False,False,False,0.375664,0.54167,good,True
p08,2019-11-16,2019-11-16 11:59:09,False,4,3,4,3,3,3,10,5,False,stages,8.6,7.43333,6.55833,5.99444,16.7742,13.9535,56.5489,91,53,10.3333,104,12.0155,75,13145,14452,3,21.3333,143,107.667,184,217.333,613,False,False,False,False,0.780718,1.12572,good,True
p08,2019-11-17,2019-11-17 11:04:06,False,3,2,3,2,3,2,9,6,False,stages,8.18333,7.92778,6.39167,6.18333,11.2116,19.5519,54.3634,90,54,9.21667,62,17.1079,83,15805,16049.7,23,29,144,142.333,130,171,546,False,False,True,False,-0.501454,-0.723047,bad,True
p08,2019-11-18,2019-11-18 09:00:27,False,3,2,2,1,2,2,8,0,False,stages,7.18333,7.98889,5.73333,6.22778,14.3141,13.9211,54.0276,92,53,8.38333,72,10.6729,76,20656,16535.3,46,24,113,133.333,201,171.667,573,False,False,True,False,-0.877117,-1.26472,bad,True
p08,2019-11-19,2019-11-19 09:00:34,False,4,2,4,2,2,4,7,1,False,stages,6.93333,7.43333,5.65,5.925,14.9284,8.65385,60.7357,88,52,8.15,73,17.7885,66,17151,17870.7,50,39.6667,110,122.333,213,181.333,614,False,False,False,False,0.375664,0.54167,good,True
p08,2019-11-20,2019-11-20 07:49:43,False,2,1,2,1,2,2,7,2,False,stages,7.05,7.05556,5.35,5.57778,13.4969,17.9669,62.0708,90,53,8.15,66,16.5485,73,17937,18581.3,25,40.3333,112,111.667,238,217.333,601,False,False,False,False,-1.78363,-2.57181,bad,True
p08,2019-11-21,2019-11-21 08:21:48,False,4,3,4,3,3,4,8,3,False,stages,7.28333,7.08889,5.54167,5.51389,11.7172,13.2723,63.3181,91,55,8.25,58,14.4165,73,19813,18300.3,11,28.6667,167,129.667,194,215,590,False,False,False,False,0.780718,1.12572,good,True
p08,2019-11-22,2019-11-22 09:03:22,False,3,2,2,3,2,2,8,4,False,stages,6.95,7.09444,5.925,5.60556,15.2439,16.7866,56.5168,95,56,8.2,75,16.0671,71,16706,18152,42,26,65,114.667,281,237.667,599,False,False,False,False,-0.877117,-1.26472,bad,True
p08,2019-11-23,2019-11-23 13:15:48,False,4,3,4,4,2,4,9,5,False,stages,9.45,7.89444,6.2,5.88889,11.9565,9.52381,57.853,94,55,10.7333,77,10.7584,79,11921,16146.7,0,17.6667,125,119,178,217.667,645,False,False,False,False,0.780718,1.12572,good,True
p08,2019-11-25,2019-11-25 09:48:32,False,4,3,4,6,2,4,7,0,False,stages,7.13333,7.32778,5.48333,7.39444,13.8833,10.7477,54.9716,95,59,8.28333,69,9.11215,77,20468,18787,74,30.6667,239,247,268,213,567,False,False,True,False,0.780718,1.12572,good,True
p08,2019-11-26,2019-11-26 13:26:41,False,4,2,3,6,2,2,7,1,False,stages,7.21667,6.58333,5.51667,7.16667,10.9053,17.321,55.8142,94,57,8.1,53,13.3949,81,19289,21243,52,48,125,247,240,233.667,578,False,False,False,False,0,0,neutral,True
p08,2019-11-27,2019-11-27 08:36:33,False,4,4,2,7,2,4,7,2,False,stages,7.48333,7.27778,5.41667,5.47222,12.3047,14.922,59.1229,93,55,8.53333,63,14.0312,76,17322,19026.3,43,56.3333,119,161,217,241.667,618,False,False,False,False,0.434445,0.626428,good,True
p08,2019-11-29,2019-11-29 09:39:06,False,5,2,4,7,4,3,7,4,False,stages,6.38333,7.07778,6.025,5.50556,14.8889,14.0992,55.5226,96,54,7.5,67,3.91645,68,22844,19998,39,31,195,153.333,230,213.667,516,False,False,False,False,0.877117,1.26472,good,True
p08,2019-11-30,2019-11-30 13:51:03,False,2,1,4,3,4,2,8,5,False,stages,8.31667,7.35556,7.50833,6.20278,9.43739,11.022,63.9311,94,54,9.18333,52,18.8377,76,14600,19090.7,0,16.6667,84,141.667,258,227.333,648,False,False,False,False,-1.0323,-1.48847,bad,True
p08,2019-12-01,2019-12-01 09:30:22,False,4,3,2,4,5,4,8,6,False,stages,7.48333,7.39444,6.31667,6.61667,11.7878,20.7127,60.2145,93,56,8.48333,60,10.6904,78,20736,19393.3,45,28,178,152.333,240,242.667,471,False,False,True,False,0.029391,0.0423789,neutral,True
p08,2019-12-02,2019-12-02 09:29:36,False,4,3,2,7,2,4,7,0,False,stages,6.85,7.55,5.34167,6.38889,14.9068,11.6788,55.7634,94,56,8.05,72,15.0852,73,29456,21597.3,72,39,182,148,253,250.333,496,False,False,True,False,0.029391,0.0423789,neutral,True
p08,2019-12-03,2019-12-03 11:14:07,False,4,4,4,5,2,4,7,1,False,stages,6.95,7.09444,5.7,5.78611,17.4257,11.9904,60.2263,95,54,8.41667,88,14.8681,69,24322,24838,53,56.6667,137,165.667,325,272.667,495,False,False,False,False,1.18577,1.70977,good,True
p08,2019-12-04,2019-12-04 07:28:49,False,4,4,2,7,3,3,8,2,False,stages,6.66667,6.82222,5.19167,5.41111,15.9664,19.75,60.6007,95,54,7.93333,76,16.75,68,18682,24153.3,35,53.3333,131,150,223,267,581,False,False,False,False,0.434445,0.626428,good,True
p08,2019-12-08,2019-12-08 11:43:26,False,4,3,5,6,2,4,8,6,False,stages,8.36667,7.26667,6.08333,6.20278,13.1488,9.56175,54.5243,93,52,9.63333,76,9.36255,79,16678,13698,5,12.3333,185,133,276,217.333,567,False,False,True,False,1.15638,1.66739,good,True
p08,2019-12-09,2019-12-09 08:29:30,False,4,2,3,5,2,3,8,0,False,stages,7.06667,7.17778,5.9,6.28611,15.0301,12.7358,58.4099,91,53,8.31667,75,16.0377,74,28359,19160.7,117,43,191,165.333,185,219.333,486,False,False,True,False,0,0,neutral,True
p08,2019-12-10,2019-12-10 11:52:11,False,4,2,3,6,2,2,7,1,False,stages,5.78333,7.07222,6.94167,6.30833,12.1519,14.4092,63.0462,93,54,6.58333,48,14.4092,65,17406,20814.3,3,41.6667,157,177.667,240,233.667,544,False,False,False,False,0,0,neutral,True
p08,2019-12-11,2019-12-11 08:20:17,False,4,4,4,7,3,5,8,2,False,stages,8.6,7.15,4.38333,5.74167,13.4228,17.4419,59.574,92,56,9.93333,80,12.5969,79,17234,20999.7,57,59,98,148.667,243,222.667,704,False,False,False,False,1.18577,1.70977,good,True
p08,2019-12-12,2019-12-12 11:51:47,False,4,3,2,6,4,4,8,3,False,stages,7.11667,7.16667,5.375,5.56667,12.1399,6.55738,59.0353,94,56,8.1,59,11.9438,74,18289,17643,59,39.6667,135,130,201,228,508,False,False,False,False,0.029391,0.0423789,neutral,True
p08,2019-12-13,2019-12-13 08:02:05,False,5,4,4,7,3,4,7,4,False,stages,6.83333,7.51667,5.71667,5.15833,14.7609,10.7317,53.0767,96,56,8.01667,71,18.5366,77,22473,19332,72,62.6667,126,119.667,282,242,546,False,False,False,False,1.68723,2.43281,good,True
p08,2019-12-14,2019-12-14 11:29:26,False,4,2,4,2,3,2,7,5,False,,,6.975,,5.54583,,,,,,,,,,,20381,,65.5,,130.5,,241.5,,True,False,False,False,0.375664,0.54167,good,False
p08,2019-12-15,2019-12-15 18:52:28,False,2,1,4,4,4,2,7,6,False,,,,,,,,,,,,,,,,,,,,,,,,True,False,True,False,-1.0323,-1.48847,bad,False
p08,2019-12-16,2019-12-16 09:00:15,False,3,2,2,6,2,2,7,0,False,,,,,,,,,,,,,,,,,,,,,,,,True,False,True,False,-0.877117,-1.26472,bad,False
p08,2019-12-17,2019-12-17 08:00:57,False,3,1,4,4,2,2,7,1,False,,,,,,,,,,,,,,,,,,,,,,,,True,False,False,False,-0.530845,-0.765426,bad,False
p08,2019-12-18,2019-12-18 08:51:58,False,4,2,4,5,2,4,8,2,False,stages,6.83333,,6.85,,14.2259,11.4634,56.8963,96,55,7.96667,68,13.6585,72,,,,,,,,,,True,False,False,False,0.375664,0.54167,good,False
p08,2019-12-19,2019-12-19 08:26:06,False,5,2,2,5,2,3,8,3,False,stages,6.73333,6.78333,6.4,6.625,16.1826,10.6436,56.8026,92,54,8.03333,78,16.8317,70,15660,,43,,66,,256,,640,False,False,False,False,0.12579,0.181377,neutral,True
p08,2019-12-20,2019-12-20 14:04:46,False,4,2,4,3,4,4,7,4,False,stages,7.16667,6.91111,9.275,7.50833,18.4061,10.2326,75.6206,82,54,8.78333,97,19.0698,62,19479,17569.5,0,21.5,282,174,376,316,300,False,False,False,False,0.375664,0.54167,good,True
p08,2019-12-21,2019-12-21 09:58:39,False,4,3,4,6,4,4,8,5,False,stages,7.21667,7.03889,6.1,7.25833,11.8126,13.164,59.3552,96,56,8.18333,58,9.46882,78,11564,15567.7,0,14.3333,157,168.333,259,297,497,False,False,False,True,0.780718,1.12572,good,True
p08,2019-12-22,2019-12-22 17:15:55,False,4,2,3,5,2,3,7,6,False,stages,7.33333,7.23889,9.51667,8.29722,15.547,11.5909,65.7377,90,53,8.68333,81,24.3182,67,33649,21564,44,14.6667,319,252.667,276,303.667,354,False,False,True,True,0,0,neutral,True
p08,2019-12-23,2019-12-23 10:30:13,False,5,3,3,7,4,4,8,0,False,stages,8.63333,7.72778,6.40833,7.34167,11.3014,13.8996,51.2061,94,55,9.73333,66,15.444,85,16694,20635.7,32,25.3333,121,199,276,270.333,443,False,False,True,True,0.906508,1.3071,good,True
p08,2019-12-24,2019-12-24 07:01:33,False,5,2,5,4,2,2,7,1,False,stages,5.98333,7.31667,5.94167,7.28889,16.317,11.1421,57.4655,91,52,7.15,70,18.9415,62,22054,24132.3,69,48.3333,161,200.333,268,273.333,427,False,False,False,True,1.25278,1.80639,good,True
p08,2019-12-25,2019-12-25 14:12:10,False,2,3,5,2,2,4,8,2,False,stages,8.68333,7.76667,8.025,6.79167,13.4551,5.9501,57.2937,94,54,10.0333,81,17.8503,75,12261,17003,20,40.3333,133,138.333,299,281,579,False,False,False,True,0.153474,0.221295,neutral,True
p08,2019-12-26,2019-12-26 10:54:20,False,3,2,4,3,5,4,9,3,False,,,7.33333,,6.98333,,,,,,,,,,,17157.5,,44.5,,147,,283.5,,True,False,False,True,-0.12579,-0.181377,neutral,False
p08,2019-12-27,2019-12-27 12:39:00,False,4,4,3,6,5,4,9,4,False,stages,8.71667,8.7,7.625,7.825,16.4537,14.7228,55.0459,95,55,10.4333,103,17.5908,80,,,,,,,,,,True,False,False,True,0.810109,1.1681,good,False
p08,2019-12-28,2019-12-28 12:13:07,False,4,2,2,2,5,2,6,5,False,stages,6.65,7.68333,7.21667,7.42083,17.9012,1.25313,55.6744,94,54,8.1,87,11.2782,63,16800,,51,,92,,219,,503,False,False,False,True,-0.375664,-0.54167,bad,True
p08,2019-12-30,2019-12-30 11:48:11,False,4,4,4,7,2,4,8,0,False,stages,8.73333,7.98333,7.525,8.03056,13.245,24.2366,54.7486,96,56,10.0667,80,15.8397,85,14090,13848.3,59,37,148,96.3333,227,262.333,474,False,False,True,True,1.18577,1.70977,good,True
p08,2019-12-31,2019-12-31 11:51:59,False,4,2,5,7,4,4,8,1,False,stages,8.25,8.51667,8.08333,8.31944,12.0782,13.7374,52.9532,96,54,9.38333,68,15.5556,85,13145,12630,19,26.3333,83,93.3333,127,231.667,626,False,False,False,True,0.751327,1.08334,good,True
p08,2020-01-01,2020-01-01 13:54:37,False,4,1,3,2,4,2,6,2,False,stages,5.4,7.46111,12.5917,9.4,14.2857,24.0741,72.323,91,53,6.3,54,8.64198,63,11431,12888.7,23,33.6667,70,100.333,232,195.333,575,False,False,False,True,-0.405055,-0.584049,bad,True
p08,2020-01-02,2020-01-02 19:41:49,False,4,2,2,4,4,3,6,3,False,stages,6.45,6.7,7.925,9.53333,10.6236,13.4367,54.5429,98,55,7.21667,46,11.1111,75,21961,15512.3,39,27,241,131.333,146,168.333,600,False,False,False,False,-0.375664,-0.54167,bad,True
p08,2020-01-03,2020-01-03 08:52:02,False,4,2,3,4,2,2,6,4,False,,,5.925,,10.2583,,,,,,,,,,13047,15479.7,43,35,69,126.667,166,181.333,706,False,False,False,False,0,0,neutral,False
p08,2020-01-04,2020-01-04 09:40:18,False,4,4,4,7,5,4,8,5,False,stages,7.1,6.775,6.275,7.1,20.8178,12.6761,52.0045,92,53,8.96667,112,14.3192,71,9298,14768.7,0,27.3333,29,113,241,184.333,,False,False,False,False,1.18577,1.70977,good,True
p08,2020-01-05,2020-01-05 18:32:45,False,4,2,4,4,1,4,8,6,False,stages,7.16667,7.13333,6.6,6.4375,11.157,11.8605,54.6066,96,51,8.06667,54,15.814,73,24885,15743.3,96,46.3333,178,92,227,211.333,497,False,False,True,False,0.375664,0.54167,good,True
p08,2020-01-06,2020-01-06 07:16:48,False,4,2,2,5,2,2,7,0,False,stages,6.65,6.97222,5.575,6.15,14.1935,17.2932,55.5474,91,52,7.75,66,10.0251,70,13328,15837,17,37.6667,91,99.3333,196,221.333,669,False,False,True,False,-0.375664,-0.54167,bad,True
p08,2020-01-07,2020-01-07 07:17:08,False,4,3,3,5,2,4,7,1,False,stages,6.5,6.77222,5.5,5.89167,16.309,12.5641,59.4264,95,52,7.76667,76,12.0513,66,13764,17325.7,17,43.3333,86,118.333,265,229.333,624,False,False,False,False,0.405055,0.584049,good,True
p08,2020-01-08,2020-01-08 09:00:13,False,4,2,2,5,2,2,6,2,False,stages,6.88333,6.67778,5.75,5.60833,15.7143,11.3801,56.105,93,53,8.16667,77,14.2857,71,17754,14948.7,46,26.6667,105,94,209,223.333,660,False,False,False,False,-0.375664,-0.54167,bad,True
p08,2020-01-09,2020-01-09 09:16:40,False,4,2,3,5,2,4,7,3,False,stages,7.4,6.92778,5.43333,5.56111,11.3772,14.8649,55.5569,96,53,8.35,57,15.0901,77,7713,13077,4,22.3333,97,96,202,225.333,651,False,False,False,False,0,0,neutral,True
p08,2020-01-11,2020-01-11 12:09:59,False,4,2,2,2,2,4,8,5,False,stages,8,7.72222,6.23333,5.47778,18.2283,13.75,57.6768,97,53,9.78333,107,12.9167,76,24950,15427.7,80,36.6667,172,115,225,209.333,511,False,False,False,False,-0.375664,-0.54167,bad,True
p08,2020-01-12,2020-01-12 09:09:50,False,2,1,2,0,2,2,4,6,False,stages,3.73333,6.5,6.33333,5.77778,13.8462,4.91071,76.2808,85,55,4.33333,36,14.7321,52,5520,14696.7,0,35.3333,41,96.3333,225,217,587,False,False,True,False,-1.78363,-2.57181,bad,True
p08,2020-01-13,2020-01-13 09:01:52,False,3,1,2,0,4,2,7,0,False,stages,7.56667,6.43333,5.24167,5.93611,17.7536,14.5374,64.054,85,57,9.2,98,7.04846,63,1561,10677,0,26.6667,0,71,112,187.333,983,False,False,True,False,-1.28217,-1.84877,bad,True
p08,2020-01-14,2020-01-14 09:58:17,False,3,1,2,0,3,3,8,1,False,stages,7.28333,6.19444,5.475,5.68333,15.4739,17.1625,56.8345,90,59,8.61667,80,9.15332,73,999,2693.33,0,0,0,13.6667,67,134.667,673,False,False,False,False,-1.28217,-1.84877,bad,True
p08,2020-01-18,2020-01-18 12:07:46,False,4,2,2,2,5,4,10,5,False,stages,10.35,8.71667,6.51667,5.90833,10.7759,26.087,49.7333,94,53,11.6,75,14.6538,88,9761,7505.67,0,0.333333,30,13,234,211.333,647,False,False,False,False,-0.375664,-0.54167,bad,True
p08,2020-01-19,2020-01-19 08:43:32,False,4,2,2,4,2,3,8,6,False,stages,7.83333,8.72778,4.89167,5.66111,13.2841,23.617,51.5733,94,51,9.03333,72,6.59574,79,9302,8243.67,0,0,64,31.3333,148,192,532,False,False,True,False,-0.375664,-0.54167,bad,True
p08,2020-01-22,2020-01-22 09:01:28,False,4,2,3,3,3,4,8,2,False,stages,8.26667,7.63333,4.64167,5.1,12.0567,13.9113,57.7154,96,48,9.4,68,19.5565,76,17177,13885,41,20.5,130,102,257,202,553,False,False,False,False,0,0,neutral,True
p08,2020-01-23,2020-01-23 09:08:49,False,4,2,3,4,3,4,7,3,False,stages,7.18333,7.63333,5.96667,5.48056,12.5761,19.2575,55.0537,97,50,8.21667,62,15.0812,79,6205,11691,0,20.5,0,65,284,270.5,592,False,False,False,False,0,0,neutral,True
p08,2020-01-31,2020-01-31 12:17:46,False,4,3,3,6,4,4,7,4,False,stages,7.78333,6.41111,5.08333,6.11944,12.8731,5.13919,53.1119,93,58,8.93333,69,12.2056,78,8324,14507.7,0,4,28,188.667,248,281.667,834,False,False,False,False,0.405055,0.584049,good,True
p08,2020-02-01,2020-02-01 10:56:37,False,4,2,4,5,2,4,8,5,False,stages,8.25,6.91111,5.575,5.71389,13.0053,12.3232,54.4675,96,56,9.48333,74,18.5859,82,14983,12511,33,14.6667,69,97,215,248.333,620,False,False,False,False,0.375664,0.54167,good,True
p08,2020-02-02,2020-02-02 10:28:37,False,4,3,3,5,4,4,9,6,False,stages,9.41667,8.48333,5.83333,5.49722,11.0236,19.646,55.3512,95,56,10.5833,70,17.8761,85,16555,13287.3,26,19.6667,133,76.6667,157,206.667,581,False,False,True,False,0.405055,0.584049,good,True
p08,2020-02-03,2020-02-03 09:08:01,False,4,3,4,7,2,4,8,0,False,stages,7.01667,8.22778,5.16667,5.525,13.0165,18.2898,57.9796,98,57,8.06667,63,11.639,78,16201,15913,57,38.6667,102,101.333,203,191.667,500,False,False,True,False,0.780718,1.12572,good,True
p08,2020-02-04,2020-02-04 08:17:01,False,4,3,4,4,2,4,7,1,False,stages,6.91667,7.78333,5.76667,5.58889,13.5417,9.15663,55.8036,95,58,8,65,15.9036,74,19830,17528.7,38,40.3333,124,119.667,246,202,586,False,False,False,False,0.780718,1.12572,good,True
p08,2020-02-05,2020-02-05 07:34:01,False,4,2,4,5,2,4,7,2,False,stages,7.23333,7.05556,4.98333,5.30556,15.2344,13.1336,59.5456,97,57,8.53333,78,13.8249,75,18381,18137.3,28,41,125,117,208,219,627,False,False,False,False,0.375664,0.54167,good,True
p08,2020-02-06,2020-02-06 13:20:10,False,4,2,3,4,2,4,7,3,False,stages,7.11667,7.08889,5.25833,5.33611,14.6,4.91803,59.8132,98,58,8.33333,73,18.0328,74,12670,16960.3,2,22.6667,65,104.667,277,243.667,586,False,False,False,False,0,0,neutral,True
p08,2020-02-09,2020-02-09 15:00:06,False,4,4,4,8,2,4,8,6,False,stages,7.8,8.13889,5.41667,5.43611,11.3636,11.7521,58.5672,96,59,8.8,60,13.6752,78,21989,21192.7,11,17,195,163.667,199,219.667,440,False,False,True,False,1.18577,1.70977,good,True
p08,2020-02-10,2020-02-10 12:57:04,False,4,2,2,5,2,3,7,0,False,stages,6.96667,7.89444,5.35833,5.61389,13.0977,9.56938,58.7065,93,59,8.01667,63,17.9426,73,33775,26435.3,84,39,285,212.667,181,215.333,446,False,False,True,False,-0.375664,-0.54167,bad,True
p08,2020-02-11,2020-02-11 07:42:47,False,4,3,4,7,3,4,8,1,False,stages,7.68333,7.48333,5,5.25833,11.3462,17.5705,58.8034,90,59,8.66667,59,15.6182,81,18113,24625.7,37,44,106,195.333,254,211.333,599,False,False,False,False,0.780718,1.12572,good,True
p08,2020-02-12,2020-02-12 07:55:50,False,3,3,3,5,2,3,7,2,False,stages,7.18333,7.27778,5.475,5.27778,14.8221,6.49652,61.0021,93,58,8.43333,75,9.9768,72,20973,24287,27,49.3333,146,179,263,232.667,511,False,False,False,False,-0.0963991,-0.138998,neutral,True
p08,2020-02-13,2020-02-13 08:05:10,False,4,2,2,5,2,3,7,3,False,stages,6.93333,7.26667,5.54167,5.33889,10.5376,6.49038,61.9989,96,58,7.75,49,20.1923,72,21001,20029,64,42.6667,118,123.333,296,271,520,False,False,False,False,-0.375664,-0.54167,bad,True
p08,2020-02-14,2020-02-14 08:52:26,False,4,2,2,4,3,2,6,4,False,stages,6.58333,6.9,5.86667,5.62778,12.6106,3.5443,73.745,92,59,7.53333,57,3.03797,62,15761,19245,32,41,90,118,232,263.667,,False,False,False,False,-0.375664,-0.54167,bad,True
p08,2020-02-15,2020-02-15 11:35:45,False,4,3,3,6,3,4,8,5,False,stages,8.11667,7.21111,6.49167,5.96667,9.98152,12.5257,55.551,98,62,9.01667,54,15.8111,86,17383,18048.3,43,46.3333,115,107.667,287,271.667,586,False,False,False,False,0.405055,0.584049,good,True
p08,2020-02-18,2020-02-18 07:28:32,False,4,2,2,5,4,3,7,1,False,stages,7.56667,7.51667,4.95833,5.36667,10.9804,4.62555,64.1646,93,57,8.5,56,14.5374,70,21566,18699.7,35,28.3333,98,103.667,402,292.667,459,False,False,False,False,-0.375664,-0.54167,bad,True
p08,2020-02-20,2020-02-20 07:22:57,False,4,2,3,6,3,4,7,3,False,stages,6.93333,7.10556,5.16667,5.16667,14.2268,22.3558,59.4396,96,59,8.08333,69,16.3462,76,10859,16823.3,0,17.6667,37,85.6667,262,286,658,False,False,False,False,0,0,neutral,True
p08,2020-02-21,2020-02-21 08:28:46,False,3,2,3,6,2,3,6,4,False,stages,5.96667,6.57222,7.1,5.88056,8.90585,14.5251,60.3594,96,58,6.55,35,11.7318,75,20914,16606,49,22.3333,96,85,368,274.667,491,False,False,False,False,-0.501454,-0.723047,bad,True
p08,2020-02-22,2020-02-22 10:57:31,False,3,2,3,4,2,2,7,5,False,stages,7.06667,6.65556,7.58333,6.61667,12.3967,8.01887,67.6615,94,58,8.06667,60,14.6226,71,29910,20561,63,37.3333,251,128,341,323.667,455,False,False,False,False,-0.501454,-0.723047,bad,True
p08,2020-02-23,2020-02-23 11:38:49,False,3,3,3,5,3,4,9,6,False,stages,8.7,7.24444,6.425,7.03611,11.8243,14.1762,56.1601,98,60,9.86667,70,11.4943,84,5226,18683.3,0,37.3333,14,120.333,173,294,,False,False,True,False,-0.0963991,-0.138998,neutral,True
p08,2020-02-26,2020-02-26 05:19:03,False,2,2,3,5,4,4,4,2,False,stages,4.95,6.57222,5.3,5.54167,8.89571,16.835,58.1783,97,56,5.43333,29,23.9057,70,25237,24161,67,50,198,195.333,182,215.333,547,False,False,False,False,-1.00291,-1.44609,bad,True
p08,2020-02-27,2020-02-27 06:36:50,False,4,2,4,5,2,2,7,3,False,stages,7.05,6.47778,4.41667,5.19167,13.6735,5.67376,57.4449,92,56,8.16667,67,18.2033,76,18331,21218.7,53,53.3333,104,145,216,242,794,False,False,False,False,0.375664,0.54167,good,True
p08,2020-02-28,2020-02-28 08:36:48,False,3,2,3,5,2,2,7,4,False,stages,7.48333,6.49444,5.74167,5.15278,10.7356,11.1359,60.3782,95,55,8.38333,54,14.2539,72,18461,20676.3,29,49.6667,124,142,260,219.333,566,False,False,False,False,-0.501454,-0.723047,bad,True
p08,2020-02-29,2020-02-29 11:41:48,False,4,4,3,6,2,4,9,5,False,stages,9.15,7.89444,6.18333,5.44722,10,7.65027,55.5834,97,57,10.1667,61,19.8543,82,21571,19454.3,27,36.3333,182,136.667,198,224.667,557,False,False,False,False,0.810109,1.1681,good,True
p08,2020-03-02,2020-03-02 09:15:20,False,3,2,3,6,3,2,7,0,False,stages,6.78333,8.18333,5.23333,5.95278,14.135,6.14251,56.5586,94,56,7.9,67,12.285,72,13732,16712.7,14,13.6667,144,144.333,168,176,522,False,False,True,False,-0.501454,-0.723047,bad,True
p08,2020-03-03,2020-03-03 07:41:24,False,4,4,2,6,4,3,7,1,False,stages,6.66667,7.35556,5.26667,5.64722,14.8936,11.75,59.0088,90,55,7.83333,70,18,69,17074,15213.7,20,11.3333,89,113.333,295,208.333,582,False,False,False,False,0.434445,0.626428,good,True
p08,2020-03-04,2020-03-04 08:09:12,False,4,3,3,6,4,4,7,2,False,stages,7.26667,6.90556,5.04167,5.18056,13.3201,17.2018,59.6508,94,56,8.38333,67,16.5138,75,15442,15416,29,21,104,112.333,223,228.667,643,False,False,False,False,0.405055,0.584049,good,True
p08,2020-03-05,2020-03-05 08:09:05,False,4,2,3,6,3,3,7,3,False,stages,7.46667,7.13333,5.1,5.13611,15.4717,9.59821,59.7204,95,56,8.83333,82,15.8482,75,22005,18173.7,41,30,112,101.667,309,275.667,516,False,False,False,False,0,0,neutral,True
p08,2020-03-06,2020-03-06 09:06:05,False,3,2,2,5,3,3,7,4,False,stages,7.18333,7.30556,4.85833,5,11.499,12.297,58.2167,96,55,8.11667,56,17.4014,77,16927,18124.7,3,24.3333,119,111.667,283,271.667,508,False,False,False,False,-0.877117,-1.26472,bad,True
p08,2020-03-07,2020-03-07 09:15:09,False,4,2,4,5,5,2,7,5,False,stages,7.3,7.31667,6.5,5.48611,14.4531,6.84932,57.2436,92,54,8.53333,74,18.4932,73,19224,19385.3,5,16.3333,114,115,324,305.333,515,False,False,False,False,0.375664,0.54167,good,True
p08,2020-03-09,2020-03-09 09:00:12,False,3,4,4,7,3,4,7,0,False,stages,6.8,7.12222,5.16667,5.94722,19.0476,3.43137,54.1937,94,54,8.4,96,10.049,67,16914,18109,49,20.3333,224,164.333,212,249,519,False,False,True,False,0.684319,0.986721,good,True
p08,2020-03-12,2020-03-12 08:37:24,False,4,4,4,7,4,3,7,3,False,stages,7.55,7.96111,5.475,5.19444,13.3843,14.5695,56.611,93,54,8.71667,70,16.9978,76,12738,16464.7,0,9.66667,55,104,216,253.667,569,False,True,False,False,1.18577,1.70977,good,False
p08,2020-03-14,2020-03-14 09:18:47,False,3,4,3,7,4,4,8,5,False,,,7.91667,,5.8375,,,,,,,,,,,18455,,17.5,,126,,243.5,,True,True,False,False,0.308655,0.445051,neutral,False
p08,2020-03-15,2020-03-15 11:39:45,False,4,4,4,6,4,4,8,6,False,stages,8.7,8.49167,5.06667,5.63333,16.2119,14.1762,57.1775,97,56,10.3833,101,16.092,79,10628,17400,0,17.5,95,146,255,263,,False,True,True,False,1.18577,1.70977,good,False
p08,2020-03-17,2020-03-17 08:42:43,False,4,3,4,6,2,4,7,1,False,stages,7.08333,7.61667,6.1,5.68333,12.1901,12.7059,55.763,96,54,8.06667,59,18.1176,77,10972,13830,19,16,52,88.6667,224,231,672,False,True,False,False,0.780718,1.12572,good,False
p08,2020-03-19,2020-03-19 09:00:50,False,4,2,3,6,3,4,7,3,False,stages,7.81667,7.27778,5.375,5.86389,11.8421,9.38166,55.5743,95,55,8.86667,63,21.322,76,12308,14118.7,52,32.6667,64,70,163,201.333,727,False,True,False,False,0,0,neutral,False
p08,2020-03-20,2020-03-20 09:00:11,False,4,4,4,8,4,4,8,4,False,stages,7.7,7.48333,5.1,5.53056,13.9665,12.7706,58.6851,95,54,8.95,75,15.5844,75,18096,16493.3,22,33.6667,103,87,132,170.667,673,False,True,False,False,1.18577,1.70977,good,False
p08,2020-03-21,2020-03-21 09:00:10,False,4,4,3,8,3,4,8,5,False,,,7.75833,,5.2375,,,,,,,,,,12536,14313.3,29,34.3333,64,77,120,138.333,,False,True,False,False,0.810109,1.1681,good,False
p08,2020-03-22,2020-03-22 12:13:34,False,4,3,4,6,2,2,8,6,False,stages,8.51667,8.10833,5.56667,5.33333,16.6395,6.26223,55.0323,95,54,10.2167,102,16.8297,78,20021,16884.3,55,35.3333,171,112.667,185,145.667,,False,True,True,False,0.780718,1.12572,good,False
p08,2020-03-24,2020-03-24 09:01:09,False,4,2,4,4,2,4,7,1,False,stages,6.51667,7.47222,6.4,5.81667,15.7328,11.7647,52.3503,96,51,7.73333,73,10.2302,70,10083,15271,53,60.3333,112,121.667,202,176.333,618,False,True,False,False,0.375664,0.54167,good,False
p08,2020-03-25,2020-03-25 10:57:31,False,4,3,4,4,3,4,7,2,False,stages,7.55,7.15,5.36667,5.75,14.5283,18.9845,57.6137,95,50,8.83333,77,18.3223,74,14324,13372,45,57,83,92.3333,167,170.333,726,False,True,False,False,0.780718,1.12572,good,False
p08,2020-03-27,2020-03-27 09:00:16,False,4,2,4,5,2,2,7,4,False,stages,7.16667,7.29444,5.775,5.71111,13.8277,19.3023,56.2988,92,52,8.31667,69,16.9767,75,13005,13283,53,65.3333,72,92.3333,143,161.333,743,False,True,False,False,0.375664,0.54167,good,False
p09,2019-11-15,2019-11-15 11:09:55,False,3,2,1,5,5,4,8,4,False,classic,8.63333,7.6,7.01667,7.66667,,,51.74,97,59,8.98333,18,,83,5347,4849.67,0,0,0,12.3333,163,135.333,852,False,False,False,False,-1.0746,-1.37972,bad,True
p09,2019-11-16,2019-11-16 12:41:41,False,4,5,2,7,3,5,9,5,False,stages,9.16667,7.85556,7.78333,7.95278,16.0305,18,59.5522,93,58,10.9167,105,28,81,12562,7039.67,0,0,49,25.6667,261,155,591,False,False,False,False,0.808209,1.03769,good,True
p09,2019-11-17,2019-11-17 14:18:31,False,4,3,4,5,3,3,8,6,False,stages,8.73333,8.84444,8.85,7.88333,16.0256,19.2748,65.9379,92,60,10.4,100,23.6641,79,5634,7847.67,0,0,84,44.3333,165,196.333,,False,False,True,False,0.780339,1.00191,good,True
p09,2019-11-18,2019-11-18 11:01:10,False,2,2,2,5,3,2,7,0,False,stages,7.36667,8.42222,7.575,8.06944,21.6312,16.2896,53.3326,94,62,9.4,122,19.6833,73,1725,6640.33,0,0,18,50.3333,119,181.667,,False,False,True,False,-1.14783,-1.47374,bad,True
p09,2019-11-19,2019-11-19 13:41:45,False,2,2,1,4,3,2,8,1,False,stages,8.98333,8.36111,8.79167,8.40556,16.0436,18.1818,56.9133,91,60,10.7,103,12.616,80,,3679.5,,0,,51,,142,,True,False,False,False,-1.50138,-1.92768,bad,False
p09,2019-11-20,2019-11-20 07:11:39,False,2,2,1,5,3,2,5,2,False,stages,5.01667,7.12222,6.98333,7.78333,17.5342,11.9601,55.0591,92,59,6.08333,64,15.2824,66,459,1092,0,0,0,9,39,79,,False,False,False,False,-1.50138,-1.92768,bad,True
p09,2019-11-21,2019-11-21 10:29:06,False,2,3,1,6,3,3,7,3,False,stages,7.5,7.16667,6.51667,7.43056,13.1274,17.7778,51.8853,94,59,8.63333,68,20,83,6596,3527.5,0,0,9,4.5,219,129,847,False,False,False,False,-1.13389,-1.45585,bad,True
p09,2019-11-22,2019-11-22 09:19:22,False,4,4,2,5,3,4,8,4,False,stages,7.83333,6.78333,6.10833,6.53611,14.7005,22.766,53.8571,90,58,9.18333,81,14.8936,81,4687,3914,0,0,10,6.33333,133,130.333,779,False,False,False,False,0.44072,0.565859,good,True
p09,2019-11-23,2019-11-23 21:15:40,False,3,3,2,5,3,3,8,5,False,stages,8.21667,7.85,7.98333,6.86944,15.1463,28.8032,62.9307,93,58,9.68333,88,18.4584,78,8587,6623.33,0,0,48,22.3333,245,199,596,False,False,False,False,-0.353553,-0.453942,neutral,True
p09,2019-11-25,2019-11-25 09:43:23,False,1,1,1,4,3,2,5,0,False,stages,5.25,7.04444,8.94167,8.97222,13.2231,25.3968,55.5177,97,59,6.05,48,16.5079,74,354,4062,0,0,0,21.3333,23,111.667,879,False,False,True,False,-2.29565,-2.94749,bad,True
p09,2019-11-27,2019-11-27 09:02:06,False,4,3,2,6,3,3,8,2,False,stages,8.45,6.86667,5.21667,7.44444,13.9219,22.4852,57.0736,96,61,9.81667,82,25.2465,89,4027,2748.67,0,0,0,3,135,94.3333,816,False,False,False,False,0.0732318,0.0940253,neutral,True
p09,2019-11-28,2019-11-28 09:00:36,False,5,4,4,6,3,3,6,3,False,stages,6.33333,7.22778,5.78333,6.39167,18.6296,14.4737,61.959,91,62,7.78333,87,14.4737,73,5725,4539,0,0,11,6.66667,143,134.333,697,False,False,False,False,1.57461,2.02171,good,True
p09,2019-11-29,2019-11-29 10:23:12,False,3,3,2,6,3,4,8,4,False,stages,8.16667,7.65,5.3,5.43333,17.5084,17.551,55.2721,95,62,9.9,104,14.4898,83,5065,4939,0,0,10,7,172,150,791,False,False,False,False,-0.353553,-0.453942,neutral,True
p09,2019-11-30,2019-11-30 10:09:07,False,3,2,2,5,3,3,6,5,False,stages,6.56667,7.02222,7.76667,6.28333,14.1612,21.8274,55.7432,98,60,7.65,65,18.7817,80,13118,7969.33,0,0,82,34.3333,249,188,515,False,False,False,False,-0.721042,-0.925775,bad,True
p09,2019-12-01,2019-12-01 18:25:16,False,3,3,3,5,3,3,10,6,False,,,7.36667,,6.53333,,,,,,,,,,11517,9900,3,1,71,54.3333,223,214.667,687,False,False,True,False,0,0,neutral,False
p09,2019-12-02,2019-12-02 09:52:04,False,4,3,2,5,3,3,6,0,False,stages,6.43333,6.5,7.11667,7.44167,19.5833,9.84456,54.5885,97,60,8,94,23.3161,71,,12317.5,,1.5,,76.5,,236,,True,False,True,False,0.0732318,0.0940253,neutral,False
p09,2019-12-03,2019-12-03 09:50:08,False,3,3,2,6,3,3,5,1,False,stages,5.3,5.86667,6.68333,6.9,18.8776,17.6101,53.3987,95,60,6.53333,74,19.1824,69,6806,9161.5,0,1.5,10,40.5,176,199.5,774,False,False,False,False,-0.353553,-0.453942,neutral,True
p09,2019-12-04,2019-12-04 09:50:42,False,2,3,1,6,2,3,6,2,False,stages,6.05,5.92778,6.86667,6.88889,15.1869,21.7631,56.7598,91,59,7.13333,65,15.7025,78,9594,8200,29,14.5,78,44,100,138,870,False,False,False,False,-1.13389,-1.45585,bad,True
p09,2019-12-05,2019-12-05 07:34:30,False,3,5,1,5,2,4,10,3,False,stages,9.81667,7.05556,1.90833,5.15278,15.616,19.6944,54.6328,90,60,11.6333,109,14.4312,81,4644,7014.67,0,9.66667,0,29.3333,130,135.333,882,False,False,False,False,0.0278702,0.0357837,neutral,True
p09,2019-12-06,2019-12-06 08:08:01,False,2,2,1,4,3,3,4,4,False,stages,4,6.62222,5.25,4.675,21.3115,4.58333,58.2336,88,60,5.08333,65,13.3333,46,7357,7198.33,0,9.66667,39,39,210,146.667,,False,False,False,False,-1.50138,-1.92768,bad,True
p09,2019-12-07,2019-12-07 13:22:26,False,5,5,4,7,3,4,8,5,False,classic,11.1833,8.33333,7.35,4.83611,,,58.7268,90,60,12.4333,75,,87,5747,5916,0,0,21,20,121,153.667,,False,False,False,False,1.9421,2.49354,good,True
p09,2019-12-08,2019-12-08 12:16:24,False,4,4,4,6,3,3,8,6,False,stages,8.01667,7.73333,8.075,6.89167,18.4746,24.7401,69.1913,87,61,9.83333,109,28.0665,79,8886,7330,0,0,59,39.6667,130,153.667,505,False,False,True,False,1.14783,1.47374,good,True
p09,2019-12-09,2019-12-09 10:28:42,False,3,2,3,5,3,2,7,0,False,stages,7.06667,8.75556,7.23333,7.55278,23.4657,6.83962,64.3563,88,63,9.23333,130,22.1698,65,5117,6583.33,0,0,42,40.6667,155,135.333,653,False,False,True,False,-0.367488,-0.471834,neutral,True
p09,2019-12-10,2019-12-10 14:45:04,False,3,4,4,5,3,3,10,1,False,stages,10.6,8.56111,8.29167,7.86667,15.0868,23.5849,56.4663,96,64,12.4833,113,12.2642,84,4124,6042.33,0,0,0,33.6667,126,137,760,False,False,False,False,0.721042,0.925775,good,True
p09,2019-12-11,2019-12-11 12:04:48,False,3,3,3,5,3,3,7,2,False,stages,6.8,8.15556,7.65,7.725,20.6226,15.1961,57.7847,90,62,8.56667,106,25.2451,71,4132,4457.67,1,0.333333,28,23.3333,96,125.667,567,False,False,False,False,0,0,neutral,True
p09,2019-12-12,2019-12-12 13:38:39,False,3,3,3,6,3,3,8,3,False,stages,8.86667,8.75556,7.6,7.84722,16.6144,16.9173,52.277,94,63,10.6333,106,21.4286,84,888,3048,0,0.333333,0,9.33333,50,90.6667,876,False,False,False,False,0,0,neutral,True
p09,2019-12-13,2019-12-13 10:35:38,False,3,3,2,5,3,3,6,4,False,stages,5.88333,7.18333,8.2,7.81667,16.152,22.6629,56.025,90,60,7.01667,68,16.1473,75,3619,2879.67,0,0.333333,8,12,138,94.6667,656,False,False,False,False,-0.353553,-0.453942,neutral,True
p09,2019-12-14,2019-12-14 10:35:12,False,4,2,2,3,3,3,5,5,False,stages,5.31667,6.68889,10.4167,8.73889,13.5501,18.1818,75.3882,90,60,6.15,50,29.1536,62,10448,4985,0,0,57,21.6667,218,135.333,744,False,False,False,False,-0.294257,-0.377808,neutral,True
p09,2019-12-15,2019-12-15 13:03:43,False,4,3,4,4,3,4,8,6,False,stages,8.45,6.55,8.43333,9.01667,10.1064,19.7239,60.7016,96,63,9.4,57,19.3294,86,10388,8151.67,4,1.33333,38,34.3333,276,210.667,757,False,False,True,False,0.780339,1.00191,good,True
p09,2019-12-17,2019-12-17 10:04:34,False,3,3,2,5,3,3,6,1,False,stages,5.88333,7.87222,8.15833,7.84167,14.9398,11.0482,56.5737,92,63,6.91667,62,20.1133,72,4854,8646.33,0,2.33333,21,37.3333,69,182.667,,False,False,False,False,-0.353553,-0.453942,neutral,True
p09,2019-12-18,2019-12-18 10:58:06,False,3,3,3,5,3,2,4,2,False,stages,4.38333,6.51667,7.26667,7.45278,17.2956,15.2091,61.6364,94,61,5.3,55,21.673,62,5826,7125.67,0,1,14,29.3333,185,152.333,826,False,False,False,False,0,0,neutral,True
p09,2019-12-19,2019-12-19 11:42:52,False,4,4,2,7,4,5,8,3,False,stages,8.15,6.13889,7.25,7.55833,9.61183,24.7444,57.4567,99,63,9.01667,52,27.6074,92,10409,7029.67,0,0,27,20.6667,232,162,863,False,False,False,False,0.44072,0.565859,good,True
p09,2019-12-21,2019-12-21 13:29:52,False,4,3,3,5,3,3,5,5,False,stages,5.35,6.26667,11.575,10.4083,10.084,28.0374,57.527,97,64,5.95,36,19.6262,77,4436,6708.33,0,0.666667,0,14,146,160.667,936,False,False,False,True,0.426785,0.547967,good,True
p09,2019-12-22,2019-12-22 11:50:25,False,4,2,4,4,3,3,6,6,False,stages,5.83333,5.49444,9.58333,11.1861,13.5802,22.2857,72.9147,93,64,6.75,55,24.5714,68,8430,6048.67,0,0.666667,80,31.6667,130,126.667,873,False,False,True,True,0.41285,0.530075,good,True
p09,2019-12-23,2019-12-23 13:35:50,False,3,2,2,4,3,3,5,0,False,classic,5.41667,5.53333,11.5,10.8861,,,,100,,6,0,,,6022,6296,0,0,33,37.6667,177,151,825,False,False,True,True,-0.721042,-0.925775,bad,True
p09,2019-12-25,2019-12-25 12:19:19,False,4,3,4,4,3,3,6,2,False,stages,6.26667,8.46667,10.3833,8.27222,12.761,23.6702,58.3043,96,65,7.18333,55,17.5532,81,5233,5627.5,0,0,39,36,147,162,301,False,False,False,True,0.780339,1.00191,good,True
p09,2019-12-26,2019-12-26 19:25:45,False,4,3,3,4,3,3,10,3,False,stages,10.5833,10.1889,5.025,6.11389,11.8056,28.0315,57.0578,95,64,12,85,17.1654,89,4785,5009,0,0,11,25,221,184,777,False,False,False,True,0.426785,0.547967,good,True
p09,2019-12-27,2019-12-27 12:43:21,False,4,3,4,4,3,3,7,4,False,stages,7.68333,8.17778,8.70833,8.03889,15.7221,23.8612,69.8517,88,63,9.11667,86,20.8243,74,5679,5232.33,0,0,22,24,218,195.333,480,False,False,False,True,0.780339,1.00191,good,True
p09,2019-12-28,2019-12-28 16:18:16,False,4,2,2,4,3,3,10,5,False,stages,10.1,9.45556,6.76667,6.83333,13.1805,21.7822,56.5173,92,65,11.6333,92,17.1617,86,3147,4537,0,0,6,13,151,196.667,736,False,False,False,True,-0.294257,-0.377808,neutral,True
p09,2019-12-29,2019-12-29 18:34:10,False,3,3,3,4,3,3,8,6,False,stages,7.91667,8.56667,11.125,8.86667,16.2257,20.6316,58.8268,96,64,9.45,92,24.6316,80,5371,4732.33,1,0.333333,28,18.6667,113,160.667,601,False,False,True,True,0,0,neutral,True
p09,2019-12-30,2019-12-30 14:08:29,False,3,3,3,5,3,3,10,0,False,classic,11.3833,9.8,7.28333,8.39167,,,61.7628,90,,12.7333,73,,,2271,3596.33,0,0.333333,0,11.3333,84,116,789,False,False,True,True,0,0,neutral,True
p09,2019-12-31,2019-12-31 14:09:22,False,3,3,3,5,3,3,8,1,False,,,9.65,,9.20417,,,,,,,,,,8260,5300.67,0,0.333333,11,13,192,129.667,473,False,False,False,True,0,0,neutral,False
p09,2020-01-01,2020-01-01 16:49:07,False,4,4,3,4,3,3,9,2,False,stages,6.33333,8.85833,9.69167,8.4875,15.1786,22.8947,78.5269,88,64,7.46667,68,20,66,,5265.5,,0,,5.5,,138,,True,False,False,True,0.794274,1.0198,good,False
p09,2020-01-03,2020-01-03 16:36:50,False,3,3,3,4,3,3,7,4,False,stages,6.88333,6.60833,11.1583,10.425,18.2178,19.3705,59.629,89,68,8.41667,92,24.2131,72,,,,,,,,,,True,False,False,False,0,0,neutral,False
p09,2020-01-07,2020-01-07 07:03:37,False,3,3,2,5,3,2,6,1,False,stages,5.76667,7.26111,5.025,8.33889,18.2033,9.82659,58.3765,93,65,7.05,77,21.9653,67,,7626.5,,0,,21.5,,245,,True,False,False,False,-0.353553,-0.453942,neutral,False
p09,2020-01-08,2020-01-08 14:15:26,False,3,3,2,5,2,3,7,2,False,stages,7.58333,7.1,9.71667,8.45,10.7843,25.4945,56.7902,96,64,8.5,55,15.6044,86,11237,8895.5,46,23,79,56.5,151,185,,False,False,False,False,-0.353553,-0.453942,neutral,True
p09,2020-01-10,2020-01-10 17:13:26,False,4,3,3,4,3,3,8,4,False,stages,7.81667,7.06667,11.175,9.91944,17.5747,22.1748,64.1185,87,64,9.48333,100,22.8145,81,,10981,,23,,69,,175,,True,False,False,False,0.426785,0.547967,good,False
p09,2020-01-11,2020-01-11 09:09:10,False,5,4,4,5,3,3,6,5,False,stages,5.86667,6.49444,6.80833,8.95,16.7849,7.10227,69.3437,91,65,7.05,71,23.0114,62,7009,8867,1,0.5,18,38.5,238,218.5,615,False,False,False,False,1.57461,2.02171,good,True
p09,2020-01-12,2020-01-12 11:09:43,False,4,2,3,4,2,2,5,6,False,stages,5.71667,6.46667,9.86667,9.28333,12.5,18.3673,79.0102,88,67,6.53333,49,20.9913,66,13537,10273,28,14.5,162,90,405,321.5,450,False,False,True,False,0.0592967,0.0761335,neutral,True
p09,2020-01-13,2020-01-13 14:04:31,False,3,4,3,5,2,3,12,0,False,stages,11.6333,7.73889,6.19167,7.62222,12.0907,23.7822,59.8924,96,69,13.2333,96,21.6332,91,10405,10317,1,10,74,84.6667,303,315.333,671,False,False,True,False,0.367488,0.471834,neutral,True
p09,2020-01-14,2020-01-14 14:22:48,False,3,3,3,4,3,3,6,1,False,stages,6.33333,7.89444,10.625,8.89444,14.2212,18.1579,58.3757,89,66,7.38333,63,19.2105,75,2873,8938.33,0,9.66667,13,83,94,267.333,539,False,False,False,False,0,0,neutral,True
p09,2020-01-15,2020-01-15 09:00:40,False,3,2,2,4,3,3,6,2,False,stages,5.85,7.93889,6.70833,7.84167,17.6056,11.6809,61.6218,93,64,7.1,75,28.49,67,,6639,,0.5,,43.5,,198.5,,True,False,False,False,-0.721042,-0.925775,bad,False
p09,2020-01-16,2020-01-16 13:50:28,False,3,3,2,4,3,3,7,3,False,stages,7.76667,6.65,10.7167,9.35,11.2381,20.8155,57.5193,96,64,8.75,59,14.1631,83,8608,5740.5,0,0,13,13,239,166.5,762,False,False,False,False,-0.353553,-0.453942,neutral,True
p09,2020-01-17,2020-01-17 11:41:00,False,3,2,2,5,3,2,5,4,False,stages,5.26667,6.29444,8.825,8.75,23.301,19.3038,58.2873,90,63,6.86667,96,24.0506,63,4151,6379.5,0,0,19,16,101,170,795,False,False,False,False,-0.721042,-0.925775,bad,True
p09,2020-01-18,2020-01-18 14:03:02,False,4,4,2,5,3,3,8,5,False,stages,8.36667,7.13333,8.11667,9.21944,15.6303,20.7171,55.832,94,63,9.91667,93,18.3267,86,8330,7029.67,0,0,36,22.6667,213,184.333,779,False,False,False,False,0.44072,0.565859,good,True
p09,2020-01-19,2020-01-19 10:49:42,False,4,1,4,2,2,3,4,6,False,stages,3.93333,5.85556,11.6833,9.54167,15.4122,19.4915,74.3244,90,61,4.65,43,31.3559,56,9195,7225.33,0,0,16,23.6667,273,195.667,556,False,False,True,False,0.0453616,0.0582416,neutral,True
p09,2020-01-20,2020-01-20 11:55:28,False,4,5,3,6,3,4,11,0,False,stages,11.2167,7.83889,1.95833,7.25278,15.4523,20.8024,54.077,96,64,13.2667,123,18.5736,85,30406,15977,19,6.33333,322,124.667,149,211.667,690,False,False,True,False,1.16176,1.49163,good,True
p09,2020-01-22,2020-01-22 08:08:16,False,3,4,2,5,3,3,11,2,False,,,7.31667,,5.19583,,,,,,,,,,,15785,,9.5,,161,,102,,True,False,False,False,0.0139351,0.0178918,neutral,False
p09,2020-01-23,2020-01-23 13:33:12,False,3,2,2,4,3,3,9,3,False,,,,,,,,,,,,,,,7203,4183.5,0,0,32,16,124,89.5,,False,False,False,False,-0.721042,-0.925775,bad,False
p09,2020-01-24,2020-01-24 11:06:51,False,4,2,4,4,3,3,4,4,False,stages,4.61667,,8.81667,,10.356,18.0505,57.4425,97,60,5.15,32,22.7437,70,,,,,,,,,,True,False,False,False,0.41285,0.530075,good,False
p09,2020-01-25,2020-01-25 13:41:58,False,4,3,4,5,3,3,7,5,False,stages,7.18333,5.9,8.03333,8.425,11.499,23.8979,55.1219,94,59,8.11667,56,19.4896,87,8010,7606.5,8,4,32,32,199,161.5,900,False,False,False,False,0.780339,1.00191,good,True
p09,2020-01-26,2020-01-26 17:08:34,False,4,3,4,4,3,3,6,6,False,stages,6.51667,6.10556,8.85833,8.56944,15.5508,16.624,55.7121,93,58,7.71667,72,22.5064,71,8447,8228.5,0,4,46,39,216,207.5,691,False,False,True,False,0.780339,1.00191,good,True
p09,2020-01-27,2020-01-27 12:10:20,False,2,1,2,3,3,3,6,0,False,stages,6.15,6.61667,9.31667,8.73611,14.186,19.2412,56.9272,96,57,7.16667,61,22.2222,72,11427,9294.67,0,2.66667,73,50.3333,187,200.667,717,False,False,True,False,-1.51532,-1.94558,bad,True
p09,2020-02-01,2020-02-01 10:53:01,False,4,2,4,6,3,3,5,5,False,stages,5.76667,5.88889,9.6,8.98333,20.4598,9.53757,54.5504,93,58,7.25,89,16.474,66,,6833.5,,0.5,,17,,185.5,,True,False,False,False,0.41285,0.530075,good,False
p09,2020-02-02,2020-02-02 12:18:02,False,3,2,4,5,3,3,6,6,False,stages,6.45,6.75,10.5167,9.66944,15.3173,19.6382,67.0978,93,58,7.61667,70,30.491,69,18884,14598.5,3,1.5,92,63,210,226.5,703,False,False,True,False,-0.0139351,-0.0178918,neutral,True
p09,2020-02-03,2020-02-03 15:23:50,False,3,2,3,5,3,3,6,0,False,stages,6.78333,6.33333,9.375,9.83056,12.6609,21.1302,56.7648,99,59,7.76667,59,13.7592,77,11896,15390,2,2.5,132,112,147,178.5,,False,False,True,False,-0.367488,-0.471834,neutral,True
p09,2020-02-05,2020-02-05 09:11:31,False,3,2,1,4,3,3,5,2,False,stages,5.2,6.25556,7.86667,9.08333,15.4472,14.7436,51.6914,97,57,6.15,57,22.7564,71,3743,6378.67,0,0.666667,0,46.6667,112,119.667,899,False,False,False,False,-1.0746,-1.37972,bad,True
p09,2020-02-06,2020-02-06 06:27:51,False,2,1,2,2,3,2,4,3,False,stages,4.16667,5.38333,6.875,8.25,19.3548,10.4,64.3615,90,55,5.16667,60,26,45,9208,5482.67,0,0,0,2.66667,242,151.333,829,False,False,False,False,-1.51532,-1.94558,bad,True
p09,2020-02-07,2020-02-07 09:22:06,False,4,2,4,5,3,4,6,4,False,stages,6.51667,5.29444,5.95,6.89722,18.5417,19.9488,57.762,96,57,8,89,24.0409,70,7798,6916.33,0,0,16,5.33333,276,210,838,False,False,False,False,0.41285,0.530075,good,True
p09,2020-02-09,2020-02-09 13:56:50,False,4,4,2,6,3,3,6,6,False,stages,5.81667,6.16667,11.7417,8.84583,25.2677,12.894,61.7794,95,57,7.78333,118,11.1748,70,,,,,,,,,,True,False,True,False,0.44072,0.565859,good,False
p09,2020-02-10,2020-02-10 09:01:17,False,3,2,3,5,3,3,5,0,False,stages,4.8,5.30833,7.86667,9.80417,22.1622,4.86111,54.6537,93,56,6.16667,82,20.1389,59,3396,,3,,0,,111,,862,False,False,True,False,-0.367488,-0.471834,neutral,True
p09,2020-02-11,2020-02-11 09:56:44,False,3,2,3,4,3,3,5,1,False,stages,4.9,5.17222,8.31667,9.30833,15.0289,21.0884,55.9194,98,56,5.76667,52,36.0544,70,,,,,,,,,,True,False,False,False,-0.367488,-0.471834,neutral,False
p09,2020-02-12,2020-02-12 08:16:16,False,4,4,3,6,3,4,8,2,False,stages,8.75,6.15,3.59167,6.59167,14.4951,18.2857,48.3663,97,57,10.2333,89,22.8571,86,5886,4641,0,1.5,17,8.5,129,120,948,False,False,False,False,0.794274,1.0198,good,True
p09,2020-02-13,2020-02-13 09:12:15,False,3,2,2,4,3,3,5,3,False,stages,5.3,6.31667,7.7,6.53611,18.2519,11.6352,53.7625,92,54,6.48333,71,18.239,61,8447,7166.5,0,0,14,15.5,138,133.5,674,False,False,False,False,-0.721042,-0.925775,bad,True
p09,2020-02-14,2020-02-14 09:05:22,False,4,2,3,4,3,3,5,4,False,stages,5.68333,6.57778,7.35,6.21389,16.0099,16.129,54.053,95,55,6.76667,65,16.129,72,4751,6361.33,0,0,9,13.3333,125,130.667,917,False,False,False,False,0.0592967,0.0761335,neutral,True
p09,2020-02-18,2020-02-18 12:57:40,False,1,2,2,3,3,3,7,1,False,stages,6.91667,8.01111,9.43333,8.44722,17.8218,19.759,53.0727,90,60,8.41667,90,20.7229,79,,,,,,,,,,True,False,False,False,-1.57461,-2.02171,bad,False
p09,2020-02-20,2020-02-20 14:11:13,False,2,2,2,4,3,3,7,3,False,,,,,,,,,,,,,,,6449,5268,0,0,12,10,188,150.5,,False,False,False,False,-1.14783,-1.47374,bad,False
p09,2020-02-21,2020-02-21 10:53:42,False,3,3,3,4,3,3,7,4,False,stages,7.61667,,7.91667,,11.0895,23.1947,50.187,97,58,8.56667,57,14.442,86,,5268,,0,,10,,150.5,,True,False,False,False,0,0,neutral,False
p09,2020-02-23,2020-02-23 12:34:54,False,4,2,4,4,3,3,5,6,False,stages,5.03333,6.325,10.35,9.13333,14.9296,15.5629,60.6399,92,56,5.91667,53,27.4834,65,,,,,,,,,,True,False,True,False,0.41285,0.530075,good,False
p09,2020-02-24,2020-02-24 10:09:13,False,4,3,3,6,3,3,5,0,False,stages,5.78333,5.40833,8.325,9.3375,16.1836,19.0202,54.0581,95,59,6.9,67,22.1902,71,11455,7982,0,0,118,70.5,197,168,770,False,False,True,False,0.426785,0.547967,good,True
p09,2020-02-25,2020-02-25 09:57:00,False,4,3,4,6,3,3,6,1,False,stages,6.8,5.87222,7.14167,8.60556,12.6338,19.3627,55.8007,97,59,7.78333,59,26.7157,78,5331,8393,0,0,0,59,160,178.5,866,False,False,False,False,0.780339,1.00191,good,True
p09,2020-02-26,2020-02-26 10:17:10,False,4,3,4,6,3,3,6,2,False,stages,6.33333,6.30556,7.79167,7.75278,19.6617,17.3684,58.7904,89,59,7.88333,93,22.6316,66,9062,8616,0,0,53,57,301,219.333,619,False,False,False,False,0.780339,1.00191,good,True
p09,2020-02-28,2020-02-28 11:55:40,False,3,2,2,3,3,3,5,4,False,,,8.00833,,7.6625,,,,,,,,,,,,,,,,,,,True,False,False,False,-0.721042,-0.925775,bad,False
p09,2020-02-29,2020-02-29 09:02:39,False,3,2,3,5,3,3,6,5,False,stages,5.9,7.79167,8.3,7.91667,11.2782,19.4915,63.6275,90,61,6.65,45,12.9944,70,,,,,,,,,,True,False,False,False,-0.367488,-0.471834,neutral,False
p09,2020-03-01,2020-03-01 14:18:49,False,4,4,4,5,2,3,7,6,False,stages,7.16667,6.53333,7.31667,7.80833,17.4664,14.186,65.4401,92,63,8.68333,91,25.814,73,12012,,0,,82,,365,,594,False,False,True,False,1.14783,1.47374,good,True
p09,2020-03-02,2020-03-02 14:49:08,False,3,3,2,5,2,3,6,0,False,stages,6.66667,6.57778,6.81667,7.47778,19.8397,15.25,57.6817,88,66,8.31667,99,15.75,70,5067,8539.5,0,0,12,47,176,270.5,,False,False,True,False,-0.353553,-0.453942,neutral,True
p09,2020-03-03,2020-03-03 11:57:47,False,3,2,2,5,3,3,5,1,False,classic,5.21667,6.35,8.65,7.59444,,,58.1567,92,63,5.85,26,,64,5604,7561,0,0,31,41.6667,176,239,,False,False,False,False,-0.721042,-0.925775,bad,True
p09,2020-03-04,2020-03-04 10:42:47,False,3,3,3,5,3,3,8,2,False,stages,7.83333,6.57222,5.33333,6.93333,17.2535,17.8723,57.6239,93,61,9.46667,98,22.1277,84,3437,4702.67,0,0,0,14.3333,107,153,982,False,False,False,False,0,0,neutral,True
p09,2020-03-05,2020-03-05 13:42:38,False,3,4,2,5,3,3,7,3,False,stages,7.26667,6.77222,6.55833,6.84722,22.1429,9.63303,59.8247,83,61,9.33333,124,21.3303,68,5935,4992,0,0,23,18,144,142.333,705,False,False,False,False,0.0139351,0.0178918,neutral,True
p09,2020-03-06,2020-03-06 14:55:56,False,2,2,2,4,3,3,6,4,False,stages,6.73333,7.27778,9.13333,7.00833,18.2186,16.3366,59.2376,90,63,8.23333,90,13.8614,71,3325,4232.33,0,0,0,7.66667,124,125,756,False,False,False,False,-1.14783,-1.47374,bad,True
p09,2020-03-07,2020-03-07 14:29:06,False,3,4,3,5,3,3,8,5,False,stages,8.6,7.53333,9.025,8.23889,13.1313,29.6512,55.9914,93,63,9.9,78,17.6357,88,885,3381.67,0,0,0,7.66667,79,115.667,867,False,False,False,False,0.367488,0.471834,neutral,True
p09,2020-03-08,2020-03-08 17:03:34,False,3,2,4,2,3,3,6,6,False,stages,6.4,7.24444,10.7583,9.63889,12.5285,23.4375,74.2148,89,62,7.31667,55,19.0104,70,9524,4578,16,5.33333,124,41.3333,155,119.333,567,False,False,True,False,-0.0139351,-0.0178918,neutral,True
p09,2020-03-10,2020-03-10 13:25:32,False,3,3,2,4,3,3,7,1,False,,,7.33333,,9.60833,,,,,,,,,,,9966,,9,,112,,145.5,,True,False,False,False,-0.353553,-0.453942,neutral,False
p09,2020-03-14,2020-03-14 17:52:13,False,2,2,2,3,3,2,4,5,False,,,6.59167,,10.1708,,,,,,,,,,6924,3821,0,0,26,13,178,112,,False,True,False,False,-1.14783,-1.47374,bad,False
p09,2020-03-17,2020-03-17 22:59:09,False,3,2,2,4,3,3,6,1,False,stages,6.66667,7.93333,10.8667,10.5583,15.6118,14.75,54.8409,89,60,7.9,74,20.5,76,1874,,0,,24,,66,,676,False,True,False,False,-0.721042,-0.925775,bad,False
p09,2020-03-19,2020-03-19 15:40:47,False,3,3,3,4,3,3,8,3,False,stages,8.13333,7.4,10.8333,10.85,15.4246,18.4426,62.9518,94,59,9.61667,89,19.877,80,1564,2991.67,0,0,0,21,47,76.3333,,False,True,False,False,0,0,neutral,False
p09,2020-03-20,2020-03-20 16:00:15,False,3,2,3,4,3,3,8,4,False,stages,8.51667,8.325,11.075,10.9542,12.6496,22.1135,57.1723,96,61,9.75,74,17.6125,87,2038,3046.33,0,0,0,13,119,94,744,False,True,False,False,-0.367488,-0.471834,neutral,False
p09,2020-03-21,2020-03-21 22:56:53,False,3,3,3,4,3,3,6,5,False,stages,6.8,7.81667,10.825,10.9111,15.8763,20.5882,64.3702,88,61,8.08333,77,19.8529,72,17613,7071.67,2,0.666667,178,59.3333,126,97.3333,551,False,True,False,False,0,0,neutral,False
p09,2020-03-24,2020-03-24 14:16:46,False,3,3,3,6,3,3,3,1,False,stages,3,7.52778,14.1083,10.5611,18.9189,6.66667,58.6782,90,60,3.7,42,13.3333,54,,1145.5,,0,,0,,93,,True,True,False,False,0,0,neutral,False
p09,2020-03-25,2020-03-25 11:45:44,False,3,4,3,6,3,3,7,2,False,stages,7.03333,6.31111,5.99167,10.0806,12.9897,25.1185,55.2781,96,60,8.08333,63,24.4076,85,470,711.5,0,0,0,0,37,50,,False,True,False,False,0.367488,0.471834,neutral,False
p09,2020-03-26,2020-03-26 16:59:35,False,3,4,2,5,3,4,8,3,False,stages,8.33333,6.12222,10.0833,10.0611,18.3007,12.4,52.1911,94,59,10.2,112,23.2,82,,,,,,,,,,True,True,False,False,0.0139351,0.0178918,neutral,False
p09,2020-03-30,2020-03-30 20:32:57,False,4,4,4,4,3,3,9,0,False,stages,8.9,8.31667,12.075,10.725,14.56,23.97,53.8685,96,60,10.4167,91,21.7228,88,1173,832.5,3,1.5,15,7.5,73,57,808,False,True,True,False,1.14783,1.47374,good,False
p10,2019-11-16,2019-11-16 09:52:38,False,3,3,3,4,3,3,8,5,False,stages,8.6,7.29444,5.83333,6.37778,11.9454,28.6822,64.9658,91,64,9.76667,70,19.5736,84,10273,9394.67,8,3.66667,29,25.3333,252,253,750,False,False,False,False,0.943378,1.24182,good,True
p10,2019-11-17,2019-11-17 09:21:26,False,3,3,2,5,3,4,7,6,False,stages,7.6,7.4,6.75833,6.48333,11.6279,23.0263,65.5676,91,64,8.6,60,13.8158,80,16118,10844.3,3,3.66667,130,62,268,240,456,False,False,True,False,0.427226,0.56238,good,True
p10,2019-11-18,2019-11-18 07:50:40,False,2,2,2,2,3,2,6,0,False,stages,6.6,7.6,5.8,6.13056,10,27.2727,67.5683,94,64,7.33333,44,11.1111,78,7542,11311,3,4.66667,26,61.6667,266,262,632,False,False,True,False,-0.593171,-0.780821,bad,True
p10,2019-11-19,2019-11-19 08:41:12,False,3,3,2,5,3,3,8,1,False,stages,8.41667,7.53889,4.00833,5.52222,12.4783,23.3663,71.2647,93,64,9.61667,72,17.2277,79,9480,11046.7,3,3,17,57.6667,322,285.333,661,False,False,False,False,0.427226,0.56238,good,True
p10,2019-11-20,2019-11-20 06:37:21,False,3,2,1,5,2,2,5,2,False,stages,5.31667,6.77778,5.825,5.21111,13.3152,13.7931,77.1491,92,67,6.13333,49,16.3009,62,11716,9579.33,18,8,34,25.6667,284,290.667,545,False,False,False,False,-0.516152,-0.679437,bad,True
p10,2019-11-21,2019-11-21 09:00:29,False,4,4,3,5,2,4,8,3,False,stages,8.28333,7.33889,4.90833,4.91389,9.80036,28.5714,69.2863,94,69,9.18333,54,18.7123,86,14211,11802.3,0,7,8,19.6667,424,343.333,640,False,False,False,False,1.96378,2.58502,good,True
p10,2019-11-22,2019-11-22 07:50:03,False,2,1,2,3,2,2,6,4,False,stages,6.53333,6.71111,5.51667,5.41667,12.5,27.551,71.5957,93,67,7.46667,56,19.3878,74,10384,12103.7,1,6.33333,7,16.3333,287,331.667,595,False,False,False,False,-1.0204,-1.3432,bad,True
p10,2019-11-23,2019-11-23 15:28:04,False,4,4,3,8,3,4,9,5,False,stages,6.95,7.25556,6.61667,5.68056,11.6525,21.8225,74.5565,93,69,7.86667,55,22.7818,75,12639,12411.3,9,3.33333,58,24.3333,215,308.667,719,False,False,False,False,1.96378,2.58502,good,True
p10,2019-11-24,2019-11-24 11:09:28,False,3,3,3,5,2,3,9,6,False,stages,9.21667,7.56667,6.71667,6.28333,11.6613,24.0506,70.0851,93,70,10.4333,73,17.9024,86,15956,12993,38,16,124,63,273,258.333,571,False,False,True,False,0.943378,1.24182,good,True
p10,2019-11-25,2019-11-25 08:12:52,False,3,1,1,2,3,1,6,0,False,stages,5.9,7.35556,6.21667,6.51667,18.4332,15.5367,70.5207,87,70,7.23333,80,10.1695,66,9351,12648.7,0,15.6667,28,70,266,251.333,520,False,False,True,False,-0.943378,-1.24182,bad,True
p10,2019-11-26,2019-11-26 09:01:12,False,3,3,2,5,3,4,7,1,False,stages,6.71667,7.27778,5.76667,6.23333,10.0446,27.7916,71.8923,91,69,7.46667,45,17.866,79,8378,11228.3,2,13.3333,15,55.6667,273,270.667,718,False,False,False,False,0.427226,0.56238,good,True
p10,2019-11-27,2019-11-27 09:11:01,False,3,2,3,3,3,4,7,2,False,stages,7.13333,6.58333,6.98333,6.32222,8.15451,22.1963,71.7945,90,69,7.76667,38,23.5981,80,14863,10864,11,4.33333,13,18.6667,419,319.333,560,False,False,False,False,0.516152,0.679437,good,True
p10,2019-11-28,2019-11-28 07:32:45,False,3,1,3,3,2,4,7,3,False,stages,6.9,6.91667,5.71667,6.15556,11.349,24.3961,73.6708,93,69,7.78333,53,12.0773,77,2150,8463.67,0,4.33333,0,9.33333,124,272,850,False,False,False,False,0.0889256,0.117057,neutral,True
p10,2019-11-30,2019-11-30 14:12:26,False,2,2,2,1,3,2,10,5,False,stages,10.3333,8.27778,7.49167,6.24444,18.7418,12.4194,81.2688,87,68,12.7167,143,18.0645,70,13214,9230,0,0.333333,53,33.6667,209,208.333,663,False,False,False,False,-0.593171,-0.780821,bad,True
p10,2019-12-01,2019-12-01 10:09:16,False,3,2,3,3,3,2,9,6,False,,,8.96667,,6.50833,,,,,,,,,,644,8728,68,23,0,33.6667,78,193,599,False,False,True,False,0.516152,0.679437,good,False
p10,2019-12-02,2019-12-02 09:10:58,False,3,1,2,2,3,2,7,0,False,stages,7.28333,8.80833,4.78333,6.1375,11.8952,24.9428,62.5433,95,69,8.26667,59,6.86499,83,8346,7401.33,74,47.3333,12,21.6667,291,192.667,1137,False,False,True,False,-0.427226,-0.56238,bad,True
p10,2019-12-03,2019-12-03 10:14:44,False,4,3,3,5,4,3,7,1,False,stages,6.85,7.06667,5.63333,5.20833,9.67033,18.4915,62.1819,94,67,7.58333,44,11.6788,80,12684,7224.67,0,47.3333,13,8.33333,377,248.667,554,False,False,False,False,1.53655,2.02264,good,True
p10,2019-12-04,2019-12-04 08:00:49,False,3,2,2,5,2,2,6,2,False,stages,6.45,6.86111,5.58333,5.33333,15.6863,21.1886,68.4427,91,64,7.65,72,8.26873,75,10057,10362.3,17,30.3333,19,14.6667,250,306,716,False,False,False,False,0,0,neutral,True
p10,2019-12-05,2019-12-05 09:25:41,False,3,1,2,5,2,3,8,3,False,stages,8.3,7.2,5.49167,5.56944,9.94575,30.3213,73.6028,92,66,9.21667,55,22.49,83,10880,11207,0,5.66667,66,32.6667,208,278.333,707,False,False,False,False,-0.427226,-0.56238,bad,True
p10,2019-12-06,2019-12-06 09:08:39,False,2,1,2,2,3,1,6,4,False,stages,6.88333,7.21111,6.925,6,14.4928,25.4237,74.6177,86,69,8.05,70,13.3172,71,12663,11200,6,7.66667,57,47.3333,276,244.667,554,False,False,False,False,-1.0204,-1.3432,bad,True
p10,2019-12-07,2019-12-07 12:17:46,False,3,3,3,3,3,4,10,5,False,stages,10.2833,8.48889,6.775,6.39722,10.7091,29.3355,70.3916,95,71,11.5167,74,18.1524,86,13972,12505,22,9.33333,61,61.3333,363,282.333,533,False,False,False,False,0.943378,1.24182,good,True
p10,2019-12-08,2019-12-08 15:51:29,False,4,2,4,5,3,4,7,6,False,stages,7.56667,8.24444,7.825,7.175,11.3281,22.0264,65.7866,91,70,8.53333,58,13.8767,82,17145,14593.3,2,10,44,54,366,335,339,False,False,True,False,1.62547,2.1397,good,True
p10,2019-12-09,2019-12-09 08:12:33,False,3,2,3,5,3,3,6,0,False,stages,6.03333,7.96111,6.86667,7.15556,12.3487,21.2707,67.8312,92,68,6.88333,51,13.8122,75,20193,17103.3,50,24.6667,116,73.6667,343,357.333,469,False,False,True,False,0.516152,0.679437,good,True
p10,2019-12-10,2019-12-10 09:16:02,False,3,2,2,3,2,2,8,1,False,stages,7.81667,7.13889,6.29167,6.99444,11.0057,25.7996,66.669,90,67,8.78333,58,19.403,83,9881,15739.7,2,18,12,57.3333,274,327.667,741,False,False,False,False,0,0,neutral,True
p10,2019-12-11,2019-12-11 08:32:21,False,3,2,3,2,2,2,7,2,False,stages,7.18333,7.01111,6.19167,6.45,8.29787,25.29,68.789,92,66,7.83333,39,14.6172,82,14911,14995,40,30.6667,83,70.3333,258,291.667,572,False,False,False,False,0.516152,0.679437,good,True
p10,2019-12-12,2019-12-12 14:25:29,False,4,2,4,3,3,4,7,3,False,stages,7.53333,7.51111,6.89167,6.45833,9.96016,24.3363,64.7317,93,68,8.36667,50,14.1593,84,6734,10508.7,0,14,10,35,197,243,763,False,False,False,False,1.62547,2.1397,good,True
p10,2019-12-13,2019-12-13 09:31:29,False,3,1,3,2,3,1,8,4,False,stages,8.05,7.58889,5.8,6.29444,12.1818,23.8095,72.094,86,67,9.16667,67,19.4617,82,8419,10021.3,6,15.3333,34,42.3333,223,226,681,False,False,False,False,0.0889256,0.117057,neutral,True
p10,2019-12-14,2019-12-14 10:44:32,False,2,1,3,0,2,2,8,5,False,stages,8.28333,7.95556,6.44167,6.37778,14.8973,13.6821,78.5662,87,67,9.73333,87,15.0905,73,21336,12163,2,2.66667,101,48.3333,323,247.667,466,False,False,False,False,-0.504245,-0.663764,bad,True
p10,2019-12-15,2019-12-15 09:14:08,False,3,1,3,0,2,2,8,6,False,stages,7.98333,8.10556,5.55833,5.93333,9.96241,15.0313,73.4225,92,69,8.86667,53,14.1962,75,18638,16131,10,6,127,87.3333,295,280.333,434,False,False,True,False,0.0889256,0.117057,neutral,True
p10,2019-12-16,2019-12-16 13:44:42,False,3,1,3,0,2,2,10,0,False,stages,10.5167,8.92778,5.14167,5.71389,17.3001,7.60697,70.3346,93,71,12.7167,132,6.49762,73,8988,16320.7,2,4.66667,23,83.6667,273,297,612,False,False,True,False,0.0889256,0.117057,neutral,True
p10,2019-12-17,2019-12-17 10:11:34,False,3,2,3,2,3,3,8,1,False,stages,7.75,8.75,7.33333,6.01111,11.7647,19.7849,67.5782,86,69,8.78333,62,15.6989,80,3440,10355.3,0,4,0,50,153,240.333,524,False,False,False,False,0.516152,0.679437,good,True
p10,2019-12-18,2019-12-18 09:49:20,False,3,2,3,3,3,4,7,2,False,stages,7.18333,8.48333,7.86667,6.78056,9.45378,32.0186,69.3763,93,70,7.93333,45,11.1369,84,6784,6404,1,1,27,16.6667,216,214,670,False,False,False,False,0.516152,0.679437,good,True
p10,2019-12-19,2019-12-19 08:20:29,False,3,2,2,3,2,2,7,3,False,stages,7.3,7.41111,5.89167,7.03056,10.4294,18.9498,70.2737,91,70,8.15,51,19.1781,80,7009,5744.33,0,0.333333,10,12.3333,264,211,690,False,False,False,False,0,0,neutral,True
p10,2019-12-20,2019-12-20 09:19:56,False,3,2,3,3,3,2,8,4,False,stages,7.73333,7.40556,5.75,6.50278,10.0775,20.0431,71.0382,93,70,8.6,52,19.181,80,11392,8395,1,0.666667,24,20.3333,277,252.333,650,False,False,False,False,0.516152,0.679437,good,True
p10,2019-12-21,2019-12-21 10:26:26,False,2,2,2,3,3,2,7,5,False,stages,7.53333,7.52222,7.63333,6.425,14.2315,25.6637,68.1056,90,69,8.78333,75,12.3894,80,11941,10114,1,0.666667,20,18,304,281.667,540,False,False,False,True,-0.593171,-0.780821,bad,True
p10,2019-12-22,2019-12-22 11:51:19,False,3,2,3,4,3,2,8,6,False,stages,7.85,7.70556,7,6.79444,13.0996,21.0191,67.7183,89,68,9.03333,71,14.0127,77,15700,13011,0,0.666667,37,27,475,352,401,False,False,True,True,0.516152,0.679437,good,True
p10,2019-12-23,2019-12-23 09:47:53,False,3,2,3,3,3,2,8,0,False,,,7.69167,,7.31667,,,,,,,,,,12972,13537.7,1,0.666667,28,28.3333,337,372,533,False,False,True,True,0.516152,0.679437,good,False
p10,2019-12-25,2019-12-25 13:35:48,False,3,3,3,4,3,3,9,2,False,,,,,,,,,,,,,,,,14540.5,,1,,42.5,,404,,True,False,False,True,0.943378,1.24182,good,False
p10,2019-12-26,2019-12-26 12:12:18,False,4,3,3,5,3,2,10,3,False,,,,,,,,,,,,,,,,,,,,,,,,True,False,False,True,1.53655,2.02264,good,False
p10,2019-12-27,2019-12-27 10:59:16,False,3,2,3,3,3,2,7,4,False,stages,7.66667,,7.89167,,14.9723,21.087,67.6036,91,67,9.01667,81,5.43478,72,4915,,0,,12,,231,,,False,False,False,True,0.516152,0.679437,good,True
p10,2019-12-28,2019-12-28 10:04:44,False,3,2,3,4,3,2,7,5,False,stages,7.66667,7.66667,5.475,6.68333,13.8577,20.6522,67.7481,85,67,8.9,74,17.8261,76,9438,7176.5,0,0,0,6,337,284,562,False,False,False,True,0.516152,0.679437,good,True
p10,2019-12-29,2019-12-29 10:11:30,False,4,2,4,4,3,2,7,6,False,stages,7.43333,7.58889,5.75833,6.375,13.2296,17.9372,78.1613,89,66,8.56667,68,20.4036,71,14184,9512.33,6,2,69,27,361,309.667,476,False,False,True,True,1.62547,2.1397,good,True
p10,2019-12-30,2019-12-30 11:27:20,False,4,3,2,3,3,2,9,0,False,stages,9.35,8.15,6.775,6.00278,11.6535,22.9947,74.0426,88,68,10.5833,74,19.0731,82,13724,12448.7,17,7.66667,64,44.3333,379,359,483,False,False,True,True,1.0204,1.3432,good,True
p10,2019-12-31,2019-12-31 11:37:48,False,4,3,3,5,3,3,10,1,False,stages,9.81667,8.86667,6.06667,6.2,8.68217,18.8455,71.019,92,69,10.75,56,16.2988,84,10563,12823.7,5,9.33333,20,51,358,366,427,False,False,False,True,1.53655,2.02264,good,True
p10,2020-01-02,2020-01-02 11:38:49,False,4,3,2,5,3,2,9,3,False,stages,8.83333,9.78333,6.05,6.24444,10.1695,22.4528,66.0487,93,69,9.83333,60,10.566,87,,11229,,9,,15,,370.5,,True,False,False,False,1.0204,1.3432,good,False
p10,2020-01-03,2020-01-03 19:25:23,False,3,2,2,5,3,1,5,4,False,,,9.76667,,6.33333,,,,,,,,,,15516,13705.5,14,13.5,112,61,282,332.5,456,False,False,False,False,0,0,neutral,False
p10,2020-01-04,2020-01-04 13:47:19,False,4,4,2,4,2,4,11,5,False,,,,,,,,,,,,,,,12517,14016.5,66,40,58,85,198,240,,False,False,False,False,1.44762,1.90558,good,False
p10,2020-01-05,2020-01-05 13:09:36,False,3,2,2,4,2,2,7,6,False,,,,,,,,,,,,,,,17854,15295.7,2,27.3333,135,101.667,209,229.667,,False,False,True,False,0,0,neutral,False
p10,2020-01-06,2020-01-06 10:45:11,False,3,2,2,3,3,2,5,0,False,,,,,,,,,,,,,,,,15185.5,,34,,96.5,,203.5,,True,False,True,False,0,0,neutral,False
p10,2020-01-07,2020-01-07 08:18:54,False,3,1,2,2,2,2,6,1,False,stages,6.43333,,6.90833,,12.4717,20.9845,68.7111,90,68,7.35,55,4.66321,73,12098,14976,46,24,53,94,232,220.5,,False,False,False,False,-0.427226,-0.56238,bad,True
p10,2020-01-09,2020-01-09 08:51:22,False,3,2,1,4,3,3,7,3,False,stages,7.46667,6.76111,5.91667,6.39722,8.00821,22.0982,69.3262,95,70,8.11667,39,17.8571,85,11295,11184.3,8,18,17,32,367,286.667,627,False,False,False,False,-0.516152,-0.679437,bad,True
p10,2020-01-10,2020-01-10 07:52:31,False,2,2,1,3,3,2,6,4,False,,,6.925,,6.14167,,,,,,,,,,4892,8782.33,1,3,10,17.6667,158,262,785,False,False,False,False,-1.10932,-1.46026,bad,False
p10,2020-01-12,2020-01-12 11:08:19,False,3,1,2,1,3,2,7,6,False,,,,,,,,,,,,,,,,11068,,13.5,,51,,213.5,,True,False,True,False,-0.427226,-0.56238,bad,False
p10,2020-01-13,2020-01-13 15:33:11,False,3,2,2,4,3,2,7,0,False,stages,6.83333,7.18333,6.05,6.77917,8.68597,20.4878,70.0445,96,71,7.48333,39,12.6829,82,12331,14787.5,5,15.5,76,84,189,229,,False,False,True,False,0,0,neutral,True
p10,2020-01-14,2020-01-14 08:54:38,False,3,1,2,3,2,2,8,1,False,stages,8.2,7.51667,5.75,5.9,9.55882,27.6423,68.0082,91,69,9.06667,52,13.0081,88,14310,13320.5,46,25.5,94,85,258,223.5,639,False,False,False,False,-0.427226,-0.56238,bad,True
p10,2020-01-16,2020-01-16 07:31:17,False,3,2,3,5,3,3,7,3,False,stages,7.05,7.41111,5.45,6.13611,10.5708,25.5319,66.6687,97,68,7.88333,50,17.9669,84,8160,11316.3,4,18.3333,20,52.6667,210,241.333,747,False,False,False,False,0.516152,0.679437,good,True
p10,2020-01-17,2020-01-17 09:29:24,False,3,1,3,2,2,2,7,4,False,stages,7.66667,7.23333,6.6,6.41944,9.44882,28.4783,72.0226,93,67,8.46667,48,17.6087,78,10730,10123,24,11,29,31,181,215.667,,False,False,False,False,0.0889256,0.117057,neutral,True
p10,2020-01-19,2020-01-19 11:05:49,False,4,3,3,6,3,3,8,6,False,stages,7.78333,7.43889,6.75833,7.53056,11.8868,21.6274,71.9026,92,69,8.83333,63,23.5546,79,7731,8858.33,1,9,48,29.3333,251,232,591,False,False,True,False,1.53655,2.02264,good,True
p10,2020-01-20,2020-01-20 11:33:11,False,3,2,2,4,3,2,8,0,False,,,7.325,,7.99583,,,,,,,,,,11814,9219.67,25,9.33333,28,29,321,278.667,561,False,False,True,False,0,0,neutral,False
p10,2020-01-22,2020-01-22 08:54:00,False,3,2,2,2,1,2,7,2,False,stages,7.7,7.46667,5.55,5.775,12.5,12.987,67.1509,90,68,8.8,66,18.8312,78,13855,13196.7,25,18.3333,89,65,248,281.333,615,False,False,False,False,0,0,neutral,True
p10,2020-01-23,2020-01-23 09:32:17,False,2,1,2,3,3,2,7,3,False,stages,6.98333,7.30556,5.71667,5.75556,13.2505,14.3198,68.4277,90,67,8.05,64,11.2172,71,9414,12396.7,0,10,38,68.3333,207,243.333,667,False,False,False,False,-1.0204,-1.3432,bad,True
p10,2020-01-24,2020-01-24 08:54:46,False,3,2,2,4,3,2,7,4,False,stages,7.15,7.27778,6.725,5.99722,11.7284,27.972,69.6563,91,67,8.1,57,15.3846,77,12283,11850.7,2,9,68,65,244,233,645,False,False,False,False,0,0,neutral,True
p10,2020-01-25,2020-01-25 09:55:27,False,2,2,2,4,3,2,7,5,False,stages,8,7.37778,6.625,6.35556,13.0435,23.3333,73.161,88,68,9.2,72,14.375,74,9230,10309,6,2.66667,40,48.6667,262,237.667,652,False,False,False,False,-0.593171,-0.780821,bad,True
p10,2020-01-26,2020-01-26 10:26:34,False,3,1,2,3,3,2,7,6,False,stages,7.13333,7.42778,8.23333,7.19444,12.2951,20.7944,69.8299,90,69,8.13333,60,13.3178,79,19225,13579.3,3,3.66667,120,76,252,252.667,516,False,False,True,False,-0.427226,-0.56238,bad,True
p10,2020-01-28,2020-01-28 08:02:34,False,2,1,1,2,3,1,6,1,False,stages,5.93333,6.61111,6.325,6.80278,16.8224,26.9663,70.0561,94,69,7.13333,72,17.1348,69,10003,15008.7,31,13.6667,69,100,280,256.667,643,False,False,False,False,-1.53655,-2.02264,bad,True
p10,2020-01-29,2020-01-29 09:13:26,False,3,1,2,3,3,1,6,2,False,stages,6.6,6.43333,7.14167,6.43889,17.5,20.7071,68.9488,92,69,8,84,11.1111,66,10606,12135.7,15,17.6667,53,77.6667,247,255,712,False,False,False,False,-0.427226,-0.56238,bad,True
p10,2020-01-30,2020-01-30 08:55:07,False,3,3,3,5,3,3,7,3,False,stages,7.38333,6.63889,5.75,6.40556,11.753,20.7675,68.9438,92,67,8.36667,59,14.6727,79,10134,10247.7,1,15.6667,24,48.6667,241,256,,False,False,False,False,0.943378,1.24182,good,True
p10,2020-02-01,2020-02-01 10:42:08,False,3,3,3,5,3,3,8,5,False,stages,8.1,7.21111,7.00833,6.48611,8.81801,27.3663,67.2273,91,65,8.88333,47,5.55556,85,10562,11114.3,8,3.66667,30,42.3333,251,233.667,753,False,False,False,False,0.943378,1.24182,good,True
p10,2020-02-02,2020-02-02 10:47:54,False,3,2,3,3,3,4,8,6,False,stages,8.28333,7.51111,7.7,7.13611,8.47145,25.9557,68.5077,93,64,9.05,46,17.3038,84,22671,15293.3,14,8,155,86,296,252,456,False,False,True,False,0.516152,0.679437,good,True
p10,2020-02-03,2020-02-03 08:23:02,False,3,1,2,3,3,2,5,0,False,stages,5.6,7.32778,7.18333,7.29722,15.1515,22.9167,72.267,86,63,6.6,60,16.6667,65,17885,17039.3,7,9.66667,89,91.3333,299,282,509,False,False,True,False,-0.427226,-0.56238,bad,True
p10,2020-02-04,2020-02-04 08:25:28,False,4,3,3,3,3,4,8,1,False,stages,8.1,7.32778,4.63333,6.50556,9.83302,29.4239,65.2488,95,65,8.98333,53,12.3457,88,10100,16885.3,19,13.3333,40,94.6667,304,299.667,700,False,False,False,False,1.53655,2.02264,good,True
p10,2020-02-05,2020-02-05 08:05:17,False,3,2,2,5,3,2,7,2,False,stages,7.35,7.01667,5.53333,5.78333,11.2676,29.7052,66.938,93,64,8.28333,56,10.4308,83,8597,12194,22,16,89,72.6667,209,270.667,603,False,False,False,False,0,0,neutral,True
p10,2020-02-06,2020-02-06 08:46:01,False,3,2,2,1,3,2,7,3,False,stages,7.3,7.58333,6.41667,5.52778,12.0482,23.516,78.8876,88,64,8.3,60,20.5479,75,11098,9931.67,4,15,51,60,249,254,643,False,False,False,False,0,0,neutral,True
p10,2020-02-07,2020-02-07 08:24:00,False,3,3,3,3,3,3,8,4,False,stages,8.01667,7.55556,4.7,5.55,11.0906,27.027,71.522,94,65,9.01667,60,18.2952,82,10308,10001,1,9,42,60.6667,324,260.667,576,False,False,False,False,0.943378,1.24182,good,True
p10,2020-02-08,2020-02-08 10:20:25,False,3,2,3,2,3,3,6,5,False,stages,6.71667,7.34444,7.675,6.26389,16.0417,20.3474,81.887,91,67,8,77,20.3474,66,15472,12292.7,23,9.33333,63,52,294,289,542,False,False,False,False,0.516152,0.679437,good,True
p10,2020-02-09,2020-02-09 10:10:38,False,3,3,3,4,3,3,7,6,False,stages,7.55,7.42778,7.875,6.75,8.85312,23.6203,74.1907,92,69,8.28333,44,18.1015,79,,12890,,12,,52.5,,309,,True,False,True,False,0.943378,1.24182,good,False
p10,2020-02-10,2020-02-10 07:09:26,False,3,1,2,3,2,1,6,0,False,stages,6.25,6.83889,5.44167,6.99722,12.178,15.7333,70.2989,89,69,7.11667,52,15.4667,73,16729,16100.5,27,25,142,102.5,251,272.5,550,False,False,True,False,-0.427226,-0.56238,bad,True
p10,2020-02-11,2020-02-11 09:01:20,False,3,2,2,3,2,2,6,1,False,stages,6.3,6.7,5.81667,6.37778,9.56938,22.2222,69.721,94,69,6.96667,40,21.4286,81,18227,17478,18,22.5,100,121,343,297,570,False,False,False,False,0,0,neutral,True
p10,2020-02-12,2020-02-12 09:04:01,False,2,2,2,3,2,2,6,2,False,,,6.275,,5.62917,,,,,,,,,,,17478,,22.5,,121,,297,,True,False,False,False,-0.593171,-0.780821,bad,False
p10,2020-02-13,2020-02-13 07:43:23,False,3,3,3,5,3,4,7,3,False,stages,7.11667,6.70833,5.275,5.54583,7.57576,21.3115,69.8642,94,68,7.7,35,14.9883,82,20445,19336,34,26,129,114.5,221,282,,False,False,False,False,0.943378,1.24182,good,True
p10,2020-02-14,2020-02-14 09:32:09,False,3,1,2,2,3,2,5,4,False,stages,4.88333,6,8.40833,6.84167,12.5373,24.5734,85.0261,87,68,5.58333,42,26.9625,64,,,,,,,,,,True,False,False,False,-0.427226,-0.56238,bad,False
p10,2020-02-15,2020-02-15 10:53:50,False,3,2,2,3,3,2,8,5,False,,,6,,6.84167,,,,,,,,,,,,,,,,,,,True,False,False,False,0,0,neutral,False
p10,2020-02-16,2020-02-16 11:09:33,False,2,3,2,4,3,4,9,6,False,stages,8.95,6.91667,7.21667,7.8125,9.29054,26.8156,69.7775,93,70,9.86667,55,15.4562,85,,,,,,,,,,True,False,True,False,-0.165945,-0.218441,neutral,False
p10,2020-02-17,2020-02-17 08:11:18,False,4,2,3,5,3,3,7,0,False,stages,7.08333,8.01667,5.8,6.50833,15.1697,21.8824,71.9371,91,68,8.35,76,1.41176,73,14045,,27,,79,,249,,520,False,False,True,False,1.10932,1.46026,good,True
p10,2020-02-18,2020-02-18 08:23:27,False,2,1,2,4,3,2,7,1,False,stages,8.41667,8.15,4.8,5.93889,10.9347,23.3663,69.5896,89,67,9.45,62,11.6832,84,11705,12875,0,13.5,61,70,238,243.5,640,False,False,False,False,-1.0204,-1.3432,bad,True
p10,2020-02-19,2020-02-19 08:44:34,False,2,2,2,2,2,3,8,2,False,stages,7.71667,7.73889,5.7,5.43333,10.9615,24.838,69.4448,91,67,8.66667,57,20.5184,82,17129,14293,24,17,107,82.3333,270,252.333,496,False,False,False,False,-0.593171,-0.780821,bad,True
p10,2020-02-20,2020-02-20 09:49:07,False,2,3,2,3,2,3,8,3,False,stages,8.21667,8.11667,5.74167,5.41389,10.5263,26.1663,66.5048,91,65,9.18333,58,16.2272,84,15968,14934,36,20,77,81.6667,296,268,547,False,False,False,False,-0.165945,-0.218441,neutral,True
p10,2020-02-21,2020-02-21 09:03:59,False,3,1,2,2,3,2,5,4,False,stages,5.31667,7.08333,6.64167,6.02778,15.8311,17.8683,68.6373,95,64,6.31667,60,12.2257,64,13922,15673,23,27.6667,49,77.6667,320,295.333,520,False,False,False,False,-0.427226,-0.56238,bad,True
p10,2020-02-23,2020-02-23 10:06:47,False,3,2,3,5,3,2,6,6,False,,,6.71667,,7.15,,,,,,,,,,21384,17573.7,24,20.3333,117,87.6667,332,320.667,451,False,False,True,False,0.516152,0.679437,good,False
p10,2020-02-24,2020-02-24 09:31:34,False,3,1,3,3,3,2,5,0,False,stages,5.43333,6.775,8.425,8.04167,9.94475,28.2209,73.9983,92,65,6.03333,36,22.3926,71,11624,16807.7,6,14.6667,49,87.6667,287,309.667,,False,False,True,False,0.0889256,0.117057,neutral,True
p10,2020-02-25,2020-02-25 09:06:18,False,3,2,3,5,3,3,7,1,False,stages,7.55,6.49167,5.66667,7.04583,6.59794,27.1523,69.1005,94,66,8.08333,32,17.4393,81,15410,16139.3,21,17,67,77.6667,436,351.667,575,False,False,False,False,0.516152,0.679437,good,True
p10,2020-02-26,2020-02-26 08:43:45,False,3,2,3,2,3,2,7,2,False,stages,7.38333,6.78889,5.36667,6.48611,11.753,18.5102,79.6773,93,66,8.36667,59,18.7359,72,15405,14146.3,19,15.3333,71,62.3333,344,355.667,540,False,False,False,False,0.516152,0.679437,good,True
p10,2020-02-27,2020-02-27 16:42:44,False,3,2,3,4,2,3,7,3,False,stages,7.46667,7.46667,5.38333,5.47222,8.57143,18.75,65.3669,93,68,8.16667,42,8.25893,81,14304,15039.7,12,17.3333,93,77,249,343,596,False,False,False,False,0.516152,0.679437,good,True
p10,2020-02-28,2020-02-28 08:12:41,False,3,3,3,4,2,2,8,4,False,stages,7.95,7.6,4.2,4.98333,12.6374,18.6583,73.2428,88,65,9.1,69,19.7065,73,12867,14192,15,15.3333,64,76,299,297.333,587,False,False,False,False,0.943378,1.24182,good,True
p10,2020-02-29,2020-02-29 10:07:30,False,4,2,2,1,2,2,8,5,False,,,7.70833,,4.79167,,,,,,,,,,,13585.5,,13.5,,78.5,,274,,True,False,False,False,0.593171,0.780821,good,False
p11,2019-11-16,2019-11-16 09:57:22,False,3,3,3,4,3,3,9,5,False,stages,8.28333,,6.35,,10.772,18.7123,67.8288,97,60,9.28333,60,22.1328,80,21596,,0,,63,,571,,,False,False,False,False,0,0,neutral,True
p11,2019-11-17,2019-11-17 10:49:03,False,2,1,3,0,3,3,5,6,False,stages,4.98333,6.63333,9.89167,8.12083,9.93976,12.709,88.1217,91,64,5.53333,33,25.7525,62,11560,16578,3,1.5,61,62,334,452.5,488,False,False,True,False,-3.08168,-4.38517,bad,True
p11,2019-11-18,2019-11-18 06:11:15,False,3,3,3,7,3,2,6,0,False,stages,6.21667,6.49444,4.79167,7.01111,13.6574,9.38338,65.316,98,69,7.2,59,20.6434,73,2609,11921.7,2,1.66667,66,63.3333,211,372,731,False,False,True,False,0,0,neutral,True
p11,2019-11-19,2019-11-19 06:51:34,False,3,3,3,7,2,3,6,1,False,stages,6.35,5.85,4.79167,6.49167,12.6147,17.5853,67.3181,98,66,7.26667,55,23.3596,73,16007,10058.7,31,12,55,60.6667,325,290,628,False,False,False,False,0,0,neutral,True
p11,2019-11-20,2019-11-20 22:03:15,False,3,3,3,7,2,3,6,2,False,stages,6.36667,6.31111,5.025,4.86944,8.39329,15.445,65.9181,96,65,6.95,35,17.2775,75,7604,8740,12,15,92,71,221,252.333,691,False,False,False,False,0,0,neutral,True
p11,2019-11-21,2019-11-21 06:36:27,False,3,2,3,3,1,3,7,3,False,stages,7.3,6.67222,4.50833,4.775,9.69072,11.8721,75.194,98,64,8.08333,47,19.863,72,11893,11834.7,7,16.6667,103,83.3333,275,273.667,645,False,False,False,False,-0.761767,-1.08398,bad,True
p11,2019-11-22,2019-11-22 08:28:42,False,3,3,3,4,2,3,6,4,False,stages,6.05,6.57222,6.275,5.26944,13.1579,6.61157,74.858,94,66,6.96667,55,17.9063,62,22653,14050,0,6.33333,113,102.667,556,350.667,286,False,False,False,False,0,0,neutral,True
p11,2019-11-23,2019-11-23 08:39:33,False,3,3,3,5,2,4,7,5,False,stages,6.93333,6.76111,6.86667,5.88333,10.9208,14.6635,70.8839,97,68,7.78333,51,18.2692,74,21624,18723.3,0,2.33333,28,81.3333,595,475.333,399,False,False,False,False,0,0,neutral,True
p11,2019-11-24,2019-11-24 09:17:49,False,3,3,3,7,2,3,8,6,False,stages,8.38333,7.12222,5.375,6.17222,12.5217,14.1153,65.9764,99,67,9.58333,72,23.0616,83,17960,20745.7,0,0,36,59,527,559.333,410,False,False,True,False,0,0,neutral,True
p11,2019-11-25,2019-11-25 07:19:02,False,3,3,3,7,3,3,6,0,False,stages,6.26667,7.19444,6.11667,6.11944,8.73786,19.9468,70.9074,96,65,6.86667,36,17.5532,72,17195,18926.3,54,18,98,54,254,458.667,513,False,False,True,False,0,0,neutral,True
p11,2019-11-26,2019-11-26 08:42:22,False,2,3,2,7,2,3,7,1,False,stages,7.73333,7.46111,4.66667,5.38611,9.19765,20.6897,65.1997,97,66,8.51667,47,13.1466,84,8115,14423.3,0,18,37,57,177,319.333,814,False,False,False,False,-2.36986,-3.37226,bad,True
p11,2019-11-27,2019-11-27 06:34:09,False,3,3,3,6,2,4,6,2,False,stages,6.41667,6.80556,4.9,5.22778,9.62441,18.1818,72.0345,96,64,7.1,41,13.7662,71,14344,13218,16,23.3333,122,85.6667,206,212.333,601,False,False,False,False,0,0,neutral,True
p11,2019-11-28,2019-11-28 06:07:58,False,3,3,3,8,3,3,6,3,False,stages,6.51667,6.88889,5.025,4.86389,8,19.9488,66.5037,97,66,7.08333,34,11.2532,76,13874,12111,0,5.33333,62,73.6667,297,226.667,655,False,False,False,False,0,0,neutral,True
p11,2019-11-29,2019-11-29 07:20:24,False,3,3,3,7,3,3,6,4,False,stages,6.38333,6.43889,4.675,4.86667,12.5571,21.1488,67.9786,99,65,7.3,55,20.6266,73,20110,16109.3,17,11,179,121,182,228.333,654,False,False,False,False,0,0,neutral,True
p11,2019-11-30,2019-11-30 09:02:25,False,3,3,2,7,3,3,9,5,False,stages,8.98333,7.29444,4.94167,4.88056,10.7616,14.2857,65.476,98,66,10.0667,65,12.4304,82,14164,16049.3,0,5.66667,71,104,258,245.667,673,False,False,False,False,-0.811708,-1.15504,bad,True
p11,2019-12-01,2019-12-01 10:20:54,False,3,3,2,7,3,3,7,6,False,stages,7.71667,7.69444,5.725,5.11389,9.74659,12.743,65.4253,98,64,8.55,50,20.7343,78,7667,13980.3,0,5.66667,19,89.6667,290,243.333,527,False,False,True,False,-0.811708,-1.15504,bad,True
p11,2019-12-02,2019-12-02 07:08:41,False,3,3,2,7,3,3,6,0,False,stages,6.21667,7.63889,5.11667,5.26111,12.2353,9.91957,66.7876,95,63,7.08333,52,17.9625,69,8142,9991,6,2,62,50.6667,272,273.333,593,False,False,True,False,-0.811708,-1.15504,bad,True
p11,2019-12-03,2019-12-03 06:39:51,False,3,3,2,6,3,3,6,1,False,stages,6.53333,6.82222,5.21667,5.35278,11.9101,14.5408,63.2867,99,62,7.41667,53,17.0918,73,15265,10358,27,11,90,57,228,263.333,697,False,False,False,False,-0.811708,-1.15504,bad,True
p11,2019-12-04,2019-12-04 07:10:16,False,3,3,2,6,3,3,6,2,False,stages,6.18333,6.31111,5.13333,5.15556,9.73236,14.2857,71.828,98,62,6.85,40,24.2588,68,11528,11645,20,17.6667,81,77.6667,150,216.667,764,False,False,False,False,-0.811708,-1.15504,bad,True
p11,2019-12-05,2019-12-05 13:32:12,False,3,3,3,5,3,3,6,3,False,stages,6.5,6.40556,5.31667,5.22222,8.8785,23.5897,68.6847,99,64,7.13333,38,17.6923,75,13374,13389,32,26.3333,85,85.3333,189,189,693,False,False,False,False,0,0,neutral,True
p11,2019-12-06,2019-12-06 09:39:06,False,,2,2,5,3,3,6,4,False,stages,6.28333,6.32222,6.71667,5.72222,11.0849,15.9151,71.0319,97,65,7.06667,47,22.8117,68,19946,14949.3,0,17.3333,113,93,513,284,386,False,False,False,False,,,,False
p11,2019-12-07,2019-12-07 09:06:58,False,3,3,2,5,3,3,8,5,False,stages,8.41667,7.06667,4.91667,5.65,13.8225,13.0693,70.04,97,66,9.76667,81,14.0594,79,3324,12214.7,0,10.6667,0,66,193,298.333,823,False,False,False,False,-0.811708,-1.15504,bad,True
p11,2019-12-08,2019-12-08 14:26:00,False,3,3,2,4,3,3,8,6,False,stages,8.21667,7.63889,5.18333,5.60556,11.8068,12.9817,64.7162,94,66,9.31667,66,19.2698,81,8883,10717.7,4,1.33333,40,51,251,319,563,False,False,True,False,-0.811708,-1.15504,bad,True
p11,2019-12-09,2019-12-09 09:37:02,False,3,2,2,7,3,2,7,0,False,stages,6.81667,7.81667,4.73333,4.94444,15.8436,6.60147,63.6086,95,63,8.1,77,14.9144,68,6033,6080,0,1.33333,12,17.3333,202,215.333,667,False,False,True,False,-1.57347,-2.23902,bad,True
p11,2019-12-10,2019-12-10 09:16:14,False,3,2,2,5,3,3,7,1,False,stages,7.05,7.36111,4.725,4.88056,13.3197,18.2033,64.9624,97,62,8.13333,65,17.0213,76,8470,7795.33,0,1.33333,71,41,223,225.333,660,False,False,False,False,-1.57347,-2.23902,bad,True
p11,2019-12-11,2019-12-11 09:41:32,False,2,2,1,5,2,3,7,2,False,stages,6.8,6.88889,4.525,4.66111,9.53437,27.9412,67.3401,98,61,7.51667,43,21.3235,75,6579,7027.33,0,0,10,31,196,207,746,False,False,False,False,-3.94333,-5.61128,bad,True
p11,2019-12-12,2019-12-12 09:04:42,False,2,2,3,5,3,2,8,3,False,stages,7.83333,7.22778,6.05833,5.10278,7.29783,28.9362,70.1505,97,63,8.45,37,22.5532,79,22884,12644.3,1,0.333333,63,48,621,346.667,305,False,False,False,False,-2.31992,-3.30119,bad,True
p11,2019-12-13,2019-12-13 22:01:36,False,3,2,3,3,3,3,6,4,False,stages,5.91667,6.85,9.80833,6.79722,13.835,16.6197,81.8805,95,64,6.86667,57,22.8169,63,10954,13472.3,7,2.66667,76,49.6667,426,414.333,431,False,False,False,False,-0.761767,-1.08398,bad,True
p11,2019-12-14,2019-12-14 08:32:12,False,3,3,3,5,3,2,4,5,False,stages,4.33333,6.02778,6.90833,7.59167,11.2628,12.6923,64.4318,97,66,4.88333,33,20.3846,65,4630,12822.7,0,2.66667,34,57.6667,181,409.333,666,False,False,False,False,0,0,neutral,True
p11,2019-12-15,2019-12-15 11:51:37,False,3,3,3,6,3,4,6,6,False,stages,6.46667,5.57222,9.275,8.66389,7.61905,16.2371,75.7482,96,63,7,32,17.5258,69,25631,13738.3,0,2.33333,110,73.3333,510,372.333,527,False,False,True,False,0,0,neutral,True
p11,2019-12-16,2019-12-16 07:19:30,False,3,3,3,6,3,3,6,0,False,stages,6.45,5.75,5.725,7.30278,11.0345,15.7623,62.7172,99,65,7.25,48,18.863,76,12004,14088.3,17,5.66667,77,73.6667,293,328,650,False,False,True,False,0,0,neutral,True
p11,2019-12-17,2019-12-17 08:00:50,False,3,3,3,6,3,3,6,1,False,stages,6.51667,6.47778,6.50833,7.16944,12.7232,10.7417,67.8616,90,63,7.46667,57,18.1586,66,21262,19632.3,0,5.66667,36,74.3333,559,454,410,False,False,False,False,0,0,neutral,True
p11,2019-12-18,2019-12-18 07:46:10,False,3,3,3,6,3,3,6,2,False,stages,6.31667,6.42778,5.84167,6.025,12.065,21.1082,66.253,98,63,7.18333,52,18.2058,72,13750,15672,19,12,86,66.3333,274,375.333,632,False,False,False,False,0,0,neutral,True
p11,2019-12-19,2019-12-19 12:08:28,False,3,3,3,5,3,3,8,3,False,stages,7.75,6.86111,5.5,5.95,12.2642,15.914,70.0614,97,63,8.83333,65,18.9247,73,15139,16717,0,6.33333,0,40.6667,473,435.333,536,False,False,False,False,0,0,neutral,True
p11,2019-12-20,2019-12-20 10:39:03,False,3,3,3,5,3,3,9,4,False,stages,9.23333,7.76667,6.30833,5.88333,10.2107,26.8953,71.7213,95,63,10.2833,63,18.7726,80,19862,16250.3,1,6.66667,61,49,517,421.333,332,False,False,False,False,0,0,neutral,True
p11,2019-12-21,2019-12-21 09:29:44,False,3,3,3,5,3,3,7,5,False,stages,6.91667,7.96667,7.06667,6.29167,6.1086,12.7711,66.2629,99,65,7.36667,27,16.3855,77,17849,17616.7,0,0.333333,52,37.6667,502,497.333,269,False,False,False,True,0,0,neutral,True
p11,2019-12-22,2019-12-22 14:25:48,False,3,2,3,3,3,3,8,6,False,stages,7.98333,8.04444,6.56667,6.64722,12.1101,17.119,78.2747,94,64,9.08333,66,15.4489,70,16941,18217.3,0,0.333333,40,51,518,512.333,440,False,False,True,True,-0.761767,-1.08398,bad,True
p11,2019-12-23,2019-12-23 09:42:20,False,3,3,3,5,3,2,6,0,False,stages,6.51667,7.13889,7.7,7.11111,12.528,10.4859,66.1171,97,65,7.45,56,17.1355,75,3350,12713.3,0,0,20,37.3333,191,403.667,684,False,False,True,True,0,0,neutral,True
p11,2019-12-25,2019-12-25 09:58:32,False,3,2,2,5,3,3,7,2,False,stages,7.2,6.92222,7.65,7.38611,10,18.287,63.5162,99,61,8,48,21.0648,83,7402,6393.33,0,0,36,22,184,202.333,740,False,False,False,True,-1.57347,-2.23902,bad,True
p11,2019-12-26,2019-12-26 09:31:06,False,3,3,3,5,3,3,7,3,False,stages,7.31667,7.18889,6.84167,7.1,7.38397,12.3007,59.1233,99,60,7.9,35,21.6401,81,3549,6459.67,0,0,12,19.3333,219,211.667,729,False,False,False,True,0,0,neutral,True
p11,2019-12-28,2019-12-28 09:21:32,False,3,3,3,5,3,3,7,5,False,stages,7.25,7.56667,5.53333,5.92222,14.3701,18.3908,62.5741,97,58,8.46667,73,20.9195,77,3790,5412,0,0,0,22.3333,213,201,683,False,False,False,True,0,0,neutral,True
p11,2020-01-02,2020-01-02 07:17:02,False,3,3,3,5,3,3,7,3,False,stages,7.53333,7.50556,4.66667,6.2,9.6,11.5044,68.1851,98,64,8.33333,48,19.6903,75,6572,10865.3,0,0,45,41,243,395.333,703,False,False,False,False,0,0,neutral,True
p11,2020-01-05,2020-01-05 09:15:42,False,3,3,3,6,3,3,8,6,False,stages,8.1,6.37778,6.03333,6.81667,11.6364,17.6955,63.8916,97,67,9.16667,64,18.107,85,15798,20304.7,0,2.66667,14,61.3333,487,534.667,469,False,False,True,False,0,0,neutral,True
p11,2020-01-06,2020-01-06 08:48:01,False,3,3,3,7,3,3,7,0,False,stages,7.13333,6.61111,4.61667,5.73056,9.12951,16.1215,68.4748,98,65,7.85,43,12.3832,80,3500,12139.7,0,2,0,28,226,408.333,664,False,False,True,False,0,0,neutral,True
p11,2020-01-07,2020-01-07 06:19:38,False,3,3,3,6,3,3,6,1,False,stages,6.53333,7.25556,4.9,5.18333,11.7117,13.0102,68.405,97,62,7.4,52,27.551,70,18569,12622.3,15,5,100,38,316,343,553,False,False,False,False,0,0,neutral,True
p11,2020-01-08,2020-01-08 07:01:10,False,3,3,3,6,3,3,6,2,False,stages,6.53333,6.73333,4.975,4.83056,10.2975,18.1122,72.5191,96,63,7.28333,45,10.9694,69,7673,9914,0,5,9,36.3333,251,264.333,736,False,False,False,False,0,0,neutral,True
p11,2020-01-09,2020-01-09 12:39:48,False,3,3,3,7,3,3,7,3,False,stages,7.36667,6.81111,4.675,4.85,11.0664,19.457,68.2926,97,65,8.28333,55,16.9683,78,15611,13951,0,5,42,50.3333,429,332,532,False,False,False,False,0,0,neutral,True
p11,2020-01-10,2020-01-10 11:49:36,False,3,3,3,6,3,4,8,4,False,stages,7.75,7.21667,4.70833,4.78611,6.25,23.6559,71.3383,98,65,8.26667,31,21.5054,81,14725,12669.7,26,8.66667,91,47.3333,258,312.667,594,False,False,False,False,0,0,neutral,True
p11,2020-01-11,2020-01-11 09:29:27,False,3,3,3,5,3,3,7,5,False,stages,7.41667,7.51111,6.98333,5.45556,8.24742,12.809,79.7842,98,65,8.08333,40,10.5618,72,8693,13009.7,0,8.66667,31,54.6667,226,304.333,687,False,False,False,False,0,0,neutral,True
p11,2020-01-12,2020-01-12 22:42:51,False,3,3,3,5,3,4,8,6,False,stages,8.65,7.93889,4.98333,5.55833,9.58188,19.4605,68.7523,97,67,9.56667,55,22.736,85,6316,9911.33,0,8.66667,10,44,292,258.667,653,False,False,True,False,0,0,neutral,True
p11,2020-01-13,2020-01-13 06:28:30,False,3,3,3,6,3,3,6,0,False,stages,6.23333,7.43333,5.1,5.68889,12.6168,4.81283,66.3412,95,65,7.13333,54,15.2406,70,7784,7597.67,2,0.666667,23,21.3333,258,258.667,585,False,False,True,False,0,0,neutral,True
p11,2020-01-14,2020-01-14 07:31:29,False,3,3,3,5,3,3,7,1,False,stages,7.21667,7.36667,4.93333,5.00556,8.84211,24.2494,63.1329,97,64,7.91667,42,15.0115,83,15459,9853,24,8.66667,104,45.6667,236,262,672,False,False,False,False,0,0,neutral,True
p11,2020-01-15,2020-01-15 07:20:13,False,3,3,3,5,3,3,7,2,False,stages,7.15,6.86667,5.33333,5.12222,10.251,24.0093,63.4515,94,63,7.96667,49,17.4825,81,11648,11630.3,0,8.66667,47,58,215,236.333,703,False,False,False,False,0,0,neutral,True
p11,2020-01-16,2020-01-16 06:51:03,False,3,3,3,7,3,3,7,3,False,stages,6.75,7.03889,4.79167,5.01944,11.1842,15.3086,79.2782,93,62,7.6,51,13.5802,68,8299,11802,0,8,59,70,186,212.333,717,False,False,False,False,0,0,neutral,True
p11,2020-01-17,2020-01-17 11:26:16,False,3,3,3,7,3,3,7,4,False,stages,7.2,7.03333,5.15833,5.09444,9.81211,25.6944,68.425,99,63,7.98333,47,20.8333,78,12397,10781.3,13,4.33333,69,58.3333,243,214.667,672,False,False,False,False,0,0,neutral,True
p11,2020-01-18,2020-01-18 08:37:01,False,3,3,3,5,3,3,7,5,False,stages,7.61667,7.18889,5.83333,5.26111,10.0394,23.8512,70.7992,94,64,8.46667,51,22.7571,78,25173,15289.7,27,13.3333,81,69.6667,534,321,346,False,False,False,False,0,0,neutral,True
p11,2020-01-19,2020-01-19 09:02:57,False,3,3,3,6,2,4,9,6,False,stages,8.98333,7.93333,5,5.33056,10.3161,24.8609,65.288,97,65,10.0167,62,19.8516,86,17569,18379.7,0,13.3333,29,59.6667,497,424.667,406,False,False,True,False,0,0,neutral,True
p11,2020-01-20,2020-01-20 06:50:29,False,3,2,3,6,3,2,6,0,False,stages,6.31667,7.63889,5,5.27778,9.54654,17.1504,68.5007,95,64,6.98333,40,11.6095,75,9128,17290,0,9,31,47,218,416.333,590,False,False,True,False,-0.761767,-1.08398,bad,True
p11,2020-01-21,2020-01-21 06:48:17,False,3,3,3,7,3,4,7,1,False,stages,7.4,7.56667,4.73333,4.91111,7.88382,17.5676,71.2601,96,62,8.03333,38,21.8468,75,10607,12434.7,17,5.66667,101,53.6667,268,327.667,652,False,False,False,False,0,0,neutral,True
p11,2020-01-22,2020-01-22 08:05:48,False,3,3,3,5,2,3,8,2,False,stages,7.91667,7.21111,4.80833,4.84722,10.0379,26.5263,71.2247,96,63,8.8,53,26.5263,78,11421,10385.3,50,22.3333,85,72.3333,214,233.333,659,False,False,False,False,0,0,neutral,True
p11,2020-01-23,2020-01-23 09:39:02,False,3,3,3,4,2,3,8,3,False,stages,8.25,7.85556,4.59167,4.71111,9.34066,21.2121,71.3162,97,64,9.1,51,19.596,80,9089,10372.3,1,22.6667,33,73,196,226,683,False,False,False,False,0,0,neutral,True
p11,2020-01-24,2020-01-24 06:24:56,False,3,3,3,4,3,3,6,4,False,stages,5.81667,7.32778,6.05,5.15,7.42706,18.6246,72.9383,98,65,6.28333,28,16.0458,69,16862,12457.3,6,19,59,59,492,300.667,343,False,False,False,False,0,0,neutral,True
p11,2020-01-25,2020-01-25 09:05:28,False,3,2,3,6,3,2,6,5,False,stages,6.68333,6.91667,7.06667,5.90278,9.48081,19.7007,70.1792,92,66,7.38333,42,15.7107,74,11262,12404.3,3,3.33333,19,37,306,331.333,738,False,False,False,False,-0.761767,-1.08398,bad,True
p11,2020-01-26,2020-01-26 13:40:48,False,3,3,3,6,3,3,7,6,False,stages,7.35,6.61667,6.46667,6.52778,11.976,20.1814,72.9081,96,66,8.35,60,17.4603,74,9743,12622.3,4,4.33333,359,145.667,149,315.667,489,False,False,True,False,0,0,neutral,True
p11,2020-01-27,2020-01-27 06:23:43,False,3,2,3,5,3,4,6,0,False,stages,6.58333,6.87222,4.825,6.11944,12.6106,13.4177,71.1647,98,66,7.53333,57,21.0127,68,17863,12956,3,3.33333,161,179.667,226,227,552,False,False,True,False,-0.761767,-1.08398,bad,True
p11,2020-01-28,2020-01-28 08:47:08,False,3,3,3,4,2,3,8,1,False,stages,8.23333,7.38889,4.46667,5.25278,9.85401,18.0162,66.9358,96,67,9.13333,54,16.3968,84,7847,11817.7,0,2.33333,21,180.333,248,207.667,719,False,False,False,False,0,0,neutral,True
p11,2020-01-29,2020-01-29 09:55:07,False,3,3,3,5,3,3,7,2,False,stages,7.11667,7.31111,5.05,4.78056,12.3203,14.5199,67.2683,97,65,8.11667,60,26.6979,78,7334,11014.7,0,1,24,68.6667,204,226,664,False,False,False,False,0,0,neutral,True
p11,2020-01-30,2020-01-30 07:28:40,False,3,3,3,6,3,3,7,3,False,stages,7.08333,7.47778,5.1,4.87222,11.4583,15.0588,65.9447,96,64,8,55,25.6471,79,10488,8556.33,3,1,51,32,236,229.333,666,False,False,False,False,0,0,neutral,True
p11,2020-01-31,2020-01-31 07:28:36,False,3,2,3,4,3,2,6,4,False,stages,6.18333,6.79444,6.05833,5.40278,15.103,9.97305,68.3069,97,63,7.28333,66,17.5202,66,21837,13219.7,3,2,94,56.3333,489,309.667,377,False,False,False,False,-0.761767,-1.08398,bad,True
p11,2020-02-01,2020-02-01 12:09:24,False,3,3,3,5,3,3,8,5,False,stages,8.5,7.25556,6.19167,5.78333,6.07735,21.3725,65.0383,98,63,9.05,33,18.0392,86,17140,16488.3,2,2.66667,29,58,482,402.333,492,False,False,False,False,0,0,neutral,True
p11,2020-02-03,2020-02-03 05:27:52,False,3,3,3,5,3,2,6,0,False,stages,5.68333,7,4.58333,6.09444,10.0264,20.2346,70.1595,96,62,6.31667,38,19.9413,72,11730,15068.7,3,1.66667,76,39.6667,206,397.333,702,False,False,True,False,0,0,neutral,True
p11,2020-02-04,2020-02-04 08:02:42,False,3,3,3,6,3,4,9,1,False,stages,9,7.16667,3.83333,5.30833,10.8911,13.5185,64.0556,97,63,10.1,66,13.8889,81,8515,12193.7,0,1,0,30,342,350.667,719,False,False,False,False,0,0,neutral,True
p11,2020-02-05,2020-02-05 10:44:52,False,3,3,3,5,2,4,7,2,False,stages,7.03333,7.23889,5.48333,4.63333,11.7155,18.4834,67.7606,99,62,7.96667,56,23.4597,78,13513,11252.7,30,11,83,53,234,260.667,517,False,False,False,False,0,0,neutral,True
p11,2020-02-06,2020-02-06 07:37:59,False,3,3,3,5,2,3,7,3,False,stages,7.33333,7.78889,4.375,4.56389,14.3969,10.2273,62.93,98,62,8.56667,74,17.9545,73,7215,9747.67,0,10,26,36.3333,221,265.667,715,False,False,False,False,0,0,neutral,True
p11,2020-02-07,2020-02-07 09:43:11,False,3,3,3,5,3,3,8,4,False,stages,7.91667,7.42778,5.85833,5.23889,9.00383,15.3684,68.9991,95,61,8.7,47,18.3158,77,16921,12549.7,0,10,36,48.3333,490,315,400,False,False,False,False,0,0,neutral,True
p11,2020-02-08,2020-02-08 10:13:19,False,3,3,3,8,3,3,6,5,False,stages,6.53333,7.26111,6.04167,5.425,10.7062,18.8776,65.4351,96,62,7.31667,47,24.2347,76,8743,10959.7,0,0,13,25,262,324.333,643,False,False,False,False,0,0,neutral,True
p11,2020-02-09,2020-02-09 12:01:20,False,3,3,3,3,3,2,6,6,False,stages,6.43333,6.96111,9.975,7.29167,10.2326,13.4715,80.8293,91,62,7.16667,44,25.3886,69,13756,13140,53,17.6667,192,80.3333,252,334.667,557,False,False,True,False,0,0,neutral,True
p11,2020-02-10,2020-02-10 08:09:33,False,3,3,3,7,3,3,7,0,False,stages,7.03333,6.66667,5.85,7.28889,12.8099,16.3507,66.7776,95,64,8.06667,62,17.7725,75,6699,9732.67,1,18,60,88.3333,186,233.333,764,False,False,True,False,0,0,neutral,True
p11,2020-02-11,2020-02-11 08:41:49,False,3,3,3,5,2,3,6,1,False,stages,6.26667,6.57778,7.08333,7.63611,9.17874,15.9574,66.6759,95,63,6.9,38,20.2128,72,20762,13739,56,36.6667,118,123.333,505,314.333,333,False,False,False,False,0,0,neutral,True
p11,2020-02-12,2020-02-12 10:05:30,False,3,2,3,6,3,3,6,2,False,stages,6,6.43333,6.06667,6.33333,9.3199,15.8333,65.5957,96,63,6.61667,37,15.8333,73,7358,11606.3,0,19,0,59.3333,282,324.333,744,False,False,False,False,-0.761767,-1.08398,bad,True
p11,2020-02-13,2020-02-13 07:36:04,False,3,3,3,7,3,3,7,3,False,stages,7.35,6.53889,5.14167,6.09722,12.8458,13.8322,63.328,98,62,8.43333,65,17.2336,76,11139,13086.3,0,18.6667,100,72.6667,241,342.667,702,False,False,False,False,0,0,neutral,True
p11,2020-02-14,2020-02-14 07:08:10,False,3,3,3,5,2,3,6,4,False,stages,6.03333,6.46111,5.45,5.55278,10.1737,17.6796,65.868,98,61,6.71667,41,14.9171,73,10801,9766,33,11,103,67.6667,204,242.333,627,False,False,False,False,0,0,neutral,True
p11,2020-02-15,2020-02-15 07:56:25,False,3,3,3,5,2,3,7,5,False,stages,7.56667,6.98333,5.65,5.41389,8.28283,22.0264,72.9214,97,62,8.25,41,22.9075,82,8941,10293.7,0,11,11,71.3333,228,224.333,798,False,False,False,False,0,0,neutral,True
p11,2020-02-17,2020-02-17 09:11:13,False,3,3,3,8,3,2,7,0,False,stages,7.61667,7.98333,4.45833,4.98889,13.1179,6.56455,65.3549,96,64,8.76667,69,17.7243,79,6023,11118.3,0,0.333333,29,24.6667,208,307.667,628,False,False,True,False,0,0,neutral,True
p11,2020-02-18,2020-02-18 07:08:59,False,3,3,3,6,3,3,8,1,False,stages,7.96667,8.11667,4.125,4.48056,8.95238,26.1506,67.3073,97,62,8.75,47,23.6402,84,10987,11800.3,48,16.3333,105,56,248,314.333,561,False,False,False,False,0,0,neutral,True
p11,2020-02-19,2020-02-19 07:01:09,False,3,3,3,5,3,3,7,2,False,stages,7.46667,7.68333,4.50833,4.36389,9.31174,20.0893,66.2339,98,62,8.23333,46,23.2143,79,6469,7826.33,0,16,48,60.6667,150,202,717,False,False,False,False,0,0,neutral,True
p11,2020-02-20,2020-02-20 10:19:18,False,3,2,3,8,3,3,6,3,False,stages,6.25,7.22778,6.15833,4.93056,8.31296,21.6,68.6092,97,62,6.81667,34,9.33333,73,17656,11704,0,16,33,62,526,308,387,False,False,False,False,-0.761767,-1.08398,bad,True
p11,2020-02-21,2020-02-21 07:48:57,False,3,3,3,6,3,3,6,4,False,stages,6.15,6.62222,5.90833,5.525,14.7806,7.31707,64.3148,94,63,7.21667,64,16.5312,70,13176,12433.7,48,16,86,55.6667,279,318.333,666,False,False,False,False,0,0,neutral,True
p11,2020-02-22,2020-02-22 09:04:40,False,3,2,3,5,2,2,7,5,False,stages,6.96667,6.45556,6.86667,6.31111,12,24.1627,65.6922,96,62,7.91667,57,13.6364,80,14867,15233,36,28,75,64.6667,210,338.333,,False,False,False,False,-0.761767,-1.08398,bad,True
p11,2020-02-23,2020-02-23 09:39:38,False,3,3,3,7,3,3,8,6,False,stages,8.03333,7.05,5.34167,6.03889,10.4089,28.0083,69.9073,94,62,8.96667,56,20.332,81,6757,11600,0,28,9,56.6667,214,234.333,742,False,False,True,False,0,0,neutral,True
p11,2020-02-24,2020-02-24 08:17:08,False,3,3,3,7,2,3,7,0,False,stages,6.93333,7.31111,4.875,5.69444,11.1111,12.0192,64.9753,96,63,7.8,52,14.6635,76,9635,10419.7,41,25.6667,107,63.6667,216,213.333,579,False,False,True,False,0,0,neutral,True
p11,2020-02-25,2020-02-25 06:59:32,False,3,3,3,3,1,3,7,1,False,stages,7.28333,7.41667,4.56667,4.92778,13.1213,11.4416,67.4894,95,63,8.38333,66,15.5606,73,12761,9717.67,21,20.6667,67,61,276,235.333,629,False,False,False,False,0,0,neutral,True
p11,2020-02-26,2020-02-26 07:20:57,False,3,3,3,5,2,4,6,2,False,stages,6.58333,6.93333,5.325,4.92222,13.9434,26.3291,66.7854,99,63,7.65,64,23.7975,80,8753,10383,0,20.6667,28,67.3333,221,237.667,688,False,False,False,False,0,0,neutral,True
p11,2020-02-27,2020-02-27 09:53:07,False,3,3,1,4,3,4,8,3,False,stages,8.06667,7.31111,4.54167,4.81111,9.53271,17.9752,63.9528,97,63,8.91667,51,17.9752,84,6878,9464,0,7,0,31.6667,289,262,692,False,False,False,False,-1.62342,-2.31009,bad,True
p11,2020-02-28,2020-02-28 10:07:29,False,3,2,3,4,3,3,8,4,False,stages,8.65,7.76667,6.39167,5.41944,10.9777,17.7264,68.0068,96,61,9.71667,64,13.2948,77,20511,12047.3,9,3,74,34,552,354,279,False,False,False,False,-0.761767,-1.08398,bad,True
p11,2020-03-02,2020-03-02 06:37:50,False,3,3,3,6,2,3,7,0,False,stages,7.01667,7.47222,4.625,5.40833,9.07127,13.7767,68.9844,96,61,7.71667,42,18.0523,72,15979,13342.3,45,15,153,59.6667,249,315.667,583,False,False,True,False,0,0,neutral,True
p11,2020-03-03,2020-03-03 09:39:04,False,3,3,3,8,2,4,8,1,False,stages,8,7.26667,4.61667,5.16111,9.43396,23.125,66.3346,96,64,8.83333,50,16.25,85,7996,15451.7,0,15,10,63,276,365.333,691,False,False,False,False,0,0,neutral,True
p11,2020-03-04,2020-03-04 07:05:55,False,3,2,3,5,3,3,6,2,False,stages,6.31667,7.11111,5.7,4.98056,14.2534,7.38786,78.0276,95,63,7.36667,63,14.5119,66,7515,10496.7,1,15.3333,20,61,186,237,704,False,False,False,False,-0.761767,-1.08398,bad,True
p11,2020-03-05,2020-03-05 09:11:46,False,3,2,3,4,3,2,7,3,False,stages,6.81667,7.04444,5.38333,5.23333,12.043,17.1149,69.6767,98,65,7.75,56,19.5599,75,10831,8780.67,1,0.666667,83,37.6667,233,231.667,682,False,False,False,False,-0.761767,-1.08398,bad,True
p11,2020-03-06,2020-03-06 11:14:23,False,3,2,3,3,3,3,7,4,False,stages,7.16667,6.76667,6.03333,5.70556,9.66387,13.2558,73.1119,95,66,7.93333,46,18.8372,73,15097,11147.7,0,0.666667,60,54.3333,415,278,500,False,False,False,False,-0.761767,-1.08398,bad,True
p11,2020-03-07,2020-03-07 10:04:03,False,3,2,3,1,3,2,8,5,False,stages,7.96667,7.31667,5.475,5.63056,11.6451,18.2008,70.0793,94,67,9.01667,63,18.41,78,5706,10544.7,1,0.666667,0,47.6667,199,282.333,686,False,False,False,False,-0.761767,-1.08398,bad,True
p11,2020-03-08,2020-03-08 08:16:28,False,2,2,3,2,3,3,6,6,False,stages,6.1,7.07778,7.21667,6.24167,9.62963,13.9344,70.6335,99,68,6.75,39,21.0383,73,9353,10052,0,0.333333,20,26.6667,325,313,554,False,False,True,False,-2.31992,-3.30119,bad,True
p11,2020-03-09,2020-03-09 06:25:36,False,3,3,3,3,3,3,7,0,False,stages,6.75,6.93889,4.59167,5.76111,11.9565,8.64198,64.0521,96,67,7.66667,55,18.5185,77,2153,5737.33,0,0.333333,0,6.66667,167,230.333,868,False,False,True,False,0,0,neutral,True
p11,2020-03-10,2020-03-10 08:18:56,False,3,3,2,3,3,4,7,1,False,stages,7.56667,6.80556,4.225,5.34444,9.92063,24.2291,65.4176,95,65,8.4,50,17.1806,86,4904,5470,1,0.333333,0,6.66667,159,217,821,False,False,False,False,-0.811708,-1.15504,bad,True
p11,2020-03-11,2020-03-11 08:04:57,False,3,3,3,5,3,3,7,2,False,stages,6.75,7.02222,5.09167,4.63611,14.7368,12.8395,63.5901,97,64,7.91667,70,16.2963,76,6880,4645.67,3,1.33333,32,10.6667,210,178.667,694,False,False,False,False,0,0,neutral,True
p11,2020-03-12,2020-03-12 11:53:29,False,3,3,3,3,3,3,7,3,False,stages,6.71667,7.01111,5.45833,4.925,10.245,22.0844,71.0602,98,63,7.48333,46,19.603,76,16385,9389.67,0,1.33333,106,46,248,205.667,611,False,True,False,False,0,0,neutral,False
p11,2020-03-13,2020-03-13 11:42:38,False,3,3,3,3,3,4,7,4,False,stages,7.53333,7,6.375,5.64167,9.6,27.4336,72.5686,99,65,8.33333,48,21.4602,83,21313,14859.3,3,2,75,71,522,326.667,394,False,True,False,False,0,0,neutral,False
p14,2019-11-17,2019-11-17 19:42:20,False,4,2,3,5,2,4,10,6,False,stages,8.1,8.13333,2.49167,1.86389,13.8298,13.9918,63.811,91,66,9.4,78,20.5761,83,6010,10449,4,15.3333,23,59.3333,173,180,373,False,False,True,False,0.254272,0.33961,neutral,True
p14,2019-11-18,2019-11-18 19:25:20,False,3,3,3,6,2,3,10,0,False,stages,6.6,8.15,3.80833,2.56944,17.3278,11.8687,60.85,97,64,7.98333,83,20.9596,73,8845,10489,0,15,48,61.6667,168,191.667,660,False,False,True,False,0,0,neutral,True
p14,2019-11-19,2019-11-19 09:05:41,False,3,3,3,7,3,2,7,1,False,stages,6.45,7.05,2.375,2.89167,18.0085,15.5039,64.4014,94,62,7.86667,85,10.0775,64,10527,8460.67,1,1.66667,76,49,139,160,682,False,False,False,False,0,0,neutral,True
p14,2019-11-21,2019-11-21 08:24:51,False,3,2,3,4,2,2,8,3,False,stages,8.63333,7.75,1.39167,1.54722,18.2965,20.4633,62.4266,89,62,10.5667,116,8.88031,77,9928,12375.7,0,15.6667,61,96.3333,142,155,549,False,False,False,False,-0.521402,-0.696393,bad,True
p14,2019-11-22,2019-11-22 05:04:09,False,3,2,2,6,2,3,8,4,False,stages,7.56667,8.12222,1.98333,1.41667,17.3042,25.1101,63.426,96,61,9.15,95,24.8899,75,6067,10889,0,15.3333,35,82.6667,101,142.333,670,False,False,False,False,-1.16734,-1.55912,bad,True
p14,2019-11-23,2019-11-23 08:26:34,False,3,3,2,6,3,2,7,5,False,stages,6.91667,7.70556,2.08333,1.81944,19.7292,31.5663,66.347,92,61,8.61667,102,23.1325,71,1146,5713.67,0,0,0,32,65,102.667,,False,False,False,False,-0.645937,-0.862725,bad,True
p14,2019-11-24,2019-11-24 09:28:58,False,3,3,2,6,3,2,9,6,False,stages,9.95,8.14444,0.291667,1.45278,15.4391,22.4456,61.5874,91,62,11.7667,109,15.7454,82,17345,8186,2,0.666667,107,47.3333,175,113.667,573,False,False,True,False,-0.645937,-0.862725,bad,True
p14,2019-11-25,2019-11-25 08:56:44,False,4,3,3,7,4,3,7,0,False,stages,5.83333,7.56667,7.55,3.30833,18.2243,10.8571,62.1292,95,62,7.13333,78,20.2857,68,23292,13927.7,2,1.33333,166,91,192,144,376,False,False,True,False,0.775674,1.036,good,True
p14,2019-11-26,2019-11-26 09:00:40,False,3,3,3,7,4,4,9,1,False,stages,9.23333,8.33889,2.65,3.49722,15.6773,10.4693,61.6195,95,61,10.95,103,19.1336,79,5977,15538,2,2,58,110.333,78,148.333,,False,False,False,False,0,0,neutral,True
p14,2019-11-27,2019-11-27 09:46:28,False,4,3,3,6,2,4,8,2,False,stages,6.43333,7.16667,4.35,4.85,16.6307,19.6891,66.1804,95,62,7.71667,77,15.0259,68,9814,13027.7,1,1.66667,93,105.667,133,134.333,557,False,False,False,False,0.775674,1.036,good,True
p14,2019-11-28,2019-11-28 05:29:56,False,4,4,3,8,3,4,7,3,False,stages,6.55,7.40556,3.48333,3.49444,14.9351,18.8295,63.5553,98,63,7.7,69,19.3384,77,10753,8848,8,3.66667,75,75.3333,128,113,774,False,False,False,False,1.29708,1.7324,good,True
p14,2019-11-29,2019-11-29 07:19:47,False,4,4,2,8,4,3,8,4,False,stages,8.15,7.04444,2.76667,3.53333,16.4103,22.0859,62.7261,94,63,9.75,96,16.1554,84,11064,10543.7,8,5.66667,55,74.3333,164,141.667,759,False,False,False,False,0.651139,0.869673,good,True
p14,2019-11-30,2019-11-30 11:36:56,False,4,3,3,8,4,2,8,5,False,,,7.35,,3.125,,,,,,,,,,,10908.5,,8,,65,,146,,True,False,False,False,0.775674,1.036,good,False
p14,2019-12-01,2019-12-01 11:05:16,False,3,3,3,8,4,4,8,6,False,,,,,,,,,,,,,,,,,,,,,,,,True,False,True,False,0,0,neutral,False
p14,2019-12-02,2019-12-02 09:04:36,False,2,2,2,7,4,2,4,0,False,,,,,,,,,,,,,,,,,,,,,,,,True,False,True,False,-1.94301,-2.59512,bad,False
p14,2019-12-03,2019-12-03 08:24:57,False,3,3,2,7,2,2,6,1,False,stages,6.01667,,2.73333,,18.5102,11.0803,73.9551,80,64,7.38333,82,18.2825,57,16616,,29,,163,,172,,,False,False,False,False,-0.645937,-0.862725,bad,True
p14,2019-12-04,2019-12-04 09:00:17,False,3,3,2,7,2,3,7,2,False,stages,6.13333,6.075,3.99167,3.3625,25.8065,16.8478,71.038,82,66,8.26667,128,23.913,51,10993,13804.5,0,14.5,68,115.5,165,168.5,764,False,False,False,False,-0.645937,-0.862725,bad,True
p14,2019-12-05,2019-12-05 09:02:34,False,3,3,2,7,2,2,6,3,False,stages,6.86667,6.33889,4.625,3.78333,22.7017,19.6602,74.8699,83,67,8.88333,121,17.9612,58,11020,12876.3,1,10,42,91,223,186.667,679,False,False,False,False,-0.645937,-0.862725,bad,True
p14,2019-12-06,2019-12-06 05:38:54,False,3,3,2,8,4,4,8,4,False,stages,7.33333,6.77778,2.66667,3.76111,12.5249,38.6364,69.7878,94,69,8.38333,63,22.2727,78,7162,9725,0,0.333333,34,48,164,184,709,False,False,False,False,-0.645937,-0.862725,bad,True
p14,2019-12-07,2019-12-07 09:08:01,False,4,2,3,7,3,4,10,5,False,stages,9.38333,7.86111,3.03333,3.44167,21.1485,25.3996,68.4315,89,67,11.9,151,22.913,81,13555,10579,0,0.333333,56,44,231,206,650,False,False,False,False,0.254272,0.33961,neutral,True
p14,2019-12-08,2019-12-08 09:10:30,False,4,4,3,8,4,4,8,6,False,stages,6.26667,7.66111,5.78333,3.82778,13.5632,22.6064,66.0644,93,67,7.25,59,17.8191,79,12952,11223,2,0.666667,85,58.3333,186,193.667,455,False,False,True,False,1.29708,1.7324,good,True
p14,2019-12-09,2019-12-09 09:01:01,False,4,4,3,8,4,4,8,0,False,stages,8.1,7.91667,3.35,4.05556,19.9341,10.0823,69.0902,93,66,10.1167,121,10.4938,75,,13253.5,,1,,70.5,,208.5,,True,False,True,False,1.29708,1.7324,good,False
p14,2019-12-10,2019-12-10 09:00:59,False,3,3,3,8,3,4,8,1,False,stages,6,6.78889,3.475,4.20278,17.9954,7.5,67.5399,91,66,7.31667,79,13.8889,61,9042,10997,27,14.5,111,98,162,174,560,False,False,False,False,0,0,neutral,True
p14,2019-12-11,2019-12-11 09:02:14,False,4,3,3,7,3,4,8,2,False,stages,6.8,6.96667,4.95,3.925,18.5629,18.1373,70.3026,87,67,8.35,93,8.08824,67,17335,13188.5,38,32.5,144,127.5,163,162.5,,False,False,False,False,0.775674,1.036,good,True
p14,2019-12-12,2019-12-12 09:05:22,False,4,2,3,7,2,4,8,3,False,stages,9.28333,7.36111,3.40833,3.94444,19.3922,18.851,64.7806,91,68,11.5167,134,16.5171,80,10756,12377.7,0,21.6667,61,105.333,145,156.667,733,False,False,False,False,0.254272,0.33961,neutral,True
p14,2019-12-13,2019-12-13 07:59:26,False,4,4,3,8,4,4,8,4,False,stages,6.88333,7.65556,2.98333,3.78056,19.3359,5.56901,63.2424,95,66,8.53333,99,12.5908,67,9290,12460.3,0,12.6667,59,88,112,140,578,False,False,False,False,1.29708,1.7324,good,True
p14,2019-12-14,2019-12-14 10:01:34,False,4,4,3,8,2,4,7,5,False,stages,3.33333,6.5,5.86667,4.08611,9.09091,29.5,64.251,95,65,3.66667,20,9,73,17971,12672.3,21,7,167,95.6667,173,143.333,588,False,False,False,False,1.29708,1.7324,good,True
p14,2019-12-15,2019-12-15 08:13:23,False,4,2,2,6,2,4,9,6,False,,,5.10833,,4.425,,,,,,,,,,,13630.5,,10.5,,113,,142.5,,True,False,True,False,-0.391665,-0.523114,bad,False
p14,2019-12-16,2019-12-16 08:26:34,False,4,2,3,7,2,3,5,0,False,stages,3.85,3.59167,7.425,6.64583,16.6065,22.9437,63.5404,95,65,4.61667,46,24.6753,64,,,,,,,,,,True,False,True,False,0.254272,0.33961,neutral,False
p14,2019-12-17,2019-12-17 09:01:20,False,4,3,3,7,3,4,8,1,False,stages,5.63333,4.74167,3.3,5.3625,18.1598,22.4852,66.646,85,65,6.88333,75,14.2012,68,9089,,3,,46,,148,,969,False,False,False,False,0.775674,1.036,good,True
p14,2019-12-18,2019-12-18 07:11:15,False,3,2,3,7,2,4,8,2,False,stages,7.5,5.66111,3.85,4.85833,14.1221,20.4444,68.7471,94,64,8.73333,74,10.4444,78,9971,9530,0,1.5,45,45.5,175,161.5,807,False,False,False,False,-0.521402,-0.696393,bad,True
p14,2019-12-19,2019-12-19 09:03:02,False,3,2,3,5,2,4,8,3,False,stages,10.8333,7.98889,1.375,2.84167,14.9215,9.23077,87.1902,85,66,12.7333,114,11.3846,69,9373,9477.67,0,1,64,51.6667,128,150.333,724,False,False,False,False,-0.521402,-0.696393,bad,True
p14,2019-12-20,2019-12-20 06:36:02,False,3,2,3,6,2,2,10,4,False,stages,8.95,9.09444,0.291667,1.83889,18.5129,4.46927,77.4948,84,67,10.9833,122,9.68343,67,4747,8030.33,4,1.33333,25,44.6667,116,139.667,471,False,False,False,False,-0.521402,-0.696393,bad,True
p14,2019-12-21,2019-12-21 11:27:22,False,3,3,3,5,3,3,7,5,False,stages,7.85,9.21111,2.65,1.43889,15.2878,23.5669,69.391,89,70,9.26667,85,15.7113,78,16968,10362.7,4,2.66667,112,67,202,148.667,467,False,False,False,True,0,0,neutral,True
p14,2019-12-22,2019-12-22 09:34:20,False,4,3,3,6,3,3,8,6,False,stages,8.78333,8.52778,3.19167,2.04444,16.6139,14.611,69.0877,94,68,10.5333,105,12.1442,79,15757,12490.7,0,2.66667,100,79,187,168.333,597,False,False,True,True,0.775674,1.036,good,True
p14,2019-12-23,2019-12-23 09:00:20,False,3,3,3,7,3,3,8,0,False,stages,8.18333,8.27222,4.29167,3.37778,14.3106,15.8859,70.1599,88,67,9.55,82,10.5906,76,14911,15878.7,0,1.33333,110,107.333,146,178.333,,False,False,True,True,0,0,neutral,True
p14,2019-12-24,2019-12-24 09:19:50,False,3,3,3,7,3,3,8,1,False,stages,7.71667,8.22778,4.08333,3.85556,20.8547,19.2225,64.8542,87,68,9.75,122,7.12743,72,6797,12488.3,0,0,9,73,234,189,624,False,False,False,True,0,0,neutral,True
p14,2019-12-25,2019-12-25 09:11:05,False,3,3,3,6,3,3,8,2,False,stages,8.26667,8.05556,4.35,4.24167,15.5026,16.5323,70.3561,88,66,9.78333,91,6.65323,75,5368,9025.33,0,0,0,39.6667,185,188.333,670,False,False,False,True,0,0,neutral,True
p14,2019-12-26,2019-12-26 09:11:26,False,3,3,3,6,3,3,8,3,False,stages,7.61667,7.86667,4.25833,4.23056,22.5424,15.0985,68.0689,85,66,9.83333,133,14.0044,67,14140,8768.33,0,0,101,36.6667,180,199.667,572,False,False,False,True,0,0,neutral,True
p14,2019-12-27,2019-12-27 09:07:26,False,3,4,3,7,4,4,8,4,False,stages,6.9,7.59444,5.41667,4.675,20.0772,11.5942,70.66,91,66,8.63333,104,14.2512,62,10475,9994.33,0,0,40,47,261,208.667,549,False,False,False,True,0.521402,0.696393,good,True
p14,2019-12-28,2019-12-28 09:01:42,False,3,2,3,7,4,2,7,5,False,stages,6.95,7.15556,3.55,4.40833,25.2688,16.307,69.5188,94,68,9.3,141,18.2254,61,12293,12302.7,25,8.33333,73,71.3333,150,197,699,False,False,False,True,-0.521402,-0.696393,bad,True
p14,2019-12-29,2019-12-29 10:45:36,False,4,4,4,7,4,3,7,6,False,,,6.925,,4.48333,,,,,,,,,,9953,10907,0,8.33333,36,49.6667,179,196.667,,False,False,True,True,1.94301,2.59512,good,False
p14,2019-12-30,2019-12-30 09:01:28,False,4,4,4,7,4,4,7,0,False,stages,6.33333,6.64167,6.4,4.975,10.5882,16.5789,76.5385,98,68,7.08333,45,13.6842,70,8352,10199.3,8,11,28,45.6667,165,164.667,1247,False,False,True,True,1.94301,2.59512,good,True
p14,2019-12-31,2019-12-31 10:44:07,False,4,4,4,7,4,4,8,1,False,stages,6.41667,6.375,7.65833,7.02917,12.8959,20,74.8806,99,70,7.36667,57,16.8831,72,9495,9266.67,0,2.66667,58,40.6667,199,181,758,False,False,False,True,1.94301,2.59512,good,True
p14,2020-01-02,2020-01-02 07:38:45,False,4,4,4,8,5,4,7,3,False,stages,5.33333,5.56667,6.66667,8.25833,11.6022,20.9375,74.2076,98,75,6.03333,42,27.8125,76,7276,8404,1,0.333333,22,47,225,207.333,847,False,False,False,False,1.94301,2.59512,good,True
p14,2020-01-06,2020-01-06 10:22:57,False,3,4,3,8,4,4,8,0,False,stages,8.05,8.575,4.13333,3.525,16.7241,15.3209,67.1462,93,72,9.66667,97,13.4576,82,,,,,,,,,,True,False,True,False,0.521402,0.696393,good,False
p14,2020-01-07,2020-01-07 09:09:07,False,3,3,3,7,2,4,8,1,False,stages,7.9,7.975,3.75,3.94167,19.3878,14.135,70.6739,89,70,9.8,114,14.7679,71,15513,,23,,130,,150,,580,False,False,False,False,0,0,neutral,True
p14,2020-01-08,2020-01-08 09:00:53,False,3,3,3,7,2,4,9,2,False,stages,9.4,8.45,2.93333,3.60556,21.0084,6.56028,69.2462,87,69,11.9,150,9.39716,73,11182,13347.5,5,14,63,96.5,149,149.5,640,False,False,False,False,0,0,neutral,True
p14,2020-01-09,2020-01-09 09:23:00,False,3,2,3,7,2,3,7,3,False,stages,5.86667,7.72222,7.68333,4.78889,18.894,5.39773,65.8525,97,69,7.23333,82,14.4886,70,16395,14363.3,27,18.3333,85,92.6667,161,153.333,480,False,False,False,False,-0.521402,-0.696393,bad,True
p14,2020-01-10,2020-01-10 09:04:48,False,3,3,3,7,3,4,8,4,False,stages,9.38333,8.21667,2.76667,4.46111,23.1924,16.8739,68.3784,88,68,12.2167,170,19.7158,75,18755,15444,4,12,132,93.3333,166,158.667,708,False,False,False,False,0,0,neutral,True
p14,2020-01-11,2020-01-11 09:30:06,False,3,3,3,7,3,3,9,5,False,stages,7.75,7.66667,5.26667,5.23889,17.5532,15.6989,63.6932,92,68,9.4,99,17.4194,76,11099,15416.3,26,19,79,98.6667,132,153,496,False,False,False,False,0,0,neutral,True
p14,2020-01-12,2020-01-12 09:02:29,False,3,3,3,7,3,3,8,6,False,stages,8.08333,8.40556,6.34167,4.79167,11.3346,18.1443,62.905,97,66,9.11667,62,14.6392,86,17918,15924,54,28,107,106,167,155,602,False,False,True,False,0,0,neutral,True
p14,2020-01-13,2020-01-13 09:06:06,False,3,3,3,7,3,5,6,0,False,stages,5.53333,7.12222,5.56667,5.725,13.089,4.81928,60.9527,94,66,6.36667,50,8.73494,71,,14508.5,,40,,93,,149.5,,True,False,True,False,0,0,neutral,False
p14,2020-01-14,2020-01-14 09:00:57,False,3,3,3,7,2,3,9,1,False,stages,8.05,7.22222,4.10833,5.33889,22.9665,16.3561,63.7308,86,63,10.45,144,12.6294,74,9647,13782.5,0,27,47,77,180,173.5,831,False,False,False,False,0,0,neutral,True
p14,2020-01-15,2020-01-15 08:49:09,False,3,3,3,7,3,3,9,2,False,stages,7.9,7.16111,4.08333,4.58611,21.7822,8.64979,64.9675,92,64,10.1,132,12.6582,67,18400,14023.5,57,28.5,149,98,169,174.5,495,False,False,False,False,0,0,neutral,True
p14,2020-01-16,2020-01-16 09:10:00,False,3,3,3,7,2,4,7,3,False,stages,6.01667,7.32222,3.70833,3.96667,17.5799,21.0526,64.2333,92,65,7.3,77,12.4654,68,17044,15030.3,28,28.3333,111,102.333,155,168,568,False,False,False,False,0,0,neutral,True
p14,2020-01-17,2020-01-17 08:31:28,False,4,3,3,7,3,4,9,4,False,stages,7.75,7.22222,3.95833,3.91667,20.1031,13.7634,67.1823,96,66,9.7,117,20,68,25773,20405.7,34,39.6667,180,146.667,197,173.667,625,False,False,False,False,0.775674,1.036,good,True
p14,2020-01-18,2020-01-18 08:49:07,False,4,3,3,7,2,4,9,5,False,stages,8.7,7.48889,4.56667,4.07778,17.0111,19.1571,64.2727,90,66,10.4833,107,17.0498,82,14873,19230,11,24.3333,96,129,208,186.667,554,False,False,False,False,0.775674,1.036,good,True
p14,2020-01-19,2020-01-19 09:05:14,False,3,2,3,6,2,4,11,6,False,,,8.225,,4.2625,,,,,,,,,,25060,21902,63,36,195,157,96,167,520,False,False,True,False,-0.521402,-0.696393,bad,False
p14,2020-01-20,2020-01-20 07:41:29,False,3,2,3,6,2,4,7,0,False,stages,6.2,7.45,3.50833,4.0375,14.0878,9.94624,60.8869,92,65,7.21667,61,15.0538,72,,19966.5,,37,,145.5,,152,,True,False,True,False,-0.521402,-0.696393,bad,False
p14,2020-01-21,2020-01-21 09:08:13,False,3,3,3,7,3,4,8,1,False,stages,7.91667,7.05833,3.56667,3.5375,18.942,10.9474,60.6903,93,64,9.76667,111,5.89474,71,11051,18055.5,0,31.5,45,120,173,134.5,789,False,False,False,False,0,0,neutral,True
p14,2020-01-23,2020-01-23 13:10:36,False,3,3,3,7,3,2,6,3,False,stages,5.16667,6.19444,5.275,4.18333,17.9894,10,71.9637,92,63,6.3,68,16.129,60,17775,16847.3,41,27,87,98.6667,172,174,764,False,False,False,False,0,0,neutral,True
p14,2020-01-24,2020-01-24 08:23:31,False,3,3,3,7,2,3,8,4,False,stages,8.15,6.27222,5.04167,4.675,14.9565,16.1554,63.7701,96,63,9.58333,86,15.1329,79,19970,19820.3,28,36.3333,106,119,199,182.667,757,False,False,False,False,0,0,neutral,True
p14,2020-01-25,2020-01-25 08:55:57,False,3,2,3,7,2,3,9,5,False,stages,9.23333,7.51667,4.225,4.84722,18.2891,12.2744,62.1038,92,63,11.3,124,14.6209,77,13903,17216,3,24,82,91.6667,149,173.333,634,False,False,False,False,-0.521402,-0.696393,bad,True
p14,2020-01-26,2020-01-26 09:00:55,False,3,3,3,7,3,3,9,6,False,stages,9.03333,8.80556,3.025,4.09722,15.969,13.2841,64.9047,91,63,10.75,103,22.5092,78,7362,13745,18,16.3333,36,74.6667,117,155,609,False,False,True,False,0,0,neutral,True
p14,2020-01-27,2020-01-27 09:09:50,False,3,3,3,7,3,3,8,0,False,stages,6.71667,8.32778,4.10833,3.78611,14.6186,27.0471,62.5082,93,65,7.86667,69,15.8809,77,14724,11996.3,28,16.3333,108,75.3333,108,124.667,579,False,False,True,False,0,0,neutral,True
p14,2020-01-28,2020-01-28 09:00:18,False,3,3,3,7,3,3,9,1,False,stages,7.86667,7.87222,3.50833,3.54722,15.2603,17.5847,64.4676,92,65,9.28333,85,11.4407,77,10442,10842.7,0,15.3333,43,62.3333,203,142.667,722,False,False,False,False,0,0,neutral,True
p14,2020-01-30,2020-01-30 09:15:40,False,3,2,3,5,2,3,10,3,False,stages,3.53333,4.97778,1.85,2.34167,19.3916,9.43396,77.2618,88,67,4.38333,51,13.2075,48,,14635.5,,21,,96.5,,167.5,,True,False,False,False,-0.521402,-0.696393,bad,False
p14,2020-01-31,2020-01-31 09:27:57,False,3,2,3,6,2,4,9,4,False,,,3.53333,,1.75833,,,,,,,,,,,,,,,,,,,True,False,False,False,-0.521402,-0.696393,bad,False
p14,2020-02-01,2020-02-01 09:54:00,False,3,2,3,4,2,2,9,5,False,,,,,,,,,,,,,,,12282,,3,,49,,160,,,False,False,False,False,-0.521402,-0.696393,bad,False
p14,2020-02-02,2020-02-02 09:04:51,False,3,2,2,6,2,3,9,6,False,stages,9.95,,2.775,,15.3191,16.0804,70.6002,86,68,11.75,108,8.20771,73,,,,,,,,,,True,False,True,False,-1.16734,-1.55912,bad,False
p14,2020-02-03,2020-02-03 09:19:24,False,3,3,2,5,2,3,8,0,False,stages,6.85,8.4,5.13333,3.95417,16.2933,15.8151,60.5148,94,68,8.18333,80,11.4355,74,4595,8438.5,0,1.5,31,40,84,122,544,False,False,True,False,-0.645937,-0.862725,bad,True
p14,2020-02-04,2020-02-04 07:57:30,False,3,2,2,6,2,3,7,1,False,,,8.4,,3.95417,,,,,,,,,,11002,7798.5,0,0,58,44.5,154,119,658,False,False,False,False,-1.16734,-1.55912,bad,False
p14,2020-02-05,2020-02-05 08:10:33,False,3,3,3,7,3,4,5,2,False,classic,2.4,4.625,4.03333,4.58333,,,63.0373,89,,2.71667,18,,,19215,11604,27,9,127,72,157,131.667,,False,False,False,False,0,0,neutral,True
p14,2020-02-06,2020-02-06 09:24:30,False,3,3,3,7,3,4,9,3,False,stages,6.76667,4.58333,3.49167,3.7625,18.1452,20.936,64.1537,93,65,8.26667,90,19.2118,74,16118,15445,15,14,52,79,235,182,1108,False,False,False,False,0,0,neutral,True
p14,2020-02-07,2020-02-07 09:49:44,False,3,3,3,7,3,3,7,4,False,stages,5.75,4.97222,5.06667,4.19722,17.4641,15.0725,62.4852,96,64,6.96667,73,15.3623,66,14674,16669,44,28.6667,100,93,125,172.333,719,False,False,False,False,0,0,neutral,True
p14,2020-02-09,2020-02-09 09:27:31,False,3,3,3,7,3,3,9,6,False,stages,9.85,7.92778,2.6,4.05556,13.9738,8.12183,65.817,93,66,11.45,96,12.3519,78,31077,18592,53,32.3333,245,125.667,168,153,462,False,False,True,False,0,0,neutral,True
p14,2020-02-10,2020-02-10 09:16:18,False,3,3,2,7,3,3,5,0,False,classic,2.65,6.89444,8.4,5.16667,,,63.5605,96,,2.85,7,,,17831,19644.3,0,17.6667,93,123.333,217,183.667,443,False,False,True,False,-0.645937,-0.862725,bad,True
p14,2020-02-11,2020-02-11 09:13:00,False,3,2,2,7,3,3,9,1,False,stages,8.71667,7.07222,4.2,5.06667,14.8208,25.6214,65.2947,96,65,10.2333,91,14.7228,84,9144,19350.7,1,18,48,128.667,152,179,1069,False,False,False,False,-1.16734,-1.55912,bad,True
p14,2020-02-12,2020-02-12 08:42:28,False,3,2,2,6,2,4,8,2,False,stages,8.61667,6.66111,4.025,5.54167,11.925,23.7911,63.5745,95,65,9.78333,70,14.5068,87,21822,16265.7,43,14.6667,161,100.667,125,164.667,540,False,False,False,False,-1.16734,-1.55912,bad,True
p14,2020-02-13,2020-02-13 09:39:59,False,3,2,2,7,3,3,8,3,False,stages,5.28333,7.53889,3.325,3.85,10.9551,11.9874,62.7545,97,64,5.93333,39,17.3502,72,11010,13992,0,14.6667,49,86,176,151,628,False,False,False,False,-1.16734,-1.55912,bad,True
p14,2020-02-14,2020-02-14 08:01:42,False,3,3,4,7,3,3,8,4,False,,,6.95,,3.675,,,,,,,,,,12294,15042,2,15,58,89.3333,140,147,,False,False,False,False,0.645937,0.862725,good,False
p14,2020-02-16,2020-02-16 09:00:58,False,3,3,2,6,3,3,9,6,False,,,,,,,,,,,,,,,7151,11970.3,0,15.6667,0,47.3333,278,202.333,524,False,False,True,False,-0.645937,-0.862725,bad,False
p14,2020-02-17,2020-02-17 08:04:16,False,3,3,2,8,3,4,9,0,False,stages,9.31667,8.75,2.71667,3.3,10.1286,16.2791,60.556,98,64,10.3667,63,15.2057,87,8378,10665,0,15,36,40,166,211,,False,False,True,False,-0.645937,-0.862725,bad,True
p14,2020-02-19,2020-02-19 08:48:02,False,3,2,3,6,2,4,9,2,False,stages,8.15,6.88889,4.71667,3.60833,13.7566,12.2699,60.161,97,63,9.45,78,12.4744,83,20338,12741.3,39,13.3333,140,72.6667,143,154,,False,False,False,False,-0.521402,-0.696393,bad,True
p14,2020-02-20,2020-02-20 09:07:04,False,3,3,2,7,2,3,7,3,False,stages,5.1,5.48333,4.29167,4.13333,14.7632,23.2026,60.1105,95,62,5.98333,53,17.6471,72,6034,11960,0,13.3333,29,70.3333,115,137,729,False,False,False,False,-0.645937,-0.862725,bad,True
p14,2020-02-21,2020-02-21 09:01:40,False,3,3,3,7,4,4,9,4,False,stages,6.61667,6.62222,2.64167,3.88333,12.7473,19.8992,62.9589,97,61,7.58333,58,25.1889,75,18519,14963.7,28,22.3333,118,95.6667,142,133.333,,False,False,False,False,0,0,neutral,True
p14,2020-02-22,2020-02-22 09:16:35,False,3,2,3,5,2,3,9,5,False,,,5.85833,,3.46667,,,,,,,,,,,12276.5,,14,,73.5,,128.5,,True,False,False,False,-0.521402,-0.696393,bad,False
p14,2020-02-23,2020-02-23 09:02:38,False,3,2,3,5,2,3,9,6,False,stages,9.2,7.90833,3.16667,2.90417,14.4186,16.1232,62.2716,93,61,10.75,93,15.7609,81,,,,,,,,,,True,False,True,False,-0.521402,-0.696393,bad,False
p14,2020-02-24,2020-02-24 09:00:36,False,3,3,3,6,2,4,9,0,False,stages,8.7,8.95,2.675,2.92083,19.5686,27.9693,62.1032,91,62,10.8167,127,13.41,80,6643,,18,,38,,96,,661,False,False,True,False,0,0,neutral,True
p14,2020-02-25,2020-02-25 09:01:24,False,3,3,3,6,3,3,8,1,False,stages,7.33333,8.41111,2.85,2.89722,16.8242,12.7273,62.7818,92,62,8.81667,89,11.1364,72,9472,8057.5,0,9,78,58,91,93.5,622,False,False,False,False,0,0,neutral,True
p14,2020-02-26,2020-02-26 09:08:18,False,3,4,3,7,4,3,9,2,False,stages,8.6,8.21111,2.24167,2.58889,15.8238,13.7597,61.6787,92,62,10.2167,97,23.4496,81,11412,9175.67,0,6,73,63,128,105,710,False,False,False,False,0.521402,0.696393,good,True
p14,2020-02-27,2020-02-27 09:25:52,False,3,3,3,7,3,3,9,3,False,,,7.96667,,2.54583,,,,,,,,,,,10442,,0,,75.5,,109.5,,True,False,False,False,0,0,neutral,False
p14,2020-02-28,2020-02-28 09:00:22,False,3,3,3,7,3,3,9,4,False,stages,8.23333,8.41667,2.725,2.48333,19.0164,19.0283,60.2609,91,61,10.1667,116,13.7652,79,9784,10598,0,0,50,61.5,128,128,,False,False,False,False,0,0,neutral,True
p14,2020-02-29,2020-02-29 09:00:48,False,3,3,3,7,2,3,9,5,False,stages,9.06667,8.65,2.45,2.5875,18.6846,13.6029,60.657,89,61,11.15,125,18.5662,76,19760,14772,33,16.5,139,94.5,166,147,525,False,False,False,False,0,0,neutral,True
p14,2020-03-01,2020-03-01 10:23:31,False,3,3,3,7,2,3,9,6,False,stages,7.95,8.41667,1.83333,2.33611,15.2753,17.4004,63.5184,93,60,9.38333,86,16.3522,73,12973,14172.3,27,20,80,89.6667,117,137,574,False,False,True,False,0,0,neutral,True
p14,2020-03-02,2020-03-02 09:13:05,False,3,3,2,6,3,2,9,0,False,,,8.50833,,2.14167,,,,,,,,,,,16366.5,,30,,109.5,,141.5,,True,False,True,False,-0.645937,-0.862725,bad,False
p14,2020-03-03,2020-03-03 09:03:52,False,3,2,2,6,2,2,9,1,False,,,,,,,,,,,,,,,,,,,,,,,,True,False,False,False,-1.16734,-1.55912,bad,False
p14,2020-03-04,2020-03-04 09:12:30,False,3,2,2,5,2,4,8,2,False,stages,6.46667,,2.38333,,24.3665,21.134,62.4438,90,61,8.55,125,11.8557,59,21941,,54,,161,,144,,,False,False,False,False,-1.16734,-1.55912,bad,True
p14,2020-03-05,2020-03-05 07:44:47,False,3,2,2,6,2,3,9,3,False,stages,8.33333,7.4,2.75833,2.57083,14.5299,12.8,61.149,95,62,9.75,85,17.6,81,12857,17399,1,27.5,82,121.5,124,134,721,False,False,False,False,-1.16734,-1.55912,bad,True
p14,2020-03-06,2020-03-06 07:03:32,False,3,2,2,6,2,3,8,4,False,,,7.4,,2.57083,,,,,,,,,,,17399,,27.5,,121.5,,134,,True,False,False,False,-1.16734,-1.55912,bad,False
p14,2020-03-07,2020-03-07 09:00:53,False,3,2,2,6,2,2,8,5,False,stages,6.88333,7.60833,3.6,3.17917,22.3684,9.68523,64.2209,88,62,8.86667,119,14.2857,59,16889,14873,0,0.5,82,82,220,172,,False,False,False,False,-1.16734,-1.55912,bad,True
p14,2020-03-08,2020-03-08 07:43:06,False,3,4,3,7,3,3,8,6,False,,,,,,,,,,,,,,,,,,,,,,,,True,False,True,False,0.521402,0.696393,good,False
p14,2020-03-09,2020-03-09 09:01:29,False,3,3,2,6,3,3,6,0,False,stages,5.68333,6.28333,6.33333,4.96667,16.8293,20.8211,64.1323,91,63,6.83333,69,21.9941,72,30956,23922.5,50,25,207,144.5,184,202,,False,False,True,False,-0.645937,-0.862725,bad,True
p14,2020-03-10,2020-03-10 09:33:00,False,3,3,2,7,4,3,7,1,False,stages,5.6,5.64167,6.74167,6.5375,17.2414,12.2024,59.5111,95,62,6.76667,70,21.4286,68,19005,24980.5,20,35,92,149.5,207,195.5,731,False,False,False,False,-0.645937,-0.862725,bad,True
p14,2020-03-12,2020-03-12 09:19:48,False,3,3,2,8,3,4,8,3,False,stages,8.31667,6.25,3.25833,5.70556,14.4082,20.8417,62.4087,95,61,9.71667,84,16.0321,82,9673,13441,0,6.66667,67,68.6667,159,183.667,860,False,True,False,False,-0.645937,-0.862725,bad,False
p14,2020-03-13,2020-03-13 09:16:54,False,3,3,3,6,3,4,9,4,False,,,6.575,,5.1875,,,,,,,,,,,10659,,0,,57,,172,,True,True,False,False,0,0,neutral,False
p14,2020-03-14,2020-03-14 09:02:42,False,3,3,2,7,3,3,10,5,False,stages,8.8,8.55833,2.85,3.05417,14.5631,16.2879,59.0311,93,61,10.3,90,19.1288,84,11953,10813,23,11.5,78,72.5,121,140,,False,True,False,False,-0.645937,-0.862725,bad,False
p14,2020-03-15,2020-03-15 09:00:28,False,3,3,2,6,2,3,10,6,False,,,,,,,,,,,,,,,,,,,,,,,,True,True,True,False,-0.645937,-0.862725,bad,False
p14,2020-03-16,2020-03-16 08:15:32,False,3,2,2,5,2,3,9,0,False,stages,7.26667,8.03333,3.29167,3.07083,15.1751,15.5963,61.0784,96,59,8.56667,78,22.0183,74,,,,,,,,,,True,True,True,False,-1.16734,-1.55912,bad,False
p14,2020-03-17,2020-03-17 07:32:01,False,3,3,3,6,3,3,8,1,False,,,,,,,,,,,,,,,,,,,,,,,,True,True,False,False,0,0,neutral,False
p14,2020-03-18,2020-03-18 06:54:22,False,3,3,2,5,3,3,8,2,False,stages,8.13333,7.7,2.58333,2.9375,14.5359,16.1885,61.9535,96,59,9.51667,83,19.6721,79,,,,,,,,,,True,True,False,False,-0.645937,-0.862725,bad,False
p14,2020-03-19,2020-03-19 06:45:32,False,3,3,2,6,3,3,8,3,False,stages,5.65,6.89167,4.75,3.66667,16.2963,19.174,61.3519,95,60,6.75,66,12.3894,71,2770,,0,,0,,117,,621,False,True,False,False,-0.645937,-0.862725,bad,False
p14,2020-03-20,2020-03-20 09:06:51,False,3,3,2,5,3,3,8,4,False,stages,3.55,5.77778,3.10833,3.48056,18.0769,18.3099,63.0596,89,60,4.33333,47,17.3709,56,14346,8558,55,27.5,107,53.5,119,118,809,False,True,False,False,-0.645937,-0.862725,bad,False
p14,2020-03-21,2020-03-21 09:00:13,False,3,3,3,6,3,3,8,5,False,stages,5.56667,4.92222,2.88333,3.58056,13.6951,12.2754,58.3111,98,61,6.45,53,15.8683,73,2225,6447,0,18.3333,0,35.6667,113,116.333,,False,True,False,False,0,0,neutral,False
p14,2020-03-22,2020-03-22 09:02:40,False,3,2,2,6,2,3,8,6,False,stages,7.36667,5.49444,3.44167,3.14444,14.1748,19.2308,64.1584,98,59,8.58333,73,25.3394,76,18482,11684.3,88,47.6667,117,74.6667,118,116.667,,False,True,True,False,-1.16734,-1.55912,bad,False
p14,2020-03-23,2020-03-23 09:01:01,False,3,3,2,5,2,2,6,0,False,,,6.46667,,3.1625,,,,,,,,,,,10353.5,,44,,58.5,,115.5,,True,True,True,False,-0.645937,-0.862725,bad,False
p14,2020-03-24,2020-03-24 06:11:18,False,3,3,2,6,3,4,9,1,False,stages,7.18333,7.275,1.6,2.52083,17.1154,23.2019,61.6888,94,60,8.66667,89,13.4571,77,5137,11809.5,4,46,26,71.5,108,113,,False,True,False,False,-0.645937,-0.862725,bad,False
p14,2020-03-25,2020-03-25 09:04:24,False,3,3,2,6,3,4,9,2,False,stages,9.16667,8.175,1.64167,1.62083,16.7927,20.3636,64.1141,96,60,11.0167,111,10.5455,76,7779,6458,25,14.5,43,34.5,126,117,751,False,True,False,False,-0.645937,-0.862725,bad,False
p14,2020-03-26,2020-03-26 09:11:41,False,3,3,2,6,3,4,9,3,False,stages,8.11667,8.15556,2.54167,1.92778,13.6525,25.0513,63.8076,95,61,9.4,77,14.1684,81,,6458,,14.5,,34.5,,117,,True,True,False,False,-0.645937,-0.862725,bad,False
p14,2020-03-27,2020-03-27 09:08:10,False,3,3,2,7,3,4,9,4,False,stages,7.58333,8.28889,1.28333,1.82222,18.018,15.1648,64.5165,92,61,9.25,100,11.8681,68,6917,7348,0,12.5,33,38,139,132.5,704,False,True,False,False,-0.645937,-0.862725,bad,False
p14,2020-03-29,2020-03-29 08:05:23,False,3,3,3,6,3,3,8,6,False,,,6.93333,,2.27917,,,,,,,,,,,13269.5,,12.5,,90,,128.5,,True,True,True,False,0,0,neutral,False
p14,2020-03-30,2020-03-30 09:00:18,False,3,3,2,5,2,3,7,0,False,stages,4.81667,5.55,4.73333,4.00417,13.2132,27.3356,64.8952,95,61,5.55,44,18.6851,68,27173,23397.5,99,62,172,159.5,154,136,,False,True,True,False,-0.645937,-0.862725,bad,False
p15,2019-11-17,2019-11-17 08:23:39,False,4,4,2,8,4,2,7,6,False,stages,7.73333,7.2,5.45833,6.08333,12.782,19.3966,57.5673,96,56,8.86667,68,13.7931,80,9443,9300,32,18.6667,63,64.6667,213,194.667,693,False,False,True,False,-0.0879737,-0.114322,neutral,True
p15,2019-11-18,2019-11-18 13:37:27,False,4,4,3,9,5,5,7,0,False,stages,6.6,7.06667,4.90833,5.67778,9.79499,21.7172,58.4611,97,56,7.31667,43,15.1515,80,14947,12113.3,48,34.3333,121,99.3333,198,189,589,False,False,True,False,0.427743,0.555856,good,True
p15,2019-11-19,2019-11-19 10:35:07,False,4,5,4,10,5,5,8,1,False,stages,8.01667,7.45,5.06667,5.14444,11.418,19.7505,55.4945,95,57,9.05,62,13.9293,89,16353,13581,17,32.3333,124,102.667,240,217,637,False,False,False,False,1.3371,1.73756,good,True
p15,2019-11-20,2019-11-20 09:57:17,False,4,4,3,8,4,3,8,2,False,stages,7.43333,7.35,4.49167,4.82222,11.332,22.87,55.199,97,57,8.38333,57,13.2287,84,11871,14390.3,32,32.3333,50,98.3333,224,220.667,623,False,False,False,False,0.427743,0.555856,good,True
p15,2019-11-21,2019-11-21 09:12:46,False,4,5,4,9,5,5,8,3,False,stages,7.75,7.73333,3.84167,4.46667,9.88372,17.2043,53.7658,97,55,8.6,51,12.9032,84,12089,13437.7,63,37.3333,125,99.6667,183,215.667,629,False,False,False,False,1.3371,1.73756,good,True
p15,2019-11-22,2019-11-22 06:16:58,False,3,2,3,7,3,3,7,4,False,stages,5.98333,7.05556,4.74167,4.35833,19.3258,16.7131,52.6452,97,54,7.41667,86,18.663,68,15729,13229.7,48,47.6667,92,89,213,206.667,619,False,False,False,False,-0.909352,-1.18171,bad,True
p15,2019-11-23,2019-11-23 08:24:19,False,4,3,3,7,3,3,8,5,False,stages,8.06667,7.26667,4.825,4.46944,14.032,13.4298,52.2614,96,54,9.38333,79,11.157,82,12649,13489,51,54,114,110.333,256,217.333,625,False,False,False,False,0.0341086,0.0443244,neutral,True
p15,2019-11-24,2019-11-24 09:07:03,False,3,1,3,1,3,1,6,6,False,stages,5.48333,6.51111,8.85,6.13889,11.5591,11.8541,63.621,94,54,6.2,43,9.72644,65,18950,15776,18,39,120,108.667,338,269,419,False,False,True,False,-1.30299,-1.69324,bad,True
p15,2019-11-25,2019-11-25 12:40:42,False,3,3,4,9,3,4,8,0,False,stages,8.35,7.3,4.825,6.16667,7.73481,26.5469,54.0249,97,55,9.05,42,14.5709,91,11003,14200.7,1,23.3333,61,98.3333,166,253.333,,False,False,True,False,0,0,neutral,True
p15,2019-11-26,2019-11-26 09:17:49,False,3,3,3,7,3,3,7,1,False,stages,7,6.94444,4.86667,6.18056,10.4478,26.1905,53.0337,95,54,7.81667,49,14.2857,86,12472,14141.7,30,16.3333,108,96.3333,184,229.333,605,False,False,False,False,-0.515717,-0.670178,bad,True
p15,2019-11-27,2019-11-27 06:19:59,False,3,2,2,6,3,3,7,2,False,stages,7.38333,7.57778,3.925,4.53889,10.8652,11.0609,54.2097,96,53,8.28333,54,9.70655,78,12602,12025.7,42,24.3333,98,89,225,191.667,648,False,False,False,False,-1.42507,-1.85189,bad,True
p15,2019-11-28,2019-11-28 08:52:54,False,4,3,4,7,5,5,8,3,False,stages,8.08333,7.48889,5.86667,4.88611,9.51493,17.3196,56.8085,97,54,8.93333,51,12.1649,84,9624,11566,0,24,17,74.3333,327,245.333,599,False,False,False,False,0.549826,0.714502,good,True
p15,2019-11-29,2019-11-29 08:48:05,False,3,2,4,4,2,3,8,4,False,stages,8.36667,7.94444,5.33333,5.04167,9.87433,21.9124,56.3566,95,56,9.28333,55,14.1434,89,11908,11378,32,24.6667,84,66.3333,191,247.667,629,False,False,False,False,-0.393635,-0.511531,bad,True
p15,2019-11-30,2019-11-30 07:06:49,False,2,2,3,6,2,3,7,5,False,stages,7.28333,7.91111,4.68333,5.29444,12.9482,29.0618,56.8909,95,57,8.36667,65,17.6201,86,11669,11067,71,34.3333,83,61.3333,154,224,,False,False,False,False,-1.45918,-1.89621,bad,True
p15,2019-12-01,2019-12-01 07:27:18,False,4,3,4,5,2,4,8,6,False,stages,7.26667,7.63889,4.98333,5,12.6253,20.8716,56.5348,97,58,8.31667,63,16.2844,87,13488,12355,64,55.6667,97,88,206,183.667,635,False,False,True,False,0.549826,0.714502,good,True
p15,2019-12-02,2019-12-02 09:36:18,False,3,2,2,3,2,2,8,0,False,stages,6.73333,7.09444,5.05,4.90556,11.7904,13.8614,58.6545,95,58,7.63333,54,12.6238,76,10408,11855,41,58.6667,66,82,231,197,644,False,False,True,False,-1.42507,-1.85189,bad,True
p15,2019-12-03,2019-12-03 08:08:45,False,3,2,3,5,2,3,8,1,False,stages,8.11667,7.37222,4.6,4.87778,13.1907,10.2669,57.6005,95,57,9.35,74,14.5791,83,11133,11676.3,40,48.3333,73,78.6667,273,236.667,636,False,False,False,False,-0.909352,-1.18171,bad,True
p15,2019-12-04,2019-12-04 08:10:53,False,4,3,4,7,3,3,7,2,False,stages,6.76667,7.20556,5.60833,5.08611,14.346,12.3153,55.0671,96,57,7.9,68,17.734,76,9338,10293,32,37.6667,82,73.6667,164,222.667,633,False,False,False,False,0.549826,0.714502,good,True
p15,2019-12-05,2019-12-05 09:00:36,False,4,4,4,8,4,3,8,3,False,stages,7.78333,7.55556,4.925,5.04444,10.7075,23.1263,53.6748,96,56,8.71667,56,19.7002,87,6417,8962.67,1,24.3333,12,55.6667,189,208.667,765,False,False,False,False,0.94346,1.22603,good,True
p15,2019-12-06,2019-12-06 08:47:56,False,4,3,4,6,5,4,6,4,False,stages,5.86667,6.80556,7.45,5.99444,12.4378,19.0341,57.0427,98,54,6.7,50,18.75,76,16487,10747.3,22,18.3333,128,74,148,167,641,False,False,False,False,0.549826,0.714502,good,True
p15,2019-12-07,2019-12-07 10:00:20,False,3,2,3,7,3,2,9,5,False,stages,9.03333,7.56111,4.66667,5.68056,12.2977,18.8192,58.1397,95,54,10.3,76,16.9742,83,12803,11902.3,7,10,95,78.3333,239,192,704,False,False,False,False,-0.909352,-1.18171,bad,True
p15,2019-12-08,2019-12-08 09:07:46,False,5,5,4,10,5,5,8,6,False,stages,8.6,7.83333,5.48333,5.86667,9.79021,18.6047,56.5584,97,55,9.53333,56,13.1783,87,10565,13285,27,18.6667,77,100,144,177,601,False,False,True,False,1.88692,2.45207,good,True
p15,2019-12-10,2019-12-10 07:34:26,False,3,2,3,7,3,5,8,1,False,stages,7.95,7.60556,4.26667,4.81389,8.4453,24.109,56.0873,97,55,8.68333,44,21.3836,88,16912,13582.7,1,18,178,112.667,206,190.333,620,False,False,False,False,-0.909352,-1.18171,bad,True
p15,2019-12-11,2019-12-11 10:41:17,False,4,4,4,9,4,4,7,2,False,stages,7,7.07222,4.89167,4.61667,12.8631,12.8571,56.7094,97,55,8.03333,62,14.0476,75,18728,16303.7,56,27.6667,115,125.333,198,208.333,606,False,False,False,False,0.94346,1.22603,good,True
p15,2019-12-12,2019-12-12 06:40:55,False,3,3,2,7,3,3,8,3,False,stages,7.2,7.38333,4.19167,4.45,13.7725,22.4537,55.0728,95,55,8.35,69,23.1481,88,14518,16719.3,42,33,100,131,195,199.667,663,False,False,False,False,-1.03143,-1.34036,bad,True
p15,2019-12-14,2019-12-14 09:07:46,False,3,3,3,7,3,3,7,5,False,stages,7.56667,7.11111,6.25,4.98056,11.501,19.3833,56.7186,97,55,8.55,59,9.2511,84,5673,12215.7,0,26.3333,0,67,205,187.333,,False,False,False,False,-0.515717,-0.670178,bad,True
p15,2019-12-16,2019-12-16 07:38:10,False,2,2,3,7,3,2,7,0,False,stages,8.25,7.5,4.03333,5.78056,13.4615,18.7879,54.8137,96,55,9.53333,77,15.3535,87,13174,12138.7,23,14.3333,84,58,149,203.333,743,False,False,True,False,-1.45918,-1.89621,bad,True
p15,2019-12-17,2019-12-17 06:54:21,False,3,2,3,5,3,2,8,1,False,stages,7.75,7.56111,3.25,4.78056,16.3669,23.871,53.294,96,55,9.26667,91,20.6452,86,14587,15110,81,41.3333,155,109.667,174,193,539,False,False,False,False,-0.909352,-1.18171,bad,True
p15,2019-12-18,2019-12-18 22:00:03,False,3,2,3,4,2,4,8,2,False,stages,6.43333,7.47778,5.725,4.33611,9.38967,32.1244,53.2568,96,55,7.1,40,22.7979,84,19255,15672,33,45.6667,97,112,271,198,516,False,False,False,False,-0.909352,-1.18171,bad,True
p15,2019-12-21,2019-12-21 08:24:24,False,3,3,4,6,3,4,8,5,False,stages,8.25,7.3,5.11667,5.3,10.4882,27.2727,52.2701,93,54,9.21667,58,20.8081,90,11000,16506,62,37.3333,140,141,138,174.333,,False,False,False,True,0,0,neutral,True
p15,2019-12-22,2019-12-22 09:03:29,False,4,3,4,8,3,4,8,6,False,stages,7.2,7.34444,6.08333,5.55556,16.2791,22.2222,51.6681,97,54,8.6,84,19.6759,86,23554,18707,49,43,179,158,188,163.333,520,False,False,True,True,0.549826,0.714502,good,True
p15,2019-12-23,2019-12-23 09:05:42,False,3,3,4,6,2,4,8,0,False,stages,8.98333,8.14444,4.45,5.21667,14.0351,22.449,52.4319,96,53,10.45,88,12.4304,85,15790,16781.3,88,66.3333,144,154.333,164,163.333,616,False,False,True,True,0,0,neutral,True
p15,2019-12-24,2019-12-24 09:36:51,False,3,1,4,0,1,2,8,1,False,stages,9.05,8.41111,4.55,5.02778,12.5604,19.7053,52.8875,95,54,10.35,78,11.9705,87,20847,20063.7,117,84.6667,228,183.667,182,178,403,False,False,False,True,-0.787269,-1.02306,bad,True
p15,2019-12-25,2019-12-25 10:27:49,False,4,3,4,7,2,1,8,2,False,stages,8.38333,8.80556,6.21667,5.07222,15.4622,17.8926,54.3108,95,54,9.91667,92,8.15109,83,5759,14132,0,68.3333,0,124,265,203.667,554,False,False,False,True,0.549826,0.714502,good,True
p15,2019-12-26,2019-12-26 09:46:01,False,4,2,4,4,2,1,7,3,False,stages,9.2,8.87778,5.24167,5.33611,11.68,20.2899,51.9253,99,54,10.4167,73,18.2971,90,19403,15336.3,116,77.6667,179,135.667,135,194,531,False,False,False,True,0.156191,0.202971,neutral,True
p15,2019-12-28,2019-12-28 09:30:51,False,4,3,4,7,2,3,8,5,False,stages,8.11667,8.47778,6.28333,5.68333,9.98152,24.846,50.6116,96,54,9.01667,54,12.731,91,16999,15697.7,72,71.6667,162,139.333,152,175.333,545,False,False,False,True,0.549826,0.714502,good,True
p15,2019-12-29,2019-12-29 23:51:05,False,3,2,4,4,2,2,8,6,False,stages,8.81667,8.35,5.99167,5.93333,11.3903,21.7391,51.5943,96,53,9.95,68,18.1474,90,13861,13850.3,74,57.6667,133,124,168,186.333,598,False,False,True,True,-0.393635,-0.511531,bad,True
p15,2019-12-30,2019-12-30 09:11:17,False,4,2,4,7,2,2,7,0,False,stages,7.15,8.02778,6.325,6.2,12.8049,26.5734,50.5279,94,54,8.2,63,10.0233,84,8828,13229.3,28,58,92,129,103,141,,False,False,True,True,0.156191,0.202971,neutral,True
p15,2019-12-31,2019-12-31 08:57:49,False,3,2,4,6,2,2,8,1,False,stages,7.53333,7.83333,6.15,6.15556,11.1984,19.469,49.4079,97,53,8.48333,57,11.9469,87,16041,12910,91,64.3333,136,120.333,190,153.667,622,False,False,False,True,-0.393635,-0.511531,bad,True
p15,2020-01-01,2020-01-01 22:11:31,False,3,2,4,3,2,3,8,2,False,stages,7.1,7.26111,6.93333,6.46944,12.8834,8.68545,57.6464,98,53,8.15,63,13.1455,75,14366,13078.3,100,73,126,118,130,141,675,False,False,False,True,-0.393635,-0.511531,bad,True
p15,2020-01-06,2020-01-06 11:24:25,False,4,4,3,10,4,2,8,0,False,stages,6.85,8.22222,4.24167,4.54722,12.7389,18.2482,51.7036,96,53,7.85,60,10.7056,80,16883,11707.7,0,18,126,79.3333,147,182,480,False,False,True,False,0.427743,0.555856,good,True
p15,2020-01-07,2020-01-07 13:58:55,False,4,4,4,8,4,4,8,1,False,stages,6.66667,7.74444,4.93333,4.24167,10.3139,24.5,50.9254,98,53,7.43333,46,24,86,15656,13249.3,54,18,162,106.667,264,211.333,543,False,False,False,False,0.94346,1.22603,good,True
p15,2020-01-08,2020-01-08 09:28:03,False,3,3,3,8,3,4,8,2,False,stages,7.3,6.93889,4.19167,4.45556,10.7943,17.5799,50.6453,98,53,8.18333,53,13.6986,84,16709,16416,30,28,107,131.667,198,203,689,False,False,False,False,-0.515717,-0.670178,bad,True
p15,2020-01-10,2020-01-10 21:17:46,False,4,3,4,7,3,4,8,4,False,stages,8.21667,7.76667,5.20833,4.68889,11.6487,17.2414,50.5871,94,52,9.3,65,16.8357,87,13082,14098.3,22,35,72,102.333,239,212,601,False,False,False,False,0.549826,0.714502,good,True
p15,2020-01-12,2020-01-12 09:24:38,False,4,3,4,7,3,4,9,6,False,stages,10,8.6,4,4.97222,12.0235,26,51.733,96,54,11.3667,82,11.8333,90,17138,13520.7,56,40.6667,173,107.333,217,221.667,528,False,False,True,False,0.549826,0.714502,good,True
p15,2020-01-13,2020-01-13 10:07:23,False,4,3,4,8,3,4,7,0,False,stages,6.46667,8.01667,4.875,4.86111,13.1991,17.0103,54.3985,95,53,7.45,59,15.9794,76,14325,13935,79,59.6667,142,130.667,170,198.667,446,False,False,True,False,0.549826,0.714502,good,True
p15,2020-01-14,2020-01-14 06:13:13,False,3,3,2,8,4,2,7,1,False,stages,5.98333,7.48333,5.36667,4.74722,13.7019,9.7493,54.2033,96,54,6.93333,57,19.4986,75,11119,14194,60,65,145,153.333,148,178.333,,False,False,False,False,-1.03143,-1.34036,bad,True
p15,2020-01-15,2020-01-15 09:32:01,False,4,4,4,8,3,4,7,2,False,stages,6.7,6.38333,5.15833,5.13333,10.6667,17.6617,52.7026,98,55,7.5,48,12.4378,81,19788,15077.3,37,58.6667,130,139,225,181,669,False,False,False,False,0.94346,1.22603,good,True
p15,2020-01-16,2020-01-16 09:15:15,False,3,2,4,6,3,2,7,3,False,stages,7.11667,6.6,7.33333,5.95278,9.34183,11.9438,51.7595,96,54,7.85,44,16.1593,83,13415,14774,46,47.6667,118,131,226,199.667,646,False,False,False,False,-0.393635,-0.511531,bad,True
p15,2020-01-18,2020-01-18 09:00:42,False,3,2,3,7,2,2,8,5,False,stages,7.3,7.35,5.925,6.28611,13.9489,21.2329,55.9163,96,56,8.48333,71,9.36073,81,10000,13921.7,51,76.3333,67,117.333,173,181,695,False,False,False,False,-0.909352,-1.18171,bad,True
p15,2020-01-19,2020-01-19 10:27:30,False,4,3,4,7,4,4,8,6,False,stages,7.91667,7.61667,5.39167,5.63889,12.523,30.5263,55.6407,97,57,9.05,68,16.6316,85,13252,13867.3,91,91.3333,131,121.667,121,146,679,False,False,True,False,0.549826,0.714502,good,True
p15,2020-01-21,2020-01-21 09:10:35,False,4,4,4,8,3,4,8,1,False,stages,7.68333,7.41667,6.15,5.56111,12.5237,19.5228,51.8422,95,57,8.78333,66,12.3644,85,11924,13417,55,79.3333,127,132.667,162,142.333,710,False,False,False,False,0.94346,1.22603,good,True
p15,2020-01-22,2020-01-22 10:02:57,False,3,2,4,5,2,2,7,2,False,stages,6.43333,6.92222,4.69167,5.32778,15.3509,21.7617,52.4795,95,55,7.6,70,6.47668,78,14777,13925.3,71,72.6667,95,120.667,153,153,665,False,False,False,False,-0.393635,-0.511531,bad,True
p15,2020-01-23,2020-01-23 06:26:42,False,3,2,3,6,3,3,7,3,False,stages,7.05,7.05556,4.55,5.13056,9.61538,26.7139,51.1757,97,55,7.8,45,11.5839,87,10352,12351,62,62.6667,105,109,284,199.667,595,False,False,False,False,-0.909352,-1.18171,bad,True
p15,2020-01-25,2020-01-25 08:48:17,False,4,1,5,2,4,2,6,5,False,stages,5.78333,6.35556,7.96667,5.88333,14.951,6.62824,64.6295,95,53,6.8,61,10.6628,63,13087,12752.3,3,34.6667,45,93.6667,305,277,639,False,False,False,False,0.278273,0.361618,neutral,True
p15,2020-01-26,2020-01-26 12:35:02,False,4,2,4,6,4,5,9,6,False,stages,8.98333,7,5.24167,6.11389,8.02048,23.1911,53.5788,97,55,9.76667,47,17.0686,92,17005,14970,18,20,131,102.333,209,252,692,False,False,True,False,0.156191,0.202971,neutral,True
p15,2020-01-27,2020-01-27 09:01:04,False,3,3,3,8,3,4,8,0,False,stages,7.73333,7.5,3.98333,5.73056,10.5973,19.8276,52.8727,97,54,8.65,55,18.5345,86,19254,16448.7,14,11.6667,133,103,142,218.667,579,False,False,True,False,-0.515717,-0.670178,bad,True
p15,2020-01-30,2020-01-30 09:05:45,False,3,2,3,7,2,4,8,3,False,stages,8.78333,8.11111,4.69167,4.62222,11.4286,21.4421,52.5165,96,54,9.91667,68,11.3852,89,15215,13310,67,65.6667,141,111.333,258,205.667,576,False,False,False,False,-0.909352,-1.18171,bad,True
p15,2020-01-31,2020-01-31 09:41:19,False,4,3,4,8,3,5,9,4,False,stages,7.95,7.78889,5.79167,4.95278,14.8214,20.1258,53.2791,96,54,9.33333,83,18.0294,82,12037,13946,60,64.3333,95,104.667,167,194,583,False,False,False,False,0.549826,0.714502,good,True
p15,2020-02-01,2020-02-01 10:19:50,False,3,3,3,8,3,4,8,5,False,stages,6.93333,7.88889,5.7,5.39444,14.0496,16.3462,53.7771,97,54,8.06667,68,12.5,76,12250,13167.3,72,66.3333,83,106.333,215,213.333,582,False,False,False,False,-0.515717,-0.670178,bad,True
p15,2020-02-04,2020-02-04 15:33:46,False,4,3,4,8,3,4,7,1,False,stages,7.7,7.54444,3.98333,4.51111,11.1538,23.5931,51.9792,96,54,8.66667,58,14.0693,88,16302,14998.7,8,62,94,124,282,204.667,591,False,False,False,False,0.549826,0.714502,good,True
p15,2020-02-05,2020-02-05 07:02:27,False,3,2,3,5,2,4,8,2,False,stages,8.06667,7.55556,3.35833,3.93333,10.0372,21.281,51.6171,96,53,8.96667,54,12.6033,91,17495,16707.7,36,48.6667,145,133,214,236.333,561,False,False,False,False,-0.909352,-1.18171,bad,True
p15,2020-02-06,2020-02-06 12:28:42,False,5,4,4,8,3,4,7,3,False,stages,6.18333,7.31667,6.89167,4.74444,13.1148,13.7466,48.6893,95,52,7.11667,56,14.2857,78,13214,15670.3,0,14.6667,66,101.667,291,262.333,545,False,False,False,False,1.49329,1.94054,good,True
p15,2020-02-07,2020-02-07 08:46:37,False,3,2,4,6,2,4,7,4,False,stages,6.28333,6.84444,7.53333,5.92778,11.5023,26.7905,53.0176,98,51,7.1,49,11.6711,77,15784,15497.7,76,37.3333,164,125,180,228.333,669,False,False,False,False,-0.393635,-0.511531,bad,True
p15,2020-02-08,2020-02-08 09:21:27,False,3,2,3,6,2,2,7,5,False,stages,7.4,6.62222,6.13333,6.85278,16.3842,13.964,56.5795,96,52,8.85,87,16.4414,70,17029,15342.3,100,58.6667,159,129.667,201,224,654,False,False,False,False,-0.909352,-1.18171,bad,True
p15,2020-02-09,2020-02-09 09:08:18,False,4,2,2,5,2,2,8,6,False,stages,8.38333,7.35556,4.23333,5.96667,13.8699,17.0974,51.5309,94,54,9.73333,81,8.94632,85,9556,14123,18,64.6667,88,137,188,189.667,633,False,False,True,False,-0.875243,-1.13738,bad,True
p15,2020-02-10,2020-02-10 09:04:19,False,2,2,3,0,1,2,7,0,False,stages,7.33333,7.70556,3.90833,4.75833,17.1375,20.9091,47.1169,94,53,8.85,91,11.1364,81,15059,13881.3,6,41.3333,116,121,123,170.667,617,False,False,True,False,-1.45918,-1.89621,bad,True
p15,2020-02-11,2020-02-11 09:10:02,False,4,3,4,5,1,4,8,1,False,stages,8.1,7.93889,5.08333,4.40833,11.7967,20.3704,49.5695,95,51,9.18333,65,17.284,90,4348,9654.33,0,8,0,68,201,170.667,708,False,False,False,False,0.549826,0.714502,good,True
p15,2020-02-12,2020-02-12 06:39:45,False,4,4,4,6,2,4,7,2,False,stages,6.86667,7.43333,4.63333,4.54167,13.8075,20.8738,49.4862,96,50,7.96667,66,13.835,81,14919,11442,6,4,141,85.6667,174,166,574,False,False,False,False,0.94346,1.22603,good,True
p15,2020-02-13,2020-02-13 06:46:08,False,3,3,4,4,1,2,7,3,False,stages,7.58333,7.51667,4.05,4.58889,12.1622,22.6374,49.4871,94,51,8.63333,63,16.2637,86,13852,11039.7,3,3,94,78.3333,219,198,649,False,False,False,False,0,0,neutral,True
p15,2020-02-15,2020-02-15 08:22:26,False,3,3,4,3,1,4,8,5,False,stages,7.6,7.39444,5.09167,4.675,10.9375,17.9825,53.0019,95,49,8.53333,56,19.2982,76,14044,13780.7,15,7.66667,114,99.6667,161,187.333,687,False,False,False,False,0,0,neutral,True
p15,2020-02-16,2020-02-16 07:56:21,False,3,3,4,6,2,3,8,6,False,stages,9.01667,7.87222,3.43333,4.46944,13.8535,23.6599,51.6707,96,51,10.4667,87,19.0388,86,19953,15814.3,52,24,144,116.333,151,164.667,633,False,False,True,False,0,0,neutral,True
p15,2020-02-17,2020-02-17 09:30:06,False,3,3,4,8,3,4,8,0,False,stages,6.83333,7.81667,6.08333,4.86944,12.0172,18.5366,53.6428,94,52,7.76667,56,15.3659,79,6658,13551.7,0,22.3333,7,88.3333,269,193.667,536,False,False,True,False,0,0,neutral,True
p15,2020-02-18,2020-02-18 08:36:58,False,3,3,3,7,3,3,8,1,False,stages,9.41667,8.42222,4.04167,4.51944,9.74441,21.0619,52.0601,93,53,10.4333,61,14.6903,90,14382,13664.3,42,31.3333,131,94,166,195.333,677,False,False,False,False,-0.515717,-0.670178,bad,True
p15,2020-02-19,2020-02-19 10:11:30,False,4,3,4,7,2,4,8,2,False,stages,8.46667,8.23889,5.49167,5.20556,10.8772,25.5906,51.7613,97,53,9.5,62,15.3543,90,17397,12812.3,82,41.3333,205,114.333,137,190.667,472,False,False,False,False,0.549826,0.714502,good,True
p15,2020-02-22,2020-02-22 13:00:25,False,3,3,4,5,2,4,8,5,False,stages,9.13333,7.81111,4.825,5.76667,11.1831,22.0803,53.2188,96,53,10.2833,69,15.3285,88,20054,16799.7,106,86,189,153.667,157,166.667,585,False,False,False,False,0,0,neutral,True
p15,2020-02-23,2020-02-23 10:11:14,False,4,3,4,7,4,5,9,6,False,stages,9.25,8.7,5.4,5.29722,11.2,18.5586,55.2431,95,54,10.4167,70,14.5946,88,14646,16491.3,54,69.3333,179,165.333,202,177.667,442,False,False,True,False,0.549826,0.714502,good,True
p15,2020-02-24,2020-02-24 06:59:57,False,3,2,3,6,2,4,8,0,False,stages,5.88333,8.08889,5.01667,5.08056,16.7453,23.5127,52.0266,95,54,7.06667,71,17.847,79,19967,18222.3,0,53.3333,162,176.667,146,168.333,507,False,False,True,False,-0.909352,-1.18171,bad,True
p15,2020-02-26,2020-02-26 21:37:02,False,4,3,4,8,3,3,8,2,False,stages,8.05,6.7,4.10833,4.96389,11.2132,25.4658,52.778,96,51,9.06667,61,16.9772,86,11479,14858.7,2,10.3333,83,110,195,179.333,735,False,False,False,False,0.549826,0.714502,good,True
p15,2020-02-27,2020-02-27 06:11:24,False,3,3,3,7,3,4,7,3,False,stages,6.51667,6.91111,4.73333,4.86944,10.7306,21.9949,51.1911,96,52,7.3,47,16.3683,83,17773,14127.3,28,19.6667,169,112.333,245,212.333,482,False,False,False,False,-0.515717,-0.670178,bad,True
p15,2020-02-28,2020-02-28 09:08:12,False,4,3,4,8,4,4,8,4,False,stages,6.88333,7.15,5.225,4.68889,13.5983,21.0654,53.1003,96,52,7.96667,65,21.0654,78,11439,13563.7,6,12,61,104.333,211,217,,False,False,False,False,0.549826,0.714502,good,True
p15,2020-03-01,2020-03-01 09:27:08,False,3,3,3,7,3,3,8,6,False,stages,7.21667,7.04444,7.43333,6.45278,9.41423,19.6305,54.2855,98,54,7.96667,45,12.7021,85,18784,15753,91,41.6667,187,133.667,238,224.667,546,False,False,True,False,-0.515717,-0.670178,bad,True
p15,2020-03-02,2020-03-02 07:33:08,False,3,3,4,7,3,4,6,0,False,stages,5.38333,6.54444,7.29167,7.14167,12.4661,19.195,52.4022,97,55,6.15,46,14.2415,76,15142,16987.3,35,51.3333,145,161.667,214,225.667,603,False,False,True,False,0,0,neutral,True
p15,2020-03-17,2020-03-17 20:31:15,False,4,3,4,5,3,4,8,1,False,stages,7.21667,7.12222,5.44167,5.47778,12.7016,25.1732,53.3032,97,52,8.26667,63,19.3995,87,12205,12727,95,75,139,150,178,191,628,False,True,False,False,0.549826,0.714502,good,False
p15,2020-03-18,2020-03-18 21:24:45,False,4,4,4,7,3,3,8,2,False,stages,8.15,7.54444,4.98333,5.08889,9.7786,23.5174,49.8304,96,52,9.03333,53,20.2454,92,12505,10493,69,63,156,124,168,191,620,False,True,False,False,0.94346,1.22603,good,False
p15,2020-03-20,2020-03-20 08:06:00,False,3,2,4,7,3,4,8,4,False,stages,7.63333,8.12778,5.53333,5.26667,9.66469,19.4323,48.3205,96,52,8.45,49,16.5939,88,13140,14030,103,86,182,177.667,106,142,584,False,True,False,False,-0.393635,-0.511531,bad,False
p15,2020-03-22,2020-03-22 09:38:45,False,3,2,3,7,3,4,8,6,False,stages,8.05,7.88333,5.96667,5.275,9.71963,19.2547,47.9111,98,50,8.91667,52,16.5631,91,8490,12498.3,12,40,50,119.333,280,172.333,587,False,True,True,False,-0.909352,-1.18171,bad,False
p15,2020-03-23,2020-03-23 10:41:00,False,3,3,3,8,3,3,7,0,False,stages,6.5,7.50556,6.10833,5.46667,14.8472,17.9487,48.646,98,49,7.63333,68,3.58974,73,9364,11239.7,97,38,229,135,171,194,505,False,True,True,False,-0.515717,-0.670178,bad,False
p15,2020-03-26,2020-03-26 08:12:34,False,3,3,4,8,4,3,7,3,False,stages,7.6,7.63889,5.4,5.76944,13.1429,20.614,49.8236,96,50,8.75,69,17.5439,85,10294,8326.67,7,32,72,73,141,170,690,False,True,False,False,0,0,neutral,False
p15,2020-03-27,2020-03-27 08:58:54,False,4,2,4,7,3,4,8,4,False,stages,8.45,8.06111,5.275,5.49722,13.4812,23.6686,49.0499,97,50,9.76667,79,13.8067,89,,8085.5,,45,,80.5,,177,,True,True,False,False,0.156191,0.202971,neutral,False
p15,2020-03-28,2020-03-28 07:55:45,False,4,4,4,8,4,3,8,5,False,stages,7.33333,7.79444,5.4,5.35833,12.5249,21.3636,49.3828,93,49,8.38333,63,4.77273,84,8976,9635,32,19.5,122,97,226,183.5,506,False,True,False,False,0.94346,1.22603,good,False
p15,2020-03-29,2020-03-29 09:33:06,False,3,2,3,6,3,4,7,6,False,stages,8.28333,8.02222,5.375,5.35,8.38816,34.2052,49.6736,98,49,10.1333,51,15.6942,90,6581,7778.5,116,74,129,125.5,160,193,648,False,True,True,False,-0.909352,-1.18171,bad,False
p15,2020-03-30,2020-03-30 08:41:57,False,3,2,3,5,2,2,7,0,False,stages,8.3,7.97222,5.325,5.36667,11.0714,23.0924,50.7705,96,49,9.33333,62,13.6546,87,13796,9784.33,19,55.6667,116,122.333,211,199,565,False,True,True,False,-0.909352,-1.18171,bad,False
p16,2019-11-15,2019-11-15 10:10:38,False,4,3,4,5,4,3,6,4,False,stages,6.46667,6.65556,8.94167,9.78056,10.1852,19.0722,65.3852,94,68,7.2,44,23.9691,78,4203,3329.33,7,3,34,20.6667,77,76,,False,False,False,False,1.08698,1.39553,good,True
p16,2019-11-16,2019-11-16 11:12:21,False,4,3,4,4,3,3,7,5,False,stages,7.21667,6.31111,9.09167,9.57778,11.9919,21.2471,62.99,91,68,8.2,59,27.0208,85,4553,3272.33,0,2.33333,13,15.6667,102,78.3333,893,False,False,False,False,1.08698,1.39553,good,True
p16,2019-11-17,2019-11-17 14:11:16,False,4,3,3,4,3,3,7,6,False,stages,7.41667,7.03333,11.2417,9.75833,15.5598,10.7865,64.1389,96,67,8.78333,82,31.4607,79,2679,3811.67,0,2.33333,0,15.6667,135,104.667,813,False,False,True,False,0.606045,0.778075,good,True
p16,2019-11-18,2019-11-18 14:35:09,False,3,3,3,4,3,3,8,0,False,stages,7.71667,7.45,11.3417,10.5583,14.5756,13.3909,62.8966,89,68,9.03333,79,22.8942,77,1594,2942,0,0,0,4.33333,89,108.667,824,False,False,True,False,0,0,neutral,True
p16,2019-11-19,2019-11-19 13:14:45,False,4,3,4,5,2,3,6,1,False,stages,5.91667,7.01667,12.1,11.5611,14.4578,15.7746,63.1099,92,67,6.91667,60,25.9155,73,1838,2037,1,0.333333,13,4.33333,67,97,818,False,False,False,False,1.08698,1.39553,good,True
p16,2019-11-20,2019-11-20 13:37:34,False,3,2,3,3,3,2,7,2,False,stages,6.73333,6.78889,10.9167,11.4528,15.4812,15.099,63.8405,88,67,7.96667,74,23.0198,72,1998,1810,0,0.333333,0,4.33333,90,82,935,False,False,False,False,-0.552461,-0.709281,bad,True
p16,2019-11-21,2019-11-21 11:36:38,False,3,2,3,4,3,3,7,3,False,stages,6.2,6.28333,9.49167,10.8361,13.8889,17.4731,65.1898,90,68,7.2,60,25.5376,74,1233,1689.67,0,0.333333,0,4.33333,91,82.6667,871,False,False,False,False,-0.552461,-0.709281,bad,True
p16,2019-11-22,2019-11-22 14:47:17,False,3,2,3,5,3,2,8,4,False,stages,8.23333,7.05556,10.775,10.3944,15.411,17.4089,65.4501,87,68,9.73333,90,26.3158,83,5438,2889.67,0,0,11,3.66667,117,99.3333,880,False,False,False,False,-0.552461,-0.709281,bad,True
p16,2019-11-23,2019-11-23 15:01:04,False,3,3,3,4,3,3,7,5,False,stages,6.88333,7.10556,12.2333,10.8333,13.7787,15.7385,64.8109,91,68,7.98333,66,24.9395,74,4593,3754.67,0,0,29,13.3333,118,108.667,709,False,False,False,False,0,0,neutral,True
p16,2019-11-24,2019-11-24 14:47:23,False,4,4,3,5,3,3,7,6,False,stages,6.83333,7.31667,12.7667,11.925,13.5021,12.9268,64.2582,93,69,7.9,64,26.3415,77,2103,4044.67,2,0.666667,0,13.3333,88,107.667,873,False,False,True,False,1.15851,1.48736,good,True
p16,2019-11-25,2019-11-25 15:25:30,False,3,3,3,4,3,3,7,0,False,stages,6.66667,6.79444,12.8833,12.6278,15.2542,15.75,62.6512,94,68,7.86667,72,25.5,75,1124,2606.67,0,0.666667,0,9.66667,79,95,887,False,False,True,False,0,0,neutral,True
p16,2019-11-26,2019-11-26 15:08:59,False,3,3,3,4,3,3,7,1,False,stages,7.43333,6.97778,12.125,12.5917,15.2091,18.3857,61.7676,92,68,8.76667,80,25.1121,80,847,1358,0,0.666667,0,0,56,74.3333,912,False,False,False,False,0,0,neutral,True
p16,2019-11-27,2019-11-27 10:53:29,False,2,2,3,4,3,2,5,2,False,stages,3.86667,5.98889,11.925,12.3111,16.5468,5.17241,63.3171,91,66,4.63333,46,25.431,57,907,959.333,0,0,0,0,67,67.3333,847,False,False,False,False,-1.15851,-1.48736,bad,True
p16,2019-11-28,2019-11-28 11:33:35,False,3,3,3,4,3,4,6,3,False,stages,6.11667,5.80556,9.975,11.3417,12.619,16.6213,62.5822,93,67,7,53,21.7984,75,4527,2093.67,0,0,21,7,104,75.6667,1037,False,False,False,False,0,0,neutral,True
p16,2019-11-29,2019-11-29 14:02:30,False,3,3,3,4,3,3,9,4,False,stages,8.88333,6.28889,9.51667,10.4722,13.6143,18.3865,63.9425,87,66,10.2833,84,26.6417,85,4089,3174.33,0,0,22,14.3333,98,89.6667,,False,False,False,False,0,0,neutral,True
p16,2019-11-30,2019-11-30 15:09:18,False,4,3,3,4,3,3,8,5,False,stages,8.43333,7.81111,11.4583,10.3167,11.0721,23.5178,60.7348,96,66,9.48333,63,26.087,91,2965,3860.33,0,0,0,14.3333,121,107.667,702,False,False,False,False,0.606045,0.778075,good,True
p16,2019-12-01,2019-12-01 14:43:15,False,4,3,3,5,3,3,7,6,False,stages,6.88333,8.06667,12.45,11.1417,10.0218,15.4964,60.5382,96,65,7.65,46,25.4237,80,2061,3038.33,0,0,10,10.6667,91,103.333,770,False,False,True,False,0.606045,0.778075,good,True
p16,2019-12-03,2019-12-03 15:55:30,False,3,3,3,5,3,2,7,1,False,stages,6.71667,6.78333,12.7,12.3472,12.7706,15.8809,62.6775,93,66,7.7,59,22.0844,75,2161,1743,0,0,0,3.33333,93,84.3333,880,False,False,False,False,0,0,neutral,True
p16,2019-12-04,2019-12-04 14:59:40,False,3,4,2,5,3,4,8,2,False,stages,7.88333,7.11667,11.575,12.0556,12.5693,19.0275,59.9262,94,67,9.01667,68,22.4101,83,865,1344.33,0,0,0,0,77,79.6667,,False,False,False,False,0.071522,0.0918241,neutral,True
p16,2019-12-05,2019-12-05 13:41:07,False,3,3,3,4,3,4,7,3,False,stages,6.73333,7.11111,11.9833,12.0861,12.1739,15.099,62.4234,94,66,7.66667,56,21.7822,77,2232,1752.67,1,0.333333,12,4,126,98.6667,761,False,False,False,False,0,0,neutral,True
p16,2019-12-06,2019-12-06 15:03:04,False,3,3,3,4,3,3,6,4,False,stages,6.4,7.00556,12.5583,12.0389,8.7886,20.0521,66.5075,93,66,7.01667,37,25.5208,76,2445,1847.33,0,0.333333,11,7.66667,170,124.333,799,False,False,False,False,0,0,neutral,True
p16,2019-12-07,2019-12-07 15:48:46,False,3,3,2,5,3,3,6,5,False,stages,6.5,6.54444,13.1833,12.575,13.7168,16.1538,65.7497,93,68,7.53333,62,22.3077,74,1866,2181,0,0.333333,9,10.6667,75,123.667,935,False,False,False,False,-0.480939,-0.617457,bad,True
p16,2019-12-08,2019-12-08 15:25:31,False,3,3,1,4,3,3,6,6,False,stages,6.65,6.51667,12.4667,12.7361,17.0478,19.7995,65.8845,87,68,8.01667,82,31.8296,73,487,1599.33,0,0,0,6.66667,36,93.6667,,False,False,True,False,-0.961878,-1.23491,bad,True
p16,2019-12-09,2019-12-09 13:31:52,False,3,3,1,4,3,2,3,0,False,stages,2.78333,5.31111,14.8417,13.4972,18.932,12.5749,77.2155,89,68,3.43333,39,22.1557,55,771,1041.33,0,0,0,3,56,55.6667,903,False,False,True,False,-0.961878,-1.23491,bad,True
p16,2019-12-10,2019-12-10 16:13:44,False,3,3,3,5,3,3,8,1,False,stages,8.05,5.82778,11.3083,12.8722,10.3896,21.9462,62.5801,94,69,8.98333,56,16.7702,88,5002,2086.67,0,0,15,5,124,72,,False,False,False,False,0,0,neutral,True
p16,2019-12-11,2019-12-11 15:28:29,False,4,3,4,5,3,3,8,2,False,stages,7.76667,6.2,12.3,12.8167,12.406,12.4464,62.7582,94,67,8.86667,66,28.5408,81,2938,2903.67,0,0,0,5,144,108,757,False,False,False,False,1.08698,1.39553,good,True
p16,2019-12-12,2019-12-12 18:05:43,False,3,3,3,4,3,3,8,3,False,stages,7.96667,7.92778,11.3667,11.6583,12.7737,18.6192,61.2697,90,66,9.13333,70,18.2008,80,871,2937,0,0,0,5,71,113,837,False,False,False,False,0,0,neutral,True
p16,2019-12-13,2019-12-13 15:07:18,False,5,3,4,4,3,3,7,4,False,stages,6.68333,7.47222,13.0917,12.2528,13.3909,21.197,66.5823,91,65,7.71667,62,21.4464,75,1608,1805.67,0,0,10,3.33333,60,91.6667,822,False,False,False,False,1.69303,2.17361,good,True
p16,2019-12-21,2019-12-21 15:34:37,False,3,3,3,5,3,4,10,5,False,stages,8.41667,6.4,11.6083,12.2444,11.5587,20,62.9561,92,64,9.51667,66,30.495,89,3141,4237,3,1,0,17.6667,131,126.333,907,False,False,False,True,0,0,neutral,True
p16,2019-12-22,2019-12-22 15:48:15,False,3,3,3,4,3,3,8,6,False,stages,8.25,7.36667,11.6083,11.7806,12.3894,9.29293,61.1854,93,65,9.41667,70,27.6768,85,866,2026.67,0,1,0,0,60,95,809,False,False,True,True,0,0,neutral,True
p16,2019-12-23,2019-12-23 17:11:49,False,4,3,4,4,3,3,7,0,False,stages,6.7,7.78889,11.5083,11.575,14.6497,14.4279,58.312,94,65,7.85,69,28.1095,75,947,1651.33,0,1,0,0,69,86.6667,806,False,False,True,True,1.08698,1.39553,good,True
p16,2019-12-24,2019-12-24 14:05:09,False,5,3,4,3,3,4,6,1,False,stages,6.03333,6.99444,11.3,11.4722,12.3487,20.442,61.3872,91,64,6.88333,51,19.0608,77,1828,1213.67,0,0,0,0,126,85,843,False,False,False,True,1.69303,2.17361,good,True
p16,2019-12-25,2019-12-25 17:13:28,False,3,3,3,4,3,3,8,2,False,stages,8.4,7.04444,12.1333,11.6472,10.3203,26.3889,63.2351,92,64,9.36667,58,26.1905,89,4974,2583,0,0,27,9,147,114,853,False,False,False,True,0,0,neutral,True
p16,2019-12-26,2019-12-26 15:33:03,False,3,3,3,4,3,4,8,3,False,stages,7.91667,7.45,10.8917,11.4417,14.2599,15.5789,59.2796,92,65,9.23333,79,27.3684,80,2354,3052,0,0,10,12.3333,92,121.667,776,False,False,False,True,0,0,neutral,True
p16,2019-12-27,2019-12-27 13:09:50,False,3,2,3,4,3,2,6,4,False,stages,5.95,7.42222,11.5917,11.5389,13.5593,13.4454,61.7337,92,65,6.88333,56,20.7283,72,1224,2850.67,0,0,0,12.3333,85,108,801,False,False,False,True,-0.552461,-0.709281,bad,True
p16,2019-12-29,2019-12-29 16:19:58,False,4,3,4,4,3,3,6,6,False,stages,6.51667,6.61667,12.075,11.5056,11.9369,20.2046,63.289,90,66,7.4,53,27.11,78,2539,4014.33,0,0,0,20,118,143.667,831,False,False,True,True,1.08698,1.39553,good,True
p16,2019-12-30,2019-12-30 11:28:59,False,3,2,3,4,3,3,5,0,False,stages,4.85,6.25,11.5417,11.4889,10.7362,9.62199,69.1054,91,68,5.43333,35,18.5567,67,1556,4125,0,0,0,20,89,145,907,False,False,True,True,-0.552461,-0.709281,bad,True
p16,2019-12-31,2019-12-31 16:33:55,False,4,3,4,5,3,4,8,1,False,stages,7.93333,6.43333,12.4583,12.025,9.33333,21.2185,64.0791,98,70,8.75,49,27.7311,87,7533,3876,0,0,23,7.66667,274,160.333,817,False,False,False,True,1.08698,1.39553,good,True
p16,2020-01-01,2020-01-01 20:51:58,False,4,2,4,3,3,3,7,2,False,stages,7.63333,6.80556,13.9,12.6333,14.5522,20.524,75.1584,87,70,8.93333,78,21.3974,74,1659,3582.67,0,0,0,7.66667,100,154.333,815,False,False,False,True,0.534523,0.686251,good,True
p16,2020-01-07,2020-01-07 18:02:11,False,3,2,3,3,3,2,5,1,False,stages,5.56667,5.79444,14.15,14.3278,16.2907,8.38323,61.6462,91,67,6.65,65,20.3593,68,,955.5,,0,,0,,74,,True,False,False,False,-0.552461,-0.709281,bad,False
p16,2020-01-08,2020-01-08 16:51:28,False,3,3,3,4,3,3,6,2,False,stages,6.15,5.93889,13.6333,13.9056,12.5592,19.7832,65.0758,92,66,7.03333,53,17.3442,77,644,670,0,0,0,0,50,54.5,991,False,False,False,False,0,0,neutral,True
p16,2020-01-09,2020-01-09 18:51:51,False,3,3,3,4,3,3,6,3,False,stages,6.21667,5.97778,12.1417,13.3083,15.2273,10.1877,65.3672,88,67,7.33333,67,31.0992,70,1071,857.5,0,0,0,0,91,70.5,927,False,False,False,False,0,0,neutral,True
p16,2020-01-10,2020-01-10 20:02:44,False,4,3,3,5,3,4,8,4,False,stages,7.98333,6.78333,12.8917,12.8889,13.3816,15.4489,59.9938,94,67,9.21667,74,24.8434,80,614,776.333,0,0,0,0,57,66,943,False,False,False,False,0.606045,0.778075,good,True
p16,2020-01-11,2020-01-11 19:17:16,False,3,2,3,3,3,2,5,5,False,stages,4.98333,6.39444,14.9583,13.3306,14.8148,15.7191,64.9366,87,65,5.85,52,17.7258,63,2089,1258,0,0,13,4.33333,67,71.6667,807,False,False,False,False,-0.552461,-0.709281,bad,True
p16,2020-01-12,2020-01-12 19:46:27,False,3,3,3,4,3,4,8,6,False,stages,7.88333,6.95,12.3,13.3833,15.9858,13.1078,60.6154,93,66,9.38333,90,22.1987,77,1609,1437.33,0,0,0,4.33333,100,74.6667,989,False,False,True,False,0,0,neutral,True
p16,2020-01-13,2020-01-13 16:36:17,False,4,3,4,4,3,3,6,0,False,stages,6.48333,6.45,13.8917,13.7167,14.128,16.9666,61.6428,90,65,7.55,64,24.1645,73,1249,1649,0,0,0,4.33333,84,83.6667,,False,False,True,False,1.08698,1.39553,good,True
p16,2020-01-14,2020-01-14 21:25:38,False,3,3,3,4,3,4,7,1,False,stages,7.16667,7.17778,12.9333,13.0417,11.7043,20.9302,61.1359,95,65,8.11667,57,20,83,861,1239.67,0,0,0,0,62,82,925,False,False,False,False,0,0,neutral,True
p16,2020-01-15,2020-01-15 19:26:40,False,3,2,2,4,3,3,6,2,False,stages,6.2,6.61667,14.2167,13.6806,13.8889,17.7419,62.1094,92,65,7.2,60,29.8387,75,693,934.333,0,0,0,0,66,70.6667,887,False,False,False,False,-1.0334,-1.32674,bad,True
p16,2020-01-16,2020-01-16 16:51:03,False,3,2,3,4,3,2,6,3,False,stages,5.96667,6.44444,12.9,13.35,11.6049,17.8771,60.547,98,65,6.75,47,27.3743,76,827,793.667,0,0,0,0,69,65.6667,939,False,False,False,False,-0.552461,-0.709281,bad,True
p16,2020-01-17,2020-01-17 16:08:45,False,3,3,2,4,3,2,7,4,False,stages,7.38333,6.51667,12.2833,13.1333,10.6855,16.4786,64.4483,91,64,8.26667,53,25.7336,79,1205,908.333,0,0,0,0,82,72.3333,953,False,False,False,False,-0.480939,-0.617457,bad,True
p16,2020-01-19,2020-01-19 15:31:20,False,3,3,3,5,3,3,6,6,False,stages,6.05,6.18333,11.6667,12.5,12.3188,15.978,59.2214,95,65,6.9,51,23.6915,76,3036,2343.33,0,0,11,7.66667,117,109.333,,False,False,True,False,0,0,neutral,True
p16,2020-01-20,2020-01-20 16:41:30,False,3,3,3,4,3,3,6,0,False,stages,6.3,5.82222,11.2917,12.1694,11.6822,20.1058,61.441,93,64,7.13333,50,18.254,76,1129,2318,0,0,0,7.66667,84,110,942,False,False,True,False,0,0,neutral,True
p16,2020-01-21,2020-01-21 11:59:05,False,3,2,2,3,3,3,4,1,False,stages,4.65,5.66667,11.2083,11.3889,14.6789,14.3369,65.4052,89,64,5.45,48,20.7885,66,1975,2046.67,0,0,0,3.66667,89,96.6667,923,False,False,False,False,-1.0334,-1.32674,bad,True
p16,2020-01-22,2020-01-22 17:24:59,False,3,3,4,5,3,3,7,2,False,stages,7.7,6.21667,12.025,11.5083,12.334,17.9654,64.0406,92,65,8.78333,65,26.6234,79,4620,2574.67,4,1.33333,24,8,110,94.3333,979,False,False,False,False,0.480939,0.617457,good,True
p16,2020-01-24,2020-01-24 17:44:41,False,3,4,4,4,4,4,8,4,False,stages,7.95,7.04444,12.0167,12.4167,12.3162,16.1426,62.6924,89,67,9.06667,67,25.1572,80,2218,2989.33,0,1.66667,0,8,102,100.667,960,False,False,False,False,1.0334,1.32674,good,True
p16,2020-01-25,2020-01-25 22:12:46,False,3,3,3,5,3,3,6,5,False,stages,6.16667,6.53333,14.1167,13.1139,8.41584,19.4595,63.7279,97,67,6.73333,34,25.4054,80,802,1716.67,0,0.333333,0,0,69,87,827,False,False,False,False,0,0,neutral,True
p16,2020-01-26,2020-01-26 19:32:55,False,4,4,4,4,3,4,6,6,False,stages,6.38333,6.83333,13.975,13.3694,15.0776,8.35509,65.057,97,67,7.51667,68,25.3264,71,1980,1666.67,0,0,0,0,88,86.3333,948,False,False,True,False,1.63945,2.10481,good,True
p16,2020-01-27,2020-01-27 16:42:41,False,3,3,4,5,3,3,7,0,False,stages,6.85,6.46667,13.05,13.7139,11.039,10.4623,62.1902,90,67,7.7,51,23.8443,77,757,1179.67,0,0,0,0,57,71.3333,932,False,False,True,False,0.480939,0.617457,good,True
p16,2020-01-28,2020-01-28 21:52:35,False,2,2,2,4,3,3,5,1,False,stages,5.11667,6.11667,14.1333,13.7194,12.5356,11.7264,66.0677,92,67,5.85,44,25.7329,68,2118,1618.33,0,0,0,0,101,82,877,False,False,False,False,-1.63945,-2.10481,bad,True
p16,2020-01-29,2020-01-29 17:27:47,False,3,3,2,4,3,3,6,2,False,stages,6.18333,6.05,14.7833,13.9889,13.1148,23.4501,62.855,93,68,7.11667,56,18.8679,79,954,1276.33,0,0,0,0,78,78.6667,1011,False,False,False,False,-0.480939,-0.617457,bad,True
p16,2020-02-01,2020-02-01 20:44:20,False,3,4,3,4,3,4,6,5,False,stages,6.46667,6.67778,14.0833,13.2889,10.3926,26.8041,63.6413,91,68,7.21667,45,25,81,2570,1904.33,0,0,12,7,107,92.6667,808,False,False,False,False,0.552461,0.709281,good,True
p16,2020-02-02,2020-02-02 16:18:34,False,3,3,2,5,2,3,6,6,False,stages,6.26667,6.76111,13.6917,13.4,9.83213,15.1596,61.8317,93,68,6.95,41,24.4681,76,1217,1601.33,0,0,0,4,95,93,912,False,False,True,False,-0.480939,-0.617457,bad,True
p16,2020-02-04,2020-02-04 22:43:16,False,3,3,3,4,3,3,6,1,False,stages,6.55,6.73333,13.95,13.7417,13.245,22.6463,60.7751,94,66,7.55,60,21.6285,79,1063,1217.33,0,0,0,0,83,93.3333,858,False,False,False,False,0,0,neutral,True
p16,2020-02-07,2020-02-07 18:54:05,False,3,3,3,4,3,4,7,4,False,stages,7.21667,6.48333,13.6667,14.1861,13.9165,22.6328,60.4744,93,65,8.38333,70,18.7067,82,819,1258.67,0,0,0,0,69,83.3333,928,False,False,False,False,0,0,neutral,True
p16,2020-02-10,2020-02-10 16:29:18,False,3,1,2,3,3,3,6,0,False,,,,,,,,,,,,,,,345,1261,0,0,0,0,48,76.6667,966,False,False,True,False,-1.58586,-2.03602,bad,False
p16,2020-02-11,2020-02-11 16:05:21,False,4,4,4,4,4,4,12,1,False,stages,12.2167,,7.725,,13.357,27.4216,60.9966,88,65,14.1,113,24.2838,87,,600,,0,,0,,61,,True,False,False,False,1.63945,2.10481,good,False
p16,2020-02-12,2020-02-12 17:41:27,False,3,3,3,5,3,3,5,2,False,stages,5.81667,9.01667,15.2833,11.5042,12.5313,13.7536,61.4862,92,64,6.65,50,19.1977,72,1974,1159.5,0,0,0,0,87,67.5,507,False,False,False,False,0,0,neutral,True
p16,2020-02-13,2020-02-13 15:36:11,False,3,3,3,5,3,3,6,3,False,stages,5.8,7.94444,13.8667,12.2917,12.3426,18.9655,64.5459,96,65,6.61667,49,21.5517,75,1052,1513,0,0,0,0,76,81.5,965,False,False,False,False,0,0,neutral,True
p16,2020-02-16,2020-02-16 16:46:10,False,3,2,3,5,3,3,5,6,False,stages,4.9,6.03889,15.4667,14.9861,9.81595,19.3878,60.9959,96,66,5.43333,32,23.4694,74,755,1647.67,0,0,0,0,63,99.6667,981,False,False,True,False,-0.552461,-0.709281,bad,True
p16,2020-02-17,2020-02-17 17:31:10,False,2,2,2,3,3,2,7,0,False,stages,7.63333,6.15,13.8917,14.875,19.9301,10.917,63.9465,87,67,9.53333,114,25.9825,73,782,1265.33,0,0,0,0,56,85.3333,,False,False,True,False,-1.63945,-2.10481,bad,True
p16,2020-02-18,2020-02-18 16:00:54,False,3,1,2,3,3,4,5,1,False,stages,4.75,5.76111,15.0167,14.7917,14.4144,32.2807,58.783,94,66,5.55,48,20,76,1957,1164.67,0,0,14,4.66667,66,61.6667,,False,False,False,False,-1.58586,-2.03602,bad,True
p16,2020-02-20,2020-02-20 18:01:51,False,4,3,3,4,3,2,6,3,False,stages,6.63333,6.38333,14.5917,14.3556,12.9103,18.593,60.4897,94,64,7.61667,59,26.8844,78,1470,1451.67,0,0,10,8,52,64.3333,840,False,False,False,False,0.606045,0.778075,good,True
p16,2020-02-22,2020-02-22 17:47:08,False,3,2,3,3,3,2,6,5,False,stages,6.58333,6.32222,15.0417,15.0139,20.202,8.60759,63.0672,87,66,8.25,100,20.7595,66,654,1089.33,0,0.333333,0,3.33333,55,64.6667,987,False,False,False,False,-0.552461,-0.709281,bad,True
p16,2020-02-27,2020-02-27 16:11:01,False,3,2,2,4,3,3,5,3,False,stages,5.33333,5.89444,15.6917,14.8528,16.0105,16.25,64.7956,91,67,6.35,61,23.75,67,1369,1053.67,0,0,0,0,93,74.3333,,False,False,False,False,-1.0334,-1.32674,bad,True
p16,2020-02-28,2020-02-28 17:39:34,False,3,3,3,4,3,3,6,4,False,stages,6.3,6.52778,16.1667,15.3333,13.8952,24.6032,64.4535,90,67,7.31667,61,22.4868,76,848,1059.33,0,0,0,0,66,76.3333,,False,False,False,False,0,0,neutral,True
p16,2020-03-05,2020-03-05 08:21:37,False,3,3,3,4,3,3,6,3,False,stages,6.61667,6.91667,3.16667,8.2375,15.1709,10.8312,71.9978,86,65,7.8,71,28.2116,66,685,1311.67,0,0,0,4.33333,62,79,,False,False,False,False,0,0,neutral,True
p16,2020-03-06,2020-03-06 13:31:22,False,3,3,2,4,3,2,9,4,False,stages,8.7,7.65833,8.41667,5.79167,13.289,10.5364,64.572,89,67,10.0333,80,20.4981,79,748,1307.33,0,0,0,4.33333,60,76,912,False,False,False,False,-0.480939,-0.617457,bad,True
p16,2020-03-08,2020-03-08 12:44:44,False,3,3,3,4,3,2,6,6,False,stages,6.73333,5.86111,1.08333,6.55833,18.3838,15.3465,62.0966,90,67,8.25,91,17.8218,67,,1371.5,,0,,0,,71.5,,True,False,True,False,0,0,neutral,False
p16,2020-03-11,2020-03-11 12:33:15,False,3,2,2,4,3,2,6,2,False,stages,6.11667,5.09167,9.2,10.075,14.4522,22.6158,64.5765,89,70,7.15,62,23.4332,75,1398,1611.67,0,0,0,0,97,93.3333,,False,False,False,False,-1.0334,-1.32674,bad,True
p16,2020-03-15,2020-03-15 09:33:15,False,4,4,4,4,4,4,10,6,False,stages,9.56667,9.35833,3.88333,8.78333,13.8138,13.7631,64.9751,91,68,11.1,92,28.5714,84,,1237,,0,,0,,69.5,,True,True,True,False,1.63945,2.10481,good,False
p16,2020-03-17,2020-03-17 10:54:27,False,3,2,3,4,3,3,5,1,False,stages,5.23333,7.66111,7.36667,5.96389,13.2597,19.1083,68.9723,88,68,6.03333,48,19.4268,69,2410,1814.5,0,0,0,0,113,99,762,False,True,False,False,-0.552461,-0.709281,bad,False
p16,2020-03-18,2020-03-18 10:47:19,False,4,3,4,4,3,4,8,2,False,stages,8.65,7.35556,6.70833,6.90556,13.9303,22.158,66.0102,90,70,10.05,84,25.4335,87,1263,1630.67,0,0,0,0,96,98,982,False,True,False,False,1.08698,1.39553,good,False
