pid,date,ts_local,night_report,mood,fatigue,stress,readiness,soreness,sleep_quality,sleep_duration_h,weekday,sleep_after_survey,sleep_type,sleep_h_lag1,sleep_h_avg3,bedtime_h_lag1,bedtime_h_avg3,wake_pct_lag1,rem_pct_lag1,hr_sleep_mean_lag1,sleep_eff_lag1,rhr_night_lag1,time_in_bed_h_lag1,wake_min_lag1,deep_pct_lag1,ss_overall_lag1,steps_lag1,steps_avg3,z_cardio_peak_lag1,z_cardio_peak_avg3,mvpa_lag1,mvpa_avg3,lightly_lag1,lightly_avg3,sedentary_lag1,nonwear_dm1,post_lockdown,weekend_Dm1,holiday,comp,z,label,in_analysis_window,persona_role
p01,2019-11-01,2019-11-01 09:31:40,False,3,2,3,5,2,3,6,4,False,,,,,,,,,,,,,,,,,,,,,,,,True,False,False,False,-0.612062,-0.896612,bad,False,main
p01,2019-11-02,2019-11-02 11:00:01,False,3,2,3,6,2,3,6,5,False,stages,6.3,,6.15833,,12.093,21.9577,54.1992,97,53,7.16667,52,9.52381,79,17873,,3,,130,,245,,636,False,False,False,False,-0.612062,-0.896612,bad,True,main
p01,2019-11-03,2019-11-03 15:28:03,False,3,3,3,8,3,3,6,6,False,stages,6.3,6.3,6.53333,6.34583,10.4265,13.4921,53.9992,96,52,7.03333,44,10.0529,71,13118,15495.5,0,1.5,99,114.5,202,223.5,709,False,False,True,False,0,0,neutral,True,main
p01,2019-11-04,2019-11-04 08:05:28,False,3,3,3,8,3,3,6,0,False,stages,6.01667,6.20556,5.925,6.20556,9.52381,9.69529,59.1022,96,53,6.65,38,10.2493,68,14312,15101,0,1,108,112.333,262,236.333,648,False,False,True,False,0,0,neutral,True,main
p01,2019-11-05,2019-11-05 07:13:35,False,3,3,3,8,3,3,5,1,False,stages,5.43333,5.91667,6.375,6.27778,9.94475,11.9632,53.112,99,54,6.03333,36,8.28221,73,10970,12800,0,0,51,86,230,231.333,760,False,False,False,False,0,0,neutral,True,main
p01,2019-11-06,2019-11-06 08:13:02,False,3,3,3,5,2,3,5,2,False,stages,5.68333,5.71111,6.425,6.24167,6.31868,11.1437,60.2898,99,52,6.06667,23,19.3548,67,16186,13822.7,19,6.33333,78,79,263,251.667,737,False,False,False,False,0,0,neutral,True,main
p01,2019-11-07,2019-11-07 07:39:25,False,3,3,3,7,3,3,5,3,False,stages,5.2,5.43889,5.75833,6.18611,14.7541,8.97436,57.0672,97,54,6.1,54,14.1026,71,8189,11781.7,8,9,21,50,206,233,849,False,False,False,False,0,0,neutral,True,main
p01,2019-11-08,2019-11-08 10:05:09,False,3,3,3,7,3,3,6,4,False,stages,6,5.62778,5.80833,5.99722,8.16327,22.7778,59.7437,100,53,6.53333,32,9.44444,74,8710,11028.3,2,9.66667,26,41.6667,182,217,866,False,False,False,False,0,0,neutral,True,main
p01,2019-11-09,2019-11-09 09:00:27,False,3,3,3,8,3,3,6,5,False,stages,5.73333,5.64444,6.525,6.03056,12.0205,18.6047,57.095,99,53,6.51667,47,10.4651,74,12888,9929,2,4,92,46.3333,212,200,744,False,False,False,False,0,0,neutral,True,main
p01,2019-11-10,2019-11-10 21:38:08,False,3,3,3,7,3,3,6,6,False,stages,6.36667,6.03333,6.25833,6.19722,9.47867,21.2042,55.6088,99,53,7.03333,40,13.6126,81,16450,12682.7,0,1.33333,91,69.6667,305,233,653,False,False,True,False,0,0,neutral,True,main
p01,2019-11-12,2019-11-12 08:33:27,False,3,2,3,4,2,3,6,1,False,stages,6.3,5.98889,5.31667,5.90833,10.6383,10.0529,57.8709,98,52,7.05,45,13.4921,70,12519,15604,22,9,53,90,220,262.667,811,False,False,False,False,-0.612062,-0.896612,bad,True,main
p01,2019-11-13,2019-11-13 10:46:33,False,3,3,2,7,3,3,5,2,False,stages,5.33333,5.64444,6.46667,5.97778,11.3573,25.625,55.3443,97,52,6.01667,41,8.75,76,10392,13584.7,2,9.66667,52,77,221,234.667,744,False,False,False,False,-1.20605,-1.76674,bad,True,main
p01,2019-11-14,2019-11-14 07:14:23,False,2,3,2,7,3,3,5,3,False,stages,5.41667,5.68333,6.36667,6.05,11.4441,13.8462,57.4129,99,51,6.11667,42,12.9231,65,11185,11365.3,0,8,57,54,197,212.667,825,False,False,False,False,-2.42831,-3.55724,bad,True,main
p01,2019-11-15,2019-11-15 06:38:25,False,3,2,3,5,2,3,6,4,False,stages,5.7,5.48333,6.23333,6.35556,11.1688,25.1462,55.4258,95,51,6.41667,43,16.9591,74,19220,13599,32,11.3333,174,94.3333,208,208.667,691,False,False,False,False,-0.612062,-0.896612,bad,True,main
p01,2019-11-16,2019-11-16 07:36:43,False,3,2,3,6,2,2,5,5,False,stages,5.28333,5.46667,6.79167,6.46389,11.6992,14.511,54.9521,93,51,5.98333,42,6.30915,67,18259,16221.3,8,13.3333,130,120.333,265,223.333,660,False,False,False,False,-0.612062,-0.896612,bad,True,main
p01,2019-11-17,2019-11-17 06:54:30,False,4,3,3,6,2,4,5,6,False,stages,5.61667,5.53333,6.5,6.50833,10.6101,19.8813,53.3443,96,51,6.28333,40,14.5401,71,15305,17594.7,5,15,111,138.333,302,258.333,668,False,False,True,False,1.22226,1.7905,good,True,main
p01,2019-11-18,2019-11-18 09:29:37,False,3,2,2,8,2,2,5,0,False,stages,5.5,5.46667,6.39167,6.56111,11.2903,18.1818,52.0149,98,51,6.2,42,2.42424,72,11916,15160,3,5.33333,63,101.333,248,271.667,752,False,False,True,False,-1.81811,-2.66335,bad,True,main
p01,2019-11-19,2019-11-19 07:31:46,False,3,2,3,5,2,2,5,1,False,stages,5.3,5.47222,6.28333,6.39167,11.9114,19.8113,57.0008,96,50,6.01667,43,13.522,67,8241,11820.7,41,16.3333,59,77.6667,131,227,878,False,False,False,False,-0.612062,-0.896612,bad,True,main
p01,2019-11-20,2019-11-20 19:49:30,False,3,2,2,7,3,3,6,2,False,stages,6.38333,5.72778,5.46667,6.04722,9.24171,17.2324,57.7523,97,53,7.03333,39,10.1828,74,7134,9097,0,14.6667,31,51,145,174.667,903,False,False,False,False,-1.81811,-2.66335,bad,True,main
p01,2019-11-21,2019-11-21 08:22:22,False,3,3,3,7,3,3,5,3,False,stages,5.45,5.71111,6.06667,5.93889,11.8598,17.737,56.1108,98,52,6.18333,44,10.0917,70,10116,8497,1,14,75,55,200,158.667,743,False,False,False,False,0,0,neutral,True,main
p01,2019-11-22,2019-11-22 07:00:11,False,3,2,3,4,2,3,5,4,False,stages,5.55,5.79444,6.30833,5.94722,10.4839,14.7147,57.6327,97,52,6.2,39,12.3123,66,19747,12332.3,40,13.6667,192,99.3333,197,180.667,680,False,False,False,False,-0.612062,-0.896612,bad,True,main
p01,2019-11-23,2019-11-23 08:02:46,False,3,3,3,8,2,3,5,5,False,stages,5.93333,5.64444,5.96667,6.11389,13.1707,7.02247,55.7756,98,53,6.83333,54,20.7865,71,10938,13600.3,1,14,84,117,187,194.667,797,False,False,False,False,0,0,neutral,True,main
p01,2019-11-24,2019-11-24 14:53:28,False,3,3,3,6,2,2,6,6,False,stages,7.01667,6.16667,6.75833,6.34444,13.7295,19.715,58.9486,95,53,8.13333,67,13.3017,80,20704,17129.7,27,22.6667,165,147,226,203.333,639,False,False,True,False,0,0,neutral,True,main
p01,2019-11-25,2019-11-25 08:04:27,False,3,2,3,7,2,3,5,0,False,stages,5.53333,6.16111,6.525,6.41667,9.53678,9.93976,54.3896,98,53,6.11667,35,6.62651,71,16517,16053,10,12.6667,124,124.333,263,225.333,565,False,False,True,False,-0.612062,-0.896612,bad,True,main
p01,2019-11-26,2019-11-26 09:05:18,False,3,3,3,7,3,3,5,1,False,stages,5.3,5.95,5.81667,6.36667,14.2857,9.74843,53.9438,98,52,6.18333,53,12.8931,66,12481,16567.3,0,12.3333,55,114.667,251,246.667,767,False,False,False,False,0,0,neutral,True,main
p01,2019-11-27,2019-11-27 08:50:27,False,3,2,3,5,2,3,5,2,False,stages,6.08333,5.63889,5.575,5.97222,10.9756,15.8904,52.4491,97,51,6.83333,45,7.39726,75,16428,15142,40,16.6667,117,98.6667,202,238.667,750,False,False,False,False,-0.612062,-0.896612,bad,True,main
p01,2019-11-28,2019-11-28 07:45:55,False,3,3,3,7,3,2,5,3,False,stages,5.68333,5.68889,5.95833,5.78333,12.7877,7.91789,52.7411,94,51,6.51667,50,7.33138,70,10556,13155,1,13.6667,43,71.6667,218,223.667,769,False,False,False,False,0,0,neutral,True,main
p01,2019-11-29,2019-11-29 10:16:47,False,3,2,3,4,2,2,5,4,False,stages,5.15,5.63889,6.2,5.91111,14.4044,26.8608,59.3454,93,49,6.01667,52,13.9159,67,17535,14839.7,38,26.3333,140,100,239,219.667,670,False,False,False,False,-0.612062,-0.896612,bad,True,main
p01,2019-11-30,2019-11-30 18:34:00,False,3,2,3,6,3,3,5,5,False,stages,6.7,5.84444,6.51667,6.225,7.58621,10.6965,52.3307,97,50,7.25,33,10.199,74,16209,14766.7,6,15,115,99.3333,255,237.333,709,False,False,False,False,-0.612062,-0.896612,bad,True,main
p01,2019-12-01,2019-12-01 09:04:09,False,3,3,3,7,3,3,6,6,False,stages,6.45,6.1,6.05833,6.25833,9.57944,13.9535,53.853,96,51,7.13333,41,9.04393,72,10782,14842,2,15.3333,68,107.667,266,253.333,671,False,False,True,False,0,0,neutral,True,main
p01,2019-12-02,2019-12-02 09:00:43,False,3,3,3,8,3,2,5,0,False,stages,3.16667,5.43889,6.43333,6.33611,10.7981,15.7895,49.7952,95,50,3.55,23,5.26316,65,13736,13575.7,0,2.66667,87,90,295,272,630,False,False,True,False,0,0,neutral,True,main
p01,2019-12-03,2019-12-03 08:23:04,False,3,3,3,7,3,3,5,1,False,stages,5.75,5.12222,6.01667,6.16944,9.21053,17.971,54.0058,98,50,6.33333,35,6.08696,76,12224,12247.3,0,0.666667,56,70.3333,224,261.667,,False,False,False,False,0,0,neutral,True,main
p01,2019-12-04,2019-12-04 09:31:12,False,3,2,3,5,2,2,5,2,False,stages,5.58333,4.83333,6.14167,6.19722,11.1406,12.5373,55.7522,94,50,6.28333,42,12.5373,67,18142,14700.7,35,11.6667,114,85.6667,221,246.667,725,False,False,False,False,-0.612062,-0.896612,bad,True,main
p01,2019-12-05,2019-12-05 08:24:30,False,3,2,3,6,3,2,5,3,False,stages,5.23333,5.52222,6.66667,6.275,11.0482,18.7898,58.3867,95,51,5.88333,39,11.465,66,11745,14037,2,12.3333,63,77.6667,218,221,782,False,False,False,False,-0.612062,-0.896612,bad,True,main
p01,2019-12-06,2019-12-06 08:02:10,False,3,2,3,3,2,2,4,4,False,stages,4.83333,5.21667,6.45,6.41944,19.2201,30,59.3704,89,51,5.98333,69,8.27586,54,18234,16040.3,28,21.6667,143,106.667,262,233.667,682,False,False,False,False,-0.612062,-0.896612,bad,True,main
p01,2019-12-07,2019-12-07 09:00:35,False,3,2,3,6,2,3,7,5,False,stages,7.06667,5.71111,5.48333,6.2,10.1695,14.6226,55.6405,94,53,7.86667,48,17.4528,81,10401,13460,1,10.3333,60,88.6667,198,226,823,False,False,False,False,-0.612062,-0.896612,bad,True,main
p01,2019-12-08,2019-12-08 09:50:37,False,3,3,3,6,2,3,6,6,False,stages,6.7,6.2,6.03333,5.98889,8.63636,26.1194,53.6961,97,52,7.33333,38,5.22388,80,14898,14511,0,9.66667,72,91.6667,363,274.333,533,False,False,True,False,0,0,neutral,True,main
p01,2019-12-09,2019-12-09 09:17:24,False,3,2,3,4,3,2,5,0,False,stages,5.53333,6.43333,5.825,5.78056,13.089,10.5422,57.216,94,51,6.36667,50,11.4458,62,15805,13701.3,0,0.333333,104,78.6667,298,286.333,598,False,False,True,False,-0.612062,-0.896612,bad,True,main
p01,2019-12-10,2019-12-10 09:36:39,False,3,2,3,4,3,3,5,1,False,stages,5.6,5.94444,6.375,6.07778,6.66667,27.0833,52.4947,99,53,6,24,5.95238,78,11223,13975.3,0,0,43,73,290,317,725,False,False,False,False,-0.612062,-0.896612,bad,True,main
p01,2019-12-13,2019-12-13 10:02:18,False,3,2,3,6,3,2,5,4,False,stages,5.61667,5.40556,6.28333,5.78889,8.67209,5.04451,58.768,96,53,6.15,32,17.2107,68,10728,9430.33,1,1.33333,32,46,274,201.333,885,False,False,False,False,-0.612062,-0.896612,bad,True,main
p01,2019-12-14,2019-12-14 16:08:29,False,3,3,3,6,3,3,6,5,False,stages,6.43333,5.23889,6.23333,6.30556,9.60187,7.77202,57.9795,97,54,7.11667,41,8.80829,71,15910,12164.3,0,0.666667,79,61,301,250,691,False,False,False,False,0,0,neutral,True,main
p01,2019-12-15,2019-12-15 21:35:51,False,3,2,3,7,3,3,6,6,False,stages,6.15,6.06667,6.675,6.39722,7.98005,23.0352,57.8122,97,54,6.68333,32,7.58808,74,15348,13995.3,1,0.666667,88,66.3333,303,292.667,622,False,False,True,False,-0.612062,-0.896612,bad,True,main
p01,2019-12-16,2019-12-16 09:17:05,False,3,3,3,7,3,3,6,0,False,stages,6.11667,6.23333,5.69167,6.2,7.55668,18.8011,57.7957,99,54,6.61667,30,8.17439,75,21362,17540,0,0.333333,169,112,357,320.333,513,False,False,True,False,0,0,neutral,True,main
p01,2019-12-17,2019-12-17 21:19:19,False,3,4,3,7,3,3,5,1,False,stages,5.15,5.80556,6.49167,6.28611,11.4613,5.50162,57.8143,97,53,5.81667,40,16.8285,66,10489,15733,0,0.333333,66,107.667,222,294,755,False,False,False,False,0.612062,0.896612,good,True,main
p01,2019-12-21,2019-12-21 12:52:58,False,3,3,2,7,3,3,6,5,False,stages,6.41667,5.34444,7.00833,7.23889,7.22892,25.7143,52.4418,99,54,6.91667,30,7.53247,79,13110,15593,2,1,73,84.3333,268,278,805,False,False,False,True,-1.20605,-1.76674,bad,True,main
p01,2019-12-22,2019-12-22 08:00:15,False,3,3,3,7,3,3,6,6,False,stages,6.71667,5.86111,6.44167,7.08611,9.23423,15.1365,51.3638,97,53,7.4,41,9.18114,78,17760,16588,2,1.33333,142,109.667,227,264.333,656,False,False,True,True,0,0,neutral,True,main
p01,2019-12-23,2019-12-23 09:25:34,False,3,3,3,7,3,3,5,0,False,stages,7.16667,6.76667,6.84167,6.76389,10.0418,14.8837,55.6525,95,52,7.96667,48,8.60465,79,18170,16346.7,7,3.66667,144,119.667,331,275.333,521,False,False,True,True,0,0,neutral,True,main
p01,2019-12-25,2019-12-25 12:04:46,False,3,3,3,8,3,3,7,2,False,stages,7.05,6.78889,7.43333,6.94167,11.875,20.5674,54.4122,97,52,8,57,13.4752,82,13316,16237.7,1,5.33333,59,101,435,364,536,False,False,False,True,0,0,neutral,True,main
p01,2019-12-26,2019-12-26 15:06:50,False,3,3,3,7,3,3,7,3,False,stages,6.76667,6.65556,6.325,6.76944,9.77778,23.399,53.1841,96,51,7.5,44,5.66502,78,11804,14115.7,0,3,79,79.3333,256,339,625,False,False,False,True,0,0,neutral,True,main
p01,2019-12-27,2019-12-27 09:50:24,False,3,2,3,4,2,2,7,4,False,stages,6.95,6.92222,6.74167,6.83333,9.34783,18.705,53.1262,94,50,7.66667,43,16.5468,78,16891,14003.7,35,12,146,94.6667,287,326,557,False,False,False,True,-0.612062,-0.896612,bad,True,main
p01,2019-12-28,2019-12-28 20:34:52,False,3,2,3,5,2,2,6,5,False,stages,7.31667,7.01111,6.00833,6.35833,9.67078,15.7175,55.7616,94,50,8.1,47,8.88383,75,10161,12952,0,11.6667,49,91.3333,301,281.333,630,False,False,False,True,-0.612062,-0.896612,bad,True,main
p01,2019-12-29,2019-12-29 09:41:48,False,3,2,3,6,2,3,6,6,False,stages,6.96667,7.07778,6.1,6.28333,11.4407,20.0957,56.0535,96,50,7.86667,54,13.3971,74,12445,13165.7,0,11.6667,33,76,379,322.333,542,False,False,True,True,-0.612062,-0.896612,bad,True,main
p01,2019-12-30,2019-12-30 09:17:11,False,3,2,3,6,2,3,5,0,False,stages,5.63333,6.63889,8.05833,6.72222,10.582,12.426,57.6378,98,51,6.3,40,12.7219,65,13699,12101.7,3,1,109,63.6667,277,319,582,False,False,True,True,-0.612062,-0.896612,bad,True,main
p01,2020-01-01,2020-01-01 11:56:15,False,3,3,3,7,3,3,5,2,False,stages,6,5.9,7.95,7.72222,9.3199,17.2222,53.3024,98,52,6.61667,37,13.0556,75,11490,11792,0,1,32,53,343,304,659,False,False,False,True,0,0,neutral,True,main
p01,2020-01-02,2020-01-02 09:12:01,False,3,3,3,7,2,3,8,3,False,stages,8.5,6.85556,2.375,5.82778,8.92857,20.7843,52.4163,96,53,9.33333,50,14.3137,88,11847,11174.7,2,0.666667,47,32.3333,309,314.667,687,False,False,False,False,0,0,neutral,True,main
p01,2020-01-03,2020-01-03 08:17:54,False,3,3,3,7,3,3,5,4,False,stages,6.13333,6.87778,5.325,5.21667,12.7962,23.3696,55.7394,96,52,7.03333,54,11.6848,73,10346,11227.7,2,1.33333,48,42.3333,196,282.667,636,False,False,False,False,0,0,neutral,True,main
p01,2020-01-04,2020-01-04 10:17:04,False,2,2,3,5,2,3,7,5,False,stages,7.65,7.42778,5.73333,4.47778,11.7308,16.3399,57.833,99,51,8.66667,61,3.48584,78,17431,13208,29,11,135,76.6667,170,225,713,False,False,False,False,-1.83433,-2.68711,bad,True,main
p01,2020-01-06,2020-01-06 06:25:40,False,3,2,2,5,2,2,5,0,False,stages,5.3,6.70556,6.59167,6.12778,8.88252,11.3208,54.7676,99,52,5.81667,31,20.4403,72,11425,15008.7,1,27.3333,71,106,257,212.333,631,False,False,True,False,-1.81811,-2.66335,bad,True,main
p01,2020-01-07,2020-01-07 11:35:32,False,3,2,3,6,2,2,5,1,False,stages,5.25,5.90556,6.08333,6.24444,10.5114,19.3651,58.2115,98,51,5.86667,37,3.80952,66,11322,12972.3,0,17.6667,68,83.6667,196,221,827,False,False,False,False,-0.612062,-0.896612,bad,True,main
p01,2020-01-08,2020-01-08 12:23:48,False,2,2,2,6,2,2,5,2,False,stages,5.45,5.33333,5.85,6.175,15.9383,26.9113,55.0495,90,53,6.48333,62,6.42202,69,17638,13461.7,33,11.3333,132,90.3333,215,222.667,741,False,False,False,False,-3.04037,-4.45386,bad,True,main
p01,2020-01-09,2020-01-09 08:04:16,False,1,2,2,7,2,1,4,3,False,stages,5.8,5.5,5.975,5.96944,13.4328,18.3908,57.485,93,52,6.7,54,13.7931,67,8149,12369.7,1,11.3333,52,84,146,185.667,853,False,False,False,False,-4.26264,-6.24436,bad,True,main
p01,2020-01-10,2020-01-10 08:42:05,False,3,2,3,5,3,2,5,4,False,stages,5.73333,5.66111,6.43333,6.08611,10.4167,18.0233,57.863,93,53,6.4,40,12.7907,71,13189,12992,19,17.6667,125,103,165,175.333,748,False,False,False,False,-0.612062,-0.896612,bad,True,main
p01,2020-01-11,2020-01-11 10:56:17,False,3,3,3,5,3,3,7,5,False,stages,7.91667,6.48333,5.73333,6.04722,11.3806,23.5789,55.3092,96,52,8.93333,61,0,80,13733,11690.3,1,7,103,93.3333,171,160.667,782,False,False,False,False,0,0,neutral,True,main
p01,2020-01-12,2020-01-12 09:56:59,False,3,3,3,6,3,3,6,6,False,stages,6.9,6.85,6.2,6.12222,10.5832,9.42029,54.5346,98,52,7.71667,49,4.58937,72,13736,13552.7,0,6.66667,87,105,231,189,586,False,False,True,False,0,0,neutral,True,main
p01,2020-01-13,2020-01-13 19:00:00,False,3,2,3,5,3,2,5,0,False,stages,5.03333,6.61667,6.10833,6.01389,7.92683,7.94702,53.585,99,52,5.46667,26,14.9007,68,8820,12096.3,0,0.333333,54,81.3333,181,194.333,742,False,False,True,False,-0.612062,-0.896612,bad,True,main
p01,2020-01-14,2020-01-14 08:06:07,False,3,3,3,7,3,3,6,1,False,stages,6.06667,6,5.49167,5.93333,8.08081,17.033,54.2463,97,52,6.6,32,5.21978,75,8564,10373.3,0,0,68,69.6667,209,207,835,False,False,False,False,0,0,neutral,True,main
p01,2020-01-15,2020-01-15 06:39:20,False,3,3,3,4,2,3,6,2,False,stages,6.36667,5.82222,5.18333,5.59444,11.5741,10.4712,53.4122,93,51,7.2,50,8.90052,78,17723,11702.3,37,12.3333,123,81.6667,208,199.333,713,False,False,False,False,0,0,neutral,True,main
p01,2020-01-16,2020-01-16 10:50:15,False,3,3,3,7,3,3,6,3,False,stages,5.85,6.09444,5.275,5.31667,10.687,15.0997,54.8544,99,51,6.55,42,9.97151,73,14145,13477.3,3,13.3333,87,92.6667,204,207,717,False,False,False,False,0,0,neutral,True,main
p01,2020-01-17,2020-01-17 07:58:30,False,3,3,3,6,2,3,6,4,False,stages,5.83333,6.01667,5.55,5.33611,12.0603,26.5714,57.3595,96,51,6.63333,48,21.7143,73,13888,15252,34,24.6667,135,115,162,191.333,750,False,False,False,False,0,0,neutral,True,main
p01,2020-01-18,2020-01-18 09:04:31,False,3,3,3,7,2,3,5,5,False,stages,5.18333,5.62222,6.80833,5.87778,14.0884,2.2508,53.843,99,52,6.03333,51,15.1125,66,12501,13511.3,7,14.6667,66,96,237,201,739,False,False,False,False,0,0,neutral,True,main
p01,2020-01-19,2020-01-19 09:38:03,False,3,2,3,4,2,3,6,6,False,stages,5.61667,5.54444,8.74167,7.03333,10.3723,9.79228,57.0456,97,51,6.26667,39,19.5846,66,13480,13289.7,47,29.3333,100,100.333,195,198,783,False,False,True,False,-0.612062,-0.896612,bad,True,main
p01,2020-01-20,2020-01-20 09:33:26,False,3,3,2,5,2,3,6,0,False,stages,5.98333,5.59444,5.56667,7.03889,12.8641,13.649,54.6889,99,52,6.86667,53,11.4206,73,13255,13078.7,2,18.6667,94,86.6667,203,211.667,767,False,False,True,False,-1.20605,-1.76674,bad,True,main
p01,2020-01-21,2020-01-21 09:00:23,False,3,3,3,7,3,3,6,1,False,stages,6.08333,5.89444,5.61667,6.64167,9.87654,16.9863,52.2589,97,51,6.75,40,12.8767,77,7492,11409,3,17.3333,27,73.6667,206,201.333,795,False,False,False,False,0,0,neutral,True,main
p01,2020-01-22,2020-01-22 09:08:47,False,3,2,3,6,3,3,5,2,False,stages,5.03333,5.7,6.51667,5.9,8.76133,6.95364,54.4147,99,50,5.51667,29,9.93377,68,11684,10810.3,0,1.66667,51,57.3333,227,212,757,False,False,False,False,-0.612062,-0.896612,bad,True,main
p01,2020-01-23,2020-01-23 21:53:11,False,3,3,3,6,3,3,5,3,False,stages,5.81667,5.64444,6.09167,6.075,11.1959,18.9112,57.0072,98,50,6.55,44,2.5788,71,10162,9779.33,1,1.33333,43,40.3333,247,226.667,819,False,False,False,False,0,0,neutral,True,main
p01,2020-01-24,2020-01-24 13:21:58,False,3,3,3,4,2,3,6,4,False,stages,6.53333,5.79444,5.15,5.91944,12.5,19.1327,55.2217,94,51,7.46667,56,15.051,73,15169,12338.3,28,9.66667,136,76.6667,212,228.667,699,False,False,False,False,0,0,neutral,True,main
p01,2020-01-26,2020-01-26 09:11:52,False,3,2,3,4,2,2,6,6,False,stages,6.35,6.44444,5.95833,5.57778,13.4091,17.8478,52.0346,95,52,7.33333,59,8.66142,71,18231,14707,41,24.6667,123,100.667,248,237.667,632,False,False,True,False,-0.612062,-0.896612,bad,True,main
p01,2020-01-27,2020-01-27 09:00:14,False,3,2,3,6,2,3,5,0,False,stages,5.11667,5.97222,6.46667,6.01667,12.2857,5.53746,54.5884,99,52,5.83333,43,17.5896,69,18422,15791.3,1,15.6667,106,90.6667,284,261.667,610,False,False,True,False,-0.612062,-0.896612,bad,True,main
p01,2020-01-28,2020-01-28 09:48:51,False,3,3,3,7,3,3,5,1,False,stages,5.43333,5.63333,6.05,6.15833,10.4396,11.6564,56.4459,97,51,6.06667,38,8.28221,66,9026,15226.3,2,14.6667,38,89,247,259.667,805,False,False,False,False,0,0,neutral,True,main
p01,2020-01-29,2020-01-29 09:27:21,False,3,2,3,7,3,3,5,2,False,stages,5.41667,5.32222,6.44167,6.31944,9.9723,17.5385,56.5393,99,52,6.01667,36,17.5385,72,14473,13973.7,0,1,124,89.3333,210,247,742,False,False,False,False,-0.612062,-0.896612,bad,True,main
p01,2020-01-30,2020-01-30 10:05:00,False,3,3,3,8,3,3,5,3,False,stages,5.71667,5.52222,6.15,6.21389,10.9091,8.74636,53.3315,98,51,6.41667,42,12.828,73,4749,9416,0,0.666667,31,64.3333,132,196.333,916,False,False,False,False,0,0,neutral,True,main
p01,2020-01-31,2020-01-31 06:36:15,False,3,1,3,3,2,3,5,4,False,stages,5.81667,5.65,5.91667,6.16944,10.0515,24.6418,59.5621,97,50,6.46667,39,11.4613,70,14398,11206.7,39,13,114,89.6667,389,243.667,552,False,False,False,False,-1.22412,-1.79322,bad,True,main
p01,2020-02-01,2020-02-01 08:30:39,False,3,2,3,5,2,2,5,5,False,stages,5.43333,5.65556,6.04167,6.03611,13.2979,11.0429,55.9786,97,53,6.26667,50,4.60123,64,12231,10459.3,2,13.6667,72,72.3333,333,284.667,647,False,False,False,False,-0.612062,-0.896612,bad,True,main
p01,2020-02-02,2020-02-02 09:01:23,False,4,3,3,7,3,3,6,6,False,stages,6.2,5.81667,6.3,6.08611,8.59951,13.9785,56.6558,99,53,6.78333,35,8.60215,69,14409,13679.3,2,14.3333,64,83.3333,402,374.667,,False,False,True,False,1.22226,1.7905,good,True,main
p01,2020-02-03,2020-02-03 09:00:28,False,3,2,3,6,2,2,5,0,False,stages,6.15,5.92778,5.25833,5.86667,11.9332,26.8293,55.2108,95,54,6.98333,50,10.0271,78,11652,12764,2,2,27,54.3333,505,413.333,501,False,False,True,False,-0.612062,-0.896612,bad,True,main
p01,2020-02-04,2020-02-04 11:24:06,False,3,3,3,7,3,3,5,1,False,stages,5.51667,5.95556,6.15,5.90278,10.2981,5.74018,56.6354,98,53,6.15,38,11.7825,70,10754,12271.7,1,1.66667,55,48.6667,432,446.333,534,False,False,False,False,0,0,neutral,True,main
p01,2020-02-05,2020-02-05 07:59:27,False,3,3,3,8,3,3,5,2,False,stages,5,5.55556,6.275,5.89444,11.2426,12.3333,59.6489,99,52,5.63333,38,2.33333,62,8898,10434.7,1,1.33333,19,33.6667,222,386.333,830,False,False,False,False,0,0,neutral,True,main
p01,2020-02-06,2020-02-06 08:31:26,False,3,3,3,6,2,3,5,3,False,stages,5.28333,5.26667,6.35,6.25833,11.4525,9.46372,55.231,96,53,5.96667,41,10.0946,72,18685,12779,34,12,136,70,237,297,729,False,False,False,False,0,0,neutral,True,main
p01,2020-02-07,2020-02-07 06:55:30,False,3,2,3,3,1,2,5,4,False,stages,5.66667,5.31667,6.21667,6.28056,11.4583,25.5882,59.3969,95,52,6.4,44,5.88235,69,24846,17476.3,73,36,263,139.333,197,218.667,622,False,False,False,False,-0.612062,-0.896612,bad,True,main
p01,2020-02-08,2020-02-08 10:08:21,False,3,2,3,5,2,3,7,5,False,stages,7.08333,6.01111,6.05833,6.20833,9.95763,8.23529,53.3852,99,54,7.86667,47,8.23529,80,8131,17220.7,1,36,25,141.333,198,210.667,833,False,False,False,False,-0.612062,-0.896612,bad,True,main
p01,2020-02-09,2020-02-09 09:42:48,False,3,3,3,7,3,3,6,6,False,stages,6.31667,6.35556,6.61667,6.29722,11.2412,16.095,50.882,94,53,7.11667,48,9.76253,76,14197,15724.7,2,25.3333,53,113.667,279,224.667,636,False,False,True,False,0,0,neutral,True,main
p01,2020-02-10,2020-02-10 07:48:59,False,3,3,3,8,3,3,5,0,False,stages,5.45,6.28333,6.46667,6.38056,9.66851,23.8532,57.4425,99,51,6.03333,35,7.64526,70,8963,10430.3,2,1.66667,33,37,229,235.333,751,False,False,True,False,0,0,neutral,True,main
p01,2020-02-11,2020-02-11 21:36:45,False,3,2,3,6,2,3,6,1,False,stages,5.98333,5.91667,6.06667,6.38333,8.18414,26.7409,56.4698,97,51,6.51667,32,20.6128,73,15052,12737.3,34,12.6667,98,61.3333,257,255,723,False,False,False,False,-0.612062,-0.896612,bad,True,main
p01,2020-02-12,2020-02-12 10:38:23,False,3,2,3,7,2,2,5,2,False,stages,5.63333,5.68889,5.83333,6.12222,7.90191,23.0769,55.9988,98,52,6.11667,29,13.3136,74,10533,11516,0,12,58,63,361,282.333,630,False,False,False,False,-0.612062,-0.896612,bad,True,main
p01,2020-02-13,2020-02-13 13:55:06,False,3,3,3,7,3,2,5,3,False,stages,5.5,5.70556,6.21667,6.03889,9.83607,7.27273,54.4094,98,53,6.1,36,12.7273,74,10839,12141.3,6,13.3333,55,70.3333,350,322.667,668,False,False,False,False,0,0,neutral,True,main
p01,2020-02-14,2020-02-14 09:02:26,False,3,1,3,3,2,2,4,4,False,stages,4.11667,5.08333,7.625,6.55833,13.6364,10.9312,59.1243,100,51,4.76667,39,8.90688,55,13617,11663,20,8.66667,45,52.6667,359,356.667,670,False,False,False,False,-1.22412,-1.79322,bad,True,main
p01,2020-02-15,2020-02-15 10:00:23,False,3,2,3,4,3,3,7,5,False,stages,7.05,5.55556,6.28333,6.70833,11.691,3.30969,58.1079,94,53,7.98333,56,9.21986,69,7819,10758.3,0,8.66667,32,44,194,301,928,False,False,False,False,-0.612062,-0.896612,bad,True,main
p01,2020-02-17,2020-02-17 23:18:38,False,3,3,3,5,3,3,5,0,False,stages,4.81667,6.27222,6.36667,6.01667,15.9884,4.15225,56.0625,95,55,5.73333,55,13.4948,66,8837,8328,1,0.5,24,28,244,219,692,False,False,True,False,0,0,neutral,True,main
p01,2020-02-18,2020-02-18 09:10:14,False,3,3,3,6,3,3,6,1,False,stages,6.48333,6.08333,6.35833,6.04167,9.11215,5.65553,55.534,97,53,7.13333,39,7.71208,68,10674,9755.5,4,2.5,22,23,345,294.5,729,False,False,False,False,0,0,neutral,True,main
p01,2020-02-19,2020-02-19 11:04:33,False,3,3,3,7,3,3,6,2,False,stages,5.86667,5.72222,6.9,6.54167,8.57143,6.25,55.6254,99,54,6.41667,33,4.26136,74,,9755.5,,2.5,,23,,294.5,,True,False,False,False,0,0,neutral,False,main
p01,2020-02-20,2020-02-20 09:00:31,False,3,3,3,8,3,3,5,3,False,stages,5.3,5.88333,7.36667,6.875,7.28863,20.4403,52.6975,99,52,5.71667,25,11.0063,75,18691,14682.5,1,2.5,65,43.5,415,380,575,False,False,False,False,0,0,neutral,True,main
p01,2020-02-21,2020-02-21 08:28:18,False,3,3,3,8,3,3,4,4,False,stages,4.38333,5.18333,7.48333,7.25,14.0523,9.5057,52.7799,98,51,5.1,43,0,58,7720,13205.5,2,1.5,34,49.5,217,316,846,False,False,False,False,0,0,neutral,True,main
p01,2020-02-22,2020-02-22 09:00:35,False,3,2,3,5,2,3,6,5,False,stages,6.3,5.32778,6.95,7.26667,9.56938,17.4603,55.8866,97,51,6.96667,40,9.25926,72,17992,14801,27,10,98,65.6667,358,330,678,False,False,False,False,-0.612062,-0.896612,bad,True,main
p01,2020-02-23,2020-02-23 10:00:23,False,3,2,3,6,3,3,6,6,False,stages,6.83333,5.83889,6.59167,7.00833,10.0877,14.878,53.2254,95,52,7.6,46,13.4146,75,15947,13886.3,3,10.6667,24,52,459,344.667,539,False,False,True,False,-0.612062,-0.896612,bad,True,main
p01,2020-02-24,2020-02-24 22:51:11,False,3,3,3,6,2,3,5,0,False,stages,5.25,6.12778,6.23333,6.59167,13.4615,21.9048,55.4417,95,51,6.06667,49,6.03175,71,12227,15388.7,0,10,30,50.6667,378,398.333,576,False,False,True,False,0,0,neutral,True,main
p01,2020-02-25,2020-02-25 09:00:26,False,3,3,3,7,3,3,4,1,False,stages,4.4,5.49444,7.7,6.84167,13.1579,5.30303,54.078,97,50,5.06667,40,4.54545,59,,14087,,1.5,,27,,418.5,,True,False,False,False,0,0,neutral,False,main
p01,2020-02-26,2020-02-26 08:43:51,False,3,3,3,8,3,3,4,2,False,stages,4.93333,4.86111,7.875,7.26944,8.07453,17.9054,69.7788,97,51,5.36667,26,12.8378,69,7365,9796,0,0,38,34,267,322.5,831,False,False,False,False,0,0,neutral,True,main
p01,2020-02-27,2020-02-27 10:00:16,False,3,2,3,6,2,3,5,3,False,stages,5.31667,4.88333,6.21667,7.26389,11.6343,20.6897,59.0818,96,53,6.01667,42,11.2853,68,12554,9959.5,27,13.5,53,45.5,264,265.5,801,False,False,False,False,-0.612062,-0.896612,bad,True,main
p01,2020-02-28,2020-02-28 09:02:27,False,3,2,3,3,2,2,5,4,False,stages,5.3,5.18333,6.625,6.90556,11.1732,21.3836,62.3109,94,54,5.96667,40,17.9245,71,19534,13151,68,31.6667,185,92,209,246.667,685,False,False,False,False,-0.612062,-0.896612,bad,True,main
p01,2020-02-29,2020-02-29 09:02:32,False,3,3,3,5,2,3,6,5,False,stages,6.03333,5.55,6.73333,6.525,12.5604,15.1934,61.9222,94,55,6.9,52,11.0497,69,12513,14867,0,31.6667,25,87.6667,347,273.333,710,False,False,False,False,0,0,neutral,True,main
p01,2020-03-01,2020-03-01 12:19:20,False,3,3,3,6,2,3,5,6,False,stages,5.76667,5.7,7.50833,6.95556,8.46561,16.474,54.1149,96,55,6.3,32,6.06936,73,21999,18015.3,10,26,188,132.667,418,324.667,420,False,False,True,False,0,0,neutral,True,main
p01,2020-03-02,2020-03-02 06:44:55,False,3,2,3,3,2,3,6,0,False,stages,6.1,5.96667,5.73333,6.65833,10.2941,26.2295,57.3006,94,54,6.8,42,10.1093,77,21553,18688.3,2,4,216,143,340,368.333,506,False,False,True,False,-0.612062,-0.896612,bad,True,main
p01,2020-03-03,2020-03-03 07:53:52,False,3,3,3,6,2,3,6,1,False,stages,6.23333,6.03333,5.58333,6.275,7.42574,30.2139,53.8982,99,54,6.73333,30,24.8663,84,11335,18295.7,0,4,32,145.333,252,336.667,748,False,False,False,False,0,0,neutral,True,main
p01,2020-03-04,2020-03-04 09:00:48,False,3,3,3,7,2,2,5,2,False,stages,5,5.77778,6.60833,5.975,12.2807,14.3333,56.0041,96,53,5.7,42,14.3333,67,10117,14335,3,1.66667,61,103,194,262,781,False,False,False,False,0,0,neutral,True,main
p01,2020-03-05,2020-03-05 11:40:49,False,3,3,2,8,3,3,6,3,False,stages,5.96667,5.73333,5.75833,5.98333,11.6049,18.9944,56.6878,97,52,6.75,47,8.10056,75,13093,11515,1,1.33333,40,44.3333,605,350.333,453,False,False,False,False,-1.20605,-1.76674,bad,True,main
p01,2020-03-06,2020-03-06 10:15:18,False,3,2,3,2,1,2,6,4,False,stages,6.15,5.70556,5.75,6.03889,11.9332,15.9892,58.1856,94,52,6.98333,50,15.7182,71,20119,14443,80,28,168,89.6667,416,405,451,False,False,False,False,-0.612062,-0.896612,bad,True,main
p01,2020-03-07,2020-03-07 09:01:48,False,3,3,3,6,2,3,6,5,False,stages,6.53333,6.21667,6.29167,5.93333,13.082,9.18367,57.4093,97,52,7.51667,59,10.2041,68,10480,14564,0,27,40,82.6667,290,437,691,False,False,False,False,0,0,neutral,True,main
p01,2020-03-08,2020-03-08 09:06:45,False,3,3,3,7,3,2,6,6,False,stages,6.18333,6.28889,6.2,6.08056,10.1695,14.5553,56.5598,96,52,6.88333,42,8.62534,71,12847,14482,7,29,110,106,157,287.667,722,False,False,True,False,0,0,neutral,True,main
p01,2020-03-09,2020-03-09 11:28:36,False,3,3,3,7,3,3,5,0,False,stages,5.56667,6.09444,6.25,6.24722,10.6952,11.0778,53.9504,98,52,6.23333,40,17.9641,73,13115,12147.3,2,3,68,72.6667,312,253,647,False,False,True,False,0,0,neutral,True,main
p01,2020-03-10,2020-03-10 10:02:23,False,3,3,3,8,3,3,5,1,False,stages,5.43333,5.72778,5.88333,6.11111,11.8919,16.5644,55.9832,97,51,6.16667,44,6.74847,70,7240,11067.3,0,3,0,59.3333,250,239.667,816,False,False,False,False,0,0,neutral,True,main
p01,2020-03-12,2020-03-12 09:05:31,False,3,3,3,7,2,3,5,3,False,stages,5.51667,5.475,6.73333,6.30833,11.7333,1.81269,56.5668,97,51,6.25,44,11.1782,64,,10260,,16.5,,42,,219.5,,True,True,False,False,0,0,neutral,False,main
p01,2020-03-13,2020-03-13 11:02:31,False,3,3,3,8,3,3,6,4,False,stages,6.48333,6,6.15,6.44167,10.1617,24.1645,51.9852,94,52,7.21667,44,20.5656,82,9835,11557.5,6,19.5,42,63,200,194.5,823,False,True,False,False,0,0,neutral,False,main
p01,2020-03-14,2020-03-14 09:59:49,False,3,3,3,8,3,3,7,5,False,stages,7.43333,6.47778,6.475,6.45278,8.60656,13.9013,59.2072,98,50,8.13333,42,14.3498,76,8744,9289.5,1,3.5,34,38,205,202.5,768,False,True,False,False,0,0,neutral,False,main
p01,2020-03-15,2020-03-15 23:48:57,False,3,2,3,4,2,2,5,6,False,stages,5.01667,6.31111,6.76667,6.46389,14.4886,16.2791,55.0586,95,50,5.86667,51,18.9369,64,9026,9201.67,26,11,48,41.3333,168,191,736,False,True,True,False,-0.612062,-0.896612,bad,False,main
p01,2020-03-16,2020-03-16 07:52:28,False,3,2,3,6,2,2,5,0,False,stages,5.75,6.06667,5.91667,6.38611,14.1791,20.5797,51.2215,98,51,6.7,57,7.24638,76,9937,9235.67,4,10.3333,62,48,200,191,826,False,True,True,False,-0.612062,-0.896612,bad,False,main
p01,2020-03-17,2020-03-17 08:13:38,False,3,2,2,7,3,3,7,1,False,stages,7.88333,6.21667,3.76667,5.48333,11.5888,12.4736,49.8053,100,50,8.91667,62,7.61099,76,6939,8634,1,10.3333,56,55.3333,137,168.333,845,False,True,False,False,-1.81811,-2.66335,bad,False,main
p01,2020-03-18,2020-03-18 23:13:50,False,3,3,2,7,3,2,5,2,False,stages,7.11667,6.91667,6.16667,5.28333,8.76068,19.2037,52.5314,99,50,7.8,41,13.1148,81,,8438,,2.5,,59,,168.5,,True,True,False,False,-1.20605,-1.76674,bad,False,main
p01,2020-03-19,2020-03-19 17:19:53,False,3,2,2,7,3,2,5,3,False,stages,5.53333,6.84444,7.03333,5.65556,12.1693,20.7831,48.8343,97,50,6.3,46,9.03614,74,6403,6671,8,4.5,49,52.5,112,124.5,811,False,True,False,False,-1.81811,-2.66335,bad,False,main
p01,2020-03-20,2020-03-20 12:08:03,False,2,2,2,7,3,2,5,4,False,stages,5.68333,6.11111,6.38333,6.52778,10.2632,21.7009,52.0633,99,49,6.33333,39,10.8504,72,8331,7367,0,4,51,50,204,158,807,False,True,False,False,-3.04037,-4.45386,bad,False,main
p01,2020-03-21,2020-03-21 12:00:39,False,3,2,2,7,2,3,6,5,False,stages,6.35,5.85556,6.41667,6.61111,12.0092,20.9974,52.755,98,49,7.21667,52,10.4987,74,7189,7307.67,0,2.66667,45,48.3333,156,157.333,859,False,True,False,False,-1.81811,-2.66335,bad,False,main
p01,2020-03-22,2020-03-22 09:01:05,False,3,3,3,8,3,3,6,6,False,stages,6.8,6.27778,6.46667,6.42222,10.1322,14.2157,53.435,98,50,7.56667,46,8.82353,74,14653,10057.7,4,1.33333,101,65.6667,249,203,657,False,True,True,False,0,0,neutral,False,main
p01,2020-03-23,2020-03-23 10:39:13,False,3,3,3,8,3,3,6,0,False,stages,6.25,6.46667,6.46667,6.45,11.3475,16.2667,52.7857,99,50,7.05,48,12,73,4773,8871.67,0,1.33333,25,57,168,191,793,False,True,True,False,0,0,neutral,False,main
p01,2020-03-24,2020-03-24 18:03:13,False,3,3,2,8,3,3,7,1,False,stages,7.3,6.78333,5.75833,6.23056,10.9756,15.5251,53.6979,98,50,8.2,54,9.81735,76,5897,8441,1,1.66667,44,56.6667,149,188.667,824,False,True,False,False,-1.20605,-1.76674,bad,False,main
p01,2020-03-25,2020-03-25 12:25:45,False,3,3,3,8,3,2,5,2,False,stages,5.78333,6.44444,6.83333,6.35278,13.8958,11.5274,53.2434,99,50,6.71667,56,19.3084,71,5439,5369.67,2,1,16,28.3333,151,156,781,False,True,False,False,0,0,neutral,False,main
p01,2020-03-27,2020-03-27 22:44:34,False,2,2,2,6,3,2,5,4,False,stages,5.11667,5.93889,8.45,7.16667,11.0145,16.9381,52.5066,97,50,5.75,38,19.2182,72,7357,7305.67,2,1.33333,68,46,142,159.667,771,False,True,False,False,-3.04037,-4.45386,bad,False,main
p01,2020-03-28,2020-03-28 13:07:09,False,3,3,3,8,3,3,6,5,False,stages,5.9,5.97778,7.05833,7.24167,11.9403,16.6667,56.6391,96,50,6.7,48,1.41243,67,11532,9336.67,3,1.66667,93,71.6667,181,169.667,821,False,True,False,False,0,0,neutral,False,main
p01,2020-03-29,2020-03-29 10:02:16,False,3,3,3,8,3,3,5,6,False,stages,5.81667,5.61111,6.775,7.42778,13.7131,10.8883,58.2725,99,51,7.9,65,15.7593,62,16448,11779,5,3.33333,152,104.333,207,176.667,679,False,True,True,False,0,0,neutral,False,main
p01,2020-03-30,2020-03-30 09:24:02,False,3,3,3,8,3,3,6,0,False,stages,6.43333,6.05,6.28333,6.70556,8.74704,18.1347,56.4841,98,53,7.05,37,9.06736,78,6698,11559.3,0,2.66667,41,95.3333,145,177.667,840,False,True,True,False,0,0,neutral,False,main
p06,2019-11-02,2019-11-02 08:06:10,False,4,3,4,6,3,4,7,5,False,stages,8.05,,5.16667,,8.86792,18.8406,47.3774,98,,8.83333,47,22.7743,,,,,,,,,,,True,False,False,False,0.515349,0.729855,good,False,main
p06,2019-11-03,2019-11-03 08:51:12,False,3,2,4,4,2,3,5,6,False,stages,5.41667,6.73333,7.7,6.43333,10.4683,12.6154,50.164,95,47,6.05,38,20,69,21036,,36,,121,,245,,544,False,False,True,False,-1.15929,-1.64182,bad,True,main
p06,2019-11-04,2019-11-04 09:35:36,False,4,3,2,8,3,4,6,0,False,stages,6.51667,6.66111,5.16667,6.01111,8.85781,13.2992,55.2658,97,49,7.15,38,19.4373,74,5840,13438,1,18.5,53,87,204,224.5,820,False,False,True,False,-0.515349,-0.729855,bad,True,main
p06,2019-11-05,2019-11-05 06:21:49,False,4,3,4,8,2,4,6,1,False,stages,6.56667,6.16667,4.95,5.93889,6.85579,20.0508,55.2592,98,50,7.05,29,12.1827,80,16483,14453,42,26.3333,87,87,319,256,605,False,False,False,False,0.515349,0.729855,good,True,main
p06,2019-11-06,2019-11-06 06:47:33,False,4,3,3,5,3,4,7,2,False,stages,7.05,6.71111,4.74167,4.95278,9.03226,11.1111,49.2917,97,50,7.75,42,14.4208,83,22329,14884,43,28.6667,235,125,280,267.667,502,False,False,False,False,0,0,neutral,True,main
p06,2019-11-07,2019-11-07 08:45:20,False,4,4,4,7,3,4,7,3,False,stages,6.31667,6.64444,5.23333,4.975,9.11271,16.6227,47.2657,99,49,6.95,38,29.8153,83,13092,17301.3,5,30,96,139.333,381,326.667,498,False,False,False,False,1.13523,1.60775,good,True,main
p06,2019-11-08,2019-11-08 07:48:15,False,4,3,2,8,3,2,6,4,False,stages,6.2,6.52222,5.45,5.14167,8.82353,18.8172,54.4584,98,48,6.8,36,18.8172,75,17737,17719.3,0,16,121,150.667,434,365,468,False,False,False,False,-0.515349,-0.729855,bad,True,main
p06,2019-11-09,2019-11-09 08:09:13,False,3,2,2,4,3,2,5,5,False,stages,5.61667,6.04444,5.475,5.38611,8.67209,17.5074,49.1392,97,49,6.15,32,27.8932,79,18728,16519,12,5.66667,147,121.333,429,414.667,456,False,False,False,False,-2.18998,-3.10153,bad,True,main
p06,2019-11-10,2019-11-10 18:20:32,False,4,2,4,8,3,2,5,6,False,classic,2.61667,4.81111,4.3,5.075,,,55.2533,95,,2.91667,9,,,6732,14399,0,4,0,89.3333,249,370.667,720,False,False,True,False,-0.104528,-0.148036,neutral,True,main
p06,2019-11-11,2019-11-11 11:14:16,False,4,3,4,8,3,3,6,0,False,stages,8.11667,5.45,1.34167,3.70556,17.7365,15.8111,51.6361,90,49,9.86667,105,24.4353,82,6761,10740.3,0,4,0,49,265,314.333,943,False,False,True,False,0.515349,0.729855,good,True,main
p06,2019-11-12,2019-11-12 12:08:34,False,4,3,4,7,2,4,7,1,False,stages,6.78333,5.83889,3.38333,3.00833,9.95575,25.5528,58.2829,98,48,7.53333,45,23.3415,79,13981,9158,33,11,51,17,289,267.667,508,False,False,False,False,0.515349,0.729855,good,True,main
p06,2019-11-13,2019-11-13 11:31:13,False,3,3,4,7,2,4,7,2,False,stages,7.63333,7.51111,2.9,2.54167,7.09939,26.4192,56.5573,100,49,8.21667,35,17.2489,84,17504,12748.7,32,21.6667,73,41.3333,312,288.667,603,False,False,False,False,-0.539409,-0.76393,bad,True,main
p06,2019-11-14,2019-11-14 13:14:51,False,3,2,3,5,2,3,5,3,False,stages,5.65,6.68889,3.76667,3.35,7.62943,22.1239,57.616,99,49,6.11667,28,20.059,74,15675,15720,29,31.3333,85,69.6667,282,294.333,580,False,False,False,False,-1.67464,-2.37168,bad,True,main
p06,2019-11-15,2019-11-15 13:03:31,False,3,2,3,7,3,4,6,4,False,stages,6.63333,6.63889,4.55,3.73889,9.33941,28.392,58.3433,97,48,7.31667,41,22.1106,82,19704,17627.7,29,30,96,84.6667,292,295.333,613,False,False,False,False,-1.67464,-2.37168,bad,True,main
p06,2019-11-16,2019-11-16 13:15:17,False,4,3,4,6,3,2,6,5,False,stages,6.18333,6.15556,5.84167,4.71944,13.9211,20.7547,55.8065,94,48,7.18333,60,19.9461,77,10308,15229,0,19.3333,11,64,334,302.667,656,False,False,False,False,0.515349,0.729855,good,True,main
p06,2019-11-17,2019-11-17 15:41:18,False,4,3,4,5,2,2,7,6,False,stages,8.51667,7.11111,3.91667,4.76944,19.6541,9.98043,52.7518,92,48,10.6,125,21.5264,77,20966,16992.7,33,20.6667,110,72.3333,230,285.333,669,False,False,True,False,0.515349,0.729855,good,True,main
p06,2019-11-18,2019-11-18 13:20:08,False,4,3,4,6,4,4,7,0,False,stages,7.05,7.25,4.78333,4.84722,10,14.6572,58.0494,99,47,7.83333,47,18.6761,79,11738,14337.3,21,18,58,59.6667,232,265.333,514,False,False,True,False,0.515349,0.729855,good,True,main
p06,2019-11-19,2019-11-19 14:19:23,False,4,3,4,3,2,3,7,1,False,stages,7.21667,7.59444,4.84167,4.51389,15.098,14.0878,57.2166,94,47,8.5,77,16.8591,76,17916,16873.3,12,22,87,85,316,259.333,567,False,False,False,False,0.515349,0.729855,good,True,main
p06,2019-11-20,2019-11-20 13:57:53,False,4,3,4,6,3,4,6,2,False,stages,6.06667,6.77778,6.99167,5.53889,12.9187,14.011,56.4773,98,47,6.96667,54,19.5055,67,9460,13038,0,11,0,48.3333,296,281.333,634,False,False,False,False,0.515349,0.729855,good,True,main
p06,2019-11-21,2019-11-21 13:22:01,False,4,3,4,4,2,4,7,3,False,stages,7.26667,6.85,5.4,5.74444,8.40336,21.789,58.7943,98,49,7.93333,40,20.4128,86,16304,14560,40,17.3333,100,62.3333,287,299.667,635,False,False,False,False,0.515349,0.729855,good,True,main
p06,2019-11-22,2019-11-22 13:17:24,False,5,3,3,5,3,4,7,4,False,stages,7.11667,6.81667,5.275,5.88889,11.0417,23.8876,56.8026,98,49,8,53,10.7728,84,8133,11299,0,13.3333,27,42.3333,231,271.333,706,False,False,False,False,1.05476,1.49378,good,True,main
p06,2019-11-23,2019-11-23 13:21:04,False,3,1,2,3,3,2,3,5,False,stages,2.76667,5.71667,15.7333,8.80278,13.5417,12.6506,52.2185,94,49,3.2,26,13.253,66,7391,10609.3,0,13.3333,9,45.3333,189,235.667,762,False,False,False,False,-2.80986,-3.97942,bad,True,main
p06,2019-11-24,2019-11-24 13:48:39,False,3,2,2,7,3,2,8,6,False,stages,5.08333,4.98889,11.6333,10.8806,12.8571,15.082,48.4388,96,47,5.83333,45,11.1475,77,6690,7404.67,0,0,0,12,263,227.667,985,False,False,True,False,-2.18998,-3.10153,bad,True,main
p06,2019-11-25,2019-11-25 09:03:33,False,4,1,2,3,2,3,2,0,False,,,3.925,,13.6833,,,,,,,,,,14428,9503,29,9.66667,101,36.6667,138,196.667,634,False,False,True,False,-1.7551,-2.48564,bad,False,main
p06,2019-11-26,2019-11-26 09:03:32,False,4,1,2,4,3,3,3,1,False,stages,2.8,3.94167,3.06667,7.35,14.7208,11.9048,53.6325,95,50,3.28333,29,11.3095,65,9446,10188,9,12.6667,62,54.3333,312,237.667,899,False,False,False,False,-1.7551,-2.48564,bad,True,main
p06,2019-11-27,2019-11-27 11:05:42,False,4,2,2,4,3,2,4,2,False,stages,4.26667,3.53333,8.94167,6.00417,12.3288,9.76562,53.3119,100,51,4.86667,36,12.5,67,14819,12897.7,0,12.6667,0,54.3333,493,314.333,655,False,False,False,False,-1.13523,-1.60775,bad,True,main
p06,2019-11-28,2019-11-28 05:47:26,False,4,3,2,6,2,4,7,3,False,stages,7.21667,4.76111,3.73333,5.24722,10.166,21.4781,48.4002,97,51,8.03333,49,25.1732,88,11558,11941,0,3,30,30.6667,382,395.667,736,False,False,False,False,-0.515349,-0.729855,bad,True,main
p06,2019-11-29,2019-11-29 06:48:59,False,4,2,2,5,3,3,4,4,False,stages,3.78333,5.08889,7.725,6.8,18.9286,15.859,55.0682,96,49,4.66667,53,16.2996,71,14498,13625,10,3.33333,92,40.6667,383,419.333,483,False,False,False,False,-1.13523,-1.60775,bad,True,main
p06,2019-11-30,2019-11-30 08:40:25,False,4,3,4,6,3,4,7,5,False,stages,7.36667,6.12222,6.41667,5.95833,8.29876,33.0317,46.4184,100,49,8.03333,40,12.8959,87,18461,14839,17,9,118,80,389,384.667,653,False,False,False,False,0.515349,0.729855,good,True,main
p06,2019-12-01,2019-12-01 08:59:12,False,4,3,2,6,3,4,7,6,False,stages,7.31667,6.15556,6.925,7.02222,8.92116,28.246,47.2494,98,49,8.03333,43,23.0068,87,12564,15174.3,21,16,28,79.3333,286,352.667,644,False,False,True,False,-0.515349,-0.729855,bad,True,main
p06,2019-12-02,2019-12-02 06:21:02,False,4,2,3,4,2,3,5,0,False,stages,5.38333,6.68889,6.28333,6.54167,10.5263,15.4799,52.4203,97,48,6.01667,38,14.5511,71,10273,13766,30,22.6667,65,70.3333,256,310.333,637,False,False,True,False,-0.619877,-0.877891,bad,True,main
p06,2019-12-03,2019-12-03 07:13:14,False,4,3,3,5,3,4,6,1,False,stages,5.48333,6.06111,5.975,6.39444,11.5591,25.5319,52.1799,97,49,6.2,43,9.72644,78,16083,12973.3,18,23,44,45.6667,418,320,617,False,False,False,False,0,0,neutral,True,main
p06,2019-12-04,2019-12-04 06:17:24,False,3,2,3,7,4,2,5,2,False,stages,5.21667,5.36111,6.2,6.15278,14.011,15.3355,49.0721,97,49,6.06667,51,15.3355,73,17480,14612,4,17.3333,125,78,324,332.667,619,False,False,False,False,-1.67464,-2.37168,bad,True,main
p06,2019-12-05,2019-12-05 09:00:44,False,4,3,3,6,3,4,6,3,False,stages,6.26667,5.65556,5.46667,5.88056,10.2625,11.9681,52.4285,96,47,6.98333,43,19.4149,72,15580,16381,32,18,71,80,303,348.333,702,False,False,False,False,0,0,neutral,True,main
p06,2019-12-06,2019-12-06 07:40:30,False,4,3,3,7,3,3,6,4,False,stages,6.53333,6.00556,5.075,5.58056,6.44391,18.1122,49.6207,99,49,6.98333,27,21.9388,84,16724,16594.7,18,18,114,103.333,342,323,565,False,False,False,False,0,0,neutral,True,main
p06,2019-12-07,2019-12-07 09:00:47,False,4,3,2,7,3,4,7,5,False,stages,7.7,6.83333,6.38333,5.64167,10.4651,30.0866,49.3597,96,48,8.6,54,22.9437,83,15567,15957,14,21.3333,125,103.333,313,319.333,583,False,False,False,False,-0.515349,-0.729855,bad,True,main
p06,2019-12-08,2019-12-08 07:23:36,False,4,3,2,7,3,4,6,6,False,stages,6.15,6.79444,6.48333,5.98056,10.6538,12.7371,49.9692,99,48,6.88333,44,18.1572,75,5831,12707.3,0,10.6667,13,84,233,296,678,False,False,True,False,-0.515349,-0.729855,bad,True,main
p06,2019-12-09,2019-12-09 09:00:20,False,4,3,3,6,4,3,5,0,False,stages,5.28333,6.37778,5.66667,6.17778,11.2045,9.77918,51.4837,99,49,5.95,40,23.9748,70,11579,10992.3,37,17,47,61.6667,231,259,749,False,False,True,False,0,0,neutral,True,main
p06,2019-12-10,2019-12-10 07:25:48,False,4,3,2,4,2,4,6,1,False,stages,5.96667,5.8,5.55,5.9,7.96915,25.1397,50.6587,97,49,6.48333,31,26.8156,83,22656,13355.3,44,27,70,43.3333,447,303.667,566,False,False,False,False,-0.515349,-0.729855,bad,True,main
p06,2019-12-11,2019-12-11 06:24:37,False,4,2,2,6,3,2,5,2,False,stages,5.35,5.53333,5.875,5.69722,12.2951,13.0841,52.448,97,50,6.1,45,20.8723,73,19470,17901.7,12,31,163,93.3333,347,341.667,541,False,False,False,False,-1.13523,-1.60775,bad,True,main
p06,2019-12-12,2019-12-12 07:04:17,False,4,2,2,6,3,3,6,3,False,stages,6.03333,5.78333,5.51667,5.64722,10.8374,14.9171,51.1521,98,50,6.76667,44,17.6796,78,18762,20296,6,20.6667,86,106.333,423,405.667,565,False,False,False,False,-1.13523,-1.60775,bad,True,main
p06,2019-12-13,2019-12-13 07:54:23,False,4,3,2,7,3,3,6,4,False,stages,5.86667,5.75,5.69167,5.69444,8.80829,13.0682,50.3235,99,50,6.43333,34,27.2727,77,18545,18925.7,7,8.33333,166,138.333,325,365,543,False,False,False,False,-0.515349,-0.729855,bad,True,main
p06,2019-12-14,2019-12-14 08:36:16,False,4,3,2,7,3,4,6,5,False,stages,6.08333,5.99444,6.21667,5.80833,8.97756,19.1781,53.7974,98,49,6.68333,36,20.8219,76,20325,19210.7,4,5.66667,141,131,378,375.333,535,False,False,False,False,-0.515349,-0.729855,bad,True,main
p06,2019-12-15,2019-12-15 10:36:01,False,4,2,4,3,3,3,5,6,False,stages,4.11667,5.35556,10.0333,7.31389,10.8303,25.1012,59.5981,97,52,4.61667,30,20.6478,65,10382,16417.3,2,4.33333,32,113,396,366.333,611,False,False,True,False,-0.104528,-0.148036,neutral,True,main
p06,2019-12-16,2019-12-16 06:12:07,False,4,2,3,6,3,4,8,0,False,stages,8.01667,6.07222,3.275,6.50833,8.20611,20.79,52.9461,96,54,8.73333,43,11.0187,90,4724,11810.3,0,2,0,57.6667,257,343.667,796,False,False,True,False,-0.619877,-0.877891,bad,True,main
p06,2019-12-17,2019-12-17 06:02:02,False,4,3,3,6,3,2,6,1,False,stages,5.68333,5.93889,5.4,6.23611,13.8889,24.6334,52.2248,97,53,6.6,55,30.7918,80,19651,11585.7,10,4,178,70,319,324,419,False,False,False,False,0,0,neutral,True,main
p06,2019-12-18,2019-12-18 09:00:17,False,4,2,2,3,3,2,5,2,False,stages,5.68333,6.46111,5.7,4.79167,14.1058,20.2346,50.2777,99,52,6.61667,56,12.9032,79,20030,14801.7,9,6.33333,217,131.667,263,279.667,564,False,False,False,False,-1.13523,-1.60775,bad,True,main
p06,2019-12-19,2019-12-19 08:24:34,False,4,3,2,2,3,2,5,3,False,stages,5.45,5.60556,5.78333,5.62778,12.5668,21.1009,51.8016,99,50,6.23333,47,15.9021,77,17962,19214.3,4,7.66667,177,190.667,292,291.333,574,False,False,False,False,-0.515349,-0.729855,bad,True,main
p06,2019-12-20,2019-12-20 08:24:08,False,4,2,2,3,3,2,5,4,False,stages,5.6,5.57778,5.825,5.76944,12.2715,19.0476,53.8722,96,50,6.38333,47,25,74,19380,19124,1,4.66667,64,152.667,467,340.667,535,False,False,False,False,-1.13523,-1.60775,bad,True,main
p06,2019-12-21,2019-12-21 07:58:30,False,4,2,3,4,3,4,8,5,False,stages,7.93333,6.32778,5.325,5.64444,7.93037,19.958,48.9484,99,51,8.61667,41,22.479,86,23042,20128,24,9.66667,289,176.667,280,346.333,488,False,False,False,True,-0.619877,-0.877891,bad,True,main
p06,2019-12-22,2019-12-22 07:23:21,False,4,3,4,8,3,4,7,6,False,stages,6.96667,6.83333,5.39167,5.51389,12.5523,13.6364,50.0459,97,51,7.96667,60,25.5981,76,5683,16035,0,8.33333,11,121.333,244,330.333,668,False,False,True,True,0.515349,0.729855,good,True,main
p06,2019-12-23,2019-12-23 07:51:48,False,4,2,3,6,2,2,6,0,False,stages,6.63333,7.17778,5.95833,5.55833,15.8562,16.0804,50.4564,90,50,7.88333,75,25.6281,71,13713,14146,29,17.6667,61,120.333,265,263,636,False,False,True,True,-0.619877,-0.877891,bad,True,main
p06,2019-12-24,2019-12-24 08:22:36,False,4,3,4,6,3,4,6,1,False,stages,6.61667,6.73889,5.84167,5.73056,10.5856,14.8615,49.6864,97,50,7.4,47,18.6398,78,15738,11711.3,0,9.66667,125,65.6667,273,260.667,569,False,False,False,True,0.515349,0.729855,good,True,main
p06,2019-12-26,2019-12-26 09:37:22,False,4,3,4,6,3,4,8,3,False,stages,8.11667,7.01667,6.4,6.36944,11.7754,18.2752,51.676,95,51,9.2,65,16.8378,83,4737,10415.3,0,8.33333,0,59,290,272,732,False,False,False,True,0.515349,0.729855,good,True,main
p06,2019-12-27,2019-12-27 10:30:13,False,4,2,2,3,3,3,5,4,False,stages,5.6,6.67778,6.51667,6.59444,8.94309,15.7738,54.5553,96,51,6.15,33,22.0238,73,2414,5974,0,8.33333,0,17.3333,147,230,741,False,False,False,True,-1.13523,-1.60775,bad,True,main
p06,2019-12-28,2019-12-28 09:01:43,False,4,3,4,4,3,4,8,5,False,stages,8.15,7.28889,5.68333,6.2,9.94475,27.8119,49.2466,99,52,9.05,54,17.5869,91,13570,6907,0,0,80,26.6667,332,256.333,659,False,False,False,True,0.515349,0.729855,good,True,main
p06,2019-12-29,2019-12-29 11:35:11,False,3,3,3,3,3,4,7,6,False,stages,7.21667,6.98889,6.90833,6.36944,9.97921,20.0924,50.662,98,51,8.01667,48,19.3995,82,3778,6587.33,0,0,10,30,137,205.333,681,False,False,True,True,-1.05476,-1.49378,bad,True,main
p06,2019-12-30,2019-12-30 08:55:10,False,4,2,3,5,3,2,5,0,False,stages,5.53333,6.96667,6.33333,6.30833,11.2299,15.6627,55.9098,95,51,6.23333,42,18.9759,74,8291,8546.33,0,0,44,44.6667,195,221.333,720,False,False,True,True,-0.619877,-0.877891,bad,True,main
p06,2019-12-31,2019-12-31 07:34:03,False,4,2,3,3,3,3,5,1,False,stages,5.03333,5.92778,6.89167,6.71111,9.30931,25.4967,51.8628,99,51,5.55,31,26.8212,78,12068,8045.67,6,2,53,35.6667,349,227,664,False,False,False,True,-0.619877,-0.877891,bad,True,main
p06,2020-01-01,2020-01-01 13:40:27,False,3,2,2,5,3,2,6,2,False,stages,6.21667,5.59444,7.4,6.875,7.67327,13.941,52.2461,99,51,6.73333,31,17.4263,75,8574,9644.33,0,2,24,40.3333,302,282,781,False,False,False,True,-2.18998,-3.10153,bad,True,main
p06,2020-01-02,2020-01-02 08:41:29,False,4,3,3,6,3,3,5,3,False,stages,5.63333,5.62778,6.11667,6.80278,7.65027,15.6805,55.465,98,52,6.1,28,20.1183,75,3786,8142.67,0,2,0,25.6667,225,292,811,False,False,False,False,0,0,neutral,True,main
p06,2020-01-03,2020-01-03 09:47:53,False,4,3,4,6,3,3,6,4,False,stages,6.06667,5.97222,5.2,6.23889,11.2195,25.2747,55.8129,98,52,6.83333,46,18.956,75,16366,9575.33,33,11,87,37,359,295.333,628,False,False,False,False,0.515349,0.729855,good,True,main
p06,2020-01-04,2020-01-04 15:36:29,False,4,3,3,2,3,3,6,5,False,stages,5.65,5.78333,8.03333,6.45,8.62534,16.2242,53.4481,98,54,6.18333,32,21.8289,78,21206,13786,51,28,129,72,337,307,500,False,False,False,False,0,0,neutral,True,main
p06,2020-01-05,2020-01-05 09:06:26,False,4,3,3,6,3,4,6,6,False,stages,6.63333,6.11667,6.65,6.62778,6.13208,16.8342,54.3358,98,54,7.06667,26,24.6231,80,5505,14359,0,28,0,72,261,319,808,False,False,True,False,0,0,neutral,True,main
p06,2020-01-06,2020-01-06 07:55:20,False,4,3,4,8,3,3,6,0,False,stages,6,6.09444,6.26667,6.98333,8.39695,21.1111,60.9708,99,54,6.55,33,22.7778,84,9205,11972,21,24,43,57.3333,218,272,755,False,False,True,False,0.515349,0.729855,good,True,main
p06,2020-01-07,2020-01-07 08:19:16,False,4,2,4,3,3,2,5,1,False,stages,5.01667,5.88333,6.86667,6.59444,9.33735,13.289,55.5715,98,53,5.53333,31,21.5947,75,16698,10469.3,42,21,75,39.3333,364,281,608,False,False,False,False,-0.104528,-0.148036,neutral,True,main
p06,2020-01-08,2020-01-08 07:48:58,False,4,2,3,2,3,2,5,2,False,stages,5.36667,5.46111,6.575,6.56944,10.0559,17.0807,55.5259,96,52,5.96667,36,25.4658,78,22046,15983,46,36.3333,158,92,353,311.667,597,False,False,False,False,-0.619877,-0.877891,bad,True,main
p06,2020-01-09,2020-01-09 07:43:50,False,4,2,3,2,3,3,6,3,False,stages,6.13333,5.50556,5.53333,6.325,8.68486,16.5761,49.9823,97,51,6.71667,35,22.0109,81,11875,16873,9,32.3333,69,100.667,349,355.333,664,False,False,False,False,-0.619877,-0.877891,bad,True,main
p06,2020-01-10,2020-01-10 09:00:26,False,4,2,3,4,3,3,5,4,False,stages,5.5,5.66667,6.475,6.19444,11.5282,19.697,55.6822,99,50,6.21667,43,22.7273,77,12677,15532.7,3,19.3333,36,87.6667,394,365.333,607,False,False,False,False,-0.619877,-0.877891,bad,True,main
p06,2020-01-11,2020-01-11 08:48:37,False,3,2,3,2,3,3,7,5,False,stages,7.86667,6.5,5.49167,5.83333,8.70406,18.6441,46.7177,99,51,8.61667,45,22.8814,88,14740,13097.3,6,6,168,91,303,348.667,596,False,False,False,False,-1.67464,-2.37168,bad,True,main
p06,2020-01-12,2020-01-12 11:29:57,False,4,3,4,7,3,3,7,6,False,stages,6.93333,6.76667,5.81667,5.92778,11.6773,13.2212,48.2405,98,49,7.85,55,20.4327,76,6356,11257.7,0,3,9,71,269,322,645,False,False,True,False,0.515349,0.729855,good,True,main
p06,2020-01-13,2020-01-13 09:00:31,False,4,3,3,4,3,3,6,0,False,stages,5.88333,6.89444,5.9,5.73611,11.75,13.5977,55.0854,99,49,6.66667,47,20.9632,70,8220,9772,3,3,49,75.3333,293,288.333,627,False,False,True,False,0,0,neutral,True,main
p06,2020-01-14,2020-01-14 07:18:56,False,4,3,2,4,3,3,6,1,False,stages,5.81667,6.21111,6.08333,5.93333,7.91557,17.4785,54.5773,99,50,6.31667,30,10.3152,77,11225,8600.33,5,2.66667,50,36,350,304,640,False,False,False,False,-0.515349,-0.729855,bad,True,main
p06,2020-01-15,2020-01-15 09:34:46,False,4,3,3,5,3,3,5,2,False,stages,5.26667,5.65556,6.56667,6.18333,9.45559,24.3671,51.8303,99,51,5.81667,33,24.0506,80,23909,14451.3,22,10,202,100.333,299,314,560,False,False,False,False,0,0,neutral,True,main
p06,2020-01-16,2020-01-16 09:00:27,False,4,3,3,3,3,3,6,3,False,stages,5.83333,5.63889,6.025,6.225,9.56072,14.5714,54.3388,97,50,6.45,37,20.8571,73,17218,17450.7,2,9.66667,124,125.333,378,342.333,589,False,False,False,False,0,0,neutral,True,main
p06,2020-01-17,2020-01-17 09:05:11,False,4,3,3,4,3,3,6,4,False,stages,6.05,5.71667,5.825,6.13889,8.79397,32.5069,52.3671,97,51,6.63333,35,7.43802,80,13471,18199.3,4,9.33333,60,128.667,410,362.333,583,False,False,False,False,0,0,neutral,True,main
p06,2020-01-18,2020-01-18 10:22:36,False,4,2,3,3,3,3,7,5,False,stages,7.41667,6.43333,6,5.95,9.18367,18.2022,51.6225,99,51,8.16667,45,23.5955,82,15080,15256.3,3,3,132,105.333,362,383.333,548,False,False,False,False,-0.619877,-0.877891,bad,True,main
p06,2020-01-19,2020-01-19 09:18:51,False,4,3,3,5,3,4,6,6,False,stages,6.5,6.65556,6.65833,6.16111,11.3636,21.0256,55.7813,99,51,7.33333,50,21.7949,74,10668,13073,4,3.66667,38,76.6667,271,347.667,641,False,False,True,False,0,0,neutral,True,main
p06,2020-01-20,2020-01-20 09:00:18,False,4,3,3,5,3,4,6,0,False,stages,6.05,6.65556,5.96667,6.20833,8.79397,21.7631,54.5943,99,52,6.63333,35,12.9477,82,12767,12838.3,4,3.66667,84,84.6667,254,295.667,662,False,False,True,False,0,0,neutral,True,main
p06,2020-01-21,2020-01-21 09:11:30,False,4,3,3,3,3,3,6,1,False,stages,6.4,6.31667,5.35833,5.99444,12.1281,23.4375,54.393,100,52,7.28333,53,20.5729,81,12969,12134.7,6,4.66667,59,60.3333,397,307.333,586,False,False,False,False,0,0,neutral,True,main
p06,2020-01-22,2020-01-22 08:26:55,False,4,2,3,3,3,3,6,2,False,stages,5.9,6.11667,6.325,5.88333,7.32984,14.1243,53.7443,99,52,6.36667,28,20.339,78,19587,15107.7,3,4.33333,162,101.667,349,333.333,492,False,False,False,False,-0.619877,-0.877891,bad,True,main
p06,2020-01-23,2020-01-23 07:37:11,False,4,3,3,7,3,4,6,3,False,stages,6.45,6.25,4.96667,5.55,9.36768,7.75194,49.44,99,51,7.11667,40,17.8295,79,12449,15001.7,3,4,30,83.6667,430,392,598,False,False,False,False,0,0,neutral,True,main
p06,2020-01-24,2020-01-24 10:36:14,False,4,3,3,5,3,4,6,4,False,stages,6.98333,6.44444,5.43333,5.575,9.69828,24.3437,50.553,98,51,7.73333,45,12.4105,84,16912,16316,1,2.33333,58,83.3333,481,420,474,False,False,False,False,0,0,neutral,True,main
p06,2020-01-25,2020-01-25 08:32:14,False,4,3,4,4,3,4,7,5,False,stages,7.08333,6.83889,6.7,5.7,9.18803,30.3529,52.9362,100,51,7.8,43,20.2353,83,11778,13713,0,1.33333,82,56.6667,308,406.333,586,False,False,False,False,0.515349,0.729855,good,True,main
p06,2020-01-26,2020-01-26 09:00:43,False,4,3,3,3,3,3,6,6,False,stages,6.25,6.77222,6.825,6.31944,9.42029,23.4667,54.9058,98,51,6.9,39,22.1333,75,12526,13738.7,19,6.66667,69,69.6667,242,343.667,661,False,False,True,False,0,0,neutral,True,main
p06,2020-01-27,2020-01-27 09:00:19,False,4,3,3,6,3,4,6,0,False,stages,5.96667,6.43333,5.7,6.40833,12.0393,22.3464,52.7983,95,52,6.78333,49,21.7877,81,7724,10676,1,6.66667,46,65.6667,236,262,744,False,False,True,False,0,0,neutral,True,main
p06,2020-01-28,2020-01-28 09:09:40,False,4,3,3,4,3,2,6,1,False,stages,5.8,6.00556,6.3,6.275,8.66142,27.0115,53.9743,100,52,6.35,33,19.2529,79,18901,13050.3,29,16.3333,79,64.6667,434,304,520,False,False,False,False,0,0,neutral,True,main
p06,2020-01-29,2020-01-29 09:15:27,False,4,2,3,4,3,2,5,2,False,stages,5.51667,5.76111,6.45,6.15,10.7817,29.9094,55.9002,99,52,6.18333,40,14.1994,79,13924,13516.3,8,12.6667,71,65.3333,267,312.333,721,False,False,False,False,-0.619877,-0.877891,bad,True,main
p06,2020-01-30,2020-01-30 09:48:25,False,4,3,3,4,3,3,6,3,False,stages,6.7,6.00556,5.35833,6.03611,8.00915,21.393,53.4828,100,52,7.28333,35,20.6468,85,15027,15950.7,3,13.3333,57,69,442,381,570,False,False,False,False,0,0,neutral,True,main
p06,2020-01-31,2020-01-31 08:03:11,False,4,2,3,4,3,2,6,4,False,stages,6.15,6.12222,5.66667,5.825,9.55882,19.2412,52.1202,98,51,6.8,39,20.5962,84,19324,16091.7,27,12.6667,200,109.333,298,335.667,505,False,False,False,False,-0.619877,-0.877891,bad,True,main
p06,2020-02-01,2020-02-01 09:02:16,False,4,3,3,3,3,3,7,5,False,stages,6.86667,6.57222,6.2,5.74167,9.45055,15.7767,52.9038,100,50,7.58333,43,21.1165,77,20418,18256.3,28,19.3333,101,119.333,411,383.667,520,False,False,False,False,0,0,neutral,True,main
p06,2020-02-02,2020-02-02 09:17:53,False,4,3,4,6,3,4,8,6,False,stages,8.13333,7.05,5.86667,5.91111,7.75047,16.8033,48.5883,97,51,8.81667,41,23.7705,90,6750,15497.3,0,18.3333,27,109.333,220,309.667,738,False,False,True,False,0.515349,0.729855,good,True,main
p06,2020-02-03,2020-02-03 09:59:24,False,4,3,3,5,3,2,5,0,False,stages,5.23333,6.74444,6.28333,6.11667,14.6739,16.242,52.3396,98,50,6.13333,54,22.293,76,10674,12614,8,12,70,66,279,303.333,562,False,False,True,False,0,0,neutral,True,main
p06,2020-02-04,2020-02-04 09:16:20,False,4,3,3,5,3,4,6,1,False,stages,6,6.45556,6.01667,6.05556,8.16327,17.7778,53.7107,99,50,6.53333,32,24.7222,84,14075,10499.7,15,7.66667,71,56,389,296,612,False,False,False,False,0,0,neutral,True,main
p06,2020-02-05,2020-02-05 07:10:45,False,4,2,2,3,3,3,5,2,False,stages,5.06667,5.43333,6.44167,6.24722,12.6437,12.8289,55.2972,99,49,5.8,44,23.0263,71,15168,13305.7,13,12,148,96.3333,304,324,596,False,False,False,False,-1.13523,-1.60775,bad,True,main
p06,2020-02-06,2020-02-06 09:45:57,False,4,3,3,6,3,3,7,3,False,stages,6.73333,5.93333,4.51667,5.65833,11.7904,12.3762,51.1555,98,48,7.63333,54,21.7822,79,17656,15633,18,15.3333,138,119,331,341.333,623,False,False,False,False,0,0,neutral,True,main
p06,2020-02-07,2020-02-07 09:03:07,False,4,2,2,5,3,2,6,4,False,stages,5.8,5.86667,6.05,5.66944,11.6751,20.4023,53.4703,100,48,6.56667,46,25.5747,79,23201,18675,44,25,161,149,441,358.667,380,False,False,False,False,-1.13523,-1.60775,bad,True,main
p06,2020-02-08,2020-02-08 09:08:29,False,3,3,3,5,3,3,7,5,False,stages,7.31667,6.61667,4.825,5.13056,14.9225,25.2847,50.7929,99,48,8.6,77,22.779,80,11461,17439.3,5,22.3333,115,138,284,352,647,False,False,False,False,-1.05476,-1.49378,bad,True,main
p06,2020-02-09,2020-02-09 09:00:38,False,4,3,3,6,3,4,7,6,False,stages,7.1,6.73889,5.59167,5.48889,11.6183,16.6667,53.9266,97,48,8.03333,56,19.0141,76,6688,13783.3,0,16.3333,0,92,315,346.667,609,False,False,True,False,0,0,neutral,True,main
p06,2020-02-11,2020-02-11 09:00:46,False,4,3,3,5,3,4,6,1,False,stages,5.66667,6.06667,5.95833,5.89444,7.35695,19.4118,51.605,100,49,6.11667,27,18.2353,78,14296,10955.3,17,12,87,44.6667,379,335.667,599,False,False,False,False,0,0,neutral,True,main
p06,2020-02-12,2020-02-12 08:48:55,False,4,3,3,3,3,4,6,2,False,stages,6.13333,5.74444,5.95,6.01389,7.30479,16.8478,51.4045,100,50,6.61667,29,14.6739,81,23778,16652,40,25.3333,162,98.6667,382,358,529,False,False,False,False,0,0,neutral,True,main
p06,2020-02-13,2020-02-13 09:09:38,False,4,3,3,5,3,3,6,3,False,stages,5.66667,5.82222,5.46667,5.79167,8.60215,26.7647,48.9748,97,49,6.2,32,19.1176,81,13367,17147,2,19.6667,31,93.3333,421,394,591,False,False,False,False,0,0,neutral,True,main
p06,2020-02-14,2020-02-14 09:55:12,False,4,3,4,7,3,4,7,4,False,stages,6.98333,6.26111,4.59167,5.33611,8.3151,28.1623,51.438,99,49,7.61667,38,20.7637,83,16553,17899.3,0,14,52,81.6667,458,420.333,558,False,False,False,False,0.515349,0.729855,good,True,main
p06,2020-02-15,2020-02-15 09:58:28,False,4,3,3,6,3,2,6,5,False,stages,6.53333,6.39444,7.075,5.71111,8.19672,25.5102,57.769,100,49,7.11667,35,13.0102,77,15395,15105,1,1,80,54.3333,401,426.667,502,False,False,False,False,0,0,neutral,True,main
p06,2020-02-16,2020-02-16 09:00:20,False,4,3,3,6,3,4,8,6,False,stages,7.88333,7.13333,5.7,5.78889,10.076,20.7188,50.3424,99,51,8.76667,53,19.4503,89,6220,12722.7,0,0.333333,0,44,278,379,735,False,False,True,False,0,0,neutral,True,main
p06,2020-02-17,2020-02-17 09:21:26,False,4,3,3,6,3,2,5,0,False,stages,5.08333,6.5,6.65,6.475,10.0295,19.6721,60.2884,100,50,5.65,34,13.4426,74,9840,10485,0,0.333333,26,35.3333,373,350.667,515,False,False,True,False,0,0,neutral,True,main
p06,2020-02-18,2020-02-18 06:35:12,False,4,3,3,3,3,3,7,1,False,stages,6.71667,6.56111,5.19167,5.84722,8.82353,24.0695,55.1568,99,49,7.36667,39,20.8437,83,16697,10919,43,14.3333,81,35.6667,327,326,693,False,False,False,False,0,0,neutral,True,main
p06,2020-02-19,2020-02-19 07:44:36,False,4,2,3,3,3,2,7,2,False,stages,6.73333,6.17778,5.18333,5.675,7.55149,13.8614,51.373,97,49,7.28333,33,21.7822,83,18417,14984.7,14,19,110,72.3333,415,371.667,473,False,False,False,False,-0.619877,-0.877891,bad,True,main
p06,2020-02-20,2020-02-20 09:00:35,False,4,2,3,5,3,4,5,3,False,stages,5.66667,6.37222,6.26667,5.54722,9.33333,16.7647,53.9876,100,48,6.25,35,24.1176,78,11235,15449.7,13,23.3333,62,84.3333,297,346.333,644,False,False,False,False,-0.619877,-0.877891,bad,True,main
p06,2020-02-21,2020-02-21 09:00:51,False,4,3,3,6,3,4,5,4,False,stages,6.21667,6.20556,5.60833,5.68611,8.35381,12.6005,53.4395,98,48,6.78333,34,26.2735,77,14733,14795,15,14,85,85.6667,369,360.333,611,False,False,False,False,0,0,neutral,True,main
p06,2020-02-22,2020-02-22 09:03:14,False,4,3,3,3,3,4,7,5,False,stages,7.05,6.31111,5.68333,5.85278,11.1345,17.4941,51.6882,100,48,7.93333,53,23.6407,78,21907,15958.3,52,26.6667,196,114.333,324,330,513,False,False,False,False,0,0,neutral,True,main
p06,2020-02-23,2020-02-23 09:00:24,False,4,3,3,6,3,4,6,6,False,stages,6.06667,6.44444,6.8,6.03056,9.22693,15.9341,51.159,98,49,6.68333,37,19.5055,76,11523,16054.3,1,22.6667,56,112.333,323,338.667,585,False,False,True,False,0,0,neutral,True,main
p06,2020-02-24,2020-02-24 06:59:30,False,4,3,3,7,3,4,6,0,False,stages,6.41667,6.51111,5.41667,5.96667,7.22892,16.3636,51.6257,98,50,6.91667,30,20.7792,83,10247,14559,1,18,32,94.6667,353,333.333,654,False,False,True,False,0,0,neutral,True,main
p06,2020-02-25,2020-02-25 10:47:56,False,4,3,3,4,3,4,7,1,False,stages,7.18333,6.55556,4.35,5.52222,10.5809,15.3132,50.82,99,49,8.03333,51,10.2088,82,18858,13542.7,31,11,82,56.6667,377,351,566,False,False,False,False,0,0,neutral,True,main
p06,2020-02-26,2020-02-26 07:49:35,False,4,3,3,6,3,2,6,2,False,stages,6.63333,6.74444,4.88333,4.88333,15.1386,18.593,54.471,97,50,7.81667,71,21.608,85,13538,14214.3,19,17,135,83,268,332.667,555,False,False,False,False,0,0,neutral,True,main
p06,2020-02-27,2020-02-27 07:24:55,False,4,3,3,8,3,2,6,3,False,stages,5.96667,6.59444,5.58333,4.93889,10.2757,14.8045,56.6876,96,50,6.65,41,27.6536,79,17659,16685,54,34.6667,88,101.667,359,334.667,524,False,False,False,False,0,0,neutral,True,main
p06,2020-02-28,2020-02-28 08:05:18,False,4,2,3,1,2,2,5,4,False,stages,5.4,6,5.88333,5.45,10,22.8395,47.1934,97,50,6,36,18.8272,81,20871,17356,40,37.6667,79,100.667,441,356,521,False,False,False,False,-0.619877,-0.877891,bad,True,main
p06,2020-02-29,2020-02-29 09:00:19,False,4,2,3,2,2,2,6,5,False,stages,6.06667,5.81111,6.94167,6.13611,12.0773,16.4835,50.0162,97,48,6.9,50,25.8242,75,14736,17755.3,2,32,40,69,497,432.333,543,False,False,False,False,-0.619877,-0.877891,bad,True,main
p06,2020-03-01,2020-03-01 10:43:51,False,3,2,3,3,3,2,7,6,False,stages,7.58333,6.35,4.95833,5.92778,15.27,17.3626,51.3459,96,49,8.95,82,25.4945,82,8254,14620.3,0,14,86,68.3333,192,376.667,675,False,False,True,False,-1.67464,-2.37168,bad,True,main
p06,2020-03-02,2020-03-02 09:14:15,False,4,2,3,3,3,2,7,0,False,stages,6.81667,6.82222,4.6,5.5,12.7932,15.8924,52.8982,97,50,7.81667,60,22.9829,81,6465,9818.33,0,0.666667,0,42,286,325,617,False,False,True,False,-0.619877,-0.877891,bad,True,main
p06,2020-03-03,2020-03-03 09:00:44,False,4,3,3,4,3,3,6,1,False,stages,6.26667,6.88889,5.325,4.96111,9.39759,16.7553,51.2142,98,51,6.91667,39,18.883,81,13185,9301.33,9,3,82,56,360,279.333,529,False,False,False,False,0,0,neutral,True,main
p06,2020-03-04,2020-03-04 09:02:43,False,4,3,3,6,3,3,6,2,False,,,6.54167,,4.9625,,,,,,,,,,14399,11349.7,14,7.66667,59,47,403,349.667,,False,False,False,False,0,0,neutral,False,main
p06,2020-03-05,2020-03-05 06:25:36,False,4,3,3,2,3,4,6,3,False,stages,5.76667,6.01667,6.175,5.75,7.48663,23.1214,54.8485,99,51,6.23333,28,28.9017,82,26124,17902.7,25,16,91,77.3333,468,410.333,,False,False,False,False,0,0,neutral,True,main
p06,2020-03-06,2020-03-06 08:21:57,False,4,3,3,6,3,4,7,4,False,stages,7,6.38333,4.83333,5.50417,6.87361,18.0952,54.126,100,52,7.51667,31,19.0476,86,13892,18138.3,7,15.3333,65,71.6667,288,386.333,713,False,False,False,False,0,0,neutral,True,main
p06,2020-03-07,2020-03-07 11:19:52,False,4,3,3,5,3,4,6,5,False,stages,6.46667,6.41111,5.51667,5.50833,9.55711,36.8557,54.1899,99,52,7.15,41,20.3608,76,17486,19167.3,0,10.6667,91,82.3333,386,380.667,512,False,False,False,False,0,0,neutral,True,main
p06,2020-03-08,2020-03-08 14:09:11,False,4,3,4,3,3,3,7,6,False,stages,7.38333,6.95,5.85833,5.40278,13.4766,24.3792,56.3582,98,53,8.53333,69,18.9616,78,9065,13481,0,2.33333,0,52,385,353,626,False,False,True,False,0.515349,0.729855,good,True,main
p06,2020-03-09,2020-03-09 09:21:35,False,4,2,3,7,3,2,6,0,False,stages,6.75,6.86667,4.69167,5.35556,11.5721,23.4568,57.5831,94,55,7.63333,53,16.0494,82,4867,10472.7,0,0,0,30.3333,267,346,661,False,False,True,False,-0.619877,-0.877891,bad,True,main
p06,2020-03-10,2020-03-10 09:46:39,False,4,3,3,2,3,4,6,1,False,stages,6.38333,6.83889,5.50833,5.35278,6.58537,24.0209,54.1044,100,56,6.83333,27,22.1932,87,24194,12708.7,24,8,100,33.3333,431,361,451,False,False,False,False,0,0,neutral,True,main
p06,2020-03-11,2020-03-11 07:53:20,False,4,3,3,6,3,3,6,2,False,stages,5.61667,6.25,5.91667,5.37222,8.17439,21.365,55.4213,98,55,6.11667,30,21.9585,83,16479,15180,5,9.66667,34,44.6667,459,385.667,537,False,False,False,False,0,0,neutral,True,main
p06,2020-03-12,2020-03-12 11:49:00,False,4,3,2,2,3,4,6,3,False,stages,5.8,5.93333,5.85,5.75833,11.4504,22.7011,54.2664,99,54,6.55,45,18.6782,83,18553,19742,34,21,108,80.6667,363,417.667,602,False,True,False,False,-0.515349,-0.729855,bad,False,main
p06,2020-03-13,2020-03-13 06:54:47,False,4,2,2,5,3,3,6,4,False,stages,6.1,5.83889,5.43333,5.73333,8.95522,26.5027,53.5456,99,53,6.7,36,26.5027,84,15869,16967,5,14.6667,50,64,398,406.667,599,False,True,False,False,-1.13523,-1.60775,bad,False,main
p06,2020-03-14,2020-03-14 13:24:30,False,4,2,2,0,3,2,6,5,False,stages,4.45,5.45,8.425,6.56944,12.1711,13.1086,63.6835,99,53,5.06667,37,22.0974,64,19075,17832.3,7,15.3333,102,86.6667,458,406.333,478,False,True,False,False,-1.13523,-1.60775,bad,False,main
p06,2020-03-16,2020-03-16 09:50:46,False,4,3,2,6,3,4,6,0,False,stages,6.3,6.43333,5.25833,5.63056,6.89655,23.8095,52.2283,100,53,6.76667,28,18.5185,87,2782,9558.67,0,2.66667,0,45.6667,182,273.667,662,False,True,True,False,-0.515349,-0.729855,bad,False,main
p06,2020-03-17,2020-03-17 11:17:38,False,4,3,2,2,3,4,6,1,False,stages,6.08333,6.97778,5.19167,4.55278,9.20398,25.4795,52.3284,98,52,6.7,37,15.3425,84,17433,9011.33,0,0.333333,64,33,408,257,562,False,True,False,False,-0.515349,-0.729855,bad,False,main
p06,2020-03-18,2020-03-18 09:06:25,False,4,3,2,2,3,4,6,2,False,stages,6.66667,6.35,5.58333,5.34444,10.3139,31.75,50.8883,100,51,7.43333,46,15.25,87,14218,11477.7,0,0,50,38,393,327.667,595,False,True,False,False,-0.515349,-0.729855,bad,False,main
p06,2020-03-19,2020-03-19 07:48:38,False,4,3,2,6,3,3,4,3,False,stages,4.43333,5.72778,5.725,5.5,8.27586,24.0602,54.9215,97,50,4.83333,24,19.9248,69,15606,15752.3,27,9,119,77.6667,313,371.333,562,False,True,False,False,-0.515349,-0.729855,bad,False,main
p06,2020-03-20,2020-03-20 11:17:40,False,4,3,2,5,3,4,6,4,False,stages,6.18333,5.76111,4.68333,5.33056,6.54912,32.345,51.7254,98,52,6.61667,26,21.5633,82,15483,15102.3,0,9,26,65,456,387.333,668,False,True,False,False,-0.515349,-0.729855,bad,False,main
p06,2020-03-21,2020-03-21 09:00:47,False,4,3,2,5,3,3,6,5,False,stages,5.48333,5.36667,6.35833,5.58889,8.86427,13.6778,51.4633,100,51,6.01667,32,20.0608,77,13851,14980,0,9,37,60.6667,416,395,590,False,True,False,False,-0.515349,-0.729855,bad,False,main
p06,2020-03-22,2020-03-22 09:03:22,False,4,3,2,3,3,4,7,6,False,stages,7.33333,6.33333,5.25,5.43056,12,28.8636,50.2026,96,51,8.33333,60,20.9091,84,16478,15270.7,26,8.66667,107,56.6667,349,407,623,False,True,True,False,-0.515349,-0.729855,bad,False,main
p06,2020-03-23,2020-03-23 09:03:30,False,4,3,2,5,3,4,5,0,False,stages,5.45,6.08889,5.9,5.83611,7.36544,17.737,52.8169,96,50,5.88333,26,21.4067,80,9512,13280.3,0,8.66667,0,48,425,396.667,515,False,True,True,False,-0.515349,-0.729855,bad,False,main
p06,2020-03-24,2020-03-24 08:51:12,False,4,2,2,3,3,2,6,1,False,stages,5.93333,6.23889,5.05833,5.40278,11.8812,20.5056,53.3971,99,48,6.73333,48,27.5281,77,19509,15166.3,4,10,113,73.3333,504,426,470,False,True,False,False,-1.13523,-1.60775,bad,False,main
p06,2020-03-25,2020-03-25 09:01:39,False,4,2,2,4,3,2,5,2,False,stages,5.61667,5.66667,5.09167,5.35,12.4675,26.1128,51.5609,96,49,6.41667,48,23.4421,79,12330,13783.7,0,1.33333,15,42.6667,351,426.667,670,False,True,False,False,-1.13523,-1.60775,bad,False,main
p06,2020-03-26,2020-03-26 08:31:06,False,4,2,2,3,3,2,6,3,False,stages,6.4,5.98333,4.86667,5.00556,8.13397,20.5729,52.0679,97,48,6.96667,34,13.5417,81,13209,15016,2,2,39,55.6667,403,419.333,613,False,True,False,False,-1.13523,-1.60775,bad,False,main
p06,2020-03-27,2020-03-27 09:00:24,False,4,3,2,4,3,4,6,4,False,stages,5.83333,5.95,5.45833,5.13889,10.7143,26.5714,49.4039,97,48,6.53333,42,20.5714,79,21661,15733.3,29,10.3333,119,57.6667,436,396.667,467,False,True,False,False,-0.515349,-0.729855,bad,False,main
p06,2020-03-28,2020-03-28 09:08:06,False,4,3,2,3,3,4,7,5,False,stages,7,6.41111,4.91667,5.08056,13.4021,14.0476,46.7045,96,48,8.08333,65,20,80,10031,14967,0,10.3333,32,63.3333,315,384.667,701,False,True,False,False,-0.515349,-0.729855,bad,False,main
p06,2020-03-29,2020-03-29 09:00:17,False,4,3,2,4,3,4,6,6,False,stages,6.05,6.29444,5.1,5.15833,8.44156,31.405,48.5756,99,47,7.7,39,25.0689,80,8162,13284.7,0,9.66667,26,59,284,345,645,False,True,True,False,-0.515349,-0.729855,bad,False,main
p06,2020-03-30,2020-03-30 09:00:56,False,4,3,2,5,3,4,6,0,False,stages,6.16667,6.40556,4.50833,4.84167,13.7529,14.0541,54.7226,97,47,7.15,59,25.1351,74,4358,7517,0,0,0,19.3333,243,280.667,795,False,True,True,False,-0.515349,-0.729855,bad,False,main
p10,2019-11-16,2019-11-16 09:52:38,False,3,3,3,4,3,3,8,5,False,stages,8.6,7.29444,5.83333,6.37778,11.9454,28.6822,64.9658,91,64,9.76667,70,19.5736,84,10273,9394.67,8,3.66667,29,25.3333,252,253,750,False,False,False,False,0.943378,1.24182,good,True,main
p10,2019-11-17,2019-11-17 09:21:26,False,3,3,2,5,3,4,7,6,False,stages,7.6,7.4,6.75833,6.48333,11.6279,23.0263,65.5676,91,64,8.6,60,13.8158,80,16118,10844.3,3,3.66667,130,62,268,240,456,False,False,True,False,0.427226,0.56238,good,True,main
p10,2019-11-18,2019-11-18 07:50:40,False,2,2,2,2,3,2,6,0,False,stages,6.6,7.6,5.8,6.13056,10,27.2727,67.5683,94,64,7.33333,44,11.1111,78,7542,11311,3,4.66667,26,61.6667,266,262,632,False,False,True,False,-0.593171,-0.780821,bad,True,main
p10,2019-11-19,2019-11-19 08:41:12,False,3,3,2,5,3,3,8,1,False,stages,8.41667,7.53889,4.00833,5.52222,12.4783,23.3663,71.2647,93,64,9.61667,72,17.2277,79,9480,11046.7,3,3,17,57.6667,322,285.333,661,False,False,False,False,0.427226,0.56238,good,True,main
p10,2019-11-20,2019-11-20 06:37:21,False,3,2,1,5,2,2,5,2,False,stages,5.31667,6.77778,5.825,5.21111,13.3152,13.7931,77.1491,92,67,6.13333,49,16.3009,62,11716,9579.33,18,8,34,25.6667,284,290.667,545,False,False,False,False,-0.516152,-0.679437,bad,True,main
p10,2019-11-21,2019-11-21 09:00:29,False,4,4,3,5,2,4,8,3,False,stages,8.28333,7.33889,4.90833,4.91389,9.80036,28.5714,69.2863,94,69,9.18333,54,18.7123,86,14211,11802.3,0,7,8,19.6667,424,343.333,640,False,False,False,False,1.96378,2.58502,good,True,main
p10,2019-11-22,2019-11-22 07:50:03,False,2,1,2,3,2,2,6,4,False,stages,6.53333,6.71111,5.51667,5.41667,12.5,27.551,71.5957,93,67,7.46667,56,19.3878,74,10384,12103.7,1,6.33333,7,16.3333,287,331.667,595,False,False,False,False,-1.0204,-1.3432,bad,True,main
p10,2019-11-23,2019-11-23 15:28:04,False,4,4,3,8,3,4,9,5,False,stages,6.95,7.25556,6.61667,5.68056,11.6525,21.8225,74.5565,93,69,7.86667,55,22.7818,75,12639,12411.3,9,3.33333,58,24.3333,215,308.667,719,False,False,False,False,1.96378,2.58502,good,True,main
p10,2019-11-24,2019-11-24 11:09:28,False,3,3,3,5,2,3,9,6,False,stages,9.21667,7.56667,6.71667,6.28333,11.6613,24.0506,70.0851,93,70,10.4333,73,17.9024,86,15956,12993,38,16,124,63,273,258.333,571,False,False,True,False,0.943378,1.24182,good,True,main
p10,2019-11-25,2019-11-25 08:12:52,False,3,1,1,2,3,1,6,0,False,stages,5.9,7.35556,6.21667,6.51667,18.4332,15.5367,70.5207,87,70,7.23333,80,10.1695,66,9351,12648.7,0,15.6667,28,70,266,251.333,520,False,False,True,False,-0.943378,-1.24182,bad,True,main
p10,2019-11-26,2019-11-26 09:01:12,False,3,3,2,5,3,4,7,1,False,stages,6.71667,7.27778,5.76667,6.23333,10.0446,27.7916,71.8923,91,69,7.46667,45,17.866,79,8378,11228.3,2,13.3333,15,55.6667,273,270.667,718,False,False,False,False,0.427226,0.56238,good,True,main
p10,2019-11-27,2019-11-27 09:11:01,False,3,2,3,3,3,4,7,2,False,stages,7.13333,6.58333,6.98333,6.32222,8.15451,22.1963,71.7945,90,69,7.76667,38,23.5981,80,14863,10864,11,4.33333,13,18.6667,419,319.333,560,False,False,False,False,0.516152,0.679437,good,True,main
p10,2019-11-28,2019-11-28 07:32:45,False,3,1,3,3,2,4,7,3,False,stages,6.9,6.91667,5.71667,6.15556,11.349,24.3961,73.6708,93,69,7.78333,53,12.0773,77,2150,8463.67,0,4.33333,0,9.33333,124,272,850,False,False,False,False,0.0889256,0.117057,neutral,True,main
p10,2019-11-30,2019-11-30 14:12:26,False,2,2,2,1,3,2,10,5,False,stages,10.3333,8.27778,7.49167,6.24444,18.7418,12.4194,81.2688,87,68,12.7167,143,18.0645,70,13214,9230,0,0.333333,53,33.6667,209,208.333,663,False,False,False,False,-0.593171,-0.780821,bad,True,main
p10,2019-12-01,2019-12-01 10:09:16,False,3,2,3,3,3,2,9,6,False,,,8.96667,,6.50833,,,,,,,,,,644,8728,68,23,0,33.6667,78,193,599,False,False,True,False,0.516152,0.679437,good,False,main
p10,2019-12-02,2019-12-02 09:10:58,False,3,1,2,2,3,2,7,0,False,stages,7.28333,8.80833,4.78333,6.1375,11.8952,24.9428,62.5433,95,69,8.26667,59,6.86499,83,8346,7401.33,74,47.3333,12,21.6667,291,192.667,1137,False,False,True,False,-0.427226,-0.56238,bad,True,main
p10,2019-12-03,2019-12-03 10:14:44,False,4,3,3,5,4,3,7,1,False,stages,6.85,7.06667,5.63333,5.20833,9.67033,18.4915,62.1819,94,67,7.58333,44,11.6788,80,12684,7224.67,0,47.3333,13,8.33333,377,248.667,554,False,False,False,False,1.53655,2.02264,good,True,main
p10,2019-12-04,2019-12-04 08:00:49,False,3,2,2,5,2,2,6,2,False,stages,6.45,6.86111,5.58333,5.33333,15.6863,21.1886,68.4427,91,64,7.65,72,8.26873,75,10057,10362.3,17,30.3333,19,14.6667,250,306,716,False,False,False,False,0,0,neutral,True,main
p10,2019-12-05,2019-12-05 09:25:41,False,3,1,2,5,2,3,8,3,False,stages,8.3,7.2,5.49167,5.56944,9.94575,30.3213,73.6028,92,66,9.21667,55,22.49,83,10880,11207,0,5.66667,66,32.6667,208,278.333,707,False,False,False,False,-0.427226,-0.56238,bad,True,main
p10,2019-12-06,2019-12-06 09:08:39,False,2,1,2,2,3,1,6,4,False,stages,6.88333,7.21111,6.925,6,14.4928,25.4237,74.6177,86,69,8.05,70,13.3172,71,12663,11200,6,7.66667,57,47.3333,276,244.667,554,False,False,False,False,-1.0204,-1.3432,bad,True,main
p10,2019-12-07,2019-12-07 12:17:46,False,3,3,3,3,3,4,10,5,False,stages,10.2833,8.48889,6.775,6.39722,10.7091,29.3355,70.3916,95,71,11.5167,74,18.1524,86,13972,12505,22,9.33333,61,61.3333,363,282.333,533,False,False,False,False,0.943378,1.24182,good,True,main
p10,2019-12-08,2019-12-08 15:51:29,False,4,2,4,5,3,4,7,6,False,stages,7.56667,8.24444,7.825,7.175,11.3281,22.0264,65.7866,91,70,8.53333,58,13.8767,82,17145,14593.3,2,10,44,54,366,335,339,False,False,True,False,1.62547,2.1397,good,True,main
p10,2019-12-09,2019-12-09 08:12:33,False,3,2,3,5,3,3,6,0,False,stages,6.03333,7.96111,6.86667,7.15556,12.3487,21.2707,67.8312,92,68,6.88333,51,13.8122,75,20193,17103.3,50,24.6667,116,73.6667,343,357.333,469,False,False,True,False,0.516152,0.679437,good,True,main
p10,2019-12-10,2019-12-10 09:16:02,False,3,2,2,3,2,2,8,1,False,stages,7.81667,7.13889,6.29167,6.99444,11.0057,25.7996,66.669,90,67,8.78333,58,19.403,83,9881,15739.7,2,18,12,57.3333,274,327.667,741,False,False,False,False,0,0,neutral,True,main
p10,2019-12-11,2019-12-11 08:32:21,False,3,2,3,2,2,2,7,2,False,stages,7.18333,7.01111,6.19167,6.45,8.29787,25.29,68.789,92,66,7.83333,39,14.6172,82,14911,14995,40,30.6667,83,70.3333,258,291.667,572,False,False,False,False,0.516152,0.679437,good,True,main
p10,2019-12-12,2019-12-12 14:25:29,False,4,2,4,3,3,4,7,3,False,stages,7.53333,7.51111,6.89167,6.45833,9.96016,24.3363,64.7317,93,68,8.36667,50,14.1593,84,6734,10508.7,0,14,10,35,197,243,763,False,False,False,False,1.62547,2.1397,good,True,main
p10,2019-12-13,2019-12-13 09:31:29,False,3,1,3,2,3,1,8,4,False,stages,8.05,7.58889,5.8,6.29444,12.1818,23.8095,72.094,86,67,9.16667,67,19.4617,82,8419,10021.3,6,15.3333,34,42.3333,223,226,681,False,False,False,False,0.0889256,0.117057,neutral,True,main
p10,2019-12-14,2019-12-14 10:44:32,False,2,1,3,0,2,2,8,5,False,stages,8.28333,7.95556,6.44167,6.37778,14.8973,13.6821,78.5662,87,67,9.73333,87,15.0905,73,21336,12163,2,2.66667,101,48.3333,323,247.667,466,False,False,False,False,-0.504245,-0.663764,bad,True,main
p10,2019-12-15,2019-12-15 09:14:08,False,3,1,3,0,2,2,8,6,False,stages,7.98333,8.10556,5.55833,5.93333,9.96241,15.0313,73.4225,92,69,8.86667,53,14.1962,75,18638,16131,10,6,127,87.3333,295,280.333,434,False,False,True,False,0.0889256,0.117057,neutral,True,main
p10,2019-12-16,2019-12-16 13:44:42,False,3,1,3,0,2,2,10,0,False,stages,10.5167,8.92778,5.14167,5.71389,17.3001,7.60697,70.3346,93,71,12.7167,132,6.49762,73,8988,16320.7,2,4.66667,23,83.6667,273,297,612,False,False,True,False,0.0889256,0.117057,neutral,True,main
p10,2019-12-17,2019-12-17 10:11:34,False,3,2,3,2,3,3,8,1,False,stages,7.75,8.75,7.33333,6.01111,11.7647,19.7849,67.5782,86,69,8.78333,62,15.6989,80,3440,10355.3,0,4,0,50,153,240.333,524,False,False,False,False,0.516152,0.679437,good,True,main
p10,2019-12-18,2019-12-18 09:49:20,False,3,2,3,3,3,4,7,2,False,stages,7.18333,8.48333,7.86667,6.78056,9.45378,32.0186,69.3763,93,70,7.93333,45,11.1369,84,6784,6404,1,1,27,16.6667,216,214,670,False,False,False,False,0.516152,0.679437,good,True,main
p10,2019-12-19,2019-12-19 08:20:29,False,3,2,2,3,2,2,7,3,False,stages,7.3,7.41111,5.89167,7.03056,10.4294,18.9498,70.2737,91,70,8.15,51,19.1781,80,7009,5744.33,0,0.333333,10,12.3333,264,211,690,False,False,False,False,0,0,neutral,True,main
p10,2019-12-20,2019-12-20 09:19:56,False,3,2,3,3,3,2,8,4,False,stages,7.73333,7.40556,5.75,6.50278,10.0775,20.0431,71.0382,93,70,8.6,52,19.181,80,11392,8395,1,0.666667,24,20.3333,277,252.333,650,False,False,False,False,0.516152,0.679437,good,True,main
p10,2019-12-21,2019-12-21 10:26:26,False,2,2,2,3,3,2,7,5,False,stages,7.53333,7.52222,7.63333,6.425,14.2315,25.6637,68.1056,90,69,8.78333,75,12.3894,80,11941,10114,1,0.666667,20,18,304,281.667,540,False,False,False,True,-0.593171,-0.780821,bad,True,main
p10,2019-12-22,2019-12-22 11:51:19,False,3,2,3,4,3,2,8,6,False,stages,7.85,7.70556,7,6.79444,13.0996,21.0191,67.7183,89,68,9.03333,71,14.0127,77,15700,13011,0,0.666667,37,27,475,352,401,False,False,True,True,0.516152,0.679437,good,True,main
p10,2019-12-23,2019-12-23 09:47:53,False,3,2,3,3,3,2,8,0,False,,,7.69167,,7.31667,,,,,,,,,,12972,13537.7,1,0.666667,28,28.3333,337,372,533,False,False,True,True,0.516152,0.679437,good,False,main
p10,2019-12-25,2019-12-25 13:35:48,False,3,3,3,4,3,3,9,2,False,,,,,,,,,,,,,,,,14540.5,,1,,42.5,,404,,True,False,False,True,0.943378,1.24182,good,False,main
p10,2019-12-26,2019-12-26 12:12:18,False,4,3,3,5,3,2,10,3,False,,,,,,,,,,,,,,,,,,,,,,,,True,False,False,True,1.53655,2.02264,good,False,main
p10,2019-12-27,2019-12-27 10:59:16,False,3,2,3,3,3,2,7,4,False,stages,7.66667,,7.89167,,14.9723,21.087,67.6036,91,67,9.01667,81,5.43478,72,4915,,0,,12,,231,,,False,False,False,True,0.516152,0.679437,good,True,main
p10,2019-12-28,2019-12-28 10:04:44,False,3,2,3,4,3,2,7,5,False,stages,7.66667,7.66667,5.475,6.68333,13.8577,20.6522,67.7481,85,67,8.9,74,17.8261,76,9438,7176.5,0,0,0,6,337,284,562,False,False,False,True,0.516152,0.679437,good,True,main
p10,2019-12-29,2019-12-29 10:11:30,False,4,2,4,4,3,2,7,6,False,stages,7.43333,7.58889,5.75833,6.375,13.2296,17.9372,78.1613,89,66,8.56667,68,20.4036,71,14184,9512.33,6,2,69,27,361,309.667,476,False,False,True,True,1.62547,2.1397,good,True,main
p10,2019-12-30,2019-12-30 11:27:20,False,4,3,2,3,3,2,9,0,False,stages,9.35,8.15,6.775,6.00278,11.6535,22.9947,74.0426,88,68,10.5833,74,19.0731,82,13724,12448.7,17,7.66667,64,44.3333,379,359,483,False,False,True,True,1.0204,1.3432,good,True,main
p10,2019-12-31,2019-12-31 11:37:48,False,4,3,3,5,3,3,10,1,False,stages,9.81667,8.86667,6.06667,6.2,8.68217,18.8455,71.019,92,69,10.75,56,16.2988,84,10563,12823.7,5,9.33333,20,51,358,366,427,False,False,False,True,1.53655,2.02264,good,True,main
p10,2020-01-02,2020-01-02 11:38:49,False,4,3,2,5,3,2,9,3,False,stages,8.83333,9.78333,6.05,6.24444,10.1695,22.4528,66.0487,93,69,9.83333,60,10.566,87,,11229,,9,,15,,370.5,,True,False,False,False,1.0204,1.3432,good,False,main
p10,2020-01-03,2020-01-03 19:25:23,False,3,2,2,5,3,1,5,4,False,,,9.76667,,6.33333,,,,,,,,,,15516,13705.5,14,13.5,112,61,282,332.5,456,False,False,False,False,0,0,neutral,False,main
p10,2020-01-04,2020-01-04 13:47:19,False,4,4,2,4,2,4,11,5,False,,,,,,,,,,,,,,,12517,14016.5,66,40,58,85,198,240,,False,False,False,False,1.44762,1.90558,good,False,main
p10,2020-01-05,2020-01-05 13:09:36,False,3,2,2,4,2,2,7,6,False,,,,,,,,,,,,,,,17854,15295.7,2,27.3333,135,101.667,209,229.667,,False,False,True,False,0,0,neutral,False,main
p10,2020-01-06,2020-01-06 10:45:11,False,3,2,2,3,3,2,5,0,False,,,,,,,,,,,,,,,,15185.5,,34,,96.5,,203.5,,True,False,True,False,0,0,neutral,False,main
p10,2020-01-07,2020-01-07 08:18:54,False,3,1,2,2,2,2,6,1,False,stages,6.43333,,6.90833,,12.4717,20.9845,68.7111,90,68,7.35,55,4.66321,73,12098,14976,46,24,53,94,232,220.5,,False,False,False,False,-0.427226,-0.56238,bad,True,main
p10,2020-01-09,2020-01-09 08:51:22,False,3,2,1,4,3,3,7,3,False,stages,7.46667,6.76111,5.91667,6.39722,8.00821,22.0982,69.3262,95,70,8.11667,39,17.8571,85,11295,11184.3,8,18,17,32,367,286.667,627,False,False,False,False,-0.516152,-0.679437,bad,True,main
p10,2020-01-10,2020-01-10 07:52:31,False,2,2,1,3,3,2,6,4,False,,,6.925,,6.14167,,,,,,,,,,4892,8782.33,1,3,10,17.6667,158,262,785,False,False,False,False,-1.10932,-1.46026,bad,False,main
p10,2020-01-12,2020-01-12 11:08:19,False,3,1,2,1,3,2,7,6,False,,,,,,,,,,,,,,,,11068,,13.5,,51,,213.5,,True,False,True,False,-0.427226,-0.56238,bad,False,main
p10,2020-01-13,2020-01-13 15:33:11,False,3,2,2,4,3,2,7,0,False,stages,6.83333,7.18333,6.05,6.77917,8.68597,20.4878,70.0445,96,71,7.48333,39,12.6829,82,12331,14787.5,5,15.5,76,84,189,229,,False,False,True,False,0,0,neutral,True,main
p10,2020-01-14,2020-01-14 08:54:38,False,3,1,2,3,2,2,8,1,False,stages,8.2,7.51667,5.75,5.9,9.55882,27.6423,68.0082,91,69,9.06667,52,13.0081,88,14310,13320.5,46,25.5,94,85,258,223.5,639,False,False,False,False,-0.427226,-0.56238,bad,True,main
p10,2020-01-16,2020-01-16 07:31:17,False,3,2,3,5,3,3,7,3,False,stages,7.05,7.41111,5.45,6.13611,10.5708,25.5319,66.6687,97,68,7.88333,50,17.9669,84,8160,11316.3,4,18.3333,20,52.6667,210,241.333,747,False,False,False,False,0.516152,0.679437,good,True,main
p10,2020-01-17,2020-01-17 09:29:24,False,3,1,3,2,2,2,7,4,False,stages,7.66667,7.23333,6.6,6.41944,9.44882,28.4783,72.0226,93,67,8.46667,48,17.6087,78,10730,10123,24,11,29,31,181,215.667,,False,False,False,False,0.0889256,0.117057,neutral,True,main
p10,2020-01-19,2020-01-19 11:05:49,False,4,3,3,6,3,3,8,6,False,stages,7.78333,7.43889,6.75833,7.53056,11.8868,21.6274,71.9026,92,69,8.83333,63,23.5546,79,7731,8858.33,1,9,48,29.3333,251,232,591,False,False,True,False,1.53655,2.02264,good,True,main
p10,2020-01-20,2020-01-20 11:33:11,False,3,2,2,4,3,2,8,0,False,,,7.325,,7.99583,,,,,,,,,,11814,9219.67,25,9.33333,28,29,321,278.667,561,False,False,True,False,0,0,neutral,False,main
p10,2020-01-22,2020-01-22 08:54:00,False,3,2,2,2,1,2,7,2,False,stages,7.7,7.46667,5.55,5.775,12.5,12.987,67.1509,90,68,8.8,66,18.8312,78,13855,13196.7,25,18.3333,89,65,248,281.333,615,False,False,False,False,0,0,neutral,True,main
p10,2020-01-23,2020-01-23 09:32:17,False,2,1,2,3,3,2,7,3,False,stages,6.98333,7.30556,5.71667,5.75556,13.2505,14.3198,68.4277,90,67,8.05,64,11.2172,71,9414,12396.7,0,10,38,68.3333,207,243.333,667,False,False,False,False,-1.0204,-1.3432,bad,True,main
p10,2020-01-24,2020-01-24 08:54:46,False,3,2,2,4,3,2,7,4,False,stages,7.15,7.27778,6.725,5.99722,11.7284,27.972,69.6563,91,67,8.1,57,15.3846,77,12283,11850.7,2,9,68,65,244,233,645,False,False,False,False,0,0,neutral,True,main
p10,2020-01-25,2020-01-25 09:55:27,False,2,2,2,4,3,2,7,5,False,stages,8,7.37778,6.625,6.35556,13.0435,23.3333,73.161,88,68,9.2,72,14.375,74,9230,10309,6,2.66667,40,48.6667,262,237.667,652,False,False,False,False,-0.593171,-0.780821,bad,True,main
p10,2020-01-26,2020-01-26 10:26:34,False,3,1,2,3,3,2,7,6,False,stages,7.13333,7.42778,8.23333,7.19444,12.2951,20.7944,69.8299,90,69,8.13333,60,13.3178,79,19225,13579.3,3,3.66667,120,76,252,252.667,516,False,False,True,False,-0.427226,-0.56238,bad,True,main
p10,2020-01-28,2020-01-28 08:02:34,False,2,1,1,2,3,1,6,1,False,stages,5.93333,6.61111,6.325,6.80278,16.8224,26.9663,70.0561,94,69,7.13333,72,17.1348,69,10003,15008.7,31,13.6667,69,100,280,256.667,643,False,False,False,False,-1.53655,-2.02264,bad,True,main
p10,2020-01-29,2020-01-29 09:13:26,False,3,1,2,3,3,1,6,2,False,stages,6.6,6.43333,7.14167,6.43889,17.5,20.7071,68.9488,92,69,8,84,11.1111,66,10606,12135.7,15,17.6667,53,77.6667,247,255,712,False,False,False,False,-0.427226,-0.56238,bad,True,main
p10,2020-01-30,2020-01-30 08:55:07,False,3,3,3,5,3,3,7,3,False,stages,7.38333,6.63889,5.75,6.40556,11.753,20.7675,68.9438,92,67,8.36667,59,14.6727,79,10134,10247.7,1,15.6667,24,48.6667,241,256,,False,False,False,False,0.943378,1.24182,good,True,main
p10,2020-02-01,2020-02-01 10:42:08,False,3,3,3,5,3,3,8,5,False,stages,8.1,7.21111,7.00833,6.48611,8.81801,27.3663,67.2273,91,65,8.88333,47,5.55556,85,10562,11114.3,8,3.66667,30,42.3333,251,233.667,753,False,False,False,False,0.943378,1.24182,good,True,main
p10,2020-02-02,2020-02-02 10:47:54,False,3,2,3,3,3,4,8,6,False,stages,8.28333,7.51111,7.7,7.13611,8.47145,25.9557,68.5077,93,64,9.05,46,17.3038,84,22671,15293.3,14,8,155,86,296,252,456,False,False,True,False,0.516152,0.679437,good,True,main
p10,2020-02-03,2020-02-03 08:23:02,False,3,1,2,3,3,2,5,0,False,stages,5.6,7.32778,7.18333,7.29722,15.1515,22.9167,72.267,86,63,6.6,60,16.6667,65,17885,17039.3,7,9.66667,89,91.3333,299,282,509,False,False,True,False,-0.427226,-0.56238,bad,True,main
p10,2020-02-04,2020-02-04 08:25:28,False,4,3,3,3,3,4,8,1,False,stages,8.1,7.32778,4.63333,6.50556,9.83302,29.4239,65.2488,95,65,8.98333,53,12.3457,88,10100,16885.3,19,13.3333,40,94.6667,304,299.667,700,False,False,False,False,1.53655,2.02264,good,True,main
p10,2020-02-05,2020-02-05 08:05:17,False,3,2,2,5,3,2,7,2,False,stages,7.35,7.01667,5.53333,5.78333,11.2676,29.7052,66.938,93,64,8.28333,56,10.4308,83,8597,12194,22,16,89,72.6667,209,270.667,603,False,False,False,False,0,0,neutral,True,main
p10,2020-02-06,2020-02-06 08:46:01,False,3,2,2,1,3,2,7,3,False,stages,7.3,7.58333,6.41667,5.52778,12.0482,23.516,78.8876,88,64,8.3,60,20.5479,75,11098,9931.67,4,15,51,60,249,254,643,False,False,False,False,0,0,neutral,True,main
p10,2020-02-07,2020-02-07 08:24:00,False,3,3,3,3,3,3,8,4,False,stages,8.01667,7.55556,4.7,5.55,11.0906,27.027,71.522,94,65,9.01667,60,18.2952,82,10308,10001,1,9,42,60.6667,324,260.667,576,False,False,False,False,0.943378,1.24182,good,True,main
p10,2020-02-08,2020-02-08 10:20:25,False,3,2,3,2,3,3,6,5,False,stages,6.71667,7.34444,7.675,6.26389,16.0417,20.3474,81.887,91,67,8,77,20.3474,66,15472,12292.7,23,9.33333,63,52,294,289,542,False,False,False,False,0.516152,0.679437,good,True,main
p10,2020-02-09,2020-02-09 10:10:38,False,3,3,3,4,3,3,7,6,False,stages,7.55,7.42778,7.875,6.75,8.85312,23.6203,74.1907,92,69,8.28333,44,18.1015,79,,12890,,12,,52.5,,309,,True,False,True,False,0.943378,1.24182,good,False,main
p10,2020-02-10,2020-02-10 07:09:26,False,3,1,2,3,2,1,6,0,False,stages,6.25,6.83889,5.44167,6.99722,12.178,15.7333,70.2989,89,69,7.11667,52,15.4667,73,16729,16100.5,27,25,142,102.5,251,272.5,550,False,False,True,False,-0.427226,-0.56238,bad,True,main
p10,2020-02-11,2020-02-11 09:01:20,False,3,2,2,3,2,2,6,1,False,stages,6.3,6.7,5.81667,6.37778,9.56938,22.2222,69.721,94,69,6.96667,40,21.4286,81,18227,17478,18,22.5,100,121,343,297,570,False,False,False,False,0,0,neutral,True,main
p10,2020-02-12,2020-02-12 09:04:01,False,2,2,2,3,2,2,6,2,False,,,6.275,,5.62917,,,,,,,,,,,17478,,22.5,,121,,297,,True,False,False,False,-0.593171,-0.780821,bad,False,main
p10,2020-02-13,2020-02-13 07:43:23,False,3,3,3,5,3,4,7,3,False,stages,7.11667,6.70833,5.275,5.54583,7.57576,21.3115,69.8642,94,68,7.7,35,14.9883,82,20445,19336,34,26,129,114.5,221,282,,False,False,False,False,0.943378,1.24182,good,True,main
p10,2020-02-14,2020-02-14 09:32:09,False,3,1,2,2,3,2,5,4,False,stages,4.88333,6,8.40833,6.84167,12.5373,24.5734,85.0261,87,68,5.58333,42,26.9625,64,,,,,,,,,,True,False,False,False,-0.427226,-0.56238,bad,False,main
p10,2020-02-15,2020-02-15 10:53:50,False,3,2,2,3,3,2,8,5,False,,,6,,6.84167,,,,,,,,,,,,,,,,,,,True,False,False,False,0,0,neutral,False,main
p10,2020-02-16,2020-02-16 11:09:33,False,2,3,2,4,3,4,9,6,False,stages,8.95,6.91667,7.21667,7.8125,9.29054,26.8156,69.7775,93,70,9.86667,55,15.4562,85,,,,,,,,,,True,False,True,False,-0.165945,-0.218441,neutral,False,main
p10,2020-02-17,2020-02-17 08:11:18,False,4,2,3,5,3,3,7,0,False,stages,7.08333,8.01667,5.8,6.50833,15.1697,21.8824,71.9371,91,68,8.35,76,1.41176,73,14045,,27,,79,,249,,520,False,False,True,False,1.10932,1.46026,good,True,main
p10,2020-02-18,2020-02-18 08:23:27,False,2,1,2,4,3,2,7,1,False,stages,8.41667,8.15,4.8,5.93889,10.9347,23.3663,69.5896,89,67,9.45,62,11.6832,84,11705,12875,0,13.5,61,70,238,243.5,640,False,False,False,False,-1.0204,-1.3432,bad,True,main
p10,2020-02-19,2020-02-19 08:44:34,False,2,2,2,2,2,3,8,2,False,stages,7.71667,7.73889,5.7,5.43333,10.9615,24.838,69.4448,91,67,8.66667,57,20.5184,82,17129,14293,24,17,107,82.3333,270,252.333,496,False,False,False,False,-0.593171,-0.780821,bad,True,main
p10,2020-02-20,2020-02-20 09:49:07,False,2,3,2,3,2,3,8,3,False,stages,8.21667,8.11667,5.74167,5.41389,10.5263,26.1663,66.5048,91,65,9.18333,58,16.2272,84,15968,14934,36,20,77,81.6667,296,268,547,False,False,False,False,-0.165945,-0.218441,neutral,True,main
p10,2020-02-21,2020-02-21 09:03:59,False,3,1,2,2,3,2,5,4,False,stages,5.31667,7.08333,6.64167,6.02778,15.8311,17.8683,68.6373,95,64,6.31667,60,12.2257,64,13922,15673,23,27.6667,49,77.6667,320,295.333,520,False,False,False,False,-0.427226,-0.56238,bad,True,main
p10,2020-02-23,2020-02-23 10:06:47,False,3,2,3,5,3,2,6,6,False,,,6.71667,,7.15,,,,,,,,,,21384,17573.7,24,20.3333,117,87.6667,332,320.667,451,False,False,True,False,0.516152,0.679437,good,False,main
p10,2020-02-24,2020-02-24 09:31:34,False,3,1,3,3,3,2,5,0,False,stages,5.43333,6.775,8.425,8.04167,9.94475,28.2209,73.9983,92,65,6.03333,36,22.3926,71,11624,16807.7,6,14.6667,49,87.6667,287,309.667,,False,False,True,False,0.0889256,0.117057,neutral,True,main
p10,2020-02-25,2020-02-25 09:06:18,False,3,2,3,5,3,3,7,1,False,stages,7.55,6.49167,5.66667,7.04583,6.59794,27.1523,69.1005,94,66,8.08333,32,17.4393,81,15410,16139.3,21,17,67,77.6667,436,351.667,575,False,False,False,False,0.516152,0.679437,good,True,main
p10,2020-02-26,2020-02-26 08:43:45,False,3,2,3,2,3,2,7,2,False,stages,7.38333,6.78889,5.36667,6.48611,11.753,18.5102,79.6773,93,66,8.36667,59,18.7359,72,15405,14146.3,19,15.3333,71,62.3333,344,355.667,540,False,False,False,False,0.516152,0.679437,good,True,main
p10,2020-02-27,2020-02-27 16:42:44,False,3,2,3,4,2,3,7,3,False,stages,7.46667,7.46667,5.38333,5.47222,8.57143,18.75,65.3669,93,68,8.16667,42,8.25893,81,14304,15039.7,12,17.3333,93,77,249,343,596,False,False,False,False,0.516152,0.679437,good,True,main
p10,2020-02-28,2020-02-28 08:12:41,False,3,3,3,4,2,2,8,4,False,stages,7.95,7.6,4.2,4.98333,12.6374,18.6583,73.2428,88,65,9.1,69,19.7065,73,12867,14192,15,15.3333,64,76,299,297.333,587,False,False,False,False,0.943378,1.24182,good,True,main
p10,2020-02-29,2020-02-29 10:07:30,False,4,2,2,1,2,2,8,5,False,,,7.70833,,4.79167,,,,,,,,,,,13585.5,,13.5,,78.5,,274,,True,False,False,False,0.593171,0.780821,good,False,main
p16,2019-11-15,2019-11-15 10:10:38,False,4,3,4,5,4,3,6,4,False,stages,6.46667,6.65556,8.94167,9.78056,10.1852,19.0722,65.3852,94,68,7.2,44,23.9691,78,4203,3329.33,7,3,34,20.6667,77,76,,False,False,False,False,1.08698,1.39553,good,True,backup
p16,2019-11-16,2019-11-16 11:12:21,False,4,3,4,4,3,3,7,5,False,stages,7.21667,6.31111,9.09167,9.57778,11.9919,21.2471,62.99,91,68,8.2,59,27.0208,85,4553,3272.33,0,2.33333,13,15.6667,102,78.3333,893,False,False,False,False,1.08698,1.39553,good,True,backup
p16,2019-11-17,2019-11-17 14:11:16,False,4,3,3,4,3,3,7,6,False,stages,7.41667,7.03333,11.2417,9.75833,15.5598,10.7865,64.1389,96,67,8.78333,82,31.4607,79,2679,3811.67,0,2.33333,0,15.6667,135,104.667,813,False,False,True,False,0.606045,0.778075,good,True,backup
p16,2019-11-18,2019-11-18 14:35:09,False,3,3,3,4,3,3,8,0,False,stages,7.71667,7.45,11.3417,10.5583,14.5756,13.3909,62.8966,89,68,9.03333,79,22.8942,77,1594,2942,0,0,0,4.33333,89,108.667,824,False,False,True,False,0,0,neutral,True,backup
p16,2019-11-19,2019-11-19 13:14:45,False,4,3,4,5,2,3,6,1,False,stages,5.91667,7.01667,12.1,11.5611,14.4578,15.7746,63.1099,92,67,6.91667,60,25.9155,73,1838,2037,1,0.333333,13,4.33333,67,97,818,False,False,False,False,1.08698,1.39553,good,True,backup
p16,2019-11-20,2019-11-20 13:37:34,False,3,2,3,3,3,2,7,2,False,stages,6.73333,6.78889,10.9167,11.4528,15.4812,15.099,63.8405,88,67,7.96667,74,23.0198,72,1998,1810,0,0.333333,0,4.33333,90,82,935,False,False,False,False,-0.552461,-0.709281,bad,True,backup
p16,2019-11-21,2019-11-21 11:36:38,False,3,2,3,4,3,3,7,3,False,stages,6.2,6.28333,9.49167,10.8361,13.8889,17.4731,65.1898,90,68,7.2,60,25.5376,74,1233,1689.67,0,0.333333,0,4.33333,91,82.6667,871,False,False,False,False,-0.552461,-0.709281,bad,True,backup
p16,2019-11-22,2019-11-22 14:47:17,False,3,2,3,5,3,2,8,4,False,stages,8.23333,7.05556,10.775,10.3944,15.411,17.4089,65.4501,87,68,9.73333,90,26.3158,83,5438,2889.67,0,0,11,3.66667,117,99.3333,880,False,False,False,False,-0.552461,-0.709281,bad,True,backup
p16,2019-11-23,2019-11-23 15:01:04,False,3,3,3,4,3,3,7,5,False,stages,6.88333,7.10556,12.2333,10.8333,13.7787,15.7385,64.8109,91,68,7.98333,66,24.9395,74,4593,3754.67,0,0,29,13.3333,118,108.667,709,False,False,False,False,0,0,neutral,True,backup
p16,2019-11-24,2019-11-24 14:47:23,False,4,4,3,5,3,3,7,6,False,stages,6.83333,7.31667,12.7667,11.925,13.5021,12.9268,64.2582,93,69,7.9,64,26.3415,77,2103,4044.67,2,0.666667,0,13.3333,88,107.667,873,False,False,True,False,1.15851,1.48736,good,True,backup
p16,2019-11-25,2019-11-25 15:25:30,False,3,3,3,4,3,3,7,0,False,stages,6.66667,6.79444,12.8833,12.6278,15.2542,15.75,62.6512,94,68,7.86667,72,25.5,75,1124,2606.67,0,0.666667,0,9.66667,79,95,887,False,False,True,False,0,0,neutral,True,backup
p16,2019-11-26,2019-11-26 15:08:59,False,3,3,3,4,3,3,7,1,False,stages,7.43333,6.97778,12.125,12.5917,15.2091,18.3857,61.7676,92,68,8.76667,80,25.1121,80,847,1358,0,0.666667,0,0,56,74.3333,912,False,False,False,False,0,0,neutral,True,backup
p16,2019-11-27,2019-11-27 10:53:29,False,2,2,3,4,3,2,5,2,False,stages,3.86667,5.98889,11.925,12.3111,16.5468,5.17241,63.3171,91,66,4.63333,46,25.431,57,907,959.333,0,0,0,0,67,67.3333,847,False,False,False,False,-1.15851,-1.48736,bad,True,backup
p16,2019-11-28,2019-11-28 11:33:35,False,3,3,3,4,3,4,6,3,False,stages,6.11667,5.80556,9.975,11.3417,12.619,16.6213,62.5822,93,67,7,53,21.7984,75,4527,2093.67,0,0,21,7,104,75.6667,1037,False,False,False,False,0,0,neutral,True,backup
p16,2019-11-29,2019-11-29 14:02:30,False,3,3,3,4,3,3,9,4,False,stages,8.88333,6.28889,9.51667,10.4722,13.6143,18.3865,63.9425,87,66,10.2833,84,26.6417,85,4089,3174.33,0,0,22,14.3333,98,89.6667,,False,False,False,False,0,0,neutral,True,backup
p16,2019-11-30,2019-11-30 15:09:18,False,4,3,3,4,3,3,8,5,False,stages,8.43333,7.81111,11.4583,10.3167,11.0721,23.5178,60.7348,96,66,9.48333,63,26.087,91,2965,3860.33,0,0,0,14.3333,121,107.667,702,False,False,False,False,0.606045,0.778075,good,True,backup
p16,2019-12-01,2019-12-01 14:43:15,False,4,3,3,5,3,3,7,6,False,stages,6.88333,8.06667,12.45,11.1417,10.0218,15.4964,60.5382,96,65,7.65,46,25.4237,80,2061,3038.33,0,0,10,10.6667,91,103.333,770,False,False,True,False,0.606045,0.778075,good,True,backup
p16,2019-12-03,2019-12-03 15:55:30,False,3,3,3,5,3,2,7,1,False,stages,6.71667,6.78333,12.7,12.3472,12.7706,15.8809,62.6775,93,66,7.7,59,22.0844,75,2161,1743,0,0,0,3.33333,93,84.3333,880,False,False,False,False,0,0,neutral,True,backup
p16,2019-12-04,2019-12-04 14:59:40,False,3,4,2,5,3,4,8,2,False,stages,7.88333,7.11667,11.575,12.0556,12.5693,19.0275,59.9262,94,67,9.01667,68,22.4101,83,865,1344.33,0,0,0,0,77,79.6667,,False,False,False,False,0.071522,0.0918241,neutral,True,backup
p16,2019-12-05,2019-12-05 13:41:07,False,3,3,3,4,3,4,7,3,False,stages,6.73333,7.11111,11.9833,12.0861,12.1739,15.099,62.4234,94,66,7.66667,56,21.7822,77,2232,1752.67,1,0.333333,12,4,126,98.6667,761,False,False,False,False,0,0,neutral,True,backup
p16,2019-12-06,2019-12-06 15:03:04,False,3,3,3,4,3,3,6,4,False,stages,6.4,7.00556,12.5583,12.0389,8.7886,20.0521,66.5075,93,66,7.01667,37,25.5208,76,2445,1847.33,0,0.333333,11,7.66667,170,124.333,799,False,False,False,False,0,0,neutral,True,backup
p16,2019-12-07,2019-12-07 15:48:46,False,3,3,2,5,3,3,6,5,False,stages,6.5,6.54444,13.1833,12.575,13.7168,16.1538,65.7497,93,68,7.53333,62,22.3077,74,1866,2181,0,0.333333,9,10.6667,75,123.667,935,False,False,False,False,-0.480939,-0.617457,bad,True,backup
p16,2019-12-08,2019-12-08 15:25:31,False,3,3,1,4,3,3,6,6,False,stages,6.65,6.51667,12.4667,12.7361,17.0478,19.7995,65.8845,87,68,8.01667,82,31.8296,73,487,1599.33,0,0,0,6.66667,36,93.6667,,False,False,True,False,-0.961878,-1.23491,bad,True,backup
p16,2019-12-09,2019-12-09 13:31:52,False,3,3,1,4,3,2,3,0,False,stages,2.78333,5.31111,14.8417,13.4972,18.932,12.5749,77.2155,89,68,3.43333,39,22.1557,55,771,1041.33,0,0,0,3,56,55.6667,903,False,False,True,False,-0.961878,-1.23491,bad,True,backup
p16,2019-12-10,2019-12-10 16:13:44,False,3,3,3,5,3,3,8,1,False,stages,8.05,5.82778,11.3083,12.8722,10.3896,21.9462,62.5801,94,69,8.98333,56,16.7702,88,5002,2086.67,0,0,15,5,124,72,,False,False,False,False,0,0,neutral,True,backup
p16,2019-12-11,2019-12-11 15:28:29,False,4,3,4,5,3,3,8,2,False,stages,7.76667,6.2,12.3,12.8167,12.406,12.4464,62.7582,94,67,8.86667,66,28.5408,81,2938,2903.67,0,0,0,5,144,108,757,False,False,False,False,1.08698,1.39553,good,True,backup
p16,2019-12-12,2019-12-12 18:05:43,False,3,3,3,4,3,3,8,3,False,stages,7.96667,7.92778,11.3667,11.6583,12.7737,18.6192,61.2697,90,66,9.13333,70,18.2008,80,871,2937,0,0,0,5,71,113,837,False,False,False,False,0,0,neutral,True,backup
p16,2019-12-13,2019-12-13 15:07:18,False,5,3,4,4,3,3,7,4,False,stages,6.68333,7.47222,13.0917,12.2528,13.3909,21.197,66.5823,91,65,7.71667,62,21.4464,75,1608,1805.67,0,0,10,3.33333,60,91.6667,822,False,False,False,False,1.69303,2.17361,good,True,backup
p16,2019-12-21,2019-12-21 15:34:37,False,3,3,3,5,3,4,10,5,False,stages,8.41667,6.4,11.6083,12.2444,11.5587,20,62.9561,92,64,9.51667,66,30.495,89,3141,4237,3,1,0,17.6667,131,126.333,907,False,False,False,True,0,0,neutral,True,backup
p16,2019-12-22,2019-12-22 15:48:15,False,3,3,3,4,3,3,8,6,False,stages,8.25,7.36667,11.6083,11.7806,12.3894,9.29293,61.1854,93,65,9.41667,70,27.6768,85,866,2026.67,0,1,0,0,60,95,809,False,False,True,True,0,0,neutral,True,backup
p16,2019-12-23,2019-12-23 17:11:49,False,4,3,4,4,3,3,7,0,False,stages,6.7,7.78889,11.5083,11.575,14.6497,14.4279,58.312,94,65,7.85,69,28.1095,75,947,1651.33,0,1,0,0,69,86.6667,806,False,False,True,True,1.08698,1.39553,good,True,backup
p16,2019-12-24,2019-12-24 14:05:09,False,5,3,4,3,3,4,6,1,False,stages,6.03333,6.99444,11.3,11.4722,12.3487,20.442,61.3872,91,64,6.88333,51,19.0608,77,1828,1213.67,0,0,0,0,126,85,843,False,False,False,True,1.69303,2.17361,good,True,backup
p16,2019-12-25,2019-12-25 17:13:28,False,3,3,3,4,3,3,8,2,False,stages,8.4,7.04444,12.1333,11.6472,10.3203,26.3889,63.2351,92,64,9.36667,58,26.1905,89,4974,2583,0,0,27,9,147,114,853,False,False,False,True,0,0,neutral,True,backup
p16,2019-12-26,2019-12-26 15:33:03,False,3,3,3,4,3,4,8,3,False,stages,7.91667,7.45,10.8917,11.4417,14.2599,15.5789,59.2796,92,65,9.23333,79,27.3684,80,2354,3052,0,0,10,12.3333,92,121.667,776,False,False,False,True,0,0,neutral,True,backup
p16,2019-12-27,2019-12-27 13:09:50,False,3,2,3,4,3,2,6,4,False,stages,5.95,7.42222,11.5917,11.5389,13.5593,13.4454,61.7337,92,65,6.88333,56,20.7283,72,1224,2850.67,0,0,0,12.3333,85,108,801,False,False,False,True,-0.552461,-0.709281,bad,True,backup
p16,2019-12-29,2019-12-29 16:19:58,False,4,3,4,4,3,3,6,6,False,stages,6.51667,6.61667,12.075,11.5056,11.9369,20.2046,63.289,90,66,7.4,53,27.11,78,2539,4014.33,0,0,0,20,118,143.667,831,False,False,True,True,1.08698,1.39553,good,True,backup
p16,2019-12-30,2019-12-30 11:28:59,False,3,2,3,4,3,3,5,0,False,stages,4.85,6.25,11.5417,11.4889,10.7362,9.62199,69.1054,91,68,5.43333,35,18.5567,67,1556,4125,0,0,0,20,89,145,907,False,False,True,True,-0.552461,-0.709281,bad,True,backup
p16,2019-12-31,2019-12-31 16:33:55,False,4,3,4,5,3,4,8,1,False,stages,7.93333,6.43333,12.4583,12.025,9.33333,21.2185,64.0791,98,70,8.75,49,27.7311,87,7533,3876,0,0,23,7.66667,274,160.333,817,False,False,False,True,1.08698,1.39553,good,True,backup
p16,2020-01-01,2020-01-01 20:51:58,False,4,2,4,3,3,3,7,2,False,stages,7.63333,6.80556,13.9,12.6333,14.5522,20.524,75.1584,87,70,8.93333,78,21.3974,74,1659,3582.67,0,0,0,7.66667,100,154.333,815,False,False,False,True,0.534523,0.686251,good,True,backup
p16,2020-01-07,2020-01-07 18:02:11,False,3,2,3,3,3,2,5,1,False,stages,5.56667,5.79444,14.15,14.3278,16.2907,8.38323,61.6462,91,67,6.65,65,20.3593,68,,955.5,,0,,0,,74,,True,False,False,False,-0.552461,-0.709281,bad,False,backup
p16,2020-01-08,2020-01-08 16:51:28,False,3,3,3,4,3,3,6,2,False,stages,6.15,5.93889,13.6333,13.9056,12.5592,19.7832,65.0758,92,66,7.03333,53,17.3442,77,644,670,0,0,0,0,50,54.5,991,False,False,False,False,0,0,neutral,True,backup
p16,2020-01-09,2020-01-09 18:51:51,False,3,3,3,4,3,3,6,3,False,stages,6.21667,5.97778,12.1417,13.3083,15.2273,10.1877,65.3672,88,67,7.33333,67,31.0992,70,1071,857.5,0,0,0,0,91,70.5,927,False,False,False,False,0,0,neutral,True,backup
p16,2020-01-10,2020-01-10 20:02:44,False,4,3,3,5,3,4,8,4,False,stages,7.98333,6.78333,12.8917,12.8889,13.3816,15.4489,59.9938,94,67,9.21667,74,24.8434,80,614,776.333,0,0,0,0,57,66,943,False,False,False,False,0.606045,0.778075,good,True,backup
p16,2020-01-11,2020-01-11 19:17:16,False,3,2,3,3,3,2,5,5,False,stages,4.98333,6.39444,14.9583,13.3306,14.8148,15.7191,64.9366,87,65,5.85,52,17.7258,63,2089,1258,0,0,13,4.33333,67,71.6667,807,False,False,False,False,-0.552461,-0.709281,bad,True,backup
p16,2020-01-12,2020-01-12 19:46:27,False,3,3,3,4,3,4,8,6,False,stages,7.88333,6.95,12.3,13.3833,15.9858,13.1078,60.6154,93,66,9.38333,90,22.1987,77,1609,1437.33,0,0,0,4.33333,100,74.6667,989,False,False,True,False,0,0,neutral,True,backup
p16,2020-01-13,2020-01-13 16:36:17,False,4,3,4,4,3,3,6,0,False,stages,6.48333,6.45,13.8917,13.7167,14.128,16.9666,61.6428,90,65,7.55,64,24.1645,73,1249,1649,0,0,0,4.33333,84,83.6667,,False,False,True,False,1.08698,1.39553,good,True,backup
p16,2020-01-14,2020-01-14 21:25:38,False,3,3,3,4,3,4,7,1,False,stages,7.16667,7.17778,12.9333,13.0417,11.7043,20.9302,61.1359,95,65,8.11667,57,20,83,861,1239.67,0,0,0,0,62,82,925,False,False,False,False,0,0,neutral,True,backup
p16,2020-01-15,2020-01-15 19:26:40,False,3,2,2,4,3,3,6,2,False,stages,6.2,6.61667,14.2167,13.6806,13.8889,17.7419,62.1094,92,65,7.2,60,29.8387,75,693,934.333,0,0,0,0,66,70.6667,887,False,False,False,False,-1.0334,-1.32674,bad,True,backup
p16,2020-01-16,2020-01-16 16:51:03,False,3,2,3,4,3,2,6,3,False,stages,5.96667,6.44444,12.9,13.35,11.6049,17.8771,60.547,98,65,6.75,47,27.3743,76,827,793.667,0,0,0,0,69,65.6667,939,False,False,False,False,-0.552461,-0.709281,bad,True,backup
p16,2020-01-17,2020-01-17 16:08:45,False,3,3,2,4,3,2,7,4,False,stages,7.38333,6.51667,12.2833,13.1333,10.6855,16.4786,64.4483,91,64,8.26667,53,25.7336,79,1205,908.333,0,0,0,0,82,72.3333,953,False,False,False,False,-0.480939,-0.617457,bad,True,backup
p16,2020-01-19,2020-01-19 15:31:20,False,3,3,3,5,3,3,6,6,False,stages,6.05,6.18333,11.6667,12.5,12.3188,15.978,59.2214,95,65,6.9,51,23.6915,76,3036,2343.33,0,0,11,7.66667,117,109.333,,False,False,True,False,0,0,neutral,True,backup
p16,2020-01-20,2020-01-20 16:41:30,False,3,3,3,4,3,3,6,0,False,stages,6.3,5.82222,11.2917,12.1694,11.6822,20.1058,61.441,93,64,7.13333,50,18.254,76,1129,2318,0,0,0,7.66667,84,110,942,False,False,True,False,0,0,neutral,True,backup
p16,2020-01-21,2020-01-21 11:59:05,False,3,2,2,3,3,3,4,1,False,stages,4.65,5.66667,11.2083,11.3889,14.6789,14.3369,65.4052,89,64,5.45,48,20.7885,66,1975,2046.67,0,0,0,3.66667,89,96.6667,923,False,False,False,False,-1.0334,-1.32674,bad,True,backup
p16,2020-01-22,2020-01-22 17:24:59,False,3,3,4,5,3,3,7,2,False,stages,7.7,6.21667,12.025,11.5083,12.334,17.9654,64.0406,92,65,8.78333,65,26.6234,79,4620,2574.67,4,1.33333,24,8,110,94.3333,979,False,False,False,False,0.480939,0.617457,good,True,backup
p16,2020-01-24,2020-01-24 17:44:41,False,3,4,4,4,4,4,8,4,False,stages,7.95,7.04444,12.0167,12.4167,12.3162,16.1426,62.6924,89,67,9.06667,67,25.1572,80,2218,2989.33,0,1.66667,0,8,102,100.667,960,False,False,False,False,1.0334,1.32674,good,True,backup
p16,2020-01-25,2020-01-25 22:12:46,False,3,3,3,5,3,3,6,5,False,stages,6.16667,6.53333,14.1167,13.1139,8.41584,19.4595,63.7279,97,67,6.73333,34,25.4054,80,802,1716.67,0,0.333333,0,0,69,87,827,False,False,False,False,0,0,neutral,True,backup
p16,2020-01-26,2020-01-26 19:32:55,False,4,4,4,4,3,4,6,6,False,stages,6.38333,6.83333,13.975,13.3694,15.0776,8.35509,65.057,97,67,7.51667,68,25.3264,71,1980,1666.67,0,0,0,0,88,86.3333,948,False,False,True,False,1.63945,2.10481,good,True,backup
p16,2020-01-27,2020-01-27 16:42:41,False,3,3,4,5,3,3,7,0,False,stages,6.85,6.46667,13.05,13.7139,11.039,10.4623,62.1902,90,67,7.7,51,23.8443,77,757,1179.67,0,0,0,0,57,71.3333,932,False,False,True,False,0.480939,0.617457,good,True,backup
p16,2020-01-28,2020-01-28 21:52:35,False,2,2,2,4,3,3,5,1,False,stages,5.11667,6.11667,14.1333,13.7194,12.5356,11.7264,66.0677,92,67,5.85,44,25.7329,68,2118,1618.33,0,0,0,0,101,82,877,False,False,False,False,-1.63945,-2.10481,bad,True,backup
p16,2020-01-29,2020-01-29 17:27:47,False,3,3,2,4,3,3,6,2,False,stages,6.18333,6.05,14.7833,13.9889,13.1148,23.4501,62.855,93,68,7.11667,56,18.8679,79,954,1276.33,0,0,0,0,78,78.6667,1011,False,False,False,False,-0.480939,-0.617457,bad,True,backup
p16,2020-02-01,2020-02-01 20:44:20,False,3,4,3,4,3,4,6,5,False,stages,6.46667,6.67778,14.0833,13.2889,10.3926,26.8041,63.6413,91,68,7.21667,45,25,81,2570,1904.33,0,0,12,7,107,92.6667,808,False,False,False,False,0.552461,0.709281,good,True,backup
p16,2020-02-02,2020-02-02 16:18:34,False,3,3,2,5,2,3,6,6,False,stages,6.26667,6.76111,13.6917,13.4,9.83213,15.1596,61.8317,93,68,6.95,41,24.4681,76,1217,1601.33,0,0,0,4,95,93,912,False,False,True,False,-0.480939,-0.617457,bad,True,backup
p16,2020-02-04,2020-02-04 22:43:16,False,3,3,3,4,3,3,6,1,False,stages,6.55,6.73333,13.95,13.7417,13.245,22.6463,60.7751,94,66,7.55,60,21.6285,79,1063,1217.33,0,0,0,0,83,93.3333,858,False,False,False,False,0,0,neutral,True,backup
p16,2020-02-07,2020-02-07 18:54:05,False,3,3,3,4,3,4,7,4,False,stages,7.21667,6.48333,13.6667,14.1861,13.9165,22.6328,60.4744,93,65,8.38333,70,18.7067,82,819,1258.67,0,0,0,0,69,83.3333,928,False,False,False,False,0,0,neutral,True,backup
p16,2020-02-10,2020-02-10 16:29:18,False,3,1,2,3,3,3,6,0,False,,,,,,,,,,,,,,,345,1261,0,0,0,0,48,76.6667,966,False,False,True,False,-1.58586,-2.03602,bad,False,backup
p16,2020-02-11,2020-02-11 16:05:21,False,4,4,4,4,4,4,12,1,False,stages,12.2167,,7.725,,13.357,27.4216,60.9966,88,65,14.1,113,24.2838,87,,600,,0,,0,,61,,True,False,False,False,1.63945,2.10481,good,False,backup
p16,2020-02-12,2020-02-12 17:41:27,False,3,3,3,5,3,3,5,2,False,stages,5.81667,9.01667,15.2833,11.5042,12.5313,13.7536,61.4862,92,64,6.65,50,19.1977,72,1974,1159.5,0,0,0,0,87,67.5,507,False,False,False,False,0,0,neutral,True,backup
p16,2020-02-13,2020-02-13 15:36:11,False,3,3,3,5,3,3,6,3,False,stages,5.8,7.94444,13.8667,12.2917,12.3426,18.9655,64.5459,96,65,6.61667,49,21.5517,75,1052,1513,0,0,0,0,76,81.5,965,False,False,False,False,0,0,neutral,True,backup
p16,2020-02-16,2020-02-16 16:46:10,False,3,2,3,5,3,3,5,6,False,stages,4.9,6.03889,15.4667,14.9861,9.81595,19.3878,60.9959,96,66,5.43333,32,23.4694,74,755,1647.67,0,0,0,0,63,99.6667,981,False,False,True,False,-0.552461,-0.709281,bad,True,backup
p16,2020-02-17,2020-02-17 17:31:10,False,2,2,2,3,3,2,7,0,False,stages,7.63333,6.15,13.8917,14.875,19.9301,10.917,63.9465,87,67,9.53333,114,25.9825,73,782,1265.33,0,0,0,0,56,85.3333,,False,False,True,False,-1.63945,-2.10481,bad,True,backup
p16,2020-02-18,2020-02-18 16:00:54,False,3,1,2,3,3,4,5,1,False,stages,4.75,5.76111,15.0167,14.7917,14.4144,32.2807,58.783,94,66,5.55,48,20,76,1957,1164.67,0,0,14,4.66667,66,61.6667,,False,False,False,False,-1.58586,-2.03602,bad,True,backup
p16,2020-02-20,2020-02-20 18:01:51,False,4,3,3,4,3,2,6,3,False,stages,6.63333,6.38333,14.5917,14.3556,12.9103,18.593,60.4897,94,64,7.61667,59,26.8844,78,1470,1451.67,0,0,10,8,52,64.3333,840,False,False,False,False,0.606045,0.778075,good,True,backup
p16,2020-02-22,2020-02-22 17:47:08,False,3,2,3,3,3,2,6,5,False,stages,6.58333,6.32222,15.0417,15.0139,20.202,8.60759,63.0672,87,66,8.25,100,20.7595,66,654,1089.33,0,0.333333,0,3.33333,55,64.6667,987,False,False,False,False,-0.552461,-0.709281,bad,True,backup
p16,2020-02-27,2020-02-27 16:11:01,False,3,2,2,4,3,3,5,3,False,stages,5.33333,5.89444,15.6917,14.8528,16.0105,16.25,64.7956,91,67,6.35,61,23.75,67,1369,1053.67,0,0,0,0,93,74.3333,,False,False,False,False,-1.0334,-1.32674,bad,True,backup
p16,2020-02-28,2020-02-28 17:39:34,False,3,3,3,4,3,3,6,4,False,stages,6.3,6.52778,16.1667,15.3333,13.8952,24.6032,64.4535,90,67,7.31667,61,22.4868,76,848,1059.33,0,0,0,0,66,76.3333,,False,False,False,False,0,0,neutral,True,backup
p16,2020-03-05,2020-03-05 08:21:37,False,3,3,3,4,3,3,6,3,False,stages,6.61667,6.91667,3.16667,8.2375,15.1709,10.8312,71.9978,86,65,7.8,71,28.2116,66,685,1311.67,0,0,0,4.33333,62,79,,False,False,False,False,0,0,neutral,True,backup
p16,2020-03-06,2020-03-06 13:31:22,False,3,3,2,4,3,2,9,4,False,stages,8.7,7.65833,8.41667,5.79167,13.289,10.5364,64.572,89,67,10.0333,80,20.4981,79,748,1307.33,0,0,0,4.33333,60,76,912,False,False,False,False,-0.480939,-0.617457,bad,True,backup
p16,2020-03-08,2020-03-08 12:44:44,False,3,3,3,4,3,2,6,6,False,stages,6.73333,5.86111,1.08333,6.55833,18.3838,15.3465,62.0966,90,67,8.25,91,17.8218,67,,1371.5,,0,,0,,71.5,,True,False,True,False,0,0,neutral,False,backup
p16,2020-03-11,2020-03-11 12:33:15,False,3,2,2,4,3,2,6,2,False,stages,6.11667,5.09167,9.2,10.075,14.4522,22.6158,64.5765,89,70,7.15,62,23.4332,75,1398,1611.67,0,0,0,0,97,93.3333,,False,False,False,False,-1.0334,-1.32674,bad,True,backup
p16,2020-03-15,2020-03-15 09:33:15,False,4,4,4,4,4,4,10,6,False,stages,9.56667,9.35833,3.88333,8.78333,13.8138,13.7631,64.9751,91,68,11.1,92,28.5714,84,,1237,,0,,0,,69.5,,True,True,True,False,1.63945,2.10481,good,False,backup
p16,2020-03-17,2020-03-17 10:54:27,False,3,2,3,4,3,3,5,1,False,stages,5.23333,7.66111,7.36667,5.96389,13.2597,19.1083,68.9723,88,68,6.03333,48,19.4268,69,2410,1814.5,0,0,0,0,113,99,762,False,True,False,False,-0.552461,-0.709281,bad,False,backup
p16,2020-03-18,2020-03-18 10:47:19,False,4,3,4,4,3,4,8,2,False,stages,8.65,7.35556,6.70833,6.90556,13.9303,22.158,66.0102,90,70,10.05,84,25.4335,87,1263,1630.67,0,0,0,0,96,98,982,False,True,False,False,1.08698,1.39553,good,False,backup
